solid OpenSCAD_Model
  facet normal -0.5956993044924331 -0.803207531480645 0
    outer loop
      vertex -4.7579496312273415 -5.7975784002205275 0
      vertex -4.166776747647017 -6.236022092269089 0
      vertex -4.7579496312273415 -5.7975784002205275 4
    endloop
  endfacet
  facet normal 0 0 -1
    outer loop
      vertex -4.7579496312273415 -5.7975784002205275 0
      vertex -5.303300858899107 -5.303300858899107 0
      vertex -4.541894510388374 -2.427693195641041 0
    endloop
  endfacet
  facet normal -0.803207531480645 -0.5956993044924331 0
    outer loop
      vertex -6.236022092269089 -4.166776747647017 0
      vertex -5.7975784002205275 -4.7579496312273415 0
      vertex -6.236022092269089 -4.166776747647017 4
    endloop
  endfacet
  facet normal -0.740951125354959 -0.6715589548470186 0
    outer loop
      vertex -5.303300858899107 -5.303300858899107 0
      vertex -5.7975784002205275 -4.7579496312273415 4
      vertex -5.7975784002205275 -4.7579496312273415 0
    endloop
  endfacet
  facet normal -0.6715589548470186 -0.740951125354959 0
    outer loop
      vertex -4.7579496312273415 -5.7975784002205275 0
      vertex -5.303300858899107 -5.303300858899107 4
      vertex -5.303300858899107 -5.303300858899107 0
    endloop
  endfacet
  facet normal 0 0 -1
    outer loop
      vertex -3.535475526194982 -6.614409482612663 0
      vertex -2.861186698079109 -4.282068505883217 0
      vertex -2.8701257427381734 -6.929096493834651 0
    endloop
  endfacet
  facet normal 0 0 -1
    outer loop
      vertex -2.1771350794084676 -7.177052517991566 0
      vertex -2.8701257427381734 -6.929096493834651 0
      vertex -1.9708196744322777 -4.757979594171047 0
    endloop
  endfacet
  facet normal 0 0 -1
    outer loop
      vertex -2.1771350794084676 -7.177052517991566 0
      vertex -1.004715159535408 -5.051044195890427 0
      vertex -1.4631774151209618 -7.355889603024228 0
    endloop
  endfacet
  facet normal 0 0 -1
    outer loop
      vertex -2.1771350794084676 -7.177052517991566 0
      vertex -1.4949660897254944 -4.928242728114128 0
      vertex -1.004715159535408 -5.051044195890427 0
    endloop
  endfacet
  facet normal -0.42755509343028225 -0.9039892931234432 0
    outer loop
      vertex -3.535475526194982 -6.614409482612663 0
      vertex -2.8701257427381734 -6.929096493834651 0
      vertex -3.535475526194982 -6.614409482612663 4
    endloop
  endfacet
  facet normal -0.5141027441932217 -0.8577286100002721 0
    outer loop
      vertex -3.535475526194982 -6.614409482612663 0
      vertex -4.166776747647017 -6.236022092269089 4
      vertex -4.166776747647017 -6.236022092269089 0
    endloop
  endfacet
  facet normal -0.3368898533922189 -0.9415440651830211 0
    outer loop
      vertex -2.1771350794084676 -7.177052517991566 0
      vertex -2.8701257427381734 -6.929096493834651 4
      vertex -2.8701257427381734 -6.929096493834651 0
    endloop
  endfacet
  facet normal -0.24298017990326448 -0.9700312531945438 0
    outer loop
      vertex -2.1771350794084676 -7.177052517991566 0
      vertex -1.4631774151209618 -7.355889603024228 0
      vertex -2.1771350794084676 -7.177052517991566 4
    endloop
  endfacet
  facet normal 0 0 -1
    outer loop
      vertex -4.7579496312273415 -5.7975784002205275 0
      vertex -3.98100383579731 -3.2671254128217697 0
      vertex -4.166776747647017 -6.236022092269089 0
    endloop
  endfacet
  facet normal 0 0 -1
    outer loop
      vertex -3.535475526194982 -6.614409482612663 0
      vertex -4.166776747647017 -6.236022092269089 0
      vertex -3.2671254128217697 -3.98100383579731 0
    endloop
  endfacet
  facet normal 0 0 -1
    outer loop
      vertex -3.535475526194982 -6.614409482612663 0
      vertex -3.2671254128217697 -3.98100383579731 0
      vertex -2.861186698079109 -4.282068505883217 0
    endloop
  endfacet
  facet normal 0 0 -1
    outer loop
      vertex -4.166776747647017 -6.236022092269089 0
      vertex -3.6415999233722687 -3.6415999233722687 0
      vertex -3.2671254128217697 -3.98100383579731 0
    endloop
  endfacet
  facet normal 0 0 -1
    outer loop
      vertex -4.166776747647017 -6.236022092269089 0
      vertex -3.98100383579731 -3.2671254128217697 0
      vertex -3.6415999233722687 -3.6415999233722687 0
    endloop
  endfacet
  facet normal 0 0 -1
    outer loop
      vertex -4.7579496312273415 -5.7975784002205275 0
      vertex -4.282068505883217 -2.861186698079109 0
      vertex -3.98100383579731 -3.2671254128217697 0
    endloop
  endfacet
  facet normal 0 0 -1
    outer loop
      vertex -2.8701257427381734 -6.929096493834651 0
      vertex -2.861186698079109 -4.282068505883217 0
      vertex -2.427693195641041 -4.541894510388374 0
    endloop
  endfacet
  facet normal 0 0 -1
    outer loop
      vertex -2.8701257427381734 -6.929096493834651 0
      vertex -2.427693195641041 -4.541894510388374 0
      vertex -1.9708196744322777 -4.757979594171047 0
    endloop
  endfacet
  facet normal 0 0 -1
    outer loop
      vertex -2.1771350794084676 -7.177052517991566 0
      vertex -1.9708196744322777 -4.757979594171047 0
      vertex -1.4949660897254944 -4.928242728114128 0
    endloop
  endfacet
  facet normal -0.6715589548470186 -0.740951125354959 0
    outer loop
      vertex -4.7579496312273415 -5.7975784002205275 0
      vertex -4.7579496312273415 -5.7975784002205275 4
      vertex -5.303300858899107 -5.303300858899107 4
    endloop
  endfacet
  facet normal -0.8577286100002721 -0.5141027441932217 0
    outer loop
      vertex -6.236022092269089 -4.166776747647017 0
      vertex -6.236022092269089 -4.166776747647017 4
      vertex -6.614409482612663 -3.535475526194982 4
    endloop
  endfacet
  facet normal -0.740951125354959 -0.6715589548470186 0
    outer loop
      vertex -5.303300858899107 -5.303300858899107 0
      vertex -5.303300858899107 -5.303300858899107 4
      vertex -5.7975784002205275 -4.7579496312273415 4
    endloop
  endfacet
  facet normal -0.803207531480645 -0.5956993044924331 0
    outer loop
      vertex -5.7975784002205275 -4.7579496312273415 0
      vertex -5.7975784002205275 -4.7579496312273415 4
      vertex -6.236022092269089 -4.166776747647017 4
    endloop
  endfacet
  facet normal 0 0 1
    outer loop
      vertex -4.7579496312273415 -5.7975784002205275 4
      vertex -4.757979594171047 -1.9708196744322777 4
      vertex -5.303300858899107 -5.303300858899107 4
    endloop
  endfacet
  facet normal -0.42755509343028225 -0.9039892931234432 0
    outer loop
      vertex -2.8701257427381734 -6.929096493834651 0
      vertex -2.8701257427381734 -6.929096493834651 4
      vertex -3.535475526194982 -6.614409482612663 4
    endloop
  endfacet
  facet normal -0.5141027441932217 -0.8577286100002721 0
    outer loop
      vertex -3.535475526194982 -6.614409482612663 0
      vertex -3.535475526194982 -6.614409482612663 4
      vertex -4.166776747647017 -6.236022092269089 4
    endloop
  endfacet
  facet normal -0.5956993044924331 -0.803207531480645 0
    outer loop
      vertex -4.166776747647017 -6.236022092269089 0
      vertex -4.166776747647017 -6.236022092269089 4
      vertex -4.7579496312273415 -5.7975784002205275 4
    endloop
  endfacet
  facet normal -0.3368898533922189 -0.9415440651830211 0
    outer loop
      vertex -2.1771350794084676 -7.177052517991566 0
      vertex -2.1771350794084676 -7.177052517991566 4
      vertex -2.8701257427381734 -6.929096493834651 4
    endloop
  endfacet
  facet normal -0.24298017990326448 -0.9700312531945438 0
    outer loop
      vertex -1.4631774151209618 -7.355889603024228 0
      vertex -1.4631774151209618 -7.355889603024228 4
      vertex -2.1771350794084676 -7.177052517991566 4
    endloop
  endfacet
  facet normal 0 0 1
    outer loop
      vertex -3.535475526194982 -6.614409482612663 4
      vertex -2.8701257427381734 -6.929096493834651 4
      vertex -3.2671254128217697 -3.98100383579731 4
    endloop
  endfacet
  facet normal 0 0 1
    outer loop
      vertex -2.1771350794084676 -7.177052517991566 4
      vertex -2.427693195641041 -4.541894510388374 4
      vertex -2.8701257427381734 -6.929096493834651 4
    endloop
  endfacet
  facet normal 0 0 1
    outer loop
      vertex -2.1771350794084676 -7.177052517991566 4
      vertex -1.4631774151209618 -7.355889603024228 4
      vertex -1.4949660897254944 -4.928242728114128 4
    endloop
  endfacet
  facet normal 0 0 1
    outer loop
      vertex -3.535475526194982 -6.614409482612663 4
      vertex -3.6415999233722687 -3.6415999233722687 4
      vertex -4.166776747647017 -6.236022092269089 4
    endloop
  endfacet
  facet normal 0 0 1
    outer loop
      vertex -4.7579496312273415 -5.7975784002205275 4
      vertex -4.166776747647017 -6.236022092269089 4
      vertex -4.282068505883217 -2.861186698079109 4
    endloop
  endfacet
  facet normal 0 0 1
    outer loop
      vertex -3.535475526194982 -6.614409482612663 4
      vertex -3.2671254128217697 -3.98100383579731 4
      vertex -3.6415999233722687 -3.6415999233722687 4
    endloop
  endfacet
  facet normal 0 0 1
    outer loop
      vertex -2.8701257427381734 -6.929096493834651 4
      vertex -2.861186698079109 -4.282068505883217 4
      vertex -3.2671254128217697 -3.98100383579731 4
    endloop
  endfacet
  facet normal 0 0 1
    outer loop
      vertex -4.166776747647017 -6.236022092269089 4
      vertex -3.6415999233722687 -3.6415999233722687 4
      vertex -3.98100383579731 -3.2671254128217697 4
    endloop
  endfacet
  facet normal 0 0 1
    outer loop
      vertex -4.166776747647017 -6.236022092269089 4
      vertex -3.98100383579731 -3.2671254128217697 4
      vertex -4.282068505883217 -2.861186698079109 4
    endloop
  endfacet
  facet normal 0 0 1
    outer loop
      vertex -2.8701257427381734 -6.929096493834651 4
      vertex -2.427693195641041 -4.541894510388374 4
      vertex -2.861186698079109 -4.282068505883217 4
    endloop
  endfacet
  facet normal 0 0 1
    outer loop
      vertex -2.1771350794084676 -7.177052517991566 4
      vertex -1.9708196744322777 -4.757979594171047 4
      vertex -2.427693195641041 -4.541894510388374 4
    endloop
  endfacet
  facet normal 0 0 1
    outer loop
      vertex -2.1771350794084676 -7.177052517991566 4
      vertex -1.4949660897254944 -4.928242728114128 4
      vertex -1.9708196744322777 -4.757979594171047 4
    endloop
  endfacet
  facet normal 0 0 -1
    outer loop
      vertex -4.7579496312273415 -5.7975784002205275 0
      vertex -4.541894510388374 -2.427693195641041 0
      vertex -4.282068505883217 -2.861186698079109 0
    endloop
  endfacet
  facet normal 0 0 -1
    outer loop
      vertex -5.303300858899107 -5.303300858899107 0
      vertex -4.757979594171047 -1.9708196744322777 0
      vertex -4.541894510388374 -2.427693195641041 0
    endloop
  endfacet
  facet normal 0 0 -1
    outer loop
      vertex -5.303300858899107 -5.303300858899107 0
      vertex -4.928242728114128 -1.4949660897254944 0
      vertex -4.757979594171047 -1.9708196744322777 0
    endloop
  endfacet
  facet normal 0 0 -1
    outer loop
      vertex -5.303300858899107 -5.303300858899107 0
      vertex -5.051044195890427 -1.004715159535408 0
      vertex -4.928242728114128 -1.4949660897254944 0
    endloop
  endfacet
  facet normal 0 0 -1
    outer loop
      vertex -5.303300858899107 -5.303300858899107 0
      vertex -5.125201344490051 -0.5047882720828056 0
      vertex -5.051044195890427 -1.004715159535408 0
    endloop
  endfacet
  facet normal 0 0 -1
    outer loop
      vertex -5.303300858899107 -5.303300858899107 0
      vertex -5.149999998509884 0 0
      vertex -5.125201344490051 -0.5047882720828056 0
    endloop
  endfacet
  facet normal -0.9039892931234432 -0.42755509343028225 0
    outer loop
      vertex -6.929096493834651 -2.8701257427381734 0
      vertex -6.614409482612663 -3.535475526194982 0
      vertex -6.929096493834651 -2.8701257427381734 4
    endloop
  endfacet
  facet normal -0.8577286100002721 -0.5141027441932217 0
    outer loop
      vertex -6.236022092269089 -4.166776747647017 0
      vertex -6.614409482612663 -3.535475526194982 4
      vertex -6.614409482612663 -3.535475526194982 0
    endloop
  endfacet
  facet normal -0.9415440651830211 -0.3368898533922189 0
    outer loop
      vertex -6.929096493834651 -2.8701257427381734 0
      vertex -7.177052517991566 -2.1771350794084676 4
      vertex -7.177052517991566 -2.1771350794084676 0
    endloop
  endfacet
  facet normal 0 0 -1
    outer loop
      vertex -6.236022092269089 -4.166776747647017 0
      vertex -6.614409482612663 -3.535475526194982 0
      vertex -6.236022092269089 4.166776747647017 0
    endloop
  endfacet
  facet normal 0 0 -1
    outer loop
      vertex -6.929096493834651 -2.8701257427381734 0
      vertex -6.614409482612663 3.535475526194982 0
      vertex -6.614409482612663 -3.535475526194982 0
    endloop
  endfacet
  facet normal 0 0 -1
    outer loop
      vertex -7.177052517991566 -2.1771350794084676 0
      vertex -7.355889603024228 -1.4631774151209618 0
      vertex -7.177052517991566 2.1771350794084676 0
    endloop
  endfacet
  facet normal 0 0 -1
    outer loop
      vertex -6.929096493834651 -2.8701257427381734 0
      vertex -7.177052517991566 -2.1771350794084676 0
      vertex -6.929096493834651 2.8701257427381734 0
    endloop
  endfacet
  facet normal 0 0 -1
    outer loop
      vertex -7.355889603024228 -1.4631774151209618 0
      vertex -7.463885450041477 -0.7351285524717045 0
      vertex -7.355889603024228 1.4631774151209618 0
    endloop
  endfacet
  facet normal 0 0 -1
    outer loop
      vertex -5.303300858899107 -5.303300858899107 0
      vertex -5.7975784002205275 -4.7579496312273415 0
      vertex -5.303300858899107 5.303300858899107 0
    endloop
  endfacet
  facet normal 0 0 -1
    outer loop
      vertex -6.236022092269089 -4.166776747647017 0
      vertex -5.7975784002205275 4.7579496312273415 0
      vertex -5.7975784002205275 -4.7579496312273415 0
    endloop
  endfacet
  facet normal -0.9700312531945438 -0.24298017990326448 0
    outer loop
      vertex -7.177052517991566 -2.1771350794084676 0
      vertex -7.355889603024228 -1.4631774151209618 4
      vertex -7.355889603024228 -1.4631774151209618 0
    endloop
  endfacet
  facet normal -0.9891765099647809 -0.14673047445536286 0
    outer loop
      vertex -7.355889603024228 -1.4631774151209618 0
      vertex -7.463885450041477 -0.7351285524717045 4
      vertex -7.463885450041477 -0.7351285524717045 0
    endloop
  endfacet
  facet normal -0.9987954562051725 -0.049067674327417134 0
    outer loop
      vertex -7.463885450041477 -0.7351285524717045 0
      vertex -7.5 0 4
      vertex -7.5 0 0
    endloop
  endfacet
  facet normal -0.9039892931234432 -0.42755509343028225 0
    outer loop
      vertex -6.614409482612663 -3.535475526194982 0
      vertex -6.614409482612663 -3.535475526194982 4
      vertex -6.929096493834651 -2.8701257427381734 4
    endloop
  endfacet
  facet normal -0.9415440651830211 -0.3368898533922189 0
    outer loop
      vertex -6.929096493834651 -2.8701257427381734 0
      vertex -6.929096493834651 -2.8701257427381734 4
      vertex -7.177052517991566 -2.1771350794084676 4
    endloop
  endfacet
  facet normal -0.9700312531945438 -0.24298017990326448 0
    outer loop
      vertex -7.177052517991566 -2.1771350794084676 0
      vertex -7.177052517991566 -2.1771350794084676 4
      vertex -7.355889603024228 -1.4631774151209618 4
    endloop
  endfacet
  facet normal 0 0 1
    outer loop
      vertex -4.7579496312273415 -5.7975784002205275 4
      vertex -4.282068505883217 -2.861186698079109 4
      vertex -4.541894510388374 -2.427693195641041 4
    endloop
  endfacet
  facet normal 0 0 1
    outer loop
      vertex -4.7579496312273415 -5.7975784002205275 4
      vertex -4.541894510388374 -2.427693195641041 4
      vertex -4.757979594171047 -1.9708196744322777 4
    endloop
  endfacet
  facet normal 0 0 1
    outer loop
      vertex -5.303300858899107 -5.303300858899107 4
      vertex -4.757979594171047 -1.9708196744322777 4
      vertex -4.928242728114128 -1.4949660897254944 4
    endloop
  endfacet
  facet normal 0 0 1
    outer loop
      vertex -5.303300858899107 -5.303300858899107 4
      vertex -4.928242728114128 -1.4949660897254944 4
      vertex -5.051044195890427 -1.004715159535408 4
    endloop
  endfacet
  facet normal 0 0 1
    outer loop
      vertex -5.303300858899107 -5.303300858899107 4
      vertex -5.051044195890427 -1.004715159535408 4
      vertex -5.125201344490051 -0.5047882720828056 4
    endloop
  endfacet
  facet normal 0 0 1
    outer loop
      vertex -5.303300858899107 -5.303300858899107 4
      vertex -5.125201344490051 -0.5047882720828056 4
      vertex -5.149999998509884 0 4
    endloop
  endfacet
  facet normal -0.9891765099647809 -0.14673047445536286 0
    outer loop
      vertex -7.355889603024228 -1.4631774151209618 0
      vertex -7.355889603024228 -1.4631774151209618 4
      vertex -7.463885450041477 -0.7351285524717045 4
    endloop
  endfacet
  facet normal -0.9987954562051725 -0.049067674327417134 0
    outer loop
      vertex -7.463885450041477 -0.7351285524717045 0
      vertex -7.463885450041477 -0.7351285524717045 4
      vertex -7.5 0 4
    endloop
  endfacet
  facet normal 0 0 1
    outer loop
      vertex -6.236022092269089 -4.166776747647017 4
      vertex -6.236022092269089 4.166776747647017 4
      vertex -6.614409482612663 -3.535475526194982 4
    endloop
  endfacet
  facet normal 0 0 1
    outer loop
      vertex -6.929096493834651 -2.8701257427381734 4
      vertex -6.614409482612663 -3.535475526194982 4
      vertex -6.614409482612663 3.535475526194982 4
    endloop
  endfacet
  facet normal 0 0 1
    outer loop
      vertex -7.177052517991566 -2.1771350794084676 4
      vertex -7.177052517991566 2.1771350794084676 4
      vertex -7.355889603024228 -1.4631774151209618 4
    endloop
  endfacet
  facet normal 0 0 1
    outer loop
      vertex -6.929096493834651 -2.8701257427381734 4
      vertex -6.929096493834651 2.8701257427381734 4
      vertex -7.177052517991566 -2.1771350794084676 4
    endloop
  endfacet
  facet normal 0 0 1
    outer loop
      vertex -7.355889603024228 -1.4631774151209618 4
      vertex -7.355889603024228 1.4631774151209618 4
      vertex -7.463885450041477 -0.7351285524717045 4
    endloop
  endfacet
  facet normal 0 0 1
    outer loop
      vertex -5.303300858899107 -5.303300858899107 4
      vertex -5.303300858899107 5.303300858899107 4
      vertex -5.7975784002205275 -4.7579496312273415 4
    endloop
  endfacet
  facet normal 0 0 1
    outer loop
      vertex -6.236022092269089 -4.166776747647017 4
      vertex -5.7975784002205275 -4.7579496312273415 4
      vertex -5.7975784002205275 4.7579496312273415 4
    endloop
  endfacet
  facet normal 0 0 -1
    outer loop
      vertex -1.4631774151209618 -7.355889603024228 0
      vertex -0.5047882720828056 -5.125201344490051 0
      vertex -0.7351285524717045 -7.463885450041477 0
    endloop
  endfacet
  facet normal 0 0 -1
    outer loop
      vertex -0.7351285524717045 -7.463885450041477 0
      vertex 0 -5.149999998509884 0
      vertex 0 -7.5 0
    endloop
  endfacet
  facet normal 0 0 -1
    outer loop
      vertex -1.4631774151209618 -7.355889603024228 0
      vertex -1.004715159535408 -5.051044195890427 0
      vertex -0.5047882720828056 -5.125201344490051 0
    endloop
  endfacet
  facet normal 0 0 -1
    outer loop
      vertex -0.7351285524717045 -7.463885450041477 0
      vertex -0.5047882720828056 -5.125201344490051 0
      vertex 0 -5.149999998509884 0
    endloop
  endfacet
  facet normal 0 0 -1
    outer loop
      vertex 0 -7.5 0
      vertex 0.5047882720828056 -5.125201344490051 0
      vertex 0.7351285524717045 -7.463885450041477 0
    endloop
  endfacet
  facet normal 0 0 -1
    outer loop
      vertex 0.7351285524717045 -7.463885450041477 0
      vertex 1.004715159535408 -5.051044195890427 0
      vertex 1.4631774151209618 -7.355889603024228 0
    endloop
  endfacet
  facet normal 0 0 -1
    outer loop
      vertex 0 -7.5 0
      vertex 0 -5.149999998509884 0
      vertex 0.5047882720828056 -5.125201344490051 0
    endloop
  endfacet
  facet normal 0 0 -1
    outer loop
      vertex 0.7351285524717045 -7.463885450041477 0
      vertex 0.5047882720828056 -5.125201344490051 0
      vertex 1.004715159535408 -5.051044195890427 0
    endloop
  endfacet
  facet normal 0 0 -1
    outer loop
      vertex 1.4631774151209618 -7.355889603024228 0
      vertex 1.004715159535408 -5.051044195890427 0
      vertex 1.4949660897254944 -4.928242728114128 0
    endloop
  endfacet
  facet normal 0 0 -1
    outer loop
      vertex 1.4631774151209618 -7.355889603024228 0
      vertex 1.4949660897254944 -4.928242728114128 0
      vertex 1.9708196744322777 -4.757979594171047 0
    endloop
  endfacet
  facet normal -0.14673047445536286 -0.9891765099647809 0
    outer loop
      vertex -1.4631774151209618 -7.355889603024228 0
      vertex -0.7351285524717045 -7.463885450041477 0
      vertex -1.4631774151209618 -7.355889603024228 4
    endloop
  endfacet
  facet normal -0.049067674327417134 -0.9987954562051725 0
    outer loop
      vertex -0.7351285524717045 -7.463885450041477 0
      vertex 0 -7.5 0
      vertex -0.7351285524717045 -7.463885450041477 4
    endloop
  endfacet
  facet normal 0.049067674327417134 -0.9987954562051725 0
    outer loop
      vertex 0 -7.5 0
      vertex 0.7351285524717045 -7.463885450041477 0
      vertex 0 -7.5 4
    endloop
  endfacet
  facet normal 0.14673047445536286 -0.9891765099647809 0
    outer loop
      vertex 0.7351285524717045 -7.463885450041477 0
      vertex 1.4631774151209618 -7.355889603024228 0
      vertex 0.7351285524717045 -7.463885450041477 4
    endloop
  endfacet
  facet normal 0 0 -1
    outer loop
      vertex 1.4631774151209618 -7.355889603024228 0
      vertex 1.9708196744322777 -4.757979594171047 0
      vertex 2.1771350794084676 -7.177052517991566 0
    endloop
  endfacet
  facet normal 0.24298017990326448 -0.9700312531945438 0
    outer loop
      vertex 1.4631774151209618 -7.355889603024228 0
      vertex 2.1771350794084676 -7.177052517991566 0
      vertex 1.4631774151209618 -7.355889603024228 4
    endloop
  endfacet
  facet normal 0 0 -1
    outer loop
      vertex 2.1771350794084676 -7.177052517991566 0
      vertex 1.9708196744322777 -4.757979594171047 0
      vertex 2.427693195641041 -4.541894510388374 0
    endloop
  endfacet
  facet normal -0.14673047445536286 -0.9891765099647809 0
    outer loop
      vertex -1.4631774151209618 -7.355889603024228 4
      vertex -0.7351285524717045 -7.463885450041477 0
      vertex -0.7351285524717045 -7.463885450041477 4
    endloop
  endfacet
  facet normal -0.049067674327417134 -0.9987954562051725 0
    outer loop
      vertex 0 -7.5 0
      vertex 0 -7.5 4
      vertex -0.7351285524717045 -7.463885450041477 4
    endloop
  endfacet
  facet normal 0.049067674327417134 -0.9987954562051725 0
    outer loop
      vertex 0.7351285524717045 -7.463885450041477 0
      vertex 0.7351285524717045 -7.463885450041477 4
      vertex 0 -7.5 4
    endloop
  endfacet
  facet normal 0.14673047445536286 -0.9891765099647809 0
    outer loop
      vertex 1.4631774151209618 -7.355889603024228 0
      vertex 1.4631774151209618 -7.355889603024228 4
      vertex 0.7351285524717045 -7.463885450041477 4
    endloop
  endfacet
  facet normal 0 0 1
    outer loop
      vertex -1.4631774151209618 -7.355889603024228 4
      vertex -0.7351285524717045 -7.463885450041477 4
      vertex -1.004715159535408 -5.051044195890427 4
    endloop
  endfacet
  facet normal 0 0 1
    outer loop
      vertex -0.7351285524717045 -7.463885450041477 4
      vertex 0 -7.5 4
      vertex -0.5047882720828056 -5.125201344490051 4
    endloop
  endfacet
  facet normal 0 0 1
    outer loop
      vertex -1.4631774151209618 -7.355889603024228 4
      vertex -1.004715159535408 -5.051044195890427 4
      vertex -1.4949660897254944 -4.928242728114128 4
    endloop
  endfacet
  facet normal 0 0 1
    outer loop
      vertex -0.7351285524717045 -7.463885450041477 4
      vertex -0.5047882720828056 -5.125201344490051 4
      vertex -1.004715159535408 -5.051044195890427 4
    endloop
  endfacet
  facet normal 0 0 1
    outer loop
      vertex 0 -7.5 4
      vertex 0 -5.149999998509884 4
      vertex -0.5047882720828056 -5.125201344490051 4
    endloop
  endfacet
  facet normal 0 0 1
    outer loop
      vertex 0 -7.5 4
      vertex 0.7351285524717045 -7.463885450041477 4
      vertex 0 -5.149999998509884 4
    endloop
  endfacet
  facet normal 0 0 1
    outer loop
      vertex 0.7351285524717045 -7.463885450041477 4
      vertex 1.4631774151209618 -7.355889603024228 4
      vertex 0.5047882720828056 -5.125201344490051 4
    endloop
  endfacet
  facet normal 0 0 1
    outer loop
      vertex 0.7351285524717045 -7.463885450041477 4
      vertex 0.5047882720828056 -5.125201344490051 4
      vertex 0 -5.149999998509884 4
    endloop
  endfacet
  facet normal 0 0 1
    outer loop
      vertex 1.4631774151209618 -7.355889603024228 4
      vertex 1.004715159535408 -5.051044195890427 4
      vertex 0.5047882720828056 -5.125201344490051 4
    endloop
  endfacet
  facet normal 0 0 1
    outer loop
      vertex 1.4631774151209618 -7.355889603024228 4
      vertex 1.4949660897254944 -4.928242728114128 4
      vertex 1.004715159535408 -5.051044195890427 4
    endloop
  endfacet
  facet normal 0.24298017990326448 -0.9700312531945438 0
    outer loop
      vertex 2.1771350794084676 -7.177052517991566 0
      vertex 2.1771350794084676 -7.177052517991566 4
      vertex 1.4631774151209618 -7.355889603024228 4
    endloop
  endfacet
  facet normal 0 0 1
    outer loop
      vertex 1.4631774151209618 -7.355889603024228 4
      vertex 2.1771350794084676 -7.177052517991566 4
      vertex 1.4949660897254944 -4.928242728114128 4
    endloop
  endfacet
  facet normal 0 0 1
    outer loop
      vertex 2.1771350794084676 -7.177052517991566 4
      vertex 1.9708196744322777 -4.757979594171047 4
      vertex 1.4949660897254944 -4.928242728114128 4
    endloop
  endfacet
  facet normal 0 0 1
    outer loop
      vertex 2.1771350794084676 -7.177052517991566 4
      vertex 2.427693195641041 -4.541894510388374 4
      vertex 1.9708196744322777 -4.757979594171047 4
    endloop
  endfacet
  facet normal 0 0 -1
    outer loop
      vertex -7.463885450041477 -0.7351285524717045 0
      vertex -7.5 0 0
      vertex -7.463885450041477 0.7351285524717045 0
    endloop
  endfacet
  facet normal 0 0 -1
    outer loop
      vertex -7.463885450041477 -0.7351285524717045 0
      vertex -7.463885450041477 0.7351285524717045 0
      vertex -7.355889603024228 1.4631774151209618 0
    endloop
  endfacet
  facet normal 0 0 -1
    outer loop
      vertex -7.355889603024228 -1.4631774151209618 0
      vertex -7.355889603024228 1.4631774151209618 0
      vertex -7.177052517991566 2.1771350794084676 0
    endloop
  endfacet
  facet normal 0 0 -1
    outer loop
      vertex -7.177052517991566 -2.1771350794084676 0
      vertex -7.177052517991566 2.1771350794084676 0
      vertex -6.929096493834651 2.8701257427381734 0
    endloop
  endfacet
  facet normal 0 0 -1
    outer loop
      vertex -6.929096493834651 -2.8701257427381734 0
      vertex -6.929096493834651 2.8701257427381734 0
      vertex -6.614409482612663 3.535475526194982 0
    endloop
  endfacet
  facet normal 0 0 -1
    outer loop
      vertex -6.614409482612663 -3.535475526194982 0
      vertex -6.614409482612663 3.535475526194982 0
      vertex -6.236022092269089 4.166776747647017 0
    endloop
  endfacet
  facet normal 0 0 -1
    outer loop
      vertex -6.236022092269089 -4.166776747647017 0
      vertex -6.236022092269089 4.166776747647017 0
      vertex -5.7975784002205275 4.7579496312273415 0
    endloop
  endfacet
  facet normal 0 0 -1
    outer loop
      vertex -5.303300858899107 -5.303300858899107 0
      vertex -5.303300858899107 5.303300858899107 0
      vertex -5.149999998509884 0 0
    endloop
  endfacet
  facet normal 0 0 -1
    outer loop
      vertex -5.7975784002205275 -4.7579496312273415 0
      vertex -5.7975784002205275 4.7579496312273415 0
      vertex -5.303300858899107 5.303300858899107 0
    endloop
  endfacet
  facet normal -0.9987954562051725 0.049067674327417134 0
    outer loop
      vertex -7.5 0 0
      vertex -7.463885450041477 0.7351285524717045 4
      vertex -7.463885450041477 0.7351285524717045 0
    endloop
  endfacet
  facet normal -0.9891765099647809 0.14673047445536286 0
    outer loop
      vertex -7.463885450041477 0.7351285524717045 0
      vertex -7.355889603024228 1.4631774151209618 4
      vertex -7.355889603024228 1.4631774151209618 0
    endloop
  endfacet
  facet normal 0 0 -1
    outer loop
      vertex -5.303300858899107 5.303300858899107 0
      vertex -5.125201344490051 0.5047882720828056 0
      vertex -5.149999998509884 0 0
    endloop
  endfacet
  facet normal 0 0 -1
    outer loop
      vertex -5.303300858899107 5.303300858899107 0
      vertex -5.051044195890427 1.004715159535408 0
      vertex -5.125201344490051 0.5047882720828056 0
    endloop
  endfacet
  facet normal 0 0 -1
    outer loop
      vertex -4.7579496312273415 5.7975784002205275 0
      vertex -4.928242728114128 1.4949660897254944 0
      vertex -5.051044195890427 1.004715159535408 0
    endloop
  endfacet
  facet normal 0 0 -1
    outer loop
      vertex -4.7579496312273415 5.7975784002205275 0
      vertex -4.757979594171047 1.9708196744322777 0
      vertex -4.928242728114128 1.4949660897254944 0
    endloop
  endfacet
  facet normal 0 0 -1
    outer loop
      vertex -4.7579496312273415 5.7975784002205275 0
      vertex -4.541894510388374 2.427693195641041 0
      vertex -4.757979594171047 1.9708196744322777 0
    endloop
  endfacet
  facet normal -0.9700312531945438 0.24298017990326448 0
    outer loop
      vertex -7.355889603024228 1.4631774151209618 0
      vertex -7.177052517991566 2.1771350794084676 4
      vertex -7.177052517991566 2.1771350794084676 0
    endloop
  endfacet
  facet normal -0.9415440651830211 0.3368898533922189 0
    outer loop
      vertex -7.177052517991566 2.1771350794084676 0
      vertex -6.929096493834651 2.8701257427381734 4
      vertex -6.929096493834651 2.8701257427381734 0
    endloop
  endfacet
  facet normal -0.9039892931234432 0.42755509343028225 0
    outer loop
      vertex -6.929096493834651 2.8701257427381734 0
      vertex -6.614409482612663 3.535475526194982 4
      vertex -6.614409482612663 3.535475526194982 0
    endloop
  endfacet
  facet normal -0.9987954562051725 0.049067674327417134 0
    outer loop
      vertex -7.5 0 0
      vertex -7.5 0 4
      vertex -7.463885450041477 0.7351285524717045 4
    endloop
  endfacet
  facet normal -0.9891765099647809 0.14673047445536286 0
    outer loop
      vertex -7.463885450041477 0.7351285524717045 0
      vertex -7.463885450041477 0.7351285524717045 4
      vertex -7.355889603024228 1.4631774151209618 4
    endloop
  endfacet
  facet normal -0.9700312531945438 0.24298017990326448 0
    outer loop
      vertex -7.355889603024228 1.4631774151209618 0
      vertex -7.355889603024228 1.4631774151209618 4
      vertex -7.177052517991566 2.1771350794084676 4
    endloop
  endfacet
  facet normal 0 0 1
    outer loop
      vertex -7.463885450041477 -0.7351285524717045 4
      vertex -7.463885450041477 0.7351285524717045 4
      vertex -7.5 0 4
    endloop
  endfacet
  facet normal 0 0 1
    outer loop
      vertex -7.463885450041477 -0.7351285524717045 4
      vertex -7.355889603024228 1.4631774151209618 4
      vertex -7.463885450041477 0.7351285524717045 4
    endloop
  endfacet
  facet normal 0 0 1
    outer loop
      vertex -7.355889603024228 -1.4631774151209618 4
      vertex -7.177052517991566 2.1771350794084676 4
      vertex -7.355889603024228 1.4631774151209618 4
    endloop
  endfacet
  facet normal 0 0 1
    outer loop
      vertex -7.177052517991566 -2.1771350794084676 4
      vertex -6.929096493834651 2.8701257427381734 4
      vertex -7.177052517991566 2.1771350794084676 4
    endloop
  endfacet
  facet normal 0 0 1
    outer loop
      vertex -6.929096493834651 -2.8701257427381734 4
      vertex -6.614409482612663 3.535475526194982 4
      vertex -6.929096493834651 2.8701257427381734 4
    endloop
  endfacet
  facet normal 0 0 1
    outer loop
      vertex -6.614409482612663 -3.535475526194982 4
      vertex -6.236022092269089 4.166776747647017 4
      vertex -6.614409482612663 3.535475526194982 4
    endloop
  endfacet
  facet normal 0 0 1
    outer loop
      vertex -6.236022092269089 -4.166776747647017 4
      vertex -5.7975784002205275 4.7579496312273415 4
      vertex -6.236022092269089 4.166776747647017 4
    endloop
  endfacet
  facet normal 0 0 1
    outer loop
      vertex -5.303300858899107 -5.303300858899107 4
      vertex -5.149999998509884 0 4
      vertex -5.303300858899107 5.303300858899107 4
    endloop
  endfacet
  facet normal 0 0 1
    outer loop
      vertex -5.7975784002205275 -4.7579496312273415 4
      vertex -5.303300858899107 5.303300858899107 4
      vertex -5.7975784002205275 4.7579496312273415 4
    endloop
  endfacet
  facet normal -0.9415440651830211 0.3368898533922189 0
    outer loop
      vertex -7.177052517991566 2.1771350794084676 0
      vertex -7.177052517991566 2.1771350794084676 4
      vertex -6.929096493834651 2.8701257427381734 4
    endloop
  endfacet
  facet normal -0.9039892931234432 0.42755509343028225 0
    outer loop
      vertex -6.929096493834651 2.8701257427381734 0
      vertex -6.929096493834651 2.8701257427381734 4
      vertex -6.614409482612663 3.535475526194982 4
    endloop
  endfacet
  facet normal -0.8577286100002721 0.5141027441932217 0
    outer loop
      vertex -6.614409482612663 3.535475526194982 0
      vertex -6.614409482612663 3.535475526194982 4
      vertex -6.236022092269089 4.166776747647017 4
    endloop
  endfacet
  facet normal 0 0 1
    outer loop
      vertex -5.303300858899107 5.303300858899107 4
      vertex -5.149999998509884 0 4
      vertex -5.125201344490051 0.5047882720828056 4
    endloop
  endfacet
  facet normal 0 0 1
    outer loop
      vertex -5.303300858899107 5.303300858899107 4
      vertex -5.125201344490051 0.5047882720828056 4
      vertex -5.051044195890427 1.004715159535408 4
    endloop
  endfacet
  facet normal 0 0 1
    outer loop
      vertex -5.303300858899107 5.303300858899107 4
      vertex -5.051044195890427 1.004715159535408 4
      vertex -4.928242728114128 1.4949660897254944 4
    endloop
  endfacet
  facet normal 0 0 1
    outer loop
      vertex -4.7579496312273415 5.7975784002205275 4
      vertex -4.928242728114128 1.4949660897254944 4
      vertex -4.757979594171047 1.9708196744322777 4
    endloop
  endfacet
  facet normal 0 0 1
    outer loop
      vertex -4.7579496312273415 5.7975784002205275 4
      vertex -4.757979594171047 1.9708196744322777 4
      vertex -4.541894510388374 2.427693195641041 4
    endloop
  endfacet
  facet normal 0 0 1
    outer loop
      vertex -4.7579496312273415 5.7975784002205275 4
      vertex -4.541894510388374 2.427693195641041 4
      vertex -4.282068505883217 2.861186698079109 4
    endloop
  endfacet
  facet normal 0 0 -1
    outer loop
      vertex -5.303300858899107 5.303300858899107 0
      vertex -4.7579496312273415 5.7975784002205275 0
      vertex -5.051044195890427 1.004715159535408 0
    endloop
  endfacet
  facet normal 0 0 -1
    outer loop
      vertex -4.7579496312273415 5.7975784002205275 0
      vertex -4.166776747647017 6.236022092269089 0
      vertex -4.541894510388374 2.427693195641041 0
    endloop
  endfacet
  facet normal -0.8577286100002721 0.5141027441932217 0
    outer loop
      vertex -6.614409482612663 3.535475526194982 0
      vertex -6.236022092269089 4.166776747647017 4
      vertex -6.236022092269089 4.166776747647017 0
    endloop
  endfacet
  facet normal -0.803207531480645 0.5956993044924331 0
    outer loop
      vertex -6.236022092269089 4.166776747647017 0
      vertex -5.7975784002205275 4.7579496312273415 4
      vertex -5.7975784002205275 4.7579496312273415 0
    endloop
  endfacet
  facet normal -0.740951125354959 0.6715589548470186 0
    outer loop
      vertex -5.7975784002205275 4.7579496312273415 0
      vertex -5.303300858899107 5.303300858899107 4
      vertex -5.303300858899107 5.303300858899107 0
    endloop
  endfacet
  facet normal -0.6715589548470186 0.740951125354959 0
    outer loop
      vertex -5.303300858899107 5.303300858899107 0
      vertex -4.7579496312273415 5.7975784002205275 4
      vertex -4.7579496312273415 5.7975784002205275 0
    endloop
  endfacet
  facet normal 0 0 -1
    outer loop
      vertex -4.166776747647017 6.236022092269089 0
      vertex -4.282068505883217 2.861186698079109 0
      vertex -4.541894510388374 2.427693195641041 0
    endloop
  endfacet
  facet normal 0 0 -1
    outer loop
      vertex -4.166776747647017 6.236022092269089 0
      vertex -3.98100383579731 3.2671254128217697 0
      vertex -4.282068505883217 2.861186698079109 0
    endloop
  endfacet
  facet normal 0 0 -1
    outer loop
      vertex -3.535475526194982 6.614409482612663 0
      vertex -3.6415999233722687 3.6415999233722687 0
      vertex -3.98100383579731 3.2671254128217697 0
    endloop
  endfacet
  facet normal 0 0 -1
    outer loop
      vertex -4.166776747647017 6.236022092269089 0
      vertex -3.535475526194982 6.614409482612663 0
      vertex -3.98100383579731 3.2671254128217697 0
    endloop
  endfacet
  facet normal 0 0 -1
    outer loop
      vertex -3.535475526194982 6.614409482612663 0
      vertex -3.2671254128217697 3.98100383579731 0
      vertex -3.6415999233722687 3.6415999233722687 0
    endloop
  endfacet
  facet normal 0 0 -1
    outer loop
      vertex -2.8701257427381734 6.929096493834651 0
      vertex -2.861186698079109 4.282068505883217 0
      vertex -3.2671254128217697 3.98100383579731 0
    endloop
  endfacet
  facet normal 0 0 -1
    outer loop
      vertex -2.8701257427381734 6.929096493834651 0
      vertex -2.427693195641041 4.541894510388374 0
      vertex -2.861186698079109 4.282068505883217 0
    endloop
  endfacet
  facet normal 0 0 -1
    outer loop
      vertex -2.1771350794084676 7.177052517991566 0
      vertex -1.9708196744322777 4.757979594171047 0
      vertex -2.427693195641041 4.541894510388374 0
    endloop
  endfacet
  facet normal 0 0 -1
    outer loop
      vertex -3.535475526194982 6.614409482612663 0
      vertex -2.8701257427381734 6.929096493834651 0
      vertex -3.2671254128217697 3.98100383579731 0
    endloop
  endfacet
  facet normal 0 0 -1
    outer loop
      vertex -2.8701257427381734 6.929096493834651 0
      vertex -2.1771350794084676 7.177052517991566 0
      vertex -2.427693195641041 4.541894510388374 0
    endloop
  endfacet
  facet normal 0 0 -1
    outer loop
      vertex -1.4631774151209618 7.355889603024228 0
      vertex -1.4949660897254944 4.928242728114128 0
      vertex -1.9708196744322777 4.757979594171047 0
    endloop
  endfacet
  facet normal 0 0 -1
    outer loop
      vertex -1.4631774151209618 7.355889603024228 0
      vertex -1.2084950059652328 5 0
      vertex -1.4949660897254944 4.928242728114128 0
    endloop
  endfacet
  facet normal 0 0 -1
    outer loop
      vertex -2.1771350794084676 7.177052517991566 0
      vertex -1.4631774151209618 7.355889603024228 0
      vertex -1.9708196744322777 4.757979594171047 0
    endloop
  endfacet
  facet normal -0.5956993044924331 0.803207531480645 0
    outer loop
      vertex -4.7579496312273415 5.7975784002205275 0
      vertex -4.166776747647017 6.236022092269089 4
      vertex -4.166776747647017 6.236022092269089 0
    endloop
  endfacet
  facet normal -0.5141027441932217 0.8577286100002721 0
    outer loop
      vertex -4.166776747647017 6.236022092269089 0
      vertex -3.535475526194982 6.614409482612663 4
      vertex -3.535475526194982 6.614409482612663 0
    endloop
  endfacet
  facet normal -0.42755509343028225 0.9039892931234432 0
    outer loop
      vertex -3.535475526194982 6.614409482612663 0
      vertex -2.8701257427381734 6.929096493834651 4
      vertex -2.8701257427381734 6.929096493834651 0
    endloop
  endfacet
  facet normal -0.3368898533922189 0.9415440651830211 0
    outer loop
      vertex -2.8701257427381734 6.929096493834651 0
      vertex -2.1771350794084676 7.177052517991566 4
      vertex -2.1771350794084676 7.177052517991566 0
    endloop
  endfacet
  facet normal -0.24298017990326448 0.9700312531945438 0
    outer loop
      vertex -2.1771350794084676 7.177052517991566 0
      vertex -1.4631774151209618 7.355889603024228 4
      vertex -1.4631774151209618 7.355889603024228 0
    endloop
  endfacet
  facet normal -0.803207531480645 0.5956993044924331 0
    outer loop
      vertex -6.236022092269089 4.166776747647017 0
      vertex -6.236022092269089 4.166776747647017 4
      vertex -5.7975784002205275 4.7579496312273415 4
    endloop
  endfacet
  facet normal -0.740951125354959 0.6715589548470186 0
    outer loop
      vertex -5.7975784002205275 4.7579496312273415 0
      vertex -5.7975784002205275 4.7579496312273415 4
      vertex -5.303300858899107 5.303300858899107 4
    endloop
  endfacet
  facet normal -0.6715589548470186 0.740951125354959 0
    outer loop
      vertex -5.303300858899107 5.303300858899107 0
      vertex -5.303300858899107 5.303300858899107 4
      vertex -4.7579496312273415 5.7975784002205275 4
    endloop
  endfacet
  facet normal 0 0 1
    outer loop
      vertex -5.303300858899107 5.303300858899107 4
      vertex -4.928242728114128 1.4949660897254944 4
      vertex -4.7579496312273415 5.7975784002205275 4
    endloop
  endfacet
  facet normal -0.5956993044924331 0.803207531480645 0
    outer loop
      vertex -4.7579496312273415 5.7975784002205275 0
      vertex -4.7579496312273415 5.7975784002205275 4
      vertex -4.166776747647017 6.236022092269089 4
    endloop
  endfacet
  facet normal 0 0 1
    outer loop
      vertex -4.166776747647017 6.236022092269089 4
      vertex -4.282068505883217 2.861186698079109 4
      vertex -3.98100383579731 3.2671254128217697 4
    endloop
  endfacet
  facet normal 0 0 1
    outer loop
      vertex -4.166776747647017 6.236022092269089 4
      vertex -3.98100383579731 3.2671254128217697 4
      vertex -3.6415999233722687 3.6415999233722687 4
    endloop
  endfacet
  facet normal 0 0 1
    outer loop
      vertex -4.7579496312273415 5.7975784002205275 4
      vertex -4.282068505883217 2.861186698079109 4
      vertex -4.166776747647017 6.236022092269089 4
    endloop
  endfacet
  facet normal 0 0 1
    outer loop
      vertex -4.166776747647017 6.236022092269089 4
      vertex -3.6415999233722687 3.6415999233722687 4
      vertex -3.535475526194982 6.614409482612663 4
    endloop
  endfacet
  facet normal 0 0 1
    outer loop
      vertex -3.535475526194982 6.614409482612663 4
      vertex -3.6415999233722687 3.6415999233722687 4
      vertex -3.2671254128217697 3.98100383579731 4
    endloop
  endfacet
  facet normal 0 0 1
    outer loop
      vertex -3.535475526194982 6.614409482612663 4
      vertex -3.2671254128217697 3.98100383579731 4
      vertex -2.861186698079109 4.282068505883217 4
    endloop
  endfacet
  facet normal 0 0 1
    outer loop
      vertex -2.8701257427381734 6.929096493834651 4
      vertex -2.861186698079109 4.282068505883217 4
      vertex -2.427693195641041 4.541894510388374 4
    endloop
  endfacet
  facet normal 0 0 1
    outer loop
      vertex -2.8701257427381734 6.929096493834651 4
      vertex -2.427693195641041 4.541894510388374 4
      vertex -1.9708196744322777 4.757979594171047 4
    endloop
  endfacet
  facet normal 0 0 1
    outer loop
      vertex -2.1771350794084676 7.177052517991566 4
      vertex -1.9708196744322777 4.757979594171047 4
      vertex -1.4949660897254944 4.928242728114128 4
    endloop
  endfacet
  facet normal -0.5141027441932217 0.8577286100002721 0
    outer loop
      vertex -4.166776747647017 6.236022092269089 0
      vertex -4.166776747647017 6.236022092269089 4
      vertex -3.535475526194982 6.614409482612663 4
    endloop
  endfacet
  facet normal -0.42755509343028225 0.9039892931234432 0
    outer loop
      vertex -3.535475526194982 6.614409482612663 0
      vertex -3.535475526194982 6.614409482612663 4
      vertex -2.8701257427381734 6.929096493834651 4
    endloop
  endfacet
  facet normal -0.3368898533922189 0.9415440651830211 0
    outer loop
      vertex -2.8701257427381734 6.929096493834651 0
      vertex -2.8701257427381734 6.929096493834651 4
      vertex -2.1771350794084676 7.177052517991566 4
    endloop
  endfacet
  facet normal -0.24298017990326448 0.9700312531945438 0
    outer loop
      vertex -2.1771350794084676 7.177052517991566 0
      vertex -2.1771350794084676 7.177052517991566 4
      vertex -1.4631774151209618 7.355889603024228 4
    endloop
  endfacet
  facet normal 0 0 1
    outer loop
      vertex -3.535475526194982 6.614409482612663 4
      vertex -2.861186698079109 4.282068505883217 4
      vertex -2.8701257427381734 6.929096493834651 4
    endloop
  endfacet
  facet normal 0 0 1
    outer loop
      vertex -2.8701257427381734 6.929096493834651 4
      vertex -1.9708196744322777 4.757979594171047 4
      vertex -2.1771350794084676 7.177052517991566 4
    endloop
  endfacet
  facet normal 0 0 1
    outer loop
      vertex -1.4631774151209618 7.355889603024228 4
      vertex -1.4949660897254944 4.928242728114128 4
      vertex -1.2084950059652328 5 4
    endloop
  endfacet
  facet normal 0 0 1
    outer loop
      vertex -2.1771350794084676 7.177052517991566 4
      vertex -1.4949660897254944 4.928242728114128 4
      vertex -1.4631774151209618 7.355889603024228 4
    endloop
  endfacet
  facet normal 0 0 -1
    outer loop
      vertex -1.4631774151209618 7.355889603024228 0
      vertex -0.7351285524717045 7.463885450041477 0
      vertex -1.2084950059652328 5 0
    endloop
  endfacet
  facet normal 0 0 -1
    outer loop
      vertex -0.7351285524717045 7.463885450041477 0
      vertex 0 7.5 0
      vertex -1.2084950059652328 5 0
    endloop
  endfacet
  facet normal 0 0 -1
    outer loop
      vertex 0 7.5 0
      vertex 0.7351285524717045 7.463885450041477 0
      vertex -1.2084950059652328 5 0
    endloop
  endfacet
  facet normal 0 0 -1
    outer loop
      vertex 0.7351285524717045 7.463885450041477 0
      vertex 1.2084950059652328 5 0
      vertex -1.2084950059652328 5 0
    endloop
  endfacet
  facet normal 0 0 -1
    outer loop
      vertex 2.1771350794084676 7.177052517991566 0
      vertex 1.4949660897254944 4.928242728114128 0
      vertex 1.2084950059652328 5 0
    endloop
  endfacet
  facet normal 0 0 -1
    outer loop
      vertex 1.4631774151209618 7.355889603024228 0
      vertex 2.1771350794084676 7.177052517991566 0
      vertex 1.2084950059652328 5 0
    endloop
  endfacet
  facet normal 0 0 -1
    outer loop
      vertex 0.7351285524717045 7.463885450041477 0
      vertex 1.4631774151209618 7.355889603024228 0
      vertex 1.2084950059652328 5 0
    endloop
  endfacet
  facet normal -0.14673047445536286 0.9891765099647809 0
    outer loop
      vertex -1.4631774151209618 7.355889603024228 0
      vertex -0.7351285524717045 7.463885450041477 4
      vertex -0.7351285524717045 7.463885450041477 0
    endloop
  endfacet
  facet normal -0.049067674327417134 0.9987954562051725 0
    outer loop
      vertex -0.7351285524717045 7.463885450041477 0
      vertex 0 7.5 4
      vertex 0 7.5 0
    endloop
  endfacet
  facet normal 0.049067674327417134 0.9987954562051725 0
    outer loop
      vertex 0 7.5 0
      vertex 0.7351285524717045 7.463885450041477 4
      vertex 0.7351285524717045 7.463885450041477 0
    endloop
  endfacet
  facet normal 0.14673047445536286 0.9891765099647809 0
    outer loop
      vertex 0.7351285524717045 7.463885450041477 0
      vertex 1.4631774151209618 7.355889603024228 4
      vertex 1.4631774151209618 7.355889603024228 0
    endloop
  endfacet
  facet normal 0 0 -1
    outer loop
      vertex 2.1771350794084676 7.177052517991566 0
      vertex 1.9708196744322777 4.757979594171047 0
      vertex 1.4949660897254944 4.928242728114128 0
    endloop
  endfacet
  facet normal 0.24298017990326448 0.9700312531945438 0
    outer loop
      vertex 1.4631774151209618 7.355889603024228 0
      vertex 2.1771350794084676 7.177052517991566 4
      vertex 2.1771350794084676 7.177052517991566 0
    endloop
  endfacet
  facet normal -0.14673047445536286 0.9891765099647809 0
    outer loop
      vertex -1.4631774151209618 7.355889603024228 0
      vertex -1.4631774151209618 7.355889603024228 4
      vertex -0.7351285524717045 7.463885450041477 4
    endloop
  endfacet
  facet normal -0.049067674327417134 0.9987954562051725 0
    outer loop
      vertex -0.7351285524717045 7.463885450041477 0
      vertex -0.7351285524717045 7.463885450041477 4
      vertex 0 7.5 4
    endloop
  endfacet
  facet normal 0.049067674327417134 0.9987954562051725 0
    outer loop
      vertex 0 7.5 0
      vertex 0 7.5 4
      vertex 0.7351285524717045 7.463885450041477 4
    endloop
  endfacet
  facet normal 0.14673047445536286 0.9891765099647809 0
    outer loop
      vertex 0.7351285524717045 7.463885450041477 0
      vertex 0.7351285524717045 7.463885450041477 4
      vertex 1.4631774151209618 7.355889603024228 4
    endloop
  endfacet
  facet normal 0 0 1
    outer loop
      vertex -0.7351285524717045 7.463885450041477 4
      vertex -1.2084950059652328 5 4
      vertex 1.2084950059652328 5 4
    endloop
  endfacet
  facet normal 0 0 1
    outer loop
      vertex -1.4631774151209618 7.355889603024228 4
      vertex -1.2084950059652328 5 4
      vertex -0.7351285524717045 7.463885450041477 4
    endloop
  endfacet
  facet normal 0 0 1
    outer loop
      vertex 1.4631774151209618 7.355889603024228 4
      vertex 1.2084950059652328 5 4
      vertex 1.4949660897254944 4.928242728114128 4
    endloop
  endfacet
  facet normal 0 0 1
    outer loop
      vertex -0.7351285524717045 7.463885450041477 4
      vertex 1.2084950059652328 5 4
      vertex 0 7.5 4
    endloop
  endfacet
  facet normal 0 0 1
    outer loop
      vertex 0 7.5 4
      vertex 1.2084950059652328 5 4
      vertex 0.7351285524717045 7.463885450041477 4
    endloop
  endfacet
  facet normal 0 0 1
    outer loop
      vertex 0.7351285524717045 7.463885450041477 4
      vertex 1.2084950059652328 5 4
      vertex 1.4631774151209618 7.355889603024228 4
    endloop
  endfacet
  facet normal 0 0 1
    outer loop
      vertex 2.1771350794084676 7.177052517991566 4
      vertex 1.4949660897254944 4.928242728114128 4
      vertex 1.9708196744322777 4.757979594171047 4
    endloop
  endfacet
  facet normal 0 0 1
    outer loop
      vertex 2.1771350794084676 7.177052517991566 4
      vertex 1.9708196744322777 4.757979594171047 4
      vertex 2.427693195641041 4.541894510388374 4
    endloop
  endfacet
  facet normal 0.24298017990326448 0.9700312531945438 0
    outer loop
      vertex 1.4631774151209618 7.355889603024228 0
      vertex 1.4631774151209618 7.355889603024228 4
      vertex 2.1771350794084676 7.177052517991566 4
    endloop
  endfacet
  facet normal 0 0 1
    outer loop
      vertex 1.4631774151209618 7.355889603024228 4
      vertex 1.4949660897254944 4.928242728114128 4
      vertex 2.1771350794084676 7.177052517991566 4
    endloop
  endfacet
  facet normal 0.32125847869681357 -0.9469915468817074 0
    outer loop
      vertex 2.1771350794084676 -7.177052517991566 0
      vertex 14.870854031763386 -2.8708210071966267 0
      vertex 2.1771350794084676 -7.177052517991566 4
    endloop
  endfacet
  facet normal 0.32125847869681357 -0.9469915468817074 0
    outer loop
      vertex 2.1771350794084676 -7.177052517991566 4
      vertex 14.870854031763386 -2.8708210071966267 0
      vertex 14.870854031763386 -2.8708210071966267 4
    endloop
  endfacet
  facet normal 0 0 -1
    outer loop
      vertex 2.1771350794084676 -7.177052517991566 0
      vertex 2.427693195641041 -4.541894510388374 0
      vertex 14.870854031763386 2.8708210071966267 0
    endloop
  endfacet
  facet normal 0 0 -1
    outer loop
      vertex 14.870854031763386 2.8708210071966267 0
      vertex 2.427693195641041 -4.541894510388374 0
      vertex 2.861186698079109 -4.282068505883217 0
    endloop
  endfacet
  facet normal 0 0 -1
    outer loop
      vertex 14.870854031763386 2.8708210071966267 0
      vertex 2.861186698079109 -4.282068505883217 0
      vertex 3.149999998509884 -4.067869961261749 0
    endloop
  endfacet
  facet normal 0 0 -1
    outer loop
      vertex 2.1771350794084676 -7.177052517991566 0
      vertex 14.870854031763386 2.8708210071966267 0
      vertex 14.870854031763386 -2.8708210071966267 0
    endloop
  endfacet
  facet normal 0 0 1
    outer loop
      vertex 2.1771350794084676 -7.177052517991566 4
      vertex 14.870854031763386 2.8708210071966267 4
      vertex 2.427693195641041 -4.541894510388374 4
    endloop
  endfacet
  facet normal 0 0 1
    outer loop
      vertex 14.870854031763386 2.8708210071966267 4
      vertex 2.861186698079109 -4.282068505883217 4
      vertex 2.427693195641041 -4.541894510388374 4
    endloop
  endfacet
  facet normal 0 0 1
    outer loop
      vertex 14.870854031763386 2.8708210071966267 4
      vertex 3.149999998509884 -4.067869961261749 4
      vertex 2.861186698079109 -4.282068505883217 4
    endloop
  endfacet
  facet normal 0 0 1
    outer loop
      vertex 2.1771350794084676 -7.177052517991566 4
      vertex 12.941694482781974 -0.5656760841911972 4
      vertex 12.891344560986456 -0.4592201188381077 4
    endloop
  endfacet
  facet normal 0 0 1
    outer loop
      vertex 2.1771350794084676 -7.177052517991566 4
      vertex 12.891344560986456 -0.4592201188381077 4
      vertex 12.85167159712135 -0.3483416127053548 4
    endloop
  endfacet
  facet normal 0 0 1
    outer loop
      vertex 2.1771350794084676 -7.177052517991566 4
      vertex 12.85167159712135 -0.3483416127053548 4
      vertex 12.823057663516124 -0.2341083864193539 4
    endloop
  endfacet
  facet normal 0 0 1
    outer loop
      vertex 2.1771350794084676 -7.177052517991566 4
      vertex 12.823057663516124 -0.2341083864193539 4
      vertex 12.805778327993364 -0.11762056839547272 4
    endloop
  endfacet
  facet normal 0 0 1
    outer loop
      vertex 2.1771350794084676 -7.177052517991566 4
      vertex 12.805778327993364 -0.11762056839547272 4
      vertex 12.8 0 4
    endloop
  endfacet
  facet normal 0 0 1
    outer loop
      vertex 2.1771350794084676 -7.177052517991566 4
      vertex 12.8 0 4
      vertex 12.805778327993364 0.11762056839547272 4
    endloop
  endfacet
  facet normal 0 0 1
    outer loop
      vertex 2.1771350794084676 -7.177052517991566 4
      vertex 12.805778327993364 0.11762056839547272 4
      vertex 12.823057663516124 0.2341083864193539 4
    endloop
  endfacet
  facet normal 0 0 1
    outer loop
      vertex 2.1771350794084676 -7.177052517991566 4
      vertex 12.823057663516124 0.2341083864193539 4
      vertex 12.85167159712135 0.3483416127053548 4
    endloop
  endfacet
  facet normal 0 0 1
    outer loop
      vertex 2.1771350794084676 -7.177052517991566 4
      vertex 12.85167159712135 0.3483416127053548 4
      vertex 12.891344560986456 0.4592201188381077 4
    endloop
  endfacet
  facet normal 0 0 1
    outer loop
      vertex 2.1771350794084676 -7.177052517991566 4
      vertex 12.891344560986456 0.4592201188381077 4
      vertex 12.941694482781974 0.5656760841911972 4
    endloop
  endfacet
  facet normal 0 0 1
    outer loop
      vertex 2.1771350794084676 -7.177052517991566 4
      vertex 13.540779881161892 -1.1086554390135441 4
      vertex 13.434323915808802 -1.058305517218026 4
    endloop
  endfacet
  facet normal 0 0 1
    outer loop
      vertex 2.1771350794084676 -7.177052517991566 4
      vertex 13.434323915808802 -1.058305517218026 4
      vertex 13.333315720376477 -0.9977635347630542 4
    endloop
  endfacet
  facet normal 0 0 1
    outer loop
      vertex 2.1771350794084676 -7.177052517991566 4
      vertex 13.238728059003625 -0.9276125440352844 4
      vertex 13.151471862576143 -0.848528137423857 4
    endloop
  endfacet
  facet normal 0 0 1
    outer loop
      vertex 2.1771350794084676 -7.177052517991566 4
      vertex 13.072387455964716 -0.7612719409963745 4
      vertex 13.002236465236946 -0.6666842796235226 4
    endloop
  endfacet
  facet normal 0 0 1
    outer loop
      vertex 2.1771350794084676 -7.177052517991566 4
      vertex 13.151471862576143 -0.848528137423857 4
      vertex 13.072387455964716 -0.7612719409963745 4
    endloop
  endfacet
  facet normal 0 0 1
    outer loop
      vertex 2.1771350794084676 -7.177052517991566 4
      vertex 13.333315720376477 -0.9977635347630542 4
      vertex 13.238728059003625 -0.9276125440352844 4
    endloop
  endfacet
  facet normal 0 0 1
    outer loop
      vertex 2.1771350794084676 -7.177052517991566 4
      vertex 13.765891613580646 -1.1769423364838765 4
      vertex 13.651658387294646 -1.1483284028786505 4
    endloop
  endfacet
  facet normal 0 0 1
    outer loop
      vertex 2.1771350794084676 -7.177052517991566 4
      vertex 13.651658387294646 -1.1483284028786505 4
      vertex 13.540779881161892 -1.1086554390135441 4
    endloop
  endfacet
  facet normal 0 0 1
    outer loop
      vertex 2.1771350794084676 -7.177052517991566 4
      vertex 13.882379431604527 -1.1942216720066363 4
      vertex 13.765891613580646 -1.1769423364838765 4
    endloop
  endfacet
  facet normal 0 0 1
    outer loop
      vertex 2.1771350794084676 -7.177052517991566 4
      vertex 14 -1.2 4
      vertex 13.882379431604527 -1.1942216720066363 4
    endloop
  endfacet
  facet normal 0 0 1
    outer loop
      vertex 2.1771350794084676 -7.177052517991566 4
      vertex 14.117620568395473 -1.1942216720066363 4
      vertex 14 -1.2 4
    endloop
  endfacet
  facet normal 0 0 1
    outer loop
      vertex 2.1771350794084676 -7.177052517991566 4
      vertex 14.870854031763386 -2.8708210071966267 4
      vertex 14.117620568395473 -1.1942216720066363 4
    endloop
  endfacet
  facet normal 0 0 1
    outer loop
      vertex 2.1771350794084676 -7.177052517991566 4
      vertex 13.002236465236946 -0.6666842796235226 4
      vertex 12.941694482781974 -0.5656760841911972 4
    endloop
  endfacet
  facet normal 0 0 1
    outer loop
      vertex 2.1771350794084676 -7.177052517991566 4
      vertex 12.941694482781974 0.5656760841911972 4
      vertex 13.002236465236946 0.6666842796235226 4
    endloop
  endfacet
  facet normal 0 0 1
    outer loop
      vertex 2.1771350794084676 -7.177052517991566 4
      vertex 13.002236465236946 0.6666842796235226 4
      vertex 13.072387455964716 0.7612719409963745 4
    endloop
  endfacet
  facet normal 0 0 1
    outer loop
      vertex 2.1771350794084676 -7.177052517991566 4
      vertex 13.072387455964716 0.7612719409963745 4
      vertex 13.151471862576143 0.848528137423857 4
    endloop
  endfacet
  facet normal 0 0 1
    outer loop
      vertex 2.1771350794084676 -7.177052517991566 4
      vertex 13.151471862576143 0.848528137423857 4
      vertex 13.238728059003625 0.9276125440352844 4
    endloop
  endfacet
  facet normal 0 0 1
    outer loop
      vertex 2.1771350794084676 -7.177052517991566 4
      vertex 13.238728059003625 0.9276125440352844 4
      vertex 13.333315720376477 0.9977635347630542 4
    endloop
  endfacet
  facet normal 0 0 1
    outer loop
      vertex 2.1771350794084676 -7.177052517991566 4
      vertex 13.333315720376477 0.9977635347630542 4
      vertex 14.870854031763386 2.8708210071966267 4
    endloop
  endfacet
  facet normal 0.33688985339222066 -0.9415440651830206 0
    outer loop
      vertex 14.870854031763386 -2.8708210071966267 0
      vertex 15.148050297095269 -2.77163859753386 0
      vertex 14.870854031763386 -2.8708210071966267 4
    endloop
  endfacet
  facet normal 0.4275550934302792 -0.9039892931234448 0
    outer loop
      vertex 15.148050297095269 -2.77163859753386 0
      vertex 15.414190210477994 -2.6457637930450653 0
      vertex 15.148050297095269 -2.77163859753386 4
    endloop
  endfacet
  facet normal 0.5141027441932225 -0.8577286100002717 0
    outer loop
      vertex 15.414190210477994 -2.6457637930450653 0
      vertex 15.666710699058807 -2.4944088369076356 0
      vertex 15.414190210477994 -2.6457637930450653 4
    endloop
  endfacet
  facet normal 0.5956993044924342 -0.8032075314806443 0
    outer loop
      vertex 15.666710699058807 -2.4944088369076356 0
      vertex 15.903179852490936 -2.319031360088211 0
      vertex 15.666710699058807 -2.4944088369076356 4
    endloop
  endfacet
  facet normal 0.671558954847019 -0.7409511253549587 0
    outer loop
      vertex 15.903179852490936 -2.319031360088211 0
      vertex 16.121320343559642 -2.121320343559643 0
      vertex 15.903179852490936 -2.319031360088211 4
    endloop
  endfacet
  facet normal 0.7409511253549588 -0.6715589548470186 0
    outer loop
      vertex 16.121320343559642 -2.121320343559643 0
      vertex 16.31903136008821 -1.9031798524909365 0
      vertex 16.121320343559642 -2.121320343559643 4
    endloop
  endfacet
  facet normal 0 0 -1
    outer loop
      vertex 14.870854031763386 -2.8708210071966267 0
      vertex 15.148050297095269 2.77163859753386 0
      vertex 15.148050297095269 -2.77163859753386 0
    endloop
  endfacet
  facet normal 0 0 -1
    outer loop
      vertex 15.148050297095269 -2.77163859753386 0
      vertex 15.414190210477994 2.6457637930450653 0
      vertex 15.414190210477994 -2.6457637930450653 0
    endloop
  endfacet
  facet normal 0 0 -1
    outer loop
      vertex 15.414190210477994 -2.6457637930450653 0
      vertex 15.666710699058807 2.4944088369076356 0
      vertex 15.666710699058807 -2.4944088369076356 0
    endloop
  endfacet
  facet normal 0 0 -1
    outer loop
      vertex 15.666710699058807 -2.4944088369076356 0
      vertex 15.903179852490936 2.319031360088211 0
      vertex 15.903179852490936 -2.319031360088211 0
    endloop
  endfacet
  facet normal 0 0 -1
    outer loop
      vertex 15.903179852490936 -2.319031360088211 0
      vertex 16.121320343559642 2.121320343559643 0
      vertex 16.121320343559642 -2.121320343559643 0
    endloop
  endfacet
  facet normal 0 0 -1
    outer loop
      vertex 16.121320343559642 -2.121320343559643 0
      vertex 16.31903136008821 1.9031798524909365 0
      vertex 16.31903136008821 -1.9031798524909365 0
    endloop
  endfacet
  facet normal 0 0 -1
    outer loop
      vertex 16.31903136008821 -1.9031798524909365 0
      vertex 16.494408836907635 1.6667106990588065 0
      vertex 16.494408836907635 -1.6667106990588065 0
    endloop
  endfacet
  facet normal 0 0 -1
    outer loop
      vertex 16.494408836907635 -1.6667106990588065 0
      vertex 16.645763793045067 1.4141902104779929 0
      vertex 16.645763793045067 -1.4141902104779929 0
    endloop
  endfacet
  facet normal 0 0 -1
    outer loop
      vertex 16.645763793045067 -1.4141902104779929 0
      vertex 16.771638597533858 1.1480502970952693 0
      vertex 16.771638597533858 -1.1480502970952693 0
    endloop
  endfacet
  facet normal 0 0 -1
    outer loop
      vertex 16.771638597533858 -1.1480502970952693 0
      vertex 16.870821007196625 0.870854031763387 0
      vertex 16.870821007196625 -0.870854031763387 0
    endloop
  endfacet
  facet normal 0 0 -1
    outer loop
      vertex 16.870821007196625 -0.870854031763387 0
      vertex 16.94235584120969 0.5852709660483848 0
      vertex 16.94235584120969 -0.5852709660483848 0
    endloop
  endfacet
  facet normal 0 0 -1
    outer loop
      vertex 16.94235584120969 -0.5852709660483848 0
      vertex 16.985554180016592 0.2940514209886818 0
      vertex 16.985554180016592 -0.2940514209886818 0
    endloop
  endfacet
  facet normal 0.8032075314806462 -0.5956993044924314 0
    outer loop
      vertex 16.31903136008821 -1.9031798524909365 0
      vertex 16.494408836907635 -1.6667106990588065 0
      vertex 16.31903136008821 -1.9031798524909365 4
    endloop
  endfacet
  facet normal 0.8577286100002682 -0.5141027441932281 0
    outer loop
      vertex 16.494408836907635 -1.6667106990588065 0
      vertex 16.645763793045067 -1.4141902104779929 0
      vertex 16.494408836907635 -1.6667106990588065 4
    endloop
  endfacet
  facet normal 0.9039892931234479 -0.42755509343027226 0
    outer loop
      vertex 16.645763793045067 -1.4141902104779929 0
      vertex 16.771638597533858 -1.1480502970952693 0
      vertex 16.645763793045067 -1.4141902104779929 4
    endloop
  endfacet
  facet normal 0.9415440651830204 -0.3368898533922211 0
    outer loop
      vertex 16.771638597533858 -1.1480502970952693 0
      vertex 16.870821007196625 -0.870854031763387 0
      vertex 16.771638597533858 -1.1480502970952693 4
    endloop
  endfacet
  facet normal 0.9700312531945442 -0.24298017990326345 0
    outer loop
      vertex 16.870821007196625 -0.870854031763387 0
      vertex 16.94235584120969 -0.5852709660483848 0
      vertex 16.870821007196625 -0.870854031763387 4
    endloop
  endfacet
  facet normal 0.9891765099647792 -0.14673047445537343 0
    outer loop
      vertex 16.94235584120969 -0.5852709660483848 0
      vertex 16.985554180016592 -0.2940514209886818 0
      vertex 16.94235584120969 -0.5852709660483848 4
    endloop
  endfacet
  facet normal 0.9987954562051726 -0.04906767432741231 0
    outer loop
      vertex 16.985554180016592 -0.2940514209886818 0
      vertex 17 0 0
      vertex 16.985554180016592 -0.2940514209886818 4
    endloop
  endfacet
  facet normal 0.33688985339222066 -0.9415440651830206 0
    outer loop
      vertex 15.148050297095269 -2.77163859753386 0
      vertex 15.148050297095269 -2.77163859753386 4
      vertex 14.870854031763386 -2.8708210071966267 4
    endloop
  endfacet
  facet normal 0.4275550934302792 -0.9039892931234448 0
    outer loop
      vertex 15.414190210477994 -2.6457637930450653 0
      vertex 15.414190210477994 -2.6457637930450653 4
      vertex 15.148050297095269 -2.77163859753386 4
    endloop
  endfacet
  facet normal 0.5141027441932225 -0.8577286100002717 0
    outer loop
      vertex 15.666710699058807 -2.4944088369076356 0
      vertex 15.666710699058807 -2.4944088369076356 4
      vertex 15.414190210477994 -2.6457637930450653 4
    endloop
  endfacet
  facet normal 0.5956993044924342 -0.8032075314806443 0
    outer loop
      vertex 15.903179852490936 -2.319031360088211 0
      vertex 15.903179852490936 -2.319031360088211 4
      vertex 15.666710699058807 -2.4944088369076356 4
    endloop
  endfacet
  facet normal 0.671558954847019 -0.7409511253549587 0
    outer loop
      vertex 16.121320343559642 -2.121320343559643 0
      vertex 16.121320343559642 -2.121320343559643 4
      vertex 15.903179852490936 -2.319031360088211 4
    endloop
  endfacet
  facet normal 0.7409511253549588 -0.6715589548470186 0
    outer loop
      vertex 16.31903136008821 -1.9031798524909365 0
      vertex 16.31903136008821 -1.9031798524909365 4
      vertex 16.121320343559642 -2.121320343559643 4
    endloop
  endfacet
  facet normal 0 0 1
    outer loop
      vertex 14.870854031763386 -2.8708210071966267 4
      vertex 15.148050297095269 -2.77163859753386 4
      vertex 14.927612544035284 -0.7612719409963745 4
    endloop
  endfacet
  facet normal 0.8032075314806462 -0.5956993044924314 0
    outer loop
      vertex 16.494408836907635 -1.6667106990588065 0
      vertex 16.494408836907635 -1.6667106990588065 4
      vertex 16.31903136008821 -1.9031798524909365 4
    endloop
  endfacet
  facet normal 0.8577286100002682 -0.5141027441932281 0
    outer loop
      vertex 16.645763793045067 -1.4141902104779929 0
      vertex 16.645763793045067 -1.4141902104779929 4
      vertex 16.494408836907635 -1.6667106990588065 4
    endloop
  endfacet
  facet normal 0.9039892931234479 -0.42755509343027226 0
    outer loop
      vertex 16.771638597533858 -1.1480502970952693 0
      vertex 16.771638597533858 -1.1480502970952693 4
      vertex 16.645763793045067 -1.4141902104779929 4
    endloop
  endfacet
  facet normal 0.9415440651830204 -0.3368898533922211 0
    outer loop
      vertex 16.870821007196625 -0.870854031763387 0
      vertex 16.870821007196625 -0.870854031763387 4
      vertex 16.771638597533858 -1.1480502970952693 4
    endloop
  endfacet
  facet normal 0.9700312531945442 -0.24298017990326345 0
    outer loop
      vertex 16.94235584120969 -0.5852709660483848 0
      vertex 16.94235584120969 -0.5852709660483848 4
      vertex 16.870821007196625 -0.870854031763387 4
    endloop
  endfacet
  facet normal 0.9891765099647792 -0.14673047445537343 0
    outer loop
      vertex 16.985554180016592 -0.2940514209886818 0
      vertex 16.985554180016592 -0.2940514209886818 4
      vertex 16.94235584120969 -0.5852709660483848 4
    endloop
  endfacet
  facet normal 0.9987954562051726 -0.04906767432741231 0
    outer loop
      vertex 16.985554180016592 -0.2940514209886818 4
      vertex 17 0 0
      vertex 17 0 4
    endloop
  endfacet
  facet normal 0 0 1
    outer loop
      vertex 14.870854031763386 -2.8708210071966267 4
      vertex 14.234108386419354 -1.1769423364838765 4
      vertex 14.117620568395473 -1.1942216720066363 4
    endloop
  endfacet
  facet normal 0 0 1
    outer loop
      vertex 14.870854031763386 -2.8708210071966267 4
      vertex 14.348341612705354 -1.1483284028786505 4
      vertex 14.234108386419354 -1.1769423364838765 4
    endloop
  endfacet
  facet normal 0 0 1
    outer loop
      vertex 14.870854031763386 -2.8708210071966267 4
      vertex 14.459220118838108 -1.1086554390135441 4
      vertex 14.348341612705354 -1.1483284028786505 4
    endloop
  endfacet
  facet normal 0 0 1
    outer loop
      vertex 14.870854031763386 -2.8708210071966267 4
      vertex 14.565676084191198 -1.058305517218026 4
      vertex 14.459220118838108 -1.1086554390135441 4
    endloop
  endfacet
  facet normal 0 0 1
    outer loop
      vertex 14.870854031763386 -2.8708210071966267 4
      vertex 14.666684279623523 -0.9977635347630542 4
      vertex 14.565676084191198 -1.058305517218026 4
    endloop
  endfacet
  facet normal 0 0 1
    outer loop
      vertex 14.870854031763386 -2.8708210071966267 4
      vertex 14.761271940996375 -0.9276125440352844 4
      vertex 14.666684279623523 -0.9977635347630542 4
    endloop
  endfacet
  facet normal 0 0 1
    outer loop
      vertex 14.870854031763386 -2.8708210071966267 4
      vertex 14.848528137423857 -0.848528137423857 4
      vertex 14.761271940996375 -0.9276125440352844 4
    endloop
  endfacet
  facet normal 0 0 1
    outer loop
      vertex 14.870854031763386 -2.8708210071966267 4
      vertex 14.927612544035284 -0.7612719409963745 4
      vertex 14.848528137423857 -0.848528137423857 4
    endloop
  endfacet
  facet normal 0 0 1
    outer loop
      vertex 15.148050297095269 -2.77163859753386 4
      vertex 14.997763534763054 -0.6666842796235226 4
      vertex 14.927612544035284 -0.7612719409963745 4
    endloop
  endfacet
  facet normal 0 0 1
    outer loop
      vertex 15.148050297095269 -2.77163859753386 4
      vertex 15.058305517218026 -0.5656760841911972 4
      vertex 14.997763534763054 -0.6666842796235226 4
    endloop
  endfacet
  facet normal 0 0 1
    outer loop
      vertex 15.148050297095269 -2.77163859753386 4
      vertex 15.108655439013544 -0.4592201188381077 4
      vertex 15.058305517218026 -0.5656760841911972 4
    endloop
  endfacet
  facet normal 0 0 1
    outer loop
      vertex 15.148050297095269 -2.77163859753386 4
      vertex 15.14832840287865 -0.3483416127053548 4
      vertex 15.108655439013544 -0.4592201188381077 4
    endloop
  endfacet
  facet normal 0 0 1
    outer loop
      vertex 15.148050297095269 -2.77163859753386 4
      vertex 15.176942336483876 -0.2341083864193539 4
      vertex 15.14832840287865 -0.3483416127053548 4
    endloop
  endfacet
  facet normal 0 0 1
    outer loop
      vertex 15.148050297095269 -2.77163859753386 4
      vertex 15.194221672006636 -0.11762056839547272 4
      vertex 15.176942336483876 -0.2341083864193539 4
    endloop
  endfacet
  facet normal 0 0 1
    outer loop
      vertex 15.148050297095269 -2.77163859753386 4
      vertex 15.2 0 4
      vertex 15.194221672006636 -0.11762056839547272 4
    endloop
  endfacet
  facet normal 0 0 1
    outer loop
      vertex 15.148050297095269 -2.77163859753386 4
      vertex 15.414190210477994 -2.6457637930450653 4
      vertex 15.414190210477994 2.6457637930450653 4
    endloop
  endfacet
  facet normal 0 0 1
    outer loop
      vertex 15.148050297095269 -2.77163859753386 4
      vertex 15.414190210477994 2.6457637930450653 4
      vertex 15.2 0 4
    endloop
  endfacet
  facet normal 0 0 1
    outer loop
      vertex 15.414190210477994 -2.6457637930450653 4
      vertex 15.666710699058807 -2.4944088369076356 4
      vertex 15.666710699058807 2.4944088369076356 4
    endloop
  endfacet
  facet normal 0 0 1
    outer loop
      vertex 15.666710699058807 -2.4944088369076356 4
      vertex 15.903179852490936 -2.319031360088211 4
      vertex 15.903179852490936 2.319031360088211 4
    endloop
  endfacet
  facet normal 0 0 1
    outer loop
      vertex 15.903179852490936 -2.319031360088211 4
      vertex 16.121320343559642 -2.121320343559643 4
      vertex 16.121320343559642 2.121320343559643 4
    endloop
  endfacet
  facet normal 0 0 1
    outer loop
      vertex 16.121320343559642 -2.121320343559643 4
      vertex 16.31903136008821 -1.9031798524909365 4
      vertex 16.31903136008821 1.9031798524909365 4
    endloop
  endfacet
  facet normal 0 0 1
    outer loop
      vertex 16.31903136008821 -1.9031798524909365 4
      vertex 16.494408836907635 -1.6667106990588065 4
      vertex 16.494408836907635 1.6667106990588065 4
    endloop
  endfacet
  facet normal 0 0 1
    outer loop
      vertex 16.494408836907635 -1.6667106990588065 4
      vertex 16.645763793045067 -1.4141902104779929 4
      vertex 16.645763793045067 1.4141902104779929 4
    endloop
  endfacet
  facet normal 0 0 1
    outer loop
      vertex 16.645763793045067 -1.4141902104779929 4
      vertex 16.771638597533858 -1.1480502970952693 4
      vertex 16.771638597533858 1.1480502970952693 4
    endloop
  endfacet
  facet normal 0 0 1
    outer loop
      vertex 16.771638597533858 -1.1480502970952693 4
      vertex 16.870821007196625 -0.870854031763387 4
      vertex 16.870821007196625 0.870854031763387 4
    endloop
  endfacet
  facet normal 0 0 1
    outer loop
      vertex 16.870821007196625 -0.870854031763387 4
      vertex 16.94235584120969 -0.5852709660483848 4
      vertex 16.94235584120969 0.5852709660483848 4
    endloop
  endfacet
  facet normal 0 0 1
    outer loop
      vertex 16.94235584120969 -0.5852709660483848 4
      vertex 16.985554180016592 -0.2940514209886818 4
      vertex 16.985554180016592 0.2940514209886818 4
    endloop
  endfacet
  facet normal 0 0 -1
    outer loop
      vertex 14.870854031763386 2.8708210071966267 0
      vertex 3.149999998509884 -4.067869961261749 0
      vertex 3.149999998509884 4.067869961261749 0
    endloop
  endfacet
  facet normal 0 0 -1
    outer loop
      vertex 14.870854031763386 2.8708210071966267 0
      vertex 3.149999998509884 4.067869961261749 0
      vertex 2.861186698079109 4.282068505883217 0
    endloop
  endfacet
  facet normal 0 0 1
    outer loop
      vertex 14.870854031763386 2.8708210071966267 4
      vertex 3.149999998509884 4.067869961261749 4
      vertex 3.149999998509884 -4.067869961261749 4
    endloop
  endfacet
  facet normal 0 0 1
    outer loop
      vertex 14.870854031763386 2.8708210071966267 4
      vertex 2.861186698079109 4.282068505883217 4
      vertex 3.149999998509884 4.067869961261749 4
    endloop
  endfacet
  facet normal 0 0 -1
    outer loop
      vertex 14.870854031763386 2.8708210071966267 0
      vertex 2.427693195641041 4.541894510388374 0
      vertex 1.9708196744322777 4.757979594171047 0
    endloop
  endfacet
  facet normal 0 0 -1
    outer loop
      vertex 14.870854031763386 2.8708210071966267 0
      vertex 2.861186698079109 4.282068505883217 0
      vertex 2.427693195641041 4.541894510388374 0
    endloop
  endfacet
  facet normal 0 0 -1
    outer loop
      vertex 2.1771350794084676 7.177052517991566 0
      vertex 14.870854031763386 2.8708210071966267 0
      vertex 1.9708196744322777 4.757979594171047 0
    endloop
  endfacet
  facet normal 0.32125847869681357 0.9469915468817074 0
    outer loop
      vertex 2.1771350794084676 7.177052517991566 0
      vertex 14.870854031763386 2.8708210071966267 4
      vertex 14.870854031763386 2.8708210071966267 0
    endloop
  endfacet
  facet normal 0 0 1
    outer loop
      vertex 14.870854031763386 2.8708210071966267 4
      vertex 2.427693195641041 4.541894510388374 4
      vertex 2.861186698079109 4.282068505883217 4
    endloop
  endfacet
  facet normal 0 0 1
    outer loop
      vertex 2.1771350794084676 7.177052517991566 4
      vertex 2.427693195641041 4.541894510388374 4
      vertex 14.870854031763386 2.8708210071966267 4
    endloop
  endfacet
  facet normal 0.32125847869681357 0.9469915468817074 0
    outer loop
      vertex 2.1771350794084676 7.177052517991566 0
      vertex 2.1771350794084676 7.177052517991566 4
      vertex 14.870854031763386 2.8708210071966267 4
    endloop
  endfacet
  facet normal 0 0 -1
    outer loop
      vertex 14.870854031763386 -2.8708210071966267 0
      vertex 14.870854031763386 2.8708210071966267 0
      vertex 15.148050297095269 2.77163859753386 0
    endloop
  endfacet
  facet normal 0 0 -1
    outer loop
      vertex 15.148050297095269 -2.77163859753386 0
      vertex 15.148050297095269 2.77163859753386 0
      vertex 15.414190210477994 2.6457637930450653 0
    endloop
  endfacet
  facet normal 0 0 -1
    outer loop
      vertex 15.414190210477994 -2.6457637930450653 0
      vertex 15.414190210477994 2.6457637930450653 0
      vertex 15.666710699058807 2.4944088369076356 0
    endloop
  endfacet
  facet normal 0 0 -1
    outer loop
      vertex 15.666710699058807 -2.4944088369076356 0
      vertex 15.666710699058807 2.4944088369076356 0
      vertex 15.903179852490936 2.319031360088211 0
    endloop
  endfacet
  facet normal 0 0 -1
    outer loop
      vertex 16.121320343559642 -2.121320343559643 0
      vertex 16.121320343559642 2.121320343559643 0
      vertex 16.31903136008821 1.9031798524909365 0
    endloop
  endfacet
  facet normal 0 0 -1
    outer loop
      vertex 15.903179852490936 -2.319031360088211 0
      vertex 15.903179852490936 2.319031360088211 0
      vertex 16.121320343559642 2.121320343559643 0
    endloop
  endfacet
  facet normal 0 0 -1
    outer loop
      vertex 16.985554180016592 -0.2940514209886818 0
      vertex 16.985554180016592 0.2940514209886818 0
      vertex 17 0 0
    endloop
  endfacet
  facet normal 0 0 -1
    outer loop
      vertex 16.94235584120969 -0.5852709660483848 0
      vertex 16.94235584120969 0.5852709660483848 0
      vertex 16.985554180016592 0.2940514209886818 0
    endloop
  endfacet
  facet normal 0 0 -1
    outer loop
      vertex 16.870821007196625 -0.870854031763387 0
      vertex 16.870821007196625 0.870854031763387 0
      vertex 16.94235584120969 0.5852709660483848 0
    endloop
  endfacet
  facet normal 0 0 -1
    outer loop
      vertex 16.771638597533858 -1.1480502970952693 0
      vertex 16.771638597533858 1.1480502970952693 0
      vertex 16.870821007196625 0.870854031763387 0
    endloop
  endfacet
  facet normal 0 0 -1
    outer loop
      vertex 16.645763793045067 -1.4141902104779929 0
      vertex 16.645763793045067 1.4141902104779929 0
      vertex 16.771638597533858 1.1480502970952693 0
    endloop
  endfacet
  facet normal 0 0 -1
    outer loop
      vertex 16.31903136008821 -1.9031798524909365 0
      vertex 16.31903136008821 1.9031798524909365 0
      vertex 16.494408836907635 1.6667106990588065 0
    endloop
  endfacet
  facet normal 0 0 -1
    outer loop
      vertex 16.494408836907635 -1.6667106990588065 0
      vertex 16.494408836907635 1.6667106990588065 0
      vertex 16.645763793045067 1.4141902104779929 0
    endloop
  endfacet
  facet normal 0.9987954562051726 0.04906767432741231 0
    outer loop
      vertex 17 0 0
      vertex 16.985554180016592 0.2940514209886818 0
      vertex 17 0 4
    endloop
  endfacet
  facet normal 0.9891765099647792 0.14673047445537343 0
    outer loop
      vertex 16.985554180016592 0.2940514209886818 0
      vertex 16.94235584120969 0.5852709660483848 0
      vertex 16.985554180016592 0.2940514209886818 4
    endloop
  endfacet
  facet normal 0.9700312531945442 0.24298017990326345 0
    outer loop
      vertex 16.94235584120969 0.5852709660483848 0
      vertex 16.870821007196625 0.870854031763387 0
      vertex 16.94235584120969 0.5852709660483848 4
    endloop
  endfacet
  facet normal 0.9415440651830204 0.3368898533922211 0
    outer loop
      vertex 16.870821007196625 0.870854031763387 0
      vertex 16.771638597533858 1.1480502970952693 0
      vertex 16.870821007196625 0.870854031763387 4
    endloop
  endfacet
  facet normal 0.9039892931234479 0.42755509343027226 0
    outer loop
      vertex 16.771638597533858 1.1480502970952693 0
      vertex 16.645763793045067 1.4141902104779929 0
      vertex 16.771638597533858 1.1480502970952693 4
    endloop
  endfacet
  facet normal 0.8577286100002682 0.5141027441932281 0
    outer loop
      vertex 16.494408836907635 1.6667106990588065 0
      vertex 16.645763793045067 1.4141902104779929 4
      vertex 16.645763793045067 1.4141902104779929 0
    endloop
  endfacet
  facet normal 0.8032075314806462 0.5956993044924314 0
    outer loop
      vertex 16.494408836907635 1.6667106990588065 0
      vertex 16.31903136008821 1.9031798524909365 0
      vertex 16.494408836907635 1.6667106990588065 4
    endloop
  endfacet
  facet normal 0.33688985339222066 0.9415440651830206 0
    outer loop
      vertex 15.148050297095269 2.77163859753386 0
      vertex 14.870854031763386 2.8708210071966267 0
      vertex 15.148050297095269 2.77163859753386 4
    endloop
  endfacet
  facet normal 0.4275550934302792 0.9039892931234448 0
    outer loop
      vertex 15.148050297095269 2.77163859753386 0
      vertex 15.414190210477994 2.6457637930450653 4
      vertex 15.414190210477994 2.6457637930450653 0
    endloop
  endfacet
  facet normal 0.671558954847019 0.7409511253549587 0
    outer loop
      vertex 15.903179852490936 2.319031360088211 0
      vertex 16.121320343559642 2.121320343559643 4
      vertex 16.121320343559642 2.121320343559643 0
    endloop
  endfacet
  facet normal 0.5141027441932225 0.8577286100002717 0
    outer loop
      vertex 15.414190210477994 2.6457637930450653 0
      vertex 15.666710699058807 2.4944088369076356 4
      vertex 15.666710699058807 2.4944088369076356 0
    endloop
  endfacet
  facet normal 0.5956993044924342 0.8032075314806443 0
    outer loop
      vertex 15.903179852490936 2.319031360088211 0
      vertex 15.666710699058807 2.4944088369076356 0
      vertex 15.903179852490936 2.319031360088211 4
    endloop
  endfacet
  facet normal 0.7409511253549588 0.6715589548470186 0
    outer loop
      vertex 16.121320343559642 2.121320343559643 0
      vertex 16.31903136008821 1.9031798524909365 4
      vertex 16.31903136008821 1.9031798524909365 0
    endloop
  endfacet
  facet normal 0 0 1
    outer loop
      vertex 13.333315720376477 0.9977635347630542 4
      vertex 13.434323915808802 1.058305517218026 4
      vertex 14.870854031763386 2.8708210071966267 4
    endloop
  endfacet
  facet normal 0.9987954562051726 0.04906767432741231 0
    outer loop
      vertex 16.985554180016592 0.2940514209886818 0
      vertex 16.985554180016592 0.2940514209886818 4
      vertex 17 0 4
    endloop
  endfacet
  facet normal 0.9891765099647792 0.14673047445537343 0
    outer loop
      vertex 16.94235584120969 0.5852709660483848 0
      vertex 16.94235584120969 0.5852709660483848 4
      vertex 16.985554180016592 0.2940514209886818 4
    endloop
  endfacet
  facet normal 0.9700312531945442 0.24298017990326345 0
    outer loop
      vertex 16.870821007196625 0.870854031763387 0
      vertex 16.870821007196625 0.870854031763387 4
      vertex 16.94235584120969 0.5852709660483848 4
    endloop
  endfacet
  facet normal 0.9415440651830204 0.3368898533922211 0
    outer loop
      vertex 16.771638597533858 1.1480502970952693 0
      vertex 16.771638597533858 1.1480502970952693 4
      vertex 16.870821007196625 0.870854031763387 4
    endloop
  endfacet
  facet normal 0.9039892931234479 0.42755509343027226 0
    outer loop
      vertex 16.645763793045067 1.4141902104779929 0
      vertex 16.645763793045067 1.4141902104779929 4
      vertex 16.771638597533858 1.1480502970952693 4
    endloop
  endfacet
  facet normal 0.8577286100002682 0.5141027441932281 0
    outer loop
      vertex 16.494408836907635 1.6667106990588065 0
      vertex 16.494408836907635 1.6667106990588065 4
      vertex 16.645763793045067 1.4141902104779929 4
    endloop
  endfacet
  facet normal 0.8032075314806462 0.5956993044924314 0
    outer loop
      vertex 16.31903136008821 1.9031798524909365 0
      vertex 16.31903136008821 1.9031798524909365 4
      vertex 16.494408836907635 1.6667106990588065 4
    endloop
  endfacet
  facet normal 0 0 1
    outer loop
      vertex 15.2 0 4
      vertex 15.414190210477994 2.6457637930450653 4
      vertex 15.194221672006636 0.11762056839547272 4
    endloop
  endfacet
  facet normal 0 0 1
    outer loop
      vertex 13.434323915808802 1.058305517218026 4
      vertex 13.540779881161892 1.1086554390135441 4
      vertex 14.870854031763386 2.8708210071966267 4
    endloop
  endfacet
  facet normal 0 0 1
    outer loop
      vertex 13.540779881161892 1.1086554390135441 4
      vertex 13.651658387294646 1.1483284028786505 4
      vertex 14.870854031763386 2.8708210071966267 4
    endloop
  endfacet
  facet normal 0 0 1
    outer loop
      vertex 13.651658387294646 1.1483284028786505 4
      vertex 13.765891613580646 1.1769423364838765 4
      vertex 14.870854031763386 2.8708210071966267 4
    endloop
  endfacet
  facet normal 0 0 1
    outer loop
      vertex 13.765891613580646 1.1769423364838765 4
      vertex 13.882379431604527 1.1942216720066363 4
      vertex 14.870854031763386 2.8708210071966267 4
    endloop
  endfacet
  facet normal 0 0 1
    outer loop
      vertex 13.882379431604527 1.1942216720066363 4
      vertex 14 1.2 4
      vertex 14.870854031763386 2.8708210071966267 4
    endloop
  endfacet
  facet normal 0 0 1
    outer loop
      vertex 14 1.2 4
      vertex 14.117620568395473 1.1942216720066363 4
      vertex 14.870854031763386 2.8708210071966267 4
    endloop
  endfacet
  facet normal 0 0 1
    outer loop
      vertex 14.117620568395473 1.1942216720066363 4
      vertex 14.234108386419354 1.1769423364838765 4
      vertex 14.870854031763386 2.8708210071966267 4
    endloop
  endfacet
  facet normal 0 0 1
    outer loop
      vertex 14.234108386419354 1.1769423364838765 4
      vertex 14.348341612705354 1.1483284028786505 4
      vertex 14.870854031763386 2.8708210071966267 4
    endloop
  endfacet
  facet normal 0 0 1
    outer loop
      vertex 14.348341612705354 1.1483284028786505 4
      vertex 14.459220118838108 1.1086554390135441 4
      vertex 14.870854031763386 2.8708210071966267 4
    endloop
  endfacet
  facet normal 0 0 1
    outer loop
      vertex 14.459220118838108 1.1086554390135441 4
      vertex 14.565676084191198 1.058305517218026 4
      vertex 14.870854031763386 2.8708210071966267 4
    endloop
  endfacet
  facet normal 0 0 1
    outer loop
      vertex 14.666684279623523 0.9977635347630542 4
      vertex 14.870854031763386 2.8708210071966267 4
      vertex 14.565676084191198 1.058305517218026 4
    endloop
  endfacet
  facet normal 0 0 1
    outer loop
      vertex 15.058305517218026 0.5656760841911972 4
      vertex 15.148050297095269 2.77163859753386 4
      vertex 14.997763534763054 0.6666842796235226 4
    endloop
  endfacet
  facet normal 0 0 1
    outer loop
      vertex 14.997763534763054 0.6666842796235226 4
      vertex 15.148050297095269 2.77163859753386 4
      vertex 14.927612544035284 0.7612719409963745 4
    endloop
  endfacet
  facet normal 0 0 1
    outer loop
      vertex 15.176942336483876 0.2341083864193539 4
      vertex 15.194221672006636 0.11762056839547272 4
      vertex 15.414190210477994 2.6457637930450653 4
    endloop
  endfacet
  facet normal 0 0 1
    outer loop
      vertex 15.176942336483876 0.2341083864193539 4
      vertex 15.414190210477994 2.6457637930450653 4
      vertex 15.14832840287865 0.3483416127053548 4
    endloop
  endfacet
  facet normal 0 0 1
    outer loop
      vertex 15.14832840287865 0.3483416127053548 4
      vertex 15.148050297095269 2.77163859753386 4
      vertex 15.108655439013544 0.4592201188381077 4
    endloop
  endfacet
  facet normal 0 0 1
    outer loop
      vertex 15.108655439013544 0.4592201188381077 4
      vertex 15.148050297095269 2.77163859753386 4
      vertex 15.058305517218026 0.5656760841911972 4
    endloop
  endfacet
  facet normal 0 0 1
    outer loop
      vertex 14.848528137423857 0.848528137423857 4
      vertex 14.927612544035284 0.7612719409963745 4
      vertex 14.870854031763386 2.8708210071966267 4
    endloop
  endfacet
  facet normal 0 0 1
    outer loop
      vertex 14.761271940996375 0.9276125440352844 4
      vertex 14.870854031763386 2.8708210071966267 4
      vertex 14.666684279623523 0.9977635347630542 4
    endloop
  endfacet
  facet normal 0 0 1
    outer loop
      vertex 14.761271940996375 0.9276125440352844 4
      vertex 14.848528137423857 0.848528137423857 4
      vertex 14.870854031763386 2.8708210071966267 4
    endloop
  endfacet
  facet normal 0 0 1
    outer loop
      vertex 15.414190210477994 -2.6457637930450653 4
      vertex 15.666710699058807 2.4944088369076356 4
      vertex 15.414190210477994 2.6457637930450653 4
    endloop
  endfacet
  facet normal 0 0 1
    outer loop
      vertex 15.666710699058807 -2.4944088369076356 4
      vertex 15.903179852490936 2.319031360088211 4
      vertex 15.666710699058807 2.4944088369076356 4
    endloop
  endfacet
  facet normal 0 0 1
    outer loop
      vertex 16.121320343559642 -2.121320343559643 4
      vertex 16.31903136008821 1.9031798524909365 4
      vertex 16.121320343559642 2.121320343559643 4
    endloop
  endfacet
  facet normal 0 0 1
    outer loop
      vertex 15.903179852490936 -2.319031360088211 4
      vertex 16.121320343559642 2.121320343559643 4
      vertex 15.903179852490936 2.319031360088211 4
    endloop
  endfacet
  facet normal 0 0 1
    outer loop
      vertex 16.985554180016592 -0.2940514209886818 4
      vertex 17 0 4
      vertex 16.985554180016592 0.2940514209886818 4
    endloop
  endfacet
  facet normal 0 0 1
    outer loop
      vertex 16.94235584120969 -0.5852709660483848 4
      vertex 16.985554180016592 0.2940514209886818 4
      vertex 16.94235584120969 0.5852709660483848 4
    endloop
  endfacet
  facet normal 0 0 1
    outer loop
      vertex 16.870821007196625 -0.870854031763387 4
      vertex 16.94235584120969 0.5852709660483848 4
      vertex 16.870821007196625 0.870854031763387 4
    endloop
  endfacet
  facet normal 0 0 1
    outer loop
      vertex 16.771638597533858 -1.1480502970952693 4
      vertex 16.870821007196625 0.870854031763387 4
      vertex 16.771638597533858 1.1480502970952693 4
    endloop
  endfacet
  facet normal 0 0 1
    outer loop
      vertex 16.645763793045067 -1.4141902104779929 4
      vertex 16.771638597533858 1.1480502970952693 4
      vertex 16.645763793045067 1.4141902104779929 4
    endloop
  endfacet
  facet normal 0 0 1
    outer loop
      vertex 16.31903136008821 -1.9031798524909365 4
      vertex 16.494408836907635 1.6667106990588065 4
      vertex 16.31903136008821 1.9031798524909365 4
    endloop
  endfacet
  facet normal 0 0 1
    outer loop
      vertex 16.494408836907635 -1.6667106990588065 4
      vertex 16.645763793045067 1.4141902104779929 4
      vertex 16.494408836907635 1.6667106990588065 4
    endloop
  endfacet
  facet normal 0.4275550934302792 0.9039892931234448 0
    outer loop
      vertex 15.148050297095269 2.77163859753386 0
      vertex 15.148050297095269 2.77163859753386 4
      vertex 15.414190210477994 2.6457637930450653 4
    endloop
  endfacet
  facet normal 0.33688985339222066 0.9415440651830206 0
    outer loop
      vertex 14.870854031763386 2.8708210071966267 0
      vertex 14.870854031763386 2.8708210071966267 4
      vertex 15.148050297095269 2.77163859753386 4
    endloop
  endfacet
  facet normal 0.7409511253549588 0.6715589548470186 0
    outer loop
      vertex 16.121320343559642 2.121320343559643 0
      vertex 16.121320343559642 2.121320343559643 4
      vertex 16.31903136008821 1.9031798524909365 4
    endloop
  endfacet
  facet normal 0.671558954847019 0.7409511253549587 0
    outer loop
      vertex 15.903179852490936 2.319031360088211 0
      vertex 15.903179852490936 2.319031360088211 4
      vertex 16.121320343559642 2.121320343559643 4
    endloop
  endfacet
  facet normal 0.5956993044924342 0.8032075314806443 0
    outer loop
      vertex 15.666710699058807 2.4944088369076356 0
      vertex 15.666710699058807 2.4944088369076356 4
      vertex 15.903179852490936 2.319031360088211 4
    endloop
  endfacet
  facet normal 0.5141027441932225 0.8577286100002717 0
    outer loop
      vertex 15.414190210477994 2.6457637930450653 0
      vertex 15.414190210477994 2.6457637930450653 4
      vertex 15.666710699058807 2.4944088369076356 4
    endloop
  endfacet
  facet normal 0 0 1
    outer loop
      vertex 14.927612544035284 0.7612719409963745 4
      vertex 15.148050297095269 2.77163859753386 4
      vertex 14.870854031763386 2.8708210071966267 4
    endloop
  endfacet
  facet normal 0 0 1
    outer loop
      vertex 15.14832840287865 0.3483416127053548 4
      vertex 15.414190210477994 2.6457637930450653 4
      vertex 15.148050297095269 2.77163859753386 4
    endloop
  endfacet
  facet normal -0.5956993044924317 -0.803207531480646 0
    outer loop
      vertex 13.333315720376477 -0.9977635347630542 4
      vertex 13.333315720376477 -0.9977635347630542 9.99
      vertex 13.238728059003625 -0.9276125440352844 4
    endloop
  endfacet
  facet normal -0.4275550934302796 -0.9039892931234446 0
    outer loop
      vertex 13.434323915808802 -1.058305517218026 4
      vertex 13.540779881161892 -1.1086554390135441 4
      vertex 13.540779881161892 -1.1086554390135441 9.99
    endloop
  endfacet
  facet normal -0.5141027441932247 -0.8577286100002703 0
    outer loop
      vertex 13.333315720376477 -0.9977635347630542 4
      vertex 13.434323915808802 -1.058305517218026 4
      vertex 13.434323915808802 -1.058305517218026 9.99
    endloop
  endfacet
  facet normal -0.14673047445536316 -0.9891765099647807 0
    outer loop
      vertex 13.765891613580646 -1.1769423364838765 4
      vertex 13.882379431604527 -1.1942216720066363 4
      vertex 13.882379431604527 -1.1942216720066363 9.99
    endloop
  endfacet
  facet normal -0.336889853392218 -0.9415440651830215 0
    outer loop
      vertex 13.540779881161892 -1.1086554390135441 4
      vertex 13.651658387294646 -1.1483284028786505 4
      vertex 13.651658387294646 -1.1483284028786505 9.99
    endloop
  endfacet
  facet normal -0.24298017990326626 -0.9700312531945434 0
    outer loop
      vertex 13.765891613580646 -1.1769423364838765 4
      vertex 13.765891613580646 -1.1769423364838765 9.99
      vertex 13.651658387294646 -1.1483284028786505 4
    endloop
  endfacet
  facet normal -0.8032075314806447 -0.5956993044924337 0
    outer loop
      vertex 13.072387455964716 -0.7612719409963745 4
      vertex 13.072387455964716 -0.7612719409963745 9.99
      vertex 13.002236465236946 -0.6666842796235226 4
    endloop
  endfacet
  facet normal -0.7409511253549602 -0.6715589548470172 0
    outer loop
      vertex 13.151471862576143 -0.848528137423857 4
      vertex 13.151471862576143 -0.848528137423857 9.99
      vertex 13.072387455964716 -0.7612719409963745 4
    endloop
  endfacet
  facet normal -0.903989293123441 -0.4275550934302869 0
    outer loop
      vertex 12.941694482781974 -0.5656760841911972 4
      vertex 12.941694482781974 -0.5656760841911972 9.99
      vertex 12.891344560986456 -0.4592201188381077 4
    endloop
  endfacet
  facet normal -0.8577286100002735 -0.5141027441932193 0
    outer loop
      vertex 12.941694482781974 -0.5656760841911972 4
      vertex 13.002236465236946 -0.6666842796235226 4
      vertex 13.002236465236946 -0.6666842796235226 9.99
    endloop
  endfacet
  facet normal -0.9415440651830214 -0.33688985339221844 0
    outer loop
      vertex 12.891344560986456 -0.4592201188381077 4
      vertex 12.891344560986456 -0.4592201188381077 9.99
      vertex 12.85167159712135 -0.3483416127053548 4
    endloop
  endfacet
  facet normal -0.9700312531945456 -0.24298017990325776 0
    outer loop
      vertex 12.85167159712135 -0.3483416127053548 4
      vertex 12.85167159712135 -0.3483416127053548 9.99
      vertex 12.823057663516124 -0.2341083864193539 4
    endloop
  endfacet
  facet normal -0.9891765099647806 -0.1467304744553646 0
    outer loop
      vertex 12.823057663516124 -0.2341083864193539 4
      vertex 12.823057663516124 -0.2341083864193539 9.99
      vertex 12.805778327993364 -0.11762056839547272 4
    endloop
  endfacet
  facet normal -0.9987954562051725 -0.04906767432741533 0
    outer loop
      vertex 12.805778327993364 -0.11762056839547272 4
      vertex 12.805778327993364 -0.11762056839547272 9.99
      vertex 12.8 0 4
    endloop
  endfacet
  facet normal -0.6715589548470191 -0.7409511253549584 0
    outer loop
      vertex 13.151471862576143 -0.848528137423857 4
      vertex 13.238728059003625 -0.9276125440352844 4
      vertex 13.238728059003625 -0.9276125440352844 9.99
    endloop
  endfacet
  facet normal -0.04906767432741691 -0.9987954562051724 0
    outer loop
      vertex 13.882379431604527 -1.1942216720066363 4
      vertex 14 -1.2 4
      vertex 14 -1.2 9.99
    endloop
  endfacet
  facet normal 0.04906767432741691 -0.9987954562051724 0
    outer loop
      vertex 14 -1.2 4
      vertex 14.117620568395473 -1.1942216720066363 4
      vertex 14.117620568395473 -1.1942216720066363 9.99
    endloop
  endfacet
  facet normal 0.14673047445536316 -0.9891765099647807 0
    outer loop
      vertex 14.117620568395473 -1.1942216720066363 4
      vertex 14.234108386419354 -1.1769423364838765 4
      vertex 14.234108386419354 -1.1769423364838765 9.99
    endloop
  endfacet
  facet normal 0.24298017990326626 -0.9700312531945434 0
    outer loop
      vertex 14.234108386419354 -1.1769423364838765 4
      vertex 14.348341612705354 -1.1483284028786505 4
      vertex 14.348341612705354 -1.1483284028786505 9.99
    endloop
  endfacet
  facet normal 0.336889853392218 -0.9415440651830215 0
    outer loop
      vertex 14.348341612705354 -1.1483284028786505 4
      vertex 14.459220118838108 -1.1086554390135441 4
      vertex 14.459220118838108 -1.1086554390135441 9.99
    endloop
  endfacet
  facet normal 0.4275550934302796 -0.9039892931234446 0
    outer loop
      vertex 14.459220118838108 -1.1086554390135441 4
      vertex 14.565676084191198 -1.058305517218026 4
      vertex 14.565676084191198 -1.058305517218026 9.99
    endloop
  endfacet
  facet normal 0.5141027441932247 -0.8577286100002703 0
    outer loop
      vertex 14.565676084191198 -1.058305517218026 4
      vertex 14.666684279623523 -0.9977635347630542 4
      vertex 14.666684279623523 -0.9977635347630542 9.99
    endloop
  endfacet
  facet normal 0.5956993044924317 -0.803207531480646 0
    outer loop
      vertex 14.666684279623523 -0.9977635347630542 4
      vertex 14.761271940996375 -0.9276125440352844 4
      vertex 14.761271940996375 -0.9276125440352844 9.99
    endloop
  endfacet
  facet normal 0.6715589548470191 -0.7409511253549584 0
    outer loop
      vertex 14.761271940996375 -0.9276125440352844 4
      vertex 14.848528137423857 -0.848528137423857 4
      vertex 14.848528137423857 -0.848528137423857 9.99
    endloop
  endfacet
  facet normal 0.7409511253549602 -0.6715589548470172 0
    outer loop
      vertex 14.848528137423857 -0.848528137423857 4
      vertex 14.927612544035284 -0.7612719409963745 4
      vertex 14.927612544035284 -0.7612719409963745 9.99
    endloop
  endfacet
  facet normal 0.8032075314806447 -0.5956993044924337 0
    outer loop
      vertex 14.927612544035284 -0.7612719409963745 4
      vertex 14.997763534763054 -0.6666842796235226 4
      vertex 14.997763534763054 -0.6666842796235226 9.99
    endloop
  endfacet
  facet normal 0.8577286100002735 -0.5141027441932193 0
    outer loop
      vertex 14.997763534763054 -0.6666842796235226 4
      vertex 15.058305517218026 -0.5656760841911972 4
      vertex 15.058305517218026 -0.5656760841911972 9.99
    endloop
  endfacet
  facet normal 0.903989293123441 -0.4275550934302869 0
    outer loop
      vertex 15.058305517218026 -0.5656760841911972 4
      vertex 15.108655439013544 -0.4592201188381077 4
      vertex 15.108655439013544 -0.4592201188381077 9.99
    endloop
  endfacet
  facet normal 0.9415440651830214 -0.33688985339221844 0
    outer loop
      vertex 15.108655439013544 -0.4592201188381077 4
      vertex 15.14832840287865 -0.3483416127053548 4
      vertex 15.14832840287865 -0.3483416127053548 9.99
    endloop
  endfacet
  facet normal 0.9700312531945456 -0.24298017990325776 0
    outer loop
      vertex 15.14832840287865 -0.3483416127053548 4
      vertex 15.176942336483876 -0.2341083864193539 4
      vertex 15.176942336483876 -0.2341083864193539 9.99
    endloop
  endfacet
  facet normal 0.9891765099647806 -0.1467304744553646 0
    outer loop
      vertex 15.176942336483876 -0.2341083864193539 4
      vertex 15.194221672006636 -0.11762056839547272 4
      vertex 15.194221672006636 -0.11762056839547272 9.99
    endloop
  endfacet
  facet normal 0.9987954562051725 -0.04906767432741533 0
    outer loop
      vertex 15.194221672006636 -0.11762056839547272 4
      vertex 15.2 0 4
      vertex 15.2 0 9.99
    endloop
  endfacet
  facet normal -0.5956993044924317 -0.803207531480646 0
    outer loop
      vertex 13.238728059003625 -0.9276125440352844 4
      vertex 13.333315720376477 -0.9977635347630542 9.99
      vertex 13.238728059003625 -0.9276125440352844 9.99
    endloop
  endfacet
  facet normal -0.4275550934302796 -0.9039892931234446 0
    outer loop
      vertex 13.434323915808802 -1.058305517218026 4
      vertex 13.540779881161892 -1.1086554390135441 9.99
      vertex 13.434323915808802 -1.058305517218026 9.99
    endloop
  endfacet
  facet normal -0.5141027441932247 -0.8577286100002703 0
    outer loop
      vertex 13.333315720376477 -0.9977635347630542 4
      vertex 13.434323915808802 -1.058305517218026 9.99
      vertex 13.333315720376477 -0.9977635347630542 9.99
    endloop
  endfacet
  facet normal -0.14673047445536316 -0.9891765099647807 0
    outer loop
      vertex 13.765891613580646 -1.1769423364838765 4
      vertex 13.882379431604527 -1.1942216720066363 9.99
      vertex 13.765891613580646 -1.1769423364838765 9.99
    endloop
  endfacet
  facet normal -0.04906767432741691 -0.9987954562051724 0
    outer loop
      vertex 13.882379431604527 -1.1942216720066363 4
      vertex 14 -1.2 9.99
      vertex 13.882379431604527 -1.1942216720066363 9.99
    endloop
  endfacet
  facet normal -0.336889853392218 -0.9415440651830215 0
    outer loop
      vertex 13.540779881161892 -1.1086554390135441 4
      vertex 13.651658387294646 -1.1483284028786505 9.99
      vertex 13.540779881161892 -1.1086554390135441 9.99
    endloop
  endfacet
  facet normal -0.24298017990326626 -0.9700312531945434 0
    outer loop
      vertex 13.651658387294646 -1.1483284028786505 4
      vertex 13.765891613580646 -1.1769423364838765 9.99
      vertex 13.651658387294646 -1.1483284028786505 9.99
    endloop
  endfacet
  facet normal -0.7409511253549602 -0.6715589548470172 0
    outer loop
      vertex 13.072387455964716 -0.7612719409963745 4
      vertex 13.151471862576143 -0.848528137423857 9.99
      vertex 13.072387455964716 -0.7612719409963745 9.99
    endloop
  endfacet
  facet normal -0.8577286100002735 -0.5141027441932193 0
    outer loop
      vertex 12.941694482781974 -0.5656760841911972 4
      vertex 13.002236465236946 -0.6666842796235226 9.99
      vertex 12.941694482781974 -0.5656760841911972 9.99
    endloop
  endfacet
  facet normal -0.903989293123441 -0.4275550934302869 0
    outer loop
      vertex 12.891344560986456 -0.4592201188381077 4
      vertex 12.941694482781974 -0.5656760841911972 9.99
      vertex 12.891344560986456 -0.4592201188381077 9.99
    endloop
  endfacet
  facet normal -0.8032075314806447 -0.5956993044924337 0
    outer loop
      vertex 13.002236465236946 -0.6666842796235226 4
      vertex 13.072387455964716 -0.7612719409963745 9.99
      vertex 13.002236465236946 -0.6666842796235226 9.99
    endloop
  endfacet
  facet normal -0.9415440651830214 -0.33688985339221844 0
    outer loop
      vertex 12.85167159712135 -0.3483416127053548 4
      vertex 12.891344560986456 -0.4592201188381077 9.99
      vertex 12.85167159712135 -0.3483416127053548 9.99
    endloop
  endfacet
  facet normal -0.9700312531945456 -0.24298017990325776 0
    outer loop
      vertex 12.823057663516124 -0.2341083864193539 4
      vertex 12.85167159712135 -0.3483416127053548 9.99
      vertex 12.823057663516124 -0.2341083864193539 9.99
    endloop
  endfacet
  facet normal -0.9891765099647806 -0.1467304744553646 0
    outer loop
      vertex 12.805778327993364 -0.11762056839547272 4
      vertex 12.823057663516124 -0.2341083864193539 9.99
      vertex 12.805778327993364 -0.11762056839547272 9.99
    endloop
  endfacet
  facet normal -0.9987954562051725 -0.04906767432741533 0
    outer loop
      vertex 12.805778327993364 -0.11762056839547272 9.99
      vertex 12.8 0 9.99
      vertex 12.8 0 4
    endloop
  endfacet
  facet normal -0.6715589548470191 -0.7409511253549584 0
    outer loop
      vertex 13.151471862576143 -0.848528137423857 4
      vertex 13.238728059003625 -0.9276125440352844 9.99
      vertex 13.151471862576143 -0.848528137423857 9.99
    endloop
  endfacet
  facet normal 0 0 1
    outer loop
      vertex 13.072387455964716 -0.7612719409963745 9.99
      vertex 13.002236465236946 0.6666842796235226 9.99
      vertex 13.002236465236946 -0.6666842796235226 9.99
    endloop
  endfacet
  facet normal 0 0 1
    outer loop
      vertex 13.151471862576143 -0.848528137423857 9.99
      vertex 13.072387455964716 0.7612719409963745 9.99
      vertex 13.072387455964716 -0.7612719409963745 9.99
    endloop
  endfacet
  facet normal 0 0 1
    outer loop
      vertex 12.891344560986456 -0.4592201188381077 9.99
      vertex 12.85167159712135 0.3483416127053548 9.99
      vertex 12.85167159712135 -0.3483416127053548 9.99
    endloop
  endfacet
  facet normal 0 0 1
    outer loop
      vertex 12.941694482781974 -0.5656760841911972 9.99
      vertex 12.891344560986456 0.4592201188381077 9.99
      vertex 12.891344560986456 -0.4592201188381077 9.99
    endloop
  endfacet
  facet normal 0 0 1
    outer loop
      vertex 12.941694482781974 -0.5656760841911972 9.99
      vertex 13.002236465236946 -0.6666842796235226 9.99
      vertex 12.941694482781974 0.5656760841911972 9.99
    endloop
  endfacet
  facet normal 0 0 1
    outer loop
      vertex 12.85167159712135 -0.3483416127053548 9.99
      vertex 12.823057663516124 0.2341083864193539 9.99
      vertex 12.823057663516124 -0.2341083864193539 9.99
    endloop
  endfacet
  facet normal 0 0 1
    outer loop
      vertex 12.823057663516124 -0.2341083864193539 9.99
      vertex 12.805778327993364 0.11762056839547272 9.99
      vertex 12.805778327993364 -0.11762056839547272 9.99
    endloop
  endfacet
  facet normal 0 0 1
    outer loop
      vertex 13.151471862576143 -0.848528137423857 9.99
      vertex 13.238728059003625 -0.9276125440352844 9.99
      vertex 13.151471862576143 0.848528137423857 9.99
    endloop
  endfacet
  facet normal 0 0 1
    outer loop
      vertex 13.333315720376477 -0.9977635347630542 9.99
      vertex 13.238728059003625 0.9276125440352844 9.99
      vertex 13.238728059003625 -0.9276125440352844 9.99
    endloop
  endfacet
  facet normal 0 0 1
    outer loop
      vertex 13.333315720376477 -0.9977635347630542 9.99
      vertex 13.434323915808802 -1.058305517218026 9.99
      vertex 13.333315720376477 0.9977635347630542 9.99
    endloop
  endfacet
  facet normal 0 0 1
    outer loop
      vertex 13.434323915808802 -1.058305517218026 9.99
      vertex 13.540779881161892 -1.1086554390135441 9.99
      vertex 13.434323915808802 1.058305517218026 9.99
    endloop
  endfacet
  facet normal 0 0 1
    outer loop
      vertex 13.540779881161892 -1.1086554390135441 9.99
      vertex 13.651658387294646 -1.1483284028786505 9.99
      vertex 13.540779881161892 1.1086554390135441 9.99
    endloop
  endfacet
  facet normal 0 0 1
    outer loop
      vertex 13.765891613580646 -1.1769423364838765 9.99
      vertex 13.651658387294646 1.1483284028786505 9.99
      vertex 13.651658387294646 -1.1483284028786505 9.99
    endloop
  endfacet
  facet normal 0 0 1
    outer loop
      vertex 13.765891613580646 -1.1769423364838765 9.99
      vertex 13.882379431604527 -1.1942216720066363 9.99
      vertex 13.765891613580646 1.1769423364838765 9.99
    endloop
  endfacet
  facet normal 0 0 1
    outer loop
      vertex 13.882379431604527 -1.1942216720066363 9.99
      vertex 14 -1.2 9.99
      vertex 13.882379431604527 1.1942216720066363 9.99
    endloop
  endfacet
  facet normal 0.04906767432741691 -0.9987954562051724 0
    outer loop
      vertex 14 -1.2 4
      vertex 14.117620568395473 -1.1942216720066363 9.99
      vertex 14 -1.2 9.99
    endloop
  endfacet
  facet normal 0.14673047445536316 -0.9891765099647807 0
    outer loop
      vertex 14.117620568395473 -1.1942216720066363 4
      vertex 14.234108386419354 -1.1769423364838765 9.99
      vertex 14.117620568395473 -1.1942216720066363 9.99
    endloop
  endfacet
  facet normal 0.24298017990326626 -0.9700312531945434 0
    outer loop
      vertex 14.234108386419354 -1.1769423364838765 4
      vertex 14.348341612705354 -1.1483284028786505 9.99
      vertex 14.234108386419354 -1.1769423364838765 9.99
    endloop
  endfacet
  facet normal 0.336889853392218 -0.9415440651830215 0
    outer loop
      vertex 14.348341612705354 -1.1483284028786505 4
      vertex 14.459220118838108 -1.1086554390135441 9.99
      vertex 14.348341612705354 -1.1483284028786505 9.99
    endloop
  endfacet
  facet normal 0.4275550934302796 -0.9039892931234446 0
    outer loop
      vertex 14.459220118838108 -1.1086554390135441 4
      vertex 14.565676084191198 -1.058305517218026 9.99
      vertex 14.459220118838108 -1.1086554390135441 9.99
    endloop
  endfacet
  facet normal 0.5141027441932247 -0.8577286100002703 0
    outer loop
      vertex 14.565676084191198 -1.058305517218026 4
      vertex 14.666684279623523 -0.9977635347630542 9.99
      vertex 14.565676084191198 -1.058305517218026 9.99
    endloop
  endfacet
  facet normal 0.5956993044924317 -0.803207531480646 0
    outer loop
      vertex 14.666684279623523 -0.9977635347630542 4
      vertex 14.761271940996375 -0.9276125440352844 9.99
      vertex 14.666684279623523 -0.9977635347630542 9.99
    endloop
  endfacet
  facet normal 0.6715589548470191 -0.7409511253549584 0
    outer loop
      vertex 14.761271940996375 -0.9276125440352844 4
      vertex 14.848528137423857 -0.848528137423857 9.99
      vertex 14.761271940996375 -0.9276125440352844 9.99
    endloop
  endfacet
  facet normal 0.7409511253549602 -0.6715589548470172 0
    outer loop
      vertex 14.848528137423857 -0.848528137423857 4
      vertex 14.927612544035284 -0.7612719409963745 9.99
      vertex 14.848528137423857 -0.848528137423857 9.99
    endloop
  endfacet
  facet normal 0.8032075314806447 -0.5956993044924337 0
    outer loop
      vertex 14.927612544035284 -0.7612719409963745 4
      vertex 14.997763534763054 -0.6666842796235226 9.99
      vertex 14.927612544035284 -0.7612719409963745 9.99
    endloop
  endfacet
  facet normal 0.8577286100002735 -0.5141027441932193 0
    outer loop
      vertex 14.997763534763054 -0.6666842796235226 4
      vertex 15.058305517218026 -0.5656760841911972 9.99
      vertex 14.997763534763054 -0.6666842796235226 9.99
    endloop
  endfacet
  facet normal 0.903989293123441 -0.4275550934302869 0
    outer loop
      vertex 15.058305517218026 -0.5656760841911972 4
      vertex 15.108655439013544 -0.4592201188381077 9.99
      vertex 15.058305517218026 -0.5656760841911972 9.99
    endloop
  endfacet
  facet normal 0.9415440651830214 -0.33688985339221844 0
    outer loop
      vertex 15.108655439013544 -0.4592201188381077 4
      vertex 15.14832840287865 -0.3483416127053548 9.99
      vertex 15.108655439013544 -0.4592201188381077 9.99
    endloop
  endfacet
  facet normal 0.9700312531945456 -0.24298017990325776 0
    outer loop
      vertex 15.14832840287865 -0.3483416127053548 4
      vertex 15.176942336483876 -0.2341083864193539 9.99
      vertex 15.14832840287865 -0.3483416127053548 9.99
    endloop
  endfacet
  facet normal 0.9891765099647806 -0.1467304744553646 0
    outer loop
      vertex 15.176942336483876 -0.2341083864193539 4
      vertex 15.194221672006636 -0.11762056839547272 9.99
      vertex 15.176942336483876 -0.2341083864193539 9.99
    endloop
  endfacet
  facet normal 0.9987954562051725 -0.04906767432741533 0
    outer loop
      vertex 15.194221672006636 -0.11762056839547272 4
      vertex 15.2 0 9.99
      vertex 15.194221672006636 -0.11762056839547272 9.99
    endloop
  endfacet
  facet normal 0 0 1
    outer loop
      vertex 14 -1.2 9.99
      vertex 14.117620568395473 -1.1942216720066363 9.99
      vertex 14 1.2 9.99
    endloop
  endfacet
  facet normal 0 0 1
    outer loop
      vertex 14.117620568395473 -1.1942216720066363 9.99
      vertex 14.234108386419354 -1.1769423364838765 9.99
      vertex 14.117620568395473 1.1942216720066363 9.99
    endloop
  endfacet
  facet normal 0 0 1
    outer loop
      vertex 14.234108386419354 -1.1769423364838765 9.99
      vertex 14.348341612705354 -1.1483284028786505 9.99
      vertex 14.234108386419354 1.1769423364838765 9.99
    endloop
  endfacet
  facet normal 0 0 1
    outer loop
      vertex 14.348341612705354 -1.1483284028786505 9.99
      vertex 14.459220118838108 -1.1086554390135441 9.99
      vertex 14.348341612705354 1.1483284028786505 9.99
    endloop
  endfacet
  facet normal 0 0 1
    outer loop
      vertex 14.459220118838108 -1.1086554390135441 9.99
      vertex 14.565676084191198 -1.058305517218026 9.99
      vertex 14.459220118838108 1.1086554390135441 9.99
    endloop
  endfacet
  facet normal 0 0 1
    outer loop
      vertex 14.565676084191198 -1.058305517218026 9.99
      vertex 14.666684279623523 -0.9977635347630542 9.99
      vertex 14.565676084191198 1.058305517218026 9.99
    endloop
  endfacet
  facet normal 0 0 1
    outer loop
      vertex 14.666684279623523 -0.9977635347630542 9.99
      vertex 14.761271940996375 -0.9276125440352844 9.99
      vertex 14.666684279623523 0.9977635347630542 9.99
    endloop
  endfacet
  facet normal 0 0 1
    outer loop
      vertex 14.761271940996375 -0.9276125440352844 9.99
      vertex 14.848528137423857 -0.848528137423857 9.99
      vertex 14.761271940996375 0.9276125440352844 9.99
    endloop
  endfacet
  facet normal 0 0 1
    outer loop
      vertex 14.848528137423857 -0.848528137423857 9.99
      vertex 14.927612544035284 -0.7612719409963745 9.99
      vertex 14.848528137423857 0.848528137423857 9.99
    endloop
  endfacet
  facet normal 0 0 1
    outer loop
      vertex 14.927612544035284 -0.7612719409963745 9.99
      vertex 14.997763534763054 -0.6666842796235226 9.99
      vertex 14.927612544035284 0.7612719409963745 9.99
    endloop
  endfacet
  facet normal 0 0 1
    outer loop
      vertex 14.997763534763054 -0.6666842796235226 9.99
      vertex 15.058305517218026 -0.5656760841911972 9.99
      vertex 14.997763534763054 0.6666842796235226 9.99
    endloop
  endfacet
  facet normal 0 0 1
    outer loop
      vertex 15.058305517218026 -0.5656760841911972 9.99
      vertex 15.108655439013544 -0.4592201188381077 9.99
      vertex 15.058305517218026 0.5656760841911972 9.99
    endloop
  endfacet
  facet normal 0 0 1
    outer loop
      vertex 15.108655439013544 -0.4592201188381077 9.99
      vertex 15.14832840287865 -0.3483416127053548 9.99
      vertex 15.108655439013544 0.4592201188381077 9.99
    endloop
  endfacet
  facet normal 0 0 1
    outer loop
      vertex 15.14832840287865 -0.3483416127053548 9.99
      vertex 15.176942336483876 -0.2341083864193539 9.99
      vertex 15.14832840287865 0.3483416127053548 9.99
    endloop
  endfacet
  facet normal 0 0 1
    outer loop
      vertex 15.176942336483876 -0.2341083864193539 9.99
      vertex 15.194221672006636 -0.11762056839547272 9.99
      vertex 15.176942336483876 0.2341083864193539 9.99
    endloop
  endfacet
  facet normal -0.9987954562051725 0.04906767432741533 0
    outer loop
      vertex 12.8 0 4
      vertex 12.8 0 9.99
      vertex 12.805778327993364 0.11762056839547272 4
    endloop
  endfacet
  facet normal -0.9891765099647806 0.1467304744553646 0
    outer loop
      vertex 12.805778327993364 0.11762056839547272 4
      vertex 12.805778327993364 0.11762056839547272 9.99
      vertex 12.823057663516124 0.2341083864193539 4
    endloop
  endfacet
  facet normal -0.9700312531945456 0.24298017990325776 0
    outer loop
      vertex 12.823057663516124 0.2341083864193539 4
      vertex 12.823057663516124 0.2341083864193539 9.99
      vertex 12.85167159712135 0.3483416127053548 4
    endloop
  endfacet
  facet normal -0.9415440651830214 0.33688985339221844 0
    outer loop
      vertex 12.85167159712135 0.3483416127053548 4
      vertex 12.85167159712135 0.3483416127053548 9.99
      vertex 12.891344560986456 0.4592201188381077 4
    endloop
  endfacet
  facet normal -0.903989293123441 0.4275550934302869 0
    outer loop
      vertex 12.891344560986456 0.4592201188381077 4
      vertex 12.891344560986456 0.4592201188381077 9.99
      vertex 12.941694482781974 0.5656760841911972 4
    endloop
  endfacet
  facet normal -0.8577286100002735 0.5141027441932193 0
    outer loop
      vertex 12.941694482781974 0.5656760841911972 4
      vertex 12.941694482781974 0.5656760841911972 9.99
      vertex 13.002236465236946 0.6666842796235226 4
    endloop
  endfacet
  facet normal -0.8032075314806447 0.5956993044924337 0
    outer loop
      vertex 13.002236465236946 0.6666842796235226 4
      vertex 13.002236465236946 0.6666842796235226 9.99
      vertex 13.072387455964716 0.7612719409963745 4
    endloop
  endfacet
  facet normal -0.7409511253549602 0.6715589548470172 0
    outer loop
      vertex 13.072387455964716 0.7612719409963745 4
      vertex 13.072387455964716 0.7612719409963745 9.99
      vertex 13.151471862576143 0.848528137423857 4
    endloop
  endfacet
  facet normal -0.6715589548470191 0.7409511253549584 0
    outer loop
      vertex 13.151471862576143 0.848528137423857 4
      vertex 13.151471862576143 0.848528137423857 9.99
      vertex 13.238728059003625 0.9276125440352844 4
    endloop
  endfacet
  facet normal -0.5956993044924317 0.803207531480646 0
    outer loop
      vertex 13.238728059003625 0.9276125440352844 4
      vertex 13.238728059003625 0.9276125440352844 9.99
      vertex 13.333315720376477 0.9977635347630542 4
    endloop
  endfacet
  facet normal -0.5141027441932247 0.8577286100002703 0
    outer loop
      vertex 13.333315720376477 0.9977635347630542 4
      vertex 13.333315720376477 0.9977635347630542 9.99
      vertex 13.434323915808802 1.058305517218026 4
    endloop
  endfacet
  facet normal -0.4275550934302796 0.9039892931234446 0
    outer loop
      vertex 13.434323915808802 1.058305517218026 4
      vertex 13.434323915808802 1.058305517218026 9.99
      vertex 13.540779881161892 1.1086554390135441 4
    endloop
  endfacet
  facet normal -0.336889853392218 0.9415440651830215 0
    outer loop
      vertex 13.540779881161892 1.1086554390135441 4
      vertex 13.540779881161892 1.1086554390135441 9.99
      vertex 13.651658387294646 1.1483284028786505 4
    endloop
  endfacet
  facet normal -0.24298017990326626 0.9700312531945434 0
    outer loop
      vertex 13.651658387294646 1.1483284028786505 4
      vertex 13.651658387294646 1.1483284028786505 9.99
      vertex 13.765891613580646 1.1769423364838765 4
    endloop
  endfacet
  facet normal -0.14673047445536316 0.9891765099647807 0
    outer loop
      vertex 13.765891613580646 1.1769423364838765 4
      vertex 13.765891613580646 1.1769423364838765 9.99
      vertex 13.882379431604527 1.1942216720066363 4
    endloop
  endfacet
  facet normal -0.04906767432741691 0.9987954562051724 0
    outer loop
      vertex 13.882379431604527 1.1942216720066363 4
      vertex 13.882379431604527 1.1942216720066363 9.99
      vertex 14 1.2 4
    endloop
  endfacet
  facet normal 0.9987954562051725 0.04906767432741533 0
    outer loop
      vertex 15.2 0 4
      vertex 15.194221672006636 0.11762056839547272 4
      vertex 15.194221672006636 0.11762056839547272 9.99
    endloop
  endfacet
  facet normal 0.9891765099647806 0.1467304744553646 0
    outer loop
      vertex 15.176942336483876 0.2341083864193539 4
      vertex 15.176942336483876 0.2341083864193539 9.99
      vertex 15.194221672006636 0.11762056839547272 4
    endloop
  endfacet
  facet normal 0.9700312531945456 0.24298017990325776 0
    outer loop
      vertex 15.176942336483876 0.2341083864193539 4
      vertex 15.14832840287865 0.3483416127053548 4
      vertex 15.14832840287865 0.3483416127053548 9.99
    endloop
  endfacet
  facet normal 0.9415440651830214 0.33688985339221844 0
    outer loop
      vertex 15.14832840287865 0.3483416127053548 4
      vertex 15.108655439013544 0.4592201188381077 4
      vertex 15.108655439013544 0.4592201188381077 9.99
    endloop
  endfacet
  facet normal 0.903989293123441 0.4275550934302869 0
    outer loop
      vertex 15.108655439013544 0.4592201188381077 4
      vertex 15.058305517218026 0.5656760841911972 4
      vertex 15.058305517218026 0.5656760841911972 9.99
    endloop
  endfacet
  facet normal 0.8577286100002735 0.5141027441932193 0
    outer loop
      vertex 15.058305517218026 0.5656760841911972 4
      vertex 14.997763534763054 0.6666842796235226 4
      vertex 14.997763534763054 0.6666842796235226 9.99
    endloop
  endfacet
  facet normal 0.7409511253549602 0.6715589548470172 0
    outer loop
      vertex 14.848528137423857 0.848528137423857 4
      vertex 14.848528137423857 0.848528137423857 9.99
      vertex 14.927612544035284 0.7612719409963745 4
    endloop
  endfacet
  facet normal 0.6715589548470191 0.7409511253549584 0
    outer loop
      vertex 14.761271940996375 0.9276125440352844 4
      vertex 14.761271940996375 0.9276125440352844 9.99
      vertex 14.848528137423857 0.848528137423857 4
    endloop
  endfacet
  facet normal 0.8032075314806447 0.5956993044924337 0
    outer loop
      vertex 14.997763534763054 0.6666842796235226 4
      vertex 14.927612544035284 0.7612719409963745 4
      vertex 14.927612544035284 0.7612719409963745 9.99
    endloop
  endfacet
  facet normal 0.24298017990326626 0.9700312531945434 0
    outer loop
      vertex 14.234108386419354 1.1769423364838765 4
      vertex 14.234108386419354 1.1769423364838765 9.99
      vertex 14.348341612705354 1.1483284028786505 4
    endloop
  endfacet
  facet normal 0.04906767432741691 0.9987954562051724 0
    outer loop
      vertex 14 1.2 4
      vertex 14 1.2 9.99
      vertex 14.117620568395473 1.1942216720066363 4
    endloop
  endfacet
  facet normal 0.14673047445536316 0.9891765099647807 0
    outer loop
      vertex 14.117620568395473 1.1942216720066363 4
      vertex 14.117620568395473 1.1942216720066363 9.99
      vertex 14.234108386419354 1.1769423364838765 4
    endloop
  endfacet
  facet normal 0.336889853392218 0.9415440651830215 0
    outer loop
      vertex 14.348341612705354 1.1483284028786505 4
      vertex 14.348341612705354 1.1483284028786505 9.99
      vertex 14.459220118838108 1.1086554390135441 4
    endloop
  endfacet
  facet normal 0.4275550934302796 0.9039892931234446 0
    outer loop
      vertex 14.459220118838108 1.1086554390135441 4
      vertex 14.459220118838108 1.1086554390135441 9.99
      vertex 14.565676084191198 1.058305517218026 4
    endloop
  endfacet
  facet normal 0.5141027441932247 0.8577286100002703 0
    outer loop
      vertex 14.666684279623523 0.9977635347630542 4
      vertex 14.565676084191198 1.058305517218026 4
      vertex 14.565676084191198 1.058305517218026 9.99
    endloop
  endfacet
  facet normal 0.5956993044924317 0.803207531480646 0
    outer loop
      vertex 14.761271940996375 0.9276125440352844 4
      vertex 14.666684279623523 0.9977635347630542 4
      vertex 14.666684279623523 0.9977635347630542 9.99
    endloop
  endfacet
  facet normal -0.9987954562051725 0.04906767432741533 0
    outer loop
      vertex 12.805778327993364 0.11762056839547272 4
      vertex 12.8 0 9.99
      vertex 12.805778327993364 0.11762056839547272 9.99
    endloop
  endfacet
  facet normal -0.9891765099647806 0.1467304744553646 0
    outer loop
      vertex 12.823057663516124 0.2341083864193539 4
      vertex 12.805778327993364 0.11762056839547272 9.99
      vertex 12.823057663516124 0.2341083864193539 9.99
    endloop
  endfacet
  facet normal -0.9700312531945456 0.24298017990325776 0
    outer loop
      vertex 12.85167159712135 0.3483416127053548 4
      vertex 12.823057663516124 0.2341083864193539 9.99
      vertex 12.85167159712135 0.3483416127053548 9.99
    endloop
  endfacet
  facet normal -0.9415440651830214 0.33688985339221844 0
    outer loop
      vertex 12.891344560986456 0.4592201188381077 4
      vertex 12.85167159712135 0.3483416127053548 9.99
      vertex 12.891344560986456 0.4592201188381077 9.99
    endloop
  endfacet
  facet normal -0.903989293123441 0.4275550934302869 0
    outer loop
      vertex 12.941694482781974 0.5656760841911972 4
      vertex 12.891344560986456 0.4592201188381077 9.99
      vertex 12.941694482781974 0.5656760841911972 9.99
    endloop
  endfacet
  facet normal -0.8577286100002735 0.5141027441932193 0
    outer loop
      vertex 13.002236465236946 0.6666842796235226 4
      vertex 12.941694482781974 0.5656760841911972 9.99
      vertex 13.002236465236946 0.6666842796235226 9.99
    endloop
  endfacet
  facet normal -0.8032075314806447 0.5956993044924337 0
    outer loop
      vertex 13.072387455964716 0.7612719409963745 4
      vertex 13.002236465236946 0.6666842796235226 9.99
      vertex 13.072387455964716 0.7612719409963745 9.99
    endloop
  endfacet
  facet normal -0.7409511253549602 0.6715589548470172 0
    outer loop
      vertex 13.151471862576143 0.848528137423857 4
      vertex 13.072387455964716 0.7612719409963745 9.99
      vertex 13.151471862576143 0.848528137423857 9.99
    endloop
  endfacet
  facet normal -0.6715589548470191 0.7409511253549584 0
    outer loop
      vertex 13.238728059003625 0.9276125440352844 4
      vertex 13.151471862576143 0.848528137423857 9.99
      vertex 13.238728059003625 0.9276125440352844 9.99
    endloop
  endfacet
  facet normal -0.5956993044924317 0.803207531480646 0
    outer loop
      vertex 13.333315720376477 0.9977635347630542 4
      vertex 13.238728059003625 0.9276125440352844 9.99
      vertex 13.333315720376477 0.9977635347630542 9.99
    endloop
  endfacet
  facet normal -0.5141027441932247 0.8577286100002703 0
    outer loop
      vertex 13.434323915808802 1.058305517218026 4
      vertex 13.333315720376477 0.9977635347630542 9.99
      vertex 13.434323915808802 1.058305517218026 9.99
    endloop
  endfacet
  facet normal -0.4275550934302796 0.9039892931234446 0
    outer loop
      vertex 13.540779881161892 1.1086554390135441 4
      vertex 13.434323915808802 1.058305517218026 9.99
      vertex 13.540779881161892 1.1086554390135441 9.99
    endloop
  endfacet
  facet normal -0.336889853392218 0.9415440651830215 0
    outer loop
      vertex 13.651658387294646 1.1483284028786505 4
      vertex 13.540779881161892 1.1086554390135441 9.99
      vertex 13.651658387294646 1.1483284028786505 9.99
    endloop
  endfacet
  facet normal -0.24298017990326626 0.9700312531945434 0
    outer loop
      vertex 13.765891613580646 1.1769423364838765 4
      vertex 13.651658387294646 1.1483284028786505 9.99
      vertex 13.765891613580646 1.1769423364838765 9.99
    endloop
  endfacet
  facet normal -0.14673047445536316 0.9891765099647807 0
    outer loop
      vertex 13.882379431604527 1.1942216720066363 4
      vertex 13.765891613580646 1.1769423364838765 9.99
      vertex 13.882379431604527 1.1942216720066363 9.99
    endloop
  endfacet
  facet normal 0 0 1
    outer loop
      vertex 12.805778327993364 -0.11762056839547272 9.99
      vertex 12.805778327993364 0.11762056839547272 9.99
      vertex 12.8 0 9.99
    endloop
  endfacet
  facet normal 0 0 1
    outer loop
      vertex 12.823057663516124 -0.2341083864193539 9.99
      vertex 12.823057663516124 0.2341083864193539 9.99
      vertex 12.805778327993364 0.11762056839547272 9.99
    endloop
  endfacet
  facet normal 0 0 1
    outer loop
      vertex 12.85167159712135 -0.3483416127053548 9.99
      vertex 12.85167159712135 0.3483416127053548 9.99
      vertex 12.823057663516124 0.2341083864193539 9.99
    endloop
  endfacet
  facet normal 0 0 1
    outer loop
      vertex 12.891344560986456 -0.4592201188381077 9.99
      vertex 12.891344560986456 0.4592201188381077 9.99
      vertex 12.85167159712135 0.3483416127053548 9.99
    endloop
  endfacet
  facet normal 0 0 1
    outer loop
      vertex 12.941694482781974 -0.5656760841911972 9.99
      vertex 12.941694482781974 0.5656760841911972 9.99
      vertex 12.891344560986456 0.4592201188381077 9.99
    endloop
  endfacet
  facet normal 0 0 1
    outer loop
      vertex 13.002236465236946 -0.6666842796235226 9.99
      vertex 13.002236465236946 0.6666842796235226 9.99
      vertex 12.941694482781974 0.5656760841911972 9.99
    endloop
  endfacet
  facet normal 0 0 1
    outer loop
      vertex 13.072387455964716 -0.7612719409963745 9.99
      vertex 13.072387455964716 0.7612719409963745 9.99
      vertex 13.002236465236946 0.6666842796235226 9.99
    endloop
  endfacet
  facet normal 0 0 1
    outer loop
      vertex 13.151471862576143 -0.848528137423857 9.99
      vertex 13.151471862576143 0.848528137423857 9.99
      vertex 13.072387455964716 0.7612719409963745 9.99
    endloop
  endfacet
  facet normal 0 0 1
    outer loop
      vertex 13.238728059003625 -0.9276125440352844 9.99
      vertex 13.238728059003625 0.9276125440352844 9.99
      vertex 13.151471862576143 0.848528137423857 9.99
    endloop
  endfacet
  facet normal 0 0 1
    outer loop
      vertex 13.333315720376477 -0.9977635347630542 9.99
      vertex 13.333315720376477 0.9977635347630542 9.99
      vertex 13.238728059003625 0.9276125440352844 9.99
    endloop
  endfacet
  facet normal 0 0 1
    outer loop
      vertex 13.434323915808802 -1.058305517218026 9.99
      vertex 13.434323915808802 1.058305517218026 9.99
      vertex 13.333315720376477 0.9977635347630542 9.99
    endloop
  endfacet
  facet normal 0 0 1
    outer loop
      vertex 13.540779881161892 -1.1086554390135441 9.99
      vertex 13.540779881161892 1.1086554390135441 9.99
      vertex 13.434323915808802 1.058305517218026 9.99
    endloop
  endfacet
  facet normal 0 0 1
    outer loop
      vertex 13.651658387294646 -1.1483284028786505 9.99
      vertex 13.651658387294646 1.1483284028786505 9.99
      vertex 13.540779881161892 1.1086554390135441 9.99
    endloop
  endfacet
  facet normal 0 0 1
    outer loop
      vertex 13.765891613580646 -1.1769423364838765 9.99
      vertex 13.765891613580646 1.1769423364838765 9.99
      vertex 13.651658387294646 1.1483284028786505 9.99
    endloop
  endfacet
  facet normal 0 0 1
    outer loop
      vertex 13.882379431604527 -1.1942216720066363 9.99
      vertex 13.882379431604527 1.1942216720066363 9.99
      vertex 13.765891613580646 1.1769423364838765 9.99
    endloop
  endfacet
  facet normal 0.9987954562051725 0.04906767432741533 0
    outer loop
      vertex 15.2 0 4
      vertex 15.194221672006636 0.11762056839547272 9.99
      vertex 15.2 0 9.99
    endloop
  endfacet
  facet normal 0.9891765099647806 0.1467304744553646 0
    outer loop
      vertex 15.194221672006636 0.11762056839547272 4
      vertex 15.176942336483876 0.2341083864193539 9.99
      vertex 15.194221672006636 0.11762056839547272 9.99
    endloop
  endfacet
  facet normal 0.9700312531945456 0.24298017990325776 0
    outer loop
      vertex 15.176942336483876 0.2341083864193539 4
      vertex 15.14832840287865 0.3483416127053548 9.99
      vertex 15.176942336483876 0.2341083864193539 9.99
    endloop
  endfacet
  facet normal 0.9415440651830214 0.33688985339221844 0
    outer loop
      vertex 15.14832840287865 0.3483416127053548 4
      vertex 15.108655439013544 0.4592201188381077 9.99
      vertex 15.14832840287865 0.3483416127053548 9.99
    endloop
  endfacet
  facet normal 0.8032075314806447 0.5956993044924337 0
    outer loop
      vertex 14.997763534763054 0.6666842796235226 4
      vertex 14.927612544035284 0.7612719409963745 9.99
      vertex 14.997763534763054 0.6666842796235226 9.99
    endloop
  endfacet
  facet normal 0.8577286100002735 0.5141027441932193 0
    outer loop
      vertex 15.058305517218026 0.5656760841911972 4
      vertex 14.997763534763054 0.6666842796235226 9.99
      vertex 15.058305517218026 0.5656760841911972 9.99
    endloop
  endfacet
  facet normal 0.6715589548470191 0.7409511253549584 0
    outer loop
      vertex 14.848528137423857 0.848528137423857 4
      vertex 14.761271940996375 0.9276125440352844 9.99
      vertex 14.848528137423857 0.848528137423857 9.99
    endloop
  endfacet
  facet normal 0.7409511253549602 0.6715589548470172 0
    outer loop
      vertex 14.927612544035284 0.7612719409963745 4
      vertex 14.848528137423857 0.848528137423857 9.99
      vertex 14.927612544035284 0.7612719409963745 9.99
    endloop
  endfacet
  facet normal 0.903989293123441 0.4275550934302869 0
    outer loop
      vertex 15.108655439013544 0.4592201188381077 4
      vertex 15.058305517218026 0.5656760841911972 9.99
      vertex 15.108655439013544 0.4592201188381077 9.99
    endloop
  endfacet
  facet normal 0.24298017990326626 0.9700312531945434 0
    outer loop
      vertex 14.348341612705354 1.1483284028786505 4
      vertex 14.234108386419354 1.1769423364838765 9.99
      vertex 14.348341612705354 1.1483284028786505 9.99
    endloop
  endfacet
  facet normal -0.04906767432741691 0.9987954562051724 0
    outer loop
      vertex 14 1.2 4
      vertex 13.882379431604527 1.1942216720066363 9.99
      vertex 14 1.2 9.99
    endloop
  endfacet
  facet normal 0.04906767432741691 0.9987954562051724 0
    outer loop
      vertex 14.117620568395473 1.1942216720066363 4
      vertex 14 1.2 9.99
      vertex 14.117620568395473 1.1942216720066363 9.99
    endloop
  endfacet
  facet normal 0.14673047445536316 0.9891765099647807 0
    outer loop
      vertex 14.234108386419354 1.1769423364838765 4
      vertex 14.117620568395473 1.1942216720066363 9.99
      vertex 14.234108386419354 1.1769423364838765 9.99
    endloop
  endfacet
  facet normal 0.336889853392218 0.9415440651830215 0
    outer loop
      vertex 14.459220118838108 1.1086554390135441 4
      vertex 14.348341612705354 1.1483284028786505 9.99
      vertex 14.459220118838108 1.1086554390135441 9.99
    endloop
  endfacet
  facet normal 0.5141027441932247 0.8577286100002703 0
    outer loop
      vertex 14.666684279623523 0.9977635347630542 4
      vertex 14.565676084191198 1.058305517218026 9.99
      vertex 14.666684279623523 0.9977635347630542 9.99
    endloop
  endfacet
  facet normal 0.4275550934302796 0.9039892931234446 0
    outer loop
      vertex 14.565676084191198 1.058305517218026 4
      vertex 14.459220118838108 1.1086554390135441 9.99
      vertex 14.565676084191198 1.058305517218026 9.99
    endloop
  endfacet
  facet normal 0.5956993044924317 0.803207531480646 0
    outer loop
      vertex 14.761271940996375 0.9276125440352844 4
      vertex 14.666684279623523 0.9977635347630542 9.99
      vertex 14.761271940996375 0.9276125440352844 9.99
    endloop
  endfacet
  facet normal 0 0 1
    outer loop
      vertex 14 -1.2 9.99
      vertex 14 1.2 9.99
      vertex 13.882379431604527 1.1942216720066363 9.99
    endloop
  endfacet
  facet normal 0 0 1
    outer loop
      vertex 14.117620568395473 -1.1942216720066363 9.99
      vertex 14.117620568395473 1.1942216720066363 9.99
      vertex 14 1.2 9.99
    endloop
  endfacet
  facet normal 0 0 1
    outer loop
      vertex 14.234108386419354 -1.1769423364838765 9.99
      vertex 14.234108386419354 1.1769423364838765 9.99
      vertex 14.117620568395473 1.1942216720066363 9.99
    endloop
  endfacet
  facet normal 0 0 1
    outer loop
      vertex 14.348341612705354 -1.1483284028786505 9.99
      vertex 14.348341612705354 1.1483284028786505 9.99
      vertex 14.234108386419354 1.1769423364838765 9.99
    endloop
  endfacet
  facet normal 0 0 1
    outer loop
      vertex 14.459220118838108 -1.1086554390135441 9.99
      vertex 14.459220118838108 1.1086554390135441 9.99
      vertex 14.348341612705354 1.1483284028786505 9.99
    endloop
  endfacet
  facet normal 0 0 1
    outer loop
      vertex 14.565676084191198 -1.058305517218026 9.99
      vertex 14.565676084191198 1.058305517218026 9.99
      vertex 14.459220118838108 1.1086554390135441 9.99
    endloop
  endfacet
  facet normal 0 0 1
    outer loop
      vertex 14.666684279623523 -0.9977635347630542 9.99
      vertex 14.666684279623523 0.9977635347630542 9.99
      vertex 14.565676084191198 1.058305517218026 9.99
    endloop
  endfacet
  facet normal 0 0 1
    outer loop
      vertex 15.058305517218026 -0.5656760841911972 9.99
      vertex 15.058305517218026 0.5656760841911972 9.99
      vertex 14.997763534763054 0.6666842796235226 9.99
    endloop
  endfacet
  facet normal 0 0 1
    outer loop
      vertex 14.761271940996375 -0.9276125440352844 9.99
      vertex 14.761271940996375 0.9276125440352844 9.99
      vertex 14.666684279623523 0.9977635347630542 9.99
    endloop
  endfacet
  facet normal 0 0 1
    outer loop
      vertex 14.848528137423857 -0.848528137423857 9.99
      vertex 14.848528137423857 0.848528137423857 9.99
      vertex 14.761271940996375 0.9276125440352844 9.99
    endloop
  endfacet
  facet normal 0 0 1
    outer loop
      vertex 14.927612544035284 -0.7612719409963745 9.99
      vertex 14.927612544035284 0.7612719409963745 9.99
      vertex 14.848528137423857 0.848528137423857 9.99
    endloop
  endfacet
  facet normal 0 0 1
    outer loop
      vertex 14.997763534763054 -0.6666842796235226 9.99
      vertex 14.997763534763054 0.6666842796235226 9.99
      vertex 14.927612544035284 0.7612719409963745 9.99
    endloop
  endfacet
  facet normal 0 0 1
    outer loop
      vertex 15.176942336483876 -0.2341083864193539 9.99
      vertex 15.176942336483876 0.2341083864193539 9.99
      vertex 15.14832840287865 0.3483416127053548 9.99
    endloop
  endfacet
  facet normal 0 0 1
    outer loop
      vertex 15.194221672006636 -0.11762056839547272 9.99
      vertex 15.2 0 9.99
      vertex 15.194221672006636 0.11762056839547272 9.99
    endloop
  endfacet
  facet normal 0 0 1
    outer loop
      vertex 15.194221672006636 -0.11762056839547272 9.99
      vertex 15.194221672006636 0.11762056839547272 9.99
      vertex 15.176942336483876 0.2341083864193539 9.99
    endloop
  endfacet
  facet normal 0 0 1
    outer loop
      vertex 15.14832840287865 -0.3483416127053548 9.99
      vertex 15.14832840287865 0.3483416127053548 9.99
      vertex 15.108655439013544 0.4592201188381077 9.99
    endloop
  endfacet
  facet normal 0 0 1
    outer loop
      vertex 15.108655439013544 -0.4592201188381077 9.99
      vertex 15.108655439013544 0.4592201188381077 9.99
      vertex 15.058305517218026 0.5656760841911972 9.99
    endloop
  endfacet
  facet normal 0.671558954757688 0.7409511254359235 0
    outer loop
      vertex -3.2671254128217697 -3.98100383579731 0
      vertex -3.6415999233722687 -3.6415999233722687 0
      vertex -3.6415999233722687 -3.6415999233722687 4
    endloop
  endfacet
  facet normal 0.5956993051869098 0.8032075309655861 0
    outer loop
      vertex -2.861186698079109 -4.282068505883217 0
      vertex -3.2671254128217697 -3.98100383579731 0
      vertex -3.2671254128217697 -3.98100383579731 4
    endloop
  endfacet
  facet normal 0.3368898513346324 0.9415440659192374 0
    outer loop
      vertex -1.4949660897254944 -4.928242728114128 0
      vertex -1.9708196744322777 -4.757979594171047 0
      vertex -1.9708196744322777 -4.757979594171047 4
    endloop
  endfacet
  facet normal 0.51410274163528 0.8577286115334433 0
    outer loop
      vertex -2.427693195641041 -4.541894510388374 0
      vertex -2.861186698079109 -4.282068505883217 0
      vertex -2.861186698079109 -4.282068505883217 4
    endloop
  endfacet
  facet normal 0.42755509539242575 0.9039892921954186 0
    outer loop
      vertex -1.9708196744322777 -4.757979594171047 0
      vertex -2.427693195641041 -4.541894510388374 0
      vertex -2.427693195641041 -4.541894510388374 4
    endloop
  endfacet
  facet normal 0.671558954757688 0.7409511254359235 0
    outer loop
      vertex -3.6415999233722687 -3.6415999233722687 4
      vertex -3.2671254128217697 -3.98100383579731 4
      vertex -3.2671254128217697 -3.98100383579731 0
    endloop
  endfacet
  facet normal 0.5956993051869098 0.8032075309655861 0
    outer loop
      vertex -3.2671254128217697 -3.98100383579731 4
      vertex -2.861186698079109 -4.282068505883217 4
      vertex -2.861186698079109 -4.282068505883217 0
    endloop
  endfacet
  facet normal 0.3368898513346324 0.9415440659192374 0
    outer loop
      vertex -1.4949660897254944 -4.928242728114128 0
      vertex -1.9708196744322777 -4.757979594171047 4
      vertex -1.4949660897254944 -4.928242728114128 4
    endloop
  endfacet
  facet normal 0.51410274163528 0.8577286115334433 0
    outer loop
      vertex -2.861186698079109 -4.282068505883217 4
      vertex -2.427693195641041 -4.541894510388374 4
      vertex -2.427693195641041 -4.541894510388374 0
    endloop
  endfacet
  facet normal 0.42755509539242575 0.9039892921954186 0
    outer loop
      vertex -2.427693195641041 -4.541894510388374 4
      vertex -1.9708196744322777 -4.757979594171047 4
      vertex -1.9708196744322777 -4.757979594171047 0
    endloop
  endfacet
  facet normal 0.8577286115334433 0.51410274163528 0
    outer loop
      vertex -4.282068505883217 -2.861186698079109 0
      vertex -4.541894510388374 -2.427693195641041 0
      vertex -4.541894510388374 -2.427693195641041 4
    endloop
  endfacet
  facet normal 0.9039892921954186 0.42755509539242575 0
    outer loop
      vertex -4.541894510388374 -2.427693195641041 0
      vertex -4.757979594171047 -1.9708196744322777 0
      vertex -4.757979594171047 -1.9708196744322777 4
    endloop
  endfacet
  facet normal 0.9415440659192374 0.3368898513346324 0
    outer loop
      vertex -4.757979594171047 -1.9708196744322777 0
      vertex -4.928242728114128 -1.4949660897254944 0
      vertex -4.928242728114128 -1.4949660897254944 4
    endloop
  endfacet
  facet normal 0.9700312520090386 0.24298018463606635 0
    outer loop
      vertex -4.928242728114128 -1.4949660897254944 0
      vertex -5.051044195890427 -1.004715159535408 0
      vertex -5.051044195890427 -1.004715159535408 4
    endloop
  endfacet
  facet normal 0.989176509949741 0.14673047455675345 0
    outer loop
      vertex -5.051044195890427 -1.004715159535408 0
      vertex -5.125201344490051 -0.5047882720828056 0
      vertex -5.125201344490051 -0.5047882720828056 4
    endloop
  endfacet
  facet normal 0.9987954565531186 0.049067667244809654 0
    outer loop
      vertex -5.125201344490051 -0.5047882720828056 0
      vertex -5.149999998509884 0 0
      vertex -5.149999998509884 0 4
    endloop
  endfacet
  facet normal 0.7409511254359235 0.671558954757688 0
    outer loop
      vertex -3.6415999233722687 -3.6415999233722687 0
      vertex -3.98100383579731 -3.2671254128217697 0
      vertex -3.98100383579731 -3.2671254128217697 4
    endloop
  endfacet
  facet normal 0.8032075309655861 0.5956993051869098 0
    outer loop
      vertex -3.98100383579731 -3.2671254128217697 0
      vertex -4.282068505883217 -2.861186698079109 0
      vertex -4.282068505883217 -2.861186698079109 4
    endloop
  endfacet
  facet normal 0.9039892921954186 0.42755509539242575 0
    outer loop
      vertex -4.757979594171047 -1.9708196744322777 4
      vertex -4.541894510388374 -2.427693195641041 4
      vertex -4.541894510388374 -2.427693195641041 0
    endloop
  endfacet
  facet normal 0.9415440659192374 0.3368898513346324 0
    outer loop
      vertex -4.757979594171047 -1.9708196744322777 0
      vertex -4.928242728114128 -1.4949660897254944 4
      vertex -4.757979594171047 -1.9708196744322777 4
    endloop
  endfacet
  facet normal 0.9700312520090386 0.24298018463606635 0
    outer loop
      vertex -4.928242728114128 -1.4949660897254944 0
      vertex -5.051044195890427 -1.004715159535408 4
      vertex -4.928242728114128 -1.4949660897254944 4
    endloop
  endfacet
  facet normal 0.989176509949741 0.14673047455675345 0
    outer loop
      vertex -5.125201344490051 -0.5047882720828056 4
      vertex -5.051044195890427 -1.004715159535408 4
      vertex -5.051044195890427 -1.004715159535408 0
    endloop
  endfacet
  facet normal 0.9987954565531186 0.049067667244809654 0
    outer loop
      vertex -5.125201344490051 -0.5047882720828056 0
      vertex -5.149999998509884 0 4
      vertex -5.125201344490051 -0.5047882720828056 4
    endloop
  endfacet
  facet normal 0.7409511254359235 0.671558954757688 0
    outer loop
      vertex -3.6415999233722687 -3.6415999233722687 0
      vertex -3.98100383579731 -3.2671254128217697 4
      vertex -3.6415999233722687 -3.6415999233722687 4
    endloop
  endfacet
  facet normal 0.8032075309655861 0.5956993051869098 0
    outer loop
      vertex -4.282068505883217 -2.861186698079109 4
      vertex -3.98100383579731 -3.2671254128217697 4
      vertex -3.98100383579731 -3.2671254128217697 0
    endloop
  endfacet
  facet normal 0.8577286115334433 0.51410274163528 0
    outer loop
      vertex -4.282068505883217 -2.861186698079109 0
      vertex -4.541894510388374 -2.427693195641041 4
      vertex -4.282068505883217 -2.861186698079109 4
    endloop
  endfacet
  facet normal 0.24298018463606635 0.9700312520090386 0
    outer loop
      vertex -1.004715159535408 -5.051044195890427 0
      vertex -1.4949660897254944 -4.928242728114128 0
      vertex -1.4949660897254944 -4.928242728114128 4
    endloop
  endfacet
  facet normal 0.14673047455675345 0.989176509949741 0
    outer loop
      vertex -0.5047882720828056 -5.125201344490051 0
      vertex -1.004715159535408 -5.051044195890427 0
      vertex -1.004715159535408 -5.051044195890427 4
    endloop
  endfacet
  facet normal 0.049067667244809654 0.9987954565531186 0
    outer loop
      vertex 0 -5.149999998509884 0
      vertex -0.5047882720828056 -5.125201344490051 0
      vertex -0.5047882720828056 -5.125201344490051 4
    endloop
  endfacet
  facet normal -0.049067667244809654 0.9987954565531186 0
    outer loop
      vertex 0.5047882720828056 -5.125201344490051 0
      vertex 0 -5.149999998509884 0
      vertex 0 -5.149999998509884 4
    endloop
  endfacet
  facet normal -0.14673047455675345 0.989176509949741 0
    outer loop
      vertex 1.004715159535408 -5.051044195890427 0
      vertex 0.5047882720828056 -5.125201344490051 0
      vertex 0.5047882720828056 -5.125201344490051 4
    endloop
  endfacet
  facet normal -0.24298018463606635 0.9700312520090386 0
    outer loop
      vertex 1.4949660897254944 -4.928242728114128 0
      vertex 1.004715159535408 -5.051044195890427 0
      vertex 1.004715159535408 -5.051044195890427 4
    endloop
  endfacet
  facet normal -0.3368898513346324 0.9415440659192374 0
    outer loop
      vertex 1.9708196744322777 -4.757979594171047 0
      vertex 1.4949660897254944 -4.928242728114128 0
      vertex 1.4949660897254944 -4.928242728114128 4
    endloop
  endfacet
  facet normal -0.42755509539242575 0.9039892921954186 0
    outer loop
      vertex 2.427693195641041 -4.541894510388374 0
      vertex 1.9708196744322777 -4.757979594171047 0
      vertex 1.9708196744322777 -4.757979594171047 4
    endloop
  endfacet
  facet normal -0.51410274163528 0.8577286115334433 0
    outer loop
      vertex 2.861186698079109 -4.282068505883217 0
      vertex 2.427693195641041 -4.541894510388374 0
      vertex 2.427693195641041 -4.541894510388374 4
    endloop
  endfacet
  facet normal -0.5956993091328193 0.8032075280391001 0
    outer loop
      vertex 3.149999998509884 -4.067869961261749 0
      vertex 2.861186698079109 -4.282068505883217 0
      vertex 2.861186698079109 -4.282068505883217 4
    endloop
  endfacet
  facet normal 0.24298018463606635 0.9700312520090386 0
    outer loop
      vertex -1.4949660897254944 -4.928242728114128 4
      vertex -1.004715159535408 -5.051044195890427 4
      vertex -1.004715159535408 -5.051044195890427 0
    endloop
  endfacet
  facet normal 0.14673047455675345 0.989176509949741 0
    outer loop
      vertex -1.004715159535408 -5.051044195890427 4
      vertex -0.5047882720828056 -5.125201344490051 4
      vertex -0.5047882720828056 -5.125201344490051 0
    endloop
  endfacet
  facet normal 0.049067667244809654 0.9987954565531186 0
    outer loop
      vertex 0 -5.149999998509884 0
      vertex -0.5047882720828056 -5.125201344490051 4
      vertex 0 -5.149999998509884 4
    endloop
  endfacet
  facet normal -0.049067667244809654 0.9987954565531186 0
    outer loop
      vertex 0 -5.149999998509884 4
      vertex 0.5047882720828056 -5.125201344490051 4
      vertex 0.5047882720828056 -5.125201344490051 0
    endloop
  endfacet
  facet normal -0.14673047455675345 0.989176509949741 0
    outer loop
      vertex 0.5047882720828056 -5.125201344490051 4
      vertex 1.004715159535408 -5.051044195890427 4
      vertex 1.004715159535408 -5.051044195890427 0
    endloop
  endfacet
  facet normal -0.24298018463606635 0.9700312520090386 0
    outer loop
      vertex 1.004715159535408 -5.051044195890427 4
      vertex 1.4949660897254944 -4.928242728114128 4
      vertex 1.4949660897254944 -4.928242728114128 0
    endloop
  endfacet
  facet normal -0.3368898513346324 0.9415440659192374 0
    outer loop
      vertex 1.4949660897254944 -4.928242728114128 4
      vertex 1.9708196744322777 -4.757979594171047 4
      vertex 1.9708196744322777 -4.757979594171047 0
    endloop
  endfacet
  facet normal -0.42755509539242575 0.9039892921954186 0
    outer loop
      vertex 1.9708196744322777 -4.757979594171047 4
      vertex 2.427693195641041 -4.541894510388374 4
      vertex 2.427693195641041 -4.541894510388374 0
    endloop
  endfacet
  facet normal -0.51410274163528 0.8577286115334433 0
    outer loop
      vertex 2.861186698079109 -4.282068505883217 0
      vertex 2.427693195641041 -4.541894510388374 4
      vertex 2.861186698079109 -4.282068505883217 4
    endloop
  endfacet
  facet normal -0.5956993091328193 0.8032075280391001 0
    outer loop
      vertex 3.149999998509884 -4.067869961261749 0
      vertex 2.861186698079109 -4.282068505883217 4
      vertex 3.149999998509884 -4.067869961261749 4
    endloop
  endfacet
  facet normal -1 0 0
    outer loop
      vertex 3.149999998509884 -4.067869961261749 0
      vertex 3.149999998509884 -4.067869961261749 4
      vertex 3.149999998509884 4.067869961261749 0
    endloop
  endfacet
  facet normal 0.9987954565531186 -0.049067667244809654 0
    outer loop
      vertex -5.149999998509884 0 0
      vertex -5.125201344490051 0.5047882720828056 0
      vertex -5.125201344490051 0.5047882720828056 4
    endloop
  endfacet
  facet normal 0.989176509949741 -0.14673047455675345 0
    outer loop
      vertex -5.125201344490051 0.5047882720828056 0
      vertex -5.051044195890427 1.004715159535408 0
      vertex -5.051044195890427 1.004715159535408 4
    endloop
  endfacet
  facet normal 0.9700312520090386 -0.24298018463606635 0
    outer loop
      vertex -5.051044195890427 1.004715159535408 0
      vertex -4.928242728114128 1.4949660897254944 0
      vertex -4.928242728114128 1.4949660897254944 4
    endloop
  endfacet
  facet normal 0.9415440659192374 -0.3368898513346324 0
    outer loop
      vertex -4.928242728114128 1.4949660897254944 0
      vertex -4.757979594171047 1.9708196744322777 0
      vertex -4.757979594171047 1.9708196744322777 4
    endloop
  endfacet
  facet normal 0.9039892921954186 -0.42755509539242575 0
    outer loop
      vertex -4.757979594171047 1.9708196744322777 0
      vertex -4.541894510388374 2.427693195641041 0
      vertex -4.541894510388374 2.427693195641041 4
    endloop
  endfacet
  facet normal 0.8577286115334433 -0.51410274163528 0
    outer loop
      vertex -4.541894510388374 2.427693195641041 0
      vertex -4.282068505883217 2.861186698079109 0
      vertex -4.282068505883217 2.861186698079109 4
    endloop
  endfacet
  facet normal 0.8032075309655861 -0.5956993051869098 0
    outer loop
      vertex -4.282068505883217 2.861186698079109 0
      vertex -3.98100383579731 3.2671254128217697 0
      vertex -3.98100383579731 3.2671254128217697 4
    endloop
  endfacet
  facet normal 0.7409511254359235 -0.671558954757688 0
    outer loop
      vertex -3.98100383579731 3.2671254128217697 0
      vertex -3.6415999233722687 3.6415999233722687 0
      vertex -3.6415999233722687 3.6415999233722687 4
    endloop
  endfacet
  facet normal 0.9987954565531186 -0.049067667244809654 0
    outer loop
      vertex -5.149999998509884 0 0
      vertex -5.125201344490051 0.5047882720828056 4
      vertex -5.149999998509884 0 4
    endloop
  endfacet
  facet normal 0.989176509949741 -0.14673047455675345 0
    outer loop
      vertex -5.125201344490051 0.5047882720828056 0
      vertex -5.051044195890427 1.004715159535408 4
      vertex -5.125201344490051 0.5047882720828056 4
    endloop
  endfacet
  facet normal 0.9700312520090386 -0.24298018463606635 0
    outer loop
      vertex -4.928242728114128 1.4949660897254944 4
      vertex -5.051044195890427 1.004715159535408 4
      vertex -5.051044195890427 1.004715159535408 0
    endloop
  endfacet
  facet normal 0.9415440659192374 -0.3368898513346324 0
    outer loop
      vertex -4.928242728114128 1.4949660897254944 0
      vertex -4.757979594171047 1.9708196744322777 4
      vertex -4.928242728114128 1.4949660897254944 4
    endloop
  endfacet
  facet normal 0.9039892921954186 -0.42755509539242575 0
    outer loop
      vertex -4.541894510388374 2.427693195641041 4
      vertex -4.757979594171047 1.9708196744322777 4
      vertex -4.757979594171047 1.9708196744322777 0
    endloop
  endfacet
  facet normal 0.8577286115334433 -0.51410274163528 0
    outer loop
      vertex -4.282068505883217 2.861186698079109 4
      vertex -4.541894510388374 2.427693195641041 4
      vertex -4.541894510388374 2.427693195641041 0
    endloop
  endfacet
  facet normal 0.8032075309655861 -0.5956993051869098 0
    outer loop
      vertex -3.98100383579731 3.2671254128217697 4
      vertex -4.282068505883217 2.861186698079109 4
      vertex -4.282068505883217 2.861186698079109 0
    endloop
  endfacet
  facet normal 0.7409511254359235 -0.671558954757688 0
    outer loop
      vertex -3.6415999233722687 3.6415999233722687 4
      vertex -3.98100383579731 3.2671254128217697 4
      vertex -3.98100383579731 3.2671254128217697 0
    endloop
  endfacet
  facet normal 0.671558954757688 -0.7409511254359235 0
    outer loop
      vertex -3.6415999233722687 3.6415999233722687 0
      vertex -3.2671254128217697 3.98100383579731 0
      vertex -3.2671254128217697 3.98100383579731 4
    endloop
  endfacet
  facet normal 0.5956993051869098 -0.8032075309655861 0
    outer loop
      vertex -3.2671254128217697 3.98100383579731 0
      vertex -2.861186698079109 4.282068505883217 0
      vertex -2.861186698079109 4.282068505883217 4
    endloop
  endfacet
  facet normal 0.51410274163528 -0.8577286115334433 0
    outer loop
      vertex -2.861186698079109 4.282068505883217 0
      vertex -2.427693195641041 4.541894510388374 0
      vertex -2.427693195641041 4.541894510388374 4
    endloop
  endfacet
  facet normal 0.42755509539242575 -0.9039892921954186 0
    outer loop
      vertex -2.427693195641041 4.541894510388374 0
      vertex -1.9708196744322777 4.757979594171047 0
      vertex -1.9708196744322777 4.757979594171047 4
    endloop
  endfacet
  facet normal 0.3368898513346324 -0.9415440659192374 0
    outer loop
      vertex -1.9708196744322777 4.757979594171047 0
      vertex -1.4949660897254944 4.928242728114128 0
      vertex -1.4949660897254944 4.928242728114128 4
    endloop
  endfacet
  facet normal 0.671558954757688 -0.7409511254359235 0
    outer loop
      vertex -3.2671254128217697 3.98100383579731 4
      vertex -3.6415999233722687 3.6415999233722687 4
      vertex -3.6415999233722687 3.6415999233722687 0
    endloop
  endfacet
  facet normal 0.5956993051869098 -0.8032075309655861 0
    outer loop
      vertex -2.861186698079109 4.282068505883217 4
      vertex -3.2671254128217697 3.98100383579731 4
      vertex -3.2671254128217697 3.98100383579731 0
    endloop
  endfacet
  facet normal 0.51410274163528 -0.8577286115334433 0
    outer loop
      vertex -2.861186698079109 4.282068505883217 0
      vertex -2.427693195641041 4.541894510388374 4
      vertex -2.861186698079109 4.282068505883217 4
    endloop
  endfacet
  facet normal 0.42755509539242575 -0.9039892921954186 0
    outer loop
      vertex -1.9708196744322777 4.757979594171047 4
      vertex -2.427693195641041 4.541894510388374 4
      vertex -2.427693195641041 4.541894510388374 0
    endloop
  endfacet
  facet normal 0.3368898513346324 -0.9415440659192374 0
    outer loop
      vertex -1.4949660897254944 4.928242728114128 4
      vertex -1.9708196744322777 4.757979594171047 4
      vertex -1.9708196744322777 4.757979594171047 0
    endloop
  endfacet
  facet normal 0.24298018287300088 -0.9700312524506636 0
    outer loop
      vertex -1.2084950059652328 5 4
      vertex -1.4949660897254944 4.928242728114128 4
      vertex -1.4949660897254944 4.928242728114128 0
    endloop
  endfacet
  facet normal -1 0 0
    outer loop
      vertex 3.149999998509884 4.067869961261749 4
      vertex 3.149999998509884 4.067869961261749 0
      vertex 3.149999998509884 -4.067869961261749 4
    endloop
  endfacet
  facet normal 0.24298018287300088 -0.9700312524506636 0
    outer loop
      vertex -1.4949660897254944 4.928242728114128 0
      vertex -1.2084950059652328 5 0
      vertex -1.2084950059652328 5 4
    endloop
  endfacet
  facet normal 0 -1 0
    outer loop
      vertex -1.2084950059652328 5 0
      vertex 1.2084950059652328 5 0
      vertex 1.2084950059652328 5 4
    endloop
  endfacet
  facet normal -0.24298018287300088 -0.9700312524506636 0
    outer loop
      vertex 1.2084950059652328 5 0
      vertex 1.4949660897254944 4.928242728114128 0
      vertex 1.4949660897254944 4.928242728114128 4
    endloop
  endfacet
  facet normal -0.42755509539242575 -0.9039892921954186 0
    outer loop
      vertex 1.9708196744322777 4.757979594171047 0
      vertex 2.427693195641041 4.541894510388374 0
      vertex 2.427693195641041 4.541894510388374 4
    endloop
  endfacet
  facet normal -0.5956993091328193 -0.8032075280391001 0
    outer loop
      vertex 2.861186698079109 4.282068505883217 0
      vertex 3.149999998509884 4.067869961261749 0
      vertex 3.149999998509884 4.067869961261749 4
    endloop
  endfacet
  facet normal -0.51410274163528 -0.8577286115334433 0
    outer loop
      vertex 2.427693195641041 4.541894510388374 0
      vertex 2.861186698079109 4.282068505883217 0
      vertex 2.861186698079109 4.282068505883217 4
    endloop
  endfacet
  facet normal -0.3368898513346324 -0.9415440659192374 0
    outer loop
      vertex 1.4949660897254944 4.928242728114128 0
      vertex 1.9708196744322777 4.757979594171047 0
      vertex 1.9708196744322777 4.757979594171047 4
    endloop
  endfacet
  facet normal 0 -1 0
    outer loop
      vertex 1.2084950059652328 5 4
      vertex -1.2084950059652328 5 4
      vertex -1.2084950059652328 5 0
    endloop
  endfacet
  facet normal -0.24298018287300088 -0.9700312524506636 0
    outer loop
      vertex 1.4949660897254944 4.928242728114128 4
      vertex 1.2084950059652328 5 4
      vertex 1.2084950059652328 5 0
    endloop
  endfacet
  facet normal -0.3368898513346324 -0.9415440659192374 0
    outer loop
      vertex 1.4949660897254944 4.928242728114128 0
      vertex 1.9708196744322777 4.757979594171047 4
      vertex 1.4949660897254944 4.928242728114128 4
    endloop
  endfacet
  facet normal -0.42755509539242575 -0.9039892921954186 0
    outer loop
      vertex 2.427693195641041 4.541894510388374 4
      vertex 1.9708196744322777 4.757979594171047 4
      vertex 1.9708196744322777 4.757979594171047 0
    endloop
  endfacet
  facet normal -0.5956993091328193 -0.8032075280391001 0
    outer loop
      vertex 2.861186698079109 4.282068505883217 0
      vertex 3.149999998509884 4.067869961261749 4
      vertex 2.861186698079109 4.282068505883217 4
    endloop
  endfacet
  facet normal -0.51410274163528 -0.8577286115334433 0
    outer loop
      vertex 2.427693195641041 4.541894510388374 0
      vertex 2.861186698079109 4.282068505883217 4
      vertex 2.427693195641041 4.541894510388374 4
    endloop
  endfacet
endsolid OpenSCAD_Model
