solid OpenSCAD_Model
  facet normal 0 0 -1
    outer loop
      vertex -9 -8 101.36239684787893
      vertex -7.95495128834866 -7.95495128834866 101.36239684787893
      vertex -7.9052476944155625 -8 101.36239684787893
    endloop
  endfacet
  facet normal 0 0 -1
    outer loop
      vertex -9 -8 101.36239684787893
      vertex -8.696367600330792 -7.136924446841012 101.36239684787893
      vertex -7.95495128834866 -7.95495128834866 101.36239684787893
    endloop
  endfacet
  facet normal 0 0 -1
    outer loop
      vertex -9 -8 101.36239684787893
      vertex -9 -6.727523548809667 101.36239684787893
      vertex -8.696367600330792 -7.136924446841012 101.36239684787893
    endloop
  endfacet
  facet normal -1 0 0
    outer loop
      vertex -9 -8 101.36239684787893
      vertex -9 -8 103.36239684787893
      vertex -9 -6.727523548809667 103.36239684787893
    endloop
  endfacet
  facet normal -1 0 0
    outer loop
      vertex -9 -8 101.36239684787893
      vertex -9 -6.727523548809667 103.36239684787893
      vertex -9 -6.727523548809667 101.36239684787893
    endloop
  endfacet
  facet normal 0 -1 0
    outer loop
      vertex -9 -8 101.36239684787893
      vertex -7.9052476944155625 -8 101.36239684787893
      vertex -9 -8 103.36239684787893
    endloop
  endfacet
  facet normal 0 -1 0
    outer loop
      vertex -9 -8 103.36239684787893
      vertex -7.9052476944155625 -8 101.36239684787893
      vertex -7.9052476944155625 -8 103.36239684787893
    endloop
  endfacet
  facet normal 0 0 1
    outer loop
      vertex -9 -8 103.36239684787893
      vertex -7.9052476944155625 -8 103.36239684787893
      vertex -7.95495128834866 -7.95495128834866 103.36239684787893
    endloop
  endfacet
  facet normal 0 0 1
    outer loop
      vertex -9 -8 103.36239684787893
      vertex -7.95495128834866 -7.95495128834866 103.36239684787893
      vertex -8.696367600330792 -7.136924446841012 103.36239684787893
    endloop
  endfacet
  facet normal 0 0 1
    outer loop
      vertex -9 -8 103.36239684787893
      vertex -8.696367600330792 -7.136924446841012 103.36239684787893
      vertex -9 -6.727523548809667 103.36239684787893
    endloop
  endfacet
  facet normal 0 0 -1
    outer loop
      vertex -5.70953955747281 -6.957094080264633 101.36239684787893
      vertex 6.324198155532451 -6.4 101.36239684787893
      vertex -5.00013209717642 -7.483226510722907 101.36239684787893
    endloop
  endfacet
  facet normal 0 0 -1
    outer loop
      vertex -5.70953955747281 -6.957094080264633 101.36239684787893
      vertex -6.324198155532451 -6.4 101.36239684787893
      vertex 6.324198155532451 -6.4 101.36239684787893
    endloop
  endfacet
  facet normal 0 1 0
    outer loop
      vertex -6.324198155532451 -6.4 101.36239684787893
      vertex -6.324198155532451 -6.4 103.36239684787893
      vertex 6.324198155532451 -6.4 103.36239684787893
    endloop
  endfacet
  facet normal 0 0 -1
    outer loop
      vertex -4.242570631433979 -7.937291379135195 101.36239684787893
      vertex 4.242570631433979 -7.937291379135195 101.36239684787893
      vertex -4.109984392328481 -8 101.36239684787893
    endloop
  endfacet
  facet normal 0 0 -1
    outer loop
      vertex -5.00013209717642 -7.483226510722907 101.36239684787893
      vertex 6.324198155532451 -6.4 101.36239684787893
      vertex -4.242570631433979 -7.937291379135195 101.36239684787893
    endloop
  endfacet
  facet normal 0 -1 0
    outer loop
      vertex -4.109984392328481 -8 103.36239684787893
      vertex -4.109984392328481 -8 101.36239684787893
      vertex 4.109984392328481 -8 101.36239684787893
    endloop
  endfacet
  facet normal 0 0 1
    outer loop
      vertex -5.70953955747281 -6.957094080264633 103.36239684787893
      vertex 4.242570631433979 -7.937291379135195 103.36239684787893
      vertex -6.324198155532451 -6.4 103.36239684787893
    endloop
  endfacet
  facet normal 0 0 1
    outer loop
      vertex -5.00013209717642 -7.483226510722907 103.36239684787893
      vertex 4.242570631433979 -7.937291379135195 103.36239684787893
      vertex -5.70953955747281 -6.957094080264633 103.36239684787893
    endloop
  endfacet
  facet normal 0 0 1
    outer loop
      vertex -4.242570631433979 -7.937291379135195 103.36239684787893
      vertex -4.109984392328481 -8 103.36239684787893
      vertex 4.109984392328481 -8 103.36239684787893
    endloop
  endfacet
  facet normal 0 0 1
    outer loop
      vertex -4.242570631433979 -7.937291379135195 103.36239684787893
      vertex 4.242570631433979 -7.937291379135195 103.36239684787893
      vertex -5.00013209717642 -7.483226510722907 103.36239684787893
    endloop
  endfacet
  facet normal 0 -1 0
    outer loop
      vertex 4.109984392328481 -8 101.36239684787893
      vertex 4.109984392328481 -8 103.36239684787893
      vertex -4.109984392328481 -8 103.36239684787893
    endloop
  endfacet
  facet normal 0 0 -1
    outer loop
      vertex 4.242570631433979 -7.937291379135195 101.36239684787893
      vertex 4.109984392328481 -8 101.36239684787893
      vertex -4.109984392328481 -8 101.36239684787893
    endloop
  endfacet
  facet normal 0 0 -1
    outer loop
      vertex -4.242570631433979 -7.937291379135195 101.36239684787893
      vertex 5.00013209717642 -7.483226510722907 101.36239684787893
      vertex 4.242570631433979 -7.937291379135195 101.36239684787893
    endloop
  endfacet
  facet normal 0 0 -1
    outer loop
      vertex 5.00013209717642 -7.483226510722907 101.36239684787893
      vertex -4.242570631433979 -7.937291379135195 101.36239684787893
      vertex 5.70953955747281 -6.957094080264633 101.36239684787893
    endloop
  endfacet
  facet normal 0 0 -1
    outer loop
      vertex 5.70953955747281 -6.957094080264633 101.36239684787893
      vertex -4.242570631433979 -7.937291379135195 101.36239684787893
      vertex 6.324198155532451 -6.4 101.36239684787893
    endloop
  endfacet
  facet normal 0 1 0
    outer loop
      vertex -6.324198155532451 -6.4 101.36239684787893
      vertex 6.324198155532451 -6.4 103.36239684787893
      vertex 6.324198155532451 -6.4 101.36239684787893
    endloop
  endfacet
  facet normal 0 0 1
    outer loop
      vertex -4.242570631433979 -7.937291379135195 103.36239684787893
      vertex 4.109984392328481 -8 103.36239684787893
      vertex 4.242570631433979 -7.937291379135195 103.36239684787893
    endloop
  endfacet
  facet normal 0 0 1
    outer loop
      vertex 5.00013209717642 -7.483226510722907 103.36239684787893
      vertex -6.324198155532451 -6.4 103.36239684787893
      vertex 4.242570631433979 -7.937291379135195 103.36239684787893
    endloop
  endfacet
  facet normal 0 0 1
    outer loop
      vertex 5.70953955747281 -6.957094080264633 103.36239684787893
      vertex -6.324198155532451 -6.4 103.36239684787893
      vertex 5.00013209717642 -7.483226510722907 103.36239684787893
    endloop
  endfacet
  facet normal 0 0 1
    outer loop
      vertex 5.70953955747281 -6.957094080264633 103.36239684787893
      vertex 6.324198155532451 -6.4 103.36239684787893
      vertex -6.324198155532451 -6.4 103.36239684787893
    endloop
  endfacet
  facet normal 0 0 -1
    outer loop
      vertex 9 -8 101.36239684787893
      vertex 7.9052476944155625 -8 101.36239684787893
      vertex 7.95495128834866 -7.95495128834866 101.36239684787893
    endloop
  endfacet
  facet normal 0 0 -1
    outer loop
      vertex 9 -8 101.36239684787893
      vertex 7.95495128834866 -7.95495128834866 101.36239684787893
      vertex 8.696367600330792 -7.136924446841012 101.36239684787893
    endloop
  endfacet
  facet normal 0 0 -1
    outer loop
      vertex 9 -8 101.36239684787893
      vertex 8.696367600330792 -7.136924446841012 101.36239684787893
      vertex 9 -6.727523548809667 101.36239684787893
    endloop
  endfacet
  facet normal 0 -1 0
    outer loop
      vertex 9 -8 101.36239684787893
      vertex 7.9052476944155625 -8 103.36239684787893
      vertex 7.9052476944155625 -8 101.36239684787893
    endloop
  endfacet
  facet normal 0 -1 0
    outer loop
      vertex 9 -8 101.36239684787893
      vertex 9 -8 103.36239684787893
      vertex 7.9052476944155625 -8 103.36239684787893
    endloop
  endfacet
  facet normal 1 0 0
    outer loop
      vertex 9 -8 101.36239684787893
      vertex 9 -6.727523548809667 101.36239684787893
      vertex 9 -8 103.36239684787893
    endloop
  endfacet
  facet normal 1 0 0
    outer loop
      vertex 9 -8 103.36239684787893
      vertex 9 -6.727523548809667 101.36239684787893
      vertex 9 -6.727523548809667 103.36239684787893
    endloop
  endfacet
  facet normal 0 0 1
    outer loop
      vertex 9 -8 103.36239684787893
      vertex 7.95495128834866 -7.95495128834866 103.36239684787893
      vertex 7.9052476944155625 -8 103.36239684787893
    endloop
  endfacet
  facet normal 0 0 1
    outer loop
      vertex 9 -8 103.36239684787893
      vertex 8.696367600330792 -7.136924446841012 103.36239684787893
      vertex 7.95495128834866 -7.95495128834866 103.36239684787893
    endloop
  endfacet
  facet normal 0 0 1
    outer loop
      vertex 9 -8 103.36239684787893
      vertex 9 -6.727523548809667 103.36239684787893
      vertex 8.696367600330792 -7.136924446841012 103.36239684787893
    endloop
  endfacet
  facet normal 0 0 -1
    outer loop
      vertex -8.31491579260158 -3.444150891285808 101.36239684787893
      vertex -8.545396666893494 -2.8 101.36239684787893
      vertex 8.545396666893494 -2.8 101.36239684787893
    endloop
  endfacet
  facet normal 0 1 0
    outer loop
      vertex -8.545396666893494 -2.8 101.36239684787893
      vertex -8.545396666893494 -2.8 103.36239684787893
      vertex 8.545396666893494 -2.8 103.36239684787893
    endloop
  endfacet
  facet normal 0 0 1
    outer loop
      vertex -7.937291379135195 -4.242570631433979 103.36239684787893
      vertex 7.842931846932612 -4.3999999999999995 103.36239684787893
      vertex -8.31491579260158 -3.444150891285808 103.36239684787893
    endloop
  endfacet
  facet normal 0 0 1
    outer loop
      vertex -8.31491579260158 -3.444150891285808 103.36239684787893
      vertex 7.842931846932612 -4.3999999999999995 103.36239684787893
      vertex -8.545396666893494 -2.8 103.36239684787893
    endloop
  endfacet
  facet normal 0 -1 0
    outer loop
      vertex -7.842931846932612 -4.3999999999999995 103.36239684787893
      vertex -7.842931846932612 -4.3999999999999995 101.36239684787893
      vertex 7.842931846932612 -4.3999999999999995 101.36239684787893
    endloop
  endfacet
  facet normal 0 0 -1
    outer loop
      vertex -7.937291379135195 -4.242570631433979 101.36239684787893
      vertex 8.545396666893494 -2.8 101.36239684787893
      vertex -7.842931846932612 -4.3999999999999995 101.36239684787893
    endloop
  endfacet
  facet normal 0 0 -1
    outer loop
      vertex -8.31491579260158 -3.444150891285808 101.36239684787893
      vertex 8.545396666893494 -2.8 101.36239684787893
      vertex -7.937291379135195 -4.242570631433979 101.36239684787893
    endloop
  endfacet
  facet normal 0 0 1
    outer loop
      vertex -7.937291379135195 -4.242570631433979 103.36239684787893
      vertex -7.842931846932612 -4.3999999999999995 103.36239684787893
      vertex 7.842931846932612 -4.3999999999999995 103.36239684787893
    endloop
  endfacet
  facet normal 0 0 -1
    outer loop
      vertex 7.937291379135195 -4.242570631433979 101.36239684787893
      vertex 7.842931846932612 -4.3999999999999995 101.36239684787893
      vertex -7.842931846932612 -4.3999999999999995 101.36239684787893
    endloop
  endfacet
  facet normal 0 -1 0
    outer loop
      vertex 7.842931846932612 -4.3999999999999995 101.36239684787893
      vertex 7.842931846932612 -4.3999999999999995 103.36239684787893
      vertex -7.842931846932612 -4.3999999999999995 103.36239684787893
    endloop
  endfacet
  facet normal 0 0 1
    outer loop
      vertex 7.937291379135195 -4.242570631433979 103.36239684787893
      vertex -8.545396666893494 -2.8 103.36239684787893
      vertex 7.842931846932612 -4.3999999999999995 103.36239684787893
    endloop
  endfacet
  facet normal 0 0 1
    outer loop
      vertex 8.31491579260158 -3.444150891285808 103.36239684787893
      vertex -8.545396666893494 -2.8 103.36239684787893
      vertex 7.937291379135195 -4.242570631433979 103.36239684787893
    endloop
  endfacet
  facet normal 0 0 -1
    outer loop
      vertex 7.937291379135195 -4.242570631433979 101.36239684787893
      vertex -7.842931846932612 -4.3999999999999995 101.36239684787893
      vertex 8.31491579260158 -3.444150891285808 101.36239684787893
    endloop
  endfacet
  facet normal 0 0 -1
    outer loop
      vertex 8.31491579260158 -3.444150891285808 101.36239684787893
      vertex -7.842931846932612 -4.3999999999999995 101.36239684787893
      vertex 8.545396666893494 -2.8 101.36239684787893
    endloop
  endfacet
  facet normal 0 1 0
    outer loop
      vertex -8.545396666893494 -2.8 101.36239684787893
      vertex 8.545396666893494 -2.8 103.36239684787893
      vertex 8.545396666893494 -2.8 101.36239684787893
    endloop
  endfacet
  facet normal 0 0 1
    outer loop
      vertex 8.31491579260158 -3.444150891285808 103.36239684787893
      vertex 8.545396666893494 -2.8 103.36239684787893
      vertex -8.545396666893494 -2.8 103.36239684787893
    endloop
  endfacet
  facet normal 0 -1 0
    outer loop
      vertex -8.960698520184426 -0.8 103.36239684787893
      vertex -8.960698520184426 -0.8 101.36239684787893
      vertex 8.960698520184426 -0.8 101.36239684787893
    endloop
  endfacet
  facet normal 0 0 1
    outer loop
      vertex -9 0 103.36239684787893
      vertex -8.960698520184426 -0.8 103.36239684787893
      vertex 8.960698520184426 -0.8 103.36239684787893
    endloop
  endfacet
  facet normal 0 0 -1
    outer loop
      vertex -9 0 101.36239684787893
      vertex 8.960698520184426 0.8 101.36239684787893
      vertex -8.960698520184426 -0.8 101.36239684787893
    endloop
  endfacet
  facet normal 0 0 -1
    outer loop
      vertex -9 0 101.36239684787893
      vertex -8.960698520184426 0.8 101.36239684787893
      vertex 8.960698520184426 0.8 101.36239684787893
    endloop
  endfacet
  facet normal 0 1 0
    outer loop
      vertex -8.960698520184426 0.8 101.36239684787893
      vertex -8.960698520184426 0.8 103.36239684787893
      vertex 8.960698520184426 0.8 103.36239684787893
    endloop
  endfacet
  facet normal 0 0 1
    outer loop
      vertex -9 0 103.36239684787893
      vertex 8.960698520184426 -0.8 103.36239684787893
      vertex -8.960698520184426 0.8 103.36239684787893
    endloop
  endfacet
  facet normal 0 0 -1
    outer loop
      vertex 9 0 101.36239684787893
      vertex 8.960698520184426 -0.8 101.36239684787893
      vertex -8.960698520184426 -0.8 101.36239684787893
    endloop
  endfacet
  facet normal 0 -1 0
    outer loop
      vertex 8.960698520184426 -0.8 101.36239684787893
      vertex 8.960698520184426 -0.8 103.36239684787893
      vertex -8.960698520184426 -0.8 103.36239684787893
    endloop
  endfacet
  facet normal 0 0 -1
    outer loop
      vertex 9 0 101.36239684787893
      vertex -8.960698520184426 -0.8 101.36239684787893
      vertex 8.960698520184426 0.8 101.36239684787893
    endloop
  endfacet
  facet normal 0 1 0
    outer loop
      vertex -8.960698520184426 0.8 101.36239684787893
      vertex 8.960698520184426 0.8 103.36239684787893
      vertex 8.960698520184426 0.8 101.36239684787893
    endloop
  endfacet
  facet normal 0 0 1
    outer loop
      vertex 9 0 103.36239684787893
      vertex -8.960698520184426 0.8 103.36239684787893
      vertex 8.960698520184426 -0.8 103.36239684787893
    endloop
  endfacet
  facet normal 0 0 1
    outer loop
      vertex 9 0 103.36239684787893
      vertex 8.960698520184426 0.8 103.36239684787893
      vertex -8.960698520184426 0.8 103.36239684787893
    endloop
  endfacet
  facet normal 0 0 -1
    outer loop
      vertex -8.31491579260158 3.444150891285808 101.36239684787893
      vertex 7.842931846932612 4.3999999999999995 101.36239684787893
      vertex -8.545396666893494 2.8 101.36239684787893
    endloop
  endfacet
  facet normal 0 0 -1
    outer loop
      vertex -7.937291379135195 4.242570631433979 101.36239684787893
      vertex 7.842931846932612 4.3999999999999995 101.36239684787893
      vertex -8.31491579260158 3.444150891285808 101.36239684787893
    endloop
  endfacet
  facet normal 0 -1 0
    outer loop
      vertex -8.545396666893494 2.8 103.36239684787893
      vertex -8.545396666893494 2.8 101.36239684787893
      vertex 8.545396666893494 2.8 101.36239684787893
    endloop
  endfacet
  facet normal 0 0 1
    outer loop
      vertex -8.31491579260158 3.444150891285808 103.36239684787893
      vertex -8.545396666893494 2.8 103.36239684787893
      vertex 8.545396666893494 2.8 103.36239684787893
    endloop
  endfacet
  facet normal 0 0 -1
    outer loop
      vertex -7.937291379135195 4.242570631433979 101.36239684787893
      vertex -7.842931846932612 4.3999999999999995 101.36239684787893
      vertex 7.842931846932612 4.3999999999999995 101.36239684787893
    endloop
  endfacet
  facet normal 0 1 0
    outer loop
      vertex -7.842931846932612 4.3999999999999995 101.36239684787893
      vertex -7.842931846932612 4.3999999999999995 103.36239684787893
      vertex 7.842931846932612 4.3999999999999995 103.36239684787893
    endloop
  endfacet
  facet normal 0 0 1
    outer loop
      vertex -8.31491579260158 3.444150891285808 103.36239684787893
      vertex 8.545396666893494 2.8 103.36239684787893
      vertex -7.937291379135195 4.242570631433979 103.36239684787893
    endloop
  endfacet
  facet normal 0 0 1
    outer loop
      vertex -7.937291379135195 4.242570631433979 103.36239684787893
      vertex 8.545396666893494 2.8 103.36239684787893
      vertex -7.842931846932612 4.3999999999999995 103.36239684787893
    endloop
  endfacet
  facet normal 0 0 -1
    outer loop
      vertex 8.31491579260158 3.444150891285808 101.36239684787893
      vertex -8.545396666893494 2.8 101.36239684787893
      vertex 7.937291379135195 4.242570631433979 101.36239684787893
    endloop
  endfacet
  facet normal 0 0 -1
    outer loop
      vertex 7.937291379135195 4.242570631433979 101.36239684787893
      vertex -8.545396666893494 2.8 101.36239684787893
      vertex 7.842931846932612 4.3999999999999995 101.36239684787893
    endloop
  endfacet
  facet normal 0 1 0
    outer loop
      vertex 7.842931846932612 4.3999999999999995 103.36239684787893
      vertex 7.842931846932612 4.3999999999999995 101.36239684787893
      vertex -7.842931846932612 4.3999999999999995 101.36239684787893
    endloop
  endfacet
  facet normal 0 0 1
    outer loop
      vertex 7.937291379135195 4.242570631433979 103.36239684787893
      vertex 7.842931846932612 4.3999999999999995 103.36239684787893
      vertex -7.842931846932612 4.3999999999999995 103.36239684787893
    endloop
  endfacet
  facet normal 0 0 -1
    outer loop
      vertex 8.31491579260158 3.444150891285808 101.36239684787893
      vertex 8.545396666893494 2.8 101.36239684787893
      vertex -8.545396666893494 2.8 101.36239684787893
    endloop
  endfacet
  facet normal 0 -1 0
    outer loop
      vertex 8.545396666893494 2.8 101.36239684787893
      vertex 8.545396666893494 2.8 103.36239684787893
      vertex -8.545396666893494 2.8 103.36239684787893
    endloop
  endfacet
  facet normal 0 0 1
    outer loop
      vertex 8.31491579260158 3.444150891285808 103.36239684787893
      vertex -7.842931846932612 4.3999999999999995 103.36239684787893
      vertex 8.545396666893494 2.8 103.36239684787893
    endloop
  endfacet
  facet normal 0 0 1
    outer loop
      vertex 7.937291379135195 4.242570631433979 103.36239684787893
      vertex -7.842931846932612 4.3999999999999995 103.36239684787893
      vertex 8.31491579260158 3.444150891285808 103.36239684787893
    endloop
  endfacet
  facet normal 0 0 -1
    outer loop
      vertex -9 7.999999999999999 101.36239684787893
      vertex -8.696367600330792 7.136924446841012 101.36239684787893
      vertex -9 6.727523548809667 101.36239684787893
    endloop
  endfacet
  facet normal 0 0 -1
    outer loop
      vertex -9 7.999999999999999 101.36239684787893
      vertex -7.95495128834866 7.95495128834866 101.36239684787893
      vertex -8.696367600330792 7.136924446841012 101.36239684787893
    endloop
  endfacet
  facet normal 0 0 -1
    outer loop
      vertex -9 7.999999999999999 101.36239684787893
      vertex -7.905247694415563 7.999999999999999 101.36239684787893
      vertex -7.95495128834866 7.95495128834866 101.36239684787893
    endloop
  endfacet
  facet normal -1 0 0
    outer loop
      vertex -9 7.999999999999999 103.36239684787893
      vertex -9 6.727523548809667 101.36239684787893
      vertex -9 6.727523548809667 103.36239684787893
    endloop
  endfacet
  facet normal -1 0 0
    outer loop
      vertex -9 7.999999999999999 101.36239684787893
      vertex -9 6.727523548809667 101.36239684787893
      vertex -9 7.999999999999999 103.36239684787893
    endloop
  endfacet
  facet normal 0 1 0
    outer loop
      vertex -9 7.999999999999999 101.36239684787893
      vertex -7.905247694415563 7.999999999999999 103.36239684787893
      vertex -7.905247694415563 7.999999999999999 101.36239684787893
    endloop
  endfacet
  facet normal 0 1 0
    outer loop
      vertex -9 7.999999999999999 101.36239684787893
      vertex -9 7.999999999999999 103.36239684787893
      vertex -7.905247694415563 7.999999999999999 103.36239684787893
    endloop
  endfacet
  facet normal 0 0 1
    outer loop
      vertex -9 7.999999999999999 103.36239684787893
      vertex -9 6.727523548809667 103.36239684787893
      vertex -8.696367600330792 7.136924446841012 103.36239684787893
    endloop
  endfacet
  facet normal 0 0 1
    outer loop
      vertex -9 7.999999999999999 103.36239684787893
      vertex -8.696367600330792 7.136924446841012 103.36239684787893
      vertex -7.95495128834866 7.95495128834866 103.36239684787893
    endloop
  endfacet
  facet normal 0 0 1
    outer loop
      vertex -9 7.999999999999999 103.36239684787893
      vertex -7.95495128834866 7.95495128834866 103.36239684787893
      vertex -7.905247694415563 7.999999999999999 103.36239684787893
    endloop
  endfacet
  facet normal 0 -1 0
    outer loop
      vertex -6.324198155532452 6.3999999999999995 103.36239684787893
      vertex -6.324198155532452 6.3999999999999995 101.36239684787893
      vertex 6.324198155532452 6.3999999999999995 101.36239684787893
    endloop
  endfacet
  facet normal 0 0 -1
    outer loop
      vertex -5.70953955747281 6.957094080264633 101.36239684787893
      vertex 4.242570631433979 7.937291379135195 101.36239684787893
      vertex -6.324198155532452 6.3999999999999995 101.36239684787893
    endloop
  endfacet
  facet normal 0 0 -1
    outer loop
      vertex -5.00013209717642 7.483226510722907 101.36239684787893
      vertex 4.242570631433979 7.937291379135195 101.36239684787893
      vertex -5.70953955747281 6.957094080264633 101.36239684787893
    endloop
  endfacet
  facet normal 0 0 -1
    outer loop
      vertex -4.242570631433979 7.937291379135195 101.36239684787893
      vertex 4.242570631433979 7.937291379135195 101.36239684787893
      vertex -5.00013209717642 7.483226510722907 101.36239684787893
    endloop
  endfacet
  facet normal 0 0 -1
    outer loop
      vertex -4.242570631433979 7.937291379135195 101.36239684787893
      vertex -4.1099843923284824 7.999999999999999 101.36239684787893
      vertex 4.1099843923284824 7.999999999999999 101.36239684787893
    endloop
  endfacet
  facet normal 0 1 0
    outer loop
      vertex -4.1099843923284824 7.999999999999999 101.36239684787893
      vertex -4.1099843923284824 7.999999999999999 103.36239684787893
      vertex 4.1099843923284824 7.999999999999999 103.36239684787893
    endloop
  endfacet
  facet normal 0 0 1
    outer loop
      vertex -5.70953955747281 6.957094080264633 103.36239684787893
      vertex -6.324198155532452 6.3999999999999995 103.36239684787893
      vertex 6.324198155532452 6.3999999999999995 103.36239684787893
    endloop
  endfacet
  facet normal 0 0 1
    outer loop
      vertex -5.70953955747281 6.957094080264633 103.36239684787893
      vertex 6.324198155532452 6.3999999999999995 103.36239684787893
      vertex -5.00013209717642 7.483226510722907 103.36239684787893
    endloop
  endfacet
  facet normal 0 0 1
    outer loop
      vertex -5.00013209717642 7.483226510722907 103.36239684787893
      vertex 6.324198155532452 6.3999999999999995 103.36239684787893
      vertex -4.242570631433979 7.937291379135195 103.36239684787893
    endloop
  endfacet
  facet normal 0 0 1
    outer loop
      vertex -4.242570631433979 7.937291379135195 103.36239684787893
      vertex 4.242570631433979 7.937291379135195 103.36239684787893
      vertex -4.1099843923284824 7.999999999999999 103.36239684787893
    endloop
  endfacet
  facet normal 0 0 -1
    outer loop
      vertex 5.00013209717642 7.483226510722907 101.36239684787893
      vertex -6.324198155532452 6.3999999999999995 101.36239684787893
      vertex 4.242570631433979 7.937291379135195 101.36239684787893
    endloop
  endfacet
  facet normal 0 0 -1
    outer loop
      vertex -4.242570631433979 7.937291379135195 101.36239684787893
      vertex 4.1099843923284824 7.999999999999999 101.36239684787893
      vertex 4.242570631433979 7.937291379135195 101.36239684787893
    endloop
  endfacet
  facet normal 0 1 0
    outer loop
      vertex -4.1099843923284824 7.999999999999999 101.36239684787893
      vertex 4.1099843923284824 7.999999999999999 103.36239684787893
      vertex 4.1099843923284824 7.999999999999999 101.36239684787893
    endloop
  endfacet
  facet normal 0 0 -1
    outer loop
      vertex 5.70953955747281 6.957094080264633 101.36239684787893
      vertex 6.324198155532452 6.3999999999999995 101.36239684787893
      vertex -6.324198155532452 6.3999999999999995 101.36239684787893
    endloop
  endfacet
  facet normal 0 -1 0
    outer loop
      vertex 6.324198155532452 6.3999999999999995 101.36239684787893
      vertex 6.324198155532452 6.3999999999999995 103.36239684787893
      vertex -6.324198155532452 6.3999999999999995 103.36239684787893
    endloop
  endfacet
  facet normal 0 0 -1
    outer loop
      vertex 5.70953955747281 6.957094080264633 101.36239684787893
      vertex -6.324198155532452 6.3999999999999995 101.36239684787893
      vertex 5.00013209717642 7.483226510722907 101.36239684787893
    endloop
  endfacet
  facet normal 0 0 1
    outer loop
      vertex 4.242570631433979 7.937291379135195 103.36239684787893
      vertex -4.242570631433979 7.937291379135195 103.36239684787893
      vertex 5.00013209717642 7.483226510722907 103.36239684787893
    endloop
  endfacet
  facet normal 0 0 1
    outer loop
      vertex 4.242570631433979 7.937291379135195 103.36239684787893
      vertex 4.1099843923284824 7.999999999999999 103.36239684787893
      vertex -4.1099843923284824 7.999999999999999 103.36239684787893
    endloop
  endfacet
  facet normal 0 0 1
    outer loop
      vertex 5.00013209717642 7.483226510722907 103.36239684787893
      vertex -4.242570631433979 7.937291379135195 103.36239684787893
      vertex 5.70953955747281 6.957094080264633 103.36239684787893
    endloop
  endfacet
  facet normal 0 0 1
    outer loop
      vertex 5.70953955747281 6.957094080264633 103.36239684787893
      vertex -4.242570631433979 7.937291379135195 103.36239684787893
      vertex 6.324198155532452 6.3999999999999995 103.36239684787893
    endloop
  endfacet
  facet normal 0 0 -1
    outer loop
      vertex 9 7.999999999999999 101.36239684787893
      vertex 9 6.727523548809667 101.36239684787893
      vertex 8.696367600330792 7.136924446841012 101.36239684787893
    endloop
  endfacet
  facet normal 0 0 -1
    outer loop
      vertex 9 7.999999999999999 101.36239684787893
      vertex 8.696367600330792 7.136924446841012 101.36239684787893
      vertex 7.95495128834866 7.95495128834866 101.36239684787893
    endloop
  endfacet
  facet normal 0 0 -1
    outer loop
      vertex 9 7.999999999999999 101.36239684787893
      vertex 7.95495128834866 7.95495128834866 101.36239684787893
      vertex 7.905247694415563 7.999999999999999 101.36239684787893
    endloop
  endfacet
  facet normal 0 1 0
    outer loop
      vertex 9 7.999999999999999 101.36239684787893
      vertex 7.905247694415563 7.999999999999999 101.36239684787893
      vertex 9 7.999999999999999 103.36239684787893
    endloop
  endfacet
  facet normal 0 1 0
    outer loop
      vertex 9 7.999999999999999 103.36239684787893
      vertex 7.905247694415563 7.999999999999999 101.36239684787893
      vertex 7.905247694415563 7.999999999999999 103.36239684787893
    endloop
  endfacet
  facet normal 1 0 0
    outer loop
      vertex 9 7.999999999999999 101.36239684787893
      vertex 9 6.727523548809667 103.36239684787893
      vertex 9 6.727523548809667 101.36239684787893
    endloop
  endfacet
  facet normal 1 0 0
    outer loop
      vertex 9 7.999999999999999 101.36239684787893
      vertex 9 7.999999999999999 103.36239684787893
      vertex 9 6.727523548809667 103.36239684787893
    endloop
  endfacet
  facet normal 0 0 1
    outer loop
      vertex 9 7.999999999999999 103.36239684787893
      vertex 8.696367600330792 7.136924446841012 103.36239684787893
      vertex 9 6.727523548809667 103.36239684787893
    endloop
  endfacet
  facet normal 0 0 1
    outer loop
      vertex 9 7.999999999999999 103.36239684787893
      vertex 7.95495128834866 7.95495128834866 103.36239684787893
      vertex 8.696367600330792 7.136924446841012 103.36239684787893
    endloop
  endfacet
  facet normal 0 0 1
    outer loop
      vertex 9 7.999999999999999 103.36239684787893
      vertex 7.905247694415563 7.999999999999999 103.36239684787893
      vertex 7.95495128834866 7.95495128834866 103.36239684787893
    endloop
  endfacet
  facet normal -0.5678763070332155 -0.34037195962018413 0.7494420784921495
    outer loop
      vertex -72.99343354342562 -48.772653002099 0
      vertex -67.33944017605137 -44.99477541508211 6
      vertex -77.42250618333091 -41.38319172820939 0
    endloop
  endfacet
  facet normal 0 0 -1
    outer loop
      vertex -67.86139423622751 -55.69240696573421 0
      vertex -72.99343354342562 -48.772653002099 0
      vertex -66.34167664500526 -44.32809113794218 0
    endloop
  endfacet
  facet normal -0.5317795412681284 -0.39439458727779814 0.7494420784921502
    outer loop
      vertex -67.86139423622751 -55.69240696573421 0
      vertex -62.60492314990527 -51.378532630585454 6
      vertex -72.99343354342562 -48.772653002099 0
    endloop
  endfacet
  facet normal -0.5317795412681283 -0.3943945872777996 0.7494420784921494
    outer loop
      vertex -72.99343354342562 -48.772653002099 0
      vertex -62.60492314990527 -51.378532630585454 6
      vertex -67.33944017605137 -44.99477541508211 6
    endloop
  endfacet
  facet normal -0.3943945872777986 -0.531779541268129 0.7494420784921495
    outer loop
      vertex -55.69240696573421 -67.86139423622751 0
      vertex -48.772653002099 -72.99343354342562 0
      vertex -44.99477541508211 -67.33944017605137 6
    endloop
  endfacet
  facet normal 0 0 -1
    outer loop
      vertex -55.69240696573421 -67.86139423622751 0
      vertex -50.61726069242504 -61.67731060932561 0
      vertex -48.772653002099 -72.99343354342562 0
    endloop
  endfacet
  facet normal -0.39439458727779914 -0.5317795412681277 0.7494420784921503
    outer loop
      vertex -55.69240696573421 -67.86139423622751 0
      vertex -44.99477541508211 -67.33944017605137 6
      vertex -51.378532630585454 -62.60492314990527 6
    endloop
  endfacet
  facet normal 0 0 -1
    outer loop
      vertex -48.772653002099 -72.99343354342562 0
      vertex -44.32809113794218 -66.34167664500526 0
      vertex -41.38319172820939 -77.42250618333091 0
    endloop
  endfacet
  facet normal 0 0 -1
    outer loop
      vertex -48.772653002099 -72.99343354342562 0
      vertex -50.61726069242504 -61.67731060932561 0
      vertex -44.32809113794218 -66.34167664500526 0
    endloop
  endfacet
  facet normal -0.3403719596201835 -0.5678763070332157 0.7494420784921494
    outer loop
      vertex -48.772653002099 -72.99343354342562 0
      vertex -38.1776939156853 -71.4254415818196 6
      vertex -44.99477541508211 -67.33944017605137 6
    endloop
  endfacet
  facet normal 0 0 -1
    outer loop
      vertex -67.86139423622751 -55.69240696573421 0
      vertex -61.67731060932561 -50.61726069242504 0
      vertex -62.0758126057229 -62.0758126057229 0
    endloop
  endfacet
  facet normal -0.49056144782036076 -0.4446189794619179 0.74944207849215
    outer loop
      vertex -67.86139423622751 -55.69240696573421 0
      vertex -62.0758126057229 -62.0758126057229 0
      vertex -57.26748649049336 -57.26748649049336 6
    endloop
  endfacet
  facet normal 0 0 -1
    outer loop
      vertex -55.69240696573421 -67.86139423622751 0
      vertex -62.0758126057229 -62.0758126057229 0
      vertex -56.41895835623052 -56.41895835623052 0
    endloop
  endfacet
  facet normal -0.4446189794619178 -0.49056144782036065 0.7494420784921503
    outer loop
      vertex -55.69240696573421 -67.86139423622751 0
      vertex -51.378532630585454 -62.60492314990527 6
      vertex -62.0758126057229 -62.0758126057229 0
    endloop
  endfacet
  facet normal -0.44461897946191775 -0.4905614478203608 0.7494420784921502
    outer loop
      vertex -62.0758126057229 -62.0758126057229 0
      vertex -51.378532630585454 -62.60492314990527 6
      vertex -57.26748649049336 -57.26748649049336 6
    endloop
  endfacet
  facet normal 0 0 -1
    outer loop
      vertex -62.0758126057229 -62.0758126057229 0
      vertex -61.67731060932561 -50.61726069242504 0
      vertex -56.41895835623052 -56.41895835623052 0
    endloop
  endfacet
  facet normal 0 0 -1
    outer loop
      vertex -67.86139423622751 -55.69240696573421 0
      vertex -66.34167664500526 -44.32809113794218 0
      vertex -61.67731060932561 -50.61726069242504 0
    endloop
  endfacet
  facet normal -0.49056144782036076 -0.44461897946191764 0.7494420784921503
    outer loop
      vertex -67.86139423622751 -55.69240696573421 0
      vertex -57.26748649049336 -57.26748649049336 6
      vertex -62.60492314990527 -51.378532630585454 6
    endloop
  endfacet
  facet normal 0.8032075314806456 0.5956993044924325 0
    outer loop
      vertex -66.34167664500526 -44.32809113794218 0
      vertex -66.34167664500526 -44.32809113794218 6
      vertex -61.67731060932561 -50.61726069242504 0
    endloop
  endfacet
  facet normal 0.8032075314806456 0.5956993044924325 0
    outer loop
      vertex -66.34167664500526 -44.32809113794218 6
      vertex -61.67731060932561 -50.61726069242504 6
      vertex -61.67731060932561 -50.61726069242504 0
    endloop
  endfacet
  facet normal 0.7409511253549593 0.6715589548470181 0
    outer loop
      vertex -56.41895835623052 -56.41895835623052 0
      vertex -61.67731060932561 -50.61726069242504 0
      vertex -61.67731060932561 -50.61726069242504 6
    endloop
  endfacet
  facet normal 0.7409511253549593 0.6715589548470181 0
    outer loop
      vertex -56.41895835623052 -56.41895835623052 0
      vertex -61.67731060932561 -50.61726069242504 6
      vertex -56.41895835623052 -56.41895835623052 6
    endloop
  endfacet
  facet normal 0 0 -1
    outer loop
      vertex -55.69240696573421 -67.86139423622751 0
      vertex -56.41895835623052 -56.41895835623052 0
      vertex -50.61726069242504 -61.67731060932561 0
    endloop
  endfacet
  facet normal 0.6715589548470181 0.7409511253549593 0
    outer loop
      vertex -56.41895835623052 -56.41895835623052 0
      vertex -56.41895835623052 -56.41895835623052 6
      vertex -50.61726069242504 -61.67731060932561 0
    endloop
  endfacet
  facet normal 0.6715589548470181 0.7409511253549593 0
    outer loop
      vertex -56.41895835623052 -56.41895835623052 6
      vertex -50.61726069242504 -61.67731060932561 6
      vertex -50.61726069242504 -61.67731060932561 0
    endloop
  endfacet
  facet normal 0.5956993044924325 0.8032075314806456 0
    outer loop
      vertex -44.32809113794218 -66.34167664500526 0
      vertex -50.61726069242504 -61.67731060932561 0
      vertex -50.61726069242504 -61.67731060932561 6
    endloop
  endfacet
  facet normal 0.5956993044924325 0.8032075314806456 0
    outer loop
      vertex -44.32809113794218 -66.34167664500526 0
      vertex -50.61726069242504 -61.67731060932561 6
      vertex -44.32809113794218 -66.34167664500526 6
    endloop
  endfacet
  facet normal 0 0 -1
    outer loop
      vertex -77.42250618333091 -41.38319172820939 0
      vertex -81.10595776524366 -33.595187695623366 0
      vertex -73.71492150515336 -30.53372023670265 0
    endloop
  endfacet
  facet normal -0.6422285083515462 -0.160869866805176 0.7494420784921494
    outer loop
      vertex -84.00831463685059 -25.483643640530783 0
      vertex -77.50112034959372 -23.509707833902766 6
      vertex -86.1016255148885 -17.126678166403234 0
    endloop
  endfacet
  facet normal -0.6233679982354856 -0.22304463625303775 0.7494420784921499
    outer loop
      vertex -81.10595776524366 -33.595187695623366 0
      vertex -74.82357694003684 -30.992940353830026 6
      vertex -84.00831463685059 -25.483643640530783 0
    endloop
  endfacet
  facet normal 0 0 -1
    outer loop
      vertex -81.10595776524366 -33.595187695623366 0
      vertex -76.35279195099292 -23.161366222495086 0
      vertex -73.71492150515336 -30.53372023670265 0
    endloop
  endfacet
  facet normal 0 0 -1
    outer loop
      vertex -81.10595776524366 -33.595187695623366 0
      vertex -84.00831463685059 -25.483643640530783 0
      vertex -76.35279195099292 -23.161366222495086 0
    endloop
  endfacet
  facet normal -0.6233679982354857 -0.22304463625303886 0.7494420784921493
    outer loop
      vertex -84.00831463685059 -25.483643640530783 0
      vertex -74.82357694003684 -30.992940353830026 6
      vertex -77.50112034959372 -23.509707833902766 6
    endloop
  endfacet
  facet normal 0 0 -1
    outer loop
      vertex -72.99343354342562 -48.772653002099 0
      vertex -77.42250618333091 -41.38319172820939 0
      vertex -70.36713606854407 -37.61201783360141 0
    endloop
  endfacet
  facet normal -0.5678763070332152 -0.34037195962018324 0.7494420784921498
    outer loop
      vertex -67.33944017605137 -44.99477541508211 6
      vertex -71.4254415818196 -38.1776939156853 6
      vertex -77.42250618333091 -41.38319172820939 0
    endloop
  endfacet
  facet normal -0.5985041135288058 -0.2830713639251851 0.7494420784921499
    outer loop
      vertex -77.42250618333091 -41.38319172820939 0
      vertex -71.4254415818196 -38.1776939156853 6
      vertex -81.10595776524366 -33.595187695623366 0
    endloop
  endfacet
  facet normal 0 0 -1
    outer loop
      vertex -77.42250618333091 -41.38319172820939 0
      vertex -73.71492150515336 -30.53372023670265 0
      vertex -70.36713606854407 -37.61201783360141 0
    endloop
  endfacet
  facet normal -0.5985041135288058 -0.2830713639251849 0.74944207849215
    outer loop
      vertex -81.10595776524366 -33.595187695623366 0
      vertex -71.4254415818196 -38.1776939156853 6
      vertex -74.82357694003684 -30.992940353830026 6
    endloop
  endfacet
  facet normal 0.9039892931234437 0.42755509343028136 0
    outer loop
      vertex -70.36713606854407 -37.61201783360141 0
      vertex -73.71492150515336 -30.53372023670265 6
      vertex -70.36713606854407 -37.61201783360141 6
    endloop
  endfacet
  facet normal 0 0 -1
    outer loop
      vertex -72.99343354342562 -48.772653002099 0
      vertex -70.36713606854407 -37.61201783360141 0
      vertex -66.34167664500526 -44.32809113794218 0
    endloop
  endfacet
  facet normal 0.8577286100002715 0.5141027441932228 0
    outer loop
      vertex -66.34167664500526 -44.32809113794218 0
      vertex -70.36713606854407 -37.61201783360141 0
      vertex -70.36713606854407 -37.61201783360141 6
    endloop
  endfacet
  facet normal 0.8577286100002715 0.5141027441932228 0
    outer loop
      vertex -66.34167664500526 -44.32809113794218 0
      vertex -70.36713606854407 -37.61201783360141 6
      vertex -66.34167664500526 -44.32809113794218 6
    endloop
  endfacet
  facet normal 0.9039892931234437 0.42755509343028136 0
    outer loop
      vertex -70.36713606854407 -37.61201783360141 0
      vertex -73.71492150515336 -30.53372023670265 0
      vertex -73.71492150515336 -30.53372023670265 6
    endloop
  endfacet
  facet normal 0.9415440651830207 0.3368898533922204 0
    outer loop
      vertex -73.71492150515336 -30.53372023670265 0
      vertex -76.35279195099292 -23.161366222495086 6
      vertex -73.71492150515336 -30.53372023670265 6
    endloop
  endfacet
  facet normal 0.9415440651830207 0.3368898533922204 0
    outer loop
      vertex -73.71492150515336 -30.53372023670265 0
      vertex -76.35279195099292 -23.161366222495086 0
      vertex -76.35279195099292 -23.161366222495086 6
    endloop
  endfacet
  facet normal 0 0 -1
    outer loop
      vertex -84.00831463685059 -25.483643640530783 0
      vertex -86.1016255148885 -17.126678166403234 0
      vertex -78.25534327166265 -15.565955590274209 0
    endloop
  endfacet
  facet normal -0.6549040068543666 -0.09714583259956383 0.7494420784921496
    outer loop
      vertex -86.1016255148885 -17.126678166403234 0
      vertex -79.43228560376208 -15.800063975821441 6
      vertex -87.36573067128174 -8.604773419138585 0
    endloop
  endfacet
  facet normal 0 0 -1
    outer loop
      vertex -86.1016255148885 -17.126678166403234 0
      vertex -87.36573067128174 -8.604773419138585 0
      vertex -79.40425285790415 -7.820636296502101 0
    endloop
  endfacet
  facet normal 0 0 -1
    outer loop
      vertex -84.00831463685059 -25.483643640530783 0
      vertex -78.25534327166265 -15.565955590274209 0
      vertex -76.35279195099292 -23.161366222495086 0
    endloop
  endfacet
  facet normal 0.970031253194544 0.24298017990326395 0
    outer loop
      vertex -76.35279195099292 -23.161366222495086 0
      vertex -78.25534327166265 -15.565955590274209 0
      vertex -78.25534327166265 -15.565955590274209 6
    endloop
  endfacet
  facet normal -0.642228508351546 -0.16086986680517548 0.7494420784921496
    outer loop
      vertex -77.50112034959372 -23.509707833902766 6
      vertex -79.43228560376208 -15.800063975821441 6
      vertex -86.1016255148885 -17.126678166403234 0
    endloop
  endfacet
  facet normal 0.970031253194544 0.24298017990326395 0
    outer loop
      vertex -76.35279195099292 -23.161366222495086 0
      vertex -78.25534327166265 -15.565955590274209 6
      vertex -76.35279195099292 -23.161366222495086 6
    endloop
  endfacet
  facet normal 0 0 -1
    outer loop
      vertex -86.1016255148885 -17.126678166403234 0
      vertex -79.40425285790415 -7.820636296502101 0
      vertex -78.25534327166265 -15.565955590274209 0
    endloop
  endfacet
  facet normal 0.9891765099647809 0.14673047445536175 0
    outer loop
      vertex -78.25534327166265 -15.565955590274209 0
      vertex -79.40425285790415 -7.820636296502101 6
      vertex -78.25534327166265 -15.565955590274209 6
    endloop
  endfacet
  facet normal -0.6612724217642321 -0.03248623092070245 0.7494420784921504
    outer loop
      vertex -87.36573067128174 -8.604773419138585 0
      vertex -80.59847452546197 -7.938256864459403 6
      vertex -87.78845608234406 0 0
    endloop
  endfacet
  facet normal -0.6549040068543659 -0.09714583259956251 0.7494420784921505
    outer loop
      vertex -79.43228560376208 -15.800063975821441 6
      vertex -80.59847452546197 -7.938256864459403 6
      vertex -87.36573067128174 -8.604773419138585 0
    endloop
  endfacet
  facet normal 0 0 -1
    outer loop
      vertex -87.36573067128174 -8.604773419138585 0
      vertex -87.78845608234406 0 0
      vertex -79.78845608234406 0 0
    endloop
  endfacet
  facet normal -0.6612724217642325 -0.03248623092070331 0.7494420784921499
    outer loop
      vertex -80.59847452546197 -7.938256864459403 6
      vertex -80.9884560778737 0 6
      vertex -87.78845608234406 0 0
    endloop
  endfacet
  facet normal 0.9891765099647809 0.14673047445536175 0
    outer loop
      vertex -78.25534327166265 -15.565955590274209 0
      vertex -79.40425285790415 -7.820636296502101 0
      vertex -79.40425285790415 -7.820636296502101 6
    endloop
  endfacet
  facet normal 0 0 -1
    outer loop
      vertex -87.36573067128174 -8.604773419138585 0
      vertex -79.78845608234406 0 0
      vertex -79.40425285790415 -7.820636296502101 0
    endloop
  endfacet
  facet normal 0.9987954562051724 0.049067674327417925 0
    outer loop
      vertex -79.40425285790415 -7.820636296502101 0
      vertex -79.78845608234406 0 0
      vertex -79.78845608234406 0 6
    endloop
  endfacet
  facet normal 0.9987954562051724 0.049067674327417925 0
    outer loop
      vertex -79.40425285790415 -7.820636296502101 0
      vertex -79.78845608234406 0 6
      vertex -79.40425285790415 -7.820636296502101 6
    endloop
  endfacet
  facet normal -0.6193728445278616 -0.4593582084901528 0.6366846281748781
    outer loop
      vertex -67.33944017605137 -44.99477541508211 6
      vertex -62.60492314990527 -51.378532630585454 6
      vertex -8.696367600330792 -7.136924446841012 90.36239685118198
    endloop
  endfacet
  facet normal 0.6155989343266801 0.456559285927864 -0.6423329125063536
    outer loop
      vertex -66.34167664500526 -44.32809113794218 6
      vertex -7.483226510722907 -5.00013209717642 90.36239685118198
      vertex -61.67731060932561 -50.61726069242504 6
    endloop
  endfacet
  facet normal -0.6970881098095006 -0.3296981216325545 0.6366846281748781
    outer loop
      vertex -71.4254415818196 -38.1776939156853 6
      vertex -9.921614223918994 -5.303213289292473 90.36239685118198
      vertex -74.82357694003684 -30.992940353830026 6
    endloop
  endfacet
  facet normal 0.6928406715306432 0.3276892329388816 -0.6423329125063536
    outer loop
      vertex -70.36713606854407 -37.61201783360141 6
      vertex -73.71492150515336 -30.53372023670265 6
      vertex -8.31491579260158 -3.444150891285808 90.36239685118198
    endloop
  endfacet
  facet normal -0.6614153729727558 -0.39643711814249627 0.636684628174878
    outer loop
      vertex -67.33944017605137 -44.99477541508211 6
      vertex -9.354033138403635 -6.250165121470524 90.36239685118198
      vertex -71.4254415818196 -38.1776939156853 6
    endloop
  endfacet
  facet normal 0.6573852927951472 0.39402158104315005 -0.6423329125063536
    outer loop
      vertex -66.34167664500526 -44.32809113794218 6
      vertex -70.36713606854407 -37.61201783360141 6
      vertex -7.937291379135195 -4.242570631433979 90.36239685118198
    endloop
  endfacet
  facet normal -0.7480146699626766 -0.1873679208574538 0.636684628174878
    outer loop
      vertex -77.50112034959372 -23.509707833902766 6
      vertex -10.765578776987349 -3.265702619112701 90.36239685118198
      vertex -79.43228560376208 -15.800063975821441 6
    endloop
  endfacet
  facet normal -0.762778042665543 -0.11314743423136045 0.6366846281748781
    outer loop
      vertex -79.43228560376208 -15.800063975821441 6
      vertex -11.033834404536343 -2.1947661226814428 90.36239685118198
      vertex -80.59847452546197 -7.938256864459403 6
    endloop
  endfacet
  facet normal 0.7581303480468882 0.1124580138603262 -0.6423329125063536
    outer loop
      vertex -78.25534327166265 -15.565955590274209 6
      vertex -79.40425285790415 -7.820636296502101 6
      vertex -8.956662540049772 -0.8821542629660455 90.36239685118198
    endloop
  endfacet
  facet normal -0.7701954458406469 -0.03783727596094139 0.6366846281748781
    outer loop
      vertex -80.59847452546197 -7.938256864459403 6
      vertex -11.195828175062216 -1.1026928287075568 90.36239685118198
      vertex -80.9884560778737 0 6
    endloop
  endfacet
  facet normal 0.7655025561286712 0.037606729073076335 -0.6423329125063536
    outer loop
      vertex -79.40425285790415 -7.820636296502101 6
      vertex -79.78845608234406 0 6
      vertex -9 0 90.36239685118198
    endloop
  endfacet
  facet normal -0.7260475070816571 -0.2597839519799642 0.636684628174878
    outer loop
      vertex -77.50112034959372 -23.509707833902766 6
      vertex -74.82357694003684 -30.992940353830026 6
      vertex -10.393644740751975 -4.30518861410726 90.36239685118198
    endloop
  endfacet
  facet normal 0.7216236158540605 0.25820105838825747 -0.6423329125063535
    outer loop
      vertex -73.71492150515336 -30.53372023670265 6
      vertex -76.35279195099292 -23.161366222495086 6
      vertex -8.61246302158988 -2.612562095290161 90.36239685118198
    endloop
  endfacet
  facet normal 0.7434569302772086 0.18622626649829738 -0.6423329125063536
    outer loop
      vertex -76.35279195099292 -23.161366222495086 6
      vertex -78.25534327166265 -15.565955590274209 6
      vertex -8.827067523629074 -1.7558128981451542 90.36239685118198
    endloop
  endfacet
  facet normal -0.28307136392518506 -0.5985041135288057 0.7494420784921499
    outer loop
      vertex -41.38319172820939 -77.42250618333091 0
      vertex -33.595187695623366 -81.10595776524366 0
      vertex -30.992940353830026 -74.82357694003684 6
    endloop
  endfacet
  facet normal -0.34037195962018385 -0.567876307033215 0.7494420784921498
    outer loop
      vertex -48.772653002099 -72.99343354342562 0
      vertex -41.38319172820939 -77.42250618333091 0
      vertex -38.1776939156853 -71.4254415818196 6
    endloop
  endfacet
  facet normal 0 0 -1
    outer loop
      vertex -44.32809113794218 -66.34167664500526 0
      vertex -37.61201783360141 -70.36713606854407 0
      vertex -41.38319172820939 -77.42250618333091 0
    endloop
  endfacet
  facet normal 0.5141027441932228 0.8577286100002715 0
    outer loop
      vertex -44.32809113794218 -66.34167664500526 0
      vertex -44.32809113794218 -66.34167664500526 6
      vertex -37.61201783360141 -70.36713606854407 0
    endloop
  endfacet
  facet normal 0.5141027441932228 0.8577286100002715 0
    outer loop
      vertex -44.32809113794218 -66.34167664500526 6
      vertex -37.61201783360141 -70.36713606854407 6
      vertex -37.61201783360141 -70.36713606854407 0
    endloop
  endfacet
  facet normal 0 0 -1
    outer loop
      vertex -41.38319172820939 -77.42250618333091 0
      vertex -37.61201783360141 -70.36713606854407 0
      vertex -33.595187695623366 -81.10595776524366 0
    endloop
  endfacet
  facet normal 0 0 -1
    outer loop
      vertex -33.595187695623366 -81.10595776524366 0
      vertex -37.61201783360141 -70.36713606854407 0
      vertex -30.53372023670265 -73.71492150515336 0
    endloop
  endfacet
  facet normal 0.42755509343028136 0.9039892931234437 0
    outer loop
      vertex -37.61201783360141 -70.36713606854407 0
      vertex -37.61201783360141 -70.36713606854407 6
      vertex -30.53372023670265 -73.71492150515336 0
    endloop
  endfacet
  facet normal -0.2830713639251849 -0.5985041135288058 0.7494420784921497
    outer loop
      vertex -41.38319172820939 -77.42250618333091 0
      vertex -30.992940353830026 -74.82357694003684 6
      vertex -38.1776939156853 -71.4254415818196 6
    endloop
  endfacet
  facet normal 0 0 -1
    outer loop
      vertex -33.595187695623366 -81.10595776524366 0
      vertex -30.53372023670265 -73.71492150515336 0
      vertex -25.483643640530783 -84.00831463685059 0
    endloop
  endfacet
  facet normal -0.22304463625303794 -0.6233679982354862 0.7494420784921494
    outer loop
      vertex -33.595187695623366 -81.10595776524366 0
      vertex -25.483643640530783 -84.00831463685059 0
      vertex -23.509707833902766 -77.50112034959372 6
    endloop
  endfacet
  facet normal -0.22304463625303864 -0.6233679982354852 0.7494420784921499
    outer loop
      vertex -33.595187695623366 -81.10595776524366 0
      vertex -23.509707833902766 -77.50112034959372 6
      vertex -30.992940353830026 -74.82357694003684 6
    endloop
  endfacet
  facet normal 0 0 -1
    outer loop
      vertex -25.483643640530783 -84.00831463685059 0
      vertex -30.53372023670265 -73.71492150515336 0
      vertex -23.161366222495086 -76.35279195099292 0
    endloop
  endfacet
  facet normal 0.3368898533922204 0.9415440651830207 0
    outer loop
      vertex -30.53372023670265 -73.71492150515336 0
      vertex -30.53372023670265 -73.71492150515336 6
      vertex -23.161366222495086 -76.35279195099292 0
    endloop
  endfacet
  facet normal 0.42755509343028136 0.9039892931234437 0
    outer loop
      vertex -37.61201783360141 -70.36713606854407 6
      vertex -30.53372023670265 -73.71492150515336 6
      vertex -30.53372023670265 -73.71492150515336 0
    endloop
  endfacet
  facet normal 0.3368898533922204 0.9415440651830207 0
    outer loop
      vertex -30.53372023670265 -73.71492150515336 6
      vertex -23.161366222495086 -76.35279195099292 6
      vertex -23.161366222495086 -76.35279195099292 0
    endloop
  endfacet
  facet normal -0.16086986680517593 -0.6422285083515459 0.7494420784921497
    outer loop
      vertex -25.483643640530783 -84.00831463685059 0
      vertex -17.126678166403234 -86.1016255148885 0
      vertex -15.800063975821441 -79.43228560376208 6
    endloop
  endfacet
  facet normal 0 0 -1
    outer loop
      vertex -25.483643640530783 -84.00831463685059 0
      vertex -23.161366222495086 -76.35279195099292 0
      vertex -17.126678166403234 -86.1016255148885 0
    endloop
  endfacet
  facet normal 0.24298017990326395 0.970031253194544 0
    outer loop
      vertex -23.161366222495086 -76.35279195099292 0
      vertex -23.161366222495086 -76.35279195099292 6
      vertex -15.565955590274209 -78.25534327166265 0
    endloop
  endfacet
  facet normal 0 0 -1
    outer loop
      vertex -23.161366222495086 -76.35279195099292 0
      vertex -15.565955590274209 -78.25534327166265 0
      vertex -17.126678166403234 -86.1016255148885 0
    endloop
  endfacet
  facet normal -0.16086986680517554 -0.6422285083515463 0.7494420784921493
    outer loop
      vertex -25.483643640530783 -84.00831463685059 0
      vertex -15.800063975821441 -79.43228560376208 6
      vertex -23.509707833902766 -77.50112034959372 6
    endloop
  endfacet
  facet normal 0.24298017990326395 0.970031253194544 0
    outer loop
      vertex -23.161366222495086 -76.35279195099292 6
      vertex -15.565955590274209 -78.25534327166265 6
      vertex -15.565955590274209 -78.25534327166265 0
    endloop
  endfacet
  facet normal 0 0 -1
    outer loop
      vertex -17.126678166403234 -86.1016255148885 0
      vertex -15.565955590274209 -78.25534327166265 0
      vertex -8.604773419138585 -87.36573067128174 0
    endloop
  endfacet
  facet normal -0.0971458325995637 -0.6549040068543657 0.7494420784921504
    outer loop
      vertex -17.126678166403234 -86.1016255148885 0
      vertex -8.604773419138585 -87.36573067128174 0
      vertex -7.938256864459403 -80.59847452546197 6
    endloop
  endfacet
  facet normal 0.14673047445536175 0.9891765099647809 0
    outer loop
      vertex -15.565955590274209 -78.25534327166265 0
      vertex -15.565955590274209 -78.25534327166265 6
      vertex -7.820636296502101 -79.40425285790415 0
    endloop
  endfacet
  facet normal -0.09714583259956264 -0.6549040068543668 0.7494420784921497
    outer loop
      vertex -17.126678166403234 -86.1016255148885 0
      vertex -7.938256864459403 -80.59847452546197 6
      vertex -15.800063975821441 -79.43228560376208 6
    endloop
  endfacet
  facet normal -0.032486230920703275 -0.6612724217642318 0.7494420784921504
    outer loop
      vertex -8.604773419138585 -87.36573067128174 0
      vertex 0 -80.9884560778737 6
      vertex -7.938256864459403 -80.59847452546197 6
    endloop
  endfacet
  facet normal 0 0 -1
    outer loop
      vertex -15.565955590274209 -78.25534327166265 0
      vertex -7.820636296502101 -79.40425285790415 0
      vertex -8.604773419138585 -87.36573067128174 0
    endloop
  endfacet
  facet normal 0.14673047445536175 0.9891765099647809 0
    outer loop
      vertex -15.565955590274209 -78.25534327166265 6
      vertex -7.820636296502101 -79.40425285790415 6
      vertex -7.820636296502101 -79.40425285790415 0
    endloop
  endfacet
  facet normal -0.03248623092070248 -0.6612724217642325 0.7494420784921499
    outer loop
      vertex -8.604773419138585 -87.36573067128174 0
      vertex 0 -87.78845608234406 0
      vertex 0 -80.9884560778737 6
    endloop
  endfacet
  facet normal 0 0 -1
    outer loop
      vertex -8.604773419138585 -87.36573067128174 0
      vertex -7.820636296502101 -79.40425285790415 0
      vertex 0 -87.78845608234406 0
    endloop
  endfacet
  facet normal 0 0 -1
    outer loop
      vertex -7.820636296502101 -79.40425285790415 0
      vertex 0 -79.78845608234406 0
      vertex 0 -87.78845608234406 0
    endloop
  endfacet
  facet normal 0.049067674327417925 0.9987954562051724 0
    outer loop
      vertex -7.820636296502101 -79.40425285790415 0
      vertex -7.820636296502101 -79.40425285790415 6
      vertex 0 -79.78845608234406 0
    endloop
  endfacet
  facet normal 0.049067674327417925 0.9987954562051724 0
    outer loop
      vertex -7.820636296502101 -79.40425285790415 6
      vertex 0 -79.78845608234406 6
      vertex 0 -79.78845608234406 0
    endloop
  endfacet
  facet normal -0.4593582084901528 -0.6193728445278616 0.636684628174878
    outer loop
      vertex -44.99477541508211 -67.33944017605137 6
      vertex -6.250165121470524 -9.354033138403635 90.36239685118198
      vertex -51.378532630585454 -62.60492314990527 6
    endloop
  endfacet
  facet normal 0.456559285927864 0.6155989343266801 -0.6423329125063536
    outer loop
      vertex -44.32809113794218 -66.34167664500526 6
      vertex -50.61726069242504 -61.67731060932561 6
      vertex -5.70953955747281 -6.957094080264633 90.36239685118198
    endloop
  endfacet
  facet normal -0.39643711814249627 -0.6614153729727558 0.636684628174878
    outer loop
      vertex -44.99477541508211 -67.33944017605137 6
      vertex -38.1776939156853 -71.4254415818196 6
      vertex -5.303213289292473 -9.921614223918994 90.36239685118198
    endloop
  endfacet
  facet normal 0.39402158104315005 0.6573852927951472 -0.6423329125063536
    outer loop
      vertex -44.32809113794218 -66.34167664500526 6
      vertex -5.00013209717642 -7.483226510722907 90.36239685118198
      vertex -37.61201783360141 -70.36713606854407 6
    endloop
  endfacet
  facet normal -0.3296981216325545 -0.6970881098095006 0.6366846281748781
    outer loop
      vertex -38.1776939156853 -71.4254415818196 6
      vertex -30.992940353830026 -74.82357694003684 6
      vertex -4.30518861410726 -10.393644740751975 90.36239685118198
    endloop
  endfacet
  facet normal 0.3276892329388816 0.6928406715306432 -0.6423329125063536
    outer loop
      vertex -37.61201783360141 -70.36713606854407 6
      vertex -4.242570631433979 -7.937291379135195 90.36239685118198
      vertex -30.53372023670265 -73.71492150515336 6
    endloop
  endfacet
  facet normal -0.18736792085745382 -0.7480146699626767 0.636684628174878
    outer loop
      vertex -23.509707833902766 -77.50112034959372 6
      vertex -15.800063975821441 -79.43228560376208 6
      vertex -2.1947661226814428 -11.033834404536343 90.36239685118198
    endloop
  endfacet
  facet normal -0.2597839519799642 -0.7260475070816571 0.636684628174878
    outer loop
      vertex -23.509707833902766 -77.50112034959372 6
      vertex -3.265702619112701 -10.765578776987349 90.36239685118198
      vertex -30.992940353830026 -74.82357694003684 6
    endloop
  endfacet
  facet normal 0.25820105838825747 0.7216236158540605 -0.6423329125063535
    outer loop
      vertex -30.53372023670265 -73.71492150515336 6
      vertex -3.444150891285808 -8.31491579260158 90.36239685118198
      vertex -23.161366222495086 -76.35279195099292 6
    endloop
  endfacet
  facet normal 0.18622626649829738 0.7434569302772086 -0.6423329125063536
    outer loop
      vertex -23.161366222495086 -76.35279195099292 6
      vertex -2.612562095290161 -8.61246302158988 90.36239685118198
      vertex -15.565955590274209 -78.25534327166265 6
    endloop
  endfacet
  facet normal -0.11314743423136046 -0.7627780426655432 0.636684628174878
    outer loop
      vertex -15.800063975821441 -79.43228560376208 6
      vertex -7.938256864459403 -80.59847452546197 6
      vertex -1.1026928287075568 -11.195828175062216 90.36239685118198
    endloop
  endfacet
  facet normal 0.1124580138603262 0.7581303480468882 -0.6423329125063536
    outer loop
      vertex -15.565955590274209 -78.25534327166265 6
      vertex -1.7558128981451542 -8.827067523629074 90.36239685118198
      vertex -7.820636296502101 -79.40425285790415 6
    endloop
  endfacet
  facet normal 0.037606729073076335 0.7655025561286712 -0.6423329125063535
    outer loop
      vertex -7.820636296502101 -79.40425285790415 6
      vertex -0.8821542629660455 -8.956662540049772 90.36239685118198
      vertex 0 -79.78845608234406 6
    endloop
  endfacet
  facet normal -0.03783727596094139 -0.7701954458406469 0.6366846281748781
    outer loop
      vertex -7.938256864459403 -80.59847452546197 6
      vertex 0 -80.9884560778737 6
      vertex 0 -11.25 90.36239685118198
    endloop
  endfacet
  facet normal -0.5713654170065262 -0.5178554281793091 0.636684628174878
    outer loop
      vertex -57.26748649049336 -57.26748649049336 6
      vertex -7.95495128834866 -7.95495128834866 90.36239685118198
      vertex -62.60492314990527 -51.378532630585454 6
    endloop
  endfacet
  facet normal -0.5178554281793092 -0.5713654170065263 0.6366846281748781
    outer loop
      vertex -57.26748649049336 -57.26748649049336 6
      vertex -51.378532630585454 -62.60492314990527 6
      vertex -7.136924446841012 -8.696367600330792 90.36239685118198
    endloop
  endfacet
  facet normal 0.5678840216000369 0.5147000753084013 -0.6423329125063536
    outer loop
      vertex -56.41895835623052 -56.41895835623052 6
      vertex -61.67731060932561 -50.61726069242504 6
      vertex -6.957094080264633 -5.70953955747281 90.36239685118198
    endloop
  endfacet
  facet normal 0.5147000753084013 0.5678840216000369 -0.6423329125063536
    outer loop
      vertex -56.41895835623052 -56.41895835623052 6
      vertex -6.3639610306789285 -6.3639610306789285 90.36239685118198
      vertex -50.61726069242504 -61.67731060932561 6
    endloop
  endfacet
  facet normal -0.5713654170065247 -0.5178554281793096 0.6366846281748791
    outer loop
      vertex -62.60492314990527 -51.378532630585454 6
      vertex -7.95495128834866 -7.95495128834866 90.36239685118198
      vertex -8.696367600330792 -7.136924446841012 90.36239685118198
    endloop
  endfacet
  facet normal -0.5178554281793085 -0.5713654170065272 0.6366846281748778
    outer loop
      vertex -57.26748649049336 -57.26748649049336 6
      vertex -7.136924446841012 -8.696367600330792 90.36239685118198
      vertex -7.95495128834866 -7.95495128834866 90.36239685118198
    endloop
  endfacet
  facet normal 0.5678840216000348 0.5147000753084011 -0.6423329125063555
    outer loop
      vertex -56.41895835623052 -56.41895835623052 6
      vertex -6.957094080264633 -5.70953955747281 90.36239685118198
      vertex -6.3639610306789285 -6.3639610306789285 90.36239685118198
    endloop
  endfacet
  facet normal -0.7480146699626782 -0.18736792085744575 0.6366846281748787
    outer loop
      vertex -79.43228560376208 -15.800063975821441 6
      vertex -10.765578776987349 -3.265702619112701 90.36239685118198
      vertex -11.033834404536343 -2.1947661226814428 90.36239685118198
    endloop
  endfacet
  facet normal -0.7627780426655438 -0.1131474342313547 0.6366846281748783
    outer loop
      vertex -80.59847452546197 -7.938256864459403 6
      vertex -11.033834404536343 -2.1947661226814428 90.36239685118198
      vertex -11.195828175062216 -1.1026928287075568 90.36239685118198
    endloop
  endfacet
  facet normal -0.7701954458406468 -0.03783727596094063 0.636684628174878
    outer loop
      vertex -11.195828175062216 -1.1026928287075568 90.36239685118198
      vertex -11.25 0 90.36239685118198
      vertex -80.9884560778737 0 6
    endloop
  endfacet
  facet normal -0.6614153729727572 -0.39643711814249477 0.6366846281748776
    outer loop
      vertex -71.4254415818196 -38.1776939156853 6
      vertex -9.354033138403635 -6.250165121470524 90.36239685118198
      vertex -9.921614223918994 -5.303213289292473 90.36239685118198
    endloop
  endfacet
  facet normal -0.6193728445278637 -0.45935820849015263 0.6366846281748761
    outer loop
      vertex -67.33944017605137 -44.99477541508211 6
      vertex -8.696367600330792 -7.136924446841012 90.36239685118198
      vertex -9.354033138403635 -6.250165121470524 90.36239685118198
    endloop
  endfacet
  facet normal -0.6970881098094998 -0.3296981216325557 0.6366846281748785
    outer loop
      vertex -74.82357694003684 -30.992940353830026 6
      vertex -9.921614223918994 -5.303213289292473 90.36239685118198
      vertex -10.393644740751975 -4.30518861410726 90.36239685118198
    endloop
  endfacet
  facet normal 0.7216236158540631 0.25820105838824914 -0.6423329125063542
    outer loop
      vertex -73.71492150515336 -30.53372023670265 6
      vertex -8.61246302158988 -2.612562095290161 90.36239685118198
      vertex -8.31491579260158 -3.444150891285808 90.36239685118198
    endloop
  endfacet
  facet normal 0.6928406715306443 0.3276892329388786 -0.6423329125063539
    outer loop
      vertex -70.36713606854407 -37.61201783360141 6
      vertex -8.31491579260158 -3.444150891285808 90.36239685118198
      vertex -7.937291379135195 -4.242570631433979 90.36239685118198
    endloop
  endfacet
  facet normal 0.6155989343266802 0.45655928592786754 -0.6423329125063507
    outer loop
      vertex -61.67731060932561 -50.61726069242504 6
      vertex -7.483226510722907 -5.00013209717642 90.36239685118198
      vertex -6.957094080264633 -5.70953955747281 90.36239685118198
    endloop
  endfacet
  facet normal 0.6573852927951462 0.394021581043149 -0.6423329125063552
    outer loop
      vertex -66.34167664500526 -44.32809113794218 6
      vertex -7.937291379135195 -4.242570631433979 90.36239685118198
      vertex -7.483226510722907 -5.00013209717642 90.36239685118198
    endloop
  endfacet
  facet normal -0.7260475070816571 -0.2597839519799591 0.63668462817488
    outer loop
      vertex -77.50112034959372 -23.509707833902766 6
      vertex -10.393644740751975 -4.30518861410726 90.36239685118198
      vertex -10.765578776987349 -3.265702619112701 90.36239685118198
    endloop
  endfacet
  facet normal 0.7434569302772085 0.1862262664982947 -0.6423329125063546
    outer loop
      vertex -76.35279195099292 -23.161366222495086 6
      vertex -8.827067523629074 -1.7558128981451542 90.36239685118198
      vertex -8.61246302158988 -2.612562095290161 90.36239685118198
    endloop
  endfacet
  facet normal 0.7581303480468863 0.11245801386033462 -0.6423329125063545
    outer loop
      vertex -78.25534327166265 -15.565955590274209 6
      vertex -8.956662540049772 -0.8821542629660455 90.36239685118198
      vertex -8.827067523629074 -1.7558128981451542 90.36239685118198
    endloop
  endfacet
  facet normal 0.7655025561286719 0.03760672907306805 -0.6423329125063532
    outer loop
      vertex -79.40425285790415 -7.820636296502101 6
      vertex -9 0 90.36239685118198
      vertex -8.956662540049772 -0.8821542629660455 90.36239685118198
    endloop
  endfacet
  facet normal -0.3964371181424957 -0.6614153729727551 0.6366846281748791
    outer loop
      vertex -44.99477541508211 -67.33944017605137 6
      vertex -5.303213289292473 -9.921614223918994 90.36239685118198
      vertex -6.250165121470524 -9.354033138403635 90.36239685118198
    endloop
  endfacet
  facet normal -0.45935820849015474 -0.6193728445278628 0.6366846281748754
    outer loop
      vertex -51.378532630585454 -62.60492314990527 6
      vertex -6.250165121470524 -9.354033138403635 90.36239685118198
      vertex -7.136924446841012 -8.696367600330792 90.36239685118198
    endloop
  endfacet
  facet normal 0.5147000753083929 0.5678840216000407 -0.6423329125063568
    outer loop
      vertex -50.61726069242504 -61.67731060932561 6
      vertex -6.3639610306789285 -6.3639610306789285 90.36239685118198
      vertex -5.70953955747281 -6.957094080264633 90.36239685118198
    endloop
  endfacet
  facet normal 0.45655928592785877 0.6155989343266811 -0.6423329125063563
    outer loop
      vertex -44.32809113794218 -66.34167664500526 6
      vertex -5.70953955747281 -6.957094080264633 90.36239685118198
      vertex -5.00013209717642 -7.483226510722907 90.36239685118198
    endloop
  endfacet
  facet normal -0.32969812163255485 -0.6970881098095018 0.6366846281748768
    outer loop
      vertex -38.1776939156853 -71.4254415818196 6
      vertex -4.30518861410726 -10.393644740751975 90.36239685118198
      vertex -5.303213289292473 -9.921614223918994 90.36239685118198
    endloop
  endfacet
  facet normal 0.3940215810431484 0.65738529279515 -0.6423329125063519
    outer loop
      vertex -37.61201783360141 -70.36713606854407 6
      vertex -5.00013209717642 -7.483226510722907 90.36239685118198
      vertex -4.242570631433979 -7.937291379135195 90.36239685118198
    endloop
  endfacet
  facet normal -0.2597839519799651 -0.7260475070816567 0.6366846281748783
    outer loop
      vertex -30.992940353830026 -74.82357694003684 6
      vertex -3.265702619112701 -10.765578776987349 90.36239685118198
      vertex -4.30518861410726 -10.393644740751975 90.36239685118198
    endloop
  endfacet
  facet normal 0.3276892329388932 0.6928406715306404 -0.6423329125063506
    outer loop
      vertex -30.53372023670265 -73.71492150515336 6
      vertex -4.242570631433979 -7.937291379135195 90.36239685118198
      vertex -3.444150891285808 -8.31491579260158 90.36239685118198
    endloop
  endfacet
  facet normal -0.18736792085746018 -0.7480146699626757 0.6366846281748776
    outer loop
      vertex -23.509707833902766 -77.50112034959372 6
      vertex -2.1947661226814428 -11.033834404536343 90.36239685118198
      vertex -3.265702619112701 -10.765578776987349 90.36239685118198
    endloop
  endfacet
  facet normal -0.11314743423136203 -0.7627780426655429 0.636684628174878
    outer loop
      vertex -15.800063975821441 -79.43228560376208 6
      vertex -1.1026928287075568 -11.195828175062216 90.36239685118198
      vertex -2.1947661226814428 -11.033834404536343 90.36239685118198
    endloop
  endfacet
  facet normal -0.03783727596094228 -0.7701954458406467 0.6366846281748781
    outer loop
      vertex -7.938256864459403 -80.59847452546197 6
      vertex 0 -11.25 90.36239685118198
      vertex -1.1026928287075568 -11.195828175062216 90.36239685118198
    endloop
  endfacet
  facet normal 0.25820105838825785 0.7216236158540614 -0.6423329125063527
    outer loop
      vertex -23.161366222495086 -76.35279195099292 6
      vertex -3.444150891285808 -8.31491579260158 90.36239685118198
      vertex -2.612562095290161 -8.61246302158988 90.36239685118198
    endloop
  endfacet
  facet normal 0.18622626649829496 0.7434569302772096 -0.6423329125063533
    outer loop
      vertex -15.565955590274209 -78.25534327166265 6
      vertex -2.612562095290161 -8.61246302158988 90.36239685118198
      vertex -1.7558128981451542 -8.827067523629074 90.36239685118198
    endloop
  endfacet
  facet normal 0.1124580138603346 0.7581303480468867 -0.6423329125063537
    outer loop
      vertex -7.820636296502101 -79.40425285790415 6
      vertex -1.7558128981451542 -8.827067523629074 90.36239685118198
      vertex -0.8821542629660455 -8.956662540049772 90.36239685118198
    endloop
  endfacet
  facet normal 0.037606729073076654 0.7655025561286711 -0.6423329125063536
    outer loop
      vertex -0.8821542629660455 -8.956662540049772 90.36239685118198
      vertex 0 -9 90.36239685118198
      vertex 0 -79.78845608234406 6
    endloop
  endfacet
  facet normal -0.9891765099647809 -0.14673047445536244 0
    outer loop
      vertex -11.033834404536343 -2.1947661226814428 90.36239685118198
      vertex -11.033834404536343 -2.1947661226814428 104.36239685118198
      vertex -11.195828175062216 -1.1026928287075568 90.36239685118198
    endloop
  endfacet
  facet normal -0.9987954562051724 -0.049067674327417134 0
    outer loop
      vertex -11.195828175062216 -1.1026928287075568 90.36239685118198
      vertex -11.195828175062216 -1.1026928287075568 104.36239685118198
      vertex -11.25 0 90.36239685118198
    endloop
  endfacet
  facet normal -0.9891765099647809 -0.14673047445536244 0
    outer loop
      vertex -11.195828175062216 -1.1026928287075568 90.36239685118198
      vertex -11.033834404536343 -2.1947661226814428 104.36239685118198
      vertex -11.195828175062216 -1.1026928287075568 104.36239685118198
    endloop
  endfacet
  facet normal -0.9987954562051724 -0.049067674327417134 0
    outer loop
      vertex -11.195828175062216 -1.1026928287075568 104.36239685118198
      vertex -11.25 0 104.36239685118198
      vertex -11.25 0 90.36239685118198
    endloop
  endfacet
  facet normal -0.14673047445536244 -0.9891765099647809 0
    outer loop
      vertex -2.1947661226814428 -11.033834404536343 90.36239685118198
      vertex -1.1026928287075568 -11.195828175062216 90.36239685118198
      vertex -1.1026928287075568 -11.195828175062216 104.36239685118198
    endloop
  endfacet
  facet normal -0.049067674327417134 -0.9987954562051724 0
    outer loop
      vertex -1.1026928287075568 -11.195828175062216 90.36239685118198
      vertex 0 -11.25 90.36239685118198
      vertex 0 -11.25 104.36239685118198
    endloop
  endfacet
  facet normal -0.14673047445536244 -0.9891765099647809 0
    outer loop
      vertex -2.1947661226814428 -11.033834404536343 90.36239685118198
      vertex -1.1026928287075568 -11.195828175062216 104.36239685118198
      vertex -2.1947661226814428 -11.033834404536343 104.36239685118198
    endloop
  endfacet
  facet normal -0.049067674327417134 -0.9987954562051724 0
    outer loop
      vertex -1.1026928287075568 -11.195828175062216 90.36239685118198
      vertex 0 -11.25 104.36239685118198
      vertex -1.1026928287075568 -11.195828175062216 104.36239685118198
    endloop
  endfacet
  facet normal -0.740951125354959 -0.6715589548470186 0
    outer loop
      vertex -8.696367600330792 -7.136924446841012 90.36239685118198
      vertex -7.95495128834866 -7.95495128834866 90.36239685118198
      vertex -8.696367600330792 -7.136924446841012 101.36239684787893
    endloop
  endfacet
  facet normal -0.8032075314806453 -0.5956993044924329 1.828392992852935e-17
    outer loop
      vertex -8.696367600330792 -7.136924446841012 90.36239685118198
      vertex -9 -6.727523548809667 101.36239684787893
      vertex -9.354033138403635 -6.250165121470524 90.36239685118198
    endloop
  endfacet
  facet normal 0.6715589548470177 0.7409511253549598 0
    outer loop
      vertex -5.70953955747281 -6.957094080264633 90.36239685118198
      vertex -6.3639610306789285 -6.3639610306789285 90.36239685118198
      vertex -5.70953955747281 -6.957094080264633 101.36239684787893
    endloop
  endfacet
  facet normal -0.8577286100002725 -0.514102744193221 0
    outer loop
      vertex -9.354033138403635 -6.250165121470524 90.36239685118198
      vertex -9.354033138403635 -6.250165121470524 104.36239685118198
      vertex -9.921614223918994 -5.303213289292473 90.36239685118198
    endloop
  endfacet
  facet normal -0.8032075314806454 -0.5956993044924326 0
    outer loop
      vertex -8.696367600330792 -7.136924446841012 90.36239685118198
      vertex -8.696367600330792 -7.136924446841012 101.36239684787893
      vertex -9 -6.727523548809667 101.36239684787893
    endloop
  endfacet
  facet normal -0.6715589548470186 -0.740951125354959 0
    outer loop
      vertex -7.136924446841012 -8.696367600330792 90.36239685118198
      vertex -7.136924446841012 -8.696367600330792 104.36239685118198
      vertex -7.95495128834866 -7.95495128834866 90.36239685118198
    endloop
  endfacet
  facet normal -0.514102744193221 -0.8577286100002725 0
    outer loop
      vertex -6.250165121470524 -9.354033138403635 90.36239685118198
      vertex -5.303213289292473 -9.921614223918994 90.36239685118198
      vertex -5.303213289292473 -9.921614223918994 104.36239685118198
    endloop
  endfacet
  facet normal -0.5956993044924329 -0.8032075314806452 0
    outer loop
      vertex -7.136924446841012 -8.696367600330792 90.36239685118198
      vertex -6.250165121470524 -9.354033138403635 90.36239685118198
      vertex -6.250165121470524 -9.354033138403635 104.36239685118198
    endloop
  endfacet
  facet normal 0.7409511253549598 0.6715589548470177 0
    outer loop
      vertex -6.957094080264633 -5.70953955747281 90.36239685118198
      vertex -6.957094080264633 -5.70953955747281 104.36239685118198
      vertex -6.3639610306789285 -6.3639610306789285 90.36239685118198
    endloop
  endfacet
  facet normal -0.6715589548470179 -0.7409511253549594 0
    outer loop
      vertex -7.95495128834866 -7.95495128834866 90.36239685118198
      vertex -7.9052476944155625 -8 101.36239684787893
      vertex -7.95495128834866 -7.95495128834866 101.36239684787893
    endloop
  endfacet
  facet normal -0.740951125354959 -0.6715589548470186 0
    outer loop
      vertex -7.95495128834866 -7.95495128834866 90.36239685118198
      vertex -7.95495128834866 -7.95495128834866 101.36239684787893
      vertex -8.696367600330792 -7.136924446841012 101.36239684787893
    endloop
  endfacet
  facet normal 0.6715589548470176 0.7409511253549599 1.2546919374250009e-17
    outer loop
      vertex -6.3639610306789285 -6.3639610306789285 90.36239685118198
      vertex -6.324198155532451 -6.4 101.36239684787893
      vertex -5.70953955747281 -6.957094080264633 101.36239684787893
    endloop
  endfacet
  facet normal 0.9987954562051724 0.04906767432741834 8.1242071459774e-18
    outer loop
      vertex -8.956662540049772 -0.8821542629660455 90.36239685118198
      vertex -9 0 90.36239685118198
      vertex -8.960698520184426 -0.8 101.36239684787893
    endloop
  endfacet
  facet normal 0.8577286100002718 0.5141027441932221 -5.713728102665423e-18
    outer loop
      vertex -7.937291379135195 -4.242570631433979 90.36239685118198
      vertex -7.842931846932612 -4.3999999999999995 101.36239684787893
      vertex -7.483226510722907 -5.00013209717642 90.36239685118198
    endloop
  endfacet
  facet normal 0.9039892931234437 0.4275550934302813 0
    outer loop
      vertex -8.31491579260158 -3.444150891285808 90.36239685118198
      vertex -7.937291379135195 -4.242570631433979 101.36239684787893
      vertex -7.937291379135195 -4.242570631433979 90.36239685118198
    endloop
  endfacet
  facet normal -0.9039892931234431 -0.4275550934302824 0
    outer loop
      vertex -10.393644740751975 -4.30518861410726 90.36239685118198
      vertex -9.921614223918994 -5.303213289292473 90.36239685118198
      vertex -9.921614223918994 -5.303213289292473 104.36239685118198
    endloop
  endfacet
  facet normal -0.9415440651830209 -0.33688985339221944 0
    outer loop
      vertex -10.393644740751975 -4.30518861410726 90.36239685118198
      vertex -10.393644740751975 -4.30518861410726 104.36239685118198
      vertex -10.765578776987349 -3.265702619112701 90.36239685118198
    endloop
  endfacet
  facet normal -0.9700312531945438 -0.24298017990326495 0
    outer loop
      vertex -11.033834404536343 -2.1947661226814428 90.36239685118198
      vertex -10.765578776987349 -3.265702619112701 90.36239685118198
      vertex -10.765578776987349 -3.265702619112701 104.36239685118198
    endloop
  endfacet
  facet normal 0.9415440651830204 0.3368898533922211 0
    outer loop
      vertex -8.31491579260158 -3.444150891285808 90.36239685118198
      vertex -8.61246302158988 -2.612562095290161 90.36239685118198
      vertex -8.61246302158988 -2.612562095290161 104.36239685118198
    endloop
  endfacet
  facet normal 0.9415440651830201 0.3368898533922219 0
    outer loop
      vertex -8.31491579260158 -3.444150891285808 90.36239685118198
      vertex -8.545396666893494 -2.8 101.36239684787893
      vertex -8.31491579260158 -3.444150891285808 101.36239684787893
    endloop
  endfacet
  facet normal 0.9700312531945442 0.24298017990326337 0
    outer loop
      vertex -8.61246302158988 -2.612562095290161 90.36239685118198
      vertex -8.827067523629074 -1.7558128981451542 90.36239685118198
      vertex -8.827067523629074 -1.7558128981451542 104.36239685118198
    endloop
  endfacet
  facet normal 0.989176509964781 0.14673047445536166 0
    outer loop
      vertex -8.827067523629074 -1.7558128981451542 90.36239685118198
      vertex -8.956662540049772 -0.8821542629660455 90.36239685118198
      vertex -8.956662540049772 -0.8821542629660455 104.36239685118198
    endloop
  endfacet
  facet normal 0.9987954562051724 0.04906767432741822 0
    outer loop
      vertex -9 0 90.36239685118198
      vertex -9 0 101.36239684787893
      vertex -8.960698520184426 -0.8 101.36239684787893
    endloop
  endfacet
  facet normal 0.8032075314806454 0.5956993044924326 0
    outer loop
      vertex -6.957094080264633 -5.70953955747281 90.36239685118198
      vertex -7.483226510722907 -5.00013209717642 90.36239685118198
      vertex -7.483226510722907 -5.00013209717642 104.36239685118198
    endloop
  endfacet
  facet normal 0.8577286100002716 0.5141027441932224 0
    outer loop
      vertex -7.937291379135195 -4.242570631433979 90.36239685118198
      vertex -7.937291379135195 -4.242570631433979 101.36239684787893
      vertex -7.842931846932612 -4.3999999999999995 101.36239684787893
    endloop
  endfacet
  facet normal 0.9039892931234437 0.4275550934302813 0
    outer loop
      vertex -8.31491579260158 -3.444150891285808 90.36239685118198
      vertex -8.31491579260158 -3.444150891285808 101.36239684787893
      vertex -7.937291379135195 -4.242570631433979 101.36239684787893
    endloop
  endfacet
  facet normal 0.5956993044924327 0.8032075314806454 0
    outer loop
      vertex -5.70953955747281 -6.957094080264633 90.36239685118198
      vertex -5.00013209717642 -7.483226510722907 101.36239684787893
      vertex -5.00013209717642 -7.483226510722907 90.36239685118198
    endloop
  endfacet
  facet normal 0.5141027441932221 0.8577286100002718 0
    outer loop
      vertex -5.00013209717642 -7.483226510722907 90.36239685118198
      vertex -4.242570631433979 -7.937291379135195 101.36239684787893
      vertex -4.242570631433979 -7.937291379135195 90.36239685118198
    endloop
  endfacet
  facet normal 0.4275550934302813 0.9039892931234437 0
    outer loop
      vertex -3.444150891285808 -8.31491579260158 90.36239685118198
      vertex -4.242570631433979 -7.937291379135195 90.36239685118198
      vertex -4.109984392328481 -8 101.36239684787893
    endloop
  endfacet
  facet normal -0.4275550934302824 -0.9039892931234431 0
    outer loop
      vertex -5.303213289292473 -9.921614223918994 90.36239685118198
      vertex -4.30518861410726 -10.393644740751975 90.36239685118198
      vertex -4.30518861410726 -10.393644740751975 104.36239685118198
    endloop
  endfacet
  facet normal -0.33688985339221944 -0.9415440651830209 0
    outer loop
      vertex -4.30518861410726 -10.393644740751975 90.36239685118198
      vertex -3.265702619112701 -10.765578776987349 90.36239685118198
      vertex -3.265702619112701 -10.765578776987349 104.36239685118198
    endloop
  endfacet
  facet normal 0.3368898533922211 0.9415440651830204 0
    outer loop
      vertex -3.444150891285808 -8.31491579260158 90.36239685118198
      vertex -3.444150891285808 -8.31491579260158 104.36239685118198
      vertex -2.612562095290161 -8.61246302158988 90.36239685118198
    endloop
  endfacet
  facet normal 0.5956993044924327 0.8032075314806454 0
    outer loop
      vertex -5.70953955747281 -6.957094080264633 90.36239685118198
      vertex -5.70953955747281 -6.957094080264633 101.36239684787893
      vertex -5.00013209717642 -7.483226510722907 101.36239684787893
    endloop
  endfacet
  facet normal 0.5141027441932221 0.8577286100002718 0
    outer loop
      vertex -5.00013209717642 -7.483226510722907 90.36239685118198
      vertex -5.00013209717642 -7.483226510722907 101.36239684787893
      vertex -4.242570631433979 -7.937291379135195 101.36239684787893
    endloop
  endfacet
  facet normal 0.42755509343028136 0.9039892931234437 0
    outer loop
      vertex -4.242570631433979 -7.937291379135195 90.36239685118198
      vertex -4.242570631433979 -7.937291379135195 101.36239684787893
      vertex -4.109984392328481 -8 101.36239684787893
    endloop
  endfacet
  facet normal -0.24298017990326495 -0.9700312531945438 0
    outer loop
      vertex -2.1947661226814428 -11.033834404536343 90.36239685118198
      vertex -2.1947661226814428 -11.033834404536343 104.36239685118198
      vertex -3.265702619112701 -10.765578776987349 90.36239685118198
    endloop
  endfacet
  facet normal 0.24298017990326337 0.9700312531945442 0
    outer loop
      vertex -2.612562095290161 -8.61246302158988 90.36239685118198
      vertex -2.612562095290161 -8.61246302158988 104.36239685118198
      vertex -1.7558128981451542 -8.827067523629074 90.36239685118198
    endloop
  endfacet
  facet normal 0.14673047445536166 0.989176509964781 0
    outer loop
      vertex -1.7558128981451542 -8.827067523629074 90.36239685118198
      vertex -1.7558128981451542 -8.827067523629074 104.36239685118198
      vertex -0.8821542629660455 -8.956662540049772 90.36239685118198
    endloop
  endfacet
  facet normal 0.04906767432741833 0.9987954562051723 0
    outer loop
      vertex -0.8821542629660455 -8.956662540049772 90.36239685118198
      vertex -0.8821542629660455 -8.956662540049772 104.36239685118198
      vertex 0 -9 90.36239685118198
    endloop
  endfacet
  facet normal -0.803207531480645 -0.5956993044924332 0
    outer loop
      vertex -9.354033138403635 -6.250165121470524 90.36239685118198
      vertex -9 -6.727523548809667 101.36239684787893
      vertex -9 -6.727523548809667 103.36239684787893
    endloop
  endfacet
  facet normal -0.803207531480645 -0.5956993044924332 0
    outer loop
      vertex -9.354033138403635 -6.250165121470524 90.36239685118198
      vertex -9 -6.727523548809667 103.36239684787893
      vertex -9.354033138403635 -6.250165121470524 104.36239685118198
    endloop
  endfacet
  facet normal -0.8577286100002725 -0.514102744193221 0
    outer loop
      vertex -9.921614223918994 -5.303213289292473 90.36239685118198
      vertex -9.354033138403635 -6.250165121470524 104.36239685118198
      vertex -9.921614223918994 -5.303213289292473 104.36239685118198
    endloop
  endfacet
  facet normal -0.5956993044924329 -0.8032075314806452 0
    outer loop
      vertex -7.136924446841012 -8.696367600330792 90.36239685118198
      vertex -6.250165121470524 -9.354033138403635 104.36239685118198
      vertex -7.136924446841012 -8.696367600330792 104.36239685118198
    endloop
  endfacet
  facet normal -0.514102744193221 -0.8577286100002725 0
    outer loop
      vertex -6.250165121470524 -9.354033138403635 90.36239685118198
      vertex -5.303213289292473 -9.921614223918994 104.36239685118198
      vertex -6.250165121470524 -9.354033138403635 104.36239685118198
    endloop
  endfacet
  facet normal -0.6715589548470186 -0.740951125354959 4.954088859082718e-18
    outer loop
      vertex -7.95495128834866 -7.95495128834866 90.36239685118198
      vertex -7.136924446841012 -8.696367600330792 104.36239685118198
      vertex -7.9052476944155625 -8 101.36239684787893
    endloop
  endfacet
  facet normal 0.6715589548470196 0.7409511253549582 0
    outer loop
      vertex -6.3639610306789285 -6.3639610306789285 90.36239685118198
      vertex -6.324198155532451 -6.4 103.36239684787893
      vertex -6.324198155532451 -6.4 101.36239684787893
    endloop
  endfacet
  facet normal 0.6715589548470194 0.7409511253549581 0
    outer loop
      vertex -6.3639610306789285 -6.3639610306789285 90.36239685118198
      vertex -6.3639610306789285 -6.3639610306789285 104.36239685118198
      vertex -6.324198155532451 -6.4 103.36239684787893
    endloop
  endfacet
  facet normal 0.7409511253549598 0.6715589548470177 0
    outer loop
      vertex -6.3639610306789285 -6.3639610306789285 90.36239685118198
      vertex -6.957094080264633 -5.70953955747281 104.36239685118198
      vertex -6.3639610306789285 -6.3639610306789285 104.36239685118198
    endloop
  endfacet
  facet normal -0.8032075314806454 -0.5956993044924325 0
    outer loop
      vertex -8.696367600330792 -7.136924446841012 104.36239685118198
      vertex -9 -6.727523548809667 103.36239684787893
      vertex -8.696367600330792 -7.136924446841012 103.36239684787893
    endloop
  endfacet
  facet normal -0.740951125354959 -0.6715589548470184 0
    outer loop
      vertex -8.696367600330792 -7.136924446841012 104.36239685118198
      vertex -8.696367600330792 -7.136924446841012 103.36239684787893
      vertex -7.95495128834866 -7.95495128834866 103.36239684787893
    endloop
  endfacet
  facet normal -0.8032075314806453 -0.595699304492433 -2.0112322848910843e-16
    outer loop
      vertex -8.696367600330792 -7.136924446841012 104.36239685118198
      vertex -9.354033138403635 -6.250165121470524 104.36239685118198
      vertex -9 -6.727523548809667 103.36239684787893
    endloop
  endfacet
  facet normal 0 0 1
    outer loop
      vertex -9.354033138403635 -6.250165121470524 104.36239685118198
      vertex -7.483226510722907 -5.00013209717642 104.36239685118198
      vertex -9.921614223918994 -5.303213289292473 104.36239685118198
    endloop
  endfacet
  facet normal 0 0 1
    outer loop
      vertex -8.696367600330792 -7.136924446841012 104.36239685118198
      vertex -6.957094080264633 -5.70953955747281 104.36239685118198
      vertex -9.354033138403635 -6.250165121470524 104.36239685118198
    endloop
  endfacet
  facet normal -0.6715589548470186 -0.7409511253549589 0
    outer loop
      vertex -7.136924446841012 -8.696367600330792 104.36239685118198
      vertex -7.9052476944155625 -8 103.36239684787893
      vertex -7.9052476944155625 -8 101.36239684787893
    endloop
  endfacet
  facet normal 0 0 1
    outer loop
      vertex -7.136924446841012 -8.696367600330792 104.36239685118198
      vertex -6.250165121470524 -9.354033138403635 104.36239685118198
      vertex -5.00013209717642 -7.483226510722907 104.36239685118198
    endloop
  endfacet
  facet normal -0.671558954847018 -0.7409511253549593 0
    outer loop
      vertex -7.95495128834866 -7.95495128834866 104.36239685118198
      vertex -7.95495128834866 -7.95495128834866 103.36239684787893
      vertex -7.9052476944155625 -8 103.36239684787893
    endloop
  endfacet
  facet normal -0.740951125354959 -0.6715589548470184 0
    outer loop
      vertex -8.696367600330792 -7.136924446841012 104.36239685118198
      vertex -7.95495128834866 -7.95495128834866 103.36239684787893
      vertex -7.95495128834866 -7.95495128834866 104.36239685118198
    endloop
  endfacet
  facet normal -0.6715589548470184 -0.740951125354959 -1.0056161424455416e-16
    outer loop
      vertex -7.136924446841012 -8.696367600330792 104.36239685118198
      vertex -7.95495128834866 -7.95495128834866 104.36239685118198
      vertex -7.9052476944155625 -8 103.36239684787893
    endloop
  endfacet
  facet normal 0 0 1
    outer loop
      vertex -8.696367600330792 -7.136924446841012 104.36239685118198
      vertex -7.95495128834866 -7.95495128834866 104.36239685118198
      vertex -6.3639610306789285 -6.3639610306789285 104.36239685118198
    endloop
  endfacet
  facet normal 0 0 1
    outer loop
      vertex -7.136924446841012 -8.696367600330792 104.36239685118198
      vertex -5.70953955747281 -6.957094080264633 104.36239685118198
      vertex -7.95495128834866 -7.95495128834866 104.36239685118198
    endloop
  endfacet
  facet normal 0 0 1
    outer loop
      vertex -9.354033138403635 -6.250165121470524 104.36239685118198
      vertex -6.957094080264633 -5.70953955747281 104.36239685118198
      vertex -7.483226510722907 -5.00013209717642 104.36239685118198
    endloop
  endfacet
  facet normal 0 0 1
    outer loop
      vertex -8.696367600330792 -7.136924446841012 104.36239685118198
      vertex -6.3639610306789285 -6.3639610306789285 104.36239685118198
      vertex -6.957094080264633 -5.70953955747281 104.36239685118198
    endloop
  endfacet
  facet normal 0 0 1
    outer loop
      vertex -7.95495128834866 -7.95495128834866 104.36239685118198
      vertex -5.70953955747281 -6.957094080264633 104.36239685118198
      vertex -6.3639610306789285 -6.3639610306789285 104.36239685118198
    endloop
  endfacet
  facet normal 0 0 1
    outer loop
      vertex -7.136924446841012 -8.696367600330792 104.36239685118198
      vertex -5.00013209717642 -7.483226510722907 104.36239685118198
      vertex -5.70953955747281 -6.957094080264633 104.36239685118198
    endloop
  endfacet
  facet normal 0.6715589548470176 0.7409511253549598 0
    outer loop
      vertex -5.70953955747281 -6.957094080264633 104.36239685118198
      vertex -5.70953955747281 -6.957094080264633 103.36239684787893
      vertex -6.324198155532451 -6.4 103.36239684787893
    endloop
  endfacet
  facet normal 0.6715589548470177 0.7409511253549598 -1.2570201780569278e-16
    outer loop
      vertex -5.70953955747281 -6.957094080264633 104.36239685118198
      vertex -6.324198155532451 -6.4 103.36239684787893
      vertex -6.3639610306789285 -6.3639610306789285 104.36239685118198
    endloop
  endfacet
  facet normal 0.9415440651830377 0.3368898533921727 3.4341989451272976e-15
    outer loop
      vertex -8.31491579260158 -3.444150891285808 90.36239685118198
      vertex -8.61246302158988 -2.612562095290161 104.36239685118198
      vertex -8.545396666893494 -2.8 101.36239684787893
    endloop
  endfacet
  facet normal -0.9039892931234431 -0.4275550934302824 0
    outer loop
      vertex -10.393644740751975 -4.30518861410726 90.36239685118198
      vertex -9.921614223918994 -5.303213289292473 104.36239685118198
      vertex -10.393644740751975 -4.30518861410726 104.36239685118198
    endloop
  endfacet
  facet normal -0.9415440651830209 -0.33688985339221944 0
    outer loop
      vertex -10.765578776987349 -3.265702619112701 90.36239685118198
      vertex -10.393644740751975 -4.30518861410726 104.36239685118198
      vertex -10.765578776987349 -3.265702619112701 104.36239685118198
    endloop
  endfacet
  facet normal 0.9987954562051724 0.049067674327419424 0
    outer loop
      vertex -8.956662540049772 -0.8821542629660455 90.36239685118198
      vertex -8.960698520184426 -0.8 101.36239684787893
      vertex -8.960698520184426 -0.8 103.36239684787893
    endloop
  endfacet
  facet normal 0.9987954562051723 0.04906767432741942 0
    outer loop
      vertex -8.956662540049772 -0.8821542629660455 90.36239685118198
      vertex -8.960698520184426 -0.8 103.36239684787893
      vertex -8.956662540049772 -0.8821542629660455 104.36239685118198
    endloop
  endfacet
  facet normal -0.9700312531945438 -0.24298017990326495 0
    outer loop
      vertex -11.033834404536343 -2.1947661226814428 90.36239685118198
      vertex -10.765578776987349 -3.265702619112701 104.36239685118198
      vertex -11.033834404536343 -2.1947661226814428 104.36239685118198
    endloop
  endfacet
  facet normal 0.9700312531945442 0.24298017990326337 0
    outer loop
      vertex -8.61246302158988 -2.612562095290161 90.36239685118198
      vertex -8.827067523629074 -1.7558128981451542 104.36239685118198
      vertex -8.61246302158988 -2.612562095290161 104.36239685118198
    endloop
  endfacet
  facet normal 0.989176509964781 0.14673047445536166 0
    outer loop
      vertex -8.827067523629074 -1.7558128981451542 90.36239685118198
      vertex -8.956662540049772 -0.8821542629660455 104.36239685118198
      vertex -8.827067523629074 -1.7558128981451542 104.36239685118198
    endloop
  endfacet
  facet normal 0.8577286100002717 0.5141027441932223 0
    outer loop
      vertex -7.483226510722907 -5.00013209717642 90.36239685118198
      vertex -7.842931846932612 -4.3999999999999995 101.36239684787893
      vertex -7.842931846932612 -4.3999999999999995 103.36239684787893
    endloop
  endfacet
  facet normal 0.8577286100002718 0.514102744193222 0
    outer loop
      vertex -7.483226510722907 -5.00013209717642 90.36239685118198
      vertex -7.842931846932612 -4.3999999999999995 103.36239684787893
      vertex -7.483226510722907 -5.00013209717642 104.36239685118198
    endloop
  endfacet
  facet normal 0.8032075314806454 0.5956993044924326 0
    outer loop
      vertex -6.957094080264633 -5.70953955747281 90.36239685118198
      vertex -7.483226510722907 -5.00013209717642 104.36239685118198
      vertex -6.957094080264633 -5.70953955747281 104.36239685118198
    endloop
  endfacet
  facet normal 0 0 1
    outer loop
      vertex -10.393644740751975 -4.30518861410726 104.36239685118198
      vertex -8.31491579260158 -3.444150891285808 104.36239685118198
      vertex -10.765578776987349 -3.265702619112701 104.36239685118198
    endloop
  endfacet
  facet normal 0 0 1
    outer loop
      vertex -10.393644740751975 -4.30518861410726 104.36239685118198
      vertex -9.921614223918994 -5.303213289292473 104.36239685118198
      vertex -7.937291379135195 -4.242570631433979 104.36239685118198
    endloop
  endfacet
  facet normal 0 0 1
    outer loop
      vertex -9.921614223918994 -5.303213289292473 104.36239685118198
      vertex -7.483226510722907 -5.00013209717642 104.36239685118198
      vertex -7.937291379135195 -4.242570631433979 104.36239685118198
    endloop
  endfacet
  facet normal 0 0 1
    outer loop
      vertex -10.765578776987349 -3.265702619112701 104.36239685118198
      vertex -8.31491579260158 -3.444150891285808 104.36239685118198
      vertex -8.61246302158988 -2.612562095290161 104.36239685118198
    endloop
  endfacet
  facet normal 0 0 1
    outer loop
      vertex -10.393644740751975 -4.30518861410726 104.36239685118198
      vertex -7.937291379135195 -4.242570631433979 104.36239685118198
      vertex -8.31491579260158 -3.444150891285808 104.36239685118198
    endloop
  endfacet
  facet normal 0.94154406518302 0.3368898533922218 0
    outer loop
      vertex -8.31491579260158 -3.444150891285808 104.36239685118198
      vertex -8.31491579260158 -3.444150891285808 103.36239684787893
      vertex -8.545396666893494 -2.8 103.36239684787893
    endloop
  endfacet
  facet normal 0.9415440651830205 0.33688985339222116 -5.342335756741941e-16
    outer loop
      vertex -8.31491579260158 -3.444150891285808 104.36239685118198
      vertex -8.545396666893494 -2.8 103.36239684787893
      vertex -8.61246302158988 -2.612562095290161 104.36239685118198
    endloop
  endfacet
  facet normal 0 0 1
    outer loop
      vertex -11.033834404536343 -2.1947661226814428 104.36239685118198
      vertex -8.827067523629074 -1.7558128981451542 104.36239685118198
      vertex -11.195828175062216 -1.1026928287075568 104.36239685118198
    endloop
  endfacet
  facet normal 0 0 1
    outer loop
      vertex -11.033834404536343 -2.1947661226814428 104.36239685118198
      vertex -10.765578776987349 -3.265702619112701 104.36239685118198
      vertex -8.61246302158988 -2.612562095290161 104.36239685118198
    endloop
  endfacet
  facet normal 0 0 1
    outer loop
      vertex -11.195828175062216 -1.1026928287075568 104.36239685118198
      vertex -8.956662540049772 -0.8821542629660455 104.36239685118198
      vertex -11.25 0 104.36239685118198
    endloop
  endfacet
  facet normal 0 0 1
    outer loop
      vertex -11.195828175062216 -1.1026928287075568 104.36239685118198
      vertex -8.827067523629074 -1.7558128981451542 104.36239685118198
      vertex -8.956662540049772 -0.8821542629660455 104.36239685118198
    endloop
  endfacet
  facet normal 0 0 1
    outer loop
      vertex -8.956662540049772 -0.8821542629660455 104.36239685118198
      vertex -9 0 104.36239685118198
      vertex -11.25 0 104.36239685118198
    endloop
  endfacet
  facet normal 0.9415440651830213 0.3368898533922186 0
    outer loop
      vertex -8.61246302158988 -2.612562095290161 104.36239685118198
      vertex -8.545396666893494 -2.8 103.36239684787893
      vertex -8.545396666893494 -2.8 101.36239684787893
    endloop
  endfacet
  facet normal 0 0 1
    outer loop
      vertex -11.033834404536343 -2.1947661226814428 104.36239685118198
      vertex -8.61246302158988 -2.612562095290161 104.36239685118198
      vertex -8.827067523629074 -1.7558128981451542 104.36239685118198
    endloop
  endfacet
  facet normal 0.9987954562051723 0.04906767432741821 0
    outer loop
      vertex -9 0 104.36239685118198
      vertex -8.960698520184426 -0.8 103.36239684787893
      vertex -9 0 103.36239684787893
    endloop
  endfacet
  facet normal 0.9987954562051724 0.04906767432741833 -8.93662782837347e-17
    outer loop
      vertex -8.956662540049772 -0.8821542629660455 104.36239685118198
      vertex -8.960698520184426 -0.8 103.36239684787893
      vertex -9 0 104.36239685118198
    endloop
  endfacet
  facet normal 0.8577286100002717 0.5141027441932224 0
    outer loop
      vertex -7.937291379135195 -4.242570631433979 104.36239685118198
      vertex -7.842931846932612 -4.3999999999999995 103.36239684787893
      vertex -7.937291379135195 -4.242570631433979 103.36239684787893
    endloop
  endfacet
  facet normal 0.8577286100002718 0.5141027441932222 6.285100890284639e-17
    outer loop
      vertex -7.937291379135195 -4.242570631433979 104.36239685118198
      vertex -7.483226510722907 -5.00013209717642 104.36239685118198
      vertex -7.842931846932612 -4.3999999999999995 103.36239684787893
    endloop
  endfacet
  facet normal 0.9039892931234437 0.4275550934302813 0
    outer loop
      vertex -7.937291379135195 -4.242570631433979 104.36239685118198
      vertex -7.937291379135195 -4.242570631433979 103.36239684787893
      vertex -8.31491579260158 -3.444150891285808 103.36239684787893
    endloop
  endfacet
  facet normal 0.9039892931234437 0.4275550934302813 0
    outer loop
      vertex -8.31491579260158 -3.444150891285808 104.36239685118198
      vertex -7.937291379135195 -4.242570631433979 104.36239685118198
      vertex -8.31491579260158 -3.444150891285808 103.36239684787893
    endloop
  endfacet
  facet normal -0.4275550934302824 -0.9039892931234431 0
    outer loop
      vertex -5.303213289292473 -9.921614223918994 90.36239685118198
      vertex -4.30518861410726 -10.393644740751975 104.36239685118198
      vertex -5.303213289292473 -9.921614223918994 104.36239685118198
    endloop
  endfacet
  facet normal -0.33688985339221944 -0.9415440651830209 0
    outer loop
      vertex -4.30518861410726 -10.393644740751975 90.36239685118198
      vertex -3.265702619112701 -10.765578776987349 104.36239685118198
      vertex -4.30518861410726 -10.393644740751975 104.36239685118198
    endloop
  endfacet
  facet normal -0.24298017990326495 -0.9700312531945438 0
    outer loop
      vertex -3.265702619112701 -10.765578776987349 90.36239685118198
      vertex -2.1947661226814428 -11.033834404536343 104.36239685118198
      vertex -3.265702619112701 -10.765578776987349 104.36239685118198
    endloop
  endfacet
  facet normal 0.3368898533922211 0.9415440651830204 0
    outer loop
      vertex -2.612562095290161 -8.61246302158988 90.36239685118198
      vertex -3.444150891285808 -8.31491579260158 104.36239685118198
      vertex -2.612562095290161 -8.61246302158988 104.36239685118198
    endloop
  endfacet
  facet normal 0.4275550934302811 0.9039892931234439 0
    outer loop
      vertex -3.444150891285808 -8.31491579260158 90.36239685118198
      vertex -4.109984392328481 -8 101.36239684787893
      vertex -4.109984392328481 -8 103.36239684787893
    endloop
  endfacet
  facet normal 0.42755509343028136 0.9039892931234437 0
    outer loop
      vertex -3.444150891285808 -8.31491579260158 90.36239685118198
      vertex -4.109984392328481 -8 103.36239684787893
      vertex -3.444150891285808 -8.31491579260158 104.36239685118198
    endloop
  endfacet
  facet normal 0.24298017990326337 0.9700312531945442 0
    outer loop
      vertex -1.7558128981451542 -8.827067523629074 90.36239685118198
      vertex -2.612562095290161 -8.61246302158988 104.36239685118198
      vertex -1.7558128981451542 -8.827067523629074 104.36239685118198
    endloop
  endfacet
  facet normal 0.14673047445536166 0.989176509964781 0
    outer loop
      vertex -0.8821542629660455 -8.956662540049772 90.36239685118198
      vertex -1.7558128981451542 -8.827067523629074 104.36239685118198
      vertex -0.8821542629660455 -8.956662540049772 104.36239685118198
    endloop
  endfacet
  facet normal 0.04906767432741833 0.9987954562051723 0
    outer loop
      vertex -0.8821542629660455 -8.956662540049772 104.36239685118198
      vertex 0 -9 104.36239685118198
      vertex 0 -9 90.36239685118198
    endloop
  endfacet
  facet normal 0 0 1
    outer loop
      vertex -6.250165121470524 -9.354033138403635 104.36239685118198
      vertex -5.303213289292473 -9.921614223918994 104.36239685118198
      vertex -4.242570631433979 -7.937291379135195 104.36239685118198
    endloop
  endfacet
  facet normal 0 0 1
    outer loop
      vertex -6.250165121470524 -9.354033138403635 104.36239685118198
      vertex -4.242570631433979 -7.937291379135195 104.36239685118198
      vertex -5.00013209717642 -7.483226510722907 104.36239685118198
    endloop
  endfacet
  facet normal 0 0 1
    outer loop
      vertex -5.303213289292473 -9.921614223918994 104.36239685118198
      vertex -4.30518861410726 -10.393644740751975 104.36239685118198
      vertex -3.444150891285808 -8.31491579260158 104.36239685118198
    endloop
  endfacet
  facet normal 0 0 1
    outer loop
      vertex -5.303213289292473 -9.921614223918994 104.36239685118198
      vertex -3.444150891285808 -8.31491579260158 104.36239685118198
      vertex -4.242570631433979 -7.937291379135195 104.36239685118198
    endloop
  endfacet
  facet normal 0 0 1
    outer loop
      vertex -4.30518861410726 -10.393644740751975 104.36239685118198
      vertex -3.265702619112701 -10.765578776987349 104.36239685118198
      vertex -2.612562095290161 -8.61246302158988 104.36239685118198
    endloop
  endfacet
  facet normal 0 0 1
    outer loop
      vertex -4.30518861410726 -10.393644740751975 104.36239685118198
      vertex -2.612562095290161 -8.61246302158988 104.36239685118198
      vertex -3.444150891285808 -8.31491579260158 104.36239685118198
    endloop
  endfacet
  facet normal 0.5956993044924327 0.8032075314806454 0
    outer loop
      vertex -5.00013209717642 -7.483226510722907 104.36239685118198
      vertex -5.00013209717642 -7.483226510722907 103.36239684787893
      vertex -5.70953955747281 -6.957094080264633 103.36239684787893
    endloop
  endfacet
  facet normal 0.5956993044924327 0.8032075314806454 0
    outer loop
      vertex -5.70953955747281 -6.957094080264633 104.36239685118198
      vertex -5.00013209717642 -7.483226510722907 104.36239685118198
      vertex -5.70953955747281 -6.957094080264633 103.36239684787893
    endloop
  endfacet
  facet normal 0.5141027441932222 0.8577286100002718 0
    outer loop
      vertex -4.242570631433979 -7.937291379135195 104.36239685118198
      vertex -4.242570631433979 -7.937291379135195 103.36239684787893
      vertex -5.00013209717642 -7.483226510722907 103.36239684787893
    endloop
  endfacet
  facet normal 0.42755509343028136 0.9039892931234437 0
    outer loop
      vertex -4.242570631433979 -7.937291379135195 104.36239685118198
      vertex -4.109984392328481 -8 103.36239684787893
      vertex -4.242570631433979 -7.937291379135195 103.36239684787893
    endloop
  endfacet
  facet normal 0.5141027441932222 0.8577286100002718 0
    outer loop
      vertex -5.00013209717642 -7.483226510722907 104.36239685118198
      vertex -4.242570631433979 -7.937291379135195 104.36239685118198
      vertex -5.00013209717642 -7.483226510722907 103.36239684787893
    endloop
  endfacet
  facet normal 0.4275550934302813 0.9039892931234437 0
    outer loop
      vertex -3.444150891285808 -8.31491579260158 104.36239685118198
      vertex -4.109984392328481 -8 103.36239684787893
      vertex -4.242570631433979 -7.937291379135195 104.36239685118198
    endloop
  endfacet
  facet normal 0 0 1
    outer loop
      vertex -2.1947661226814428 -11.033834404536343 104.36239685118198
      vertex -1.7558128981451542 -8.827067523629074 104.36239685118198
      vertex -3.265702619112701 -10.765578776987349 104.36239685118198
    endloop
  endfacet
  facet normal 0 0 1
    outer loop
      vertex -2.1947661226814428 -11.033834404536343 104.36239685118198
      vertex -1.1026928287075568 -11.195828175062216 104.36239685118198
      vertex -0.8821542629660455 -8.956662540049772 104.36239685118198
    endloop
  endfacet
  facet normal 0 0 1
    outer loop
      vertex -2.1947661226814428 -11.033834404536343 104.36239685118198
      vertex -0.8821542629660455 -8.956662540049772 104.36239685118198
      vertex -1.7558128981451542 -8.827067523629074 104.36239685118198
    endloop
  endfacet
  facet normal 0 0 1
    outer loop
      vertex -3.265702619112701 -10.765578776987349 104.36239685118198
      vertex -1.7558128981451542 -8.827067523629074 104.36239685118198
      vertex -2.612562095290161 -8.61246302158988 104.36239685118198
    endloop
  endfacet
  facet normal 0 0 1
    outer loop
      vertex -1.1026928287075568 -11.195828175062216 104.36239685118198
      vertex 0 -11.25 104.36239685118198
      vertex 0 -9 104.36239685118198
    endloop
  endfacet
  facet normal 0 0 1
    outer loop
      vertex -1.1026928287075568 -11.195828175062216 104.36239685118198
      vertex 0 -9 104.36239685118198
      vertex -0.8821542629660455 -8.956662540049772 104.36239685118198
    endloop
  endfacet
  facet normal -0.6612724217642325 0.03248623092070248 0.7494420784921498
    outer loop
      vertex -87.78845608234406 0 0
      vertex -80.9884560778737 0 6
      vertex -87.36573067128174 8.604773419138585 0
    endloop
  endfacet
  facet normal 0 0 -1
    outer loop
      vertex -87.78845608234406 0 0
      vertex -79.40425285790415 7.820636296502101 0
      vertex -79.78845608234406 0 0
    endloop
  endfacet
  facet normal 0 0 -1
    outer loop
      vertex -87.78845608234406 0 0
      vertex -87.36573067128174 8.604773419138585 0
      vertex -79.40425285790415 7.820636296502101 0
    endloop
  endfacet
  facet normal -0.6612724217642318 0.032486230920703275 0.7494420784921504
    outer loop
      vertex -87.36573067128174 8.604773419138585 0
      vertex -80.9884560778737 0 6
      vertex -80.59847452546197 7.938256864459403 6
    endloop
  endfacet
  facet normal 0.9987954562051724 -0.049067674327417925 0
    outer loop
      vertex -79.78845608234406 0 0
      vertex -79.40425285790415 7.820636296502101 0
      vertex -79.40425285790415 7.820636296502101 6
    endloop
  endfacet
  facet normal 0.9987954562051724 -0.049067674327417925 0
    outer loop
      vertex -79.78845608234406 0 0
      vertex -79.40425285790415 7.820636296502101 6
      vertex -79.78845608234406 0 6
    endloop
  endfacet
  facet normal 0 0 -1
    outer loop
      vertex -87.36573067128174 8.604773419138585 0
      vertex -78.25534327166265 15.565955590274209 0
      vertex -79.40425285790415 7.820636296502101 0
    endloop
  endfacet
  facet normal 0.9891765099647809 -0.14673047445536175 0
    outer loop
      vertex -79.40425285790415 7.820636296502101 0
      vertex -78.25534327166265 15.565955590274209 6
      vertex -79.40425285790415 7.820636296502101 6
    endloop
  endfacet
  facet normal -0.6549040068543657 0.0971458325995637 0.7494420784921504
    outer loop
      vertex -87.36573067128174 8.604773419138585 0
      vertex -80.59847452546197 7.938256864459403 6
      vertex -86.1016255148885 17.126678166403234 0
    endloop
  endfacet
  facet normal 0 0 -1
    outer loop
      vertex -87.36573067128174 8.604773419138585 0
      vertex -86.1016255148885 17.126678166403234 0
      vertex -78.25534327166265 15.565955590274209 0
    endloop
  endfacet
  facet normal -0.6422285083515459 0.16086986680517593 0.7494420784921496
    outer loop
      vertex -86.1016255148885 17.126678166403234 0
      vertex -79.43228560376208 15.800063975821441 6
      vertex -84.00831463685059 25.483643640530783 0
    endloop
  endfacet
  facet normal 0.9891765099647809 -0.14673047445536175 0
    outer loop
      vertex -79.40425285790415 7.820636296502101 0
      vertex -78.25534327166265 15.565955590274209 0
      vertex -78.25534327166265 15.565955590274209 6
    endloop
  endfacet
  facet normal -0.6549040068543668 0.09714583259956264 0.7494420784921497
    outer loop
      vertex -80.59847452546197 7.938256864459403 6
      vertex -79.43228560376208 15.800063975821441 6
      vertex -86.1016255148885 17.126678166403234 0
    endloop
  endfacet
  facet normal 0 0 -1
    outer loop
      vertex -86.1016255148885 17.126678166403234 0
      vertex -76.35279195099292 23.161366222495086 0
      vertex -78.25534327166265 15.565955590274209 0
    endloop
  endfacet
  facet normal 0 0 -1
    outer loop
      vertex -86.1016255148885 17.126678166403234 0
      vertex -84.00831463685059 25.483643640530783 0
      vertex -76.35279195099292 23.161366222495086 0
    endloop
  endfacet
  facet normal 0.970031253194544 -0.24298017990326395 0
    outer loop
      vertex -78.25534327166265 15.565955590274209 0
      vertex -76.35279195099292 23.161366222495086 0
      vertex -76.35279195099292 23.161366222495086 6
    endloop
  endfacet
  facet normal -0.6422285083515463 0.16086986680517554 0.7494420784921493
    outer loop
      vertex -79.43228560376208 15.800063975821441 6
      vertex -77.50112034959372 23.509707833902766 6
      vertex -84.00831463685059 25.483643640530783 0
    endloop
  endfacet
  facet normal 0.970031253194544 -0.24298017990326395 0
    outer loop
      vertex -78.25534327166265 15.565955590274209 0
      vertex -76.35279195099292 23.161366222495086 6
      vertex -78.25534327166265 15.565955590274209 6
    endloop
  endfacet
  facet normal 0 0 -1
    outer loop
      vertex -84.00831463685059 25.483643640530783 0
      vertex -73.71492150515336 30.53372023670265 0
      vertex -76.35279195099292 23.161366222495086 0
    endloop
  endfacet
  facet normal 0 0 -1
    outer loop
      vertex -84.00831463685059 25.483643640530783 0
      vertex -81.10595776524366 33.595187695623366 0
      vertex -73.71492150515336 30.53372023670265 0
    endloop
  endfacet
  facet normal -0.6233679982354862 0.22304463625303794 0.7494420784921494
    outer loop
      vertex -84.00831463685059 25.483643640530783 0
      vertex -77.50112034959372 23.509707833902766 6
      vertex -81.10595776524366 33.595187695623366 0
    endloop
  endfacet
  facet normal -0.6233679982354852 0.22304463625303864 0.7494420784921499
    outer loop
      vertex -77.50112034959372 23.509707833902766 6
      vertex -74.82357694003684 30.992940353830026 6
      vertex -81.10595776524366 33.595187695623366 0
    endloop
  endfacet
  facet normal -0.5985041135288057 0.28307136392518506 0.7494420784921499
    outer loop
      vertex -81.10595776524366 33.595187695623366 0
      vertex -74.82357694003684 30.992940353830026 6
      vertex -77.42250618333091 41.38319172820939 0
    endloop
  endfacet
  facet normal 0.9415440651830207 -0.3368898533922204 0
    outer loop
      vertex -76.35279195099292 23.161366222495086 0
      vertex -73.71492150515336 30.53372023670265 6
      vertex -76.35279195099292 23.161366222495086 6
    endloop
  endfacet
  facet normal 0.9415440651830207 -0.3368898533922204 0
    outer loop
      vertex -76.35279195099292 23.161366222495086 0
      vertex -73.71492150515336 30.53372023670265 0
      vertex -73.71492150515336 30.53372023670265 6
    endloop
  endfacet
  facet normal 0.9039892931234437 -0.42755509343028136 0
    outer loop
      vertex -73.71492150515336 30.53372023670265 0
      vertex -70.36713606854407 37.61201783360141 6
      vertex -73.71492150515336 30.53372023670265 6
    endloop
  endfacet
  facet normal 0 0 -1
    outer loop
      vertex -81.10595776524366 33.595187695623366 0
      vertex -70.36713606854407 37.61201783360141 0
      vertex -73.71492150515336 30.53372023670265 0
    endloop
  endfacet
  facet normal 0 0 -1
    outer loop
      vertex -81.10595776524366 33.595187695623366 0
      vertex -77.42250618333091 41.38319172820939 0
      vertex -70.36713606854407 37.61201783360141 0
    endloop
  endfacet
  facet normal 0.9039892931234437 -0.42755509343028136 0
    outer loop
      vertex -73.71492150515336 30.53372023670265 0
      vertex -70.36713606854407 37.61201783360141 0
      vertex -70.36713606854407 37.61201783360141 6
    endloop
  endfacet
  facet normal -0.5985041135288058 0.2830713639251849 0.7494420784921497
    outer loop
      vertex -77.42250618333091 41.38319172820939 0
      vertex -74.82357694003684 30.992940353830026 6
      vertex -71.4254415818196 38.1776939156853 6
    endloop
  endfacet
  facet normal 0 0 -1
    outer loop
      vertex -77.42250618333091 41.38319172820939 0
      vertex -66.34167664500526 44.32809113794218 0
      vertex -70.36713606854407 37.61201783360141 0
    endloop
  endfacet
  facet normal -0.567876307033215 0.34037195962018385 0.7494420784921498
    outer loop
      vertex -77.42250618333091 41.38319172820939 0
      vertex -71.4254415818196 38.1776939156853 6
      vertex -72.99343354342562 48.772653002099 0
    endloop
  endfacet
  facet normal 0.8577286100002715 -0.5141027441932228 0
    outer loop
      vertex -70.36713606854407 37.61201783360141 0
      vertex -66.34167664500526 44.32809113794218 0
      vertex -66.34167664500526 44.32809113794218 6
    endloop
  endfacet
  facet normal 0.8577286100002715 -0.5141027441932228 0
    outer loop
      vertex -70.36713606854407 37.61201783360141 0
      vertex -66.34167664500526 44.32809113794218 6
      vertex -70.36713606854407 37.61201783360141 6
    endloop
  endfacet
  facet normal -0.7701954458406469 0.03783727596094139 0.6366846281748781
    outer loop
      vertex -80.9884560778737 0 6
      vertex -11.25 0 90.36239685118198
      vertex -80.59847452546197 7.938256864459403 6
    endloop
  endfacet
  facet normal 0.7655025561286712 -0.037606729073076335 -0.6423329125063535
    outer loop
      vertex -79.78845608234406 0 6
      vertex -79.40425285790415 7.820636296502101 6
      vertex -8.956662540049772 0.8821542629660455 90.36239685118198
    endloop
  endfacet
  facet normal -0.7627780426655432 0.11314743423136046 0.636684628174878
    outer loop
      vertex -80.59847452546197 7.938256864459403 6
      vertex -11.195828175062216 1.1026928287075568 90.36239685118198
      vertex -79.43228560376208 15.800063975821441 6
    endloop
  endfacet
  facet normal 0.7581303480468881 -0.11245801386032618 -0.6423329125063536
    outer loop
      vertex -79.40425285790415 7.820636296502101 6
      vertex -78.25534327166265 15.565955590274209 6
      vertex -8.827067523629074 1.7558128981451542 90.36239685118198
    endloop
  endfacet
  facet normal -0.7480146699626766 0.18736792085745377 0.6366846281748781
    outer loop
      vertex -79.43228560376208 15.800063975821441 6
      vertex -11.033834404536343 2.1947661226814428 90.36239685118198
      vertex -77.50112034959372 23.509707833902766 6
    endloop
  endfacet
  facet normal 0.7434569302772086 -0.18622626649829738 -0.6423329125063536
    outer loop
      vertex -78.25534327166265 15.565955590274209 6
      vertex -76.35279195099292 23.161366222495086 6
      vertex -8.61246302158988 2.612562095290161 90.36239685118198
    endloop
  endfacet
  facet normal 0.7216236158540605 -0.25820105838825747 -0.6423329125063535
    outer loop
      vertex -76.35279195099292 23.161366222495086 6
      vertex -73.71492150515336 30.53372023670265 6
      vertex -8.31491579260158 3.444150891285808 90.36239685118198
    endloop
  endfacet
  facet normal -0.7260475070816571 0.2597839519799642 0.636684628174878
    outer loop
      vertex -77.50112034959372 23.509707833902766 6
      vertex -10.765578776987349 3.265702619112701 90.36239685118198
      vertex -74.82357694003684 30.992940353830026 6
    endloop
  endfacet
  facet normal -0.6970881098095006 0.3296981216325545 0.636684628174878
    outer loop
      vertex -74.82357694003684 30.992940353830026 6
      vertex -10.393644740751975 4.30518861410726 90.36239685118198
      vertex -71.4254415818196 38.1776939156853 6
    endloop
  endfacet
  facet normal 0.692840671530643 -0.3276892329388815 -0.6423329125063535
    outer loop
      vertex -73.71492150515336 30.53372023670265 6
      vertex -70.36713606854407 37.61201783360141 6
      vertex -7.937291379135195 4.242570631433979 90.36239685118198
    endloop
  endfacet
  facet normal -0.6614153729727558 0.39643711814249627 0.636684628174878
    outer loop
      vertex -71.4254415818196 38.1776939156853 6
      vertex -9.921614223918994 5.303213289292473 90.36239685118198
      vertex -67.33944017605137 44.99477541508211 6
    endloop
  endfacet
  facet normal 0.6573852927951472 -0.39402158104315005 -0.6423329125063536
    outer loop
      vertex -70.36713606854407 37.61201783360141 6
      vertex -66.34167664500526 44.32809113794218 6
      vertex -7.483226510722907 5.00013209717642 90.36239685118198
    endloop
  endfacet
  facet normal -0.6193728445278616 0.4593582084901528 0.636684628174878
    outer loop
      vertex -67.33944017605137 44.99477541508211 6
      vertex -9.354033138403635 6.250165121470524 90.36239685118198
      vertex -62.60492314990527 51.378532630585454 6
    endloop
  endfacet
  facet normal 0.6155989343266801 -0.456559285927864 -0.6423329125063536
    outer loop
      vertex -66.34167664500526 44.32809113794218 6
      vertex -61.67731060932561 50.61726069242504 6
      vertex -6.957094080264633 5.70953955747281 90.36239685118198
    endloop
  endfacet
  facet normal 0 0 -1
    outer loop
      vertex -77.42250618333091 41.38319172820939 0
      vertex -72.99343354342562 48.772653002099 0
      vertex -66.34167664500526 44.32809113794218 0
    endloop
  endfacet
  facet normal 0 0 -1
    outer loop
      vertex -72.99343354342562 48.772653002099 0
      vertex -61.67731060932561 50.61726069242504 0
      vertex -66.34167664500526 44.32809113794218 0
    endloop
  endfacet
  facet normal -0.5678763070332157 0.3403719596201835 0.7494420784921495
    outer loop
      vertex -71.4254415818196 38.1776939156853 6
      vertex -67.33944017605137 44.99477541508211 6
      vertex -72.99343354342562 48.772653002099 0
    endloop
  endfacet
  facet normal -0.531779541268129 0.3943945872777986 0.7494420784921495
    outer loop
      vertex -72.99343354342562 48.772653002099 0
      vertex -67.33944017605137 44.99477541508211 6
      vertex -67.86139423622751 55.69240696573421 0
    endloop
  endfacet
  facet normal 0 0 -1
    outer loop
      vertex -72.99343354342562 48.772653002099 0
      vertex -67.86139423622751 55.69240696573421 0
      vertex -61.67731060932561 50.61726069242504 0
    endloop
  endfacet
  facet normal -0.5317795412681277 0.39439458727779914 0.7494420784921503
    outer loop
      vertex -67.33944017605137 44.99477541508211 6
      vertex -62.60492314990527 51.378532630585454 6
      vertex -67.86139423622751 55.69240696573421 0
    endloop
  endfacet
  facet normal 0.8032075314806456 -0.5956993044924325 0
    outer loop
      vertex -66.34167664500526 44.32809113794218 0
      vertex -61.67731060932561 50.61726069242504 0
      vertex -61.67731060932561 50.61726069242504 6
    endloop
  endfacet
  facet normal 0.8032075314806456 -0.5956993044924325 0
    outer loop
      vertex -66.34167664500526 44.32809113794218 0
      vertex -61.67731060932561 50.61726069242504 6
      vertex -66.34167664500526 44.32809113794218 6
    endloop
  endfacet
  facet normal 0 0 -1
    outer loop
      vertex -67.86139423622751 55.69240696573421 0
      vertex -56.41895835623052 56.41895835623052 0
      vertex -61.67731060932561 50.61726069242504 0
    endloop
  endfacet
  facet normal 0.7409511253549593 -0.6715589548470181 0
    outer loop
      vertex -61.67731060932561 50.61726069242504 0
      vertex -56.41895835623052 56.41895835623052 0
      vertex -56.41895835623052 56.41895835623052 6
    endloop
  endfacet
  facet normal 0.7409511253549593 -0.6715589548470181 0
    outer loop
      vertex -61.67731060932561 50.61726069242504 0
      vertex -56.41895835623052 56.41895835623052 6
      vertex -61.67731060932561 50.61726069242504 6
    endloop
  endfacet
  facet normal -0.49056144782036065 0.4446189794619178 0.7494420784921503
    outer loop
      vertex -67.86139423622751 55.69240696573421 0
      vertex -62.60492314990527 51.378532630585454 6
      vertex -62.0758126057229 62.0758126057229 0
    endloop
  endfacet
  facet normal 0 0 -1
    outer loop
      vertex -67.86139423622751 55.69240696573421 0
      vertex -62.0758126057229 62.0758126057229 0
      vertex -56.41895835623052 56.41895835623052 0
    endloop
  endfacet
  facet normal -0.49056144782036093 0.4446189794619178 0.7494420784921502
    outer loop
      vertex -62.60492314990527 51.378532630585454 6
      vertex -57.26748649049336 57.26748649049336 6
      vertex -62.0758126057229 62.0758126057229 0
    endloop
  endfacet
  facet normal 0 0 -1
    outer loop
      vertex -62.0758126057229 62.0758126057229 0
      vertex -50.61726069242504 61.67731060932561 0
      vertex -56.41895835623052 56.41895835623052 0
    endloop
  endfacet
  facet normal -0.4446189794619179 0.49056144782036076 0.74944207849215
    outer loop
      vertex -62.0758126057229 62.0758126057229 0
      vertex -57.26748649049336 57.26748649049336 6
      vertex -55.69240696573421 67.86139423622751 0
    endloop
  endfacet
  facet normal 0 0 -1
    outer loop
      vertex -62.0758126057229 62.0758126057229 0
      vertex -55.69240696573421 67.86139423622751 0
      vertex -50.61726069242504 61.67731060932561 0
    endloop
  endfacet
  facet normal 0.6715589548470181 -0.7409511253549593 0
    outer loop
      vertex -56.41895835623052 56.41895835623052 0
      vertex -50.61726069242504 61.67731060932561 0
      vertex -50.61726069242504 61.67731060932561 6
    endloop
  endfacet
  facet normal 0.6715589548470181 -0.7409511253549593 0
    outer loop
      vertex -56.41895835623052 56.41895835623052 0
      vertex -50.61726069242504 61.67731060932561 6
      vertex -56.41895835623052 56.41895835623052 6
    endloop
  endfacet
  facet normal 0 0 -1
    outer loop
      vertex -50.61726069242504 61.67731060932561 0
      vertex -55.69240696573421 67.86139423622751 0
      vertex -44.32809113794218 66.34167664500526 0
    endloop
  endfacet
  facet normal -0.44461897946191764 0.49056144782036076 0.7494420784921503
    outer loop
      vertex -57.26748649049336 57.26748649049336 6
      vertex -51.378532630585454 62.60492314990527 6
      vertex -55.69240696573421 67.86139423622751 0
    endloop
  endfacet
  facet normal 0.5956993044924325 -0.8032075314806456 0
    outer loop
      vertex -50.61726069242504 61.67731060932561 0
      vertex -44.32809113794218 66.34167664500526 0
      vertex -44.32809113794218 66.34167664500526 6
    endloop
  endfacet
  facet normal 0.5956993044924325 -0.8032075314806456 0
    outer loop
      vertex -50.61726069242504 61.67731060932561 0
      vertex -44.32809113794218 66.34167664500526 6
      vertex -50.61726069242504 61.67731060932561 6
    endloop
  endfacet
  facet normal -0.39439458727779814 0.5317795412681284 0.7494420784921502
    outer loop
      vertex -51.378532630585454 62.60492314990527 6
      vertex -48.772653002099 72.99343354342562 0
      vertex -55.69240696573421 67.86139423622751 0
    endloop
  endfacet
  facet normal 0 0 -1
    outer loop
      vertex -55.69240696573421 67.86139423622751 0
      vertex -48.772653002099 72.99343354342562 0
      vertex -44.32809113794218 66.34167664500526 0
    endloop
  endfacet
  facet normal -0.3943945872777996 0.5317795412681283 0.7494420784921495
    outer loop
      vertex -51.378532630585454 62.60492314990527 6
      vertex -44.99477541508211 67.33944017605137 6
      vertex -48.772653002099 72.99343354342562 0
    endloop
  endfacet
  facet normal -0.34037195962018413 0.5678763070332155 0.7494420784921495
    outer loop
      vertex -44.99477541508211 67.33944017605137 6
      vertex -41.38319172820939 77.42250618333091 0
      vertex -48.772653002099 72.99343354342562 0
    endloop
  endfacet
  facet normal 0.5678840216000369 -0.5147000753084013 -0.6423329125063536
    outer loop
      vertex -61.67731060932561 50.61726069242504 6
      vertex -56.41895835623052 56.41895835623052 6
      vertex -6.3639610306789285 6.3639610306789285 90.36239685118198
    endloop
  endfacet
  facet normal -0.5713654170065263 0.5178554281793092 0.6366846281748781
    outer loop
      vertex -62.60492314990527 51.378532630585454 6
      vertex -8.696367600330792 7.136924446841012 90.36239685118198
      vertex -57.26748649049336 57.26748649049336 6
    endloop
  endfacet
  facet normal -0.5178554281793091 0.5713654170065262 0.636684628174878
    outer loop
      vertex -57.26748649049336 57.26748649049336 6
      vertex -7.95495128834866 7.95495128834866 90.36239685118198
      vertex -51.378532630585454 62.60492314990527 6
    endloop
  endfacet
  facet normal 0.5147000753084013 -0.5678840216000369 -0.6423329125063536
    outer loop
      vertex -56.41895835623052 56.41895835623052 6
      vertex -50.61726069242504 61.67731060932561 6
      vertex -5.70953955747281 6.957094080264633 90.36239685118198
    endloop
  endfacet
  facet normal 0 0 -1
    outer loop
      vertex -44.32809113794218 66.34167664500526 0
      vertex -48.772653002099 72.99343354342562 0
      vertex -37.61201783360141 70.36713606854407 0
    endloop
  endfacet
  facet normal 0.5141027441932228 -0.8577286100002715 0
    outer loop
      vertex -44.32809113794218 66.34167664500526 0
      vertex -37.61201783360141 70.36713606854407 0
      vertex -37.61201783360141 70.36713606854407 6
    endloop
  endfacet
  facet normal 0.5141027441932228 -0.8577286100002715 0
    outer loop
      vertex -44.32809113794218 66.34167664500526 0
      vertex -37.61201783360141 70.36713606854407 6
      vertex -44.32809113794218 66.34167664500526 6
    endloop
  endfacet
  facet normal 0 0 -1
    outer loop
      vertex -48.772653002099 72.99343354342562 0
      vertex -41.38319172820939 77.42250618333091 0
      vertex -37.61201783360141 70.36713606854407 0
    endloop
  endfacet
  facet normal -0.34037195962018324 0.5678763070332152 0.7494420784921498
    outer loop
      vertex -44.99477541508211 67.33944017605137 6
      vertex -38.1776939156853 71.4254415818196 6
      vertex -41.38319172820939 77.42250618333091 0
    endloop
  endfacet
  facet normal 0 0 -1
    outer loop
      vertex -37.61201783360141 70.36713606854407 0
      vertex -41.38319172820939 77.42250618333091 0
      vertex -30.53372023670265 73.71492150515336 0
    endloop
  endfacet
  facet normal -0.2830713639251851 0.5985041135288058 0.7494420784921499
    outer loop
      vertex -38.1776939156853 71.4254415818196 6
      vertex -33.595187695623366 81.10595776524366 0
      vertex -41.38319172820939 77.42250618333091 0
    endloop
  endfacet
  facet normal 0.42755509343028136 -0.9039892931234437 0
    outer loop
      vertex -37.61201783360141 70.36713606854407 0
      vertex -30.53372023670265 73.71492150515336 6
      vertex -37.61201783360141 70.36713606854407 6
    endloop
  endfacet
  facet normal -0.2830713639251849 0.5985041135288058 0.7494420784921499
    outer loop
      vertex -38.1776939156853 71.4254415818196 6
      vertex -30.992940353830026 74.82357694003684 6
      vertex -33.595187695623366 81.10595776524366 0
    endloop
  endfacet
  facet normal 0 0 -1
    outer loop
      vertex -41.38319172820939 77.42250618333091 0
      vertex -33.595187695623366 81.10595776524366 0
      vertex -30.53372023670265 73.71492150515336 0
    endloop
  endfacet
  facet normal 0.42755509343028136 -0.9039892931234437 0
    outer loop
      vertex -37.61201783360141 70.36713606854407 0
      vertex -30.53372023670265 73.71492150515336 0
      vertex -30.53372023670265 73.71492150515336 6
    endloop
  endfacet
  facet normal 0.3368898533922204 -0.9415440651830207 0
    outer loop
      vertex -30.53372023670265 73.71492150515336 0
      vertex -23.161366222495086 76.35279195099292 6
      vertex -30.53372023670265 73.71492150515336 6
    endloop
  endfacet
  facet normal 0.3368898533922204 -0.9415440651830207 0
    outer loop
      vertex -30.53372023670265 73.71492150515336 0
      vertex -23.161366222495086 76.35279195099292 0
      vertex -23.161366222495086 76.35279195099292 6
    endloop
  endfacet
  facet normal 0 0 -1
    outer loop
      vertex -33.595187695623366 81.10595776524366 0
      vertex -23.161366222495086 76.35279195099292 0
      vertex -30.53372023670265 73.71492150515336 0
    endloop
  endfacet
  facet normal -0.22304463625303775 0.6233679982354856 0.7494420784921499
    outer loop
      vertex -33.595187695623366 81.10595776524366 0
      vertex -30.992940353830026 74.82357694003684 6
      vertex -25.483643640530783 84.00831463685059 0
    endloop
  endfacet
  facet normal 0 0 -1
    outer loop
      vertex -33.595187695623366 81.10595776524366 0
      vertex -25.483643640530783 84.00831463685059 0
      vertex -23.161366222495086 76.35279195099292 0
    endloop
  endfacet
  facet normal -0.22304463625303889 0.6233679982354858 0.7494420784921494
    outer loop
      vertex -30.992940353830026 74.82357694003684 6
      vertex -23.509707833902766 77.50112034959372 6
      vertex -25.483643640530783 84.00831463685059 0
    endloop
  endfacet
  facet normal -0.160869866805176 0.6422285083515462 0.7494420784921494
    outer loop
      vertex -23.509707833902766 77.50112034959372 6
      vertex -17.126678166403234 86.1016255148885 0
      vertex -25.483643640530783 84.00831463685059 0
    endloop
  endfacet
  facet normal 0 0 -1
    outer loop
      vertex -23.161366222495086 76.35279195099292 0
      vertex -25.483643640530783 84.00831463685059 0
      vertex -15.565955590274209 78.25534327166265 0
    endloop
  endfacet
  facet normal 0.24298017990326395 -0.970031253194544 0
    outer loop
      vertex -23.161366222495086 76.35279195099292 0
      vertex -15.565955590274209 78.25534327166265 0
      vertex -15.565955590274209 78.25534327166265 6
    endloop
  endfacet
  facet normal 0.24298017990326395 -0.970031253194544 0
    outer loop
      vertex -23.161366222495086 76.35279195099292 0
      vertex -15.565955590274209 78.25534327166265 6
      vertex -23.161366222495086 76.35279195099292 6
    endloop
  endfacet
  facet normal -0.16086986680517548 0.642228508351546 0.7494420784921496
    outer loop
      vertex -23.509707833902766 77.50112034959372 6
      vertex -15.800063975821441 79.43228560376208 6
      vertex -17.126678166403234 86.1016255148885 0
    endloop
  endfacet
  facet normal 0 0 -1
    outer loop
      vertex -25.483643640530783 84.00831463685059 0
      vertex -17.126678166403234 86.1016255148885 0
      vertex -15.565955590274209 78.25534327166265 0
    endloop
  endfacet
  facet normal 0 0 -1
    outer loop
      vertex -17.126678166403234 86.1016255148885 0
      vertex -7.820636296502101 79.40425285790415 0
      vertex -15.565955590274209 78.25534327166265 0
    endloop
  endfacet
  facet normal 0.14673047445536175 -0.9891765099647809 0
    outer loop
      vertex -15.565955590274209 78.25534327166265 0
      vertex -7.820636296502101 79.40425285790415 6
      vertex -15.565955590274209 78.25534327166265 6
    endloop
  endfacet
  facet normal -0.09714583259956383 0.6549040068543666 0.7494420784921496
    outer loop
      vertex -17.126678166403234 86.1016255148885 0
      vertex -15.800063975821441 79.43228560376208 6
      vertex -8.604773419138585 87.36573067128174 0
    endloop
  endfacet
  facet normal 0 0 -1
    outer loop
      vertex -17.126678166403234 86.1016255148885 0
      vertex -8.604773419138585 87.36573067128174 0
      vertex -7.820636296502101 79.40425285790415 0
    endloop
  endfacet
  facet normal 0.14673047445536175 -0.9891765099647809 0
    outer loop
      vertex -15.565955590274209 78.25534327166265 0
      vertex -7.820636296502101 79.40425285790415 0
      vertex -7.820636296502101 79.40425285790415 6
    endloop
  endfacet
  facet normal -0.03248623092070245 0.6612724217642318 0.7494420784921504
    outer loop
      vertex -7.938256864459403 80.59847452546197 6
      vertex 0 87.78845608234406 0
      vertex -8.604773419138585 87.36573067128174 0
    endloop
  endfacet
  facet normal -0.09714583259956251 0.6549040068543659 0.7494420784921505
    outer loop
      vertex -15.800063975821441 79.43228560376208 6
      vertex -7.938256864459403 80.59847452546197 6
      vertex -8.604773419138585 87.36573067128174 0
    endloop
  endfacet
  facet normal 0 0 -1
    outer loop
      vertex -7.820636296502101 79.40425285790415 0
      vertex -8.604773419138585 87.36573067128174 0
      vertex 0 79.78845608234406 0
    endloop
  endfacet
  facet normal 0.049067674327417925 -0.9987954562051724 0
    outer loop
      vertex -7.820636296502101 79.40425285790415 0
      vertex 0 79.78845608234406 0
      vertex 0 79.78845608234406 6
    endloop
  endfacet
  facet normal 0.049067674327417925 -0.9987954562051724 0
    outer loop
      vertex -7.820636296502101 79.40425285790415 0
      vertex 0 79.78845608234406 6
      vertex -7.820636296502101 79.40425285790415 6
    endloop
  endfacet
  facet normal 0 0 -1
    outer loop
      vertex -8.604773419138585 87.36573067128174 0
      vertex 0 87.78845608234406 0
      vertex 0 79.78845608234406 0
    endloop
  endfacet
  facet normal -0.03248623092070331 0.6612724217642325 0.7494420784921499
    outer loop
      vertex -7.938256864459403 80.59847452546197 6
      vertex 0 80.9884560778737 6
      vertex 0 87.78845608234406 0
    endloop
  endfacet
  facet normal -0.4593582084901528 0.6193728445278616 0.636684628174878
    outer loop
      vertex -51.378532630585454 62.60492314990527 6
      vertex -7.136924446841012 8.696367600330792 90.36239685118198
      vertex -44.99477541508211 67.33944017605137 6
    endloop
  endfacet
  facet normal 0.456559285927864 -0.6155989343266801 -0.6423329125063536
    outer loop
      vertex -50.61726069242504 61.67731060932561 6
      vertex -44.32809113794218 66.34167664500526 6
      vertex -5.00013209717642 7.483226510722907 90.36239685118198
    endloop
  endfacet
  facet normal -0.39643711814249627 0.6614153729727558 0.636684628174878
    outer loop
      vertex -44.99477541508211 67.33944017605137 6
      vertex -6.250165121470524 9.354033138403635 90.36239685118198
      vertex -38.1776939156853 71.4254415818196 6
    endloop
  endfacet
  facet normal 0.39402158104315005 -0.6573852927951472 -0.6423329125063536
    outer loop
      vertex -44.32809113794218 66.34167664500526 6
      vertex -37.61201783360141 70.36713606854407 6
      vertex -4.242570631433979 7.937291379135195 90.36239685118198
    endloop
  endfacet
  facet normal -0.3296981216325545 0.6970881098095006 0.6366846281748781
    outer loop
      vertex -38.1776939156853 71.4254415818196 6
      vertex -5.303213289292473 9.921614223918994 90.36239685118198
      vertex -30.992940353830026 74.82357694003684 6
    endloop
  endfacet
  facet normal 0.3276892329388816 -0.6928406715306432 -0.6423329125063536
    outer loop
      vertex -37.61201783360141 70.36713606854407 6
      vertex -30.53372023670265 73.71492150515336 6
      vertex -3.444150891285808 8.31491579260158 90.36239685118198
    endloop
  endfacet
  facet normal -0.2597839519799642 0.7260475070816571 0.636684628174878
    outer loop
      vertex -30.992940353830026 74.82357694003684 6
      vertex -4.30518861410726 10.393644740751975 90.36239685118198
      vertex -23.509707833902766 77.50112034959372 6
    endloop
  endfacet
  facet normal 0.25820105838825747 -0.7216236158540605 -0.6423329125063535
    outer loop
      vertex -30.53372023670265 73.71492150515336 6
      vertex -23.161366222495086 76.35279195099292 6
      vertex -2.612562095290161 8.61246302158988 90.36239685118198
    endloop
  endfacet
  facet normal 0.18622626649829738 -0.7434569302772086 -0.6423329125063536
    outer loop
      vertex -23.161366222495086 76.35279195099292 6
      vertex -15.565955590274209 78.25534327166265 6
      vertex -1.7558128981451542 8.827067523629074 90.36239685118198
    endloop
  endfacet
  facet normal -0.1873679208574538 0.7480146699626766 0.636684628174878
    outer loop
      vertex -23.509707833902766 77.50112034959372 6
      vertex -3.265702619112701 10.765578776987349 90.36239685118198
      vertex -15.800063975821441 79.43228560376208 6
    endloop
  endfacet
  facet normal -0.11314743423136045 0.762778042665543 0.6366846281748781
    outer loop
      vertex -15.800063975821441 79.43228560376208 6
      vertex -2.1947661226814428 11.033834404536343 90.36239685118198
      vertex -7.938256864459403 80.59847452546197 6
    endloop
  endfacet
  facet normal 0.1124580138603262 -0.7581303480468882 -0.6423329125063536
    outer loop
      vertex -15.565955590274209 78.25534327166265 6
      vertex -7.820636296502101 79.40425285790415 6
      vertex -0.8821542629660455 8.956662540049772 90.36239685118198
    endloop
  endfacet
  facet normal -0.03783727596094139 0.7701954458406469 0.6366846281748781
    outer loop
      vertex -7.938256864459403 80.59847452546197 6
      vertex -1.1026928287075568 11.195828175062216 90.36239685118198
      vertex 0 80.9884560778737 6
    endloop
  endfacet
  facet normal 0.037606729073076335 -0.7655025561286712 -0.6423329125063536
    outer loop
      vertex -7.820636296502101 79.40425285790415 6
      vertex 0 79.78845608234406 6
      vertex 0 9 90.36239685118198
    endloop
  endfacet
  facet normal -0.7701954458406467 0.03783727596094228 0.6366846281748781
    outer loop
      vertex -80.59847452546197 7.938256864459403 6
      vertex -11.25 0 90.36239685118198
      vertex -11.195828175062216 1.1026928287075568 90.36239685118198
    endloop
  endfacet
  facet normal -0.7627780426655429 0.11314743423136203 0.636684628174878
    outer loop
      vertex -79.43228560376208 15.800063975821441 6
      vertex -11.195828175062216 1.1026928287075568 90.36239685118198
      vertex -11.033834404536343 2.1947661226814428 90.36239685118198
    endloop
  endfacet
  facet normal -0.7480146699626757 0.18736792085746018 0.6366846281748776
    outer loop
      vertex -77.50112034959372 23.509707833902766 6
      vertex -11.033834404536343 2.1947661226814428 90.36239685118198
      vertex -10.765578776987349 3.265702619112701 90.36239685118198
    endloop
  endfacet
  facet normal 0.7655025561286714 -0.03760672907306804 -0.6423329125063537
    outer loop
      vertex -79.78845608234406 0 6
      vertex -8.956662540049772 0.8821542629660455 90.36239685118198
      vertex -9 0 90.36239685118198
    endloop
  endfacet
  facet normal 0.7581303480468867 -0.1124580138603346 -0.6423329125063537
    outer loop
      vertex -79.40425285790415 7.820636296502101 6
      vertex -8.827067523629074 1.7558128981451542 90.36239685118198
      vertex -8.956662540049772 0.8821542629660455 90.36239685118198
    endloop
  endfacet
  facet normal 0.7434569302772096 -0.18622626649829496 -0.6423329125063533
    outer loop
      vertex -78.25534327166265 15.565955590274209 6
      vertex -8.61246302158988 2.612562095290161 90.36239685118198
      vertex -8.827067523629074 1.7558128981451542 90.36239685118198
    endloop
  endfacet
  facet normal 0.7216236158540614 -0.25820105838825785 -0.6423329125063527
    outer loop
      vertex -76.35279195099292 23.161366222495086 6
      vertex -8.31491579260158 3.444150891285808 90.36239685118198
      vertex -8.61246302158988 2.612562095290161 90.36239685118198
    endloop
  endfacet
  facet normal -0.7260475070816567 0.2597839519799651 0.6366846281748783
    outer loop
      vertex -74.82357694003684 30.992940353830026 6
      vertex -10.765578776987349 3.265702619112701 90.36239685118198
      vertex -10.393644740751975 4.30518861410726 90.36239685118198
    endloop
  endfacet
  facet normal -0.6970881098095018 0.32969812163255485 0.6366846281748768
    outer loop
      vertex -71.4254415818196 38.1776939156853 6
      vertex -10.393644740751975 4.30518861410726 90.36239685118198
      vertex -9.921614223918994 5.303213289292473 90.36239685118198
    endloop
  endfacet
  facet normal 0.6928406715306404 -0.3276892329388932 -0.6423329125063506
    outer loop
      vertex -73.71492150515336 30.53372023670265 6
      vertex -7.937291379135195 4.242570631433979 90.36239685118198
      vertex -8.31491579260158 3.444150891285808 90.36239685118198
    endloop
  endfacet
  facet normal 0.65738529279515 -0.3940215810431484 -0.6423329125063519
    outer loop
      vertex -70.36713606854407 37.61201783360141 6
      vertex -7.483226510722907 5.00013209717642 90.36239685118198
      vertex -7.937291379135195 4.242570631433979 90.36239685118198
    endloop
  endfacet
  facet normal -0.6614153729727551 0.3964371181424957 0.6366846281748791
    outer loop
      vertex -67.33944017605137 44.99477541508211 6
      vertex -9.921614223918994 5.303213289292473 90.36239685118198
      vertex -9.354033138403635 6.250165121470524 90.36239685118198
    endloop
  endfacet
  facet normal 0.6155989343266811 -0.45655928592785877 -0.6423329125063563
    outer loop
      vertex -66.34167664500526 44.32809113794218 6
      vertex -6.957094080264633 5.70953955747281 90.36239685118198
      vertex -7.483226510722907 5.00013209717642 90.36239685118198
    endloop
  endfacet
  facet normal -0.6193728445278628 0.45935820849015474 0.6366846281748754
    outer loop
      vertex -62.60492314990527 51.378532630585454 6
      vertex -9.354033138403635 6.250165121470524 90.36239685118198
      vertex -8.696367600330792 7.136924446841012 90.36239685118198
    endloop
  endfacet
  facet normal 0.5678840216000407 -0.5147000753083929 -0.6423329125063568
    outer loop
      vertex -61.67731060932561 50.61726069242504 6
      vertex -6.3639610306789285 6.3639610306789285 90.36239685118198
      vertex -6.957094080264633 5.70953955747281 90.36239685118198
    endloop
  endfacet
  facet normal -0.5713654170065272 0.5178554281793085 0.6366846281748778
    outer loop
      vertex -57.26748649049336 57.26748649049336 6
      vertex -8.696367600330792 7.136924446841012 90.36239685118198
      vertex -7.95495128834866 7.95495128834866 90.36239685118198
    endloop
  endfacet
  facet normal 0.5147000753084011 -0.5678840216000348 -0.6423329125063555
    outer loop
      vertex -56.41895835623052 56.41895835623052 6
      vertex -5.70953955747281 6.957094080264633 90.36239685118198
      vertex -6.3639610306789285 6.3639610306789285 90.36239685118198
    endloop
  endfacet
  facet normal -0.5178554281793096 0.5713654170065247 0.6366846281748791
    outer loop
      vertex -51.378532630585454 62.60492314990527 6
      vertex -7.95495128834866 7.95495128834866 90.36239685118198
      vertex -7.136924446841012 8.696367600330792 90.36239685118198
    endloop
  endfacet
  facet normal 0.45655928592786754 -0.6155989343266802 -0.6423329125063507
    outer loop
      vertex -50.61726069242504 61.67731060932561 6
      vertex -5.00013209717642 7.483226510722907 90.36239685118198
      vertex -5.70953955747281 6.957094080264633 90.36239685118198
    endloop
  endfacet
  facet normal 0.394021581043149 -0.6573852927951462 -0.6423329125063552
    outer loop
      vertex -44.32809113794218 66.34167664500526 6
      vertex -4.242570631433979 7.937291379135195 90.36239685118198
      vertex -5.00013209717642 7.483226510722907 90.36239685118198
    endloop
  endfacet
  facet normal -0.45935820849015263 0.6193728445278637 0.6366846281748761
    outer loop
      vertex -44.99477541508211 67.33944017605137 6
      vertex -7.136924446841012 8.696367600330792 90.36239685118198
      vertex -6.250165121470524 9.354033138403635 90.36239685118198
    endloop
  endfacet
  facet normal -0.39643711814249477 0.6614153729727572 0.6366846281748776
    outer loop
      vertex -38.1776939156853 71.4254415818196 6
      vertex -6.250165121470524 9.354033138403635 90.36239685118198
      vertex -5.303213289292473 9.921614223918994 90.36239685118198
    endloop
  endfacet
  facet normal 0.3276892329388786 -0.6928406715306443 -0.6423329125063539
    outer loop
      vertex -37.61201783360141 70.36713606854407 6
      vertex -3.444150891285808 8.31491579260158 90.36239685118198
      vertex -4.242570631433979 7.937291379135195 90.36239685118198
    endloop
  endfacet
  facet normal -0.3296981216325557 0.6970881098094998 0.6366846281748785
    outer loop
      vertex -30.992940353830026 74.82357694003684 6
      vertex -5.303213289292473 9.921614223918994 90.36239685118198
      vertex -4.30518861410726 10.393644740751975 90.36239685118198
    endloop
  endfacet
  facet normal 0.25820105838824914 -0.7216236158540631 -0.6423329125063542
    outer loop
      vertex -30.53372023670265 73.71492150515336 6
      vertex -2.612562095290161 8.61246302158988 90.36239685118198
      vertex -3.444150891285808 8.31491579260158 90.36239685118198
    endloop
  endfacet
  facet normal -0.2597839519799591 0.7260475070816571 0.63668462817488
    outer loop
      vertex -23.509707833902766 77.50112034959372 6
      vertex -4.30518861410726 10.393644740751975 90.36239685118198
      vertex -3.265702619112701 10.765578776987349 90.36239685118198
    endloop
  endfacet
  facet normal 0.1862262664982947 -0.7434569302772085 -0.6423329125063546
    outer loop
      vertex -23.161366222495086 76.35279195099292 6
      vertex -1.7558128981451542 8.827067523629074 90.36239685118198
      vertex -2.612562095290161 8.61246302158988 90.36239685118198
    endloop
  endfacet
  facet normal 0.11245801386033462 -0.7581303480468863 -0.6423329125063545
    outer loop
      vertex -15.565955590274209 78.25534327166265 6
      vertex -0.8821542629660455 8.956662540049772 90.36239685118198
      vertex -1.7558128981451542 8.827067523629074 90.36239685118198
    endloop
  endfacet
  facet normal 0.03760672907306805 -0.7655025561286719 -0.6423329125063532
    outer loop
      vertex -7.820636296502101 79.40425285790415 6
      vertex 0 9 90.36239685118198
      vertex -0.8821542629660455 8.956662540049772 90.36239685118198
    endloop
  endfacet
  facet normal -0.18736792085744575 0.7480146699626782 0.6366846281748787
    outer loop
      vertex -15.800063975821441 79.43228560376208 6
      vertex -3.265702619112701 10.765578776987349 90.36239685118198
      vertex -2.1947661226814428 11.033834404536343 90.36239685118198
    endloop
  endfacet
  facet normal -0.1131474342313547 0.7627780426655438 0.6366846281748783
    outer loop
      vertex -7.938256864459403 80.59847452546197 6
      vertex -2.1947661226814428 11.033834404536343 90.36239685118198
      vertex -1.1026928287075568 11.195828175062216 90.36239685118198
    endloop
  endfacet
  facet normal -0.03783727596094063 0.7701954458406468 0.636684628174878
    outer loop
      vertex -1.1026928287075568 11.195828175062216 90.36239685118198
      vertex 0 11.25 90.36239685118198
      vertex 0 80.9884560778737 6
    endloop
  endfacet
  facet normal -0.9987954562051724 0.049067674327417134 0
    outer loop
      vertex -11.25 0 90.36239685118198
      vertex -11.25 0 104.36239685118198
      vertex -11.195828175062216 1.1026928287075568 90.36239685118198
    endloop
  endfacet
  facet normal -0.9891765099647809 0.14673047445536244 0
    outer loop
      vertex -11.195828175062216 1.1026928287075568 90.36239685118198
      vertex -11.195828175062216 1.1026928287075568 104.36239685118198
      vertex -11.033834404536343 2.1947661226814428 90.36239685118198
    endloop
  endfacet
  facet normal -0.9987954562051724 0.049067674327417134 0
    outer loop
      vertex -11.195828175062216 1.1026928287075568 90.36239685118198
      vertex -11.25 0 104.36239685118198
      vertex -11.195828175062216 1.1026928287075568 104.36239685118198
    endloop
  endfacet
  facet normal -0.9891765099647809 0.14673047445536244 0
    outer loop
      vertex -11.033834404536343 2.1947661226814428 90.36239685118198
      vertex -11.195828175062216 1.1026928287075568 104.36239685118198
      vertex -11.033834404536343 2.1947661226814428 104.36239685118198
    endloop
  endfacet
  facet normal 0.9987954562051724 -0.04906767432741834 0
    outer loop
      vertex -9 0 90.36239685118198
      vertex -8.956662540049772 0.8821542629660455 90.36239685118198
      vertex -9 0 101.36239684787893
    endloop
  endfacet
  facet normal 0.9415440651830204 -0.33688985339222116 4.713825684698972e-17
    outer loop
      vertex -8.61246302158988 2.612562095290161 90.36239685118198
      vertex -8.31491579260158 3.444150891285808 90.36239685118198
      vertex -8.545396666893494 2.8 101.36239684787893
    endloop
  endfacet
  facet normal 0.9039892931234437 -0.4275550934302813 0
    outer loop
      vertex -8.31491579260158 3.444150891285808 90.36239685118198
      vertex -7.937291379135195 4.242570631433979 90.36239685118198
      vertex -8.31491579260158 3.444150891285808 101.36239684787893
    endloop
  endfacet
  facet normal -0.9700312531945438 0.24298017990326495 0
    outer loop
      vertex -11.033834404536343 2.1947661226814428 90.36239685118198
      vertex -11.033834404536343 2.1947661226814428 104.36239685118198
      vertex -10.765578776987349 3.265702619112701 90.36239685118198
    endloop
  endfacet
  facet normal 0.989176509964781 -0.14673047445536166 0
    outer loop
      vertex -8.956662540049772 0.8821542629660455 90.36239685118198
      vertex -8.827067523629074 1.7558128981451542 90.36239685118198
      vertex -8.827067523629074 1.7558128981451542 104.36239685118198
    endloop
  endfacet
  facet normal 0.9700312531945442 -0.24298017990326337 0
    outer loop
      vertex -8.827067523629074 1.7558128981451542 90.36239685118198
      vertex -8.61246302158988 2.612562095290161 90.36239685118198
      vertex -8.61246302158988 2.612562095290161 104.36239685118198
    endloop
  endfacet
  facet normal 0.9987954562051724 -0.04906767432741822 8.958504958803965e-18
    outer loop
      vertex -8.956662540049772 0.8821542629660455 90.36239685118198
      vertex -8.960698520184426 0.8 101.36239684787893
      vertex -9 0 101.36239684787893
    endloop
  endfacet
  facet normal -0.9415440651830209 0.33688985339221944 0
    outer loop
      vertex -10.765578776987349 3.265702619112701 90.36239685118198
      vertex -10.765578776987349 3.265702619112701 104.36239685118198
      vertex -10.393644740751975 4.30518861410726 90.36239685118198
    endloop
  endfacet
  facet normal -0.9039892931234431 0.4275550934302824 0
    outer loop
      vertex -10.393644740751975 4.30518861410726 90.36239685118198
      vertex -10.393644740751975 4.30518861410726 104.36239685118198
      vertex -9.921614223918994 5.303213289292473 90.36239685118198
    endloop
  endfacet
  facet normal 0.9415440651830201 -0.3368898533922219 0
    outer loop
      vertex -8.31491579260158 3.444150891285808 90.36239685118198
      vertex -8.31491579260158 3.444150891285808 101.36239684787893
      vertex -8.545396666893494 2.8 101.36239684787893
    endloop
  endfacet
  facet normal 0.8577286100002718 -0.5141027441932222 0
    outer loop
      vertex -7.937291379135195 4.242570631433979 90.36239685118198
      vertex -7.483226510722907 5.00013209717642 90.36239685118198
      vertex -7.483226510722907 5.00013209717642 104.36239685118198
    endloop
  endfacet
  facet normal 0.8032075314806454 -0.5956993044924326 0
    outer loop
      vertex -7.483226510722907 5.00013209717642 90.36239685118198
      vertex -6.957094080264633 5.70953955747281 90.36239685118198
      vertex -6.957094080264633 5.70953955747281 104.36239685118198
    endloop
  endfacet
  facet normal 0.9039892931234437 -0.4275550934302813 0
    outer loop
      vertex -7.937291379135195 4.242570631433979 90.36239685118198
      vertex -7.937291379135195 4.242570631433979 101.36239684787893
      vertex -8.31491579260158 3.444150891285808 101.36239684787893
    endloop
  endfacet
  facet normal 0.8577286100002716 -0.5141027441932224 0
    outer loop
      vertex -7.937291379135195 4.242570631433979 90.36239685118198
      vertex -7.842931846932612 4.3999999999999995 101.36239684787893
      vertex -7.937291379135195 4.242570631433979 101.36239684787893
    endloop
  endfacet
  facet normal -0.740951125354959 0.6715589548470186 0
    outer loop
      vertex -8.696367600330792 7.136924446841012 90.36239685118198
      vertex -7.95495128834866 7.95495128834866 101.36239684787893
      vertex -7.95495128834866 7.95495128834866 90.36239685118198
    endloop
  endfacet
  facet normal -0.6715589548470186 0.740951125354959 9.713337774531214e-18
    outer loop
      vertex -7.95495128834866 7.95495128834866 90.36239685118198
      vertex -7.905247694415563 7.999999999999999 101.36239684787893
      vertex -7.136924446841012 8.696367600330792 90.36239685118198
    endloop
  endfacet
  facet normal 0.6715589548470177 -0.7409511253549598 6.070836109082012e-18
    outer loop
      vertex -6.3639610306789285 6.3639610306789285 90.36239685118198
      vertex -5.70953955747281 6.957094080264633 90.36239685118198
      vertex -6.324198155532452 6.3999999999999995 101.36239684787893
    endloop
  endfacet
  facet normal -0.8577286100002725 0.514102744193221 0
    outer loop
      vertex -9.921614223918994 5.303213289292473 90.36239685118198
      vertex -9.921614223918994 5.303213289292473 104.36239685118198
      vertex -9.354033138403635 6.250165121470524 90.36239685118198
    endloop
  endfacet
  facet normal -0.8032075314806452 0.5956993044924329 0
    outer loop
      vertex -9.354033138403635 6.250165121470524 90.36239685118198
      vertex -9.354033138403635 6.250165121470524 104.36239685118198
      vertex -8.696367600330792 7.136924446841012 90.36239685118198
    endloop
  endfacet
  facet normal -0.8032075314806454 0.5956993044924326 0
    outer loop
      vertex -8.696367600330792 7.136924446841012 90.36239685118198
      vertex -9 6.727523548809667 101.36239684787893
      vertex -8.696367600330792 7.136924446841012 101.36239684787893
    endloop
  endfacet
  facet normal -0.740951125354959 0.6715589548470186 0
    outer loop
      vertex -8.696367600330792 7.136924446841012 90.36239685118198
      vertex -8.696367600330792 7.136924446841012 101.36239684787893
      vertex -7.95495128834866 7.95495128834866 101.36239684787893
    endloop
  endfacet
  facet normal 0.7409511253549598 -0.6715589548470177 0
    outer loop
      vertex -6.957094080264633 5.70953955747281 90.36239685118198
      vertex -6.3639610306789285 6.3639610306789285 90.36239685118198
      vertex -6.3639610306789285 6.3639610306789285 104.36239685118198
    endloop
  endfacet
  facet normal -0.6715589548470173 0.7409511253549601 0
    outer loop
      vertex -7.95495128834866 7.95495128834866 90.36239685118198
      vertex -7.95495128834866 7.95495128834866 101.36239684787893
      vertex -7.905247694415563 7.999999999999999 101.36239684787893
    endloop
  endfacet
  facet normal 0.6715589548470176 -0.7409511253549598 0
    outer loop
      vertex -5.70953955747281 6.957094080264633 90.36239685118198
      vertex -5.70953955747281 6.957094080264633 101.36239684787893
      vertex -6.324198155532452 6.3999999999999995 101.36239684787893
    endloop
  endfacet
  facet normal -0.5956993044924329 0.8032075314806452 0
    outer loop
      vertex -7.136924446841012 8.696367600330792 90.36239685118198
      vertex -7.136924446841012 8.696367600330792 104.36239685118198
      vertex -6.250165121470524 9.354033138403635 90.36239685118198
    endloop
  endfacet
  facet normal -0.514102744193221 0.8577286100002725 0
    outer loop
      vertex -6.250165121470524 9.354033138403635 90.36239685118198
      vertex -6.250165121470524 9.354033138403635 104.36239685118198
      vertex -5.303213289292473 9.921614223918994 90.36239685118198
    endloop
  endfacet
  facet normal 0.5956993044924327 -0.8032075314806454 0
    outer loop
      vertex -5.70953955747281 6.957094080264633 90.36239685118198
      vertex -5.00013209717642 7.483226510722907 90.36239685118198
      vertex -5.70953955747281 6.957094080264633 101.36239684787893
    endloop
  endfacet
  facet normal 0.5141027441932221 -0.8577286100002718 0
    outer loop
      vertex -5.00013209717642 7.483226510722907 90.36239685118198
      vertex -4.242570631433979 7.937291379135195 90.36239685118198
      vertex -5.00013209717642 7.483226510722907 101.36239684787893
    endloop
  endfacet
  facet normal 0.42755509343028136 -0.9039892931234437 0
    outer loop
      vertex -4.242570631433979 7.937291379135195 90.36239685118198
      vertex -3.444150891285808 8.31491579260158 90.36239685118198
      vertex -3.444150891285808 8.31491579260158 104.36239685118198
    endloop
  endfacet
  facet normal 0.5956993044924327 -0.8032075314806454 0
    outer loop
      vertex -5.00013209717642 7.483226510722907 90.36239685118198
      vertex -5.00013209717642 7.483226510722907 101.36239684787893
      vertex -5.70953955747281 6.957094080264633 101.36239684787893
    endloop
  endfacet
  facet normal 0.5141027441932221 -0.8577286100002718 0
    outer loop
      vertex -4.242570631433979 7.937291379135195 90.36239685118198
      vertex -4.242570631433979 7.937291379135195 101.36239684787893
      vertex -5.00013209717642 7.483226510722907 101.36239684787893
    endloop
  endfacet
  facet normal 0.4275550934302811 -0.9039892931234438 0
    outer loop
      vertex -4.242570631433979 7.937291379135195 90.36239685118198
      vertex -4.1099843923284824 7.999999999999999 101.36239684787893
      vertex -4.242570631433979 7.937291379135195 101.36239684787893
    endloop
  endfacet
  facet normal -0.4275550934302824 0.9039892931234431 0
    outer loop
      vertex -5.303213289292473 9.921614223918994 90.36239685118198
      vertex -5.303213289292473 9.921614223918994 104.36239685118198
      vertex -4.30518861410726 10.393644740751975 90.36239685118198
    endloop
  endfacet
  facet normal 0.3368898533922211 -0.9415440651830204 0
    outer loop
      vertex -3.444150891285808 8.31491579260158 90.36239685118198
      vertex -2.612562095290161 8.61246302158988 90.36239685118198
      vertex -2.612562095290161 8.61246302158988 104.36239685118198
    endloop
  endfacet
  facet normal -0.33688985339221944 0.9415440651830209 0
    outer loop
      vertex -4.30518861410726 10.393644740751975 90.36239685118198
      vertex -4.30518861410726 10.393644740751975 104.36239685118198
      vertex -3.265702619112701 10.765578776987349 90.36239685118198
    endloop
  endfacet
  facet normal -0.24298017990326495 0.9700312531945438 0
    outer loop
      vertex -3.265702619112701 10.765578776987349 90.36239685118198
      vertex -3.265702619112701 10.765578776987349 104.36239685118198
      vertex -2.1947661226814428 11.033834404536343 90.36239685118198
    endloop
  endfacet
  facet normal 0.24298017990326337 -0.9700312531945442 0
    outer loop
      vertex -2.612562095290161 8.61246302158988 90.36239685118198
      vertex -1.7558128981451542 8.827067523629074 90.36239685118198
      vertex -1.7558128981451542 8.827067523629074 104.36239685118198
    endloop
  endfacet
  facet normal 0.14673047445536166 -0.989176509964781 0
    outer loop
      vertex -1.7558128981451542 8.827067523629074 90.36239685118198
      vertex -0.8821542629660455 8.956662540049772 90.36239685118198
      vertex -0.8821542629660455 8.956662540049772 104.36239685118198
    endloop
  endfacet
  facet normal 0.04906767432741833 -0.9987954562051723 0
    outer loop
      vertex -0.8821542629660455 8.956662540049772 90.36239685118198
      vertex 0 9 90.36239685118198
      vertex 0 9 104.36239685118198
    endloop
  endfacet
  facet normal 0.9987954562051723 -0.04906767432741942 0
    outer loop
      vertex -8.956662540049772 0.8821542629660455 90.36239685118198
      vertex -8.956662540049772 0.8821542629660455 104.36239685118198
      vertex -8.960698520184426 0.8 101.36239684787893
    endloop
  endfacet
  facet normal 0.9415440651830213 -0.33688985339221866 0
    outer loop
      vertex -8.61246302158988 2.612562095290161 90.36239685118198
      vertex -8.545396666893494 2.8 101.36239684787893
      vertex -8.545396666893494 2.8 103.36239684787893
    endloop
  endfacet
  facet normal 0.9415440651830213 -0.33688985339221866 0
    outer loop
      vertex -8.61246302158988 2.612562095290161 90.36239685118198
      vertex -8.545396666893494 2.8 103.36239684787893
      vertex -8.61246302158988 2.612562095290161 104.36239685118198
    endloop
  endfacet
  facet normal 0.989176509964781 -0.14673047445536166 0
    outer loop
      vertex -8.956662540049772 0.8821542629660455 90.36239685118198
      vertex -8.827067523629074 1.7558128981451542 104.36239685118198
      vertex -8.956662540049772 0.8821542629660455 104.36239685118198
    endloop
  endfacet
  facet normal 0.9700312531945442 -0.24298017990326337 0
    outer loop
      vertex -8.827067523629074 1.7558128981451542 90.36239685118198
      vertex -8.61246302158988 2.612562095290161 104.36239685118198
      vertex -8.827067523629074 1.7558128981451542 104.36239685118198
    endloop
  endfacet
  facet normal -0.9700312531945438 0.24298017990326495 0
    outer loop
      vertex -10.765578776987349 3.265702619112701 90.36239685118198
      vertex -11.033834404536343 2.1947661226814428 104.36239685118198
      vertex -10.765578776987349 3.265702619112701 104.36239685118198
    endloop
  endfacet
  facet normal -0.9415440651830209 0.33688985339221944 0
    outer loop
      vertex -10.393644740751975 4.30518861410726 90.36239685118198
      vertex -10.765578776987349 3.265702619112701 104.36239685118198
      vertex -10.393644740751975 4.30518861410726 104.36239685118198
    endloop
  endfacet
  facet normal -0.9039892931234431 0.4275550934302824 0
    outer loop
      vertex -9.921614223918994 5.303213289292473 90.36239685118198
      vertex -10.393644740751975 4.30518861410726 104.36239685118198
      vertex -9.921614223918994 5.303213289292473 104.36239685118198
    endloop
  endfacet
  facet normal 0.8577286100002718 -0.514102744193222 -7.76835064647221e-18
    outer loop
      vertex -7.937291379135195 4.242570631433979 90.36239685118198
      vertex -7.483226510722907 5.00013209717642 104.36239685118198
      vertex -7.842931846932612 4.3999999999999995 101.36239684787893
    endloop
  endfacet
  facet normal 0.8032075314806454 -0.5956993044924326 0
    outer loop
      vertex -7.483226510722907 5.00013209717642 90.36239685118198
      vertex -6.957094080264633 5.70953955747281 104.36239685118198
      vertex -7.483226510722907 5.00013209717642 104.36239685118198
    endloop
  endfacet
  facet normal 0 0 1
    outer loop
      vertex -11.25 0 104.36239685118198
      vertex -9 0 104.36239685118198
      vertex -11.195828175062216 1.1026928287075568 104.36239685118198
    endloop
  endfacet
  facet normal 0 0 1
    outer loop
      vertex -11.195828175062216 1.1026928287075568 104.36239685118198
      vertex -9 0 104.36239685118198
      vertex -8.956662540049772 0.8821542629660455 104.36239685118198
    endloop
  endfacet
  facet normal 0 0 1
    outer loop
      vertex -11.195828175062216 1.1026928287075568 104.36239685118198
      vertex -8.956662540049772 0.8821542629660455 104.36239685118198
      vertex -11.033834404536343 2.1947661226814428 104.36239685118198
    endloop
  endfacet
  facet normal 0 0 1
    outer loop
      vertex -11.033834404536343 2.1947661226814428 104.36239685118198
      vertex -8.956662540049772 0.8821542629660455 104.36239685118198
      vertex -8.827067523629074 1.7558128981451542 104.36239685118198
    endloop
  endfacet
  facet normal 0 0 1
    outer loop
      vertex -11.033834404536343 2.1947661226814428 104.36239685118198
      vertex -8.827067523629074 1.7558128981451542 104.36239685118198
      vertex -10.765578776987349 3.265702619112701 104.36239685118198
    endloop
  endfacet
  facet normal 0.9987954562051724 -0.049067674327419424 0
    outer loop
      vertex -8.956662540049772 0.8821542629660455 104.36239685118198
      vertex -8.960698520184426 0.8 103.36239684787893
      vertex -8.960698520184426 0.8 101.36239684787893
    endloop
  endfacet
  facet normal 0.9987954562051723 -0.04906767432741821 0
    outer loop
      vertex -9 0 104.36239685118198
      vertex -9 0 103.36239684787893
      vertex -8.960698520184426 0.8 103.36239684787893
    endloop
  endfacet
  facet normal 0.9987954562051724 -0.04906767432741833 -8.642013724141378e-17
    outer loop
      vertex -9 0 104.36239685118198
      vertex -8.960698520184426 0.8 103.36239684787893
      vertex -8.956662540049772 0.8821542629660455 104.36239685118198
    endloop
  endfacet
  facet normal 0 0 1
    outer loop
      vertex -8.827067523629074 1.7558128981451542 104.36239685118198
      vertex -8.61246302158988 2.612562095290161 104.36239685118198
      vertex -10.765578776987349 3.265702619112701 104.36239685118198
    endloop
  endfacet
  facet normal 0 0 1
    outer loop
      vertex -8.61246302158988 2.612562095290161 104.36239685118198
      vertex -10.393644740751975 4.30518861410726 104.36239685118198
      vertex -10.765578776987349 3.265702619112701 104.36239685118198
    endloop
  endfacet
  facet normal 0 0 1
    outer loop
      vertex -8.61246302158988 2.612562095290161 104.36239685118198
      vertex -8.31491579260158 3.444150891285808 104.36239685118198
      vertex -10.393644740751975 4.30518861410726 104.36239685118198
    endloop
  endfacet
  facet normal 0.94154406518302 -0.3368898533922218 0
    outer loop
      vertex -8.31491579260158 3.444150891285808 104.36239685118198
      vertex -8.545396666893494 2.8 103.36239684787893
      vertex -8.31491579260158 3.444150891285808 103.36239684787893
    endloop
  endfacet
  facet normal 0.9415440651830205 -0.33688985339222116 -5.185208234484825e-16
    outer loop
      vertex -8.61246302158988 2.612562095290161 104.36239685118198
      vertex -8.545396666893494 2.8 103.36239684787893
      vertex -8.31491579260158 3.444150891285808 104.36239685118198
    endloop
  endfacet
  facet normal 0 0 1
    outer loop
      vertex -10.393644740751975 4.30518861410726 104.36239685118198
      vertex -8.31491579260158 3.444150891285808 104.36239685118198
      vertex -9.921614223918994 5.303213289292473 104.36239685118198
    endloop
  endfacet
  facet normal 0 0 1
    outer loop
      vertex -9.921614223918994 5.303213289292473 104.36239685118198
      vertex -7.937291379135195 4.242570631433979 104.36239685118198
      vertex -9.354033138403635 6.250165121470524 104.36239685118198
    endloop
  endfacet
  facet normal 0 0 1
    outer loop
      vertex -9.921614223918994 5.303213289292473 104.36239685118198
      vertex -8.31491579260158 3.444150891285808 104.36239685118198
      vertex -7.937291379135195 4.242570631433979 104.36239685118198
    endloop
  endfacet
  facet normal 0 0 1
    outer loop
      vertex -7.937291379135195 4.242570631433979 104.36239685118198
      vertex -7.483226510722907 5.00013209717642 104.36239685118198
      vertex -9.354033138403635 6.250165121470524 104.36239685118198
    endloop
  endfacet
  facet normal 0.9039892931234437 -0.4275550934302813 0
    outer loop
      vertex -8.31491579260158 3.444150891285808 104.36239685118198
      vertex -8.31491579260158 3.444150891285808 103.36239684787893
      vertex -7.937291379135195 4.242570631433979 103.36239684787893
    endloop
  endfacet
  facet normal 0.9039892931234437 -0.4275550934302813 0
    outer loop
      vertex -8.31491579260158 3.444150891285808 104.36239685118198
      vertex -7.937291379135195 4.242570631433979 103.36239684787893
      vertex -7.937291379135195 4.242570631433979 104.36239685118198
    endloop
  endfacet
  facet normal 0.8577286100002718 -0.5141027441932221 0
    outer loop
      vertex -7.483226510722907 5.00013209717642 104.36239685118198
      vertex -7.842931846932612 4.3999999999999995 103.36239684787893
      vertex -7.842931846932612 4.3999999999999995 101.36239684787893
    endloop
  endfacet
  facet normal 0.8577286100002717 -0.5141027441932224 0
    outer loop
      vertex -7.937291379135195 4.242570631433979 104.36239685118198
      vertex -7.937291379135195 4.242570631433979 103.36239684787893
      vertex -7.842931846932612 4.3999999999999995 103.36239684787893
    endloop
  endfacet
  facet normal 0.8577286100002718 -0.5141027441932222 6.285100890284639e-17
    outer loop
      vertex -7.937291379135195 4.242570631433979 104.36239685118198
      vertex -7.842931846932612 4.3999999999999995 103.36239684787893
      vertex -7.483226510722907 5.00013209717642 104.36239685118198
    endloop
  endfacet
  facet normal -0.8032075314806448 0.5956993044924335 4.4334930628391847e-17
    outer loop
      vertex -8.696367600330792 7.136924446841012 90.36239685118198
      vertex -9.354033138403635 6.250165121470524 104.36239685118198
      vertex -9 6.727523548809667 101.36239684787893
    endloop
  endfacet
  facet normal -0.8577286100002725 0.514102744193221 0
    outer loop
      vertex -9.354033138403635 6.250165121470524 90.36239685118198
      vertex -9.921614223918994 5.303213289292473 104.36239685118198
      vertex -9.354033138403635 6.250165121470524 104.36239685118198
    endloop
  endfacet
  facet normal -0.6715589548470278 0.7409511253549506 -1.3466105237054798e-15
    outer loop
      vertex -7.136924446841012 8.696367600330792 90.36239685118198
      vertex -7.905247694415563 7.999999999999999 103.36239684787893
      vertex -7.95495128834866 7.95495128834866 104.36239685118198
    endloop
  endfacet
  facet normal 0.6715589548470186 -0.7409511253549589 0
    outer loop
      vertex -6.3639610306789285 6.3639610306789285 90.36239685118198
      vertex -6.324198155532452 6.3999999999999995 101.36239684787893
      vertex -6.324198155532452 6.3999999999999995 103.36239684787893
    endloop
  endfacet
  facet normal 0.6715589548470187 -0.740951125354959 0
    outer loop
      vertex -6.3639610306789285 6.3639610306789285 90.36239685118198
      vertex -6.324198155532452 6.3999999999999995 103.36239684787893
      vertex -6.3639610306789285 6.3639610306789285 104.36239685118198
    endloop
  endfacet
  facet normal 0.7409511253549598 -0.6715589548470177 0
    outer loop
      vertex -6.957094080264633 5.70953955747281 90.36239685118198
      vertex -6.3639610306789285 6.3639610306789285 104.36239685118198
      vertex -6.957094080264633 5.70953955747281 104.36239685118198
    endloop
  endfacet
  facet normal -0.6715589548470189 0.7409511253549588 0
    outer loop
      vertex -7.136924446841012 8.696367600330792 90.36239685118198
      vertex -7.905247694415563 7.999999999999999 101.36239684787893
      vertex -7.905247694415563 7.999999999999999 103.36239684787893
    endloop
  endfacet
  facet normal -0.6715589548470186 0.740951125354959 0
    outer loop
      vertex -7.136924446841012 8.696367600330792 90.36239685118198
      vertex -7.95495128834866 7.95495128834866 104.36239685118198
      vertex -7.136924446841012 8.696367600330792 104.36239685118198
    endloop
  endfacet
  facet normal -0.5956993044924329 0.8032075314806452 0
    outer loop
      vertex -6.250165121470524 9.354033138403635 90.36239685118198
      vertex -7.136924446841012 8.696367600330792 104.36239685118198
      vertex -6.250165121470524 9.354033138403635 104.36239685118198
    endloop
  endfacet
  facet normal -0.514102744193221 0.8577286100002725 0
    outer loop
      vertex -5.303213289292473 9.921614223918994 90.36239685118198
      vertex -6.250165121470524 9.354033138403635 104.36239685118198
      vertex -5.303213289292473 9.921614223918994 104.36239685118198
    endloop
  endfacet
  facet normal -0.803207531480645 0.5956993044924332 0
    outer loop
      vertex -9.354033138403635 6.250165121470524 104.36239685118198
      vertex -9 6.727523548809667 103.36239684787893
      vertex -9 6.727523548809667 101.36239684787893
    endloop
  endfacet
  facet normal -0.8032075314806453 0.595699304492433 -2.514040356113855e-16
    outer loop
      vertex -9.354033138403635 6.250165121470524 104.36239685118198
      vertex -8.696367600330792 7.136924446841012 104.36239685118198
      vertex -9 6.727523548809667 103.36239684787893
    endloop
  endfacet
  facet normal 0 0 1
    outer loop
      vertex -7.483226510722907 5.00013209717642 104.36239685118198
      vertex -8.696367600330792 7.136924446841012 104.36239685118198
      vertex -9.354033138403635 6.250165121470524 104.36239685118198
    endloop
  endfacet
  facet normal -0.8032075314806454 0.5956993044924325 0
    outer loop
      vertex -8.696367600330792 7.136924446841012 104.36239685118198
      vertex -8.696367600330792 7.136924446841012 103.36239684787893
      vertex -9 6.727523548809667 103.36239684787893
    endloop
  endfacet
  facet normal -0.740951125354959 0.6715589548470184 0
    outer loop
      vertex -8.696367600330792 7.136924446841012 104.36239685118198
      vertex -7.95495128834866 7.95495128834866 104.36239685118198
      vertex -8.696367600330792 7.136924446841012 103.36239684787893
    endloop
  endfacet
  facet normal 0 0 1
    outer loop
      vertex -7.483226510722907 5.00013209717642 104.36239685118198
      vertex -6.957094080264633 5.70953955747281 104.36239685118198
      vertex -8.696367600330792 7.136924446841012 104.36239685118198
    endloop
  endfacet
  facet normal 0 0 1
    outer loop
      vertex -6.957094080264633 5.70953955747281 104.36239685118198
      vertex -6.3639610306789285 6.3639610306789285 104.36239685118198
      vertex -7.95495128834866 7.95495128834866 104.36239685118198
    endloop
  endfacet
  facet normal 0 0 1
    outer loop
      vertex -8.696367600330792 7.136924446841012 104.36239685118198
      vertex -6.957094080264633 5.70953955747281 104.36239685118198
      vertex -7.95495128834866 7.95495128834866 104.36239685118198
    endloop
  endfacet
  facet normal -0.740951125354959 0.6715589548470184 0
    outer loop
      vertex -7.95495128834866 7.95495128834866 104.36239685118198
      vertex -7.95495128834866 7.95495128834866 103.36239684787893
      vertex -8.696367600330792 7.136924446841012 103.36239684787893
    endloop
  endfacet
  facet normal -0.6715589548470173 0.7409511253549601 0
    outer loop
      vertex -7.95495128834866 7.95495128834866 104.36239685118198
      vertex -7.905247694415563 7.999999999999999 103.36239684787893
      vertex -7.95495128834866 7.95495128834866 103.36239684787893
    endloop
  endfacet
  facet normal 0 0 1
    outer loop
      vertex -7.95495128834866 7.95495128834866 104.36239685118198
      vertex -6.3639610306789285 6.3639610306789285 104.36239685118198
      vertex -7.136924446841012 8.696367600330792 104.36239685118198
    endloop
  endfacet
  facet normal 0.6715589548470177 -0.7409511253549598 0
    outer loop
      vertex -5.70953955747281 6.957094080264633 104.36239685118198
      vertex -6.324198155532452 6.3999999999999995 103.36239684787893
      vertex -5.70953955747281 6.957094080264633 103.36239684787893
    endloop
  endfacet
  facet normal 0.6715589548470177 -0.7409511253549598 -6.677919695927429e-17
    outer loop
      vertex -6.3639610306789285 6.3639610306789285 104.36239685118198
      vertex -6.324198155532452 6.3999999999999995 103.36239684787893
      vertex -5.70953955747281 6.957094080264633 104.36239685118198
    endloop
  endfacet
  facet normal 0 0 1
    outer loop
      vertex -6.3639610306789285 6.3639610306789285 104.36239685118198
      vertex -5.70953955747281 6.957094080264633 104.36239685118198
      vertex -7.136924446841012 8.696367600330792 104.36239685118198
    endloop
  endfacet
  facet normal 0 0 1
    outer loop
      vertex -5.70953955747281 6.957094080264633 104.36239685118198
      vertex -5.00013209717642 7.483226510722907 104.36239685118198
      vertex -6.250165121470524 9.354033138403635 104.36239685118198
    endloop
  endfacet
  facet normal 0 0 1
    outer loop
      vertex -5.70953955747281 6.957094080264633 104.36239685118198
      vertex -6.250165121470524 9.354033138403635 104.36239685118198
      vertex -7.136924446841012 8.696367600330792 104.36239685118198
    endloop
  endfacet
  facet normal 0 0 1
    outer loop
      vertex -6.250165121470524 9.354033138403635 104.36239685118198
      vertex -5.00013209717642 7.483226510722907 104.36239685118198
      vertex -5.303213289292473 9.921614223918994 104.36239685118198
    endloop
  endfacet
  facet normal 0.42755509343028136 -0.9039892931234437 -3.622474548320951e-18
    outer loop
      vertex -4.242570631433979 7.937291379135195 90.36239685118198
      vertex -3.444150891285808 8.31491579260158 104.36239685118198
      vertex -4.1099843923284824 7.999999999999999 101.36239684787893
    endloop
  endfacet
  facet normal -0.4275550934302824 0.9039892931234431 0
    outer loop
      vertex -4.30518861410726 10.393644740751975 90.36239685118198
      vertex -5.303213289292473 9.921614223918994 104.36239685118198
      vertex -4.30518861410726 10.393644740751975 104.36239685118198
    endloop
  endfacet
  facet normal 0.3368898533922211 -0.9415440651830204 0
    outer loop
      vertex -3.444150891285808 8.31491579260158 90.36239685118198
      vertex -2.612562095290161 8.61246302158988 104.36239685118198
      vertex -3.444150891285808 8.31491579260158 104.36239685118198
    endloop
  endfacet
  facet normal -0.33688985339221944 0.9415440651830209 0
    outer loop
      vertex -3.265702619112701 10.765578776987349 90.36239685118198
      vertex -4.30518861410726 10.393644740751975 104.36239685118198
      vertex -3.265702619112701 10.765578776987349 104.36239685118198
    endloop
  endfacet
  facet normal 0.24298017990326337 -0.9700312531945442 0
    outer loop
      vertex -2.612562095290161 8.61246302158988 90.36239685118198
      vertex -1.7558128981451542 8.827067523629074 104.36239685118198
      vertex -2.612562095290161 8.61246302158988 104.36239685118198
    endloop
  endfacet
  facet normal 0.14673047445536166 -0.989176509964781 0
    outer loop
      vertex -1.7558128981451542 8.827067523629074 90.36239685118198
      vertex -0.8821542629660455 8.956662540049772 104.36239685118198
      vertex -1.7558128981451542 8.827067523629074 104.36239685118198
    endloop
  endfacet
  facet normal -0.24298017990326495 0.9700312531945438 0
    outer loop
      vertex -2.1947661226814428 11.033834404536343 90.36239685118198
      vertex -3.265702619112701 10.765578776987349 104.36239685118198
      vertex -2.1947661226814428 11.033834404536343 104.36239685118198
    endloop
  endfacet
  facet normal 0.04906767432741833 -0.9987954562051723 0
    outer loop
      vertex -0.8821542629660455 8.956662540049772 90.36239685118198
      vertex 0 9 104.36239685118198
      vertex -0.8821542629660455 8.956662540049772 104.36239685118198
    endloop
  endfacet
  facet normal 0.5956993044924327 -0.8032075314806454 0
    outer loop
      vertex -5.70953955747281 6.957094080264633 104.36239685118198
      vertex -5.70953955747281 6.957094080264633 103.36239684787893
      vertex -5.00013209717642 7.483226510722907 103.36239684787893
    endloop
  endfacet
  facet normal 0.5956993044924327 -0.8032075314806454 0
    outer loop
      vertex -5.70953955747281 6.957094080264633 104.36239685118198
      vertex -5.00013209717642 7.483226510722907 103.36239684787893
      vertex -5.00013209717642 7.483226510722907 104.36239685118198
    endloop
  endfacet
  facet normal 0.5141027441932222 -0.8577286100002718 0
    outer loop
      vertex -5.00013209717642 7.483226510722907 104.36239685118198
      vertex -5.00013209717642 7.483226510722907 103.36239684787893
      vertex -4.242570631433979 7.937291379135195 103.36239684787893
    endloop
  endfacet
  facet normal 0.42755509343028114 -0.9039892931234438 0
    outer loop
      vertex -4.242570631433979 7.937291379135195 104.36239685118198
      vertex -4.242570631433979 7.937291379135195 103.36239684787893
      vertex -4.1099843923284824 7.999999999999999 103.36239684787893
    endloop
  endfacet
  facet normal 0.5141027441932222 -0.8577286100002718 0
    outer loop
      vertex -5.00013209717642 7.483226510722907 104.36239685118198
      vertex -4.242570631433979 7.937291379135195 103.36239684787893
      vertex -4.242570631433979 7.937291379135195 104.36239685118198
    endloop
  endfacet
  facet normal 0.4275550934302814 -0.9039892931234438 0
    outer loop
      vertex -3.444150891285808 8.31491579260158 104.36239685118198
      vertex -4.1099843923284824 7.999999999999999 103.36239684787893
      vertex -4.1099843923284824 7.999999999999999 101.36239684787893
    endloop
  endfacet
  facet normal 0.4275550934302813 -0.9039892931234437 3.142550445142322e-17
    outer loop
      vertex -4.242570631433979 7.937291379135195 104.36239685118198
      vertex -4.1099843923284824 7.999999999999999 103.36239684787893
      vertex -3.444150891285808 8.31491579260158 104.36239685118198
    endloop
  endfacet
  facet normal 0 0 1
    outer loop
      vertex -5.00013209717642 7.483226510722907 104.36239685118198
      vertex -4.242570631433979 7.937291379135195 104.36239685118198
      vertex -5.303213289292473 9.921614223918994 104.36239685118198
    endloop
  endfacet
  facet normal 0 0 1
    outer loop
      vertex -4.242570631433979 7.937291379135195 104.36239685118198
      vertex -4.30518861410726 10.393644740751975 104.36239685118198
      vertex -5.303213289292473 9.921614223918994 104.36239685118198
    endloop
  endfacet
  facet normal 0 0 1
    outer loop
      vertex -4.242570631433979 7.937291379135195 104.36239685118198
      vertex -3.444150891285808 8.31491579260158 104.36239685118198
      vertex -4.30518861410726 10.393644740751975 104.36239685118198
    endloop
  endfacet
  facet normal 0 0 1
    outer loop
      vertex -3.444150891285808 8.31491579260158 104.36239685118198
      vertex -2.612562095290161 8.61246302158988 104.36239685118198
      vertex -3.265702619112701 10.765578776987349 104.36239685118198
    endloop
  endfacet
  facet normal 0 0 1
    outer loop
      vertex -4.30518861410726 10.393644740751975 104.36239685118198
      vertex -3.444150891285808 8.31491579260158 104.36239685118198
      vertex -3.265702619112701 10.765578776987349 104.36239685118198
    endloop
  endfacet
  facet normal 0 0 1
    outer loop
      vertex -2.612562095290161 8.61246302158988 104.36239685118198
      vertex -1.7558128981451542 8.827067523629074 104.36239685118198
      vertex -2.1947661226814428 11.033834404536343 104.36239685118198
    endloop
  endfacet
  facet normal 0 0 1
    outer loop
      vertex -3.265702619112701 10.765578776987349 104.36239685118198
      vertex -2.612562095290161 8.61246302158988 104.36239685118198
      vertex -2.1947661226814428 11.033834404536343 104.36239685118198
    endloop
  endfacet
  facet normal 0 0 1
    outer loop
      vertex -1.7558128981451542 8.827067523629074 104.36239685118198
      vertex -1.1026928287075568 11.195828175062216 104.36239685118198
      vertex -2.1947661226814428 11.033834404536343 104.36239685118198
    endloop
  endfacet
  facet normal 0 0 1
    outer loop
      vertex -1.7558128981451542 8.827067523629074 104.36239685118198
      vertex -0.8821542629660455 8.956662540049772 104.36239685118198
      vertex -1.1026928287075568 11.195828175062216 104.36239685118198
    endloop
  endfacet
  facet normal 0 0 1
    outer loop
      vertex -0.8821542629660455 8.956662540049772 104.36239685118198
      vertex 0 9 104.36239685118198
      vertex 0 11.25 104.36239685118198
    endloop
  endfacet
  facet normal 0 0 1
    outer loop
      vertex -0.8821542629660455 8.956662540049772 104.36239685118198
      vertex 0 11.25 104.36239685118198
      vertex -1.1026928287075568 11.195828175062216 104.36239685118198
    endloop
  endfacet
  facet normal -0.14673047445536244 0.9891765099647809 0
    outer loop
      vertex -2.1947661226814428 11.033834404536343 90.36239685118198
      vertex -2.1947661226814428 11.033834404536343 104.36239685118198
      vertex -1.1026928287075568 11.195828175062216 90.36239685118198
    endloop
  endfacet
  facet normal -0.049067674327417134 0.9987954562051724 0
    outer loop
      vertex -1.1026928287075568 11.195828175062216 90.36239685118198
      vertex -1.1026928287075568 11.195828175062216 104.36239685118198
      vertex 0 11.25 90.36239685118198
    endloop
  endfacet
  facet normal -0.14673047445536244 0.9891765099647809 0
    outer loop
      vertex -1.1026928287075568 11.195828175062216 90.36239685118198
      vertex -2.1947661226814428 11.033834404536343 104.36239685118198
      vertex -1.1026928287075568 11.195828175062216 104.36239685118198
    endloop
  endfacet
  facet normal -0.049067674327417134 0.9987954562051724 0
    outer loop
      vertex -1.1026928287075568 11.195828175062216 104.36239685118198
      vertex 0 11.25 104.36239685118198
      vertex 0 11.25 90.36239685118198
    endloop
  endfacet
  facet normal 0 0 -1
    outer loop
      vertex 0 -87.78845608234406 0
      vertex 0 -79.78845608234406 0
      vertex 8.604773419138585 -87.36573067128174 0
    endloop
  endfacet
  facet normal 0.03248623092070331 -0.6612724217642325 0.7494420784921499
    outer loop
      vertex 0 -87.78845608234406 0
      vertex 7.938256864459403 -80.59847452546197 6
      vertex 0 -80.9884560778737 6
    endloop
  endfacet
  facet normal -0.049067674327417925 0.9987954562051724 0
    outer loop
      vertex 0 -79.78845608234406 0
      vertex 0 -79.78845608234406 6
      vertex 7.820636296502101 -79.40425285790415 0
    endloop
  endfacet
  facet normal 0 0 -1
    outer loop
      vertex 0 -79.78845608234406 0
      vertex 7.820636296502101 -79.40425285790415 0
      vertex 8.604773419138585 -87.36573067128174 0
    endloop
  endfacet
  facet normal -0.049067674327417925 0.9987954562051724 0
    outer loop
      vertex 0 -79.78845608234406 6
      vertex 7.820636296502101 -79.40425285790415 6
      vertex 7.820636296502101 -79.40425285790415 0
    endloop
  endfacet
  facet normal 0.03248623092070245 -0.6612724217642321 0.7494420784921504
    outer loop
      vertex 0 -87.78845608234406 0
      vertex 8.604773419138585 -87.36573067128174 0
      vertex 7.938256864459403 -80.59847452546197 6
    endloop
  endfacet
  facet normal 0.09714583259956251 -0.6549040068543659 0.7494420784921505
    outer loop
      vertex 8.604773419138585 -87.36573067128174 0
      vertex 15.800063975821441 -79.43228560376208 6
      vertex 7.938256864459403 -80.59847452546197 6
    endloop
  endfacet
  facet normal -0.14673047445536175 0.9891765099647809 0
    outer loop
      vertex 7.820636296502101 -79.40425285790415 0
      vertex 7.820636296502101 -79.40425285790415 6
      vertex 15.565955590274209 -78.25534327166265 0
    endloop
  endfacet
  facet normal 0 0 -1
    outer loop
      vertex 8.604773419138585 -87.36573067128174 0
      vertex 7.820636296502101 -79.40425285790415 0
      vertex 17.126678166403234 -86.1016255148885 0
    endloop
  endfacet
  facet normal 0.09714583259956383 -0.6549040068543666 0.7494420784921496
    outer loop
      vertex 8.604773419138585 -87.36573067128174 0
      vertex 17.126678166403234 -86.1016255148885 0
      vertex 15.800063975821441 -79.43228560376208 6
    endloop
  endfacet
  facet normal 0 0 -1
    outer loop
      vertex 7.820636296502101 -79.40425285790415 0
      vertex 15.565955590274209 -78.25534327166265 0
      vertex 17.126678166403234 -86.1016255148885 0
    endloop
  endfacet
  facet normal -0.14673047445536175 0.9891765099647809 0
    outer loop
      vertex 7.820636296502101 -79.40425285790415 6
      vertex 15.565955590274209 -78.25534327166265 6
      vertex 15.565955590274209 -78.25534327166265 0
    endloop
  endfacet
  facet normal 0 0 -1
    outer loop
      vertex 15.565955590274209 -78.25534327166265 0
      vertex 25.483643640530783 -84.00831463685059 0
      vertex 17.126678166403234 -86.1016255148885 0
    endloop
  endfacet
  facet normal -0.24298017990326395 0.970031253194544 0
    outer loop
      vertex 15.565955590274209 -78.25534327166265 0
      vertex 15.565955590274209 -78.25534327166265 6
      vertex 23.161366222495086 -76.35279195099292 0
    endloop
  endfacet
  facet normal 0 0 -1
    outer loop
      vertex 15.565955590274209 -78.25534327166265 0
      vertex 23.161366222495086 -76.35279195099292 0
      vertex 25.483643640530783 -84.00831463685059 0
    endloop
  endfacet
  facet normal 0.16086986680517548 -0.642228508351546 0.7494420784921497
    outer loop
      vertex 15.800063975821441 -79.43228560376208 6
      vertex 17.126678166403234 -86.1016255148885 0
      vertex 23.509707833902766 -77.50112034959372 6
    endloop
  endfacet
  facet normal -0.24298017990326395 0.970031253194544 0
    outer loop
      vertex 15.565955590274209 -78.25534327166265 6
      vertex 23.161366222495086 -76.35279195099292 6
      vertex 23.161366222495086 -76.35279195099292 0
    endloop
  endfacet
  facet normal 0.16086986680517598 -0.6422285083515461 0.7494420784921494
    outer loop
      vertex 17.126678166403234 -86.1016255148885 0
      vertex 25.483643640530783 -84.00831463685059 0
      vertex 23.509707833902766 -77.50112034959372 6
    endloop
  endfacet
  facet normal 0 0 -1
    outer loop
      vertex 25.483643640530783 -84.00831463685059 0
      vertex 23.161366222495086 -76.35279195099292 0
      vertex 33.595187695623366 -81.10595776524366 0
    endloop
  endfacet
  facet normal 0.22304463625303886 -0.6233679982354857 0.7494420784921493
    outer loop
      vertex 25.483643640530783 -84.00831463685059 0
      vertex 30.992940353830026 -74.82357694003684 6
      vertex 23.509707833902766 -77.50112034959372 6
    endloop
  endfacet
  facet normal 0.22304463625303775 -0.6233679982354856 0.7494420784921499
    outer loop
      vertex 25.483643640530783 -84.00831463685059 0
      vertex 33.595187695623366 -81.10595776524366 0
      vertex 30.992940353830026 -74.82357694003684 6
    endloop
  endfacet
  facet normal 0 0 -1
    outer loop
      vertex 23.161366222495086 -76.35279195099292 0
      vertex 30.53372023670265 -73.71492150515336 0
      vertex 33.595187695623366 -81.10595776524366 0
    endloop
  endfacet
  facet normal -0.3368898533922204 0.9415440651830207 0
    outer loop
      vertex 23.161366222495086 -76.35279195099292 0
      vertex 23.161366222495086 -76.35279195099292 6
      vertex 30.53372023670265 -73.71492150515336 0
    endloop
  endfacet
  facet normal -0.42755509343028136 0.9039892931234437 0
    outer loop
      vertex 30.53372023670265 -73.71492150515336 0
      vertex 30.53372023670265 -73.71492150515336 6
      vertex 37.61201783360141 -70.36713606854407 0
    endloop
  endfacet
  facet normal -0.3368898533922204 0.9415440651830207 0
    outer loop
      vertex 23.161366222495086 -76.35279195099292 6
      vertex 30.53372023670265 -73.71492150515336 6
      vertex 30.53372023670265 -73.71492150515336 0
    endloop
  endfacet
  facet normal 0 0 -1
    outer loop
      vertex 30.53372023670265 -73.71492150515336 0
      vertex 41.38319172820939 -77.42250618333091 0
      vertex 33.595187695623366 -81.10595776524366 0
    endloop
  endfacet
  facet normal 0.2830713639251851 -0.5985041135288058 0.7494420784921498
    outer loop
      vertex 33.595187695623366 -81.10595776524366 0
      vertex 41.38319172820939 -77.42250618333091 0
      vertex 38.1776939156853 -71.4254415818196 6
    endloop
  endfacet
  facet normal 0 0 -1
    outer loop
      vertex 30.53372023670265 -73.71492150515336 0
      vertex 37.61201783360141 -70.36713606854407 0
      vertex 41.38319172820939 -77.42250618333091 0
    endloop
  endfacet
  facet normal 0.2830713639251849 -0.5985041135288058 0.74944207849215
    outer loop
      vertex 30.992940353830026 -74.82357694003684 6
      vertex 33.595187695623366 -81.10595776524366 0
      vertex 38.1776939156853 -71.4254415818196 6
    endloop
  endfacet
  facet normal -0.42755509343028136 0.9039892931234437 0
    outer loop
      vertex 30.53372023670265 -73.71492150515336 6
      vertex 37.61201783360141 -70.36713606854407 6
      vertex 37.61201783360141 -70.36713606854407 0
    endloop
  endfacet
  facet normal 0 0 -1
    outer loop
      vertex 41.38319172820939 -77.42250618333091 0
      vertex 37.61201783360141 -70.36713606854407 0
      vertex 48.772653002099 -72.99343354342562 0
    endloop
  endfacet
  facet normal 0.34037195962018324 -0.5678763070332152 0.7494420784921497
    outer loop
      vertex 41.38319172820939 -77.42250618333091 0
      vertex 44.99477541508211 -67.33944017605137 6
      vertex 38.1776939156853 -71.4254415818196 6
    endloop
  endfacet
  facet normal -0.5141027441932228 0.8577286100002715 0
    outer loop
      vertex 37.61201783360141 -70.36713606854407 0
      vertex 37.61201783360141 -70.36713606854407 6
      vertex 44.32809113794218 -66.34167664500526 0
    endloop
  endfacet
  facet normal 0 0 -1
    outer loop
      vertex 37.61201783360141 -70.36713606854407 0
      vertex 44.32809113794218 -66.34167664500526 0
      vertex 48.772653002099 -72.99343354342562 0
    endloop
  endfacet
  facet normal -0.5141027441932228 0.8577286100002715 0
    outer loop
      vertex 37.61201783360141 -70.36713606854407 6
      vertex 44.32809113794218 -66.34167664500526 6
      vertex 44.32809113794218 -66.34167664500526 0
    endloop
  endfacet
  facet normal -0.037606729073076335 0.7655025561286712 -0.6423329125063536
    outer loop
      vertex 0 -79.78845608234406 6
      vertex 0 -9 90.36239685118198
      vertex 7.820636296502101 -79.40425285790415 6
    endloop
  endfacet
  facet normal 0.03783727596094139 -0.7701954458406469 0.636684628174878
    outer loop
      vertex 0 -80.9884560778737 6
      vertex 7.938256864459403 -80.59847452546197 6
      vertex 1.1026928287075568 -11.195828175062216 90.36239685118198
    endloop
  endfacet
  facet normal -0.1124580138603262 0.7581303480468882 -0.6423329125063536
    outer loop
      vertex 7.820636296502101 -79.40425285790415 6
      vertex 0.8821542629660455 -8.956662540049772 90.36239685118198
      vertex 15.565955590274209 -78.25534327166265 6
    endloop
  endfacet
  facet normal 0.11314743423136046 -0.7627780426655432 0.636684628174878
    outer loop
      vertex 7.938256864459403 -80.59847452546197 6
      vertex 15.800063975821441 -79.43228560376208 6
      vertex 2.1947661226814428 -11.033834404536343 90.36239685118198
    endloop
  endfacet
  facet normal 0.1873679208574538 -0.7480146699626766 0.636684628174878
    outer loop
      vertex 15.800063975821441 -79.43228560376208 6
      vertex 23.509707833902766 -77.50112034959372 6
      vertex 3.265702619112701 -10.765578776987349 90.36239685118198
    endloop
  endfacet
  facet normal -0.18622626649829738 0.7434569302772086 -0.6423329125063536
    outer loop
      vertex 15.565955590274209 -78.25534327166265 6
      vertex 1.7558128981451542 -8.827067523629074 90.36239685118198
      vertex 23.161366222495086 -76.35279195099292 6
    endloop
  endfacet
  facet normal -0.25820105838825747 0.7216236158540605 -0.6423329125063536
    outer loop
      vertex 23.161366222495086 -76.35279195099292 6
      vertex 2.612562095290161 -8.61246302158988 90.36239685118198
      vertex 30.53372023670265 -73.71492150515336 6
    endloop
  endfacet
  facet normal 0.2597839519799642 -0.7260475070816571 0.636684628174878
    outer loop
      vertex 23.509707833902766 -77.50112034959372 6
      vertex 30.992940353830026 -74.82357694003684 6
      vertex 4.30518861410726 -10.393644740751975 90.36239685118198
    endloop
  endfacet
  facet normal -0.3276892329388816 0.6928406715306432 -0.6423329125063536
    outer loop
      vertex 30.53372023670265 -73.71492150515336 6
      vertex 3.444150891285808 -8.31491579260158 90.36239685118198
      vertex 37.61201783360141 -70.36713606854407 6
    endloop
  endfacet
  facet normal 0.3296981216325545 -0.6970881098095006 0.6366846281748781
    outer loop
      vertex 30.992940353830026 -74.82357694003684 6
      vertex 38.1776939156853 -71.4254415818196 6
      vertex 5.303213289292473 -9.921614223918994 90.36239685118198
    endloop
  endfacet
  facet normal -0.39402158104315005 0.6573852927951472 -0.6423329125063536
    outer loop
      vertex 37.61201783360141 -70.36713606854407 6
      vertex 4.242570631433979 -7.937291379135195 90.36239685118198
      vertex 44.32809113794218 -66.34167664500526 6
    endloop
  endfacet
  facet normal 0.39643711814249627 -0.6614153729727558 0.636684628174878
    outer loop
      vertex 38.1776939156853 -71.4254415818196 6
      vertex 44.99477541508211 -67.33944017605137 6
      vertex 6.250165121470524 -9.354033138403635 90.36239685118198
    endloop
  endfacet
  facet normal -0.456559285927864 0.6155989343266801 -0.6423329125063536
    outer loop
      vertex 44.32809113794218 -66.34167664500526 6
      vertex 5.00013209717642 -7.483226510722907 90.36239685118198
      vertex 50.61726069242504 -61.67731060932561 6
    endloop
  endfacet
  facet normal 0.4593582084901528 -0.6193728445278616 0.6366846281748781
    outer loop
      vertex 44.99477541508211 -67.33944017605137 6
      vertex 51.378532630585454 -62.60492314990527 6
      vertex 7.136924446841012 -8.696367600330792 90.36239685118198
    endloop
  endfacet
  facet normal -0.5147000753084013 0.5678840216000369 -0.6423329125063536
    outer loop
      vertex 50.61726069242504 -61.67731060932561 6
      vertex 5.70953955747281 -6.957094080264633 90.36239685118198
      vertex 56.41895835623052 -56.41895835623052 6
    endloop
  endfacet
  facet normal 0.5178554281793091 -0.5713654170065262 0.636684628174878
    outer loop
      vertex 51.378532630585454 -62.60492314990527 6
      vertex 57.26748649049336 -57.26748649049336 6
      vertex 7.95495128834866 -7.95495128834866 90.36239685118198
    endloop
  endfacet
  facet normal 0.5713654170065263 -0.5178554281793092 0.6366846281748781
    outer loop
      vertex 57.26748649049336 -57.26748649049336 6
      vertex 62.60492314990527 -51.378532630585454 6
      vertex 8.696367600330792 -7.136924446841012 90.36239685118198
    endloop
  endfacet
  facet normal -0.5678840216000369 0.5147000753084013 -0.6423329125063536
    outer loop
      vertex 56.41895835623052 -56.41895835623052 6
      vertex 6.3639610306789285 -6.3639610306789285 90.36239685118198
      vertex 61.67731060932561 -50.61726069242504 6
    endloop
  endfacet
  facet normal 0.340371959620184 -0.5678763070332153 0.7494420784921494
    outer loop
      vertex 41.38319172820939 -77.42250618333091 0
      vertex 48.772653002099 -72.99343354342562 0
      vertex 44.99477541508211 -67.33944017605137 6
    endloop
  endfacet
  facet normal 0.3943945872777996 -0.5317795412681283 0.7494420784921494
    outer loop
      vertex 48.772653002099 -72.99343354342562 0
      vertex 51.378532630585454 -62.60492314990527 6
      vertex 44.99477541508211 -67.33944017605137 6
    endloop
  endfacet
  facet normal 0 0 -1
    outer loop
      vertex 48.772653002099 -72.99343354342562 0
      vertex 44.32809113794218 -66.34167664500526 0
      vertex 55.69240696573421 -67.86139423622751 0
    endloop
  endfacet
  facet normal 0.39439458727779814 -0.5317795412681284 0.7494420784921502
    outer loop
      vertex 48.772653002099 -72.99343354342562 0
      vertex 55.69240696573421 -67.86139423622751 0
      vertex 51.378532630585454 -62.60492314990527 6
    endloop
  endfacet
  facet normal -0.5956993044924325 0.8032075314806456 0
    outer loop
      vertex 44.32809113794218 -66.34167664500526 0
      vertex 44.32809113794218 -66.34167664500526 6
      vertex 50.61726069242504 -61.67731060932561 0
    endloop
  endfacet
  facet normal -0.5956993044924325 0.8032075314806456 0
    outer loop
      vertex 44.32809113794218 -66.34167664500526 6
      vertex 50.61726069242504 -61.67731060932561 6
      vertex 50.61726069242504 -61.67731060932561 0
    endloop
  endfacet
  facet normal 0 0 -1
    outer loop
      vertex 44.32809113794218 -66.34167664500526 0
      vertex 50.61726069242504 -61.67731060932561 0
      vertex 55.69240696573421 -67.86139423622751 0
    endloop
  endfacet
  facet normal 0.44461897946191764 -0.49056144782036076 0.7494420784921503
    outer loop
      vertex 55.69240696573421 -67.86139423622751 0
      vertex 57.26748649049336 -57.26748649049336 6
      vertex 51.378532630585454 -62.60492314990527 6
    endloop
  endfacet
  facet normal -0.6715589548470181 0.7409511253549593 0
    outer loop
      vertex 50.61726069242504 -61.67731060932561 0
      vertex 50.61726069242504 -61.67731060932561 6
      vertex 56.41895835623052 -56.41895835623052 0
    endloop
  endfacet
  facet normal -0.6715589548470181 0.7409511253549593 0
    outer loop
      vertex 50.61726069242504 -61.67731060932561 6
      vertex 56.41895835623052 -56.41895835623052 6
      vertex 56.41895835623052 -56.41895835623052 0
    endloop
  endfacet
  facet normal 0 0 -1
    outer loop
      vertex 55.69240696573421 -67.86139423622751 0
      vertex 50.61726069242504 -61.67731060932561 0
      vertex 62.0758126057229 -62.0758126057229 0
    endloop
  endfacet
  facet normal 0.4446189794619179 -0.49056144782036076 0.74944207849215
    outer loop
      vertex 55.69240696573421 -67.86139423622751 0
      vertex 62.0758126057229 -62.0758126057229 0
      vertex 57.26748649049336 -57.26748649049336 6
    endloop
  endfacet
  facet normal 0 0 -1
    outer loop
      vertex 50.61726069242504 -61.67731060932561 0
      vertex 56.41895835623052 -56.41895835623052 0
      vertex 62.0758126057229 -62.0758126057229 0
    endloop
  endfacet
  facet normal 0 0 -1
    outer loop
      vertex 56.41895835623052 -56.41895835623052 0
      vertex 67.86139423622751 -55.69240696573421 0
      vertex 62.0758126057229 -62.0758126057229 0
    endloop
  endfacet
  facet normal 0.49056144782036065 -0.4446189794619178 0.7494420784921503
    outer loop
      vertex 62.0758126057229 -62.0758126057229 0
      vertex 67.86139423622751 -55.69240696573421 0
      vertex 62.60492314990527 -51.378532630585454 6
    endloop
  endfacet
  facet normal 0.4905614478203608 -0.44461897946191775 0.7494420784921502
    outer loop
      vertex 57.26748649049336 -57.26748649049336 6
      vertex 62.0758126057229 -62.0758126057229 0
      vertex 62.60492314990527 -51.378532630585454 6
    endloop
  endfacet
  facet normal -0.7409511253549593 0.6715589548470181 0
    outer loop
      vertex 56.41895835623052 -56.41895835623052 0
      vertex 56.41895835623052 -56.41895835623052 6
      vertex 61.67731060932561 -50.61726069242504 0
    endloop
  endfacet
  facet normal -0.7409511253549593 0.6715589548470181 0
    outer loop
      vertex 56.41895835623052 -56.41895835623052 6
      vertex 61.67731060932561 -50.61726069242504 6
      vertex 61.67731060932561 -50.61726069242504 0
    endloop
  endfacet
  facet normal 0 0 -1
    outer loop
      vertex 56.41895835623052 -56.41895835623052 0
      vertex 61.67731060932561 -50.61726069242504 0
      vertex 67.86139423622751 -55.69240696573421 0
    endloop
  endfacet
  facet normal -0.8032075314806456 0.5956993044924325 0
    outer loop
      vertex 61.67731060932561 -50.61726069242504 0
      vertex 61.67731060932561 -50.61726069242504 6
      vertex 66.34167664500526 -44.32809113794218 0
    endloop
  endfacet
  facet normal -0.8032075314806456 0.5956993044924325 0
    outer loop
      vertex 61.67731060932561 -50.61726069242504 6
      vertex 66.34167664500526 -44.32809113794218 6
      vertex 66.34167664500526 -44.32809113794218 0
    endloop
  endfacet
  facet normal 0 0 -1
    outer loop
      vertex 61.67731060932561 -50.61726069242504 0
      vertex 72.99343354342562 -48.772653002099 0
      vertex 67.86139423622751 -55.69240696573421 0
    endloop
  endfacet
  facet normal 0.531779541268129 -0.3943945872777986 0.7494420784921495
    outer loop
      vertex 67.86139423622751 -55.69240696573421 0
      vertex 72.99343354342562 -48.772653002099 0
      vertex 67.33944017605137 -44.99477541508211 6
    endloop
  endfacet
  facet normal 0.5317795412681277 -0.39439458727779914 0.7494420784921503
    outer loop
      vertex 62.60492314990527 -51.378532630585454 6
      vertex 67.86139423622751 -55.69240696573421 0
      vertex 67.33944017605137 -44.99477541508211 6
    endloop
  endfacet
  facet normal 0 0 -1
    outer loop
      vertex 61.67731060932561 -50.61726069242504 0
      vertex 66.34167664500526 -44.32809113794218 0
      vertex 72.99343354342562 -48.772653002099 0
    endloop
  endfacet
  facet normal 0.5678763070332157 -0.3403719596201835 0.7494420784921495
    outer loop
      vertex 67.33944017605137 -44.99477541508211 6
      vertex 72.99343354342562 -48.772653002099 0
      vertex 71.4254415818196 -38.1776939156853 6
    endloop
  endfacet
  facet normal 0 0 -1
    outer loop
      vertex 66.34167664500526 -44.32809113794218 0
      vertex 77.42250618333091 -41.38319172820939 0
      vertex 72.99343354342562 -48.772653002099 0
    endloop
  endfacet
  facet normal -0.8577286100002715 0.5141027441932228 0
    outer loop
      vertex 66.34167664500526 -44.32809113794218 0
      vertex 66.34167664500526 -44.32809113794218 6
      vertex 70.36713606854407 -37.61201783360141 0
    endloop
  endfacet
  facet normal -0.8577286100002715 0.5141027441932228 0
    outer loop
      vertex 66.34167664500526 -44.32809113794218 6
      vertex 70.36713606854407 -37.61201783360141 6
      vertex 70.36713606854407 -37.61201783360141 0
    endloop
  endfacet
  facet normal 0.567876307033215 -0.34037195962018385 0.7494420784921498
    outer loop
      vertex 72.99343354342562 -48.772653002099 0
      vertex 77.42250618333091 -41.38319172820939 0
      vertex 71.4254415818196 -38.1776939156853 6
    endloop
  endfacet
  facet normal 0 0 -1
    outer loop
      vertex 66.34167664500526 -44.32809113794218 0
      vertex 70.36713606854407 -37.61201783360141 0
      vertex 77.42250618333091 -41.38319172820939 0
    endloop
  endfacet
  facet normal -0.9039892931234437 0.42755509343028136 0
    outer loop
      vertex 70.36713606854407 -37.61201783360141 0
      vertex 70.36713606854407 -37.61201783360141 6
      vertex 73.71492150515336 -30.53372023670265 0
    endloop
  endfacet
  facet normal 0 0 -1
    outer loop
      vertex 70.36713606854407 -37.61201783360141 0
      vertex 81.10595776524366 -33.595187695623366 0
      vertex 77.42250618333091 -41.38319172820939 0
    endloop
  endfacet
  facet normal 0 0 -1
    outer loop
      vertex 70.36713606854407 -37.61201783360141 0
      vertex 73.71492150515336 -30.53372023670265 0
      vertex 81.10595776524366 -33.595187695623366 0
    endloop
  endfacet
  facet normal 0.5985041135288058 -0.2830713639251849 0.7494420784921497
    outer loop
      vertex 71.4254415818196 -38.1776939156853 6
      vertex 77.42250618333091 -41.38319172820939 0
      vertex 74.82357694003684 -30.992940353830026 6
    endloop
  endfacet
  facet normal -0.9415440651830207 0.3368898533922204 0
    outer loop
      vertex 73.71492150515336 -30.53372023670265 0
      vertex 73.71492150515336 -30.53372023670265 6
      vertex 76.35279195099292 -23.161366222495086 0
    endloop
  endfacet
  facet normal -0.9039892931234437 0.42755509343028136 0
    outer loop
      vertex 70.36713606854407 -37.61201783360141 6
      vertex 73.71492150515336 -30.53372023670265 6
      vertex 73.71492150515336 -30.53372023670265 0
    endloop
  endfacet
  facet normal -0.9415440651830207 0.3368898533922204 0
    outer loop
      vertex 73.71492150515336 -30.53372023670265 6
      vertex 76.35279195099292 -23.161366222495086 6
      vertex 76.35279195099292 -23.161366222495086 0
    endloop
  endfacet
  facet normal 0.5985041135288057 -0.28307136392518506 0.7494420784921498
    outer loop
      vertex 74.82357694003684 -30.992940353830026 6
      vertex 77.42250618333091 -41.38319172820939 0
      vertex 81.10595776524366 -33.595187695623366 0
    endloop
  endfacet
  facet normal 0 0 -1
    outer loop
      vertex 73.71492150515336 -30.53372023670265 0
      vertex 84.00831463685059 -25.483643640530783 0
      vertex 81.10595776524366 -33.595187695623366 0
    endloop
  endfacet
  facet normal 0.6233679982354862 -0.22304463625303794 0.7494420784921494
    outer loop
      vertex 81.10595776524366 -33.595187695623366 0
      vertex 84.00831463685059 -25.483643640530783 0
      vertex 77.50112034959372 -23.509707833902766 6
    endloop
  endfacet
  facet normal 0.6233679982354852 -0.22304463625303864 0.7494420784921498
    outer loop
      vertex 74.82357694003684 -30.992940353830026 6
      vertex 81.10595776524366 -33.595187695623366 0
      vertex 77.50112034959372 -23.509707833902766 6
    endloop
  endfacet
  facet normal 0 0 -1
    outer loop
      vertex 73.71492150515336 -30.53372023670265 0
      vertex 76.35279195099292 -23.161366222495086 0
      vertex 84.00831463685059 -25.483643640530783 0
    endloop
  endfacet
  facet normal -0.970031253194544 0.24298017990326395 0
    outer loop
      vertex 76.35279195099292 -23.161366222495086 0
      vertex 76.35279195099292 -23.161366222495086 6
      vertex 78.25534327166265 -15.565955590274209 0
    endloop
  endfacet
  facet normal 0 0 -1
    outer loop
      vertex 76.35279195099292 -23.161366222495086 0
      vertex 86.1016255148885 -17.126678166403234 0
      vertex 84.00831463685059 -25.483643640530783 0
    endloop
  endfacet
  facet normal 0 0 -1
    outer loop
      vertex 76.35279195099292 -23.161366222495086 0
      vertex 78.25534327166265 -15.565955590274209 0
      vertex 86.1016255148885 -17.126678166403234 0
    endloop
  endfacet
  facet normal -0.970031253194544 0.24298017990326395 0
    outer loop
      vertex 76.35279195099292 -23.161366222495086 6
      vertex 78.25534327166265 -15.565955590274209 6
      vertex 78.25534327166265 -15.565955590274209 0
    endloop
  endfacet
  facet normal 0.6422285083515463 -0.16086986680517554 0.7494420784921493
    outer loop
      vertex 77.50112034959372 -23.509707833902766 6
      vertex 84.00831463685059 -25.483643640530783 0
      vertex 79.43228560376208 -15.800063975821441 6
    endloop
  endfacet
  facet normal -0.9891765099647809 0.14673047445536175 0
    outer loop
      vertex 78.25534327166265 -15.565955590274209 0
      vertex 78.25534327166265 -15.565955590274209 6
      vertex 79.40425285790415 -7.820636296502101 0
    endloop
  endfacet
  facet normal 0.6549040068543668 -0.09714583259956264 0.7494420784921497
    outer loop
      vertex 79.43228560376208 -15.800063975821441 6
      vertex 86.1016255148885 -17.126678166403234 0
      vertex 80.59847452546197 -7.938256864459403 6
    endloop
  endfacet
  facet normal 0.6422285083515459 -0.16086986680517593 0.7494420784921497
    outer loop
      vertex 84.00831463685059 -25.483643640530783 0
      vertex 86.1016255148885 -17.126678166403234 0
      vertex 79.43228560376208 -15.800063975821441 6
    endloop
  endfacet
  facet normal 0 0 -1
    outer loop
      vertex 78.25534327166265 -15.565955590274209 0
      vertex 87.36573067128174 -8.604773419138585 0
      vertex 86.1016255148885 -17.126678166403234 0
    endloop
  endfacet
  facet normal 0.6549040068543657 -0.0971458325995637 0.7494420784921504
    outer loop
      vertex 86.1016255148885 -17.126678166403234 0
      vertex 87.36573067128174 -8.604773419138585 0
      vertex 80.59847452546197 -7.938256864459403 6
    endloop
  endfacet
  facet normal 0 0 -1
    outer loop
      vertex 78.25534327166265 -15.565955590274209 0
      vertex 79.40425285790415 -7.820636296502101 0
      vertex 87.36573067128174 -8.604773419138585 0
    endloop
  endfacet
  facet normal -0.9891765099647809 0.14673047445536175 0
    outer loop
      vertex 78.25534327166265 -15.565955590274209 6
      vertex 79.40425285790415 -7.820636296502101 6
      vertex 79.40425285790415 -7.820636296502101 0
    endloop
  endfacet
  facet normal -0.9987954562051724 0.049067674327417925 0
    outer loop
      vertex 79.40425285790415 -7.820636296502101 0
      vertex 79.40425285790415 -7.820636296502101 6
      vertex 79.78845608234406 0 0
    endloop
  endfacet
  facet normal -0.9987954562051724 0.049067674327417925 0
    outer loop
      vertex 79.40425285790415 -7.820636296502101 6
      vertex 79.78845608234406 0 6
      vertex 79.78845608234406 0 0
    endloop
  endfacet
  facet normal 0.6612724217642318 -0.032486230920703275 0.7494420784921505
    outer loop
      vertex 80.59847452546197 -7.938256864459403 6
      vertex 87.36573067128174 -8.604773419138585 0
      vertex 80.9884560778737 0 6
    endloop
  endfacet
  facet normal 0 0 -1
    outer loop
      vertex 79.40425285790415 -7.820636296502101 0
      vertex 87.78845608234406 0 0
      vertex 87.36573067128174 -8.604773419138585 0
    endloop
  endfacet
  facet normal 0 0 -1
    outer loop
      vertex 79.40425285790415 -7.820636296502101 0
      vertex 79.78845608234406 0 0
      vertex 87.78845608234406 0 0
    endloop
  endfacet
  facet normal 0.6612724217642325 -0.03248623092070248 0.7494420784921499
    outer loop
      vertex 87.36573067128174 -8.604773419138585 0
      vertex 87.78845608234406 0 0
      vertex 80.9884560778737 0 6
    endloop
  endfacet
  facet normal -0.6155989343266801 0.456559285927864 -0.6423329125063536
    outer loop
      vertex 61.67731060932561 -50.61726069242504 6
      vertex 6.957094080264633 -5.70953955747281 90.36239685118198
      vertex 66.34167664500526 -44.32809113794218 6
    endloop
  endfacet
  facet normal 0.6193728445278616 -0.4593582084901528 0.6366846281748781
    outer loop
      vertex 62.60492314990527 -51.378532630585454 6
      vertex 67.33944017605137 -44.99477541508211 6
      vertex 9.354033138403635 -6.250165121470524 90.36239685118198
    endloop
  endfacet
  facet normal -0.6573852927951472 0.39402158104315005 -0.6423329125063536
    outer loop
      vertex 66.34167664500526 -44.32809113794218 6
      vertex 7.483226510722907 -5.00013209717642 90.36239685118198
      vertex 70.36713606854407 -37.61201783360141 6
    endloop
  endfacet
  facet normal 0.6614153729727558 -0.39643711814249627 0.636684628174878
    outer loop
      vertex 67.33944017605137 -44.99477541508211 6
      vertex 71.4254415818196 -38.1776939156853 6
      vertex 9.921614223918994 -5.303213289292473 90.36239685118198
    endloop
  endfacet
  facet normal -0.6928406715306432 0.3276892329388816 -0.6423329125063536
    outer loop
      vertex 70.36713606854407 -37.61201783360141 6
      vertex 7.937291379135195 -4.242570631433979 90.36239685118198
      vertex 73.71492150515336 -30.53372023670265 6
    endloop
  endfacet
  facet normal 0.6970881098095006 -0.3296981216325545 0.6366846281748781
    outer loop
      vertex 71.4254415818196 -38.1776939156853 6
      vertex 74.82357694003684 -30.992940353830026 6
      vertex 10.393644740751975 -4.30518861410726 90.36239685118198
    endloop
  endfacet
  facet normal 0.7260475070816571 -0.2597839519799642 0.636684628174878
    outer loop
      vertex 74.82357694003684 -30.992940353830026 6
      vertex 77.50112034959372 -23.509707833902766 6
      vertex 10.765578776987349 -3.265702619112701 90.36239685118198
    endloop
  endfacet
  facet normal -0.7216236158540605 0.25820105838825747 -0.6423329125063535
    outer loop
      vertex 73.71492150515336 -30.53372023670265 6
      vertex 8.31491579260158 -3.444150891285808 90.36239685118198
      vertex 76.35279195099292 -23.161366222495086 6
    endloop
  endfacet
  facet normal -0.7434569302772086 0.18622626649829738 -0.6423329125063536
    outer loop
      vertex 76.35279195099292 -23.161366222495086 6
      vertex 8.61246302158988 -2.612562095290161 90.36239685118198
      vertex 78.25534327166265 -15.565955590274209 6
    endloop
  endfacet
  facet normal 0.7480146699626767 -0.18736792085745382 0.636684628174878
    outer loop
      vertex 77.50112034959372 -23.509707833902766 6
      vertex 79.43228560376208 -15.800063975821441 6
      vertex 11.033834404536343 -2.1947661226814428 90.36239685118198
    endloop
  endfacet
  facet normal -0.7581303480468882 0.1124580138603262 -0.6423329125063536
    outer loop
      vertex 78.25534327166265 -15.565955590274209 6
      vertex 8.827067523629074 -1.7558128981451542 90.36239685118198
      vertex 79.40425285790415 -7.820636296502101 6
    endloop
  endfacet
  facet normal 0.7627780426655432 -0.11314743423136046 0.636684628174878
    outer loop
      vertex 79.43228560376208 -15.800063975821441 6
      vertex 80.59847452546197 -7.938256864459403 6
      vertex 11.195828175062216 -1.1026928287075568 90.36239685118198
    endloop
  endfacet
  facet normal -0.7655025561286712 0.037606729073076335 -0.6423329125063535
    outer loop
      vertex 79.40425285790415 -7.820636296502101 6
      vertex 8.956662540049772 -0.8821542629660455 90.36239685118198
      vertex 79.78845608234406 0 6
    endloop
  endfacet
  facet normal 0.7701954458406469 -0.03783727596094139 0.6366846281748781
    outer loop
      vertex 80.59847452546197 -7.938256864459403 6
      vertex 80.9884560778737 0 6
      vertex 11.25 0 90.36239685118198
    endloop
  endfacet
  facet normal 0.0378372759609423 -0.7701954458406468 0.636684628174878
    outer loop
      vertex 0 -80.9884560778737 6
      vertex 1.1026928287075568 -11.195828175062216 90.36239685118198
      vertex 0 -11.25 90.36239685118198
    endloop
  endfacet
  facet normal 0.1131474342313547 -0.7627780426655438 0.6366846281748783
    outer loop
      vertex 7.938256864459403 -80.59847452546197 6
      vertex 2.1947661226814428 -11.033834404536343 90.36239685118198
      vertex 1.1026928287075568 -11.195828175062216 90.36239685118198
    endloop
  endfacet
  facet normal 0.18736792085744575 -0.7480146699626782 0.6366846281748787
    outer loop
      vertex 15.800063975821441 -79.43228560376208 6
      vertex 3.265702619112701 -10.765578776987349 90.36239685118198
      vertex 2.1947661226814428 -11.033834404536343 90.36239685118198
    endloop
  endfacet
  facet normal -0.03760672907306805 0.7655025561286719 -0.6423329125063532
    outer loop
      vertex 7.820636296502101 -79.40425285790415 6
      vertex 0 -9 90.36239685118198
      vertex 0.8821542629660455 -8.956662540049772 90.36239685118198
    endloop
  endfacet
  facet normal -0.11245801386033462 0.7581303480468863 -0.6423329125063545
    outer loop
      vertex 15.565955590274209 -78.25534327166265 6
      vertex 0.8821542629660455 -8.956662540049772 90.36239685118198
      vertex 1.7558128981451542 -8.827067523629074 90.36239685118198
    endloop
  endfacet
  facet normal -0.1862262664982947 0.7434569302772085 -0.6423329125063546
    outer loop
      vertex 23.161366222495086 -76.35279195099292 6
      vertex 1.7558128981451542 -8.827067523629074 90.36239685118198
      vertex 2.612562095290161 -8.61246302158988 90.36239685118198
    endloop
  endfacet
  facet normal 0.2597839519799591 -0.7260475070816571 0.63668462817488
    outer loop
      vertex 23.509707833902766 -77.50112034959372 6
      vertex 4.30518861410726 -10.393644740751975 90.36239685118198
      vertex 3.265702619112701 -10.765578776987349 90.36239685118198
    endloop
  endfacet
  facet normal -0.25820105838824914 0.7216236158540631 -0.6423329125063542
    outer loop
      vertex 30.53372023670265 -73.71492150515336 6
      vertex 2.612562095290161 -8.61246302158988 90.36239685118198
      vertex 3.444150891285808 -8.31491579260158 90.36239685118198
    endloop
  endfacet
  facet normal 0.3296981216325557 -0.6970881098094998 0.6366846281748785
    outer loop
      vertex 30.992940353830026 -74.82357694003684 6
      vertex 5.303213289292473 -9.921614223918994 90.36239685118198
      vertex 4.30518861410726 -10.393644740751975 90.36239685118198
    endloop
  endfacet
  facet normal -0.3276892329388786 0.6928406715306443 -0.6423329125063539
    outer loop
      vertex 37.61201783360141 -70.36713606854407 6
      vertex 3.444150891285808 -8.31491579260158 90.36239685118198
      vertex 4.242570631433979 -7.937291379135195 90.36239685118198
    endloop
  endfacet
  facet normal 0.39643711814249477 -0.6614153729727572 0.6366846281748776
    outer loop
      vertex 38.1776939156853 -71.4254415818196 6
      vertex 6.250165121470524 -9.354033138403635 90.36239685118198
      vertex 5.303213289292473 -9.921614223918994 90.36239685118198
    endloop
  endfacet
  facet normal 0.45935820849015263 -0.6193728445278637 0.6366846281748761
    outer loop
      vertex 44.99477541508211 -67.33944017605137 6
      vertex 7.136924446841012 -8.696367600330792 90.36239685118198
      vertex 6.250165121470524 -9.354033138403635 90.36239685118198
    endloop
  endfacet
  facet normal -0.394021581043149 0.6573852927951462 -0.6423329125063552
    outer loop
      vertex 44.32809113794218 -66.34167664500526 6
      vertex 4.242570631433979 -7.937291379135195 90.36239685118198
      vertex 5.00013209717642 -7.483226510722907 90.36239685118198
    endloop
  endfacet
  facet normal -0.45655928592786754 0.6155989343266802 -0.6423329125063507
    outer loop
      vertex 50.61726069242504 -61.67731060932561 6
      vertex 5.00013209717642 -7.483226510722907 90.36239685118198
      vertex 5.70953955747281 -6.957094080264633 90.36239685118198
    endloop
  endfacet
  facet normal 0.5178554281793096 -0.5713654170065247 0.6366846281748791
    outer loop
      vertex 51.378532630585454 -62.60492314990527 6
      vertex 7.95495128834866 -7.95495128834866 90.36239685118198
      vertex 7.136924446841012 -8.696367600330792 90.36239685118198
    endloop
  endfacet
  facet normal -0.5147000753084011 0.5678840216000348 -0.6423329125063555
    outer loop
      vertex 56.41895835623052 -56.41895835623052 6
      vertex 5.70953955747281 -6.957094080264633 90.36239685118198
      vertex 6.3639610306789285 -6.3639610306789285 90.36239685118198
    endloop
  endfacet
  facet normal 0.5713654170065272 -0.5178554281793085 0.6366846281748778
    outer loop
      vertex 57.26748649049336 -57.26748649049336 6
      vertex 8.696367600330792 -7.136924446841012 90.36239685118198
      vertex 7.95495128834866 -7.95495128834866 90.36239685118198
    endloop
  endfacet
  facet normal -0.5678840216000407 0.5147000753083929 -0.6423329125063568
    outer loop
      vertex 61.67731060932561 -50.61726069242504 6
      vertex 6.3639610306789285 -6.3639610306789285 90.36239685118198
      vertex 6.957094080264633 -5.70953955747281 90.36239685118198
    endloop
  endfacet
  facet normal 0.6193728445278628 -0.45935820849015474 0.6366846281748754
    outer loop
      vertex 62.60492314990527 -51.378532630585454 6
      vertex 9.354033138403635 -6.250165121470524 90.36239685118198
      vertex 8.696367600330792 -7.136924446841012 90.36239685118198
    endloop
  endfacet
  facet normal -0.6155989343266811 0.45655928592785877 -0.6423329125063563
    outer loop
      vertex 66.34167664500526 -44.32809113794218 6
      vertex 6.957094080264633 -5.70953955747281 90.36239685118198
      vertex 7.483226510722907 -5.00013209717642 90.36239685118198
    endloop
  endfacet
  facet normal 0.6614153729727551 -0.3964371181424957 0.6366846281748791
    outer loop
      vertex 67.33944017605137 -44.99477541508211 6
      vertex 9.921614223918994 -5.303213289292473 90.36239685118198
      vertex 9.354033138403635 -6.250165121470524 90.36239685118198
    endloop
  endfacet
  facet normal -0.65738529279515 0.3940215810431484 -0.6423329125063519
    outer loop
      vertex 70.36713606854407 -37.61201783360141 6
      vertex 7.483226510722907 -5.00013209717642 90.36239685118198
      vertex 7.937291379135195 -4.242570631433979 90.36239685118198
    endloop
  endfacet
  facet normal -0.6928406715306404 0.3276892329388932 -0.6423329125063506
    outer loop
      vertex 73.71492150515336 -30.53372023670265 6
      vertex 7.937291379135195 -4.242570631433979 90.36239685118198
      vertex 8.31491579260158 -3.444150891285808 90.36239685118198
    endloop
  endfacet
  facet normal 0.6970881098095018 -0.32969812163255485 0.6366846281748768
    outer loop
      vertex 71.4254415818196 -38.1776939156853 6
      vertex 10.393644740751975 -4.30518861410726 90.36239685118198
      vertex 9.921614223918994 -5.303213289292473 90.36239685118198
    endloop
  endfacet
  facet normal 0.7260475070816567 -0.2597839519799651 0.6366846281748783
    outer loop
      vertex 74.82357694003684 -30.992940353830026 6
      vertex 10.765578776987349 -3.265702619112701 90.36239685118198
      vertex 10.393644740751975 -4.30518861410726 90.36239685118198
    endloop
  endfacet
  facet normal -0.7216236158540614 0.25820105838825785 -0.6423329125063527
    outer loop
      vertex 76.35279195099292 -23.161366222495086 6
      vertex 8.31491579260158 -3.444150891285808 90.36239685118198
      vertex 8.61246302158988 -2.612562095290161 90.36239685118198
    endloop
  endfacet
  facet normal -0.7434569302772096 0.18622626649829496 -0.6423329125063533
    outer loop
      vertex 78.25534327166265 -15.565955590274209 6
      vertex 8.61246302158988 -2.612562095290161 90.36239685118198
      vertex 8.827067523629074 -1.7558128981451542 90.36239685118198
    endloop
  endfacet
  facet normal -0.7581303480468867 0.1124580138603346 -0.6423329125063537
    outer loop
      vertex 79.40425285790415 -7.820636296502101 6
      vertex 8.827067523629074 -1.7558128981451542 90.36239685118198
      vertex 8.956662540049772 -0.8821542629660455 90.36239685118198
    endloop
  endfacet
  facet normal -0.7655025561286711 0.037606729073076654 -0.6423329125063536
    outer loop
      vertex 8.956662540049772 -0.8821542629660455 90.36239685118198
      vertex 9 0 90.36239685118198
      vertex 79.78845608234406 0 6
    endloop
  endfacet
  facet normal 0.7480146699626757 -0.18736792085746018 0.6366846281748776
    outer loop
      vertex 77.50112034959372 -23.509707833902766 6
      vertex 11.033834404536343 -2.1947661226814428 90.36239685118198
      vertex 10.765578776987349 -3.265702619112701 90.36239685118198
    endloop
  endfacet
  facet normal 0.7627780426655429 -0.11314743423136203 0.636684628174878
    outer loop
      vertex 79.43228560376208 -15.800063975821441 6
      vertex 11.195828175062216 -1.1026928287075568 90.36239685118198
      vertex 11.033834404536343 -2.1947661226814428 90.36239685118198
    endloop
  endfacet
  facet normal 0.7701954458406467 -0.03783727596094228 0.6366846281748781
    outer loop
      vertex 80.59847452546197 -7.938256864459403 6
      vertex 11.25 0 90.36239685118198
      vertex 11.195828175062216 -1.1026928287075568 90.36239685118198
    endloop
  endfacet
  facet normal 0.049067674327417134 -0.9987954562051724 0
    outer loop
      vertex 0 -11.25 90.36239685118198
      vertex 1.1026928287075568 -11.195828175062216 90.36239685118198
      vertex 1.1026928287075568 -11.195828175062216 104.36239685118198
    endloop
  endfacet
  facet normal 0.14673047445536244 -0.9891765099647809 0
    outer loop
      vertex 1.1026928287075568 -11.195828175062216 90.36239685118198
      vertex 2.1947661226814428 -11.033834404536343 90.36239685118198
      vertex 2.1947661226814428 -11.033834404536343 104.36239685118198
    endloop
  endfacet
  facet normal 0.049067674327417134 -0.9987954562051724 0
    outer loop
      vertex 0 -11.25 90.36239685118198
      vertex 1.1026928287075568 -11.195828175062216 104.36239685118198
      vertex 0 -11.25 104.36239685118198
    endloop
  endfacet
  facet normal 0.14673047445536244 -0.9891765099647809 0
    outer loop
      vertex 1.1026928287075568 -11.195828175062216 90.36239685118198
      vertex 2.1947661226814428 -11.033834404536343 104.36239685118198
      vertex 1.1026928287075568 -11.195828175062216 104.36239685118198
    endloop
  endfacet
  facet normal -0.5141027441932221 0.8577286100002718 0
    outer loop
      vertex 4.242570631433979 -7.937291379135195 90.36239685118198
      vertex 5.00013209717642 -7.483226510722907 101.36239684787893
      vertex 5.00013209717642 -7.483226510722907 90.36239685118198
    endloop
  endfacet
  facet normal -0.5956993044924327 0.8032075314806454 0
    outer loop
      vertex 5.00013209717642 -7.483226510722907 90.36239685118198
      vertex 5.70953955747281 -6.957094080264633 101.36239684787893
      vertex 5.70953955747281 -6.957094080264633 90.36239685118198
    endloop
  endfacet
  facet normal -0.04906767432741833 0.9987954562051723 0
    outer loop
      vertex 0 -9 90.36239685118198
      vertex 0 -9 104.36239685118198
      vertex 0.8821542629660455 -8.956662540049772 90.36239685118198
    endloop
  endfacet
  facet normal -0.14673047445536166 0.989176509964781 0
    outer loop
      vertex 0.8821542629660455 -8.956662540049772 90.36239685118198
      vertex 0.8821542629660455 -8.956662540049772 104.36239685118198
      vertex 1.7558128981451542 -8.827067523629074 90.36239685118198
    endloop
  endfacet
  facet normal -0.24298017990326337 0.9700312531945442 0
    outer loop
      vertex 1.7558128981451542 -8.827067523629074 90.36239685118198
      vertex 1.7558128981451542 -8.827067523629074 104.36239685118198
      vertex 2.612562095290161 -8.61246302158988 90.36239685118198
    endloop
  endfacet
  facet normal 0.24298017990326495 -0.9700312531945438 0
    outer loop
      vertex 2.1947661226814428 -11.033834404536343 90.36239685118198
      vertex 3.265702619112701 -10.765578776987349 90.36239685118198
      vertex 3.265702619112701 -10.765578776987349 104.36239685118198
    endloop
  endfacet
  facet normal 0.33688985339221944 -0.9415440651830209 0
    outer loop
      vertex 3.265702619112701 -10.765578776987349 90.36239685118198
      vertex 4.30518861410726 -10.393644740751975 90.36239685118198
      vertex 4.30518861410726 -10.393644740751975 104.36239685118198
    endloop
  endfacet
  facet normal -0.3368898533922211 0.9415440651830204 0
    outer loop
      vertex 2.612562095290161 -8.61246302158988 90.36239685118198
      vertex 2.612562095290161 -8.61246302158988 104.36239685118198
      vertex 3.444150891285808 -8.31491579260158 90.36239685118198
    endloop
  endfacet
  facet normal 0.4275550934302824 -0.9039892931234431 0
    outer loop
      vertex 4.30518861410726 -10.393644740751975 90.36239685118198
      vertex 5.303213289292473 -9.921614223918994 90.36239685118198
      vertex 5.303213289292473 -9.921614223918994 104.36239685118198
    endloop
  endfacet
  facet normal -0.42755509343028136 0.9039892931234437 0
    outer loop
      vertex 3.444150891285808 -8.31491579260158 90.36239685118198
      vertex 3.444150891285808 -8.31491579260158 104.36239685118198
      vertex 4.242570631433979 -7.937291379135195 90.36239685118198
    endloop
  endfacet
  facet normal -0.42755509343028136 0.9039892931234437 0
    outer loop
      vertex 4.242570631433979 -7.937291379135195 90.36239685118198
      vertex 4.109984392328481 -8 101.36239684787893
      vertex 4.242570631433979 -7.937291379135195 101.36239684787893
    endloop
  endfacet
  facet normal -0.5141027441932221 0.8577286100002718 0
    outer loop
      vertex 4.242570631433979 -7.937291379135195 90.36239685118198
      vertex 4.242570631433979 -7.937291379135195 101.36239684787893
      vertex 5.00013209717642 -7.483226510722907 101.36239684787893
    endloop
  endfacet
  facet normal -0.5956993044924327 0.8032075314806454 0
    outer loop
      vertex 5.00013209717642 -7.483226510722907 90.36239685118198
      vertex 5.00013209717642 -7.483226510722907 101.36239684787893
      vertex 5.70953955747281 -6.957094080264633 101.36239684787893
    endloop
  endfacet
  facet normal -0.6715589548470177 0.7409511253549598 1.1427456205330847e-17
    outer loop
      vertex 5.70953955747281 -6.957094080264633 90.36239685118198
      vertex 6.324198155532451 -6.4 101.36239684787893
      vertex 6.3639610306789285 -6.3639610306789285 90.36239685118198
    endloop
  endfacet
  facet normal 0.6715589548470186 -0.740951125354959 9.141964964264672e-18
    outer loop
      vertex 7.136924446841012 -8.696367600330792 90.36239685118198
      vertex 7.95495128834866 -7.95495128834866 90.36239685118198
      vertex 7.9052476944155625 -8 101.36239684787893
    endloop
  endfacet
  facet normal 0.740951125354959 -0.6715589548470186 0
    outer loop
      vertex 7.95495128834866 -7.95495128834866 90.36239685118198
      vertex 8.696367600330792 -7.136924446841012 90.36239685118198
      vertex 7.95495128834866 -7.95495128834866 101.36239684787893
    endloop
  endfacet
  facet normal 0.514102744193221 -0.8577286100002725 0
    outer loop
      vertex 5.303213289292473 -9.921614223918994 90.36239685118198
      vertex 6.250165121470524 -9.354033138403635 90.36239685118198
      vertex 6.250165121470524 -9.354033138403635 104.36239685118198
    endloop
  endfacet
  facet normal 0.5956993044924329 -0.8032075314806452 0
    outer loop
      vertex 6.250165121470524 -9.354033138403635 90.36239685118198
      vertex 7.136924446841012 -8.696367600330792 90.36239685118198
      vertex 7.136924446841012 -8.696367600330792 104.36239685118198
    endloop
  endfacet
  facet normal -0.7409511253549598 0.6715589548470177 0
    outer loop
      vertex 6.3639610306789285 -6.3639610306789285 90.36239685118198
      vertex 6.3639610306789285 -6.3639610306789285 104.36239685118198
      vertex 6.957094080264633 -5.70953955747281 90.36239685118198
    endloop
  endfacet
  facet normal -0.6715589548470176 0.7409511253549599 0
    outer loop
      vertex 5.70953955747281 -6.957094080264633 90.36239685118198
      vertex 5.70953955747281 -6.957094080264633 101.36239684787893
      vertex 6.324198155532451 -6.4 101.36239684787893
    endloop
  endfacet
  facet normal 0.6715589548470179 -0.7409511253549594 0
    outer loop
      vertex 7.95495128834866 -7.95495128834866 90.36239685118198
      vertex 7.95495128834866 -7.95495128834866 101.36239684787893
      vertex 7.9052476944155625 -8 101.36239684787893
    endloop
  endfacet
  facet normal 0.8032075314806452 -0.5956993044924329 0
    outer loop
      vertex 8.696367600330792 -7.136924446841012 90.36239685118198
      vertex 9.354033138403635 -6.250165121470524 90.36239685118198
      vertex 9.354033138403635 -6.250165121470524 104.36239685118198
    endloop
  endfacet
  facet normal 0.8577286100002725 -0.514102744193221 0
    outer loop
      vertex 9.354033138403635 -6.250165121470524 90.36239685118198
      vertex 9.921614223918994 -5.303213289292473 90.36239685118198
      vertex 9.921614223918994 -5.303213289292473 104.36239685118198
    endloop
  endfacet
  facet normal 0.740951125354959 -0.6715589548470186 0
    outer loop
      vertex 8.696367600330792 -7.136924446841012 90.36239685118198
      vertex 8.696367600330792 -7.136924446841012 101.36239684787893
      vertex 7.95495128834866 -7.95495128834866 101.36239684787893
    endloop
  endfacet
  facet normal 0.8032075314806454 -0.5956993044924326 0
    outer loop
      vertex 8.696367600330792 -7.136924446841012 90.36239685118198
      vertex 9 -6.727523548809667 101.36239684787893
      vertex 8.696367600330792 -7.136924446841012 101.36239684787893
    endloop
  endfacet
  facet normal -0.9039892931234437 0.4275550934302813 0
    outer loop
      vertex 7.937291379135195 -4.242570631433979 90.36239685118198
      vertex 8.31491579260158 -3.444150891285808 101.36239684787893
      vertex 8.31491579260158 -3.444150891285808 90.36239685118198
    endloop
  endfacet
  facet normal -0.9415440651830204 0.33688985339222116 4.856668887265607e-17
    outer loop
      vertex 8.31491579260158 -3.444150891285808 90.36239685118198
      vertex 8.545396666893494 -2.8 101.36239684787893
      vertex 8.61246302158988 -2.612562095290161 90.36239685118198
    endloop
  endfacet
  facet normal -0.9987954562051724 0.04906767432741834 0
    outer loop
      vertex 8.956662540049772 -0.8821542629660455 90.36239685118198
      vertex 9 0 101.36239684787893
      vertex 9 0 90.36239685118198
    endloop
  endfacet
  facet normal -0.8032075314806454 0.5956993044924326 0
    outer loop
      vertex 6.957094080264633 -5.70953955747281 90.36239685118198
      vertex 6.957094080264633 -5.70953955747281 104.36239685118198
      vertex 7.483226510722907 -5.00013209717642 90.36239685118198
    endloop
  endfacet
  facet normal -0.8577286100002718 0.5141027441932222 0
    outer loop
      vertex 7.483226510722907 -5.00013209717642 90.36239685118198
      vertex 7.483226510722907 -5.00013209717642 104.36239685118198
      vertex 7.937291379135195 -4.242570631433979 90.36239685118198
    endloop
  endfacet
  facet normal -0.8577286100002716 0.5141027441932224 0
    outer loop
      vertex 7.937291379135195 -4.242570631433979 90.36239685118198
      vertex 7.842931846932612 -4.3999999999999995 101.36239684787893
      vertex 7.937291379135195 -4.242570631433979 101.36239684787893
    endloop
  endfacet
  facet normal -0.9039892931234437 0.4275550934302813 0
    outer loop
      vertex 7.937291379135195 -4.242570631433979 90.36239685118198
      vertex 7.937291379135195 -4.242570631433979 101.36239684787893
      vertex 8.31491579260158 -3.444150891285808 101.36239684787893
    endloop
  endfacet
  facet normal 0.9039892931234431 -0.4275550934302824 0
    outer loop
      vertex 9.921614223918994 -5.303213289292473 90.36239685118198
      vertex 10.393644740751975 -4.30518861410726 90.36239685118198
      vertex 10.393644740751975 -4.30518861410726 104.36239685118198
    endloop
  endfacet
  facet normal 0.9415440651830209 -0.33688985339221944 0
    outer loop
      vertex 10.393644740751975 -4.30518861410726 90.36239685118198
      vertex 10.765578776987349 -3.265702619112701 90.36239685118198
      vertex 10.765578776987349 -3.265702619112701 104.36239685118198
    endloop
  endfacet
  facet normal -0.9415440651830201 0.3368898533922219 0
    outer loop
      vertex 8.31491579260158 -3.444150891285808 90.36239685118198
      vertex 8.31491579260158 -3.444150891285808 101.36239684787893
      vertex 8.545396666893494 -2.8 101.36239684787893
    endloop
  endfacet
  facet normal -0.9700312531945442 0.24298017990326337 0
    outer loop
      vertex 8.61246302158988 -2.612562095290161 90.36239685118198
      vertex 8.61246302158988 -2.612562095290161 104.36239685118198
      vertex 8.827067523629074 -1.7558128981451542 90.36239685118198
    endloop
  endfacet
  facet normal -0.989176509964781 0.14673047445536166 0
    outer loop
      vertex 8.827067523629074 -1.7558128981451542 90.36239685118198
      vertex 8.827067523629074 -1.7558128981451542 104.36239685118198
      vertex 8.956662540049772 -0.8821542629660455 90.36239685118198
    endloop
  endfacet
  facet normal 0.9700312531945438 -0.24298017990326495 0
    outer loop
      vertex 10.765578776987349 -3.265702619112701 90.36239685118198
      vertex 11.033834404536343 -2.1947661226814428 90.36239685118198
      vertex 11.033834404536343 -2.1947661226814428 104.36239685118198
    endloop
  endfacet
  facet normal -0.9987954562051724 0.04906767432741822 8.958504958803965e-18
    outer loop
      vertex 8.956662540049772 -0.8821542629660455 90.36239685118198
      vertex 8.960698520184426 -0.8 101.36239684787893
      vertex 9 0 101.36239684787893
    endloop
  endfacet
  facet normal -0.04906767432741833 0.9987954562051723 0
    outer loop
      vertex 0.8821542629660455 -8.956662540049772 90.36239685118198
      vertex 0 -9 104.36239685118198
      vertex 0.8821542629660455 -8.956662540049772 104.36239685118198
    endloop
  endfacet
  facet normal 0.24298017990326495 -0.9700312531945438 0
    outer loop
      vertex 2.1947661226814428 -11.033834404536343 90.36239685118198
      vertex 3.265702619112701 -10.765578776987349 104.36239685118198
      vertex 2.1947661226814428 -11.033834404536343 104.36239685118198
    endloop
  endfacet
  facet normal -0.14673047445536166 0.989176509964781 0
    outer loop
      vertex 1.7558128981451542 -8.827067523629074 90.36239685118198
      vertex 0.8821542629660455 -8.956662540049772 104.36239685118198
      vertex 1.7558128981451542 -8.827067523629074 104.36239685118198
    endloop
  endfacet
  facet normal -0.24298017990326337 0.9700312531945442 0
    outer loop
      vertex 2.612562095290161 -8.61246302158988 90.36239685118198
      vertex 1.7558128981451542 -8.827067523629074 104.36239685118198
      vertex 2.612562095290161 -8.61246302158988 104.36239685118198
    endloop
  endfacet
  facet normal 0.33688985339221944 -0.9415440651830209 0
    outer loop
      vertex 3.265702619112701 -10.765578776987349 90.36239685118198
      vertex 4.30518861410726 -10.393644740751975 104.36239685118198
      vertex 3.265702619112701 -10.765578776987349 104.36239685118198
    endloop
  endfacet
  facet normal -0.3368898533922211 0.9415440651830204 0
    outer loop
      vertex 3.444150891285808 -8.31491579260158 90.36239685118198
      vertex 2.612562095290161 -8.61246302158988 104.36239685118198
      vertex 3.444150891285808 -8.31491579260158 104.36239685118198
    endloop
  endfacet
  facet normal 0.4275550934302824 -0.9039892931234431 0
    outer loop
      vertex 4.30518861410726 -10.393644740751975 90.36239685118198
      vertex 5.303213289292473 -9.921614223918994 104.36239685118198
      vertex 4.30518861410726 -10.393644740751975 104.36239685118198
    endloop
  endfacet
  facet normal -0.4275550934302813 0.9039892931234437 9.05618637080241e-19
    outer loop
      vertex 4.242570631433979 -7.937291379135195 90.36239685118198
      vertex 3.444150891285808 -8.31491579260158 104.36239685118198
      vertex 4.109984392328481 -8 101.36239684787893
    endloop
  endfacet
  facet normal 0 0 1
    outer loop
      vertex 0 -11.25 104.36239685118198
      vertex 1.1026928287075568 -11.195828175062216 104.36239685118198
      vertex 0.8821542629660455 -8.956662540049772 104.36239685118198
    endloop
  endfacet
  facet normal 0 0 1
    outer loop
      vertex 0 -11.25 104.36239685118198
      vertex 0.8821542629660455 -8.956662540049772 104.36239685118198
      vertex 0 -9 104.36239685118198
    endloop
  endfacet
  facet normal 0 0 1
    outer loop
      vertex 1.1026928287075568 -11.195828175062216 104.36239685118198
      vertex 1.7558128981451542 -8.827067523629074 104.36239685118198
      vertex 0.8821542629660455 -8.956662540049772 104.36239685118198
    endloop
  endfacet
  facet normal 0 0 1
    outer loop
      vertex 1.1026928287075568 -11.195828175062216 104.36239685118198
      vertex 2.1947661226814428 -11.033834404536343 104.36239685118198
      vertex 1.7558128981451542 -8.827067523629074 104.36239685118198
    endloop
  endfacet
  facet normal 0 0 1
    outer loop
      vertex 2.1947661226814428 -11.033834404536343 104.36239685118198
      vertex 3.265702619112701 -10.765578776987349 104.36239685118198
      vertex 2.612562095290161 -8.61246302158988 104.36239685118198
    endloop
  endfacet
  facet normal 0 0 1
    outer loop
      vertex 2.1947661226814428 -11.033834404536343 104.36239685118198
      vertex 2.612562095290161 -8.61246302158988 104.36239685118198
      vertex 1.7558128981451542 -8.827067523629074 104.36239685118198
    endloop
  endfacet
  facet normal 0 0 1
    outer loop
      vertex 3.265702619112701 -10.765578776987349 104.36239685118198
      vertex 4.30518861410726 -10.393644740751975 104.36239685118198
      vertex 3.444150891285808 -8.31491579260158 104.36239685118198
    endloop
  endfacet
  facet normal 0 0 1
    outer loop
      vertex 2.612562095290161 -8.61246302158988 104.36239685118198
      vertex 3.265702619112701 -10.765578776987349 104.36239685118198
      vertex 3.444150891285808 -8.31491579260158 104.36239685118198
    endloop
  endfacet
  facet normal 0 0 1
    outer loop
      vertex 3.444150891285808 -8.31491579260158 104.36239685118198
      vertex 4.30518861410726 -10.393644740751975 104.36239685118198
      vertex 4.242570631433979 -7.937291379135195 104.36239685118198
    endloop
  endfacet
  facet normal 0 0 1
    outer loop
      vertex 4.30518861410726 -10.393644740751975 104.36239685118198
      vertex 5.303213289292473 -9.921614223918994 104.36239685118198
      vertex 4.242570631433979 -7.937291379135195 104.36239685118198
    endloop
  endfacet
  facet normal 0 0 1
    outer loop
      vertex 5.303213289292473 -9.921614223918994 104.36239685118198
      vertex 5.00013209717642 -7.483226510722907 104.36239685118198
      vertex 4.242570631433979 -7.937291379135195 104.36239685118198
    endloop
  endfacet
  facet normal -0.4275550934302813 0.9039892931234437 0
    outer loop
      vertex 3.444150891285808 -8.31491579260158 104.36239685118198
      vertex 4.109984392328481 -8 103.36239684787893
      vertex 4.109984392328481 -8 101.36239684787893
    endloop
  endfacet
  facet normal -0.4275550934302813 0.9039892931234437 0
    outer loop
      vertex 3.444150891285808 -8.31491579260158 104.36239685118198
      vertex 4.242570631433979 -7.937291379135195 104.36239685118198
      vertex 4.109984392328481 -8 103.36239684787893
    endloop
  endfacet
  facet normal -0.42755509343028136 0.9039892931234437 0
    outer loop
      vertex 4.242570631433979 -7.937291379135195 104.36239685118198
      vertex 4.242570631433979 -7.937291379135195 103.36239684787893
      vertex 4.109984392328481 -8 103.36239684787893
    endloop
  endfacet
  facet normal -0.5141027441932222 0.8577286100002718 0
    outer loop
      vertex 5.00013209717642 -7.483226510722907 104.36239685118198
      vertex 5.00013209717642 -7.483226510722907 103.36239684787893
      vertex 4.242570631433979 -7.937291379135195 103.36239684787893
    endloop
  endfacet
  facet normal -0.5141027441932222 0.8577286100002718 0
    outer loop
      vertex 4.242570631433979 -7.937291379135195 104.36239685118198
      vertex 5.00013209717642 -7.483226510722907 104.36239685118198
      vertex 4.242570631433979 -7.937291379135195 103.36239684787893
    endloop
  endfacet
  facet normal -0.5956993044924327 0.8032075314806454 0
    outer loop
      vertex 5.70953955747281 -6.957094080264633 104.36239685118198
      vertex 5.70953955747281 -6.957094080264633 103.36239684787893
      vertex 5.00013209717642 -7.483226510722907 103.36239684787893
    endloop
  endfacet
  facet normal -0.5956993044924327 0.8032075314806454 0
    outer loop
      vertex 5.00013209717642 -7.483226510722907 104.36239685118198
      vertex 5.70953955747281 -6.957094080264633 104.36239685118198
      vertex 5.00013209717642 -7.483226510722907 103.36239684787893
    endloop
  endfacet
  facet normal 0.6715589548470186 -0.7409511253549589 0
    outer loop
      vertex 7.136924446841012 -8.696367600330792 90.36239685118198
      vertex 7.9052476944155625 -8 101.36239684787893
      vertex 7.9052476944155625 -8 103.36239684787893
    endloop
  endfacet
  facet normal 0.514102744193221 -0.8577286100002725 0
    outer loop
      vertex 5.303213289292473 -9.921614223918994 90.36239685118198
      vertex 6.250165121470524 -9.354033138403635 104.36239685118198
      vertex 5.303213289292473 -9.921614223918994 104.36239685118198
    endloop
  endfacet
  facet normal 0.5956993044924329 -0.8032075314806452 0
    outer loop
      vertex 6.250165121470524 -9.354033138403635 90.36239685118198
      vertex 7.136924446841012 -8.696367600330792 104.36239685118198
      vertex 6.250165121470524 -9.354033138403635 104.36239685118198
    endloop
  endfacet
  facet normal 0.6715589548470186 -0.740951125354959 0
    outer loop
      vertex 7.136924446841012 -8.696367600330792 90.36239685118198
      vertex 7.95495128834866 -7.95495128834866 104.36239685118198
      vertex 7.136924446841012 -8.696367600330792 104.36239685118198
    endloop
  endfacet
  facet normal -0.6715589548470196 0.7409511253549582 0
    outer loop
      vertex 6.3639610306789285 -6.3639610306789285 90.36239685118198
      vertex 6.324198155532451 -6.4 101.36239684787893
      vertex 6.324198155532451 -6.4 103.36239684787893
    endloop
  endfacet
  facet normal -0.6715589548470194 0.7409511253549581 0
    outer loop
      vertex 6.3639610306789285 -6.3639610306789285 90.36239685118198
      vertex 6.324198155532451 -6.4 103.36239684787893
      vertex 6.3639610306789285 -6.3639610306789285 104.36239685118198
    endloop
  endfacet
  facet normal 0.6715589548470239 -0.7409511253549541 -6.733052618528117e-16
    outer loop
      vertex 7.136924446841012 -8.696367600330792 90.36239685118198
      vertex 7.9052476944155625 -8 103.36239684787893
      vertex 7.95495128834866 -7.95495128834866 104.36239685118198
    endloop
  endfacet
  facet normal -0.7409511253549598 0.6715589548470177 0
    outer loop
      vertex 6.957094080264633 -5.70953955747281 90.36239685118198
      vertex 6.3639610306789285 -6.3639610306789285 104.36239685118198
      vertex 6.957094080264633 -5.70953955747281 104.36239685118198
    endloop
  endfacet
  facet normal 0.8032075314806448 -0.5956993044924335 4.4334930628391847e-17
    outer loop
      vertex 8.696367600330792 -7.136924446841012 90.36239685118198
      vertex 9.354033138403635 -6.250165121470524 104.36239685118198
      vertex 9 -6.727523548809667 101.36239684787893
    endloop
  endfacet
  facet normal 0.8577286100002725 -0.514102744193221 0
    outer loop
      vertex 9.354033138403635 -6.250165121470524 90.36239685118198
      vertex 9.921614223918994 -5.303213289292473 104.36239685118198
      vertex 9.354033138403635 -6.250165121470524 104.36239685118198
    endloop
  endfacet
  facet normal 0 0 1
    outer loop
      vertex 5.303213289292473 -9.921614223918994 104.36239685118198
      vertex 6.250165121470524 -9.354033138403635 104.36239685118198
      vertex 5.00013209717642 -7.483226510722907 104.36239685118198
    endloop
  endfacet
  facet normal 0 0 1
    outer loop
      vertex 6.250165121470524 -9.354033138403635 104.36239685118198
      vertex 7.136924446841012 -8.696367600330792 104.36239685118198
      vertex 5.70953955747281 -6.957094080264633 104.36239685118198
    endloop
  endfacet
  facet normal 0 0 1
    outer loop
      vertex 5.00013209717642 -7.483226510722907 104.36239685118198
      vertex 6.250165121470524 -9.354033138403635 104.36239685118198
      vertex 5.70953955747281 -6.957094080264633 104.36239685118198
    endloop
  endfacet
  facet normal 0 0 1
    outer loop
      vertex 7.136924446841012 -8.696367600330792 104.36239685118198
      vertex 6.3639610306789285 -6.3639610306789285 104.36239685118198
      vertex 5.70953955747281 -6.957094080264633 104.36239685118198
    endloop
  endfacet
  facet normal -0.6715589548470176 0.7409511253549598 0
    outer loop
      vertex 5.70953955747281 -6.957094080264633 104.36239685118198
      vertex 6.324198155532451 -6.4 103.36239684787893
      vertex 5.70953955747281 -6.957094080264633 103.36239684787893
    endloop
  endfacet
  facet normal -0.6715589548470177 0.7409511253549598 -1.2570201780569278e-16
    outer loop
      vertex 5.70953955747281 -6.957094080264633 104.36239685118198
      vertex 6.3639610306789285 -6.3639610306789285 104.36239685118198
      vertex 6.324198155532451 -6.4 103.36239684787893
    endloop
  endfacet
  facet normal 0 0 1
    outer loop
      vertex 7.136924446841012 -8.696367600330792 104.36239685118198
      vertex 7.95495128834866 -7.95495128834866 104.36239685118198
      vertex 6.3639610306789285 -6.3639610306789285 104.36239685118198
    endloop
  endfacet
  facet normal 0.671558954847018 -0.7409511253549593 0
    outer loop
      vertex 7.95495128834866 -7.95495128834866 104.36239685118198
      vertex 7.9052476944155625 -8 103.36239684787893
      vertex 7.95495128834866 -7.95495128834866 103.36239684787893
    endloop
  endfacet
  facet normal 0.740951125354959 -0.6715589548470184 0
    outer loop
      vertex 7.95495128834866 -7.95495128834866 104.36239685118198
      vertex 7.95495128834866 -7.95495128834866 103.36239684787893
      vertex 8.696367600330792 -7.136924446841012 103.36239684787893
    endloop
  endfacet
  facet normal 0 0 1
    outer loop
      vertex 7.95495128834866 -7.95495128834866 104.36239685118198
      vertex 8.696367600330792 -7.136924446841012 104.36239685118198
      vertex 6.957094080264633 -5.70953955747281 104.36239685118198
    endloop
  endfacet
  facet normal 0 0 1
    outer loop
      vertex 6.3639610306789285 -6.3639610306789285 104.36239685118198
      vertex 7.95495128834866 -7.95495128834866 104.36239685118198
      vertex 6.957094080264633 -5.70953955747281 104.36239685118198
    endloop
  endfacet
  facet normal 0 0 1
    outer loop
      vertex 6.957094080264633 -5.70953955747281 104.36239685118198
      vertex 8.696367600330792 -7.136924446841012 104.36239685118198
      vertex 7.483226510722907 -5.00013209717642 104.36239685118198
    endloop
  endfacet
  facet normal 0.8032075314806454 -0.5956993044924325 0
    outer loop
      vertex 8.696367600330792 -7.136924446841012 104.36239685118198
      vertex 8.696367600330792 -7.136924446841012 103.36239684787893
      vertex 9 -6.727523548809667 103.36239684787893
    endloop
  endfacet
  facet normal 0.740951125354959 -0.6715589548470184 0
    outer loop
      vertex 7.95495128834866 -7.95495128834866 104.36239685118198
      vertex 8.696367600330792 -7.136924446841012 103.36239684787893
      vertex 8.696367600330792 -7.136924446841012 104.36239685118198
    endloop
  endfacet
  facet normal 0.803207531480645 -0.5956993044924332 0
    outer loop
      vertex 9.354033138403635 -6.250165121470524 104.36239685118198
      vertex 9 -6.727523548809667 103.36239684787893
      vertex 9 -6.727523548809667 101.36239684787893
    endloop
  endfacet
  facet normal 0 0 1
    outer loop
      vertex 8.696367600330792 -7.136924446841012 104.36239685118198
      vertex 9.354033138403635 -6.250165121470524 104.36239685118198
      vertex 7.483226510722907 -5.00013209717642 104.36239685118198
    endloop
  endfacet
  facet normal 0.8032075314806453 -0.595699304492433 -2.0112322848910843e-16
    outer loop
      vertex 8.696367600330792 -7.136924446841012 104.36239685118198
      vertex 9 -6.727523548809667 103.36239684787893
      vertex 9.354033138403635 -6.250165121470524 104.36239685118198
    endloop
  endfacet
  facet normal -0.8577286100002718 0.514102744193222 -7.76835064647221e-18
    outer loop
      vertex 7.937291379135195 -4.242570631433979 90.36239685118198
      vertex 7.483226510722907 -5.00013209717642 104.36239685118198
      vertex 7.842931846932612 -4.3999999999999995 101.36239684787893
    endloop
  endfacet
  facet normal -0.8032075314806454 0.5956993044924326 0
    outer loop
      vertex 7.483226510722907 -5.00013209717642 90.36239685118198
      vertex 6.957094080264633 -5.70953955747281 104.36239685118198
      vertex 7.483226510722907 -5.00013209717642 104.36239685118198
    endloop
  endfacet
  facet normal 0.9039892931234431 -0.4275550934302824 0
    outer loop
      vertex 9.921614223918994 -5.303213289292473 90.36239685118198
      vertex 10.393644740751975 -4.30518861410726 104.36239685118198
      vertex 9.921614223918994 -5.303213289292473 104.36239685118198
    endloop
  endfacet
  facet normal 0.9415440651830209 -0.33688985339221944 0
    outer loop
      vertex 10.393644740751975 -4.30518861410726 90.36239685118198
      vertex 10.765578776987349 -3.265702619112701 104.36239685118198
      vertex 10.393644740751975 -4.30518861410726 104.36239685118198
    endloop
  endfacet
  facet normal 0.9700312531945438 -0.24298017990326495 0
    outer loop
      vertex 10.765578776987349 -3.265702619112701 90.36239685118198
      vertex 11.033834404536343 -2.1947661226814428 104.36239685118198
      vertex 10.765578776987349 -3.265702619112701 104.36239685118198
    endloop
  endfacet
  facet normal -0.9415440651830213 0.33688985339221866 0
    outer loop
      vertex 8.61246302158988 -2.612562095290161 90.36239685118198
      vertex 8.545396666893494 -2.8 101.36239684787893
      vertex 8.545396666893494 -2.8 103.36239684787893
    endloop
  endfacet
  facet normal -0.9415440651830213 0.33688985339221866 0
    outer loop
      vertex 8.61246302158988 -2.612562095290161 90.36239685118198
      vertex 8.545396666893494 -2.8 103.36239684787893
      vertex 8.61246302158988 -2.612562095290161 104.36239685118198
    endloop
  endfacet
  facet normal -0.9987954562051723 0.04906767432741942 0
    outer loop
      vertex 8.956662540049772 -0.8821542629660455 90.36239685118198
      vertex 8.956662540049772 -0.8821542629660455 104.36239685118198
      vertex 8.960698520184426 -0.8 101.36239684787893
    endloop
  endfacet
  facet normal -0.9700312531945442 0.24298017990326337 0
    outer loop
      vertex 8.827067523629074 -1.7558128981451542 90.36239685118198
      vertex 8.61246302158988 -2.612562095290161 104.36239685118198
      vertex 8.827067523629074 -1.7558128981451542 104.36239685118198
    endloop
  endfacet
  facet normal -0.989176509964781 0.14673047445536166 0
    outer loop
      vertex 8.956662540049772 -0.8821542629660455 90.36239685118198
      vertex 8.827067523629074 -1.7558128981451542 104.36239685118198
      vertex 8.956662540049772 -0.8821542629660455 104.36239685118198
    endloop
  endfacet
  facet normal -0.8577286100002718 0.5141027441932221 0
    outer loop
      vertex 7.483226510722907 -5.00013209717642 104.36239685118198
      vertex 7.842931846932612 -4.3999999999999995 103.36239684787893
      vertex 7.842931846932612 -4.3999999999999995 101.36239684787893
    endloop
  endfacet
  facet normal -0.8577286100002717 0.5141027441932224 0
    outer loop
      vertex 7.937291379135195 -4.242570631433979 104.36239685118198
      vertex 7.937291379135195 -4.242570631433979 103.36239684787893
      vertex 7.842931846932612 -4.3999999999999995 103.36239684787893
    endloop
  endfacet
  facet normal -0.8577286100002718 0.5141027441932222 0
    outer loop
      vertex 7.483226510722907 -5.00013209717642 104.36239685118198
      vertex 7.937291379135195 -4.242570631433979 104.36239685118198
      vertex 7.842931846932612 -4.3999999999999995 103.36239684787893
    endloop
  endfacet
  facet normal -0.9039892931234437 0.4275550934302813 0
    outer loop
      vertex 8.31491579260158 -3.444150891285808 104.36239685118198
      vertex 8.31491579260158 -3.444150891285808 103.36239684787893
      vertex 7.937291379135195 -4.242570631433979 103.36239684787893
    endloop
  endfacet
  facet normal -0.9039892931234437 0.4275550934302813 0
    outer loop
      vertex 7.937291379135195 -4.242570631433979 104.36239685118198
      vertex 8.31491579260158 -3.444150891285808 104.36239685118198
      vertex 7.937291379135195 -4.242570631433979 103.36239684787893
    endloop
  endfacet
  facet normal 0 0 1
    outer loop
      vertex 9.354033138403635 -6.250165121470524 104.36239685118198
      vertex 7.937291379135195 -4.242570631433979 104.36239685118198
      vertex 7.483226510722907 -5.00013209717642 104.36239685118198
    endloop
  endfacet
  facet normal 0 0 1
    outer loop
      vertex 7.937291379135195 -4.242570631433979 104.36239685118198
      vertex 9.921614223918994 -5.303213289292473 104.36239685118198
      vertex 8.31491579260158 -3.444150891285808 104.36239685118198
    endloop
  endfacet
  facet normal 0 0 1
    outer loop
      vertex 9.354033138403635 -6.250165121470524 104.36239685118198
      vertex 9.921614223918994 -5.303213289292473 104.36239685118198
      vertex 7.937291379135195 -4.242570631433979 104.36239685118198
    endloop
  endfacet
  facet normal 0 0 1
    outer loop
      vertex 8.31491579260158 -3.444150891285808 104.36239685118198
      vertex 9.921614223918994 -5.303213289292473 104.36239685118198
      vertex 10.393644740751975 -4.30518861410726 104.36239685118198
    endloop
  endfacet
  facet normal -0.94154406518302 0.3368898533922218 0
    outer loop
      vertex 8.31491579260158 -3.444150891285808 104.36239685118198
      vertex 8.545396666893494 -2.8 103.36239684787893
      vertex 8.31491579260158 -3.444150891285808 103.36239684787893
    endloop
  endfacet
  facet normal -0.9415440651830205 0.33688985339222116 -5.342335756741941e-16
    outer loop
      vertex 8.31491579260158 -3.444150891285808 104.36239685118198
      vertex 8.61246302158988 -2.612562095290161 104.36239685118198
      vertex 8.545396666893494 -2.8 103.36239684787893
    endloop
  endfacet
  facet normal 0 0 1
    outer loop
      vertex 8.31491579260158 -3.444150891285808 104.36239685118198
      vertex 10.393644740751975 -4.30518861410726 104.36239685118198
      vertex 8.61246302158988 -2.612562095290161 104.36239685118198
    endloop
  endfacet
  facet normal 0 0 1
    outer loop
      vertex 10.393644740751975 -4.30518861410726 104.36239685118198
      vertex 10.765578776987349 -3.265702619112701 104.36239685118198
      vertex 8.61246302158988 -2.612562095290161 104.36239685118198
    endloop
  endfacet
  facet normal 0 0 1
    outer loop
      vertex 10.765578776987349 -3.265702619112701 104.36239685118198
      vertex 8.827067523629074 -1.7558128981451542 104.36239685118198
      vertex 8.61246302158988 -2.612562095290161 104.36239685118198
    endloop
  endfacet
  facet normal -0.9987954562051724 0.049067674327419424 0
    outer loop
      vertex 8.956662540049772 -0.8821542629660455 104.36239685118198
      vertex 8.960698520184426 -0.8 103.36239684787893
      vertex 8.960698520184426 -0.8 101.36239684787893
    endloop
  endfacet
  facet normal -0.9987954562051723 0.04906767432741821 0
    outer loop
      vertex 9 0 104.36239685118198
      vertex 9 0 103.36239684787893
      vertex 8.960698520184426 -0.8 103.36239684787893
    endloop
  endfacet
  facet normal -0.9987954562051724 0.04906767432741833 -8.93662782837347e-17
    outer loop
      vertex 8.956662540049772 -0.8821542629660455 104.36239685118198
      vertex 9 0 104.36239685118198
      vertex 8.960698520184426 -0.8 103.36239684787893
    endloop
  endfacet
  facet normal 0 0 1
    outer loop
      vertex 10.765578776987349 -3.265702619112701 104.36239685118198
      vertex 11.033834404536343 -2.1947661226814428 104.36239685118198
      vertex 8.827067523629074 -1.7558128981451542 104.36239685118198
    endloop
  endfacet
  facet normal 0 0 1
    outer loop
      vertex 8.827067523629074 -1.7558128981451542 104.36239685118198
      vertex 11.033834404536343 -2.1947661226814428 104.36239685118198
      vertex 8.956662540049772 -0.8821542629660455 104.36239685118198
    endloop
  endfacet
  facet normal 0 0 1
    outer loop
      vertex 8.956662540049772 -0.8821542629660455 104.36239685118198
      vertex 11.033834404536343 -2.1947661226814428 104.36239685118198
      vertex 11.195828175062216 -1.1026928287075568 104.36239685118198
    endloop
  endfacet
  facet normal 0 0 1
    outer loop
      vertex 8.956662540049772 -0.8821542629660455 104.36239685118198
      vertex 11.195828175062216 -1.1026928287075568 104.36239685118198
      vertex 9 0 104.36239685118198
    endloop
  endfacet
  facet normal 0 0 1
    outer loop
      vertex 11.195828175062216 -1.1026928287075568 104.36239685118198
      vertex 11.25 0 104.36239685118198
      vertex 9 0 104.36239685118198
    endloop
  endfacet
  facet normal 0.9891765099647809 -0.14673047445536244 0
    outer loop
      vertex 11.033834404536343 -2.1947661226814428 90.36239685118198
      vertex 11.195828175062216 -1.1026928287075568 90.36239685118198
      vertex 11.195828175062216 -1.1026928287075568 104.36239685118198
    endloop
  endfacet
  facet normal 0.9987954562051724 -0.049067674327417134 0
    outer loop
      vertex 11.195828175062216 -1.1026928287075568 90.36239685118198
      vertex 11.25 0 90.36239685118198
      vertex 11.25 0 104.36239685118198
    endloop
  endfacet
  facet normal 0.9891765099647809 -0.14673047445536244 0
    outer loop
      vertex 11.033834404536343 -2.1947661226814428 90.36239685118198
      vertex 11.195828175062216 -1.1026928287075568 104.36239685118198
      vertex 11.033834404536343 -2.1947661226814428 104.36239685118198
    endloop
  endfacet
  facet normal 0.9987954562051724 -0.049067674327417134 0
    outer loop
      vertex 11.195828175062216 -1.1026928287075568 90.36239685118198
      vertex 11.25 0 104.36239685118198
      vertex 11.195828175062216 -1.1026928287075568 104.36239685118198
    endloop
  endfacet
  facet normal -0.5147000753084013 -0.5678840216000369 -0.6423329125063536
    outer loop
      vertex 50.61726069242504 61.67731060932561 6
      vertex 56.41895835623052 56.41895835623052 6
      vertex 6.3639610306789285 6.3639610306789285 90.36239685118198
    endloop
  endfacet
  facet normal -0.5678840216000369 -0.5147000753084013 -0.6423329125063536
    outer loop
      vertex 61.67731060932561 50.61726069242504 6
      vertex 6.957094080264633 5.70953955747281 90.36239685118198
      vertex 56.41895835623052 56.41895835623052 6
    endloop
  endfacet
  facet normal 0.5178554281793092 0.5713654170065263 0.6366846281748781
    outer loop
      vertex 51.378532630585454 62.60492314990527 6
      vertex 7.136924446841012 8.696367600330792 90.36239685118198
      vertex 57.26748649049336 57.26748649049336 6
    endloop
  endfacet
  facet normal 0.5713654170065262 0.5178554281793091 0.636684628174878
    outer loop
      vertex 62.60492314990527 51.378532630585454 6
      vertex 57.26748649049336 57.26748649049336 6
      vertex 7.95495128834866 7.95495128834866 90.36239685118198
    endloop
  endfacet
  facet normal -0.049067674327417925 -0.9987954562051724 0
    outer loop
      vertex 0 79.78845608234406 0
      vertex 7.820636296502101 79.40425285790415 0
      vertex 7.820636296502101 79.40425285790415 6
    endloop
  endfacet
  facet normal -0.049067674327417925 -0.9987954562051724 0
    outer loop
      vertex 0 79.78845608234406 0
      vertex 7.820636296502101 79.40425285790415 6
      vertex 0 79.78845608234406 6
    endloop
  endfacet
  facet normal 0 0 -1
    outer loop
      vertex 0 79.78845608234406 0
      vertex 0 87.78845608234406 0
      vertex 7.820636296502101 79.40425285790415 0
    endloop
  endfacet
  facet normal 0 0 -1
    outer loop
      vertex 0 87.78845608234406 0
      vertex 8.604773419138585 87.36573067128174 0
      vertex 7.820636296502101 79.40425285790415 0
    endloop
  endfacet
  facet normal 0.03248623092070248 0.6612724217642325 0.7494420784921498
    outer loop
      vertex 0 80.9884560778737 6
      vertex 8.604773419138585 87.36573067128174 0
      vertex 0 87.78845608234406 0
    endloop
  endfacet
  facet normal 0 0 -1
    outer loop
      vertex 7.820636296502101 79.40425285790415 0
      vertex 8.604773419138585 87.36573067128174 0
      vertex 15.565955590274209 78.25534327166265 0
    endloop
  endfacet
  facet normal -0.14673047445536175 -0.9891765099647809 0
    outer loop
      vertex 7.820636296502101 79.40425285790415 0
      vertex 15.565955590274209 78.25534327166265 6
      vertex 7.820636296502101 79.40425285790415 6
    endloop
  endfacet
  facet normal 0.032486230920703275 0.6612724217642318 0.7494420784921504
    outer loop
      vertex 0 80.9884560778737 6
      vertex 7.938256864459403 80.59847452546197 6
      vertex 8.604773419138585 87.36573067128174 0
    endloop
  endfacet
  facet normal -0.14673047445536175 -0.9891765099647809 0
    outer loop
      vertex 7.820636296502101 79.40425285790415 0
      vertex 15.565955590274209 78.25534327166265 0
      vertex 15.565955590274209 78.25534327166265 6
    endloop
  endfacet
  facet normal 0.09714583259956264 0.6549040068543668 0.7494420784921497
    outer loop
      vertex 7.938256864459403 80.59847452546197 6
      vertex 15.800063975821441 79.43228560376208 6
      vertex 17.126678166403234 86.1016255148885 0
    endloop
  endfacet
  facet normal 0.0971458325995637 0.6549040068543657 0.7494420784921504
    outer loop
      vertex 7.938256864459403 80.59847452546197 6
      vertex 17.126678166403234 86.1016255148885 0
      vertex 8.604773419138585 87.36573067128174 0
    endloop
  endfacet
  facet normal 0 0 -1
    outer loop
      vertex 8.604773419138585 87.36573067128174 0
      vertex 17.126678166403234 86.1016255148885 0
      vertex 15.565955590274209 78.25534327166265 0
    endloop
  endfacet
  facet normal 0 0 -1
    outer loop
      vertex 15.565955590274209 78.25534327166265 0
      vertex 17.126678166403234 86.1016255148885 0
      vertex 23.161366222495086 76.35279195099292 0
    endloop
  endfacet
  facet normal -0.24298017990326395 -0.970031253194544 0
    outer loop
      vertex 15.565955590274209 78.25534327166265 0
      vertex 23.161366222495086 76.35279195099292 0
      vertex 23.161366222495086 76.35279195099292 6
    endloop
  endfacet
  facet normal 0 0 -1
    outer loop
      vertex 17.126678166403234 86.1016255148885 0
      vertex 25.483643640530783 84.00831463685059 0
      vertex 23.161366222495086 76.35279195099292 0
    endloop
  endfacet
  facet normal -0.24298017990326395 -0.970031253194544 0
    outer loop
      vertex 15.565955590274209 78.25534327166265 0
      vertex 23.161366222495086 76.35279195099292 6
      vertex 15.565955590274209 78.25534327166265 6
    endloop
  endfacet
  facet normal 0.16086986680517554 0.6422285083515463 0.7494420784921493
    outer loop
      vertex 15.800063975821441 79.43228560376208 6
      vertex 23.509707833902766 77.50112034959372 6
      vertex 25.483643640530783 84.00831463685059 0
    endloop
  endfacet
  facet normal 0.16086986680517593 0.6422285083515459 0.7494420784921497
    outer loop
      vertex 15.800063975821441 79.43228560376208 6
      vertex 25.483643640530783 84.00831463685059 0
      vertex 17.126678166403234 86.1016255148885 0
    endloop
  endfacet
  facet normal -0.3368898533922204 -0.9415440651830207 0
    outer loop
      vertex 23.161366222495086 76.35279195099292 0
      vertex 30.53372023670265 73.71492150515336 6
      vertex 23.161366222495086 76.35279195099292 6
    endloop
  endfacet
  facet normal -0.3368898533922204 -0.9415440651830207 0
    outer loop
      vertex 23.161366222495086 76.35279195099292 0
      vertex 30.53372023670265 73.71492150515336 0
      vertex 30.53372023670265 73.71492150515336 6
    endloop
  endfacet
  facet normal -0.42755509343028136 -0.9039892931234437 0
    outer loop
      vertex 30.53372023670265 73.71492150515336 0
      vertex 37.61201783360141 70.36713606854407 6
      vertex 30.53372023670265 73.71492150515336 6
    endloop
  endfacet
  facet normal 0 0 -1
    outer loop
      vertex 23.161366222495086 76.35279195099292 0
      vertex 25.483643640530783 84.00831463685059 0
      vertex 30.53372023670265 73.71492150515336 0
    endloop
  endfacet
  facet normal 0 0 -1
    outer loop
      vertex 30.53372023670265 73.71492150515336 0
      vertex 25.483643640530783 84.00831463685059 0
      vertex 33.595187695623366 81.10595776524366 0
    endloop
  endfacet
  facet normal 0.2230446362530379 0.623367998235486 0.7494420784921494
    outer loop
      vertex 23.509707833902766 77.50112034959372 6
      vertex 33.595187695623366 81.10595776524366 0
      vertex 25.483643640530783 84.00831463685059 0
    endloop
  endfacet
  facet normal 0.22304463625303864 0.6233679982354852 0.7494420784921498
    outer loop
      vertex 30.992940353830026 74.82357694003684 6
      vertex 33.595187695623366 81.10595776524366 0
      vertex 23.509707833902766 77.50112034959372 6
    endloop
  endfacet
  facet normal -0.42755509343028136 -0.9039892931234437 0
    outer loop
      vertex 30.53372023670265 73.71492150515336 0
      vertex 37.61201783360141 70.36713606854407 0
      vertex 37.61201783360141 70.36713606854407 6
    endloop
  endfacet
  facet normal 0 0 -1
    outer loop
      vertex 30.53372023670265 73.71492150515336 0
      vertex 33.595187695623366 81.10595776524366 0
      vertex 37.61201783360141 70.36713606854407 0
    endloop
  endfacet
  facet normal 0 0 -1
    outer loop
      vertex 37.61201783360141 70.36713606854407 0
      vertex 33.595187695623366 81.10595776524366 0
      vertex 41.38319172820939 77.42250618333091 0
    endloop
  endfacet
  facet normal 0.2830713639251849 0.5985041135288058 0.7494420784921497
    outer loop
      vertex 30.992940353830026 74.82357694003684 6
      vertex 38.1776939156853 71.4254415818196 6
      vertex 41.38319172820939 77.42250618333091 0
    endloop
  endfacet
  facet normal -0.5141027441932228 -0.8577286100002715 0
    outer loop
      vertex 37.61201783360141 70.36713606854407 0
      vertex 44.32809113794218 66.34167664500526 0
      vertex 44.32809113794218 66.34167664500526 6
    endloop
  endfacet
  facet normal -0.5141027441932228 -0.8577286100002715 0
    outer loop
      vertex 37.61201783360141 70.36713606854407 0
      vertex 44.32809113794218 66.34167664500526 6
      vertex 37.61201783360141 70.36713606854407 6
    endloop
  endfacet
  facet normal 0 0 -1
    outer loop
      vertex 37.61201783360141 70.36713606854407 0
      vertex 41.38319172820939 77.42250618333091 0
      vertex 44.32809113794218 66.34167664500526 0
    endloop
  endfacet
  facet normal 0.34037195962018385 0.567876307033215 0.7494420784921498
    outer loop
      vertex 38.1776939156853 71.4254415818196 6
      vertex 48.772653002099 72.99343354342562 0
      vertex 41.38319172820939 77.42250618333091 0
    endloop
  endfacet
  facet normal 0.28307136392518506 0.5985041135288057 0.7494420784921498
    outer loop
      vertex 30.992940353830026 74.82357694003684 6
      vertex 41.38319172820939 77.42250618333091 0
      vertex 33.595187695623366 81.10595776524366 0
    endloop
  endfacet
  facet normal 0.03783727596094139 0.7701954458406469 0.6366846281748781
    outer loop
      vertex 0 80.9884560778737 6
      vertex 0 11.25 90.36239685118198
      vertex 7.938256864459403 80.59847452546197 6
    endloop
  endfacet
  facet normal -0.037606729073076335 -0.7655025561286712 -0.6423329125063535
    outer loop
      vertex 0 79.78845608234406 6
      vertex 7.820636296502101 79.40425285790415 6
      vertex 0.8821542629660455 8.956662540049772 90.36239685118198
    endloop
  endfacet
  facet normal -0.11245801386032618 -0.7581303480468881 -0.6423329125063536
    outer loop
      vertex 7.820636296502101 79.40425285790415 6
      vertex 15.565955590274209 78.25534327166265 6
      vertex 1.7558128981451542 8.827067523629074 90.36239685118198
    endloop
  endfacet
  facet normal 0.11314743423136046 0.7627780426655432 0.636684628174878
    outer loop
      vertex 7.938256864459403 80.59847452546197 6
      vertex 1.1026928287075568 11.195828175062216 90.36239685118198
      vertex 15.800063975821441 79.43228560376208 6
    endloop
  endfacet
  facet normal -0.18622626649829738 -0.7434569302772086 -0.6423329125063536
    outer loop
      vertex 15.565955590274209 78.25534327166265 6
      vertex 23.161366222495086 76.35279195099292 6
      vertex 2.612562095290161 8.61246302158988 90.36239685118198
    endloop
  endfacet
  facet normal -0.25820105838825747 -0.7216236158540605 -0.6423329125063535
    outer loop
      vertex 23.161366222495086 76.35279195099292 6
      vertex 30.53372023670265 73.71492150515336 6
      vertex 3.444150891285808 8.31491579260158 90.36239685118198
    endloop
  endfacet
  facet normal 0.2597839519799642 0.7260475070816571 0.636684628174878
    outer loop
      vertex 30.992940353830026 74.82357694003684 6
      vertex 23.509707833902766 77.50112034959372 6
      vertex 3.265702619112701 10.765578776987349 90.36239685118198
    endloop
  endfacet
  facet normal 0.18736792085745377 0.7480146699626766 0.6366846281748781
    outer loop
      vertex 15.800063975821441 79.43228560376208 6
      vertex 2.1947661226814428 11.033834404536343 90.36239685118198
      vertex 23.509707833902766 77.50112034959372 6
    endloop
  endfacet
  facet normal -0.3276892329388815 -0.692840671530643 -0.6423329125063535
    outer loop
      vertex 30.53372023670265 73.71492150515336 6
      vertex 37.61201783360141 70.36713606854407 6
      vertex 4.242570631433979 7.937291379135195 90.36239685118198
    endloop
  endfacet
  facet normal 0.3296981216325545 0.6970881098095006 0.636684628174878
    outer loop
      vertex 30.992940353830026 74.82357694003684 6
      vertex 4.30518861410726 10.393644740751975 90.36239685118198
      vertex 38.1776939156853 71.4254415818196 6
    endloop
  endfacet
  facet normal -0.39402158104315005 -0.6573852927951472 -0.6423329125063536
    outer loop
      vertex 37.61201783360141 70.36713606854407 6
      vertex 44.32809113794218 66.34167664500526 6
      vertex 5.00013209717642 7.483226510722907 90.36239685118198
    endloop
  endfacet
  facet normal 0.39643711814249627 0.6614153729727558 0.636684628174878
    outer loop
      vertex 38.1776939156853 71.4254415818196 6
      vertex 5.303213289292473 9.921614223918994 90.36239685118198
      vertex 44.99477541508211 67.33944017605137 6
    endloop
  endfacet
  facet normal -0.456559285927864 -0.6155989343266801 -0.6423329125063536
    outer loop
      vertex 50.61726069242504 61.67731060932561 6
      vertex 5.70953955747281 6.957094080264633 90.36239685118198
      vertex 44.32809113794218 66.34167664500526 6
    endloop
  endfacet
  facet normal 0.4593582084901528 0.6193728445278616 0.6366846281748781
    outer loop
      vertex 51.378532630585454 62.60492314990527 6
      vertex 44.99477541508211 67.33944017605137 6
      vertex 6.250165121470524 9.354033138403635 90.36239685118198
    endloop
  endfacet
  facet normal -0.9987954562051724 -0.049067674327417925 0
    outer loop
      vertex 79.78845608234406 0 0
      vertex 79.78845608234406 0 6
      vertex 79.40425285790415 7.820636296502101 0
    endloop
  endfacet
  facet normal 0 0 -1
    outer loop
      vertex 79.78845608234406 0 0
      vertex 79.40425285790415 7.820636296502101 0
      vertex 87.36573067128174 8.604773419138585 0
    endloop
  endfacet
  facet normal -0.9987954562051724 -0.049067674327417925 0
    outer loop
      vertex 79.78845608234406 0 6
      vertex 79.40425285790415 7.820636296502101 6
      vertex 79.40425285790415 7.820636296502101 0
    endloop
  endfacet
  facet normal -0.9891765099647809 -0.14673047445536175 0
    outer loop
      vertex 79.40425285790415 7.820636296502101 0
      vertex 79.40425285790415 7.820636296502101 6
      vertex 78.25534327166265 15.565955590274209 0
    endloop
  endfacet
  facet normal 0 0 -1
    outer loop
      vertex 79.78845608234406 0 0
      vertex 87.36573067128174 8.604773419138585 0
      vertex 87.78845608234406 0 0
    endloop
  endfacet
  facet normal 0.6612724217642325 0.03248623092070331 0.7494420784921499
    outer loop
      vertex 80.9884560778737 0 6
      vertex 87.78845608234406 0 0
      vertex 80.59847452546197 7.938256864459403 6
    endloop
  endfacet
  facet normal 0.6612724217642318 0.03248623092070245 0.7494420784921504
    outer loop
      vertex 80.59847452546197 7.938256864459403 6
      vertex 87.78845608234406 0 0
      vertex 87.36573067128174 8.604773419138585 0
    endloop
  endfacet
  facet normal 0.6549040068543659 0.09714583259956251 0.7494420784921504
    outer loop
      vertex 80.59847452546197 7.938256864459403 6
      vertex 87.36573067128174 8.604773419138585 0
      vertex 79.43228560376208 15.800063975821441 6
    endloop
  endfacet
  facet normal 0 0 -1
    outer loop
      vertex 79.40425285790415 7.820636296502101 0
      vertex 78.25534327166265 15.565955590274209 0
      vertex 86.1016255148885 17.126678166403234 0
    endloop
  endfacet
  facet normal -0.9891765099647809 -0.14673047445536175 0
    outer loop
      vertex 79.40425285790415 7.820636296502101 6
      vertex 78.25534327166265 15.565955590274209 6
      vertex 78.25534327166265 15.565955590274209 0
    endloop
  endfacet
  facet normal -0.970031253194544 -0.24298017990326395 0
    outer loop
      vertex 78.25534327166265 15.565955590274209 0
      vertex 78.25534327166265 15.565955590274209 6
      vertex 76.35279195099292 23.161366222495086 0
    endloop
  endfacet
  facet normal 0 0 -1
    outer loop
      vertex 78.25534327166265 15.565955590274209 0
      vertex 76.35279195099292 23.161366222495086 0
      vertex 84.00831463685059 25.483643640530783 0
    endloop
  endfacet
  facet normal -0.970031253194544 -0.24298017990326395 0
    outer loop
      vertex 78.25534327166265 15.565955590274209 6
      vertex 76.35279195099292 23.161366222495086 6
      vertex 76.35279195099292 23.161366222495086 0
    endloop
  endfacet
  facet normal 0.642228508351546 0.16086986680517548 0.7494420784921497
    outer loop
      vertex 79.43228560376208 15.800063975821441 6
      vertex 86.1016255148885 17.126678166403234 0
      vertex 77.50112034959372 23.509707833902766 6
    endloop
  endfacet
  facet normal 0 0 -1
    outer loop
      vertex 79.40425285790415 7.820636296502101 0
      vertex 86.1016255148885 17.126678166403234 0
      vertex 87.36573067128174 8.604773419138585 0
    endloop
  endfacet
  facet normal 0.6549040068543666 0.09714583259956383 0.7494420784921496
    outer loop
      vertex 87.36573067128174 8.604773419138585 0
      vertex 86.1016255148885 17.126678166403234 0
      vertex 79.43228560376208 15.800063975821441 6
    endloop
  endfacet
  facet normal 0 0 -1
    outer loop
      vertex 78.25534327166265 15.565955590274209 0
      vertex 84.00831463685059 25.483643640530783 0
      vertex 86.1016255148885 17.126678166403234 0
    endloop
  endfacet
  facet normal -0.9415440651830207 -0.3368898533922204 0
    outer loop
      vertex 76.35279195099292 23.161366222495086 0
      vertex 76.35279195099292 23.161366222495086 6
      vertex 73.71492150515336 30.53372023670265 0
    endloop
  endfacet
  facet normal -0.9039892931234437 -0.42755509343028136 0
    outer loop
      vertex 73.71492150515336 30.53372023670265 0
      vertex 73.71492150515336 30.53372023670265 6
      vertex 70.36713606854407 37.61201783360141 0
    endloop
  endfacet
  facet normal -0.9415440651830207 -0.3368898533922204 0
    outer loop
      vertex 76.35279195099292 23.161366222495086 6
      vertex 73.71492150515336 30.53372023670265 6
      vertex 73.71492150515336 30.53372023670265 0
    endloop
  endfacet
  facet normal -0.8577286100002715 -0.5141027441932228 0
    outer loop
      vertex 70.36713606854407 37.61201783360141 0
      vertex 70.36713606854407 37.61201783360141 6
      vertex 66.34167664500526 44.32809113794218 0
    endloop
  endfacet
  facet normal 0 0 -1
    outer loop
      vertex 70.36713606854407 37.61201783360141 0
      vertex 66.34167664500526 44.32809113794218 0
      vertex 72.99343354342562 48.772653002099 0
    endloop
  endfacet
  facet normal -0.8577286100002715 -0.5141027441932228 0
    outer loop
      vertex 70.36713606854407 37.61201783360141 6
      vertex 66.34167664500526 44.32809113794218 6
      vertex 66.34167664500526 44.32809113794218 0
    endloop
  endfacet
  facet normal 0 0 -1
    outer loop
      vertex 73.71492150515336 30.53372023670265 0
      vertex 70.36713606854407 37.61201783360141 0
      vertex 77.42250618333091 41.38319172820939 0
    endloop
  endfacet
  facet normal 0.5985041135288058 0.2830713639251851 0.7494420784921499
    outer loop
      vertex 71.4254415818196 38.1776939156853 6
      vertex 81.10595776524366 33.595187695623366 0
      vertex 77.42250618333091 41.38319172820939 0
    endloop
  endfacet
  facet normal -0.9039892931234437 -0.42755509343028136 0
    outer loop
      vertex 73.71492150515336 30.53372023670265 6
      vertex 70.36713606854407 37.61201783360141 6
      vertex 70.36713606854407 37.61201783360141 0
    endloop
  endfacet
  facet normal 0.5985041135288058 0.2830713639251849 0.74944207849215
    outer loop
      vertex 74.82357694003684 30.992940353830026 6
      vertex 81.10595776524366 33.595187695623366 0
      vertex 71.4254415818196 38.1776939156853 6
    endloop
  endfacet
  facet normal 0 0 -1
    outer loop
      vertex 70.36713606854407 37.61201783360141 0
      vertex 72.99343354342562 48.772653002099 0
      vertex 77.42250618333091 41.38319172820939 0
    endloop
  endfacet
  facet normal 0.5678763070332152 0.34037195962018324 0.7494420784921497
    outer loop
      vertex 71.4254415818196 38.1776939156853 6
      vertex 77.42250618333091 41.38319172820939 0
      vertex 67.33944017605137 44.99477541508211 6
    endloop
  endfacet
  facet normal 0 0 -1
    outer loop
      vertex 76.35279195099292 23.161366222495086 0
      vertex 81.10595776524366 33.595187695623366 0
      vertex 84.00831463685059 25.483643640530783 0
    endloop
  endfacet
  facet normal 0.6233679982354858 0.22304463625303889 0.7494420784921494
    outer loop
      vertex 74.82357694003684 30.992940353830026 6
      vertex 77.50112034959372 23.509707833902766 6
      vertex 84.00831463685059 25.483643640530783 0
    endloop
  endfacet
  facet normal 0 0 -1
    outer loop
      vertex 76.35279195099292 23.161366222495086 0
      vertex 73.71492150515336 30.53372023670265 0
      vertex 81.10595776524366 33.595187695623366 0
    endloop
  endfacet
  facet normal 0.6233679982354855 0.2230446362530377 0.7494420784921499
    outer loop
      vertex 74.82357694003684 30.992940353830026 6
      vertex 84.00831463685059 25.483643640530783 0
      vertex 81.10595776524366 33.595187695623366 0
    endloop
  endfacet
  facet normal 0.6422285083515461 0.16086986680517598 0.7494420784921494
    outer loop
      vertex 86.1016255148885 17.126678166403234 0
      vertex 84.00831463685059 25.483643640530783 0
      vertex 77.50112034959372 23.509707833902766 6
    endloop
  endfacet
  facet normal 0 0 -1
    outer loop
      vertex 73.71492150515336 30.53372023670265 0
      vertex 77.42250618333091 41.38319172820939 0
      vertex 81.10595776524366 33.595187695623366 0
    endloop
  endfacet
  facet normal -0.7434569302772086 -0.18622626649829738 -0.6423329125063536
    outer loop
      vertex 78.25534327166265 15.565955590274209 6
      vertex 8.827067523629074 1.7558128981451542 90.36239685118198
      vertex 76.35279195099292 23.161366222495086 6
    endloop
  endfacet
  facet normal -0.7216236158540605 -0.25820105838825747 -0.6423329125063536
    outer loop
      vertex 76.35279195099292 23.161366222495086 6
      vertex 8.61246302158988 2.612562095290161 90.36239685118198
      vertex 73.71492150515336 30.53372023670265 6
    endloop
  endfacet
  facet normal 0.7260475070816571 0.2597839519799642 0.636684628174878
    outer loop
      vertex 74.82357694003684 30.992940353830026 6
      vertex 10.393644740751975 4.30518861410726 90.36239685118198
      vertex 77.50112034959372 23.509707833902766 6
    endloop
  endfacet
  facet normal -0.7655025561286712 -0.037606729073076335 -0.6423329125063536
    outer loop
      vertex 79.78845608234406 0 6
      vertex 9 0 90.36239685118198
      vertex 79.40425285790415 7.820636296502101 6
    endloop
  endfacet
  facet normal 0.7701954458406469 0.03783727596094139 0.636684628174878
    outer loop
      vertex 80.9884560778737 0 6
      vertex 80.59847452546197 7.938256864459403 6
      vertex 11.195828175062216 1.1026928287075568 90.36239685118198
    endloop
  endfacet
  facet normal -0.7581303480468882 -0.1124580138603262 -0.6423329125063536
    outer loop
      vertex 79.40425285790415 7.820636296502101 6
      vertex 8.956662540049772 0.8821542629660455 90.36239685118198
      vertex 78.25534327166265 15.565955590274209 6
    endloop
  endfacet
  facet normal 0.7627780426655432 0.11314743423136046 0.636684628174878
    outer loop
      vertex 80.59847452546197 7.938256864459403 6
      vertex 79.43228560376208 15.800063975821441 6
      vertex 11.033834404536343 2.1947661226814428 90.36239685118198
    endloop
  endfacet
  facet normal 0.7480146699626766 0.1873679208574538 0.636684628174878
    outer loop
      vertex 79.43228560376208 15.800063975821441 6
      vertex 77.50112034959372 23.509707833902766 6
      vertex 10.765578776987349 3.265702619112701 90.36239685118198
    endloop
  endfacet
  facet normal -0.6573852927951472 -0.39402158104315005 -0.6423329125063536
    outer loop
      vertex 70.36713606854407 37.61201783360141 6
      vertex 7.937291379135195 4.242570631433979 90.36239685118198
      vertex 66.34167664500526 44.32809113794218 6
    endloop
  endfacet
  facet normal 0.6614153729727558 0.39643711814249627 0.636684628174878
    outer loop
      vertex 71.4254415818196 38.1776939156853 6
      vertex 67.33944017605137 44.99477541508211 6
      vertex 9.354033138403635 6.250165121470524 90.36239685118198
    endloop
  endfacet
  facet normal -0.6928406715306432 -0.3276892329388816 -0.6423329125063536
    outer loop
      vertex 73.71492150515336 30.53372023670265 6
      vertex 8.31491579260158 3.444150891285808 90.36239685118198
      vertex 70.36713606854407 37.61201783360141 6
    endloop
  endfacet
  facet normal 0.6970881098095006 0.3296981216325545 0.6366846281748781
    outer loop
      vertex 74.82357694003684 30.992940353830026 6
      vertex 71.4254415818196 38.1776939156853 6
      vertex 9.921614223918994 5.303213289292473 90.36239685118198
    endloop
  endfacet
  facet normal -0.6155989343266801 -0.456559285927864 -0.6423329125063536
    outer loop
      vertex 61.67731060932561 50.61726069242504 6
      vertex 66.34167664500526 44.32809113794218 6
      vertex 7.483226510722907 5.00013209717642 90.36239685118198
    endloop
  endfacet
  facet normal 0.6193728445278616 0.4593582084901528 0.636684628174878
    outer loop
      vertex 62.60492314990527 51.378532630585454 6
      vertex 8.696367600330792 7.136924446841012 90.36239685118198
      vertex 67.33944017605137 44.99477541508211 6
    endloop
  endfacet
  facet normal -0.5956993044924325 -0.8032075314806456 0
    outer loop
      vertex 50.61726069242504 61.67731060932561 0
      vertex 50.61726069242504 61.67731060932561 6
      vertex 44.32809113794218 66.34167664500526 0
    endloop
  endfacet
  facet normal -0.5956993044924325 -0.8032075314806456 0
    outer loop
      vertex 50.61726069242504 61.67731060932561 6
      vertex 44.32809113794218 66.34167664500526 6
      vertex 44.32809113794218 66.34167664500526 0
    endloop
  endfacet
  facet normal -0.6715589548470181 -0.7409511253549593 0
    outer loop
      vertex 50.61726069242504 61.67731060932561 0
      vertex 56.41895835623052 56.41895835623052 0
      vertex 56.41895835623052 56.41895835623052 6
    endloop
  endfacet
  facet normal -0.6715589548470181 -0.7409511253549593 0
    outer loop
      vertex 50.61726069242504 61.67731060932561 0
      vertex 56.41895835623052 56.41895835623052 6
      vertex 50.61726069242504 61.67731060932561 6
    endloop
  endfacet
  facet normal 0 0 -1
    outer loop
      vertex 50.61726069242504 61.67731060932561 0
      vertex 55.69240696573421 67.86139423622751 0
      vertex 56.41895835623052 56.41895835623052 0
    endloop
  endfacet
  facet normal -0.7409511253549593 -0.6715589548470181 0
    outer loop
      vertex 61.67731060932561 50.61726069242504 0
      vertex 61.67731060932561 50.61726069242504 6
      vertex 56.41895835623052 56.41895835623052 0
    endloop
  endfacet
  facet normal -0.7409511253549593 -0.6715589548470181 0
    outer loop
      vertex 61.67731060932561 50.61726069242504 6
      vertex 56.41895835623052 56.41895835623052 6
      vertex 56.41895835623052 56.41895835623052 0
    endloop
  endfacet
  facet normal -0.8032075314806456 -0.5956993044924325 0
    outer loop
      vertex 61.67731060932561 50.61726069242504 0
      vertex 66.34167664500526 44.32809113794218 0
      vertex 66.34167664500526 44.32809113794218 6
    endloop
  endfacet
  facet normal -0.8032075314806456 -0.5956993044924325 0
    outer loop
      vertex 61.67731060932561 50.61726069242504 0
      vertex 66.34167664500526 44.32809113794218 6
      vertex 61.67731060932561 50.61726069242504 6
    endloop
  endfacet
  facet normal 0 0 -1
    outer loop
      vertex 61.67731060932561 50.61726069242504 0
      vertex 67.86139423622751 55.69240696573421 0
      vertex 66.34167664500526 44.32809113794218 0
    endloop
  endfacet
  facet normal 0.49056144782036076 0.44461897946191764 0.7494420784921503
    outer loop
      vertex 62.60492314990527 51.378532630585454 6
      vertex 67.86139423622751 55.69240696573421 0
      vertex 57.26748649049336 57.26748649049336 6
    endloop
  endfacet
  facet normal 0 0 -1
    outer loop
      vertex 61.67731060932561 50.61726069242504 0
      vertex 56.41895835623052 56.41895835623052 0
      vertex 62.0758126057229 62.0758126057229 0
    endloop
  endfacet
  facet normal 0.4446189794619178 0.49056144782036065 0.7494420784921503
    outer loop
      vertex 51.378532630585454 62.60492314990527 6
      vertex 62.0758126057229 62.0758126057229 0
      vertex 55.69240696573421 67.86139423622751 0
    endloop
  endfacet
  facet normal 0 0 -1
    outer loop
      vertex 56.41895835623052 56.41895835623052 0
      vertex 55.69240696573421 67.86139423622751 0
      vertex 62.0758126057229 62.0758126057229 0
    endloop
  endfacet
  facet normal 0.4446189794619178 0.49056144782036093 0.7494420784921502
    outer loop
      vertex 51.378532630585454 62.60492314990527 6
      vertex 57.26748649049336 57.26748649049336 6
      vertex 62.0758126057229 62.0758126057229 0
    endloop
  endfacet
  facet normal 0.49056144782036076 0.4446189794619179 0.7494420784921502
    outer loop
      vertex 57.26748649049336 57.26748649049336 6
      vertex 67.86139423622751 55.69240696573421 0
      vertex 62.0758126057229 62.0758126057229 0
    endloop
  endfacet
  facet normal 0 0 -1
    outer loop
      vertex 61.67731060932561 50.61726069242504 0
      vertex 62.0758126057229 62.0758126057229 0
      vertex 67.86139423622751 55.69240696573421 0
    endloop
  endfacet
  facet normal 0 0 -1
    outer loop
      vertex 50.61726069242504 61.67731060932561 0
      vertex 44.32809113794218 66.34167664500526 0
      vertex 48.772653002099 72.99343354342562 0
    endloop
  endfacet
  facet normal 0.3403719596201835 0.5678763070332157 0.7494420784921495
    outer loop
      vertex 38.1776939156853 71.4254415818196 6
      vertex 44.99477541508211 67.33944017605137 6
      vertex 48.772653002099 72.99343354342562 0
    endloop
  endfacet
  facet normal 0 0 -1
    outer loop
      vertex 41.38319172820939 77.42250618333091 0
      vertex 48.772653002099 72.99343354342562 0
      vertex 44.32809113794218 66.34167664500526 0
    endloop
  endfacet
  facet normal 0 0 -1
    outer loop
      vertex 50.61726069242504 61.67731060932561 0
      vertex 48.772653002099 72.99343354342562 0
      vertex 55.69240696573421 67.86139423622751 0
    endloop
  endfacet
  facet normal 0.3943945872777986 0.531779541268129 0.7494420784921495
    outer loop
      vertex 44.99477541508211 67.33944017605137 6
      vertex 55.69240696573421 67.86139423622751 0
      vertex 48.772653002099 72.99343354342562 0
    endloop
  endfacet
  facet normal 0.39439458727779914 0.5317795412681277 0.7494420784921503
    outer loop
      vertex 51.378532630585454 62.60492314990527 6
      vertex 55.69240696573421 67.86139423622751 0
      vertex 44.99477541508211 67.33944017605137 6
    endloop
  endfacet
  facet normal 0.5317795412681283 0.3943945872777996 0.7494420784921495
    outer loop
      vertex 62.60492314990527 51.378532630585454 6
      vertex 67.33944017605137 44.99477541508211 6
      vertex 72.99343354342562 48.772653002099 0
    endloop
  endfacet
  facet normal 0.5317795412681284 0.39439458727779814 0.7494420784921502
    outer loop
      vertex 62.60492314990527 51.378532630585454 6
      vertex 72.99343354342562 48.772653002099 0
      vertex 67.86139423622751 55.69240696573421 0
    endloop
  endfacet
  facet normal 0 0 -1
    outer loop
      vertex 66.34167664500526 44.32809113794218 0
      vertex 67.86139423622751 55.69240696573421 0
      vertex 72.99343354342562 48.772653002099 0
    endloop
  endfacet
  facet normal 0.5678763070332153 0.340371959620184 0.7494420784921494
    outer loop
      vertex 77.42250618333091 41.38319172820939 0
      vertex 72.99343354342562 48.772653002099 0
      vertex 67.33944017605137 44.99477541508211 6
    endloop
  endfacet
  facet normal -0.03760672907306804 -0.7655025561286714 -0.6423329125063537
    outer loop
      vertex 0 79.78845608234406 6
      vertex 0.8821542629660455 8.956662540049772 90.36239685118198
      vertex 0 9 90.36239685118198
    endloop
  endfacet
  facet normal -0.1124580138603346 -0.7581303480468867 -0.6423329125063537
    outer loop
      vertex 7.820636296502101 79.40425285790415 6
      vertex 1.7558128981451542 8.827067523629074 90.36239685118198
      vertex 0.8821542629660455 8.956662540049772 90.36239685118198
    endloop
  endfacet
  facet normal -0.18622626649829496 -0.7434569302772096 -0.6423329125063533
    outer loop
      vertex 15.565955590274209 78.25534327166265 6
      vertex 2.612562095290161 8.61246302158988 90.36239685118198
      vertex 1.7558128981451542 8.827067523629074 90.36239685118198
    endloop
  endfacet
  facet normal -0.25820105838825785 -0.7216236158540614 -0.6423329125063527
    outer loop
      vertex 23.161366222495086 76.35279195099292 6
      vertex 3.444150891285808 8.31491579260158 90.36239685118198
      vertex 2.612562095290161 8.61246302158988 90.36239685118198
    endloop
  endfacet
  facet normal 0.03783727596094228 0.7701954458406467 0.6366846281748781
    outer loop
      vertex 7.938256864459403 80.59847452546197 6
      vertex 0 11.25 90.36239685118198
      vertex 1.1026928287075568 11.195828175062216 90.36239685118198
    endloop
  endfacet
  facet normal 0.11314743423136203 0.7627780426655429 0.636684628174878
    outer loop
      vertex 15.800063975821441 79.43228560376208 6
      vertex 1.1026928287075568 11.195828175062216 90.36239685118198
      vertex 2.1947661226814428 11.033834404536343 90.36239685118198
    endloop
  endfacet
  facet normal 0.18736792085746018 0.7480146699626757 0.6366846281748776
    outer loop
      vertex 23.509707833902766 77.50112034959372 6
      vertex 2.1947661226814428 11.033834404536343 90.36239685118198
      vertex 3.265702619112701 10.765578776987349 90.36239685118198
    endloop
  endfacet
  facet normal -0.3276892329388932 -0.6928406715306404 -0.6423329125063506
    outer loop
      vertex 30.53372023670265 73.71492150515336 6
      vertex 4.242570631433979 7.937291379135195 90.36239685118198
      vertex 3.444150891285808 8.31491579260158 90.36239685118198
    endloop
  endfacet
  facet normal 0.2597839519799651 0.7260475070816567 0.6366846281748783
    outer loop
      vertex 30.992940353830026 74.82357694003684 6
      vertex 3.265702619112701 10.765578776987349 90.36239685118198
      vertex 4.30518861410726 10.393644740751975 90.36239685118198
    endloop
  endfacet
  facet normal -0.3940215810431484 -0.65738529279515 -0.6423329125063519
    outer loop
      vertex 37.61201783360141 70.36713606854407 6
      vertex 5.00013209717642 7.483226510722907 90.36239685118198
      vertex 4.242570631433979 7.937291379135195 90.36239685118198
    endloop
  endfacet
  facet normal 0.32969812163255485 0.6970881098095018 0.6366846281748768
    outer loop
      vertex 38.1776939156853 71.4254415818196 6
      vertex 4.30518861410726 10.393644740751975 90.36239685118198
      vertex 5.303213289292473 9.921614223918994 90.36239685118198
    endloop
  endfacet
  facet normal -0.45655928592785877 -0.6155989343266811 -0.6423329125063563
    outer loop
      vertex 44.32809113794218 66.34167664500526 6
      vertex 5.70953955747281 6.957094080264633 90.36239685118198
      vertex 5.00013209717642 7.483226510722907 90.36239685118198
    endloop
  endfacet
  facet normal -0.5147000753083929 -0.5678840216000407 -0.6423329125063568
    outer loop
      vertex 50.61726069242504 61.67731060932561 6
      vertex 6.3639610306789285 6.3639610306789285 90.36239685118198
      vertex 5.70953955747281 6.957094080264633 90.36239685118198
    endloop
  endfacet
  facet normal 0.45935820849015474 0.6193728445278628 0.6366846281748754
    outer loop
      vertex 51.378532630585454 62.60492314990527 6
      vertex 6.250165121470524 9.354033138403635 90.36239685118198
      vertex 7.136924446841012 8.696367600330792 90.36239685118198
    endloop
  endfacet
  facet normal 0.3964371181424957 0.6614153729727551 0.6366846281748791
    outer loop
      vertex 44.99477541508211 67.33944017605137 6
      vertex 5.303213289292473 9.921614223918994 90.36239685118198
      vertex 6.250165121470524 9.354033138403635 90.36239685118198
    endloop
  endfacet
  facet normal -0.7655025561286719 -0.03760672907306805 -0.6423329125063532
    outer loop
      vertex 79.40425285790415 7.820636296502101 6
      vertex 9 0 90.36239685118198
      vertex 8.956662540049772 0.8821542629660455 90.36239685118198
    endloop
  endfacet
  facet normal -0.7581303480468863 -0.11245801386033462 -0.6423329125063545
    outer loop
      vertex 78.25534327166265 15.565955590274209 6
      vertex 8.956662540049772 0.8821542629660455 90.36239685118198
      vertex 8.827067523629074 1.7558128981451542 90.36239685118198
    endloop
  endfacet
  facet normal -0.7434569302772085 -0.1862262664982947 -0.6423329125063546
    outer loop
      vertex 76.35279195099292 23.161366222495086 6
      vertex 8.827067523629074 1.7558128981451542 90.36239685118198
      vertex 8.61246302158988 2.612562095290161 90.36239685118198
    endloop
  endfacet
  facet normal 0.7260475070816571 0.2597839519799591 0.63668462817488
    outer loop
      vertex 77.50112034959372 23.509707833902766 6
      vertex 10.393644740751975 4.30518861410726 90.36239685118198
      vertex 10.765578776987349 3.265702619112701 90.36239685118198
    endloop
  endfacet
  facet normal -0.6573852927951462 -0.394021581043149 -0.6423329125063552
    outer loop
      vertex 66.34167664500526 44.32809113794218 6
      vertex 7.937291379135195 4.242570631433979 90.36239685118198
      vertex 7.483226510722907 5.00013209717642 90.36239685118198
    endloop
  endfacet
  facet normal -0.6155989343266802 -0.45655928592786754 -0.6423329125063507
    outer loop
      vertex 61.67731060932561 50.61726069242504 6
      vertex 7.483226510722907 5.00013209717642 90.36239685118198
      vertex 6.957094080264633 5.70953955747281 90.36239685118198
    endloop
  endfacet
  facet normal -0.6928406715306443 -0.3276892329388786 -0.6423329125063539
    outer loop
      vertex 70.36713606854407 37.61201783360141 6
      vertex 8.31491579260158 3.444150891285808 90.36239685118198
      vertex 7.937291379135195 4.242570631433979 90.36239685118198
    endloop
  endfacet
  facet normal -0.7216236158540631 -0.25820105838824914 -0.6423329125063542
    outer loop
      vertex 73.71492150515336 30.53372023670265 6
      vertex 8.61246302158988 2.612562095290161 90.36239685118198
      vertex 8.31491579260158 3.444150891285808 90.36239685118198
    endloop
  endfacet
  facet normal 0.6970881098094998 0.3296981216325557 0.6366846281748785
    outer loop
      vertex 74.82357694003684 30.992940353830026 6
      vertex 9.921614223918994 5.303213289292473 90.36239685118198
      vertex 10.393644740751975 4.30518861410726 90.36239685118198
    endloop
  endfacet
  facet normal 0.6193728445278637 0.45935820849015263 0.6366846281748761
    outer loop
      vertex 67.33944017605137 44.99477541508211 6
      vertex 8.696367600330792 7.136924446841012 90.36239685118198
      vertex 9.354033138403635 6.250165121470524 90.36239685118198
    endloop
  endfacet
  facet normal 0.6614153729727572 0.39643711814249477 0.6366846281748776
    outer loop
      vertex 71.4254415818196 38.1776939156853 6
      vertex 9.354033138403635 6.250165121470524 90.36239685118198
      vertex 9.921614223918994 5.303213289292473 90.36239685118198
    endloop
  endfacet
  facet normal 0.7701954458406468 0.0378372759609423 0.636684628174878
    outer loop
      vertex 80.9884560778737 0 6
      vertex 11.195828175062216 1.1026928287075568 90.36239685118198
      vertex 11.25 0 90.36239685118198
    endloop
  endfacet
  facet normal 0.7627780426655438 0.1131474342313547 0.6366846281748783
    outer loop
      vertex 80.59847452546197 7.938256864459403 6
      vertex 11.033834404536343 2.1947661226814428 90.36239685118198
      vertex 11.195828175062216 1.1026928287075568 90.36239685118198
    endloop
  endfacet
  facet normal 0.7480146699626782 0.18736792085744575 0.6366846281748787
    outer loop
      vertex 79.43228560376208 15.800063975821441 6
      vertex 10.765578776987349 3.265702619112701 90.36239685118198
      vertex 11.033834404536343 2.1947661226814428 90.36239685118198
    endloop
  endfacet
  facet normal -0.5678840216000348 -0.5147000753084011 -0.6423329125063555
    outer loop
      vertex 56.41895835623052 56.41895835623052 6
      vertex 6.957094080264633 5.70953955747281 90.36239685118198
      vertex 6.3639610306789285 6.3639610306789285 90.36239685118198
    endloop
  endfacet
  facet normal 0.5178554281793085 0.5713654170065272 0.6366846281748778
    outer loop
      vertex 57.26748649049336 57.26748649049336 6
      vertex 7.136924446841012 8.696367600330792 90.36239685118198
      vertex 7.95495128834866 7.95495128834866 90.36239685118198
    endloop
  endfacet
  facet normal 0.5713654170065247 0.5178554281793096 0.6366846281748791
    outer loop
      vertex 62.60492314990527 51.378532630585454 6
      vertex 7.95495128834866 7.95495128834866 90.36239685118198
      vertex 8.696367600330792 7.136924446841012 90.36239685118198
    endloop
  endfacet
  facet normal -0.4275550934302813 -0.9039892931234437 -2.8568640513327133e-18
    outer loop
      vertex 4.242570631433979 7.937291379135195 90.36239685118198
      vertex 4.1099843923284824 7.999999999999999 101.36239684787893
      vertex 3.444150891285808 8.31491579260158 90.36239685118198
    endloop
  endfacet
  facet normal -0.5141027441932221 -0.8577286100002718 0
    outer loop
      vertex 4.242570631433979 7.937291379135195 90.36239685118198
      vertex 5.00013209717642 7.483226510722907 90.36239685118198
      vertex 4.242570631433979 7.937291379135195 101.36239684787893
    endloop
  endfacet
  facet normal -0.5956993044924327 -0.8032075314806454 0
    outer loop
      vertex 5.00013209717642 7.483226510722907 90.36239685118198
      vertex 5.70953955747281 6.957094080264633 90.36239685118198
      vertex 5.00013209717642 7.483226510722907 101.36239684787893
    endloop
  endfacet
  facet normal -0.04906767432741833 -0.9987954562051723 0
    outer loop
      vertex 0 9 90.36239685118198
      vertex 0.8821542629660455 8.956662540049772 90.36239685118198
      vertex 0.8821542629660455 8.956662540049772 104.36239685118198
    endloop
  endfacet
  facet normal -0.14673047445536166 -0.989176509964781 0
    outer loop
      vertex 0.8821542629660455 8.956662540049772 90.36239685118198
      vertex 1.7558128981451542 8.827067523629074 90.36239685118198
      vertex 1.7558128981451542 8.827067523629074 104.36239685118198
    endloop
  endfacet
  facet normal -0.24298017990326337 -0.9700312531945442 0
    outer loop
      vertex 1.7558128981451542 8.827067523629074 90.36239685118198
      vertex 2.612562095290161 8.61246302158988 90.36239685118198
      vertex 2.612562095290161 8.61246302158988 104.36239685118198
    endloop
  endfacet
  facet normal 0.24298017990326495 0.9700312531945438 0
    outer loop
      vertex 3.265702619112701 10.765578776987349 90.36239685118198
      vertex 2.1947661226814428 11.033834404536343 90.36239685118198
      vertex 2.1947661226814428 11.033834404536343 104.36239685118198
    endloop
  endfacet
  facet normal -0.4275550934302811 -0.9039892931234438 0
    outer loop
      vertex 4.242570631433979 7.937291379135195 90.36239685118198
      vertex 4.242570631433979 7.937291379135195 101.36239684787893
      vertex 4.1099843923284824 7.999999999999999 101.36239684787893
    endloop
  endfacet
  facet normal -0.5141027441932221 -0.8577286100002718 0
    outer loop
      vertex 5.00013209717642 7.483226510722907 90.36239685118198
      vertex 5.00013209717642 7.483226510722907 101.36239684787893
      vertex 4.242570631433979 7.937291379135195 101.36239684787893
    endloop
  endfacet
  facet normal -0.5956993044924327 -0.8032075314806454 0
    outer loop
      vertex 5.70953955747281 6.957094080264633 90.36239685118198
      vertex 5.70953955747281 6.957094080264633 101.36239684787893
      vertex 5.00013209717642 7.483226510722907 101.36239684787893
    endloop
  endfacet
  facet normal -0.3368898533922211 -0.9415440651830204 0
    outer loop
      vertex 2.612562095290161 8.61246302158988 90.36239685118198
      vertex 3.444150891285808 8.31491579260158 90.36239685118198
      vertex 3.444150891285808 8.31491579260158 104.36239685118198
    endloop
  endfacet
  facet normal 0.33688985339221944 0.9415440651830209 0
    outer loop
      vertex 3.265702619112701 10.765578776987349 90.36239685118198
      vertex 3.265702619112701 10.765578776987349 104.36239685118198
      vertex 4.30518861410726 10.393644740751975 90.36239685118198
    endloop
  endfacet
  facet normal 0.4275550934302824 0.9039892931234431 0
    outer loop
      vertex 4.30518861410726 10.393644740751975 90.36239685118198
      vertex 4.30518861410726 10.393644740751975 104.36239685118198
      vertex 5.303213289292473 9.921614223918994 90.36239685118198
    endloop
  endfacet
  facet normal -0.9039892931234437 -0.4275550934302813 0
    outer loop
      vertex 7.937291379135195 4.242570631433979 90.36239685118198
      vertex 8.31491579260158 3.444150891285808 90.36239685118198
      vertex 7.937291379135195 4.242570631433979 101.36239684787893
    endloop
  endfacet
  facet normal -0.8577286100002718 -0.5141027441932221 0
    outer loop
      vertex 7.483226510722907 5.00013209717642 90.36239685118198
      vertex 7.937291379135195 4.242570631433979 90.36239685118198
      vertex 7.842931846932612 4.3999999999999995 101.36239684787893
    endloop
  endfacet
  facet normal -0.9987954562051724 -0.04906767432741834 7.856376141164957e-18
    outer loop
      vertex 9 0 90.36239685118198
      vertex 8.960698520184426 0.8 101.36239684787893
      vertex 8.956662540049772 0.8821542629660455 90.36239685118198
    endloop
  endfacet
  facet normal -0.8032075314806454 -0.5956993044924326 0
    outer loop
      vertex 7.483226510722907 5.00013209717642 90.36239685118198
      vertex 7.483226510722907 5.00013209717642 104.36239685118198
      vertex 6.957094080264633 5.70953955747281 90.36239685118198
    endloop
  endfacet
  facet normal -0.9039892931234437 -0.4275550934302813 0
    outer loop
      vertex 8.31491579260158 3.444150891285808 90.36239685118198
      vertex 8.31491579260158 3.444150891285808 101.36239684787893
      vertex 7.937291379135195 4.242570631433979 101.36239684787893
    endloop
  endfacet
  facet normal -0.8577286100002716 -0.5141027441932224 0
    outer loop
      vertex 7.937291379135195 4.242570631433979 90.36239685118198
      vertex 7.937291379135195 4.242570631433979 101.36239684787893
      vertex 7.842931846932612 4.3999999999999995 101.36239684787893
    endloop
  endfacet
  facet normal -0.989176509964781 -0.14673047445536166 0
    outer loop
      vertex 8.956662540049772 0.8821542629660455 90.36239685118198
      vertex 8.956662540049772 0.8821542629660455 104.36239685118198
      vertex 8.827067523629074 1.7558128981451542 90.36239685118198
    endloop
  endfacet
  facet normal -0.9700312531945442 -0.24298017990326337 0
    outer loop
      vertex 8.827067523629074 1.7558128981451542 90.36239685118198
      vertex 8.827067523629074 1.7558128981451542 104.36239685118198
      vertex 8.61246302158988 2.612562095290161 90.36239685118198
    endloop
  endfacet
  facet normal -0.9987954562051724 -0.04906767432741822 0
    outer loop
      vertex 9 0 90.36239685118198
      vertex 9 0 101.36239684787893
      vertex 8.960698520184426 0.8 101.36239684787893
    endloop
  endfacet
  facet normal -0.9415440651830204 -0.3368898533922211 0
    outer loop
      vertex 8.61246302158988 2.612562095290161 90.36239685118198
      vertex 8.61246302158988 2.612562095290161 104.36239685118198
      vertex 8.31491579260158 3.444150891285808 90.36239685118198
    endloop
  endfacet
  facet normal 0.9700312531945438 0.24298017990326495 0
    outer loop
      vertex 10.765578776987349 3.265702619112701 90.36239685118198
      vertex 10.765578776987349 3.265702619112701 104.36239685118198
      vertex 11.033834404536343 2.1947661226814428 90.36239685118198
    endloop
  endfacet
  facet normal 0.9415440651830209 0.33688985339221944 0
    outer loop
      vertex 10.765578776987349 3.265702619112701 90.36239685118198
      vertex 10.393644740751975 4.30518861410726 90.36239685118198
      vertex 10.393644740751975 4.30518861410726 104.36239685118198
    endloop
  endfacet
  facet normal 0.9039892931234431 0.4275550934302824 0
    outer loop
      vertex 9.921614223918994 5.303213289292473 90.36239685118198
      vertex 9.921614223918994 5.303213289292473 104.36239685118198
      vertex 10.393644740751975 4.30518861410726 90.36239685118198
    endloop
  endfacet
  facet normal -0.9415440651830201 -0.3368898533922219 0
    outer loop
      vertex 8.31491579260158 3.444150891285808 90.36239685118198
      vertex 8.545396666893494 2.8 101.36239684787893
      vertex 8.31491579260158 3.444150891285808 101.36239684787893
    endloop
  endfacet
  facet normal -0.6715589548470177 -0.7409511253549598 0
    outer loop
      vertex 6.3639610306789285 6.3639610306789285 90.36239685118198
      vertex 5.70953955747281 6.957094080264633 101.36239684787893
      vertex 5.70953955747281 6.957094080264633 90.36239685118198
    endloop
  endfacet
  facet normal 0.8032075314806453 0.5956993044924329 2.2854912410661685e-17
    outer loop
      vertex 9.354033138403635 6.250165121470524 90.36239685118198
      vertex 8.696367600330792 7.136924446841012 90.36239685118198
      vertex 9 6.727523548809667 101.36239684787893
    endloop
  endfacet
  facet normal 0.740951125354959 0.6715589548470186 0
    outer loop
      vertex 7.95495128834866 7.95495128834866 90.36239685118198
      vertex 8.696367600330792 7.136924446841012 101.36239684787893
      vertex 8.696367600330792 7.136924446841012 90.36239685118198
    endloop
  endfacet
  facet normal -0.7409511253549598 -0.6715589548470177 0
    outer loop
      vertex 6.3639610306789285 6.3639610306789285 90.36239685118198
      vertex 6.957094080264633 5.70953955747281 90.36239685118198
      vertex 6.957094080264633 5.70953955747281 104.36239685118198
    endloop
  endfacet
  facet normal -0.6715589548470176 -0.7409511253549598 6.463564526128782e-18
    outer loop
      vertex 6.3639610306789285 6.3639610306789285 90.36239685118198
      vertex 6.324198155532452 6.3999999999999995 101.36239684787893
      vertex 5.70953955747281 6.957094080264633 101.36239684787893
    endloop
  endfacet
  facet normal 0.740951125354959 0.6715589548470186 0
    outer loop
      vertex 7.95495128834866 7.95495128834866 90.36239685118198
      vertex 7.95495128834866 7.95495128834866 101.36239684787893
      vertex 8.696367600330792 7.136924446841012 101.36239684787893
    endloop
  endfacet
  facet normal 0.6715589548470173 0.7409511253549601 0
    outer loop
      vertex 7.95495128834866 7.95495128834866 90.36239685118198
      vertex 7.905247694415563 7.999999999999999 101.36239684787893
      vertex 7.95495128834866 7.95495128834866 101.36239684787893
    endloop
  endfacet
  facet normal 0.5956993044924329 0.8032075314806452 0
    outer loop
      vertex 6.250165121470524 9.354033138403635 90.36239685118198
      vertex 6.250165121470524 9.354033138403635 104.36239685118198
      vertex 7.136924446841012 8.696367600330792 90.36239685118198
    endloop
  endfacet
  facet normal 0.514102744193221 0.8577286100002725 0
    outer loop
      vertex 5.303213289292473 9.921614223918994 90.36239685118198
      vertex 5.303213289292473 9.921614223918994 104.36239685118198
      vertex 6.250165121470524 9.354033138403635 90.36239685118198
    endloop
  endfacet
  facet normal 0.6715589548470186 0.740951125354959 0
    outer loop
      vertex 7.95495128834866 7.95495128834866 90.36239685118198
      vertex 7.136924446841012 8.696367600330792 90.36239685118198
      vertex 7.136924446841012 8.696367600330792 104.36239685118198
    endloop
  endfacet
  facet normal 0.8577286100002725 0.514102744193221 0
    outer loop
      vertex 9.921614223918994 5.303213289292473 90.36239685118198
      vertex 9.354033138403635 6.250165121470524 90.36239685118198
      vertex 9.354033138403635 6.250165121470524 104.36239685118198
    endloop
  endfacet
  facet normal 0.8032075314806454 0.5956993044924326 0
    outer loop
      vertex 8.696367600330792 7.136924446841012 90.36239685118198
      vertex 8.696367600330792 7.136924446841012 101.36239684787893
      vertex 9 6.727523548809667 101.36239684787893
    endloop
  endfacet
  facet normal -0.04906767432741833 -0.9987954562051723 0
    outer loop
      vertex 0 9 90.36239685118198
      vertex 0.8821542629660455 8.956662540049772 104.36239685118198
      vertex 0 9 104.36239685118198
    endloop
  endfacet
  facet normal -0.14673047445536166 -0.989176509964781 0
    outer loop
      vertex 0.8821542629660455 8.956662540049772 90.36239685118198
      vertex 1.7558128981451542 8.827067523629074 104.36239685118198
      vertex 0.8821542629660455 8.956662540049772 104.36239685118198
    endloop
  endfacet
  facet normal -0.24298017990326337 -0.9700312531945442 0
    outer loop
      vertex 1.7558128981451542 8.827067523629074 90.36239685118198
      vertex 2.612562095290161 8.61246302158988 104.36239685118198
      vertex 1.7558128981451542 8.827067523629074 104.36239685118198
    endloop
  endfacet
  facet normal -0.42755509343028114 -0.9039892931234438 0
    outer loop
      vertex 3.444150891285808 8.31491579260158 90.36239685118198
      vertex 4.1099843923284824 7.999999999999999 101.36239684787893
      vertex 4.1099843923284824 7.999999999999999 103.36239684787893
    endloop
  endfacet
  facet normal -0.42755509343028136 -0.9039892931234436 0
    outer loop
      vertex 3.444150891285808 8.31491579260158 90.36239685118198
      vertex 4.1099843923284824 7.999999999999999 103.36239684787893
      vertex 3.444150891285808 8.31491579260158 104.36239685118198
    endloop
  endfacet
  facet normal -0.3368898533922211 -0.9415440651830204 0
    outer loop
      vertex 2.612562095290161 8.61246302158988 90.36239685118198
      vertex 3.444150891285808 8.31491579260158 104.36239685118198
      vertex 2.612562095290161 8.61246302158988 104.36239685118198
    endloop
  endfacet
  facet normal 0.24298017990326495 0.9700312531945438 0
    outer loop
      vertex 3.265702619112701 10.765578776987349 90.36239685118198
      vertex 2.1947661226814428 11.033834404536343 104.36239685118198
      vertex 3.265702619112701 10.765578776987349 104.36239685118198
    endloop
  endfacet
  facet normal 0.33688985339221944 0.9415440651830209 0
    outer loop
      vertex 4.30518861410726 10.393644740751975 90.36239685118198
      vertex 3.265702619112701 10.765578776987349 104.36239685118198
      vertex 4.30518861410726 10.393644740751975 104.36239685118198
    endloop
  endfacet
  facet normal 0.4275550934302824 0.9039892931234431 0
    outer loop
      vertex 5.303213289292473 9.921614223918994 90.36239685118198
      vertex 4.30518861410726 10.393644740751975 104.36239685118198
      vertex 5.303213289292473 9.921614223918994 104.36239685118198
    endloop
  endfacet
  facet normal 0 0 1
    outer loop
      vertex 0 9 104.36239685118198
      vertex 0.8821542629660455 8.956662540049772 104.36239685118198
      vertex 1.1026928287075568 11.195828175062216 104.36239685118198
    endloop
  endfacet
  facet normal 0 0 1
    outer loop
      vertex 0 9 104.36239685118198
      vertex 1.1026928287075568 11.195828175062216 104.36239685118198
      vertex 0 11.25 104.36239685118198
    endloop
  endfacet
  facet normal 0 0 1
    outer loop
      vertex 1.7558128981451542 8.827067523629074 104.36239685118198
      vertex 2.612562095290161 8.61246302158988 104.36239685118198
      vertex 3.265702619112701 10.765578776987349 104.36239685118198
    endloop
  endfacet
  facet normal 0 0 1
    outer loop
      vertex 0.8821542629660455 8.956662540049772 104.36239685118198
      vertex 1.7558128981451542 8.827067523629074 104.36239685118198
      vertex 2.1947661226814428 11.033834404536343 104.36239685118198
    endloop
  endfacet
  facet normal 0 0 1
    outer loop
      vertex 0.8821542629660455 8.956662540049772 104.36239685118198
      vertex 2.1947661226814428 11.033834404536343 104.36239685118198
      vertex 1.1026928287075568 11.195828175062216 104.36239685118198
    endloop
  endfacet
  facet normal 0 0 1
    outer loop
      vertex 1.7558128981451542 8.827067523629074 104.36239685118198
      vertex 3.265702619112701 10.765578776987349 104.36239685118198
      vertex 2.1947661226814428 11.033834404536343 104.36239685118198
    endloop
  endfacet
  facet normal -0.4275550934302813 -0.9039892931234437 3.142550445142322e-17
    outer loop
      vertex 4.242570631433979 7.937291379135195 104.36239685118198
      vertex 3.444150891285808 8.31491579260158 104.36239685118198
      vertex 4.1099843923284824 7.999999999999999 103.36239684787893
    endloop
  endfacet
  facet normal -0.42755509343028114 -0.9039892931234438 0
    outer loop
      vertex 4.242570631433979 7.937291379135195 104.36239685118198
      vertex 4.1099843923284824 7.999999999999999 103.36239684787893
      vertex 4.242570631433979 7.937291379135195 103.36239684787893
    endloop
  endfacet
  facet normal -0.5141027441932222 -0.8577286100002718 0
    outer loop
      vertex 4.242570631433979 7.937291379135195 104.36239685118198
      vertex 4.242570631433979 7.937291379135195 103.36239684787893
      vertex 5.00013209717642 7.483226510722907 103.36239684787893
    endloop
  endfacet
  facet normal -0.5141027441932222 -0.8577286100002718 0
    outer loop
      vertex 4.242570631433979 7.937291379135195 104.36239685118198
      vertex 5.00013209717642 7.483226510722907 103.36239684787893
      vertex 5.00013209717642 7.483226510722907 104.36239685118198
    endloop
  endfacet
  facet normal -0.5956993044924327 -0.8032075314806454 0
    outer loop
      vertex 5.00013209717642 7.483226510722907 104.36239685118198
      vertex 5.00013209717642 7.483226510722907 103.36239684787893
      vertex 5.70953955747281 6.957094080264633 103.36239684787893
    endloop
  endfacet
  facet normal -0.5956993044924327 -0.8032075314806454 0
    outer loop
      vertex 5.00013209717642 7.483226510722907 104.36239685118198
      vertex 5.70953955747281 6.957094080264633 103.36239684787893
      vertex 5.70953955747281 6.957094080264633 104.36239685118198
    endloop
  endfacet
  facet normal 0 0 1
    outer loop
      vertex 2.612562095290161 8.61246302158988 104.36239685118198
      vertex 3.444150891285808 8.31491579260158 104.36239685118198
      vertex 4.30518861410726 10.393644740751975 104.36239685118198
    endloop
  endfacet
  facet normal 0 0 1
    outer loop
      vertex 2.612562095290161 8.61246302158988 104.36239685118198
      vertex 4.30518861410726 10.393644740751975 104.36239685118198
      vertex 3.265702619112701 10.765578776987349 104.36239685118198
    endloop
  endfacet
  facet normal 0 0 1
    outer loop
      vertex 4.242570631433979 7.937291379135195 104.36239685118198
      vertex 5.303213289292473 9.921614223918994 104.36239685118198
      vertex 3.444150891285808 8.31491579260158 104.36239685118198
    endloop
  endfacet
  facet normal 0 0 1
    outer loop
      vertex 3.444150891285808 8.31491579260158 104.36239685118198
      vertex 5.303213289292473 9.921614223918994 104.36239685118198
      vertex 4.30518861410726 10.393644740751975 104.36239685118198
    endloop
  endfacet
  facet normal 0 0 1
    outer loop
      vertex 4.242570631433979 7.937291379135195 104.36239685118198
      vertex 5.00013209717642 7.483226510722907 104.36239685118198
      vertex 6.250165121470524 9.354033138403635 104.36239685118198
    endloop
  endfacet
  facet normal 0 0 1
    outer loop
      vertex 4.242570631433979 7.937291379135195 104.36239685118198
      vertex 6.250165121470524 9.354033138403635 104.36239685118198
      vertex 5.303213289292473 9.921614223918994 104.36239685118198
    endloop
  endfacet
  facet normal -0.8577286100002717 -0.5141027441932223 0
    outer loop
      vertex 7.483226510722907 5.00013209717642 90.36239685118198
      vertex 7.842931846932612 4.3999999999999995 101.36239684787893
      vertex 7.842931846932612 4.3999999999999995 103.36239684787893
    endloop
  endfacet
  facet normal -0.8577286100002718 -0.514102744193222 0
    outer loop
      vertex 7.483226510722907 5.00013209717642 90.36239685118198
      vertex 7.842931846932612 4.3999999999999995 103.36239684787893
      vertex 7.483226510722907 5.00013209717642 104.36239685118198
    endloop
  endfacet
  facet normal -0.8032075314806454 -0.5956993044924326 0
    outer loop
      vertex 6.957094080264633 5.70953955747281 90.36239685118198
      vertex 7.483226510722907 5.00013209717642 104.36239685118198
      vertex 6.957094080264633 5.70953955747281 104.36239685118198
    endloop
  endfacet
  facet normal -0.9987954562051724 -0.049067674327419424 0
    outer loop
      vertex 8.956662540049772 0.8821542629660455 90.36239685118198
      vertex 8.960698520184426 0.8 101.36239684787893
      vertex 8.960698520184426 0.8 103.36239684787893
    endloop
  endfacet
  facet normal -0.9987954562051723 -0.04906767432741942 0
    outer loop
      vertex 8.956662540049772 0.8821542629660455 90.36239685118198
      vertex 8.960698520184426 0.8 103.36239684787893
      vertex 8.956662540049772 0.8821542629660455 104.36239685118198
    endloop
  endfacet
  facet normal -0.989176509964781 -0.14673047445536166 0
    outer loop
      vertex 8.827067523629074 1.7558128981451542 90.36239685118198
      vertex 8.956662540049772 0.8821542629660455 104.36239685118198
      vertex 8.827067523629074 1.7558128981451542 104.36239685118198
    endloop
  endfacet
  facet normal -0.9700312531945442 -0.24298017990326337 0
    outer loop
      vertex 8.61246302158988 2.612562095290161 90.36239685118198
      vertex 8.827067523629074 1.7558128981451542 104.36239685118198
      vertex 8.61246302158988 2.612562095290161 104.36239685118198
    endloop
  endfacet
  facet normal 0.9700312531945438 0.24298017990326495 0
    outer loop
      vertex 11.033834404536343 2.1947661226814428 90.36239685118198
      vertex 10.765578776987349 3.265702619112701 104.36239685118198
      vertex 11.033834404536343 2.1947661226814428 104.36239685118198
    endloop
  endfacet
  facet normal -0.9415440651830377 -0.3368898533921727 3.4341989451272976e-15
    outer loop
      vertex 8.31491579260158 3.444150891285808 90.36239685118198
      vertex 8.61246302158988 2.612562095290161 104.36239685118198
      vertex 8.545396666893494 2.8 101.36239684787893
    endloop
  endfacet
  facet normal 0.9415440651830209 0.33688985339221944 0
    outer loop
      vertex 10.765578776987349 3.265702619112701 90.36239685118198
      vertex 10.393644740751975 4.30518861410726 104.36239685118198
      vertex 10.765578776987349 3.265702619112701 104.36239685118198
    endloop
  endfacet
  facet normal 0.9039892931234431 0.4275550934302824 0
    outer loop
      vertex 10.393644740751975 4.30518861410726 90.36239685118198
      vertex 9.921614223918994 5.303213289292473 104.36239685118198
      vertex 10.393644740751975 4.30518861410726 104.36239685118198
    endloop
  endfacet
  facet normal -0.9039892931234437 -0.4275550934302813 0
    outer loop
      vertex 7.937291379135195 4.242570631433979 104.36239685118198
      vertex 7.937291379135195 4.242570631433979 103.36239684787893
      vertex 8.31491579260158 3.444150891285808 103.36239684787893
    endloop
  endfacet
  facet normal -0.9039892931234437 -0.4275550934302813 0
    outer loop
      vertex 7.937291379135195 4.242570631433979 104.36239685118198
      vertex 8.31491579260158 3.444150891285808 103.36239684787893
      vertex 8.31491579260158 3.444150891285808 104.36239685118198
    endloop
  endfacet
  facet normal -0.8577286100002717 -0.5141027441932224 0
    outer loop
      vertex 7.937291379135195 4.242570631433979 104.36239685118198
      vertex 7.842931846932612 4.3999999999999995 103.36239684787893
      vertex 7.937291379135195 4.242570631433979 103.36239684787893
    endloop
  endfacet
  facet normal -0.8577286100002718 -0.5141027441932222 0
    outer loop
      vertex 7.483226510722907 5.00013209717642 104.36239685118198
      vertex 7.842931846932612 4.3999999999999995 103.36239684787893
      vertex 7.937291379135195 4.242570631433979 104.36239685118198
    endloop
  endfacet
  facet normal -0.9987954562051723 -0.04906767432741821 0
    outer loop
      vertex 9 0 104.36239685118198
      vertex 8.960698520184426 0.8 103.36239684787893
      vertex 9 0 103.36239684787893
    endloop
  endfacet
  facet normal -0.9987954562051724 -0.04906767432741833 -8.642013724141378e-17
    outer loop
      vertex 9 0 104.36239685118198
      vertex 8.956662540049772 0.8821542629660455 104.36239685118198
      vertex 8.960698520184426 0.8 103.36239684787893
    endloop
  endfacet
  facet normal -0.9415440651830213 -0.3368898533922186 0
    outer loop
      vertex 8.61246302158988 2.612562095290161 104.36239685118198
      vertex 8.545396666893494 2.8 103.36239684787893
      vertex 8.545396666893494 2.8 101.36239684787893
    endloop
  endfacet
  facet normal 0 0 1
    outer loop
      vertex 8.827067523629074 1.7558128981451542 104.36239685118198
      vertex 11.033834404536343 2.1947661226814428 104.36239685118198
      vertex 8.61246302158988 2.612562095290161 104.36239685118198
    endloop
  endfacet
  facet normal 0 0 1
    outer loop
      vertex 9 0 104.36239685118198
      vertex 11.25 0 104.36239685118198
      vertex 8.956662540049772 0.8821542629660455 104.36239685118198
    endloop
  endfacet
  facet normal 0 0 1
    outer loop
      vertex 8.956662540049772 0.8821542629660455 104.36239685118198
      vertex 11.195828175062216 1.1026928287075568 104.36239685118198
      vertex 8.827067523629074 1.7558128981451542 104.36239685118198
    endloop
  endfacet
  facet normal 0 0 1
    outer loop
      vertex 8.956662540049772 0.8821542629660455 104.36239685118198
      vertex 11.25 0 104.36239685118198
      vertex 11.195828175062216 1.1026928287075568 104.36239685118198
    endloop
  endfacet
  facet normal 0 0 1
    outer loop
      vertex 8.61246302158988 2.612562095290161 104.36239685118198
      vertex 11.033834404536343 2.1947661226814428 104.36239685118198
      vertex 10.765578776987349 3.265702619112701 104.36239685118198
    endloop
  endfacet
  facet normal 0 0 1
    outer loop
      vertex 8.827067523629074 1.7558128981451542 104.36239685118198
      vertex 11.195828175062216 1.1026928287075568 104.36239685118198
      vertex 11.033834404536343 2.1947661226814428 104.36239685118198
    endloop
  endfacet
  facet normal -0.94154406518302 -0.3368898533922218 0
    outer loop
      vertex 8.31491579260158 3.444150891285808 104.36239685118198
      vertex 8.31491579260158 3.444150891285808 103.36239684787893
      vertex 8.545396666893494 2.8 103.36239684787893
    endloop
  endfacet
  facet normal -0.9415440651830205 -0.33688985339222116 -5.185208234484825e-16
    outer loop
      vertex 8.61246302158988 2.612562095290161 104.36239685118198
      vertex 8.31491579260158 3.444150891285808 104.36239685118198
      vertex 8.545396666893494 2.8 103.36239684787893
    endloop
  endfacet
  facet normal 0 0 1
    outer loop
      vertex 7.937291379135195 4.242570631433979 104.36239685118198
      vertex 8.31491579260158 3.444150891285808 104.36239685118198
      vertex 10.393644740751975 4.30518861410726 104.36239685118198
    endloop
  endfacet
  facet normal 0 0 1
    outer loop
      vertex 8.61246302158988 2.612562095290161 104.36239685118198
      vertex 10.765578776987349 3.265702619112701 104.36239685118198
      vertex 8.31491579260158 3.444150891285808 104.36239685118198
    endloop
  endfacet
  facet normal 0 0 1
    outer loop
      vertex 7.483226510722907 5.00013209717642 104.36239685118198
      vertex 7.937291379135195 4.242570631433979 104.36239685118198
      vertex 9.921614223918994 5.303213289292473 104.36239685118198
    endloop
  endfacet
  facet normal 0 0 1
    outer loop
      vertex 7.937291379135195 4.242570631433979 104.36239685118198
      vertex 10.393644740751975 4.30518861410726 104.36239685118198
      vertex 9.921614223918994 5.303213289292473 104.36239685118198
    endloop
  endfacet
  facet normal 0 0 1
    outer loop
      vertex 8.31491579260158 3.444150891285808 104.36239685118198
      vertex 10.765578776987349 3.265702619112701 104.36239685118198
      vertex 10.393644740751975 4.30518861410726 104.36239685118198
    endloop
  endfacet
  facet normal -0.6715589548470186 -0.7409511253549589 0
    outer loop
      vertex 6.3639610306789285 6.3639610306789285 90.36239685118198
      vertex 6.324198155532452 6.3999999999999995 103.36239684787893
      vertex 6.324198155532452 6.3999999999999995 101.36239684787893
    endloop
  endfacet
  facet normal -0.6715589548470187 -0.740951125354959 0
    outer loop
      vertex 6.3639610306789285 6.3639610306789285 90.36239685118198
      vertex 6.3639610306789285 6.3639610306789285 104.36239685118198
      vertex 6.324198155532452 6.3999999999999995 103.36239684787893
    endloop
  endfacet
  facet normal 0.6715589548470186 0.7409511253549589 1.052743882555076e-17
    outer loop
      vertex 7.95495128834866 7.95495128834866 90.36239685118198
      vertex 7.136924446841012 8.696367600330792 104.36239685118198
      vertex 7.905247694415563 7.999999999999999 101.36239684787893
    endloop
  endfacet
  facet normal -0.7409511253549598 -0.6715589548470177 0
    outer loop
      vertex 6.3639610306789285 6.3639610306789285 90.36239685118198
      vertex 6.957094080264633 5.70953955747281 104.36239685118198
      vertex 6.3639610306789285 6.3639610306789285 104.36239685118198
    endloop
  endfacet
  facet normal 0.514102744193221 0.8577286100002725 0
    outer loop
      vertex 6.250165121470524 9.354033138403635 90.36239685118198
      vertex 5.303213289292473 9.921614223918994 104.36239685118198
      vertex 6.250165121470524 9.354033138403635 104.36239685118198
    endloop
  endfacet
  facet normal 0.5956993044924329 0.8032075314806452 0
    outer loop
      vertex 7.136924446841012 8.696367600330792 90.36239685118198
      vertex 6.250165121470524 9.354033138403635 104.36239685118198
      vertex 7.136924446841012 8.696367600330792 104.36239685118198
    endloop
  endfacet
  facet normal 0.803207531480645 0.5956993044924332 0
    outer loop
      vertex 9.354033138403635 6.250165121470524 90.36239685118198
      vertex 9 6.727523548809667 101.36239684787893
      vertex 9 6.727523548809667 103.36239684787893
    endloop
  endfacet
  facet normal 0.803207531480645 0.5956993044924332 0
    outer loop
      vertex 9.354033138403635 6.250165121470524 90.36239685118198
      vertex 9 6.727523548809667 103.36239684787893
      vertex 9.354033138403635 6.250165121470524 104.36239685118198
    endloop
  endfacet
  facet normal 0.8577286100002725 0.514102744193221 0
    outer loop
      vertex 9.921614223918994 5.303213289292473 90.36239685118198
      vertex 9.354033138403635 6.250165121470524 104.36239685118198
      vertex 9.921614223918994 5.303213289292473 104.36239685118198
    endloop
  endfacet
  facet normal -0.6715589548470177 -0.7409511253549598 0
    outer loop
      vertex 5.70953955747281 6.957094080264633 104.36239685118198
      vertex 5.70953955747281 6.957094080264633 103.36239684787893
      vertex 6.324198155532452 6.3999999999999995 103.36239684787893
    endloop
  endfacet
  facet normal -0.6715589548470177 -0.7409511253549598 -6.677919695927429e-17
    outer loop
      vertex 6.3639610306789285 6.3639610306789285 104.36239685118198
      vertex 5.70953955747281 6.957094080264633 104.36239685118198
      vertex 6.324198155532452 6.3999999999999995 103.36239684787893
    endloop
  endfacet
  facet normal 0 0 1
    outer loop
      vertex 5.00013209717642 7.483226510722907 104.36239685118198
      vertex 5.70953955747281 6.957094080264633 104.36239685118198
      vertex 7.136924446841012 8.696367600330792 104.36239685118198
    endloop
  endfacet
  facet normal 0 0 1
    outer loop
      vertex 6.3639610306789285 6.3639610306789285 104.36239685118198
      vertex 7.95495128834866 7.95495128834866 104.36239685118198
      vertex 5.70953955747281 6.957094080264633 104.36239685118198
    endloop
  endfacet
  facet normal 0 0 1
    outer loop
      vertex 6.3639610306789285 6.3639610306789285 104.36239685118198
      vertex 6.957094080264633 5.70953955747281 104.36239685118198
      vertex 8.696367600330792 7.136924446841012 104.36239685118198
    endloop
  endfacet
  facet normal 0 0 1
    outer loop
      vertex 7.483226510722907 5.00013209717642 104.36239685118198
      vertex 9.354033138403635 6.250165121470524 104.36239685118198
      vertex 6.957094080264633 5.70953955747281 104.36239685118198
    endloop
  endfacet
  facet normal 0 0 1
    outer loop
      vertex 5.70953955747281 6.957094080264633 104.36239685118198
      vertex 7.95495128834866 7.95495128834866 104.36239685118198
      vertex 7.136924446841012 8.696367600330792 104.36239685118198
    endloop
  endfacet
  facet normal 0 0 1
    outer loop
      vertex 6.3639610306789285 6.3639610306789285 104.36239685118198
      vertex 8.696367600330792 7.136924446841012 104.36239685118198
      vertex 7.95495128834866 7.95495128834866 104.36239685118198
    endloop
  endfacet
  facet normal 0.6715589548470173 0.7409511253549601 0
    outer loop
      vertex 7.95495128834866 7.95495128834866 104.36239685118198
      vertex 7.95495128834866 7.95495128834866 103.36239684787893
      vertex 7.905247694415563 7.999999999999999 103.36239684787893
    endloop
  endfacet
  facet normal 0.6715589548470184 0.740951125354959 -1.068467151348388e-16
    outer loop
      vertex 7.95495128834866 7.95495128834866 104.36239685118198
      vertex 7.905247694415563 7.999999999999999 103.36239684787893
      vertex 7.136924446841012 8.696367600330792 104.36239685118198
    endloop
  endfacet
  facet normal 0.740951125354959 0.6715589548470184 0
    outer loop
      vertex 7.95495128834866 7.95495128834866 104.36239685118198
      vertex 8.696367600330792 7.136924446841012 104.36239685118198
      vertex 7.95495128834866 7.95495128834866 103.36239684787893
    endloop
  endfacet
  facet normal 0 0 1
    outer loop
      vertex 5.00013209717642 7.483226510722907 104.36239685118198
      vertex 7.136924446841012 8.696367600330792 104.36239685118198
      vertex 6.250165121470524 9.354033138403635 104.36239685118198
    endloop
  endfacet
  facet normal 0.6715589548470187 0.7409511253549589 0
    outer loop
      vertex 7.136924446841012 8.696367600330792 104.36239685118198
      vertex 7.905247694415563 7.999999999999999 103.36239684787893
      vertex 7.905247694415563 7.999999999999999 101.36239684787893
    endloop
  endfacet
  facet normal 0 0 1
    outer loop
      vertex 6.957094080264633 5.70953955747281 104.36239685118198
      vertex 9.354033138403635 6.250165121470524 104.36239685118198
      vertex 8.696367600330792 7.136924446841012 104.36239685118198
    endloop
  endfacet
  facet normal 0 0 1
    outer loop
      vertex 7.483226510722907 5.00013209717642 104.36239685118198
      vertex 9.921614223918994 5.303213289292473 104.36239685118198
      vertex 9.354033138403635 6.250165121470524 104.36239685118198
    endloop
  endfacet
  facet normal 0.8032075314806453 0.595699304492433 -2.514040356113855e-16
    outer loop
      vertex 9.354033138403635 6.250165121470524 104.36239685118198
      vertex 9 6.727523548809667 103.36239684787893
      vertex 8.696367600330792 7.136924446841012 104.36239685118198
    endloop
  endfacet
  facet normal 0.740951125354959 0.6715589548470184 0
    outer loop
      vertex 8.696367600330792 7.136924446841012 104.36239685118198
      vertex 8.696367600330792 7.136924446841012 103.36239684787893
      vertex 7.95495128834866 7.95495128834866 103.36239684787893
    endloop
  endfacet
  facet normal 0.8032075314806454 0.5956993044924325 0
    outer loop
      vertex 8.696367600330792 7.136924446841012 104.36239685118198
      vertex 9 6.727523548809667 103.36239684787893
      vertex 8.696367600330792 7.136924446841012 103.36239684787893
    endloop
  endfacet
  facet normal 0.049067674327417134 0.9987954562051724 0
    outer loop
      vertex 0 11.25 90.36239685118198
      vertex 0 11.25 104.36239685118198
      vertex 1.1026928287075568 11.195828175062216 90.36239685118198
    endloop
  endfacet
  facet normal 0.14673047445536244 0.9891765099647809 0
    outer loop
      vertex 1.1026928287075568 11.195828175062216 90.36239685118198
      vertex 1.1026928287075568 11.195828175062216 104.36239685118198
      vertex 2.1947661226814428 11.033834404536343 90.36239685118198
    endloop
  endfacet
  facet normal 0.049067674327417134 0.9987954562051724 0
    outer loop
      vertex 1.1026928287075568 11.195828175062216 90.36239685118198
      vertex 0 11.25 104.36239685118198
      vertex 1.1026928287075568 11.195828175062216 104.36239685118198
    endloop
  endfacet
  facet normal 0.14673047445536244 0.9891765099647809 0
    outer loop
      vertex 2.1947661226814428 11.033834404536343 90.36239685118198
      vertex 1.1026928287075568 11.195828175062216 104.36239685118198
      vertex 2.1947661226814428 11.033834404536343 104.36239685118198
    endloop
  endfacet
  facet normal 0.9987954562051724 0.049067674327417134 0
    outer loop
      vertex 11.25 0 90.36239685118198
      vertex 11.195828175062216 1.1026928287075568 90.36239685118198
      vertex 11.195828175062216 1.1026928287075568 104.36239685118198
    endloop
  endfacet
  facet normal 0.9891765099647809 0.14673047445536244 0
    outer loop
      vertex 11.195828175062216 1.1026928287075568 90.36239685118198
      vertex 11.033834404536343 2.1947661226814428 90.36239685118198
      vertex 11.033834404536343 2.1947661226814428 104.36239685118198
    endloop
  endfacet
  facet normal 0.9987954562051724 0.049067674327417134 0
    outer loop
      vertex 11.25 0 90.36239685118198
      vertex 11.195828175062216 1.1026928287075568 104.36239685118198
      vertex 11.25 0 104.36239685118198
    endloop
  endfacet
  facet normal 0.9891765099647809 0.14673047445536244 0
    outer loop
      vertex 11.195828175062216 1.1026928287075568 90.36239685118198
      vertex 11.033834404536343 2.1947661226814428 104.36239685118198
      vertex 11.195828175062216 1.1026928287075568 104.36239685118198
    endloop
  endfacet
endsolid OpenSCAD_Model
