solid OpenSCAD_Model
  facet normal 0 0 -1
    outer loop
      vertex -13.611370094120502 -9.32633925974369 0
      vertex -11.025002039968967 -7.105059690773487 0
      vertex -13.076020404696465 -10.063184894621372 0
    endloop
  endfacet
  facet normal 0 0 -1
    outer loop
      vertex -9.32633925974369 -13.611370094120502 0
      vertex -10.063184894621372 -13.076020404696465 0
      vertex -7.105059690773487 -11.025002039968967 0
    endloop
  endfacet
  facet normal 0 0 -1
    outer loop
      vertex -13.076020404696465 -10.063184894621372 0
      vertex -11.025002039968967 -7.105059690773487 0
      vertex -10.104809023439884 -8.371596708893776 0
    endloop
  endfacet
  facet normal 0 0 -1
    outer loop
      vertex -13.076020404696465 -10.063184894621372 0
      vertex -10.104809023439884 -8.371596708893776 0
      vertex -10.07909356802702 -8.406991012394428 0
    endloop
  endfacet
  facet normal 0 0 -1
    outer loop
      vertex -10.063184894621372 -13.076020404696465 0
      vertex -8.371596708893776 -10.104809023439884 0
      vertex -7.105059690773487 -11.025002039968967 0
    endloop
  endfacet
  facet normal 0 0 -1
    outer loop
      vertex -10.063184894621372 -13.076020404696465 0
      vertex -8.406991012394428 -10.07909356802702 0
      vertex -8.371596708893776 -10.104809023439884 0
    endloop
  endfacet
  facet normal -0.8090169948394681 -0.5877852516531153 0
    outer loop
      vertex -13.611370094120502 -9.32633925974369 0
      vertex -13.076020404696465 -10.063184894621372 0
      vertex -13.611370094120502 -9.32633925974369 6.8999999999999995
    endloop
  endfacet
  facet normal -0.5877852516531153 -0.8090169948394681 0
    outer loop
      vertex -9.32633925974369 -13.611370094120502 0
      vertex -10.063184894621372 -13.076020404696465 6.8999999999999995
      vertex -10.063184894621372 -13.076020404696465 0
    endloop
  endfacet
  facet normal 0.7304768960697146 -0.6829374087779606 0
    outer loop
      vertex -9.32633925974369 -13.611370094120502 0
      vertex -6.987884521484375 -11.110134787857533 0
      vertex -9.32633925974369 -13.611370094120502 6.8999999999999995
    endloop
  endfacet
  facet normal 0.4836855462313077 -0.8752418479294289 0
    outer loop
      vertex -13.076020404696465 -10.063184894621372 0
      vertex -10.07909356802702 -8.406991012394428 0
      vertex -13.076020404696465 -10.063184894621372 6.8999999999999995
    endloop
  endfacet
  facet normal -0.8752418479294289 0.4836855462313077 0
    outer loop
      vertex -10.063184894621372 -13.076020404696465 0
      vertex -8.406991012394428 -10.07909356802702 6.8999999999999995
      vertex -8.406991012394428 -10.07909356802702 0
    endloop
  endfacet
  facet normal 0.8090171175182794 0.58778508280018 0
    outer loop
      vertex -10.07909356802702 -8.406991012394428 0
      vertex -10.104809023439884 -8.371596708893776 0
      vertex -10.07909356802702 -8.406991012394428 6.8999999999999995
    endloop
  endfacet
  facet normal -0.7409511284761477 -0.6715589514033173 0
    outer loop
      vertex -9.280776500701904 -9.280776500701904 0
      vertex -10.104809023439884 -8.371596708893776 6.8999999999999995
      vertex -10.104809023439884 -8.371596708893776 0
    endloop
  endfacet
  facet normal -0.6715589514033173 -0.7409511284761477 0
    outer loop
      vertex -9.280776500701904 -9.280776500701904 0
      vertex -8.371596708893776 -10.104809023439884 0
      vertex -9.280776500701904 -9.280776500701904 6.8999999999999995
    endloop
  endfacet
  facet normal 0.58778508280018 0.8090171175182794 0
    outer loop
      vertex -8.406991012394428 -10.07909356802702 0
      vertex -8.371596708893776 -10.104809023439884 6.8999999999999995
      vertex -8.371596708893776 -10.104809023439884 0
    endloop
  endfacet
  facet normal 0 0 -1
    outer loop
      vertex -15.54572956264019 -5.52994504570961 0
      vertex -15.827179551124573 -4.663731053471565 0
      vertex -12.654696509242058 -3.4313055649399757 0
    endloop
  endfacet
  facet normal 0 0 -1
    outer loop
      vertex -15.54572956264019 -5.52994504570961 0
      vertex -12.654696509242058 -3.4313055649399757 0
      vertex -12.253170602023602 -4.667075254023075 0
    endloop
  endfacet
  facet normal 0 0 -1
    outer loop
      vertex -15.54572956264019 -5.52994504570961 0
      vertex -12.253170602023602 -4.667075254023075 0
      vertex -12.183690711855888 -4.880912385880947 0
    endloop
  endfacet
  facet normal 0 0 -1
    outer loop
      vertex -15.827179551124573 -4.663731053471565 0
      vertex -12.725741155445576 -3.2126526460051537 0
      vertex -12.654696509242058 -3.4313055649399757 0
    endloop
  endfacet
  facet normal 0 0 -1
    outer loop
      vertex -16.493714399635792 -0.4553956463932991 0
      vertex -13.09566331654787 -0.5971619412302971 0
      vertex -13.09566331654787 -0.8770560473203659 0
    endloop
  endfacet
  facet normal 0 0 -1
    outer loop
      vertex -16.493714399635792 -0.4553956463932991 0
      vertex -13.09566331654787 0.5971619412302971 0
      vertex -13.09566331654787 -0.5971619412302971 0
    endloop
  endfacet
  facet normal 0 0 -1
    outer loop
      vertex -13.611370094120502 -9.32633925974369 0
      vertex -11.110134787857533 -6.987884521484375 0
      vertex -11.025002039968967 -7.105059690773487 0
    endloop
  endfacet
  facet normal 0 0 -1
    outer loop
      vertex -9.280776500701904 -9.280776500701904 0
      vertex -10.104809023439884 -8.371596708893776 0
      vertex -7.105059690773487 11.025002039968967 0
    endloop
  endfacet
  facet normal 0 0 -1
    outer loop
      vertex -9.280776500701904 -9.280776500701904 0
      vertex -7.105059690773487 11.025002039968967 0
      vertex -8.371596708893776 -10.104809023439884 0
    endloop
  endfacet
  facet normal 0 0 -1
    outer loop
      vertex -10.104809023439884 -8.371596708893776 0
      vertex -11.025002039968967 -7.105059690773487 0
      vertex -7.105059690773487 11.025002039968967 0
    endloop
  endfacet
  facet normal 0 0 -1
    outer loop
      vertex -11.575216591358185 -6.1870821714401245 0
      vertex -7.105059690773487 11.025002039968967 0
      vertex -11.025002039968967 -7.105059690773487 0
    endloop
  endfacet
  facet normal 0 0 -1
    outer loop
      vertex -11.575216591358185 -6.1870821714401245 0
      vertex -12.125918865203857 -5.022720046341419 0
      vertex -7.105059690773487 11.025002039968967 0
    endloop
  endfacet
  facet normal -0.9510565158906104 -0.30901699562000323 0
    outer loop
      vertex -15.54572956264019 -5.52994504570961 0
      vertex -15.827179551124573 -4.663731053471565 6.8999999999999995
      vertex -15.827179551124573 -4.663731053471565 0
    endloop
  endfacet
  facet normal 0.1895476852818562 -0.9818715165459738 0
    outer loop
      vertex -15.54572956264019 -5.52994504570961 0
      vertex -12.183690711855888 -4.880912385880947 0
      vertex -15.54572956264019 -5.52994504570961 6.8999999999999995
    endloop
  endfacet
  facet normal -0.12314442372137806 -0.9923887599657353 0
    outer loop
      vertex -16.493714399635792 -0.4553956463932991 0
      vertex -13.09566331654787 -0.8770560473203659 0
      vertex -16.493714399635792 -0.4553956463932991 6.8999999999999995
    endloop
  endfacet
  facet normal -0.4237822992015906 0.9057640768342569 0
    outer loop
      vertex -15.827179551124573 -4.663731053471565 0
      vertex -12.725741155445576 -3.2126526460051537 6.8999999999999995
      vertex -12.725741155445576 -3.2126526460051537 0
    endloop
  endfacet
  facet normal 0.9510565083660164 0.30901701877832144 0
    outer loop
      vertex -12.654696509242058 -3.4313055649399757 0
      vertex -12.725741155445576 -3.2126526460051537 0
      vertex -12.654696509242058 -3.4313055649399757 6.8999999999999995
    endloop
  endfacet
  facet normal -0.9700312522330675 -0.24298018374169336 0
    outer loop
      vertex -12.654696509242058 -3.4313055649399757 0
      vertex -12.872806802392006 -2.56056047976017 6.8999999999999995
      vertex -12.872806802392006 -2.56056047976017 0
    endloop
  endfacet
  facet normal -0.98917650931576 -0.14673047883070559 0
    outer loop
      vertex -12.872806802392006 -2.56056047976017 0
      vertex -13.06179954111576 -1.2864749655127525 6.8999999999999995
      vertex -13.06179954111576 -1.2864749655127525 0
    endloop
  endfacet
  facet normal -0.9987954563440686 -0.04906767150012208 0
    outer loop
      vertex -13.06179954111576 -1.2864749655127525 0
      vertex -13.09566331654787 -0.5971619412302971 6.8999999999999995
      vertex -13.09566331654787 -0.5971619412302971 0
    endloop
  endfacet
  facet normal 1 0 0
    outer loop
      vertex -13.09566331654787 -0.8770560473203659 0
      vertex -13.09566331654787 -0.5971619412302971 0
      vertex -13.09566331654787 -0.8770560473203659 6.8999999999999995
    endloop
  endfacet
  facet normal -0.6829374087779606 0.7304768960697146 0
    outer loop
      vertex -13.611370094120502 -9.32633925974369 0
      vertex -11.110134787857533 -6.987884521484375 6.8999999999999995
      vertex -11.110134787857533 -6.987884521484375 0
    endloop
  endfacet
  facet normal -0.8577286097274133 -0.5141027446484593 0
    outer loop
      vertex -11.575216591358185 -6.1870821714401245 0
      vertex -11.025002039968967 -7.105059690773487 0
      vertex -11.575216591358185 -6.1870821714401245 6.8999999999999995
    endloop
  endfacet
  facet normal 0.8090169806715026 0.5877852711536462 0
    outer loop
      vertex -11.110134787857533 -6.987884521484375 0
      vertex -11.025002039968967 -7.105059690773487 6.8999999999999995
      vertex -11.025002039968967 -7.105059690773487 0
    endloop
  endfacet
  facet normal -0.9039892924356635 -0.42755509488447047 0
    outer loop
      vertex -11.575216591358185 -6.1870821714401245 0
      vertex -12.125918865203857 -5.022720046341419 6.8999999999999995
      vertex -12.125918865203857 -5.022720046341419 0
    endloop
  endfacet
  facet normal -0.9415440690689677 -0.33688984253172577 0
    outer loop
      vertex -12.125918865203857 -5.022720046341419 0
      vertex -12.253170602023602 -4.667075254023075 6.8999999999999995
      vertex -12.253170602023602 -4.667075254023075 0
    endloop
  endfacet
  facet normal 0.951056523822616 0.30901697120779936 0
    outer loop
      vertex -12.253170602023602 -4.667075254023075 0
      vertex -12.183690711855888 -4.880912385880947 6.8999999999999995
      vertex -12.183690711855888 -4.880912385880947 0
    endloop
  endfacet
  facet normal 0 0 -1
    outer loop
      vertex -5.52994504570961 -15.54572956264019 0
      vertex -3.4313055649399757 -12.654696509242058 0
      vertex -4.663731053471565 -15.827179551124573 0
    endloop
  endfacet
  facet normal 0 0 -1
    outer loop
      vertex -5.52994504570961 -15.54572956264019 0
      vertex -4.667075254023075 -12.253170602023602 0
      vertex -3.4313055649399757 -12.654696509242058 0
    endloop
  endfacet
  facet normal 0 0 -1
    outer loop
      vertex -5.52994504570961 -15.54572956264019 0
      vertex -4.880912385880947 -12.183690711855888 0
      vertex -4.667075254023075 -12.253170602023602 0
    endloop
  endfacet
  facet normal 0 0 -1
    outer loop
      vertex -9.32633925974369 -13.611370094120502 0
      vertex -7.105059690773487 -11.025002039968967 0
      vertex -6.987884521484375 -11.110134787857533 0
    endloop
  endfacet
  facet normal 0 0 -1
    outer loop
      vertex -4.663731053471565 -15.827179551124573 0
      vertex -3.4313055649399757 -12.654696509242058 0
      vertex -3.2126526460051537 -12.725741155445576 0
    endloop
  endfacet
  facet normal 0 0 -1
    outer loop
      vertex -0.4553956463932991 -16.493714399635792 0
      vertex -0.5971619412302971 -13.09566331654787 0
      vertex 0.4553956463932991 -16.493714399635792 0
    endloop
  endfacet
  facet normal 0 0 -1
    outer loop
      vertex -0.4553956463932991 -16.493714399635792 0
      vertex -0.8770560473203659 -13.09566331654787 0
      vertex -0.5971619412302971 -13.09566331654787 0
    endloop
  endfacet
  facet normal -0.30901699562000323 -0.9510565158906104 0
    outer loop
      vertex -5.52994504570961 -15.54572956264019 0
      vertex -4.663731053471565 -15.827179551124573 0
      vertex -5.52994504570961 -15.54572956264019 6.8999999999999995
    endloop
  endfacet
  facet normal 0.9057640768342569 -0.4237822992015906 0
    outer loop
      vertex -4.663731053471565 -15.827179551124573 0
      vertex -3.2126526460051537 -12.725741155445576 0
      vertex -4.663731053471565 -15.827179551124573 6.8999999999999995
    endloop
  endfacet
  facet normal -0.9818715165459738 0.1895476852818562 0
    outer loop
      vertex -5.52994504570961 -15.54572956264019 0
      vertex -4.880912385880947 -12.183690711855888 6.8999999999999995
      vertex -4.880912385880947 -12.183690711855888 0
    endloop
  endfacet
  facet normal 0.5877852711536462 0.8090169806715026 0
    outer loop
      vertex -6.987884521484375 -11.110134787857533 0
      vertex -7.105059690773487 -11.025002039968967 0
      vertex -6.987884521484375 -11.110134787857533 6.8999999999999995
    endloop
  endfacet
  facet normal -0.5141027446484593 -0.8577286097274133 0
    outer loop
      vertex -6.1870821714401245 -11.575216591358185 0
      vertex -7.105059690773487 -11.025002039968967 6.8999999999999995
      vertex -7.105059690773487 -11.025002039968967 0
    endloop
  endfacet
  facet normal -0.42755509488447047 -0.9039892924356635 0
    outer loop
      vertex -6.1870821714401245 -11.575216591358185 0
      vertex -5.022720046341419 -12.125918865203857 0
      vertex -6.1870821714401245 -11.575216591358185 6.8999999999999995
    endloop
  endfacet
  facet normal -0.33688984253172577 -0.9415440690689677 0
    outer loop
      vertex -5.022720046341419 -12.125918865203857 0
      vertex -4.667075254023075 -12.253170602023602 0
      vertex -5.022720046341419 -12.125918865203857 6.8999999999999995
    endloop
  endfacet
  facet normal 0.30901697120779936 0.951056523822616 0
    outer loop
      vertex -4.880912385880947 -12.183690711855888 0
      vertex -4.667075254023075 -12.253170602023602 6.8999999999999995
      vertex -4.667075254023075 -12.253170602023602 0
    endloop
  endfacet
  facet normal 0.30901701877832144 0.9510565083660164 0
    outer loop
      vertex -3.4313055649399757 -12.654696509242058 0
      vertex -3.2126526460051537 -12.725741155445576 6.8999999999999995
      vertex -3.2126526460051537 -12.725741155445576 0
    endloop
  endfacet
  facet normal -0.24298018374169336 -0.9700312522330675 0
    outer loop
      vertex -3.4313055649399757 -12.654696509242058 0
      vertex -2.56056047976017 -12.872806802392006 0
      vertex -3.4313055649399757 -12.654696509242058 6.8999999999999995
    endloop
  endfacet
  facet normal -0.14673047883070559 -0.98917650931576 0
    outer loop
      vertex -2.56056047976017 -12.872806802392006 0
      vertex -1.2864749655127525 -13.06179954111576 0
      vertex -2.56056047976017 -12.872806802392006 6.8999999999999995
    endloop
  endfacet
  facet normal 0 -1 0
    outer loop
      vertex -0.4553956463932991 -16.493714399635792 0
      vertex 0.4553956463932991 -16.493714399635792 0
      vertex -0.4553956463932991 -16.493714399635792 6.8999999999999995
    endloop
  endfacet
  facet normal -0.04906767150012208 -0.9987954563440686 0
    outer loop
      vertex -1.2864749655127525 -13.06179954111576 0
      vertex -0.5971619412302971 -13.09566331654787 0
      vertex -1.2864749655127525 -13.06179954111576 6.8999999999999995
    endloop
  endfacet
  facet normal -0.9923887599657353 -0.12314442372137806 0
    outer loop
      vertex -0.4553956463932991 -16.493714399635792 0
      vertex -0.8770560473203659 -13.09566331654787 6.8999999999999995
      vertex -0.8770560473203659 -13.09566331654787 0
    endloop
  endfacet
  facet normal 0 1 0
    outer loop
      vertex -0.8770560473203659 -13.09566331654787 0
      vertex -0.5971619412302971 -13.09566331654787 6.8999999999999995
      vertex -0.5971619412302971 -13.09566331654787 0
    endloop
  endfacet
  facet normal 0 0 -1
    outer loop
      vertex -6.1870821714401245 -11.575216591358185 0
      vertex -7.105059690773487 11.025002039968967 0
      vertex -5.022720046341419 -12.125918865203857 0
    endloop
  endfacet
  facet normal 0 0 -1
    outer loop
      vertex -5.022720046341419 -12.125918865203857 0
      vertex -7.105059690773487 11.025002039968967 0
      vertex -4.667075254023075 -12.253170602023602 0
    endloop
  endfacet
  facet normal 0 0 -1
    outer loop
      vertex -4.667075254023075 -12.253170602023602 0
      vertex -7.105059690773487 11.025002039968967 0
      vertex -3.4313055649399757 -12.654696509242058 0
    endloop
  endfacet
  facet normal 0 0 -1
    outer loop
      vertex -3.4313055649399757 -12.654696509242058 0
      vertex -7.105059690773487 11.025002039968967 0
      vertex -2.56056047976017 -12.872806802392006 0
    endloop
  endfacet
  facet normal 0 0 -1
    outer loop
      vertex -8.371596708893776 -10.104809023439884 0
      vertex -7.105059690773487 11.025002039968967 0
      vertex -7.105059690773487 -11.025002039968967 0
    endloop
  endfacet
  facet normal 0 0 -1
    outer loop
      vertex -6.1870821714401245 -11.575216591358185 0
      vertex -7.105059690773487 -11.025002039968967 0
      vertex -7.105059690773487 11.025002039968967 0
    endloop
  endfacet
  facet normal 0 0 -1
    outer loop
      vertex -2.56056047976017 -12.872806802392006 0
      vertex -7.105059690773487 11.025002039968967 0
      vertex -1.2864749655127525 -13.06179954111576 0
    endloop
  endfacet
  facet normal 0 0 -1
    outer loop
      vertex -1.2864749655127525 -13.06179954111576 0
      vertex -7.105059690773487 11.025002039968967 0
      vertex -0.5971619412302971 -13.09566331654787 0
    endloop
  endfacet
  facet normal 0 0 -1
    outer loop
      vertex -0.5971619412302971 -13.09566331654787 0
      vertex -7.105059690773487 11.025002039968967 0
      vertex 0.5971619412302971 -13.09566331654787 0
    endloop
  endfacet
  facet normal 0 0 -1
    outer loop
      vertex -7.105059690773487 11.025002039968967 0
      vertex 1.2864749655127525 -13.06179954111576 0
      vertex 0.5971619412302971 -13.09566331654787 0
    endloop
  endfacet
  facet normal 0 0 -1
    outer loop
      vertex -7.105059690773487 11.025002039968967 0
      vertex 2.56056047976017 -12.872806802392006 0
      vertex 1.2864749655127525 -13.06179954111576 0
    endloop
  endfacet
  facet normal 0 0 -1
    outer loop
      vertex 2.56056047976017 -12.872806802392006 0
      vertex -1.777924042734295 -1.4591045535763845 0
      vertex -1.6263455967290592 -1.6263455967290592 0
    endloop
  endfacet
  facet normal 0 0 -1
    outer loop
      vertex 2.56056047976017 -12.872806802392006 0
      vertex -1.9123801082958538 -1.277811535945085 0
      vertex -1.777924042734295 -1.4591045535763845 0
    endloop
  endfacet
  facet normal 0 0 -1
    outer loop
      vertex 2.56056047976017 -12.872806802392006 0
      vertex -1.6263455967290592 -1.6263455967290592 0
      vertex -1.4591045535763845 -1.777924042734295 0
    endloop
  endfacet
  facet normal 0 0 -1
    outer loop
      vertex 2.56056047976017 -12.872806802392006 0
      vertex -1.4591045535763845 -1.777924042734295 0
      vertex -1.277811535945085 -1.9123801082958538 0
    endloop
  endfacet
  facet normal 0 0 -1
    outer loop
      vertex 2.56056047976017 -12.872806802392006 0
      vertex -2.124922924775959 -0.8801718944397064 0
      vertex -2.0284189080012163 -1.0842124946997944 0
    endloop
  endfacet
  facet normal 0 0 -1
    outer loop
      vertex 2.56056047976017 -12.872806802392006 0
      vertex -2.0284189080012163 -1.0842124946997944 0
      vertex -1.9123801082958538 -1.277811535945085 0
    endloop
  endfacet
  facet normal 0 0 -1
    outer loop
      vertex -7.105059690773487 11.025002039968967 0
      vertex -2.124922924775959 -0.8801718944397064 0
      vertex 2.56056047976017 -12.872806802392006 0
    endloop
  endfacet
  facet normal -0.8090169948394681 -0.5877852516531153 0
    outer loop
      vertex -13.076020404696465 -10.063184894621372 0
      vertex -13.076020404696465 -10.063184894621372 6.8999999999999995
      vertex -13.611370094120502 -9.32633925974369 6.8999999999999995
    endloop
  endfacet
  facet normal -0.6829374087779606 0.7304768960697146 0
    outer loop
      vertex -13.611370094120502 -9.32633925974369 0
      vertex -13.611370094120502 -9.32633925974369 6.8999999999999995
      vertex -11.110134787857533 -6.987884521484375 6.8999999999999995
    endloop
  endfacet
  facet normal -0.5877852516531153 -0.8090169948394681 0
    outer loop
      vertex -9.32633925974369 -13.611370094120502 0
      vertex -9.32633925974369 -13.611370094120502 6.8999999999999995
      vertex -10.063184894621372 -13.076020404696465 6.8999999999999995
    endloop
  endfacet
  facet normal 0.4836855462313077 -0.8752418479294289 0
    outer loop
      vertex -10.07909356802702 -8.406991012394428 0
      vertex -10.07909356802702 -8.406991012394428 6.8999999999999995
      vertex -13.076020404696465 -10.063184894621372 6.8999999999999995
    endloop
  endfacet
  facet normal -0.8752418479294289 0.4836855462313077 0
    outer loop
      vertex -10.063184894621372 -13.076020404696465 0
      vertex -10.063184894621372 -13.076020404696465 6.8999999999999995
      vertex -8.406991012394428 -10.07909356802702 6.8999999999999995
    endloop
  endfacet
  facet normal 0.8090171175182794 0.58778508280018 0
    outer loop
      vertex -10.104809023439884 -8.371596708893776 0
      vertex -10.104809023439884 -8.371596708893776 6.8999999999999995
      vertex -10.07909356802702 -8.406991012394428 6.8999999999999995
    endloop
  endfacet
  facet normal -0.7409511284761477 -0.6715589514033173 0
    outer loop
      vertex -9.280776500701904 -9.280776500701904 0
      vertex -9.280776500701904 -9.280776500701904 6.8999999999999995
      vertex -10.104809023439884 -8.371596708893776 6.8999999999999995
    endloop
  endfacet
  facet normal -0.6715589514033173 -0.7409511284761477 0
    outer loop
      vertex -8.371596708893776 -10.104809023439884 0
      vertex -8.371596708893776 -10.104809023439884 6.8999999999999995
      vertex -9.280776500701904 -9.280776500701904 6.8999999999999995
    endloop
  endfacet
  facet normal 0.58778508280018 0.8090171175182794 0
    outer loop
      vertex -8.406991012394428 -10.07909356802702 0
      vertex -8.406991012394428 -10.07909356802702 6.8999999999999995
      vertex -8.371596708893776 -10.104809023439884 6.8999999999999995
    endloop
  endfacet
  facet normal 0 0 1
    outer loop
      vertex -13.611370094120502 -9.32633925974369 6.8999999999999995
      vertex -13.076020404696465 -10.063184894621372 6.8999999999999995
      vertex -11.025002039968967 -7.105059690773487 6.8999999999999995
    endloop
  endfacet
  facet normal 0 0 1
    outer loop
      vertex -9.32633925974369 -13.611370094120502 6.8999999999999995
      vertex -7.105059690773487 -11.025002039968967 6.8999999999999995
      vertex -10.063184894621372 -13.076020404696465 6.8999999999999995
    endloop
  endfacet
  facet normal 0 0 1
    outer loop
      vertex -13.076020404696465 -10.063184894621372 6.8999999999999995
      vertex -10.104809023439884 -8.371596708893776 6.8999999999999995
      vertex -11.025002039968967 -7.105059690773487 6.8999999999999995
    endloop
  endfacet
  facet normal 0 0 1
    outer loop
      vertex -13.076020404696465 -10.063184894621372 6.8999999999999995
      vertex -10.07909356802702 -8.406991012394428 6.8999999999999995
      vertex -10.104809023439884 -8.371596708893776 6.8999999999999995
    endloop
  endfacet
  facet normal 0 0 1
    outer loop
      vertex -10.063184894621372 -13.076020404696465 6.8999999999999995
      vertex -7.105059690773487 -11.025002039968967 6.8999999999999995
      vertex -8.371596708893776 -10.104809023439884 6.8999999999999995
    endloop
  endfacet
  facet normal 0 0 1
    outer loop
      vertex -10.063184894621372 -13.076020404696465 6.8999999999999995
      vertex -8.371596708893776 -10.104809023439884 6.8999999999999995
      vertex -8.406991012394428 -10.07909356802702 6.8999999999999995
    endloop
  endfacet
  facet normal -0.9510565158906104 -0.30901699562000323 0
    outer loop
      vertex -15.54572956264019 -5.52994504570961 0
      vertex -15.54572956264019 -5.52994504570961 6.8999999999999995
      vertex -15.827179551124573 -4.663731053471565 6.8999999999999995
    endloop
  endfacet
  facet normal -0.4237822992015906 0.9057640768342569 0
    outer loop
      vertex -15.827179551124573 -4.663731053471565 0
      vertex -15.827179551124573 -4.663731053471565 6.8999999999999995
      vertex -12.725741155445576 -3.2126526460051537 6.8999999999999995
    endloop
  endfacet
  facet normal 0.1895476852818562 -0.9818715165459738 0
    outer loop
      vertex -12.183690711855888 -4.880912385880947 0
      vertex -12.183690711855888 -4.880912385880947 6.8999999999999995
      vertex -15.54572956264019 -5.52994504570961 6.8999999999999995
    endloop
  endfacet
  facet normal -1 0 0
    outer loop
      vertex -16.493714399635792 -0.4553956463932991 0
      vertex -16.493714399635792 -0.4553956463932991 6.8999999999999995
      vertex -16.493714399635792 0.4553956463932991 6.8999999999999995
    endloop
  endfacet
  facet normal 0.9510565083660164 0.30901701877832144 0
    outer loop
      vertex -12.725741155445576 -3.2126526460051537 0
      vertex -12.725741155445576 -3.2126526460051537 6.8999999999999995
      vertex -12.654696509242058 -3.4313055649399757 6.8999999999999995
    endloop
  endfacet
  facet normal -0.9700312522330675 -0.24298018374169336 0
    outer loop
      vertex -12.654696509242058 -3.4313055649399757 0
      vertex -12.654696509242058 -3.4313055649399757 6.8999999999999995
      vertex -12.872806802392006 -2.56056047976017 6.8999999999999995
    endloop
  endfacet
  facet normal -0.98917650931576 -0.14673047883070559 0
    outer loop
      vertex -12.872806802392006 -2.56056047976017 0
      vertex -12.872806802392006 -2.56056047976017 6.8999999999999995
      vertex -13.06179954111576 -1.2864749655127525 6.8999999999999995
    endloop
  endfacet
  facet normal -0.12314442372137806 -0.9923887599657353 0
    outer loop
      vertex -13.09566331654787 -0.8770560473203659 0
      vertex -13.09566331654787 -0.8770560473203659 6.8999999999999995
      vertex -16.493714399635792 -0.4553956463932991 6.8999999999999995
    endloop
  endfacet
  facet normal -0.9987954563440686 -0.04906767150012208 0
    outer loop
      vertex -13.06179954111576 -1.2864749655127525 0
      vertex -13.06179954111576 -1.2864749655127525 6.8999999999999995
      vertex -13.09566331654787 -0.5971619412302971 6.8999999999999995
    endloop
  endfacet
  facet normal 1 0 0
    outer loop
      vertex -13.09566331654787 -0.5971619412302971 0
      vertex -13.09566331654787 -0.5971619412302971 6.8999999999999995
      vertex -13.09566331654787 -0.8770560473203659 6.8999999999999995
    endloop
  endfacet
  facet normal 0.8090169806715026 0.5877852711536462 0
    outer loop
      vertex -11.110134787857533 -6.987884521484375 0
      vertex -11.110134787857533 -6.987884521484375 6.8999999999999995
      vertex -11.025002039968967 -7.105059690773487 6.8999999999999995
    endloop
  endfacet
  facet normal -0.8577286097274133 -0.5141027446484593 0
    outer loop
      vertex -11.025002039968967 -7.105059690773487 0
      vertex -11.025002039968967 -7.105059690773487 6.8999999999999995
      vertex -11.575216591358185 -6.1870821714401245 6.8999999999999995
    endloop
  endfacet
  facet normal -0.9039892924356635 -0.42755509488447047 0
    outer loop
      vertex -11.575216591358185 -6.1870821714401245 0
      vertex -11.575216591358185 -6.1870821714401245 6.8999999999999995
      vertex -12.125918865203857 -5.022720046341419 6.8999999999999995
    endloop
  endfacet
  facet normal -0.9415440690689677 -0.33688984253172577 0
    outer loop
      vertex -12.125918865203857 -5.022720046341419 0
      vertex -12.125918865203857 -5.022720046341419 6.8999999999999995
      vertex -12.253170602023602 -4.667075254023075 6.8999999999999995
    endloop
  endfacet
  facet normal 0.951056523822616 0.30901697120779936 0
    outer loop
      vertex -12.253170602023602 -4.667075254023075 0
      vertex -12.253170602023602 -4.667075254023075 6.8999999999999995
      vertex -12.183690711855888 -4.880912385880947 6.8999999999999995
    endloop
  endfacet
  facet normal 0 0 1
    outer loop
      vertex -15.54572956264019 -5.52994504570961 6.8999999999999995
      vertex -12.654696509242058 -3.4313055649399757 6.8999999999999995
      vertex -15.827179551124573 -4.663731053471565 6.8999999999999995
    endloop
  endfacet
  facet normal 0 0 1
    outer loop
      vertex -15.54572956264019 -5.52994504570961 6.8999999999999995
      vertex -12.253170602023602 -4.667075254023075 6.8999999999999995
      vertex -12.654696509242058 -3.4313055649399757 6.8999999999999995
    endloop
  endfacet
  facet normal 0 0 1
    outer loop
      vertex -15.54572956264019 -5.52994504570961 6.8999999999999995
      vertex -12.183690711855888 -4.880912385880947 6.8999999999999995
      vertex -12.253170602023602 -4.667075254023075 6.8999999999999995
    endloop
  endfacet
  facet normal 0 0 1
    outer loop
      vertex -15.827179551124573 -4.663731053471565 6.8999999999999995
      vertex -12.654696509242058 -3.4313055649399757 6.8999999999999995
      vertex -12.725741155445576 -3.2126526460051537 6.8999999999999995
    endloop
  endfacet
  facet normal 0 0 1
    outer loop
      vertex -16.493714399635792 -0.4553956463932991 6.8999999999999995
      vertex -13.09566331654787 -0.8770560473203659 6.8999999999999995
      vertex -13.09566331654787 -0.5971619412302971 6.8999999999999995
    endloop
  endfacet
  facet normal 0 0 1
    outer loop
      vertex -16.493714399635792 -0.4553956463932991 6.8999999999999995
      vertex -13.09566331654787 -0.5971619412302971 6.8999999999999995
      vertex -13.09566331654787 0.5971619412302971 6.8999999999999995
    endloop
  endfacet
  facet normal 0 0 1
    outer loop
      vertex -13.611370094120502 -9.32633925974369 6.8999999999999995
      vertex -11.025002039968967 -7.105059690773487 6.8999999999999995
      vertex -11.110134787857533 -6.987884521484375 6.8999999999999995
    endloop
  endfacet
  facet normal 0 0 1
    outer loop
      vertex -9.280776500701904 -9.280776500701904 6.8999999999999995
      vertex -7.105059690773487 11.025002039968967 6.8999999999999995
      vertex -10.104809023439884 -8.371596708893776 6.8999999999999995
    endloop
  endfacet
  facet normal 0 0 1
    outer loop
      vertex -9.280776500701904 -9.280776500701904 6.8999999999999995
      vertex -8.371596708893776 -10.104809023439884 6.8999999999999995
      vertex -7.105059690773487 11.025002039968967 6.8999999999999995
    endloop
  endfacet
  facet normal 0 0 1
    outer loop
      vertex -10.104809023439884 -8.371596708893776 6.8999999999999995
      vertex -7.105059690773487 11.025002039968967 6.8999999999999995
      vertex -11.025002039968967 -7.105059690773487 6.8999999999999995
    endloop
  endfacet
  facet normal 0 0 1
    outer loop
      vertex -11.575216591358185 -6.1870821714401245 6.8999999999999995
      vertex -11.025002039968967 -7.105059690773487 6.8999999999999995
      vertex -7.105059690773487 11.025002039968967 6.8999999999999995
    endloop
  endfacet
  facet normal 0 0 1
    outer loop
      vertex -11.575216591358185 -6.1870821714401245 6.8999999999999995
      vertex -7.105059690773487 11.025002039968967 6.8999999999999995
      vertex -12.125918865203857 -5.022720046341419 6.8999999999999995
    endloop
  endfacet
  facet normal -0.30901699562000323 -0.9510565158906104 0
    outer loop
      vertex -4.663731053471565 -15.827179551124573 0
      vertex -4.663731053471565 -15.827179551124573 6.8999999999999995
      vertex -5.52994504570961 -15.54572956264019 6.8999999999999995
    endloop
  endfacet
  facet normal -0.9818715165459738 0.1895476852818562 0
    outer loop
      vertex -5.52994504570961 -15.54572956264019 0
      vertex -5.52994504570961 -15.54572956264019 6.8999999999999995
      vertex -4.880912385880947 -12.183690711855888 6.8999999999999995
    endloop
  endfacet
  facet normal 0.7304768960697146 -0.6829374087779606 0
    outer loop
      vertex -6.987884521484375 -11.110134787857533 0
      vertex -6.987884521484375 -11.110134787857533 6.8999999999999995
      vertex -9.32633925974369 -13.611370094120502 6.8999999999999995
    endloop
  endfacet
  facet normal -0.5141027446484593 -0.8577286097274133 0
    outer loop
      vertex -6.1870821714401245 -11.575216591358185 0
      vertex -6.1870821714401245 -11.575216591358185 6.8999999999999995
      vertex -7.105059690773487 -11.025002039968967 6.8999999999999995
    endloop
  endfacet
  facet normal 0.5877852711536462 0.8090169806715026 0
    outer loop
      vertex -7.105059690773487 -11.025002039968967 0
      vertex -7.105059690773487 -11.025002039968967 6.8999999999999995
      vertex -6.987884521484375 -11.110134787857533 6.8999999999999995
    endloop
  endfacet
  facet normal -0.42755509488447047 -0.9039892924356635 0
    outer loop
      vertex -5.022720046341419 -12.125918865203857 0
      vertex -5.022720046341419 -12.125918865203857 6.8999999999999995
      vertex -6.1870821714401245 -11.575216591358185 6.8999999999999995
    endloop
  endfacet
  facet normal 0.30901697120779936 0.951056523822616 0
    outer loop
      vertex -4.880912385880947 -12.183690711855888 0
      vertex -4.880912385880947 -12.183690711855888 6.8999999999999995
      vertex -4.667075254023075 -12.253170602023602 6.8999999999999995
    endloop
  endfacet
  facet normal -0.33688984253172577 -0.9415440690689677 0
    outer loop
      vertex -4.667075254023075 -12.253170602023602 0
      vertex -4.667075254023075 -12.253170602023602 6.8999999999999995
      vertex -5.022720046341419 -12.125918865203857 6.8999999999999995
    endloop
  endfacet
  facet normal 0.9057640768342569 -0.4237822992015906 0
    outer loop
      vertex -3.2126526460051537 -12.725741155445576 0
      vertex -3.2126526460051537 -12.725741155445576 6.8999999999999995
      vertex -4.663731053471565 -15.827179551124573 6.8999999999999995
    endloop
  endfacet
  facet normal 0.30901701877832144 0.9510565083660164 0
    outer loop
      vertex -3.4313055649399757 -12.654696509242058 0
      vertex -3.4313055649399757 -12.654696509242058 6.8999999999999995
      vertex -3.2126526460051537 -12.725741155445576 6.8999999999999995
    endloop
  endfacet
  facet normal -0.24298018374169336 -0.9700312522330675 0
    outer loop
      vertex -2.56056047976017 -12.872806802392006 0
      vertex -2.56056047976017 -12.872806802392006 6.8999999999999995
      vertex -3.4313055649399757 -12.654696509242058 6.8999999999999995
    endloop
  endfacet
  facet normal -0.9923887599657353 -0.12314442372137806 0
    outer loop
      vertex -0.4553956463932991 -16.493714399635792 0
      vertex -0.4553956463932991 -16.493714399635792 6.8999999999999995
      vertex -0.8770560473203659 -13.09566331654787 6.8999999999999995
    endloop
  endfacet
  facet normal -0.14673047883070559 -0.98917650931576 0
    outer loop
      vertex -1.2864749655127525 -13.06179954111576 0
      vertex -1.2864749655127525 -13.06179954111576 6.8999999999999995
      vertex -2.56056047976017 -12.872806802392006 6.8999999999999995
    endloop
  endfacet
  facet normal -0.04906767150012208 -0.9987954563440686 0
    outer loop
      vertex -0.5971619412302971 -13.09566331654787 0
      vertex -0.5971619412302971 -13.09566331654787 6.8999999999999995
      vertex -1.2864749655127525 -13.06179954111576 6.8999999999999995
    endloop
  endfacet
  facet normal 0 1 0
    outer loop
      vertex -0.8770560473203659 -13.09566331654787 0
      vertex -0.8770560473203659 -13.09566331654787 6.8999999999999995
      vertex -0.5971619412302971 -13.09566331654787 6.8999999999999995
    endloop
  endfacet
  facet normal 0 0 1
    outer loop
      vertex -5.52994504570961 -15.54572956264019 6.8999999999999995
      vertex -4.663731053471565 -15.827179551124573 6.8999999999999995
      vertex -3.4313055649399757 -12.654696509242058 6.8999999999999995
    endloop
  endfacet
  facet normal 0 0 1
    outer loop
      vertex -5.52994504570961 -15.54572956264019 6.8999999999999995
      vertex -3.4313055649399757 -12.654696509242058 6.8999999999999995
      vertex -4.667075254023075 -12.253170602023602 6.8999999999999995
    endloop
  endfacet
  facet normal 0 0 1
    outer loop
      vertex -5.52994504570961 -15.54572956264019 6.8999999999999995
      vertex -4.667075254023075 -12.253170602023602 6.8999999999999995
      vertex -4.880912385880947 -12.183690711855888 6.8999999999999995
    endloop
  endfacet
  facet normal 0 0 1
    outer loop
      vertex -9.32633925974369 -13.611370094120502 6.8999999999999995
      vertex -6.987884521484375 -11.110134787857533 6.8999999999999995
      vertex -7.105059690773487 -11.025002039968967 6.8999999999999995
    endloop
  endfacet
  facet normal 0 0 1
    outer loop
      vertex -4.663731053471565 -15.827179551124573 6.8999999999999995
      vertex -3.2126526460051537 -12.725741155445576 6.8999999999999995
      vertex -3.4313055649399757 -12.654696509242058 6.8999999999999995
    endloop
  endfacet
  facet normal 0 0 1
    outer loop
      vertex -0.4553956463932991 -16.493714399635792 6.8999999999999995
      vertex 0.4553956463932991 -16.493714399635792 6.8999999999999995
      vertex -0.5971619412302971 -13.09566331654787 6.8999999999999995
    endloop
  endfacet
  facet normal 0 0 1
    outer loop
      vertex -0.4553956463932991 -16.493714399635792 6.8999999999999995
      vertex -0.5971619412302971 -13.09566331654787 6.8999999999999995
      vertex -0.8770560473203659 -13.09566331654787 6.8999999999999995
    endloop
  endfacet
  facet normal 0 0 1
    outer loop
      vertex -6.1870821714401245 -11.575216591358185 6.8999999999999995
      vertex -5.022720046341419 -12.125918865203857 6.8999999999999995
      vertex -7.105059690773487 11.025002039968967 6.8999999999999995
    endloop
  endfacet
  facet normal 0 0 1
    outer loop
      vertex -5.022720046341419 -12.125918865203857 6.8999999999999995
      vertex -4.667075254023075 -12.253170602023602 6.8999999999999995
      vertex -7.105059690773487 11.025002039968967 6.8999999999999995
    endloop
  endfacet
  facet normal 0 0 1
    outer loop
      vertex -4.667075254023075 -12.253170602023602 6.8999999999999995
      vertex -3.4313055649399757 -12.654696509242058 6.8999999999999995
      vertex -7.105059690773487 11.025002039968967 6.8999999999999995
    endloop
  endfacet
  facet normal 0 0 1
    outer loop
      vertex -3.4313055649399757 -12.654696509242058 6.8999999999999995
      vertex -2.56056047976017 -12.872806802392006 6.8999999999999995
      vertex -7.105059690773487 11.025002039968967 6.8999999999999995
    endloop
  endfacet
  facet normal 0 0 1
    outer loop
      vertex -8.371596708893776 -10.104809023439884 6.8999999999999995
      vertex -7.105059690773487 -11.025002039968967 6.8999999999999995
      vertex -7.105059690773487 11.025002039968967 6.8999999999999995
    endloop
  endfacet
  facet normal 0 0 1
    outer loop
      vertex -6.1870821714401245 -11.575216591358185 6.8999999999999995
      vertex -7.105059690773487 11.025002039968967 6.8999999999999995
      vertex -7.105059690773487 -11.025002039968967 6.8999999999999995
    endloop
  endfacet
  facet normal 0 0 1
    outer loop
      vertex -2.56056047976017 -12.872806802392006 6.8999999999999995
      vertex -1.2864749655127525 -13.06179954111576 6.8999999999999995
      vertex -7.105059690773487 11.025002039968967 6.8999999999999995
    endloop
  endfacet
  facet normal 0 0 1
    outer loop
      vertex -1.2864749655127525 -13.06179954111576 6.8999999999999995
      vertex -0.5971619412302971 -13.09566331654787 6.8999999999999995
      vertex -7.105059690773487 11.025002039968967 6.8999999999999995
    endloop
  endfacet
  facet normal 0 0 1
    outer loop
      vertex -0.5971619412302971 -13.09566331654787 6.8999999999999995
      vertex 0.5971619412302971 -13.09566331654787 6.8999999999999995
      vertex -7.105059690773487 11.025002039968967 6.8999999999999995
    endloop
  endfacet
  facet normal 0 0 1
    outer loop
      vertex -7.105059690773487 11.025002039968967 6.8999999999999995
      vertex 0.5971619412302971 -13.09566331654787 6.8999999999999995
      vertex 1.2864749655127525 -13.06179954111576 6.8999999999999995
    endloop
  endfacet
  facet normal 0 0 1
    outer loop
      vertex -7.105059690773487 11.025002039968967 6.8999999999999995
      vertex 1.2864749655127525 -13.06179954111576 6.8999999999999995
      vertex 2.56056047976017 -12.872806802392006 6.8999999999999995
    endloop
  endfacet
  facet normal 0 0 1
    outer loop
      vertex 2.56056047976017 -12.872806802392006 6.8999999999999995
      vertex -1.6263455967290592 -1.6263455967290592 6.8999999999999995
      vertex -1.777924042734295 -1.4591045535763845 6.8999999999999995
    endloop
  endfacet
  facet normal 0 0 1
    outer loop
      vertex 2.56056047976017 -12.872806802392006 6.8999999999999995
      vertex -1.777924042734295 -1.4591045535763845 6.8999999999999995
      vertex -1.9123801082958538 -1.277811535945085 6.8999999999999995
    endloop
  endfacet
  facet normal 0 0 1
    outer loop
      vertex 2.56056047976017 -12.872806802392006 6.8999999999999995
      vertex -1.4591045535763845 -1.777924042734295 6.8999999999999995
      vertex -1.6263455967290592 -1.6263455967290592 6.8999999999999995
    endloop
  endfacet
  facet normal 0 0 1
    outer loop
      vertex 2.56056047976017 -12.872806802392006 6.8999999999999995
      vertex -2.0284189080012163 -1.0842124946997944 6.8999999999999995
      vertex -2.124922924775959 -0.8801718944397064 6.8999999999999995
    endloop
  endfacet
  facet normal 0 0 1
    outer loop
      vertex 2.56056047976017 -12.872806802392006 6.8999999999999995
      vertex -1.9123801082958538 -1.277811535945085 6.8999999999999995
      vertex -2.0284189080012163 -1.0842124946997944 6.8999999999999995
    endloop
  endfacet
  facet normal 0 0 1
    outer loop
      vertex -7.105059690773487 11.025002039968967 6.8999999999999995
      vertex 2.56056047976017 -12.872806802392006 6.8999999999999995
      vertex -2.124922924775959 -0.8801718944397064 6.8999999999999995
    endloop
  endfacet
  facet normal 0 0 -1
    outer loop
      vertex -16.493714399635792 -0.4553956463932991 0
      vertex -16.493714399635792 0.4553956463932991 0
      vertex -13.09566331654787 0.5971619412302971 0
    endloop
  endfacet
  facet normal 0 0 -1
    outer loop
      vertex -16.493714399635792 0.4553956463932991 0
      vertex -13.09566331654787 0.8770560473203659 0
      vertex -13.09566331654787 0.5971619412302971 0
    endloop
  endfacet
  facet normal 0 0 -1
    outer loop
      vertex -12.725741155445576 3.2126526460051537 0
      vertex -15.827179551124573 4.663731053471565 0
      vertex -12.654696509242058 3.4313055649399757 0
    endloop
  endfacet
  facet normal 0 0 -1
    outer loop
      vertex -12.654696509242058 3.4313055649399757 0
      vertex -15.827179551124573 4.663731053471565 0
      vertex -15.54572956264019 5.52994504570961 0
    endloop
  endfacet
  facet normal 0 0 -1
    outer loop
      vertex -12.654696509242058 3.4313055649399757 0
      vertex -15.54572956264019 5.52994504570961 0
      vertex -12.253170602023602 4.667075254023075 0
    endloop
  endfacet
  facet normal 0 0 -1
    outer loop
      vertex -15.54572956264019 5.52994504570961 0
      vertex -12.183690711855888 4.880912385880947 0
      vertex -12.253170602023602 4.667075254023075 0
    endloop
  endfacet
  facet normal 0 0 -1
    outer loop
      vertex -12.125918865203857 -5.022720046341419 0
      vertex -12.253170602023602 -4.667075254023075 0
      vertex -7.105059690773487 11.025002039968967 0
    endloop
  endfacet
  facet normal 0 0 -1
    outer loop
      vertex -12.654696509242058 -3.4313055649399757 0
      vertex -7.105059690773487 11.025002039968967 0
      vertex -12.253170602023602 -4.667075254023075 0
    endloop
  endfacet
  facet normal 0 0 -1
    outer loop
      vertex -12.654696509242058 -3.4313055649399757 0
      vertex -12.872806802392006 -2.56056047976017 0
      vertex -7.105059690773487 11.025002039968967 0
    endloop
  endfacet
  facet normal 0 0 -1
    outer loop
      vertex -12.872806802392006 -2.56056047976017 0
      vertex -13.06179954111576 -1.2864749655127525 0
      vertex -7.105059690773487 11.025002039968967 0
    endloop
  endfacet
  facet normal 0 0 -1
    outer loop
      vertex -13.06179954111576 -1.2864749655127525 0
      vertex -13.09566331654787 -0.5971619412302971 0
      vertex -7.105059690773487 11.025002039968967 0
    endloop
  endfacet
  facet normal 0 0 -1
    outer loop
      vertex -13.09566331654787 -0.5971619412302971 0
      vertex -13.09566331654787 0.5971619412302971 0
      vertex -7.105059690773487 11.025002039968967 0
    endloop
  endfacet
  facet normal 0 0 -1
    outer loop
      vertex -13.09566331654787 0.5971619412302971 0
      vertex -13.06179954111576 1.2864749655127525 0
      vertex -7.105059690773487 11.025002039968967 0
    endloop
  endfacet
  facet normal 0 0 -1
    outer loop
      vertex -13.06179954111576 1.2864749655127525 0
      vertex -12.872806802392006 2.56056047976017 0
      vertex -7.105059690773487 11.025002039968967 0
    endloop
  endfacet
  facet normal 0 0 -1
    outer loop
      vertex -12.872806802392006 2.56056047976017 0
      vertex -12.654696509242058 3.4313055649399757 0
      vertex -7.105059690773487 11.025002039968967 0
    endloop
  endfacet
  facet normal 0 0 -1
    outer loop
      vertex -11.110134787857533 6.987884521484375 0
      vertex -13.611370094120502 9.32633925974369 0
      vertex -11.025002039968967 7.105059690773487 0
    endloop
  endfacet
  facet normal 0 0 -1
    outer loop
      vertex -12.253170602023602 4.667075254023075 0
      vertex -12.125918865203857 5.022720046341419 0
      vertex -8.371596708893776 10.104809023439884 0
    endloop
  endfacet
  facet normal 0 0 -1
    outer loop
      vertex -12.125918865203857 5.022720046341419 0
      vertex -11.575216591358185 6.1870821714401245 0
      vertex -9.280776500701904 9.280776500701904 0
    endloop
  endfacet
  facet normal 0 0 -1
    outer loop
      vertex -12.654696509242058 3.4313055649399757 0
      vertex -12.253170602023602 4.667075254023075 0
      vertex -7.105059690773487 11.025002039968967 0
    endloop
  endfacet
  facet normal 0 0 -1
    outer loop
      vertex -11.575216591358185 6.1870821714401245 0
      vertex -11.025002039968967 7.105059690773487 0
      vertex -10.104809023439884 8.371596708893776 0
    endloop
  endfacet
  facet normal 0 0 -1
    outer loop
      vertex -11.575216591358185 6.1870821714401245 0
      vertex -10.104809023439884 8.371596708893776 0
      vertex -9.280776500701904 9.280776500701904 0
    endloop
  endfacet
  facet normal 0 0 -1
    outer loop
      vertex -12.125918865203857 5.022720046341419 0
      vertex -9.280776500701904 9.280776500701904 0
      vertex -8.371596708893776 10.104809023439884 0
    endloop
  endfacet
  facet normal -1 0 0
    outer loop
      vertex -16.493714399635792 -0.4553956463932991 0
      vertex -16.493714399635792 0.4553956463932991 6.8999999999999995
      vertex -16.493714399635792 0.4553956463932991 0
    endloop
  endfacet
  facet normal -0.12314442372137806 0.9923887599657353 0
    outer loop
      vertex -16.493714399635792 0.4553956463932991 0
      vertex -13.09566331654787 0.8770560473203659 6.8999999999999995
      vertex -13.09566331654787 0.8770560473203659 0
    endloop
  endfacet
  facet normal 1 0 0
    outer loop
      vertex -13.09566331654787 0.5971619412302971 0
      vertex -13.09566331654787 0.8770560473203659 0
      vertex -13.09566331654787 0.5971619412302971 6.8999999999999995
    endloop
  endfacet
  facet normal -0.9987954563440686 0.04906767150012208 0
    outer loop
      vertex -13.09566331654787 0.5971619412302971 0
      vertex -13.06179954111576 1.2864749655127525 6.8999999999999995
      vertex -13.06179954111576 1.2864749655127525 0
    endloop
  endfacet
  facet normal -0.98917650931576 0.14673047883070559 0
    outer loop
      vertex -13.06179954111576 1.2864749655127525 0
      vertex -12.872806802392006 2.56056047976017 6.8999999999999995
      vertex -12.872806802392006 2.56056047976017 0
    endloop
  endfacet
  facet normal -0.9700312522330675 0.24298018374169336 0
    outer loop
      vertex -12.872806802392006 2.56056047976017 0
      vertex -12.654696509242058 3.4313055649399757 6.8999999999999995
      vertex -12.654696509242058 3.4313055649399757 0
    endloop
  endfacet
  facet normal 0.9510565083660164 -0.30901701877832144 0
    outer loop
      vertex -12.725741155445576 3.2126526460051537 0
      vertex -12.654696509242058 3.4313055649399757 0
      vertex -12.725741155445576 3.2126526460051537 6.8999999999999995
    endloop
  endfacet
  facet normal -0.9510565158906104 0.30901699562000323 0
    outer loop
      vertex -15.827179551124573 4.663731053471565 0
      vertex -15.54572956264019 5.52994504570961 6.8999999999999995
      vertex -15.54572956264019 5.52994504570961 0
    endloop
  endfacet
  facet normal -0.4237822992015906 -0.9057640768342569 0
    outer loop
      vertex -12.725741155445576 3.2126526460051537 0
      vertex -15.827179551124573 4.663731053471565 6.8999999999999995
      vertex -15.827179551124573 4.663731053471565 0
    endloop
  endfacet
  facet normal 0.1895476852818562 0.9818715165459738 0
    outer loop
      vertex -15.54572956264019 5.52994504570961 0
      vertex -12.183690711855888 4.880912385880947 6.8999999999999995
      vertex -12.183690711855888 4.880912385880947 0
    endloop
  endfacet
  facet normal 0.951056523822616 -0.30901697120779936 0
    outer loop
      vertex -12.253170602023602 4.667075254023075 0
      vertex -12.183690711855888 4.880912385880947 0
      vertex -12.253170602023602 4.667075254023075 6.8999999999999995
    endloop
  endfacet
  facet normal -0.9415440690689677 0.33688984253172577 0
    outer loop
      vertex -12.253170602023602 4.667075254023075 0
      vertex -12.125918865203857 5.022720046341419 6.8999999999999995
      vertex -12.125918865203857 5.022720046341419 0
    endloop
  endfacet
  facet normal -0.9039892924356635 0.42755509488447047 0
    outer loop
      vertex -12.125918865203857 5.022720046341419 0
      vertex -11.575216591358185 6.1870821714401245 6.8999999999999995
      vertex -11.575216591358185 6.1870821714401245 0
    endloop
  endfacet
  facet normal -0.8577286097274133 0.5141027446484593 0
    outer loop
      vertex -11.575216591358185 6.1870821714401245 0
      vertex -11.025002039968967 7.105059690773487 6.8999999999999995
      vertex -11.025002039968967 7.105059690773487 0
    endloop
  endfacet
  facet normal 0.8090169806715026 -0.5877852711536462 0
    outer loop
      vertex -11.110134787857533 6.987884521484375 0
      vertex -11.025002039968967 7.105059690773487 0
      vertex -11.110134787857533 6.987884521484375 6.8999999999999995
    endloop
  endfacet
  facet normal 0 0 -1
    outer loop
      vertex -11.025002039968967 7.105059690773487 0
      vertex -13.611370094120502 9.32633925974369 0
      vertex -13.076020404696465 10.063184894621372 0
    endloop
  endfacet
  facet normal 0 0 -1
    outer loop
      vertex -11.025002039968967 7.105059690773487 0
      vertex -13.076020404696465 10.063184894621372 0
      vertex -10.104809023439884 8.371596708893776 0
    endloop
  endfacet
  facet normal 0 0 -1
    outer loop
      vertex -13.076020404696465 10.063184894621372 0
      vertex -10.07909356802702 8.406991012394428 0
      vertex -10.104809023439884 8.371596708893776 0
    endloop
  endfacet
  facet normal 0 0 -1
    outer loop
      vertex -12.253170602023602 4.667075254023075 0
      vertex -8.371596708893776 10.104809023439884 0
      vertex -7.105059690773487 11.025002039968967 0
    endloop
  endfacet
  facet normal 0 0 -1
    outer loop
      vertex -8.406991012394428 10.07909356802702 0
      vertex -10.063184894621372 13.076020404696465 0
      vertex -8.371596708893776 10.104809023439884 0
    endloop
  endfacet
  facet normal 0 0 -1
    outer loop
      vertex -8.371596708893776 10.104809023439884 0
      vertex -10.063184894621372 13.076020404696465 0
      vertex -7.105059690773487 11.025002039968967 0
    endloop
  endfacet
  facet normal 0 0 -1
    outer loop
      vertex -10.063184894621372 13.076020404696465 0
      vertex -9.32633925974369 13.611370094120502 0
      vertex -7.105059690773487 11.025002039968967 0
    endloop
  endfacet
  facet normal -0.6829374087779606 -0.7304768960697146 0
    outer loop
      vertex -11.110134787857533 6.987884521484375 0
      vertex -13.611370094120502 9.32633925974369 6.8999999999999995
      vertex -13.611370094120502 9.32633925974369 0
    endloop
  endfacet
  facet normal -0.8090169948394681 0.5877852516531153 0
    outer loop
      vertex -13.611370094120502 9.32633925974369 0
      vertex -13.076020404696465 10.063184894621372 6.8999999999999995
      vertex -13.076020404696465 10.063184894621372 0
    endloop
  endfacet
  facet normal 0.4836855462313077 0.8752418479294289 0
    outer loop
      vertex -13.076020404696465 10.063184894621372 0
      vertex -10.07909356802702 8.406991012394428 6.8999999999999995
      vertex -10.07909356802702 8.406991012394428 0
    endloop
  endfacet
  facet normal 0.8090171175182794 -0.58778508280018 0
    outer loop
      vertex -10.104809023439884 8.371596708893776 0
      vertex -10.07909356802702 8.406991012394428 0
      vertex -10.104809023439884 8.371596708893776 6.8999999999999995
    endloop
  endfacet
  facet normal -0.7409511284761477 0.6715589514033173 0
    outer loop
      vertex -10.104809023439884 8.371596708893776 0
      vertex -9.280776500701904 9.280776500701904 6.8999999999999995
      vertex -9.280776500701904 9.280776500701904 0
    endloop
  endfacet
  facet normal -0.6715589514033173 0.7409511284761477 0
    outer loop
      vertex -9.280776500701904 9.280776500701904 0
      vertex -8.371596708893776 10.104809023439884 6.8999999999999995
      vertex -8.371596708893776 10.104809023439884 0
    endloop
  endfacet
  facet normal 0.58778508280018 -0.8090171175182794 0
    outer loop
      vertex -8.406991012394428 10.07909356802702 0
      vertex -8.371596708893776 10.104809023439884 0
      vertex -8.406991012394428 10.07909356802702 6.8999999999999995
    endloop
  endfacet
  facet normal -0.8752418479294289 -0.4836855462313077 0
    outer loop
      vertex -8.406991012394428 10.07909356802702 0
      vertex -10.063184894621372 13.076020404696465 6.8999999999999995
      vertex -10.063184894621372 13.076020404696465 0
    endloop
  endfacet
  facet normal -0.5877852516531153 0.8090169948394681 0
    outer loop
      vertex -10.063184894621372 13.076020404696465 0
      vertex -9.32633925974369 13.611370094120502 6.8999999999999995
      vertex -9.32633925974369 13.611370094120502 0
    endloop
  endfacet
  facet normal 0 0 -1
    outer loop
      vertex -7.105059690773487 11.025002039968967 0
      vertex -6.1870821714401245 11.575216591358185 0
      vertex -1.777924042734295 1.4591045535763845 0
    endloop
  endfacet
  facet normal 0 0 -1
    outer loop
      vertex -7.105059690773487 11.025002039968967 0
      vertex -2.288924871346053 -0.22543942275798937 0
      vertex -2.25580614492743 -0.44870774063709495 0
    endloop
  endfacet
  facet normal 0 0 -1
    outer loop
      vertex -7.105059690773487 11.025002039968967 0
      vertex -2.3 0 0
      vertex -2.288924871346053 -0.22543942275798937 0
    endloop
  endfacet
  facet normal 0 0 -1
    outer loop
      vertex -7.105059690773487 11.025002039968967 0
      vertex -2.2009627721840803 -0.6676547576852633 0
      vertex -2.124922924775959 -0.8801718944397064 0
    endloop
  endfacet
  facet normal 0 0 -1
    outer loop
      vertex -7.105059690773487 11.025002039968967 0
      vertex -2.25580614492743 -0.44870774063709495 0
      vertex -2.2009627721840803 -0.6676547576852633 0
    endloop
  endfacet
  facet normal 0 0 -1
    outer loop
      vertex -7.105059690773487 11.025002039968967 0
      vertex -2.288924871346053 0.22543942275798937 0
      vertex -2.3 0 0
    endloop
  endfacet
  facet normal 0 0 -1
    outer loop
      vertex -7.105059690773487 11.025002039968967 0
      vertex -2.25580614492743 0.44870774063709495 0
      vertex -2.288924871346053 0.22543942275798937 0
    endloop
  endfacet
  facet normal 0 0 -1
    outer loop
      vertex -7.105059690773487 11.025002039968967 0
      vertex -2.2009627721840803 0.6676547576852633 0
      vertex -2.25580614492743 0.44870774063709495 0
    endloop
  endfacet
  facet normal 0 0 -1
    outer loop
      vertex -7.105059690773487 11.025002039968967 0
      vertex -2.124922924775959 0.8801718944397064 0
      vertex -2.2009627721840803 0.6676547576852633 0
    endloop
  endfacet
  facet normal 0 0 -1
    outer loop
      vertex -7.105059690773487 11.025002039968967 0
      vertex -2.0284189080012163 1.0842124946997944 0
      vertex -2.124922924775959 0.8801718944397064 0
    endloop
  endfacet
  facet normal 0 0 -1
    outer loop
      vertex -7.105059690773487 11.025002039968967 0
      vertex -1.9123801082958538 1.277811535945085 0
      vertex -2.0284189080012163 1.0842124946997944 0
    endloop
  endfacet
  facet normal 0 0 -1
    outer loop
      vertex -7.105059690773487 11.025002039968967 0
      vertex -1.777924042734295 1.4591045535763845 0
      vertex -1.9123801082958538 1.277811535945085 0
    endloop
  endfacet
  facet normal 0 0 -1
    outer loop
      vertex -6.1870821714401245 11.575216591358185 0
      vertex -1.6263455967290592 1.6263455967290592 0
      vertex -1.777924042734295 1.4591045535763845 0
    endloop
  endfacet
  facet normal 0 0 -1
    outer loop
      vertex -6.1870821714401245 11.575216591358185 0
      vertex -1.4591045535763845 1.777924042734295 0
      vertex -1.6263455967290592 1.6263455967290592 0
    endloop
  endfacet
  facet normal 0 0 -1
    outer loop
      vertex -6.1870821714401245 11.575216591358185 0
      vertex -1.277811535945085 1.9123801082958538 0
      vertex -1.4591045535763845 1.777924042734295 0
    endloop
  endfacet
  facet normal 0 0 -1
    outer loop
      vertex -6.1870821714401245 11.575216591358185 0
      vertex -1.0842124946997944 2.0284189080012163 0
      vertex -1.277811535945085 1.9123801082958538 0
    endloop
  endfacet
  facet normal 0 0 -1
    outer loop
      vertex -4.667075254023075 12.253170602023602 0
      vertex -0.8801718944397064 2.124922924775959 0
      vertex -1.0842124946997944 2.0284189080012163 0
    endloop
  endfacet
  facet normal 0 0 -1
    outer loop
      vertex -4.667075254023075 12.253170602023602 0
      vertex -0.6676547576852633 2.2009627721840803 0
      vertex -0.8801718944397064 2.124922924775959 0
    endloop
  endfacet
  facet normal 0 0 -1
    outer loop
      vertex -4.667075254023075 12.253170602023602 0
      vertex -0.44870774063709495 2.25580614492743 0
      vertex -0.6676547576852633 2.2009627721840803 0
    endloop
  endfacet
  facet normal 0 0 -1
    outer loop
      vertex -4.667075254023075 12.253170602023602 0
      vertex -0.22543942275798937 2.288924871346053 0
      vertex -0.44870774063709495 2.25580614492743 0
    endloop
  endfacet
  facet normal 0 0 -1
    outer loop
      vertex -4.667075254023075 12.253170602023602 0
      vertex 0 2.3 0
      vertex -0.22543942275798937 2.288924871346053 0
    endloop
  endfacet
  facet normal 0 0 -1
    outer loop
      vertex -4.667075254023075 12.253170602023602 0
      vertex 0.22543942275798937 2.288924871346053 0
      vertex 0 2.3 0
    endloop
  endfacet
  facet normal 0 0 -1
    outer loop
      vertex -4.667075254023075 12.253170602023602 0
      vertex 0.44870774063709495 2.25580614492743 0
      vertex 0.22543942275798937 2.288924871346053 0
    endloop
  endfacet
  facet normal 0 0 -1
    outer loop
      vertex -4.667075254023075 12.253170602023602 0
      vertex 0.6676547576852633 2.2009627721840803 0
      vertex 0.44870774063709495 2.25580614492743 0
    endloop
  endfacet
  facet normal 0 0 -1
    outer loop
      vertex -4.667075254023075 12.253170602023602 0
      vertex 0.8801718944397064 2.124922924775959 0
      vertex 0.6676547576852633 2.2009627721840803 0
    endloop
  endfacet
  facet normal 0 0 -1
    outer loop
      vertex -4.667075254023075 12.253170602023602 0
      vertex 1.777924042734295 1.4591045535763845 0
      vertex 1.6263455967290592 1.6263455967290592 0
    endloop
  endfacet
  facet normal 0 0 -1
    outer loop
      vertex -4.667075254023075 12.253170602023602 0
      vertex 1.9123801082958538 1.277811535945085 0
      vertex 1.777924042734295 1.4591045535763845 0
    endloop
  endfacet
  facet normal 0 0 -1
    outer loop
      vertex -4.667075254023075 12.253170602023602 0
      vertex 1.0842124946997944 2.0284189080012163 0
      vertex 0.8801718944397064 2.124922924775959 0
    endloop
  endfacet
  facet normal 0 0 -1
    outer loop
      vertex -4.667075254023075 12.253170602023602 0
      vertex 1.277811535945085 1.9123801082958538 0
      vertex 1.0842124946997944 2.0284189080012163 0
    endloop
  endfacet
  facet normal 0 0 -1
    outer loop
      vertex -4.667075254023075 12.253170602023602 0
      vertex 1.6263455967290592 1.6263455967290592 0
      vertex 1.4591045535763845 1.777924042734295 0
    endloop
  endfacet
  facet normal 0 0 -1
    outer loop
      vertex -4.667075254023075 12.253170602023602 0
      vertex 1.4591045535763845 1.777924042734295 0
      vertex 1.277811535945085 1.9123801082958538 0
    endloop
  endfacet
  facet normal 0 0 -1
    outer loop
      vertex -9.32633925974369 13.611370094120502 0
      vertex -6.987884521484375 11.110134787857533 0
      vertex -7.105059690773487 11.025002039968967 0
    endloop
  endfacet
  facet normal 0 0 -1
    outer loop
      vertex -4.880912385880947 12.183690711855888 0
      vertex -5.52994504570961 15.54572956264019 0
      vertex -4.667075254023075 12.253170602023602 0
    endloop
  endfacet
  facet normal 0 0 -1
    outer loop
      vertex -4.667075254023075 12.253170602023602 0
      vertex -5.52994504570961 15.54572956264019 0
      vertex -3.4313055649399757 12.654696509242058 0
    endloop
  endfacet
  facet normal 0 0 -1
    outer loop
      vertex -5.52994504570961 15.54572956264019 0
      vertex -4.663731053471565 15.827179551124573 0
      vertex -3.4313055649399757 12.654696509242058 0
    endloop
  endfacet
  facet normal 0 0 -1
    outer loop
      vertex -6.1870821714401245 11.575216591358185 0
      vertex -5.022720046341419 12.125918865203857 0
      vertex -1.0842124946997944 2.0284189080012163 0
    endloop
  endfacet
  facet normal 0 0 -1
    outer loop
      vertex -5.022720046341419 12.125918865203857 0
      vertex -4.667075254023075 12.253170602023602 0
      vertex -1.0842124946997944 2.0284189080012163 0
    endloop
  endfacet
  facet normal 0 0 -1
    outer loop
      vertex -4.663731053471565 15.827179551124573 0
      vertex -3.2126526460051537 12.725741155445576 0
      vertex -3.4313055649399757 12.654696509242058 0
    endloop
  endfacet
  facet normal 0 0 -1
    outer loop
      vertex -0.8770560473203659 13.09566331654787 0
      vertex -0.4553956463932991 16.493714399635792 0
      vertex -0.5971619412302971 13.09566331654787 0
    endloop
  endfacet
  facet normal 0 0 -1
    outer loop
      vertex -0.5971619412302971 13.09566331654787 0
      vertex -0.4553956463932991 16.493714399635792 0
      vertex 0.5971619412302971 13.09566331654787 0
    endloop
  endfacet
  facet normal 0.7304768960697146 0.6829374087779606 0
    outer loop
      vertex -9.32633925974369 13.611370094120502 0
      vertex -6.987884521484375 11.110134787857533 6.8999999999999995
      vertex -6.987884521484375 11.110134787857533 0
    endloop
  endfacet
  facet normal 0.5877852711536462 -0.8090169806715026 0
    outer loop
      vertex -7.105059690773487 11.025002039968967 0
      vertex -6.987884521484375 11.110134787857533 0
      vertex -7.105059690773487 11.025002039968967 6.8999999999999995
    endloop
  endfacet
  facet normal -0.5141027446484593 0.8577286097274133 0
    outer loop
      vertex -7.105059690773487 11.025002039968967 0
      vertex -6.1870821714401245 11.575216591358185 6.8999999999999995
      vertex -6.1870821714401245 11.575216591358185 0
    endloop
  endfacet
  facet normal -0.42755509488447047 0.9039892924356635 0
    outer loop
      vertex -6.1870821714401245 11.575216591358185 0
      vertex -5.022720046341419 12.125918865203857 6.8999999999999995
      vertex -5.022720046341419 12.125918865203857 0
    endloop
  endfacet
  facet normal 0.30901697120779936 -0.951056523822616 0
    outer loop
      vertex -4.880912385880947 12.183690711855888 0
      vertex -4.667075254023075 12.253170602023602 0
      vertex -4.880912385880947 12.183690711855888 6.8999999999999995
    endloop
  endfacet
  facet normal -0.33688984253172577 0.9415440690689677 0
    outer loop
      vertex -5.022720046341419 12.125918865203857 0
      vertex -4.667075254023075 12.253170602023602 6.8999999999999995
      vertex -4.667075254023075 12.253170602023602 0
    endloop
  endfacet
  facet normal -0.9818715165459738 -0.1895476852818562 0
    outer loop
      vertex -4.880912385880947 12.183690711855888 0
      vertex -5.52994504570961 15.54572956264019 6.8999999999999995
      vertex -5.52994504570961 15.54572956264019 0
    endloop
  endfacet
  facet normal -0.30901699562000323 0.9510565158906104 0
    outer loop
      vertex -5.52994504570961 15.54572956264019 0
      vertex -4.663731053471565 15.827179551124573 6.8999999999999995
      vertex -4.663731053471565 15.827179551124573 0
    endloop
  endfacet
  facet normal 0.30901701877832144 -0.9510565083660164 0
    outer loop
      vertex -3.4313055649399757 12.654696509242058 0
      vertex -3.2126526460051537 12.725741155445576 0
      vertex -3.4313055649399757 12.654696509242058 6.8999999999999995
    endloop
  endfacet
  facet normal 0.9057640768342569 0.4237822992015906 0
    outer loop
      vertex -4.663731053471565 15.827179551124573 0
      vertex -3.2126526460051537 12.725741155445576 6.8999999999999995
      vertex -3.2126526460051537 12.725741155445576 0
    endloop
  endfacet
  facet normal -0.24298018374169336 0.9700312522330675 0
    outer loop
      vertex -3.4313055649399757 12.654696509242058 0
      vertex -2.56056047976017 12.872806802392006 6.8999999999999995
      vertex -2.56056047976017 12.872806802392006 0
    endloop
  endfacet
  facet normal -0.14673047883070559 0.98917650931576 0
    outer loop
      vertex -2.56056047976017 12.872806802392006 0
      vertex -1.2864749655127525 13.06179954111576 6.8999999999999995
      vertex -1.2864749655127525 13.06179954111576 0
    endloop
  endfacet
  facet normal -0.04906767150012208 0.9987954563440686 0
    outer loop
      vertex -1.2864749655127525 13.06179954111576 0
      vertex -0.5971619412302971 13.09566331654787 6.8999999999999995
      vertex -0.5971619412302971 13.09566331654787 0
    endloop
  endfacet
  facet normal 0 -1 0
    outer loop
      vertex -0.8770560473203659 13.09566331654787 0
      vertex -0.5971619412302971 13.09566331654787 0
      vertex -0.8770560473203659 13.09566331654787 6.8999999999999995
    endloop
  endfacet
  facet normal -0.9923887599657353 0.12314442372137806 0
    outer loop
      vertex -0.8770560473203659 13.09566331654787 0
      vertex -0.4553956463932991 16.493714399635792 6.8999999999999995
      vertex -0.4553956463932991 16.493714399635792 0
    endloop
  endfacet
  facet normal -0.12314442372137806 0.9923887599657353 0
    outer loop
      vertex -16.493714399635792 0.4553956463932991 0
      vertex -16.493714399635792 0.4553956463932991 6.8999999999999995
      vertex -13.09566331654787 0.8770560473203659 6.8999999999999995
    endloop
  endfacet
  facet normal 1 0 0
    outer loop
      vertex -13.09566331654787 0.8770560473203659 0
      vertex -13.09566331654787 0.8770560473203659 6.8999999999999995
      vertex -13.09566331654787 0.5971619412302971 6.8999999999999995
    endloop
  endfacet
  facet normal -0.9987954563440686 0.04906767150012208 0
    outer loop
      vertex -13.09566331654787 0.5971619412302971 0
      vertex -13.09566331654787 0.5971619412302971 6.8999999999999995
      vertex -13.06179954111576 1.2864749655127525 6.8999999999999995
    endloop
  endfacet
  facet normal -0.98917650931576 0.14673047883070559 0
    outer loop
      vertex -13.06179954111576 1.2864749655127525 0
      vertex -13.06179954111576 1.2864749655127525 6.8999999999999995
      vertex -12.872806802392006 2.56056047976017 6.8999999999999995
    endloop
  endfacet
  facet normal -0.4237822992015906 -0.9057640768342569 0
    outer loop
      vertex -12.725741155445576 3.2126526460051537 0
      vertex -12.725741155445576 3.2126526460051537 6.8999999999999995
      vertex -15.827179551124573 4.663731053471565 6.8999999999999995
    endloop
  endfacet
  facet normal -0.9700312522330675 0.24298018374169336 0
    outer loop
      vertex -12.872806802392006 2.56056047976017 0
      vertex -12.872806802392006 2.56056047976017 6.8999999999999995
      vertex -12.654696509242058 3.4313055649399757 6.8999999999999995
    endloop
  endfacet
  facet normal 0.9510565083660164 -0.30901701877832144 0
    outer loop
      vertex -12.654696509242058 3.4313055649399757 0
      vertex -12.654696509242058 3.4313055649399757 6.8999999999999995
      vertex -12.725741155445576 3.2126526460051537 6.8999999999999995
    endloop
  endfacet
  facet normal -0.9510565158906104 0.30901699562000323 0
    outer loop
      vertex -15.827179551124573 4.663731053471565 0
      vertex -15.827179551124573 4.663731053471565 6.8999999999999995
      vertex -15.54572956264019 5.52994504570961 6.8999999999999995
    endloop
  endfacet
  facet normal 0.1895476852818562 0.9818715165459738 0
    outer loop
      vertex -15.54572956264019 5.52994504570961 0
      vertex -15.54572956264019 5.52994504570961 6.8999999999999995
      vertex -12.183690711855888 4.880912385880947 6.8999999999999995
    endloop
  endfacet
  facet normal -0.9415440690689677 0.33688984253172577 0
    outer loop
      vertex -12.253170602023602 4.667075254023075 0
      vertex -12.253170602023602 4.667075254023075 6.8999999999999995
      vertex -12.125918865203857 5.022720046341419 6.8999999999999995
    endloop
  endfacet
  facet normal 0.951056523822616 -0.30901697120779936 0
    outer loop
      vertex -12.183690711855888 4.880912385880947 0
      vertex -12.183690711855888 4.880912385880947 6.8999999999999995
      vertex -12.253170602023602 4.667075254023075 6.8999999999999995
    endloop
  endfacet
  facet normal -0.9039892924356635 0.42755509488447047 0
    outer loop
      vertex -12.125918865203857 5.022720046341419 0
      vertex -12.125918865203857 5.022720046341419 6.8999999999999995
      vertex -11.575216591358185 6.1870821714401245 6.8999999999999995
    endloop
  endfacet
  facet normal -0.8577286097274133 0.5141027446484593 0
    outer loop
      vertex -11.575216591358185 6.1870821714401245 0
      vertex -11.575216591358185 6.1870821714401245 6.8999999999999995
      vertex -11.025002039968967 7.105059690773487 6.8999999999999995
    endloop
  endfacet
  facet normal -0.6829374087779606 -0.7304768960697146 0
    outer loop
      vertex -11.110134787857533 6.987884521484375 0
      vertex -11.110134787857533 6.987884521484375 6.8999999999999995
      vertex -13.611370094120502 9.32633925974369 6.8999999999999995
    endloop
  endfacet
  facet normal 0.8090169806715026 -0.5877852711536462 0
    outer loop
      vertex -11.025002039968967 7.105059690773487 0
      vertex -11.025002039968967 7.105059690773487 6.8999999999999995
      vertex -11.110134787857533 6.987884521484375 6.8999999999999995
    endloop
  endfacet
  facet normal 0 0 1
    outer loop
      vertex -16.493714399635792 -0.4553956463932991 6.8999999999999995
      vertex -13.09566331654787 0.5971619412302971 6.8999999999999995
      vertex -16.493714399635792 0.4553956463932991 6.8999999999999995
    endloop
  endfacet
  facet normal 0 0 1
    outer loop
      vertex -16.493714399635792 0.4553956463932991 6.8999999999999995
      vertex -13.09566331654787 0.5971619412302971 6.8999999999999995
      vertex -13.09566331654787 0.8770560473203659 6.8999999999999995
    endloop
  endfacet
  facet normal 0 0 1
    outer loop
      vertex -12.725741155445576 3.2126526460051537 6.8999999999999995
      vertex -12.654696509242058 3.4313055649399757 6.8999999999999995
      vertex -15.827179551124573 4.663731053471565 6.8999999999999995
    endloop
  endfacet
  facet normal 0 0 1
    outer loop
      vertex -12.654696509242058 3.4313055649399757 6.8999999999999995
      vertex -15.54572956264019 5.52994504570961 6.8999999999999995
      vertex -15.827179551124573 4.663731053471565 6.8999999999999995
    endloop
  endfacet
  facet normal 0 0 1
    outer loop
      vertex -12.654696509242058 3.4313055649399757 6.8999999999999995
      vertex -12.253170602023602 4.667075254023075 6.8999999999999995
      vertex -15.54572956264019 5.52994504570961 6.8999999999999995
    endloop
  endfacet
  facet normal 0 0 1
    outer loop
      vertex -15.54572956264019 5.52994504570961 6.8999999999999995
      vertex -12.253170602023602 4.667075254023075 6.8999999999999995
      vertex -12.183690711855888 4.880912385880947 6.8999999999999995
    endloop
  endfacet
  facet normal 0 0 1
    outer loop
      vertex -12.125918865203857 -5.022720046341419 6.8999999999999995
      vertex -7.105059690773487 11.025002039968967 6.8999999999999995
      vertex -12.253170602023602 -4.667075254023075 6.8999999999999995
    endloop
  endfacet
  facet normal 0 0 1
    outer loop
      vertex -12.654696509242058 -3.4313055649399757 6.8999999999999995
      vertex -12.253170602023602 -4.667075254023075 6.8999999999999995
      vertex -7.105059690773487 11.025002039968967 6.8999999999999995
    endloop
  endfacet
  facet normal 0 0 1
    outer loop
      vertex -12.654696509242058 -3.4313055649399757 6.8999999999999995
      vertex -7.105059690773487 11.025002039968967 6.8999999999999995
      vertex -12.872806802392006 -2.56056047976017 6.8999999999999995
    endloop
  endfacet
  facet normal 0 0 1
    outer loop
      vertex -12.872806802392006 -2.56056047976017 6.8999999999999995
      vertex -7.105059690773487 11.025002039968967 6.8999999999999995
      vertex -13.06179954111576 -1.2864749655127525 6.8999999999999995
    endloop
  endfacet
  facet normal 0 0 1
    outer loop
      vertex -13.06179954111576 -1.2864749655127525 6.8999999999999995
      vertex -7.105059690773487 11.025002039968967 6.8999999999999995
      vertex -13.09566331654787 -0.5971619412302971 6.8999999999999995
    endloop
  endfacet
  facet normal 0 0 1
    outer loop
      vertex -13.09566331654787 -0.5971619412302971 6.8999999999999995
      vertex -7.105059690773487 11.025002039968967 6.8999999999999995
      vertex -13.09566331654787 0.5971619412302971 6.8999999999999995
    endloop
  endfacet
  facet normal 0 0 1
    outer loop
      vertex -13.09566331654787 0.5971619412302971 6.8999999999999995
      vertex -7.105059690773487 11.025002039968967 6.8999999999999995
      vertex -13.06179954111576 1.2864749655127525 6.8999999999999995
    endloop
  endfacet
  facet normal 0 0 1
    outer loop
      vertex -13.06179954111576 1.2864749655127525 6.8999999999999995
      vertex -7.105059690773487 11.025002039968967 6.8999999999999995
      vertex -12.872806802392006 2.56056047976017 6.8999999999999995
    endloop
  endfacet
  facet normal 0 0 1
    outer loop
      vertex -12.872806802392006 2.56056047976017 6.8999999999999995
      vertex -7.105059690773487 11.025002039968967 6.8999999999999995
      vertex -12.654696509242058 3.4313055649399757 6.8999999999999995
    endloop
  endfacet
  facet normal 0 0 1
    outer loop
      vertex -11.110134787857533 6.987884521484375 6.8999999999999995
      vertex -11.025002039968967 7.105059690773487 6.8999999999999995
      vertex -13.611370094120502 9.32633925974369 6.8999999999999995
    endloop
  endfacet
  facet normal 0 0 1
    outer loop
      vertex -12.253170602023602 4.667075254023075 6.8999999999999995
      vertex -8.371596708893776 10.104809023439884 6.8999999999999995
      vertex -12.125918865203857 5.022720046341419 6.8999999999999995
    endloop
  endfacet
  facet normal 0 0 1
    outer loop
      vertex -12.125918865203857 5.022720046341419 6.8999999999999995
      vertex -9.280776500701904 9.280776500701904 6.8999999999999995
      vertex -11.575216591358185 6.1870821714401245 6.8999999999999995
    endloop
  endfacet
  facet normal 0 0 1
    outer loop
      vertex -12.654696509242058 3.4313055649399757 6.8999999999999995
      vertex -7.105059690773487 11.025002039968967 6.8999999999999995
      vertex -12.253170602023602 4.667075254023075 6.8999999999999995
    endloop
  endfacet
  facet normal 0 0 1
    outer loop
      vertex -11.575216591358185 6.1870821714401245 6.8999999999999995
      vertex -10.104809023439884 8.371596708893776 6.8999999999999995
      vertex -11.025002039968967 7.105059690773487 6.8999999999999995
    endloop
  endfacet
  facet normal 0 0 1
    outer loop
      vertex -11.575216591358185 6.1870821714401245 6.8999999999999995
      vertex -9.280776500701904 9.280776500701904 6.8999999999999995
      vertex -10.104809023439884 8.371596708893776 6.8999999999999995
    endloop
  endfacet
  facet normal 0 0 1
    outer loop
      vertex -12.125918865203857 5.022720046341419 6.8999999999999995
      vertex -8.371596708893776 10.104809023439884 6.8999999999999995
      vertex -9.280776500701904 9.280776500701904 6.8999999999999995
    endloop
  endfacet
  facet normal -0.8090169948394681 0.5877852516531153 0
    outer loop
      vertex -13.611370094120502 9.32633925974369 0
      vertex -13.611370094120502 9.32633925974369 6.8999999999999995
      vertex -13.076020404696465 10.063184894621372 6.8999999999999995
    endloop
  endfacet
  facet normal 0.4836855462313077 0.8752418479294289 0
    outer loop
      vertex -13.076020404696465 10.063184894621372 0
      vertex -13.076020404696465 10.063184894621372 6.8999999999999995
      vertex -10.07909356802702 8.406991012394428 6.8999999999999995
    endloop
  endfacet
  facet normal 0.8090171175182794 -0.58778508280018 0
    outer loop
      vertex -10.07909356802702 8.406991012394428 0
      vertex -10.07909356802702 8.406991012394428 6.8999999999999995
      vertex -10.104809023439884 8.371596708893776 6.8999999999999995
    endloop
  endfacet
  facet normal -0.7409511284761477 0.6715589514033173 0
    outer loop
      vertex -10.104809023439884 8.371596708893776 0
      vertex -10.104809023439884 8.371596708893776 6.8999999999999995
      vertex -9.280776500701904 9.280776500701904 6.8999999999999995
    endloop
  endfacet
  facet normal -0.6715589514033173 0.7409511284761477 0
    outer loop
      vertex -9.280776500701904 9.280776500701904 0
      vertex -9.280776500701904 9.280776500701904 6.8999999999999995
      vertex -8.371596708893776 10.104809023439884 6.8999999999999995
    endloop
  endfacet
  facet normal 0.58778508280018 -0.8090171175182794 0
    outer loop
      vertex -8.371596708893776 10.104809023439884 0
      vertex -8.371596708893776 10.104809023439884 6.8999999999999995
      vertex -8.406991012394428 10.07909356802702 6.8999999999999995
    endloop
  endfacet
  facet normal -0.8752418479294289 -0.4836855462313077 0
    outer loop
      vertex -8.406991012394428 10.07909356802702 0
      vertex -8.406991012394428 10.07909356802702 6.8999999999999995
      vertex -10.063184894621372 13.076020404696465 6.8999999999999995
    endloop
  endfacet
  facet normal -0.5877852516531153 0.8090169948394681 0
    outer loop
      vertex -10.063184894621372 13.076020404696465 0
      vertex -10.063184894621372 13.076020404696465 6.8999999999999995
      vertex -9.32633925974369 13.611370094120502 6.8999999999999995
    endloop
  endfacet
  facet normal 0.7304768960697146 0.6829374087779606 0
    outer loop
      vertex -9.32633925974369 13.611370094120502 0
      vertex -9.32633925974369 13.611370094120502 6.8999999999999995
      vertex -6.987884521484375 11.110134787857533 6.8999999999999995
    endloop
  endfacet
  facet normal 0 0 1
    outer loop
      vertex -11.025002039968967 7.105059690773487 6.8999999999999995
      vertex -13.076020404696465 10.063184894621372 6.8999999999999995
      vertex -13.611370094120502 9.32633925974369 6.8999999999999995
    endloop
  endfacet
  facet normal 0 0 1
    outer loop
      vertex -11.025002039968967 7.105059690773487 6.8999999999999995
      vertex -10.104809023439884 8.371596708893776 6.8999999999999995
      vertex -13.076020404696465 10.063184894621372 6.8999999999999995
    endloop
  endfacet
  facet normal 0 0 1
    outer loop
      vertex -13.076020404696465 10.063184894621372 6.8999999999999995
      vertex -10.104809023439884 8.371596708893776 6.8999999999999995
      vertex -10.07909356802702 8.406991012394428 6.8999999999999995
    endloop
  endfacet
  facet normal 0 0 1
    outer loop
      vertex -12.253170602023602 4.667075254023075 6.8999999999999995
      vertex -7.105059690773487 11.025002039968967 6.8999999999999995
      vertex -8.371596708893776 10.104809023439884 6.8999999999999995
    endloop
  endfacet
  facet normal 0 0 1
    outer loop
      vertex -8.406991012394428 10.07909356802702 6.8999999999999995
      vertex -8.371596708893776 10.104809023439884 6.8999999999999995
      vertex -10.063184894621372 13.076020404696465 6.8999999999999995
    endloop
  endfacet
  facet normal 0 0 1
    outer loop
      vertex -8.371596708893776 10.104809023439884 6.8999999999999995
      vertex -7.105059690773487 11.025002039968967 6.8999999999999995
      vertex -10.063184894621372 13.076020404696465 6.8999999999999995
    endloop
  endfacet
  facet normal 0 0 1
    outer loop
      vertex -10.063184894621372 13.076020404696465 6.8999999999999995
      vertex -7.105059690773487 11.025002039968967 6.8999999999999995
      vertex -9.32633925974369 13.611370094120502 6.8999999999999995
    endloop
  endfacet
  facet normal 0 0 1
    outer loop
      vertex -7.105059690773487 11.025002039968967 6.8999999999999995
      vertex -1.6263455967290592 1.6263455967290592 6.8999999999999995
      vertex -6.1870821714401245 11.575216591358185 6.8999999999999995
    endloop
  endfacet
  facet normal 0 0 1
    outer loop
      vertex -7.105059690773487 11.025002039968967 6.8999999999999995
      vertex -2.25580614492743 -0.44870774063709495 6.8999999999999995
      vertex -2.288924871346053 -0.22543942275798937 6.8999999999999995
    endloop
  endfacet
  facet normal 0 0 1
    outer loop
      vertex -7.105059690773487 11.025002039968967 6.8999999999999995
      vertex -2.288924871346053 -0.22543942275798937 6.8999999999999995
      vertex -2.3 0 6.8999999999999995
    endloop
  endfacet
  facet normal 0 0 1
    outer loop
      vertex -7.105059690773487 11.025002039968967 6.8999999999999995
      vertex -2.124922924775959 -0.8801718944397064 6.8999999999999995
      vertex -2.2009627721840803 -0.6676547576852633 6.8999999999999995
    endloop
  endfacet
  facet normal 0 0 1
    outer loop
      vertex -7.105059690773487 11.025002039968967 6.8999999999999995
      vertex -2.2009627721840803 -0.6676547576852633 6.8999999999999995
      vertex -2.25580614492743 -0.44870774063709495 6.8999999999999995
    endloop
  endfacet
  facet normal 0 0 1
    outer loop
      vertex -7.105059690773487 11.025002039968967 6.8999999999999995
      vertex -2.3 0 6.8999999999999995
      vertex -2.288924871346053 0.22543942275798937 6.8999999999999995
    endloop
  endfacet
  facet normal 0 0 1
    outer loop
      vertex -7.105059690773487 11.025002039968967 6.8999999999999995
      vertex -2.288924871346053 0.22543942275798937 6.8999999999999995
      vertex -2.25580614492743 0.44870774063709495 6.8999999999999995
    endloop
  endfacet
  facet normal 0 0 1
    outer loop
      vertex -7.105059690773487 11.025002039968967 6.8999999999999995
      vertex -2.25580614492743 0.44870774063709495 6.8999999999999995
      vertex -2.2009627721840803 0.6676547576852633 6.8999999999999995
    endloop
  endfacet
  facet normal 0 0 1
    outer loop
      vertex -7.105059690773487 11.025002039968967 6.8999999999999995
      vertex -2.2009627721840803 0.6676547576852633 6.8999999999999995
      vertex -2.124922924775959 0.8801718944397064 6.8999999999999995
    endloop
  endfacet
  facet normal 0 0 1
    outer loop
      vertex -7.105059690773487 11.025002039968967 6.8999999999999995
      vertex -2.124922924775959 0.8801718944397064 6.8999999999999995
      vertex -2.0284189080012163 1.0842124946997944 6.8999999999999995
    endloop
  endfacet
  facet normal 0 0 1
    outer loop
      vertex -7.105059690773487 11.025002039968967 6.8999999999999995
      vertex -2.0284189080012163 1.0842124946997944 6.8999999999999995
      vertex -1.9123801082958538 1.277811535945085 6.8999999999999995
    endloop
  endfacet
  facet normal 0 0 1
    outer loop
      vertex -7.105059690773487 11.025002039968967 6.8999999999999995
      vertex -1.9123801082958538 1.277811535945085 6.8999999999999995
      vertex -1.777924042734295 1.4591045535763845 6.8999999999999995
    endloop
  endfacet
  facet normal 0 0 1
    outer loop
      vertex -7.105059690773487 11.025002039968967 6.8999999999999995
      vertex -1.777924042734295 1.4591045535763845 6.8999999999999995
      vertex -1.6263455967290592 1.6263455967290592 6.8999999999999995
    endloop
  endfacet
  facet normal 0 0 1
    outer loop
      vertex -6.1870821714401245 11.575216591358185 6.8999999999999995
      vertex -1.6263455967290592 1.6263455967290592 6.8999999999999995
      vertex -1.4591045535763845 1.777924042734295 6.8999999999999995
    endloop
  endfacet
  facet normal 0 0 1
    outer loop
      vertex -6.1870821714401245 11.575216591358185 6.8999999999999995
      vertex -1.4591045535763845 1.777924042734295 6.8999999999999995
      vertex -1.277811535945085 1.9123801082958538 6.8999999999999995
    endloop
  endfacet
  facet normal 0 0 1
    outer loop
      vertex -6.1870821714401245 11.575216591358185 6.8999999999999995
      vertex -1.277811535945085 1.9123801082958538 6.8999999999999995
      vertex -1.0842124946997944 2.0284189080012163 6.8999999999999995
    endloop
  endfacet
  facet normal 0 0 1
    outer loop
      vertex -6.1870821714401245 11.575216591358185 6.8999999999999995
      vertex -1.0842124946997944 2.0284189080012163 6.8999999999999995
      vertex -0.8801718944397064 2.124922924775959 6.8999999999999995
    endloop
  endfacet
  facet normal 0 0 1
    outer loop
      vertex -4.667075254023075 12.253170602023602 6.8999999999999995
      vertex -0.8801718944397064 2.124922924775959 6.8999999999999995
      vertex -0.6676547576852633 2.2009627721840803 6.8999999999999995
    endloop
  endfacet
  facet normal 0 0 1
    outer loop
      vertex -4.667075254023075 12.253170602023602 6.8999999999999995
      vertex -0.6676547576852633 2.2009627721840803 6.8999999999999995
      vertex -0.44870774063709495 2.25580614492743 6.8999999999999995
    endloop
  endfacet
  facet normal 0 0 1
    outer loop
      vertex -4.667075254023075 12.253170602023602 6.8999999999999995
      vertex -0.44870774063709495 2.25580614492743 6.8999999999999995
      vertex -0.22543942275798937 2.288924871346053 6.8999999999999995
    endloop
  endfacet
  facet normal 0 0 1
    outer loop
      vertex -4.667075254023075 12.253170602023602 6.8999999999999995
      vertex -0.22543942275798937 2.288924871346053 6.8999999999999995
      vertex 0 2.3 6.8999999999999995
    endloop
  endfacet
  facet normal 0 0 1
    outer loop
      vertex -4.667075254023075 12.253170602023602 6.8999999999999995
      vertex 0 2.3 6.8999999999999995
      vertex 0.22543942275798937 2.288924871346053 6.8999999999999995
    endloop
  endfacet
  facet normal 0 0 1
    outer loop
      vertex -4.667075254023075 12.253170602023602 6.8999999999999995
      vertex 0.22543942275798937 2.288924871346053 6.8999999999999995
      vertex 0.44870774063709495 2.25580614492743 6.8999999999999995
    endloop
  endfacet
  facet normal 0 0 1
    outer loop
      vertex -4.667075254023075 12.253170602023602 6.8999999999999995
      vertex 0.44870774063709495 2.25580614492743 6.8999999999999995
      vertex 0.6676547576852633 2.2009627721840803 6.8999999999999995
    endloop
  endfacet
  facet normal 0 0 1
    outer loop
      vertex -4.667075254023075 12.253170602023602 6.8999999999999995
      vertex 0.6676547576852633 2.2009627721840803 6.8999999999999995
      vertex 0.8801718944397064 2.124922924775959 6.8999999999999995
    endloop
  endfacet
  facet normal 0 0 1
    outer loop
      vertex -4.667075254023075 12.253170602023602 6.8999999999999995
      vertex 1.6263455967290592 1.6263455967290592 6.8999999999999995
      vertex 1.777924042734295 1.4591045535763845 6.8999999999999995
    endloop
  endfacet
  facet normal 0 0 1
    outer loop
      vertex -4.667075254023075 12.253170602023602 6.8999999999999995
      vertex 1.777924042734295 1.4591045535763845 6.8999999999999995
      vertex 1.9123801082958538 1.277811535945085 6.8999999999999995
    endloop
  endfacet
  facet normal 0 0 1
    outer loop
      vertex -4.667075254023075 12.253170602023602 6.8999999999999995
      vertex 0.8801718944397064 2.124922924775959 6.8999999999999995
      vertex 1.0842124946997944 2.0284189080012163 6.8999999999999995
    endloop
  endfacet
  facet normal 0 0 1
    outer loop
      vertex -4.667075254023075 12.253170602023602 6.8999999999999995
      vertex 1.0842124946997944 2.0284189080012163 6.8999999999999995
      vertex 1.277811535945085 1.9123801082958538 6.8999999999999995
    endloop
  endfacet
  facet normal 0 0 1
    outer loop
      vertex -4.667075254023075 12.253170602023602 6.8999999999999995
      vertex 1.4591045535763845 1.777924042734295 6.8999999999999995
      vertex 1.6263455967290592 1.6263455967290592 6.8999999999999995
    endloop
  endfacet
  facet normal 0 0 1
    outer loop
      vertex -4.667075254023075 12.253170602023602 6.8999999999999995
      vertex 1.277811535945085 1.9123801082958538 6.8999999999999995
      vertex 1.4591045535763845 1.777924042734295 6.8999999999999995
    endloop
  endfacet
  facet normal 0.5877852711536462 -0.8090169806715026 0
    outer loop
      vertex -6.987884521484375 11.110134787857533 0
      vertex -6.987884521484375 11.110134787857533 6.8999999999999995
      vertex -7.105059690773487 11.025002039968967 6.8999999999999995
    endloop
  endfacet
  facet normal -0.5141027446484593 0.8577286097274133 0
    outer loop
      vertex -7.105059690773487 11.025002039968967 0
      vertex -7.105059690773487 11.025002039968967 6.8999999999999995
      vertex -6.1870821714401245 11.575216591358185 6.8999999999999995
    endloop
  endfacet
  facet normal -0.42755509488447047 0.9039892924356635 0
    outer loop
      vertex -6.1870821714401245 11.575216591358185 0
      vertex -6.1870821714401245 11.575216591358185 6.8999999999999995
      vertex -5.022720046341419 12.125918865203857 6.8999999999999995
    endloop
  endfacet
  facet normal -0.33688984253172577 0.9415440690689677 0
    outer loop
      vertex -5.022720046341419 12.125918865203857 0
      vertex -5.022720046341419 12.125918865203857 6.8999999999999995
      vertex -4.667075254023075 12.253170602023602 6.8999999999999995
    endloop
  endfacet
  facet normal 0.30901697120779936 -0.951056523822616 0
    outer loop
      vertex -4.667075254023075 12.253170602023602 0
      vertex -4.667075254023075 12.253170602023602 6.8999999999999995
      vertex -4.880912385880947 12.183690711855888 6.8999999999999995
    endloop
  endfacet
  facet normal -0.9818715165459738 -0.1895476852818562 0
    outer loop
      vertex -4.880912385880947 12.183690711855888 0
      vertex -4.880912385880947 12.183690711855888 6.8999999999999995
      vertex -5.52994504570961 15.54572956264019 6.8999999999999995
    endloop
  endfacet
  facet normal -0.30901699562000323 0.9510565158906104 0
    outer loop
      vertex -5.52994504570961 15.54572956264019 0
      vertex -5.52994504570961 15.54572956264019 6.8999999999999995
      vertex -4.663731053471565 15.827179551124573 6.8999999999999995
    endloop
  endfacet
  facet normal 0.9057640768342569 0.4237822992015906 0
    outer loop
      vertex -4.663731053471565 15.827179551124573 0
      vertex -4.663731053471565 15.827179551124573 6.8999999999999995
      vertex -3.2126526460051537 12.725741155445576 6.8999999999999995
    endloop
  endfacet
  facet normal 0.30901701877832144 -0.9510565083660164 0
    outer loop
      vertex -3.2126526460051537 12.725741155445576 0
      vertex -3.2126526460051537 12.725741155445576 6.8999999999999995
      vertex -3.4313055649399757 12.654696509242058 6.8999999999999995
    endloop
  endfacet
  facet normal -0.24298018374169336 0.9700312522330675 0
    outer loop
      vertex -3.4313055649399757 12.654696509242058 0
      vertex -3.4313055649399757 12.654696509242058 6.8999999999999995
      vertex -2.56056047976017 12.872806802392006 6.8999999999999995
    endloop
  endfacet
  facet normal -0.14673047883070559 0.98917650931576 0
    outer loop
      vertex -2.56056047976017 12.872806802392006 0
      vertex -2.56056047976017 12.872806802392006 6.8999999999999995
      vertex -1.2864749655127525 13.06179954111576 6.8999999999999995
    endloop
  endfacet
  facet normal -0.04906767150012208 0.9987954563440686 0
    outer loop
      vertex -1.2864749655127525 13.06179954111576 0
      vertex -1.2864749655127525 13.06179954111576 6.8999999999999995
      vertex -0.5971619412302971 13.09566331654787 6.8999999999999995
    endloop
  endfacet
  facet normal 0 -1 0
    outer loop
      vertex -0.5971619412302971 13.09566331654787 0
      vertex -0.5971619412302971 13.09566331654787 6.8999999999999995
      vertex -0.8770560473203659 13.09566331654787 6.8999999999999995
    endloop
  endfacet
  facet normal -0.9923887599657353 0.12314442372137806 0
    outer loop
      vertex -0.8770560473203659 13.09566331654787 0
      vertex -0.8770560473203659 13.09566331654787 6.8999999999999995
      vertex -0.4553956463932991 16.493714399635792 6.8999999999999995
    endloop
  endfacet
  facet normal 0 1 0
    outer loop
      vertex -0.4553956463932991 16.493714399635792 0
      vertex -0.4553956463932991 16.493714399635792 6.8999999999999995
      vertex 0.4553956463932991 16.493714399635792 6.8999999999999995
    endloop
  endfacet
  facet normal 0 0 1
    outer loop
      vertex -9.32633925974369 13.611370094120502 6.8999999999999995
      vertex -7.105059690773487 11.025002039968967 6.8999999999999995
      vertex -6.987884521484375 11.110134787857533 6.8999999999999995
    endloop
  endfacet
  facet normal 0 0 1
    outer loop
      vertex -4.880912385880947 12.183690711855888 6.8999999999999995
      vertex -4.667075254023075 12.253170602023602 6.8999999999999995
      vertex -5.52994504570961 15.54572956264019 6.8999999999999995
    endloop
  endfacet
  facet normal 0 0 1
    outer loop
      vertex -4.667075254023075 12.253170602023602 6.8999999999999995
      vertex -3.4313055649399757 12.654696509242058 6.8999999999999995
      vertex -5.52994504570961 15.54572956264019 6.8999999999999995
    endloop
  endfacet
  facet normal 0 0 1
    outer loop
      vertex -5.52994504570961 15.54572956264019 6.8999999999999995
      vertex -3.4313055649399757 12.654696509242058 6.8999999999999995
      vertex -4.663731053471565 15.827179551124573 6.8999999999999995
    endloop
  endfacet
  facet normal 0 0 1
    outer loop
      vertex -6.1870821714401245 11.575216591358185 6.8999999999999995
      vertex -0.8801718944397064 2.124922924775959 6.8999999999999995
      vertex -5.022720046341419 12.125918865203857 6.8999999999999995
    endloop
  endfacet
  facet normal 0 0 1
    outer loop
      vertex -5.022720046341419 12.125918865203857 6.8999999999999995
      vertex -0.8801718944397064 2.124922924775959 6.8999999999999995
      vertex -4.667075254023075 12.253170602023602 6.8999999999999995
    endloop
  endfacet
  facet normal 0 0 1
    outer loop
      vertex -4.663731053471565 15.827179551124573 6.8999999999999995
      vertex -3.4313055649399757 12.654696509242058 6.8999999999999995
      vertex -3.2126526460051537 12.725741155445576 6.8999999999999995
    endloop
  endfacet
  facet normal 0 0 1
    outer loop
      vertex -0.8770560473203659 13.09566331654787 6.8999999999999995
      vertex -0.5971619412302971 13.09566331654787 6.8999999999999995
      vertex -0.4553956463932991 16.493714399635792 6.8999999999999995
    endloop
  endfacet
  facet normal 0 0 1
    outer loop
      vertex -0.5971619412302971 13.09566331654787 6.8999999999999995
      vertex 0.5971619412302971 13.09566331654787 6.8999999999999995
      vertex -0.4553956463932991 16.493714399635792 6.8999999999999995
    endloop
  endfacet
  facet normal 0 0 -1
    outer loop
      vertex -0.5971619412302971 -13.09566331654787 0
      vertex 0.5971619412302971 -13.09566331654787 0
      vertex 0.4553956463932991 -16.493714399635792 0
    endloop
  endfacet
  facet normal 0 0 -1
    outer loop
      vertex 0.4553956463932991 -16.493714399635792 0
      vertex 0.5971619412302971 -13.09566331654787 0
      vertex 0.8770560473203659 -13.09566331654787 0
    endloop
  endfacet
  facet normal 0 0 -1
    outer loop
      vertex 3.2126526460051537 -12.725741155445576 0
      vertex 3.4313055649399757 -12.654696509242058 0
      vertex 4.663731053471565 -15.827179551124573 0
    endloop
  endfacet
  facet normal 0 0 -1
    outer loop
      vertex 2.56056047976017 -12.872806802392006 0
      vertex -1.277811535945085 -1.9123801082958538 0
      vertex 3.4313055649399757 -12.654696509242058 0
    endloop
  endfacet
  facet normal 0 0 -1
    outer loop
      vertex 3.4313055649399757 -12.654696509242058 0
      vertex -0.22543942275798937 -2.288924871346053 0
      vertex 4.667075254023075 -12.253170602023602 0
    endloop
  endfacet
  facet normal 0 0 -1
    outer loop
      vertex 4.667075254023075 -12.253170602023602 0
      vertex 1.0842124946997944 -2.0284189080012163 0
      vertex 5.022720046341419 -12.125918865203857 0
    endloop
  endfacet
  facet normal 0 0 -1
    outer loop
      vertex 5.022720046341419 -12.125918865203857 0
      vertex 1.0842124946997944 -2.0284189080012163 0
      vertex 6.1870821714401245 -11.575216591358185 0
    endloop
  endfacet
  facet normal 0 0 -1
    outer loop
      vertex 3.4313055649399757 -12.654696509242058 0
      vertex 5.52994504570961 -15.54572956264019 0
      vertex 4.663731053471565 -15.827179551124573 0
    endloop
  endfacet
  facet normal 0 0 -1
    outer loop
      vertex 3.4313055649399757 -12.654696509242058 0
      vertex 4.667075254023075 -12.253170602023602 0
      vertex 5.52994504570961 -15.54572956264019 0
    endloop
  endfacet
  facet normal 0 0 -1
    outer loop
      vertex 5.52994504570961 -15.54572956264019 0
      vertex 4.667075254023075 -12.253170602023602 0
      vertex 4.880912385880947 -12.183690711855888 0
    endloop
  endfacet
  facet normal 0 0 -1
    outer loop
      vertex 6.987884521484375 -11.110134787857533 0
      vertex 7.105059690773487 -11.025002039968967 0
      vertex 9.32633925974369 -13.611370094120502 0
    endloop
  endfacet
  facet normal 0.9923887599657353 -0.12314442372137806 0
    outer loop
      vertex 0.4553956463932991 -16.493714399635792 0
      vertex 0.8770560473203659 -13.09566331654787 0
      vertex 0.4553956463932991 -16.493714399635792 6.8999999999999995
    endloop
  endfacet
  facet normal 0 1 0
    outer loop
      vertex 0.5971619412302971 -13.09566331654787 0
      vertex 0.8770560473203659 -13.09566331654787 6.8999999999999995
      vertex 0.8770560473203659 -13.09566331654787 0
    endloop
  endfacet
  facet normal 0.04906767150012208 -0.9987954563440686 0
    outer loop
      vertex 0.5971619412302971 -13.09566331654787 0
      vertex 1.2864749655127525 -13.06179954111576 0
      vertex 0.5971619412302971 -13.09566331654787 6.8999999999999995
    endloop
  endfacet
  facet normal 0.14673047883070559 -0.98917650931576 0
    outer loop
      vertex 1.2864749655127525 -13.06179954111576 0
      vertex 2.56056047976017 -12.872806802392006 0
      vertex 1.2864749655127525 -13.06179954111576 6.8999999999999995
    endloop
  endfacet
  facet normal 0.24298018374169336 -0.9700312522330675 0
    outer loop
      vertex 2.56056047976017 -12.872806802392006 0
      vertex 3.4313055649399757 -12.654696509242058 0
      vertex 2.56056047976017 -12.872806802392006 6.8999999999999995
    endloop
  endfacet
  facet normal -0.9057640768342569 -0.4237822992015906 0
    outer loop
      vertex 3.2126526460051537 -12.725741155445576 0
      vertex 4.663731053471565 -15.827179551124573 0
      vertex 3.2126526460051537 -12.725741155445576 6.8999999999999995
    endloop
  endfacet
  facet normal -0.30901701877832144 0.9510565083660164 0
    outer loop
      vertex 3.2126526460051537 -12.725741155445576 0
      vertex 3.4313055649399757 -12.654696509242058 6.8999999999999995
      vertex 3.4313055649399757 -12.654696509242058 0
    endloop
  endfacet
  facet normal 0.30901699562000323 -0.9510565158906104 0
    outer loop
      vertex 4.663731053471565 -15.827179551124573 0
      vertex 5.52994504570961 -15.54572956264019 0
      vertex 4.663731053471565 -15.827179551124573 6.8999999999999995
    endloop
  endfacet
  facet normal 0.9818715165459738 0.1895476852818562 0
    outer loop
      vertex 5.52994504570961 -15.54572956264019 0
      vertex 4.880912385880947 -12.183690711855888 0
      vertex 5.52994504570961 -15.54572956264019 6.8999999999999995
    endloop
  endfacet
  facet normal 0.33688984253172577 -0.9415440690689677 0
    outer loop
      vertex 4.667075254023075 -12.253170602023602 0
      vertex 5.022720046341419 -12.125918865203857 0
      vertex 4.667075254023075 -12.253170602023602 6.8999999999999995
    endloop
  endfacet
  facet normal -0.30901697120779936 0.951056523822616 0
    outer loop
      vertex 4.667075254023075 -12.253170602023602 0
      vertex 4.880912385880947 -12.183690711855888 6.8999999999999995
      vertex 4.880912385880947 -12.183690711855888 0
    endloop
  endfacet
  facet normal 0.42755509488447047 -0.9039892924356635 0
    outer loop
      vertex 5.022720046341419 -12.125918865203857 0
      vertex 6.1870821714401245 -11.575216591358185 0
      vertex 5.022720046341419 -12.125918865203857 6.8999999999999995
    endloop
  endfacet
  facet normal 0.5141027446484593 -0.8577286097274133 0
    outer loop
      vertex 6.1870821714401245 -11.575216591358185 0
      vertex 7.105059690773487 -11.025002039968967 0
      vertex 6.1870821714401245 -11.575216591358185 6.8999999999999995
    endloop
  endfacet
  facet normal -0.5877852711536462 0.8090169806715026 0
    outer loop
      vertex 6.987884521484375 -11.110134787857533 0
      vertex 7.105059690773487 -11.025002039968967 6.8999999999999995
      vertex 7.105059690773487 -11.025002039968967 0
    endloop
  endfacet
  facet normal -0.7304768960697146 -0.6829374087779606 0
    outer loop
      vertex 6.987884521484375 -11.110134787857533 0
      vertex 9.32633925974369 -13.611370094120502 0
      vertex 6.987884521484375 -11.110134787857533 6.8999999999999995
    endloop
  endfacet
  facet normal 0 0 -1
    outer loop
      vertex 3.4313055649399757 -12.654696509242058 0
      vertex -1.277811535945085 -1.9123801082958538 0
      vertex -1.0842124946997944 -2.0284189080012163 0
    endloop
  endfacet
  facet normal 0 0 -1
    outer loop
      vertex 3.4313055649399757 -12.654696509242058 0
      vertex -1.0842124946997944 -2.0284189080012163 0
      vertex -0.8801718944397064 -2.124922924775959 0
    endloop
  endfacet
  facet normal 0 0 -1
    outer loop
      vertex 3.4313055649399757 -12.654696509242058 0
      vertex -0.6676547576852633 -2.2009627721840803 0
      vertex -0.44870774063709495 -2.25580614492743 0
    endloop
  endfacet
  facet normal 0 0 -1
    outer loop
      vertex 3.4313055649399757 -12.654696509242058 0
      vertex -0.44870774063709495 -2.25580614492743 0
      vertex -0.22543942275798937 -2.288924871346053 0
    endloop
  endfacet
  facet normal 0 0 -1
    outer loop
      vertex 3.4313055649399757 -12.654696509242058 0
      vertex -0.8801718944397064 -2.124922924775959 0
      vertex -0.6676547576852633 -2.2009627721840803 0
    endloop
  endfacet
  facet normal 0 0 -1
    outer loop
      vertex 4.667075254023075 -12.253170602023602 0
      vertex -0.22543942275798937 -2.288924871346053 0
      vertex 0 -2.3 0
    endloop
  endfacet
  facet normal 0 0 -1
    outer loop
      vertex 4.667075254023075 -12.253170602023602 0
      vertex 0 -2.3 0
      vertex 0.22543942275798937 -2.288924871346053 0
    endloop
  endfacet
  facet normal 0 0 -1
    outer loop
      vertex 4.667075254023075 -12.253170602023602 0
      vertex 0.22543942275798937 -2.288924871346053 0
      vertex 0.44870774063709495 -2.25580614492743 0
    endloop
  endfacet
  facet normal 0 0 -1
    outer loop
      vertex 4.667075254023075 -12.253170602023602 0
      vertex 0.44870774063709495 -2.25580614492743 0
      vertex 0.6676547576852633 -2.2009627721840803 0
    endloop
  endfacet
  facet normal 0 0 -1
    outer loop
      vertex 4.667075254023075 -12.253170602023602 0
      vertex 0.6676547576852633 -2.2009627721840803 0
      vertex 0.8801718944397064 -2.124922924775959 0
    endloop
  endfacet
  facet normal 0 0 -1
    outer loop
      vertex 4.667075254023075 -12.253170602023602 0
      vertex 0.8801718944397064 -2.124922924775959 0
      vertex 1.0842124946997944 -2.0284189080012163 0
    endloop
  endfacet
  facet normal 0 0 -1
    outer loop
      vertex 6.1870821714401245 -11.575216591358185 0
      vertex 1.0842124946997944 -2.0284189080012163 0
      vertex 1.277811535945085 -1.9123801082958538 0
    endloop
  endfacet
  facet normal 0 0 -1
    outer loop
      vertex 6.1870821714401245 -11.575216591358185 0
      vertex 1.277811535945085 -1.9123801082958538 0
      vertex 1.4591045535763845 -1.777924042734295 0
    endloop
  endfacet
  facet normal 0 0 -1
    outer loop
      vertex 6.1870821714401245 -11.575216591358185 0
      vertex 1.4591045535763845 -1.777924042734295 0
      vertex 1.6263455967290592 -1.6263455967290592 0
    endloop
  endfacet
  facet normal 0 0 -1
    outer loop
      vertex 6.1870821714401245 -11.575216591358185 0
      vertex 1.6263455967290592 -1.6263455967290592 0
      vertex 1.777924042734295 -1.4591045535763845 0
    endloop
  endfacet
  facet normal 0 0 -1
    outer loop
      vertex 7.105059690773487 -11.025002039968967 0
      vertex 1.777924042734295 -1.4591045535763845 0
      vertex 1.9123801082958538 -1.277811535945085 0
    endloop
  endfacet
  facet normal 0 0 -1
    outer loop
      vertex 7.105059690773487 -11.025002039968967 0
      vertex 1.9123801082958538 -1.277811535945085 0
      vertex 2.0284189080012163 -1.0842124946997944 0
    endloop
  endfacet
  facet normal 0 0 -1
    outer loop
      vertex 7.105059690773487 -11.025002039968967 0
      vertex 2.0284189080012163 -1.0842124946997944 0
      vertex 2.124922924775959 -0.8801718944397064 0
    endloop
  endfacet
  facet normal 0 0 -1
    outer loop
      vertex 6.1870821714401245 -11.575216591358185 0
      vertex 1.777924042734295 -1.4591045535763845 0
      vertex 7.105059690773487 -11.025002039968967 0
    endloop
  endfacet
  facet normal 0 0 -1
    outer loop
      vertex 7.105059690773487 -11.025002039968967 0
      vertex 2.124922924775959 -0.8801718944397064 0
      vertex 8.371596708893776 -10.104809023439884 0
    endloop
  endfacet
  facet normal 0 0 -1
    outer loop
      vertex 8.371596708893776 -10.104809023439884 0
      vertex 2.25580614492743 0.44870774063709495 0
      vertex 9.280776500701904 -9.280776500701904 0
    endloop
  endfacet
  facet normal 0 0 -1
    outer loop
      vertex 8.371596708893776 -10.104809023439884 0
      vertex 2.124922924775959 -0.8801718944397064 0
      vertex 2.2009627721840803 -0.6676547576852633 0
    endloop
  endfacet
  facet normal 0 0 -1
    outer loop
      vertex 8.371596708893776 -10.104809023439884 0
      vertex 2.2009627721840803 -0.6676547576852633 0
      vertex 2.25580614492743 -0.44870774063709495 0
    endloop
  endfacet
  facet normal 0 0 -1
    outer loop
      vertex 8.371596708893776 -10.104809023439884 0
      vertex 2.25580614492743 -0.44870774063709495 0
      vertex 2.288924871346053 -0.22543942275798937 0
    endloop
  endfacet
  facet normal 0 0 -1
    outer loop
      vertex 8.371596708893776 -10.104809023439884 0
      vertex 2.288924871346053 -0.22543942275798937 0
      vertex 2.3 0 0
    endloop
  endfacet
  facet normal 0 0 -1
    outer loop
      vertex 8.371596708893776 -10.104809023439884 0
      vertex 2.3 0 0
      vertex 2.288924871346053 0.22543942275798937 0
    endloop
  endfacet
  facet normal 0 0 -1
    outer loop
      vertex 8.371596708893776 -10.104809023439884 0
      vertex 2.288924871346053 0.22543942275798937 0
      vertex 2.25580614492743 0.44870774063709495 0
    endloop
  endfacet
  facet normal 0 0 -1
    outer loop
      vertex 9.280776500701904 -9.280776500701904 0
      vertex 2.25580614492743 0.44870774063709495 0
      vertex 2.2009627721840803 0.6676547576852633 0
    endloop
  endfacet
  facet normal 0 0 -1
    outer loop
      vertex 9.280776500701904 -9.280776500701904 0
      vertex 2.2009627721840803 0.6676547576852633 0
      vertex 2.124922924775959 0.8801718944397064 0
    endloop
  endfacet
  facet normal 0 0 -1
    outer loop
      vertex 9.280776500701904 -9.280776500701904 0
      vertex 2.124922924775959 0.8801718944397064 0
      vertex 2.0284189080012163 1.0842124946997944 0
    endloop
  endfacet
  facet normal 0 0 -1
    outer loop
      vertex 9.280776500701904 -9.280776500701904 0
      vertex 2.0284189080012163 1.0842124946997944 0
      vertex 1.9123801082958538 1.277811535945085 0
    endloop
  endfacet
  facet normal 0 0 -1
    outer loop
      vertex -4.667075254023075 12.253170602023602 0
      vertex 10.104809023439884 -8.371596708893776 0
      vertex 9.280776500701904 -9.280776500701904 0
    endloop
  endfacet
  facet normal 0 0 -1
    outer loop
      vertex -4.667075254023075 12.253170602023602 0
      vertex 11.025002039968967 -7.105059690773487 0
      vertex 10.104809023439884 -8.371596708893776 0
    endloop
  endfacet
  facet normal 0 0 -1
    outer loop
      vertex -4.667075254023075 12.253170602023602 0
      vertex 11.575216591358185 -6.1870821714401245 0
      vertex 11.025002039968967 -7.105059690773487 0
    endloop
  endfacet
  facet normal 0 0 -1
    outer loop
      vertex 7.105059690773487 -11.025002039968967 0
      vertex 10.063184894621372 -13.076020404696465 0
      vertex 9.32633925974369 -13.611370094120502 0
    endloop
  endfacet
  facet normal 0 0 -1
    outer loop
      vertex 7.105059690773487 -11.025002039968967 0
      vertex 8.371596708893776 -10.104809023439884 0
      vertex 10.063184894621372 -13.076020404696465 0
    endloop
  endfacet
  facet normal 0 0 -1
    outer loop
      vertex 10.063184894621372 -13.076020404696465 0
      vertex 8.371596708893776 -10.104809023439884 0
      vertex 8.406991012394428 -10.07909356802702 0
    endloop
  endfacet
  facet normal 0 0 -1
    outer loop
      vertex 10.07909356802702 -8.406991012394428 0
      vertex 10.104809023439884 -8.371596708893776 0
      vertex 13.076020404696465 -10.063184894621372 0
    endloop
  endfacet
  facet normal 0 0 -1
    outer loop
      vertex 10.104809023439884 -8.371596708893776 0
      vertex 11.025002039968967 -7.105059690773487 0
      vertex 13.076020404696465 -10.063184894621372 0
    endloop
  endfacet
  facet normal 0 0 -1
    outer loop
      vertex 13.076020404696465 -10.063184894621372 0
      vertex 11.025002039968967 -7.105059690773487 0
      vertex 13.611370094120502 -9.32633925974369 0
    endloop
  endfacet
  facet normal 0.5877852516531153 -0.8090169948394681 0
    outer loop
      vertex 9.32633925974369 -13.611370094120502 0
      vertex 10.063184894621372 -13.076020404696465 0
      vertex 9.32633925974369 -13.611370094120502 6.8999999999999995
    endloop
  endfacet
  facet normal 0.8752418479294289 0.4836855462313077 0
    outer loop
      vertex 10.063184894621372 -13.076020404696465 0
      vertex 8.406991012394428 -10.07909356802702 0
      vertex 10.063184894621372 -13.076020404696465 6.8999999999999995
    endloop
  endfacet
  facet normal -0.58778508280018 0.8090171175182794 0
    outer loop
      vertex 8.371596708893776 -10.104809023439884 0
      vertex 8.406991012394428 -10.07909356802702 6.8999999999999995
      vertex 8.406991012394428 -10.07909356802702 0
    endloop
  endfacet
  facet normal 0.6715589514033173 -0.7409511284761477 0
    outer loop
      vertex 8.371596708893776 -10.104809023439884 0
      vertex 9.280776500701904 -9.280776500701904 0
      vertex 8.371596708893776 -10.104809023439884 6.8999999999999995
    endloop
  endfacet
  facet normal 0.7409511284761477 -0.6715589514033173 0
    outer loop
      vertex 9.280776500701904 -9.280776500701904 0
      vertex 10.104809023439884 -8.371596708893776 0
      vertex 9.280776500701904 -9.280776500701904 6.8999999999999995
    endloop
  endfacet
  facet normal -0.8090171175182794 0.58778508280018 0
    outer loop
      vertex 10.07909356802702 -8.406991012394428 0
      vertex 10.104809023439884 -8.371596708893776 6.8999999999999995
      vertex 10.104809023439884 -8.371596708893776 0
    endloop
  endfacet
  facet normal -0.4836855462313077 -0.8752418479294289 0
    outer loop
      vertex 10.07909356802702 -8.406991012394428 0
      vertex 13.076020404696465 -10.063184894621372 0
      vertex 10.07909356802702 -8.406991012394428 6.8999999999999995
    endloop
  endfacet
  facet normal 0.8090169948394681 -0.5877852516531153 0
    outer loop
      vertex 13.076020404696465 -10.063184894621372 0
      vertex 13.611370094120502 -9.32633925974369 0
      vertex 13.076020404696465 -10.063184894621372 6.8999999999999995
    endloop
  endfacet
  facet normal 0.6829374087779606 0.7304768960697146 0
    outer loop
      vertex 13.611370094120502 -9.32633925974369 0
      vertex 11.110134787857533 -6.987884521484375 0
      vertex 13.611370094120502 -9.32633925974369 6.8999999999999995
    endloop
  endfacet
  facet normal 0 0 -1
    outer loop
      vertex 13.611370094120502 -9.32633925974369 0
      vertex 11.025002039968967 -7.105059690773487 0
      vertex 11.110134787857533 -6.987884521484375 0
    endloop
  endfacet
  facet normal 0 0 -1
    outer loop
      vertex 12.183690711855888 -4.880912385880947 0
      vertex 12.253170602023602 -4.667075254023075 0
      vertex 15.54572956264019 -5.52994504570961 0
    endloop
  endfacet
  facet normal 0 0 -1
    outer loop
      vertex 12.253170602023602 -4.667075254023075 0
      vertex 12.654696509242058 -3.4313055649399757 0
      vertex 15.54572956264019 -5.52994504570961 0
    endloop
  endfacet
  facet normal 0 0 -1
    outer loop
      vertex 15.54572956264019 -5.52994504570961 0
      vertex 12.654696509242058 -3.4313055649399757 0
      vertex 15.827179551124573 -4.663731053471565 0
    endloop
  endfacet
  facet normal 0 0 -1
    outer loop
      vertex 15.827179551124573 -4.663731053471565 0
      vertex 12.654696509242058 -3.4313055649399757 0
      vertex 12.725741155445576 -3.2126526460051537 0
    endloop
  endfacet
  facet normal 0 0 -1
    outer loop
      vertex 13.09566331654787 -0.8770560473203659 0
      vertex 13.09566331654787 -0.5971619412302971 0
      vertex 16.493714399635792 -0.4553956463932991 0
    endloop
  endfacet
  facet normal 0 0 -1
    outer loop
      vertex 13.09566331654787 -0.5971619412302971 0
      vertex 16.493714399635792 0.4553956463932991 0
      vertex 16.493714399635792 -0.4553956463932991 0
    endloop
  endfacet
  facet normal -0.8090169806715026 0.5877852711536462 0
    outer loop
      vertex 11.025002039968967 -7.105059690773487 0
      vertex 11.110134787857533 -6.987884521484375 6.8999999999999995
      vertex 11.110134787857533 -6.987884521484375 0
    endloop
  endfacet
  facet normal 0.8577286097274133 -0.5141027446484593 0
    outer loop
      vertex 11.025002039968967 -7.105059690773487 0
      vertex 11.575216591358185 -6.1870821714401245 0
      vertex 11.025002039968967 -7.105059690773487 6.8999999999999995
    endloop
  endfacet
  facet normal 0.9039892924356635 -0.42755509488447047 0
    outer loop
      vertex 11.575216591358185 -6.1870821714401245 0
      vertex 12.125918865203857 -5.022720046341419 0
      vertex 11.575216591358185 -6.1870821714401245 6.8999999999999995
    endloop
  endfacet
  facet normal 0.9415440690689677 -0.33688984253172577 0
    outer loop
      vertex 12.125918865203857 -5.022720046341419 0
      vertex 12.253170602023602 -4.667075254023075 0
      vertex 12.125918865203857 -5.022720046341419 6.8999999999999995
    endloop
  endfacet
  facet normal -0.951056523822616 0.30901697120779936 0
    outer loop
      vertex 12.183690711855888 -4.880912385880947 0
      vertex 12.253170602023602 -4.667075254023075 6.8999999999999995
      vertex 12.253170602023602 -4.667075254023075 0
    endloop
  endfacet
  facet normal -0.1895476852818562 -0.9818715165459738 0
    outer loop
      vertex 12.183690711855888 -4.880912385880947 0
      vertex 15.54572956264019 -5.52994504570961 0
      vertex 12.183690711855888 -4.880912385880947 6.8999999999999995
    endloop
  endfacet
  facet normal 0.4237822992015906 0.9057640768342569 0
    outer loop
      vertex 15.827179551124573 -4.663731053471565 0
      vertex 12.725741155445576 -3.2126526460051537 0
      vertex 15.827179551124573 -4.663731053471565 6.8999999999999995
    endloop
  endfacet
  facet normal 0.9510565158906104 -0.30901699562000323 0
    outer loop
      vertex 15.54572956264019 -5.52994504570961 0
      vertex 15.827179551124573 -4.663731053471565 0
      vertex 15.54572956264019 -5.52994504570961 6.8999999999999995
    endloop
  endfacet
  facet normal -0.9510565083660164 0.30901701877832144 0
    outer loop
      vertex 12.654696509242058 -3.4313055649399757 0
      vertex 12.725741155445576 -3.2126526460051537 6.8999999999999995
      vertex 12.725741155445576 -3.2126526460051537 0
    endloop
  endfacet
  facet normal 0.9700312522330675 -0.24298018374169336 0
    outer loop
      vertex 12.654696509242058 -3.4313055649399757 0
      vertex 12.872806802392006 -2.56056047976017 0
      vertex 12.654696509242058 -3.4313055649399757 6.8999999999999995
    endloop
  endfacet
  facet normal 0.98917650931576 -0.14673047883070559 0
    outer loop
      vertex 12.872806802392006 -2.56056047976017 0
      vertex 13.06179954111576 -1.2864749655127525 0
      vertex 12.872806802392006 -2.56056047976017 6.8999999999999995
    endloop
  endfacet
  facet normal 0.9987954563440686 -0.04906767150012208 0
    outer loop
      vertex 13.06179954111576 -1.2864749655127525 0
      vertex 13.09566331654787 -0.5971619412302971 0
      vertex 13.06179954111576 -1.2864749655127525 6.8999999999999995
    endloop
  endfacet
  facet normal -1 0 0
    outer loop
      vertex 13.09566331654787 -0.8770560473203659 0
      vertex 13.09566331654787 -0.5971619412302971 6.8999999999999995
      vertex 13.09566331654787 -0.5971619412302971 0
    endloop
  endfacet
  facet normal 0.12314442372137806 -0.9923887599657353 0
    outer loop
      vertex 13.09566331654787 -0.8770560473203659 0
      vertex 16.493714399635792 -0.4553956463932991 0
      vertex 13.09566331654787 -0.8770560473203659 6.8999999999999995
    endloop
  endfacet
  facet normal 1 0 0
    outer loop
      vertex 16.493714399635792 -0.4553956463932991 0
      vertex 16.493714399635792 0.4553956463932991 0
      vertex 16.493714399635792 -0.4553956463932991 6.8999999999999995
    endloop
  endfacet
  facet normal 0 -1 0
    outer loop
      vertex -0.4553956463932991 -16.493714399635792 6.8999999999999995
      vertex 0.4553956463932991 -16.493714399635792 0
      vertex 0.4553956463932991 -16.493714399635792 6.8999999999999995
    endloop
  endfacet
  facet normal 0.9923887599657353 -0.12314442372137806 0
    outer loop
      vertex 0.8770560473203659 -13.09566331654787 0
      vertex 0.8770560473203659 -13.09566331654787 6.8999999999999995
      vertex 0.4553956463932991 -16.493714399635792 6.8999999999999995
    endloop
  endfacet
  facet normal 0 1 0
    outer loop
      vertex 0.5971619412302971 -13.09566331654787 0
      vertex 0.5971619412302971 -13.09566331654787 6.8999999999999995
      vertex 0.8770560473203659 -13.09566331654787 6.8999999999999995
    endloop
  endfacet
  facet normal 0.04906767150012208 -0.9987954563440686 0
    outer loop
      vertex 1.2864749655127525 -13.06179954111576 0
      vertex 1.2864749655127525 -13.06179954111576 6.8999999999999995
      vertex 0.5971619412302971 -13.09566331654787 6.8999999999999995
    endloop
  endfacet
  facet normal 0.14673047883070559 -0.98917650931576 0
    outer loop
      vertex 2.56056047976017 -12.872806802392006 0
      vertex 2.56056047976017 -12.872806802392006 6.8999999999999995
      vertex 1.2864749655127525 -13.06179954111576 6.8999999999999995
    endloop
  endfacet
  facet normal 0.24298018374169336 -0.9700312522330675 0
    outer loop
      vertex 3.4313055649399757 -12.654696509242058 0
      vertex 3.4313055649399757 -12.654696509242058 6.8999999999999995
      vertex 2.56056047976017 -12.872806802392006 6.8999999999999995
    endloop
  endfacet
  facet normal -0.30901701877832144 0.9510565083660164 0
    outer loop
      vertex 3.2126526460051537 -12.725741155445576 0
      vertex 3.2126526460051537 -12.725741155445576 6.8999999999999995
      vertex 3.4313055649399757 -12.654696509242058 6.8999999999999995
    endloop
  endfacet
  facet normal -0.9057640768342569 -0.4237822992015906 0
    outer loop
      vertex 4.663731053471565 -15.827179551124573 0
      vertex 4.663731053471565 -15.827179551124573 6.8999999999999995
      vertex 3.2126526460051537 -12.725741155445576 6.8999999999999995
    endloop
  endfacet
  facet normal 0.30901699562000323 -0.9510565158906104 0
    outer loop
      vertex 5.52994504570961 -15.54572956264019 0
      vertex 5.52994504570961 -15.54572956264019 6.8999999999999995
      vertex 4.663731053471565 -15.827179551124573 6.8999999999999995
    endloop
  endfacet
  facet normal 0.9818715165459738 0.1895476852818562 0
    outer loop
      vertex 4.880912385880947 -12.183690711855888 0
      vertex 4.880912385880947 -12.183690711855888 6.8999999999999995
      vertex 5.52994504570961 -15.54572956264019 6.8999999999999995
    endloop
  endfacet
  facet normal -0.30901697120779936 0.951056523822616 0
    outer loop
      vertex 4.667075254023075 -12.253170602023602 0
      vertex 4.667075254023075 -12.253170602023602 6.8999999999999995
      vertex 4.880912385880947 -12.183690711855888 6.8999999999999995
    endloop
  endfacet
  facet normal 0.33688984253172577 -0.9415440690689677 0
    outer loop
      vertex 5.022720046341419 -12.125918865203857 0
      vertex 5.022720046341419 -12.125918865203857 6.8999999999999995
      vertex 4.667075254023075 -12.253170602023602 6.8999999999999995
    endloop
  endfacet
  facet normal 0.42755509488447047 -0.9039892924356635 0
    outer loop
      vertex 6.1870821714401245 -11.575216591358185 0
      vertex 6.1870821714401245 -11.575216591358185 6.8999999999999995
      vertex 5.022720046341419 -12.125918865203857 6.8999999999999995
    endloop
  endfacet
  facet normal 0.5141027446484593 -0.8577286097274133 0
    outer loop
      vertex 7.105059690773487 -11.025002039968967 0
      vertex 7.105059690773487 -11.025002039968967 6.8999999999999995
      vertex 6.1870821714401245 -11.575216591358185 6.8999999999999995
    endloop
  endfacet
  facet normal -0.5877852711536462 0.8090169806715026 0
    outer loop
      vertex 6.987884521484375 -11.110134787857533 0
      vertex 6.987884521484375 -11.110134787857533 6.8999999999999995
      vertex 7.105059690773487 -11.025002039968967 6.8999999999999995
    endloop
  endfacet
  facet normal 0 0 1
    outer loop
      vertex -0.5971619412302971 -13.09566331654787 6.8999999999999995
      vertex 0.4553956463932991 -16.493714399635792 6.8999999999999995
      vertex 0.5971619412302971 -13.09566331654787 6.8999999999999995
    endloop
  endfacet
  facet normal 0 0 1
    outer loop
      vertex 0.4553956463932991 -16.493714399635792 6.8999999999999995
      vertex 0.8770560473203659 -13.09566331654787 6.8999999999999995
      vertex 0.5971619412302971 -13.09566331654787 6.8999999999999995
    endloop
  endfacet
  facet normal 0 0 1
    outer loop
      vertex 3.2126526460051537 -12.725741155445576 6.8999999999999995
      vertex 4.663731053471565 -15.827179551124573 6.8999999999999995
      vertex 3.4313055649399757 -12.654696509242058 6.8999999999999995
    endloop
  endfacet
  facet normal 0 0 1
    outer loop
      vertex 2.56056047976017 -12.872806802392006 6.8999999999999995
      vertex 3.4313055649399757 -12.654696509242058 6.8999999999999995
      vertex -1.4591045535763845 -1.777924042734295 6.8999999999999995
    endloop
  endfacet
  facet normal 0 0 1
    outer loop
      vertex 3.4313055649399757 -12.654696509242058 6.8999999999999995
      vertex 4.667075254023075 -12.253170602023602 6.8999999999999995
      vertex -0.44870774063709495 -2.25580614492743 6.8999999999999995
    endloop
  endfacet
  facet normal 0 0 1
    outer loop
      vertex 4.667075254023075 -12.253170602023602 6.8999999999999995
      vertex 5.022720046341419 -12.125918865203857 6.8999999999999995
      vertex 0.8801718944397064 -2.124922924775959 6.8999999999999995
    endloop
  endfacet
  facet normal 0 0 1
    outer loop
      vertex 5.022720046341419 -12.125918865203857 6.8999999999999995
      vertex 6.1870821714401245 -11.575216591358185 6.8999999999999995
      vertex 0.8801718944397064 -2.124922924775959 6.8999999999999995
    endloop
  endfacet
  facet normal 0 0 1
    outer loop
      vertex 3.4313055649399757 -12.654696509242058 6.8999999999999995
      vertex 4.663731053471565 -15.827179551124573 6.8999999999999995
      vertex 5.52994504570961 -15.54572956264019 6.8999999999999995
    endloop
  endfacet
  facet normal 0 0 1
    outer loop
      vertex 3.4313055649399757 -12.654696509242058 6.8999999999999995
      vertex 5.52994504570961 -15.54572956264019 6.8999999999999995
      vertex 4.667075254023075 -12.253170602023602 6.8999999999999995
    endloop
  endfacet
  facet normal 0 0 1
    outer loop
      vertex 5.52994504570961 -15.54572956264019 6.8999999999999995
      vertex 4.880912385880947 -12.183690711855888 6.8999999999999995
      vertex 4.667075254023075 -12.253170602023602 6.8999999999999995
    endloop
  endfacet
  facet normal 0 0 1
    outer loop
      vertex 6.987884521484375 -11.110134787857533 6.8999999999999995
      vertex 9.32633925974369 -13.611370094120502 6.8999999999999995
      vertex 7.105059690773487 -11.025002039968967 6.8999999999999995
    endloop
  endfacet
  facet normal 0 0 1
    outer loop
      vertex 3.4313055649399757 -12.654696509242058 6.8999999999999995
      vertex -1.277811535945085 -1.9123801082958538 6.8999999999999995
      vertex -1.4591045535763845 -1.777924042734295 6.8999999999999995
    endloop
  endfacet
  facet normal 0 0 1
    outer loop
      vertex 3.4313055649399757 -12.654696509242058 6.8999999999999995
      vertex -1.0842124946997944 -2.0284189080012163 6.8999999999999995
      vertex -1.277811535945085 -1.9123801082958538 6.8999999999999995
    endloop
  endfacet
  facet normal 0 0 1
    outer loop
      vertex 3.4313055649399757 -12.654696509242058 6.8999999999999995
      vertex -0.8801718944397064 -2.124922924775959 6.8999999999999995
      vertex -1.0842124946997944 -2.0284189080012163 6.8999999999999995
    endloop
  endfacet
  facet normal 0 0 1
    outer loop
      vertex 3.4313055649399757 -12.654696509242058 6.8999999999999995
      vertex -0.44870774063709495 -2.25580614492743 6.8999999999999995
      vertex -0.6676547576852633 -2.2009627721840803 6.8999999999999995
    endloop
  endfacet
  facet normal 0 0 1
    outer loop
      vertex 3.4313055649399757 -12.654696509242058 6.8999999999999995
      vertex -0.6676547576852633 -2.2009627721840803 6.8999999999999995
      vertex -0.8801718944397064 -2.124922924775959 6.8999999999999995
    endloop
  endfacet
  facet normal 0 0 1
    outer loop
      vertex 4.667075254023075 -12.253170602023602 6.8999999999999995
      vertex -0.22543942275798937 -2.288924871346053 6.8999999999999995
      vertex -0.44870774063709495 -2.25580614492743 6.8999999999999995
    endloop
  endfacet
  facet normal 0 0 1
    outer loop
      vertex 4.667075254023075 -12.253170602023602 6.8999999999999995
      vertex 0 -2.3 6.8999999999999995
      vertex -0.22543942275798937 -2.288924871346053 6.8999999999999995
    endloop
  endfacet
  facet normal 0 0 1
    outer loop
      vertex 4.667075254023075 -12.253170602023602 6.8999999999999995
      vertex 0.22543942275798937 -2.288924871346053 6.8999999999999995
      vertex 0 -2.3 6.8999999999999995
    endloop
  endfacet
  facet normal 0 0 1
    outer loop
      vertex 4.667075254023075 -12.253170602023602 6.8999999999999995
      vertex 0.44870774063709495 -2.25580614492743 6.8999999999999995
      vertex 0.22543942275798937 -2.288924871346053 6.8999999999999995
    endloop
  endfacet
  facet normal 0 0 1
    outer loop
      vertex 4.667075254023075 -12.253170602023602 6.8999999999999995
      vertex 0.6676547576852633 -2.2009627721840803 6.8999999999999995
      vertex 0.44870774063709495 -2.25580614492743 6.8999999999999995
    endloop
  endfacet
  facet normal 0 0 1
    outer loop
      vertex 4.667075254023075 -12.253170602023602 6.8999999999999995
      vertex 0.8801718944397064 -2.124922924775959 6.8999999999999995
      vertex 0.6676547576852633 -2.2009627721840803 6.8999999999999995
    endloop
  endfacet
  facet normal 0 0 1
    outer loop
      vertex 6.1870821714401245 -11.575216591358185 6.8999999999999995
      vertex 1.0842124946997944 -2.0284189080012163 6.8999999999999995
      vertex 0.8801718944397064 -2.124922924775959 6.8999999999999995
    endloop
  endfacet
  facet normal 0 0 1
    outer loop
      vertex 6.1870821714401245 -11.575216591358185 6.8999999999999995
      vertex 1.277811535945085 -1.9123801082958538 6.8999999999999995
      vertex 1.0842124946997944 -2.0284189080012163 6.8999999999999995
    endloop
  endfacet
  facet normal 0 0 1
    outer loop
      vertex 6.1870821714401245 -11.575216591358185 6.8999999999999995
      vertex 1.4591045535763845 -1.777924042734295 6.8999999999999995
      vertex 1.277811535945085 -1.9123801082958538 6.8999999999999995
    endloop
  endfacet
  facet normal 0 0 1
    outer loop
      vertex 6.1870821714401245 -11.575216591358185 6.8999999999999995
      vertex 1.6263455967290592 -1.6263455967290592 6.8999999999999995
      vertex 1.4591045535763845 -1.777924042734295 6.8999999999999995
    endloop
  endfacet
  facet normal 0 0 1
    outer loop
      vertex 7.105059690773487 -11.025002039968967 6.8999999999999995
      vertex 1.777924042734295 -1.4591045535763845 6.8999999999999995
      vertex 1.6263455967290592 -1.6263455967290592 6.8999999999999995
    endloop
  endfacet
  facet normal 0 0 1
    outer loop
      vertex 7.105059690773487 -11.025002039968967 6.8999999999999995
      vertex 1.9123801082958538 -1.277811535945085 6.8999999999999995
      vertex 1.777924042734295 -1.4591045535763845 6.8999999999999995
    endloop
  endfacet
  facet normal 0 0 1
    outer loop
      vertex 7.105059690773487 -11.025002039968967 6.8999999999999995
      vertex 2.0284189080012163 -1.0842124946997944 6.8999999999999995
      vertex 1.9123801082958538 -1.277811535945085 6.8999999999999995
    endloop
  endfacet
  facet normal 0 0 1
    outer loop
      vertex 6.1870821714401245 -11.575216591358185 6.8999999999999995
      vertex 7.105059690773487 -11.025002039968967 6.8999999999999995
      vertex 1.6263455967290592 -1.6263455967290592 6.8999999999999995
    endloop
  endfacet
  facet normal 0 0 1
    outer loop
      vertex 7.105059690773487 -11.025002039968967 6.8999999999999995
      vertex 8.371596708893776 -10.104809023439884 6.8999999999999995
      vertex 2.0284189080012163 -1.0842124946997944 6.8999999999999995
    endloop
  endfacet
  facet normal 0 0 1
    outer loop
      vertex 8.371596708893776 -10.104809023439884 6.8999999999999995
      vertex 9.280776500701904 -9.280776500701904 6.8999999999999995
      vertex 2.288924871346053 0.22543942275798937 6.8999999999999995
    endloop
  endfacet
  facet normal 0 0 1
    outer loop
      vertex 8.371596708893776 -10.104809023439884 6.8999999999999995
      vertex 2.124922924775959 -0.8801718944397064 6.8999999999999995
      vertex 2.0284189080012163 -1.0842124946997944 6.8999999999999995
    endloop
  endfacet
  facet normal 0 0 1
    outer loop
      vertex 8.371596708893776 -10.104809023439884 6.8999999999999995
      vertex 2.2009627721840803 -0.6676547576852633 6.8999999999999995
      vertex 2.124922924775959 -0.8801718944397064 6.8999999999999995
    endloop
  endfacet
  facet normal 0 0 1
    outer loop
      vertex 8.371596708893776 -10.104809023439884 6.8999999999999995
      vertex 2.25580614492743 -0.44870774063709495 6.8999999999999995
      vertex 2.2009627721840803 -0.6676547576852633 6.8999999999999995
    endloop
  endfacet
  facet normal 0 0 1
    outer loop
      vertex 8.371596708893776 -10.104809023439884 6.8999999999999995
      vertex 2.288924871346053 -0.22543942275798937 6.8999999999999995
      vertex 2.25580614492743 -0.44870774063709495 6.8999999999999995
    endloop
  endfacet
  facet normal 0 0 1
    outer loop
      vertex 8.371596708893776 -10.104809023439884 6.8999999999999995
      vertex 2.3 0 6.8999999999999995
      vertex 2.288924871346053 -0.22543942275798937 6.8999999999999995
    endloop
  endfacet
  facet normal 0 0 1
    outer loop
      vertex 8.371596708893776 -10.104809023439884 6.8999999999999995
      vertex 2.288924871346053 0.22543942275798937 6.8999999999999995
      vertex 2.3 0 6.8999999999999995
    endloop
  endfacet
  facet normal 0 0 1
    outer loop
      vertex 9.280776500701904 -9.280776500701904 6.8999999999999995
      vertex 2.25580614492743 0.44870774063709495 6.8999999999999995
      vertex 2.288924871346053 0.22543942275798937 6.8999999999999995
    endloop
  endfacet
  facet normal 0 0 1
    outer loop
      vertex 9.280776500701904 -9.280776500701904 6.8999999999999995
      vertex 2.2009627721840803 0.6676547576852633 6.8999999999999995
      vertex 2.25580614492743 0.44870774063709495 6.8999999999999995
    endloop
  endfacet
  facet normal 0 0 1
    outer loop
      vertex 9.280776500701904 -9.280776500701904 6.8999999999999995
      vertex 2.124922924775959 0.8801718944397064 6.8999999999999995
      vertex 2.2009627721840803 0.6676547576852633 6.8999999999999995
    endloop
  endfacet
  facet normal 0 0 1
    outer loop
      vertex 9.280776500701904 -9.280776500701904 6.8999999999999995
      vertex 2.0284189080012163 1.0842124946997944 6.8999999999999995
      vertex 2.124922924775959 0.8801718944397064 6.8999999999999995
    endloop
  endfacet
  facet normal 0 0 1
    outer loop
      vertex 9.280776500701904 -9.280776500701904 6.8999999999999995
      vertex 1.9123801082958538 1.277811535945085 6.8999999999999995
      vertex 2.0284189080012163 1.0842124946997944 6.8999999999999995
    endloop
  endfacet
  facet normal 0 0 1
    outer loop
      vertex -4.667075254023075 12.253170602023602 6.8999999999999995
      vertex 9.280776500701904 -9.280776500701904 6.8999999999999995
      vertex 10.104809023439884 -8.371596708893776 6.8999999999999995
    endloop
  endfacet
  facet normal 0 0 1
    outer loop
      vertex -4.667075254023075 12.253170602023602 6.8999999999999995
      vertex 10.104809023439884 -8.371596708893776 6.8999999999999995
      vertex 11.025002039968967 -7.105059690773487 6.8999999999999995
    endloop
  endfacet
  facet normal 0 0 1
    outer loop
      vertex -4.667075254023075 12.253170602023602 6.8999999999999995
      vertex 11.025002039968967 -7.105059690773487 6.8999999999999995
      vertex 11.575216591358185 -6.1870821714401245 6.8999999999999995
    endloop
  endfacet
  facet normal -0.7304768960697146 -0.6829374087779606 0
    outer loop
      vertex 9.32633925974369 -13.611370094120502 0
      vertex 9.32633925974369 -13.611370094120502 6.8999999999999995
      vertex 6.987884521484375 -11.110134787857533 6.8999999999999995
    endloop
  endfacet
  facet normal 0.5877852516531153 -0.8090169948394681 0
    outer loop
      vertex 10.063184894621372 -13.076020404696465 0
      vertex 10.063184894621372 -13.076020404696465 6.8999999999999995
      vertex 9.32633925974369 -13.611370094120502 6.8999999999999995
    endloop
  endfacet
  facet normal 0.8752418479294289 0.4836855462313077 0
    outer loop
      vertex 8.406991012394428 -10.07909356802702 0
      vertex 8.406991012394428 -10.07909356802702 6.8999999999999995
      vertex 10.063184894621372 -13.076020404696465 6.8999999999999995
    endloop
  endfacet
  facet normal -0.58778508280018 0.8090171175182794 0
    outer loop
      vertex 8.371596708893776 -10.104809023439884 0
      vertex 8.371596708893776 -10.104809023439884 6.8999999999999995
      vertex 8.406991012394428 -10.07909356802702 6.8999999999999995
    endloop
  endfacet
  facet normal 0.6715589514033173 -0.7409511284761477 0
    outer loop
      vertex 9.280776500701904 -9.280776500701904 0
      vertex 9.280776500701904 -9.280776500701904 6.8999999999999995
      vertex 8.371596708893776 -10.104809023439884 6.8999999999999995
    endloop
  endfacet
  facet normal 0.7409511284761477 -0.6715589514033173 0
    outer loop
      vertex 10.104809023439884 -8.371596708893776 0
      vertex 10.104809023439884 -8.371596708893776 6.8999999999999995
      vertex 9.280776500701904 -9.280776500701904 6.8999999999999995
    endloop
  endfacet
  facet normal -0.8090171175182794 0.58778508280018 0
    outer loop
      vertex 10.07909356802702 -8.406991012394428 0
      vertex 10.07909356802702 -8.406991012394428 6.8999999999999995
      vertex 10.104809023439884 -8.371596708893776 6.8999999999999995
    endloop
  endfacet
  facet normal -0.4836855462313077 -0.8752418479294289 0
    outer loop
      vertex 13.076020404696465 -10.063184894621372 0
      vertex 13.076020404696465 -10.063184894621372 6.8999999999999995
      vertex 10.07909356802702 -8.406991012394428 6.8999999999999995
    endloop
  endfacet
  facet normal 0.8090169948394681 -0.5877852516531153 0
    outer loop
      vertex 13.611370094120502 -9.32633925974369 0
      vertex 13.611370094120502 -9.32633925974369 6.8999999999999995
      vertex 13.076020404696465 -10.063184894621372 6.8999999999999995
    endloop
  endfacet
  facet normal 0 0 1
    outer loop
      vertex 7.105059690773487 -11.025002039968967 6.8999999999999995
      vertex 9.32633925974369 -13.611370094120502 6.8999999999999995
      vertex 10.063184894621372 -13.076020404696465 6.8999999999999995
    endloop
  endfacet
  facet normal 0 0 1
    outer loop
      vertex 7.105059690773487 -11.025002039968967 6.8999999999999995
      vertex 10.063184894621372 -13.076020404696465 6.8999999999999995
      vertex 8.371596708893776 -10.104809023439884 6.8999999999999995
    endloop
  endfacet
  facet normal 0 0 1
    outer loop
      vertex 10.063184894621372 -13.076020404696465 6.8999999999999995
      vertex 8.406991012394428 -10.07909356802702 6.8999999999999995
      vertex 8.371596708893776 -10.104809023439884 6.8999999999999995
    endloop
  endfacet
  facet normal 0 0 1
    outer loop
      vertex 10.07909356802702 -8.406991012394428 6.8999999999999995
      vertex 13.076020404696465 -10.063184894621372 6.8999999999999995
      vertex 10.104809023439884 -8.371596708893776 6.8999999999999995
    endloop
  endfacet
  facet normal 0 0 1
    outer loop
      vertex 10.104809023439884 -8.371596708893776 6.8999999999999995
      vertex 13.076020404696465 -10.063184894621372 6.8999999999999995
      vertex 11.025002039968967 -7.105059690773487 6.8999999999999995
    endloop
  endfacet
  facet normal 0 0 1
    outer loop
      vertex 13.076020404696465 -10.063184894621372 6.8999999999999995
      vertex 13.611370094120502 -9.32633925974369 6.8999999999999995
      vertex 11.025002039968967 -7.105059690773487 6.8999999999999995
    endloop
  endfacet
  facet normal -0.8090169806715026 0.5877852711536462 0
    outer loop
      vertex 11.025002039968967 -7.105059690773487 0
      vertex 11.025002039968967 -7.105059690773487 6.8999999999999995
      vertex 11.110134787857533 -6.987884521484375 6.8999999999999995
    endloop
  endfacet
  facet normal 0.6829374087779606 0.7304768960697146 0
    outer loop
      vertex 11.110134787857533 -6.987884521484375 0
      vertex 11.110134787857533 -6.987884521484375 6.8999999999999995
      vertex 13.611370094120502 -9.32633925974369 6.8999999999999995
    endloop
  endfacet
  facet normal 0.8577286097274133 -0.5141027446484593 0
    outer loop
      vertex 11.575216591358185 -6.1870821714401245 0
      vertex 11.575216591358185 -6.1870821714401245 6.8999999999999995
      vertex 11.025002039968967 -7.105059690773487 6.8999999999999995
    endloop
  endfacet
  facet normal 0.9039892924356635 -0.42755509488447047 0
    outer loop
      vertex 12.125918865203857 -5.022720046341419 0
      vertex 12.125918865203857 -5.022720046341419 6.8999999999999995
      vertex 11.575216591358185 -6.1870821714401245 6.8999999999999995
    endloop
  endfacet
  facet normal -0.951056523822616 0.30901697120779936 0
    outer loop
      vertex 12.183690711855888 -4.880912385880947 0
      vertex 12.183690711855888 -4.880912385880947 6.8999999999999995
      vertex 12.253170602023602 -4.667075254023075 6.8999999999999995
    endloop
  endfacet
  facet normal 0.9415440690689677 -0.33688984253172577 0
    outer loop
      vertex 12.253170602023602 -4.667075254023075 0
      vertex 12.253170602023602 -4.667075254023075 6.8999999999999995
      vertex 12.125918865203857 -5.022720046341419 6.8999999999999995
    endloop
  endfacet
  facet normal -0.1895476852818562 -0.9818715165459738 0
    outer loop
      vertex 15.54572956264019 -5.52994504570961 0
      vertex 15.54572956264019 -5.52994504570961 6.8999999999999995
      vertex 12.183690711855888 -4.880912385880947 6.8999999999999995
    endloop
  endfacet
  facet normal 0.9510565158906104 -0.30901699562000323 0
    outer loop
      vertex 15.827179551124573 -4.663731053471565 0
      vertex 15.827179551124573 -4.663731053471565 6.8999999999999995
      vertex 15.54572956264019 -5.52994504570961 6.8999999999999995
    endloop
  endfacet
  facet normal -0.9510565083660164 0.30901701877832144 0
    outer loop
      vertex 12.654696509242058 -3.4313055649399757 0
      vertex 12.654696509242058 -3.4313055649399757 6.8999999999999995
      vertex 12.725741155445576 -3.2126526460051537 6.8999999999999995
    endloop
  endfacet
  facet normal 0.9700312522330675 -0.24298018374169336 0
    outer loop
      vertex 12.872806802392006 -2.56056047976017 0
      vertex 12.872806802392006 -2.56056047976017 6.8999999999999995
      vertex 12.654696509242058 -3.4313055649399757 6.8999999999999995
    endloop
  endfacet
  facet normal 0.4237822992015906 0.9057640768342569 0
    outer loop
      vertex 12.725741155445576 -3.2126526460051537 0
      vertex 12.725741155445576 -3.2126526460051537 6.8999999999999995
      vertex 15.827179551124573 -4.663731053471565 6.8999999999999995
    endloop
  endfacet
  facet normal 0.98917650931576 -0.14673047883070559 0
    outer loop
      vertex 13.06179954111576 -1.2864749655127525 0
      vertex 13.06179954111576 -1.2864749655127525 6.8999999999999995
      vertex 12.872806802392006 -2.56056047976017 6.8999999999999995
    endloop
  endfacet
  facet normal 0.9987954563440686 -0.04906767150012208 0
    outer loop
      vertex 13.09566331654787 -0.5971619412302971 0
      vertex 13.09566331654787 -0.5971619412302971 6.8999999999999995
      vertex 13.06179954111576 -1.2864749655127525 6.8999999999999995
    endloop
  endfacet
  facet normal -1 0 0
    outer loop
      vertex 13.09566331654787 -0.8770560473203659 0
      vertex 13.09566331654787 -0.8770560473203659 6.8999999999999995
      vertex 13.09566331654787 -0.5971619412302971 6.8999999999999995
    endloop
  endfacet
  facet normal 0.12314442372137806 -0.9923887599657353 0
    outer loop
      vertex 16.493714399635792 -0.4553956463932991 0
      vertex 16.493714399635792 -0.4553956463932991 6.8999999999999995
      vertex 13.09566331654787 -0.8770560473203659 6.8999999999999995
    endloop
  endfacet
  facet normal 0 0 1
    outer loop
      vertex 13.611370094120502 -9.32633925974369 6.8999999999999995
      vertex 11.110134787857533 -6.987884521484375 6.8999999999999995
      vertex 11.025002039968967 -7.105059690773487 6.8999999999999995
    endloop
  endfacet
  facet normal 0 0 1
    outer loop
      vertex 12.183690711855888 -4.880912385880947 6.8999999999999995
      vertex 15.54572956264019 -5.52994504570961 6.8999999999999995
      vertex 12.253170602023602 -4.667075254023075 6.8999999999999995
    endloop
  endfacet
  facet normal 0 0 1
    outer loop
      vertex 12.253170602023602 -4.667075254023075 6.8999999999999995
      vertex 15.54572956264019 -5.52994504570961 6.8999999999999995
      vertex 12.654696509242058 -3.4313055649399757 6.8999999999999995
    endloop
  endfacet
  facet normal 0 0 1
    outer loop
      vertex 15.54572956264019 -5.52994504570961 6.8999999999999995
      vertex 15.827179551124573 -4.663731053471565 6.8999999999999995
      vertex 12.654696509242058 -3.4313055649399757 6.8999999999999995
    endloop
  endfacet
  facet normal 0 0 1
    outer loop
      vertex 15.827179551124573 -4.663731053471565 6.8999999999999995
      vertex 12.725741155445576 -3.2126526460051537 6.8999999999999995
      vertex 12.654696509242058 -3.4313055649399757 6.8999999999999995
    endloop
  endfacet
  facet normal 0 0 1
    outer loop
      vertex 13.09566331654787 -0.8770560473203659 6.8999999999999995
      vertex 16.493714399635792 -0.4553956463932991 6.8999999999999995
      vertex 13.09566331654787 -0.5971619412302971 6.8999999999999995
    endloop
  endfacet
  facet normal 0 0 1
    outer loop
      vertex 13.09566331654787 -0.5971619412302971 6.8999999999999995
      vertex 16.493714399635792 -0.4553956463932991 6.8999999999999995
      vertex 16.493714399635792 0.4553956463932991 6.8999999999999995
    endloop
  endfacet
  facet normal 0 0 -1
    outer loop
      vertex -4.667075254023075 12.253170602023602 0
      vertex 9.280776500701904 -9.280776500701904 0
      vertex 1.9123801082958538 1.277811535945085 0
    endloop
  endfacet
  facet normal 0 0 -1
    outer loop
      vertex -4.667075254023075 12.253170602023602 0
      vertex -3.4313055649399757 12.654696509242058 0
      vertex 12.253170602023602 -4.667075254023075 0
    endloop
  endfacet
  facet normal 0 0 -1
    outer loop
      vertex -3.4313055649399757 12.654696509242058 0
      vertex -2.56056047976017 12.872806802392006 0
      vertex 12.253170602023602 -4.667075254023075 0
    endloop
  endfacet
  facet normal 0 0 -1
    outer loop
      vertex -2.56056047976017 12.872806802392006 0
      vertex -1.2864749655127525 13.06179954111576 0
      vertex 12.253170602023602 -4.667075254023075 0
    endloop
  endfacet
  facet normal 0 0 -1
    outer loop
      vertex -1.2864749655127525 13.06179954111576 0
      vertex -0.5971619412302971 13.09566331654787 0
      vertex 12.253170602023602 -4.667075254023075 0
    endloop
  endfacet
  facet normal 0 0 -1
    outer loop
      vertex -4.667075254023075 12.253170602023602 0
      vertex 12.125918865203857 -5.022720046341419 0
      vertex 11.575216591358185 -6.1870821714401245 0
    endloop
  endfacet
  facet normal 0 0 -1
    outer loop
      vertex -4.667075254023075 12.253170602023602 0
      vertex 12.253170602023602 -4.667075254023075 0
      vertex 12.125918865203857 -5.022720046341419 0
    endloop
  endfacet
  facet normal 0 0 -1
    outer loop
      vertex -0.5971619412302971 13.09566331654787 0
      vertex 12.654696509242058 -3.4313055649399757 0
      vertex 12.253170602023602 -4.667075254023075 0
    endloop
  endfacet
  facet normal 0 0 -1
    outer loop
      vertex 0.5971619412302971 13.09566331654787 0
      vertex 0.4553956463932991 16.493714399635792 0
      vertex 0.8770560473203659 13.09566331654787 0
    endloop
  endfacet
  facet normal 0 0 -1
    outer loop
      vertex -0.4553956463932991 16.493714399635792 0
      vertex 0.4553956463932991 16.493714399635792 0
      vertex 0.5971619412302971 13.09566331654787 0
    endloop
  endfacet
  facet normal 0 0 -1
    outer loop
      vertex 3.2126526460051537 12.725741155445576 0
      vertex 4.663731053471565 15.827179551124573 0
      vertex 3.4313055649399757 12.654696509242058 0
    endloop
  endfacet
  facet normal 0 0 -1
    outer loop
      vertex -0.5971619412302971 13.09566331654787 0
      vertex 0.5971619412302971 13.09566331654787 0
      vertex 13.09566331654787 -0.5971619412302971 0
    endloop
  endfacet
  facet normal 0 0 -1
    outer loop
      vertex 13.09566331654787 -0.5971619412302971 0
      vertex 0.5971619412302971 13.09566331654787 0
      vertex 1.2864749655127525 13.06179954111576 0
    endloop
  endfacet
  facet normal 0 0 -1
    outer loop
      vertex 13.09566331654787 -0.5971619412302971 0
      vertex 1.2864749655127525 13.06179954111576 0
      vertex 2.56056047976017 12.872806802392006 0
    endloop
  endfacet
  facet normal 0 0 -1
    outer loop
      vertex 13.09566331654787 -0.5971619412302971 0
      vertex 2.56056047976017 12.872806802392006 0
      vertex 3.4313055649399757 12.654696509242058 0
    endloop
  endfacet
  facet normal 0 0 -1
    outer loop
      vertex 3.4313055649399757 12.654696509242058 0
      vertex 4.667075254023075 12.253170602023602 0
      vertex 12.654696509242058 3.4313055649399757 0
    endloop
  endfacet
  facet normal 0 0 -1
    outer loop
      vertex 4.667075254023075 12.253170602023602 0
      vertex 5.022720046341419 12.125918865203857 0
      vertex 12.654696509242058 3.4313055649399757 0
    endloop
  endfacet
  facet normal 0 0 -1
    outer loop
      vertex 5.022720046341419 12.125918865203857 0
      vertex 6.1870821714401245 11.575216591358185 0
      vertex 12.654696509242058 3.4313055649399757 0
    endloop
  endfacet
  facet normal 0 0 -1
    outer loop
      vertex 7.105059690773487 11.025002039968967 0
      vertex 6.987884521484375 11.110134787857533 0
      vertex 9.32633925974369 13.611370094120502 0
    endloop
  endfacet
  facet normal 0 0 -1
    outer loop
      vertex 4.667075254023075 12.253170602023602 0
      vertex 5.52994504570961 15.54572956264019 0
      vertex 4.880912385880947 12.183690711855888 0
    endloop
  endfacet
  facet normal 0 0 -1
    outer loop
      vertex 3.4313055649399757 12.654696509242058 0
      vertex 5.52994504570961 15.54572956264019 0
      vertex 4.667075254023075 12.253170602023602 0
    endloop
  endfacet
  facet normal 0 0 -1
    outer loop
      vertex 3.4313055649399757 12.654696509242058 0
      vertex 4.663731053471565 15.827179551124573 0
      vertex 5.52994504570961 15.54572956264019 0
    endloop
  endfacet
  facet normal 0 -1 0
    outer loop
      vertex 0.5971619412302971 13.09566331654787 0
      vertex 0.8770560473203659 13.09566331654787 0
      vertex 0.5971619412302971 13.09566331654787 6.8999999999999995
    endloop
  endfacet
  facet normal 0.9923887599657353 0.12314442372137806 0
    outer loop
      vertex 0.8770560473203659 13.09566331654787 0
      vertex 0.4553956463932991 16.493714399635792 0
      vertex 0.8770560473203659 13.09566331654787 6.8999999999999995
    endloop
  endfacet
  facet normal 0.04906767150012208 0.9987954563440686 0
    outer loop
      vertex 0.5971619412302971 13.09566331654787 0
      vertex 1.2864749655127525 13.06179954111576 6.8999999999999995
      vertex 1.2864749655127525 13.06179954111576 0
    endloop
  endfacet
  facet normal 0 1 0
    outer loop
      vertex -0.4553956463932991 16.493714399635792 0
      vertex 0.4553956463932991 16.493714399635792 6.8999999999999995
      vertex 0.4553956463932991 16.493714399635792 0
    endloop
  endfacet
  facet normal 0.14673047883070559 0.98917650931576 0
    outer loop
      vertex 1.2864749655127525 13.06179954111576 0
      vertex 2.56056047976017 12.872806802392006 6.8999999999999995
      vertex 2.56056047976017 12.872806802392006 0
    endloop
  endfacet
  facet normal 0.24298018374169336 0.9700312522330675 0
    outer loop
      vertex 2.56056047976017 12.872806802392006 0
      vertex 3.4313055649399757 12.654696509242058 6.8999999999999995
      vertex 3.4313055649399757 12.654696509242058 0
    endloop
  endfacet
  facet normal -0.30901701877832144 -0.9510565083660164 0
    outer loop
      vertex 3.2126526460051537 12.725741155445576 0
      vertex 3.4313055649399757 12.654696509242058 0
      vertex 3.2126526460051537 12.725741155445576 6.8999999999999995
    endloop
  endfacet
  facet normal -0.30901697120779936 -0.951056523822616 0
    outer loop
      vertex 4.667075254023075 12.253170602023602 0
      vertex 4.880912385880947 12.183690711855888 0
      vertex 4.667075254023075 12.253170602023602 6.8999999999999995
    endloop
  endfacet
  facet normal 0.33688984253172577 0.9415440690689677 0
    outer loop
      vertex 4.667075254023075 12.253170602023602 0
      vertex 5.022720046341419 12.125918865203857 6.8999999999999995
      vertex 5.022720046341419 12.125918865203857 0
    endloop
  endfacet
  facet normal 0.42755509488447047 0.9039892924356635 0
    outer loop
      vertex 5.022720046341419 12.125918865203857 0
      vertex 6.1870821714401245 11.575216591358185 6.8999999999999995
      vertex 6.1870821714401245 11.575216591358185 0
    endloop
  endfacet
  facet normal 0.5141027446484593 0.8577286097274133 0
    outer loop
      vertex 7.105059690773487 11.025002039968967 0
      vertex 6.1870821714401245 11.575216591358185 0
      vertex 7.105059690773487 11.025002039968967 6.8999999999999995
    endloop
  endfacet
  facet normal -0.5877852711536462 -0.8090169806715026 0
    outer loop
      vertex 7.105059690773487 11.025002039968967 0
      vertex 6.987884521484375 11.110134787857533 6.8999999999999995
      vertex 6.987884521484375 11.110134787857533 0
    endloop
  endfacet
  facet normal 0.9818715165459738 -0.1895476852818562 0
    outer loop
      vertex 4.880912385880947 12.183690711855888 0
      vertex 5.52994504570961 15.54572956264019 0
      vertex 4.880912385880947 12.183690711855888 6.8999999999999995
    endloop
  endfacet
  facet normal -0.9057640768342569 0.4237822992015906 0
    outer loop
      vertex 3.2126526460051537 12.725741155445576 0
      vertex 4.663731053471565 15.827179551124573 6.8999999999999995
      vertex 4.663731053471565 15.827179551124573 0
    endloop
  endfacet
  facet normal 0.30901699562000323 0.9510565158906104 0
    outer loop
      vertex 4.663731053471565 15.827179551124573 0
      vertex 5.52994504570961 15.54572956264019 6.8999999999999995
      vertex 5.52994504570961 15.54572956264019 0
    endloop
  endfacet
  facet normal 0 0 -1
    outer loop
      vertex -0.5971619412302971 13.09566331654787 0
      vertex 12.872806802392006 -2.56056047976017 0
      vertex 12.654696509242058 -3.4313055649399757 0
    endloop
  endfacet
  facet normal 0 0 -1
    outer loop
      vertex -0.5971619412302971 13.09566331654787 0
      vertex 13.06179954111576 -1.2864749655127525 0
      vertex 12.872806802392006 -2.56056047976017 0
    endloop
  endfacet
  facet normal 0 0 -1
    outer loop
      vertex -0.5971619412302971 13.09566331654787 0
      vertex 13.09566331654787 -0.5971619412302971 0
      vertex 13.06179954111576 -1.2864749655127525 0
    endloop
  endfacet
  facet normal 0 0 -1
    outer loop
      vertex 13.09566331654787 -0.5971619412302971 0
      vertex 3.4313055649399757 12.654696509242058 0
      vertex 13.09566331654787 0.5971619412302971 0
    endloop
  endfacet
  facet normal 0 0 -1
    outer loop
      vertex 3.4313055649399757 12.654696509242058 0
      vertex 13.06179954111576 1.2864749655127525 0
      vertex 13.09566331654787 0.5971619412302971 0
    endloop
  endfacet
  facet normal 0 0 -1
    outer loop
      vertex 3.4313055649399757 12.654696509242058 0
      vertex 12.872806802392006 2.56056047976017 0
      vertex 13.06179954111576 1.2864749655127525 0
    endloop
  endfacet
  facet normal 0 0 -1
    outer loop
      vertex 3.4313055649399757 12.654696509242058 0
      vertex 12.654696509242058 3.4313055649399757 0
      vertex 12.872806802392006 2.56056047976017 0
    endloop
  endfacet
  facet normal 0 0 -1
    outer loop
      vertex 7.105059690773487 11.025002039968967 0
      vertex 11.575216591358185 6.1870821714401245 0
      vertex 12.125918865203857 5.022720046341419 0
    endloop
  endfacet
  facet normal 0 0 -1
    outer loop
      vertex 7.105059690773487 11.025002039968967 0
      vertex 11.025002039968967 7.105059690773487 0
      vertex 11.575216591358185 6.1870821714401245 0
    endloop
  endfacet
  facet normal 0 0 -1
    outer loop
      vertex 7.105059690773487 11.025002039968967 0
      vertex 12.253170602023602 4.667075254023075 0
      vertex 12.654696509242058 3.4313055649399757 0
    endloop
  endfacet
  facet normal 0 0 -1
    outer loop
      vertex 7.105059690773487 11.025002039968967 0
      vertex 12.125918865203857 5.022720046341419 0
      vertex 12.253170602023602 4.667075254023075 0
    endloop
  endfacet
  facet normal 0 0 -1
    outer loop
      vertex 11.025002039968967 7.105059690773487 0
      vertex 13.611370094120502 9.32633925974369 0
      vertex 11.110134787857533 6.987884521484375 0
    endloop
  endfacet
  facet normal 0 0 -1
    outer loop
      vertex 13.09566331654787 -0.5971619412302971 0
      vertex 13.09566331654787 0.5971619412302971 0
      vertex 16.493714399635792 0.4553956463932991 0
    endloop
  endfacet
  facet normal 0 0 -1
    outer loop
      vertex 13.09566331654787 0.5971619412302971 0
      vertex 13.09566331654787 0.8770560473203659 0
      vertex 16.493714399635792 0.4553956463932991 0
    endloop
  endfacet
  facet normal 0 0 -1
    outer loop
      vertex 12.725741155445576 3.2126526460051537 0
      vertex 12.654696509242058 3.4313055649399757 0
      vertex 15.827179551124573 4.663731053471565 0
    endloop
  endfacet
  facet normal 0 0 -1
    outer loop
      vertex 12.183690711855888 4.880912385880947 0
      vertex 15.54572956264019 5.52994504570961 0
      vertex 12.253170602023602 4.667075254023075 0
    endloop
  endfacet
  facet normal 0 0 -1
    outer loop
      vertex 12.253170602023602 4.667075254023075 0
      vertex 15.54572956264019 5.52994504570961 0
      vertex 12.654696509242058 3.4313055649399757 0
    endloop
  endfacet
  facet normal 0 0 -1
    outer loop
      vertex 12.654696509242058 3.4313055649399757 0
      vertex 15.54572956264019 5.52994504570961 0
      vertex 15.827179551124573 4.663731053471565 0
    endloop
  endfacet
  facet normal -0.951056523822616 -0.30901697120779936 0
    outer loop
      vertex 12.183690711855888 4.880912385880947 0
      vertex 12.253170602023602 4.667075254023075 0
      vertex 12.183690711855888 4.880912385880947 6.8999999999999995
    endloop
  endfacet
  facet normal 0.9415440690689677 0.33688984253172577 0
    outer loop
      vertex 12.253170602023602 4.667075254023075 0
      vertex 12.125918865203857 5.022720046341419 0
      vertex 12.253170602023602 4.667075254023075 6.8999999999999995
    endloop
  endfacet
  facet normal 0.9039892924356635 0.42755509488447047 0
    outer loop
      vertex 12.125918865203857 5.022720046341419 0
      vertex 11.575216591358185 6.1870821714401245 0
      vertex 12.125918865203857 5.022720046341419 6.8999999999999995
    endloop
  endfacet
  facet normal -0.8090169806715026 -0.5877852711536462 0
    outer loop
      vertex 11.025002039968967 7.105059690773487 0
      vertex 11.110134787857533 6.987884521484375 0
      vertex 11.025002039968967 7.105059690773487 6.8999999999999995
    endloop
  endfacet
  facet normal 0.8577286097274133 0.5141027446484593 0
    outer loop
      vertex 11.025002039968967 7.105059690773487 0
      vertex 11.575216591358185 6.1870821714401245 6.8999999999999995
      vertex 11.575216591358185 6.1870821714401245 0
    endloop
  endfacet
  facet normal 0.6829374087779606 -0.7304768960697146 0
    outer loop
      vertex 11.110134787857533 6.987884521484375 0
      vertex 13.611370094120502 9.32633925974369 0
      vertex 11.110134787857533 6.987884521484375 6.8999999999999995
    endloop
  endfacet
  facet normal -1 0 0
    outer loop
      vertex 13.09566331654787 0.5971619412302971 0
      vertex 13.09566331654787 0.8770560473203659 6.8999999999999995
      vertex 13.09566331654787 0.8770560473203659 0
    endloop
  endfacet
  facet normal 0.9987954563440686 0.04906767150012208 0
    outer loop
      vertex 13.09566331654787 0.5971619412302971 0
      vertex 13.06179954111576 1.2864749655127525 0
      vertex 13.09566331654787 0.5971619412302971 6.8999999999999995
    endloop
  endfacet
  facet normal 0.98917650931576 0.14673047883070559 0
    outer loop
      vertex 13.06179954111576 1.2864749655127525 0
      vertex 12.872806802392006 2.56056047976017 0
      vertex 13.06179954111576 1.2864749655127525 6.8999999999999995
    endloop
  endfacet
  facet normal 0.9700312522330675 0.24298018374169336 0
    outer loop
      vertex 12.872806802392006 2.56056047976017 0
      vertex 12.654696509242058 3.4313055649399757 0
      vertex 12.872806802392006 2.56056047976017 6.8999999999999995
    endloop
  endfacet
  facet normal -0.9510565083660164 -0.30901701877832144 0
    outer loop
      vertex 12.725741155445576 3.2126526460051537 0
      vertex 12.654696509242058 3.4313055649399757 6.8999999999999995
      vertex 12.654696509242058 3.4313055649399757 0
    endloop
  endfacet
  facet normal 0.4237822992015906 -0.9057640768342569 0
    outer loop
      vertex 12.725741155445576 3.2126526460051537 0
      vertex 15.827179551124573 4.663731053471565 0
      vertex 12.725741155445576 3.2126526460051537 6.8999999999999995
    endloop
  endfacet
  facet normal 0.12314442372137806 0.9923887599657353 0
    outer loop
      vertex 13.09566331654787 0.8770560473203659 0
      vertex 16.493714399635792 0.4553956463932991 6.8999999999999995
      vertex 16.493714399635792 0.4553956463932991 0
    endloop
  endfacet
  facet normal -0.1895476852818562 0.9818715165459738 0
    outer loop
      vertex 12.183690711855888 4.880912385880947 0
      vertex 15.54572956264019 5.52994504570961 6.8999999999999995
      vertex 15.54572956264019 5.52994504570961 0
    endloop
  endfacet
  facet normal 0.9510565158906104 0.30901699562000323 0
    outer loop
      vertex 15.827179551124573 4.663731053471565 0
      vertex 15.54572956264019 5.52994504570961 0
      vertex 15.827179551124573 4.663731053471565 6.8999999999999995
    endloop
  endfacet
  facet normal 0 0 -1
    outer loop
      vertex 7.105059690773487 11.025002039968967 0
      vertex 12.654696509242058 3.4313055649399757 0
      vertex 6.1870821714401245 11.575216591358185 0
    endloop
  endfacet
  facet normal 0 0 -1
    outer loop
      vertex 7.105059690773487 11.025002039968967 0
      vertex 8.371596708893776 10.104809023439884 0
      vertex 11.025002039968967 7.105059690773487 0
    endloop
  endfacet
  facet normal 0 0 -1
    outer loop
      vertex 11.025002039968967 7.105059690773487 0
      vertex 8.371596708893776 10.104809023439884 0
      vertex 9.280776500701904 9.280776500701904 0
    endloop
  endfacet
  facet normal 0 0 -1
    outer loop
      vertex 11.025002039968967 7.105059690773487 0
      vertex 9.280776500701904 9.280776500701904 0
      vertex 10.104809023439884 8.371596708893776 0
    endloop
  endfacet
  facet normal 0 0 -1
    outer loop
      vertex 8.371596708893776 10.104809023439884 0
      vertex 10.063184894621372 13.076020404696465 0
      vertex 8.406991012394428 10.07909356802702 0
    endloop
  endfacet
  facet normal 0 0 -1
    outer loop
      vertex 7.105059690773487 11.025002039968967 0
      vertex 10.063184894621372 13.076020404696465 0
      vertex 8.371596708893776 10.104809023439884 0
    endloop
  endfacet
  facet normal 0 0 -1
    outer loop
      vertex 10.104809023439884 8.371596708893776 0
      vertex 10.07909356802702 8.406991012394428 0
      vertex 13.076020404696465 10.063184894621372 0
    endloop
  endfacet
  facet normal 0 0 -1
    outer loop
      vertex 11.025002039968967 7.105059690773487 0
      vertex 10.104809023439884 8.371596708893776 0
      vertex 13.076020404696465 10.063184894621372 0
    endloop
  endfacet
  facet normal 0 0 -1
    outer loop
      vertex 7.105059690773487 11.025002039968967 0
      vertex 9.32633925974369 13.611370094120502 0
      vertex 10.063184894621372 13.076020404696465 0
    endloop
  endfacet
  facet normal 0 0 -1
    outer loop
      vertex 11.025002039968967 7.105059690773487 0
      vertex 13.076020404696465 10.063184894621372 0
      vertex 13.611370094120502 9.32633925974369 0
    endloop
  endfacet
  facet normal -0.58778508280018 -0.8090171175182794 0
    outer loop
      vertex 8.371596708893776 10.104809023439884 0
      vertex 8.406991012394428 10.07909356802702 0
      vertex 8.371596708893776 10.104809023439884 6.8999999999999995
    endloop
  endfacet
  facet normal 0.6715589514033173 0.7409511284761477 0
    outer loop
      vertex 8.371596708893776 10.104809023439884 0
      vertex 9.280776500701904 9.280776500701904 6.8999999999999995
      vertex 9.280776500701904 9.280776500701904 0
    endloop
  endfacet
  facet normal 0.7409511284761477 0.6715589514033173 0
    outer loop
      vertex 10.104809023439884 8.371596708893776 0
      vertex 9.280776500701904 9.280776500701904 0
      vertex 10.104809023439884 8.371596708893776 6.8999999999999995
    endloop
  endfacet
  facet normal -0.8090171175182794 -0.58778508280018 0
    outer loop
      vertex 10.104809023439884 8.371596708893776 0
      vertex 10.07909356802702 8.406991012394428 6.8999999999999995
      vertex 10.07909356802702 8.406991012394428 0
    endloop
  endfacet
  facet normal 0.8752418479294289 -0.4836855462313077 0
    outer loop
      vertex 8.406991012394428 10.07909356802702 0
      vertex 10.063184894621372 13.076020404696465 0
      vertex 8.406991012394428 10.07909356802702 6.8999999999999995
    endloop
  endfacet
  facet normal -0.4836855462313077 0.8752418479294289 0
    outer loop
      vertex 10.07909356802702 8.406991012394428 0
      vertex 13.076020404696465 10.063184894621372 6.8999999999999995
      vertex 13.076020404696465 10.063184894621372 0
    endloop
  endfacet
  facet normal -0.7304768960697146 0.6829374087779606 0
    outer loop
      vertex 6.987884521484375 11.110134787857533 0
      vertex 9.32633925974369 13.611370094120502 6.8999999999999995
      vertex 9.32633925974369 13.611370094120502 0
    endloop
  endfacet
  facet normal 0.5877852516531153 0.8090169948394681 0
    outer loop
      vertex 10.063184894621372 13.076020404696465 0
      vertex 9.32633925974369 13.611370094120502 0
      vertex 10.063184894621372 13.076020404696465 6.8999999999999995
    endloop
  endfacet
  facet normal 0.8090169948394681 0.5877852516531153 0
    outer loop
      vertex 13.076020404696465 10.063184894621372 0
      vertex 13.611370094120502 9.32633925974369 6.8999999999999995
      vertex 13.611370094120502 9.32633925974369 0
    endloop
  endfacet
  facet normal 0 0 1
    outer loop
      vertex -4.667075254023075 12.253170602023602 6.8999999999999995
      vertex 1.9123801082958538 1.277811535945085 6.8999999999999995
      vertex 9.280776500701904 -9.280776500701904 6.8999999999999995
    endloop
  endfacet
  facet normal 0 0 1
    outer loop
      vertex -4.667075254023075 12.253170602023602 6.8999999999999995
      vertex 12.253170602023602 -4.667075254023075 6.8999999999999995
      vertex -3.4313055649399757 12.654696509242058 6.8999999999999995
    endloop
  endfacet
  facet normal 0 0 1
    outer loop
      vertex -3.4313055649399757 12.654696509242058 6.8999999999999995
      vertex 12.253170602023602 -4.667075254023075 6.8999999999999995
      vertex -2.56056047976017 12.872806802392006 6.8999999999999995
    endloop
  endfacet
  facet normal 0 0 1
    outer loop
      vertex -2.56056047976017 12.872806802392006 6.8999999999999995
      vertex 12.253170602023602 -4.667075254023075 6.8999999999999995
      vertex -1.2864749655127525 13.06179954111576 6.8999999999999995
    endloop
  endfacet
  facet normal 0 0 1
    outer loop
      vertex -1.2864749655127525 13.06179954111576 6.8999999999999995
      vertex 12.253170602023602 -4.667075254023075 6.8999999999999995
      vertex -0.5971619412302971 13.09566331654787 6.8999999999999995
    endloop
  endfacet
  facet normal 0 0 1
    outer loop
      vertex -4.667075254023075 12.253170602023602 6.8999999999999995
      vertex 11.575216591358185 -6.1870821714401245 6.8999999999999995
      vertex 12.125918865203857 -5.022720046341419 6.8999999999999995
    endloop
  endfacet
  facet normal 0 0 1
    outer loop
      vertex -4.667075254023075 12.253170602023602 6.8999999999999995
      vertex 12.125918865203857 -5.022720046341419 6.8999999999999995
      vertex 12.253170602023602 -4.667075254023075 6.8999999999999995
    endloop
  endfacet
  facet normal 0 0 1
    outer loop
      vertex -0.5971619412302971 13.09566331654787 6.8999999999999995
      vertex 12.253170602023602 -4.667075254023075 6.8999999999999995
      vertex 12.654696509242058 -3.4313055649399757 6.8999999999999995
    endloop
  endfacet
  facet normal 0 -1 0
    outer loop
      vertex 0.8770560473203659 13.09566331654787 0
      vertex 0.8770560473203659 13.09566331654787 6.8999999999999995
      vertex 0.5971619412302971 13.09566331654787 6.8999999999999995
    endloop
  endfacet
  facet normal 0.04906767150012208 0.9987954563440686 0
    outer loop
      vertex 0.5971619412302971 13.09566331654787 0
      vertex 0.5971619412302971 13.09566331654787 6.8999999999999995
      vertex 1.2864749655127525 13.06179954111576 6.8999999999999995
    endloop
  endfacet
  facet normal 0.14673047883070559 0.98917650931576 0
    outer loop
      vertex 1.2864749655127525 13.06179954111576 0
      vertex 1.2864749655127525 13.06179954111576 6.8999999999999995
      vertex 2.56056047976017 12.872806802392006 6.8999999999999995
    endloop
  endfacet
  facet normal 0.9923887599657353 0.12314442372137806 0
    outer loop
      vertex 0.4553956463932991 16.493714399635792 0
      vertex 0.4553956463932991 16.493714399635792 6.8999999999999995
      vertex 0.8770560473203659 13.09566331654787 6.8999999999999995
    endloop
  endfacet
  facet normal 0.24298018374169336 0.9700312522330675 0
    outer loop
      vertex 2.56056047976017 12.872806802392006 0
      vertex 2.56056047976017 12.872806802392006 6.8999999999999995
      vertex 3.4313055649399757 12.654696509242058 6.8999999999999995
    endloop
  endfacet
  facet normal -0.30901701877832144 -0.9510565083660164 0
    outer loop
      vertex 3.4313055649399757 12.654696509242058 0
      vertex 3.4313055649399757 12.654696509242058 6.8999999999999995
      vertex 3.2126526460051537 12.725741155445576 6.8999999999999995
    endloop
  endfacet
  facet normal -0.9057640768342569 0.4237822992015906 0
    outer loop
      vertex 3.2126526460051537 12.725741155445576 0
      vertex 3.2126526460051537 12.725741155445576 6.8999999999999995
      vertex 4.663731053471565 15.827179551124573 6.8999999999999995
    endloop
  endfacet
  facet normal 0.33688984253172577 0.9415440690689677 0
    outer loop
      vertex 4.667075254023075 12.253170602023602 0
      vertex 4.667075254023075 12.253170602023602 6.8999999999999995
      vertex 5.022720046341419 12.125918865203857 6.8999999999999995
    endloop
  endfacet
  facet normal -0.30901697120779936 -0.951056523822616 0
    outer loop
      vertex 4.880912385880947 12.183690711855888 0
      vertex 4.880912385880947 12.183690711855888 6.8999999999999995
      vertex 4.667075254023075 12.253170602023602 6.8999999999999995
    endloop
  endfacet
  facet normal 0.42755509488447047 0.9039892924356635 0
    outer loop
      vertex 5.022720046341419 12.125918865203857 0
      vertex 5.022720046341419 12.125918865203857 6.8999999999999995
      vertex 6.1870821714401245 11.575216591358185 6.8999999999999995
    endloop
  endfacet
  facet normal -0.5877852711536462 -0.8090169806715026 0
    outer loop
      vertex 7.105059690773487 11.025002039968967 0
      vertex 7.105059690773487 11.025002039968967 6.8999999999999995
      vertex 6.987884521484375 11.110134787857533 6.8999999999999995
    endloop
  endfacet
  facet normal 0.5141027446484593 0.8577286097274133 0
    outer loop
      vertex 6.1870821714401245 11.575216591358185 0
      vertex 6.1870821714401245 11.575216591358185 6.8999999999999995
      vertex 7.105059690773487 11.025002039968967 6.8999999999999995
    endloop
  endfacet
  facet normal -0.7304768960697146 0.6829374087779606 0
    outer loop
      vertex 6.987884521484375 11.110134787857533 0
      vertex 6.987884521484375 11.110134787857533 6.8999999999999995
      vertex 9.32633925974369 13.611370094120502 6.8999999999999995
    endloop
  endfacet
  facet normal 0.9818715165459738 -0.1895476852818562 0
    outer loop
      vertex 5.52994504570961 15.54572956264019 0
      vertex 5.52994504570961 15.54572956264019 6.8999999999999995
      vertex 4.880912385880947 12.183690711855888 6.8999999999999995
    endloop
  endfacet
  facet normal 0.30901699562000323 0.9510565158906104 0
    outer loop
      vertex 4.663731053471565 15.827179551124573 0
      vertex 4.663731053471565 15.827179551124573 6.8999999999999995
      vertex 5.52994504570961 15.54572956264019 6.8999999999999995
    endloop
  endfacet
  facet normal 0 0 1
    outer loop
      vertex 0.5971619412302971 13.09566331654787 6.8999999999999995
      vertex 0.8770560473203659 13.09566331654787 6.8999999999999995
      vertex 0.4553956463932991 16.493714399635792 6.8999999999999995
    endloop
  endfacet
  facet normal 0 0 1
    outer loop
      vertex -0.4553956463932991 16.493714399635792 6.8999999999999995
      vertex 0.5971619412302971 13.09566331654787 6.8999999999999995
      vertex 0.4553956463932991 16.493714399635792 6.8999999999999995
    endloop
  endfacet
  facet normal 0 0 1
    outer loop
      vertex 3.2126526460051537 12.725741155445576 6.8999999999999995
      vertex 3.4313055649399757 12.654696509242058 6.8999999999999995
      vertex 4.663731053471565 15.827179551124573 6.8999999999999995
    endloop
  endfacet
  facet normal 0 0 1
    outer loop
      vertex -0.5971619412302971 13.09566331654787 6.8999999999999995
      vertex 13.09566331654787 -0.5971619412302971 6.8999999999999995
      vertex 0.5971619412302971 13.09566331654787 6.8999999999999995
    endloop
  endfacet
  facet normal 0 0 1
    outer loop
      vertex 13.09566331654787 -0.5971619412302971 6.8999999999999995
      vertex 1.2864749655127525 13.06179954111576 6.8999999999999995
      vertex 0.5971619412302971 13.09566331654787 6.8999999999999995
    endloop
  endfacet
  facet normal 0 0 1
    outer loop
      vertex 13.09566331654787 -0.5971619412302971 6.8999999999999995
      vertex 2.56056047976017 12.872806802392006 6.8999999999999995
      vertex 1.2864749655127525 13.06179954111576 6.8999999999999995
    endloop
  endfacet
  facet normal 0 0 1
    outer loop
      vertex 13.09566331654787 -0.5971619412302971 6.8999999999999995
      vertex 3.4313055649399757 12.654696509242058 6.8999999999999995
      vertex 2.56056047976017 12.872806802392006 6.8999999999999995
    endloop
  endfacet
  facet normal 0 0 1
    outer loop
      vertex 3.4313055649399757 12.654696509242058 6.8999999999999995
      vertex 12.654696509242058 3.4313055649399757 6.8999999999999995
      vertex 4.667075254023075 12.253170602023602 6.8999999999999995
    endloop
  endfacet
  facet normal 0 0 1
    outer loop
      vertex 4.667075254023075 12.253170602023602 6.8999999999999995
      vertex 12.654696509242058 3.4313055649399757 6.8999999999999995
      vertex 5.022720046341419 12.125918865203857 6.8999999999999995
    endloop
  endfacet
  facet normal 0 0 1
    outer loop
      vertex 5.022720046341419 12.125918865203857 6.8999999999999995
      vertex 12.654696509242058 3.4313055649399757 6.8999999999999995
      vertex 6.1870821714401245 11.575216591358185 6.8999999999999995
    endloop
  endfacet
  facet normal 0 0 1
    outer loop
      vertex 7.105059690773487 11.025002039968967 6.8999999999999995
      vertex 9.32633925974369 13.611370094120502 6.8999999999999995
      vertex 6.987884521484375 11.110134787857533 6.8999999999999995
    endloop
  endfacet
  facet normal 0 0 1
    outer loop
      vertex 4.667075254023075 12.253170602023602 6.8999999999999995
      vertex 4.880912385880947 12.183690711855888 6.8999999999999995
      vertex 5.52994504570961 15.54572956264019 6.8999999999999995
    endloop
  endfacet
  facet normal 0 0 1
    outer loop
      vertex 3.4313055649399757 12.654696509242058 6.8999999999999995
      vertex 4.667075254023075 12.253170602023602 6.8999999999999995
      vertex 5.52994504570961 15.54572956264019 6.8999999999999995
    endloop
  endfacet
  facet normal 0 0 1
    outer loop
      vertex 3.4313055649399757 12.654696509242058 6.8999999999999995
      vertex 5.52994504570961 15.54572956264019 6.8999999999999995
      vertex 4.663731053471565 15.827179551124573 6.8999999999999995
    endloop
  endfacet
  facet normal -0.951056523822616 -0.30901697120779936 0
    outer loop
      vertex 12.253170602023602 4.667075254023075 0
      vertex 12.253170602023602 4.667075254023075 6.8999999999999995
      vertex 12.183690711855888 4.880912385880947 6.8999999999999995
    endloop
  endfacet
  facet normal 0.9415440690689677 0.33688984253172577 0
    outer loop
      vertex 12.125918865203857 5.022720046341419 0
      vertex 12.125918865203857 5.022720046341419 6.8999999999999995
      vertex 12.253170602023602 4.667075254023075 6.8999999999999995
    endloop
  endfacet
  facet normal 0.9039892924356635 0.42755509488447047 0
    outer loop
      vertex 11.575216591358185 6.1870821714401245 0
      vertex 11.575216591358185 6.1870821714401245 6.8999999999999995
      vertex 12.125918865203857 5.022720046341419 6.8999999999999995
    endloop
  endfacet
  facet normal 0.8577286097274133 0.5141027446484593 0
    outer loop
      vertex 11.025002039968967 7.105059690773487 0
      vertex 11.025002039968967 7.105059690773487 6.8999999999999995
      vertex 11.575216591358185 6.1870821714401245 6.8999999999999995
    endloop
  endfacet
  facet normal -0.8090169806715026 -0.5877852711536462 0
    outer loop
      vertex 11.110134787857533 6.987884521484375 0
      vertex 11.110134787857533 6.987884521484375 6.8999999999999995
      vertex 11.025002039968967 7.105059690773487 6.8999999999999995
    endloop
  endfacet
  facet normal -1 0 0
    outer loop
      vertex 13.09566331654787 0.5971619412302971 0
      vertex 13.09566331654787 0.5971619412302971 6.8999999999999995
      vertex 13.09566331654787 0.8770560473203659 6.8999999999999995
    endloop
  endfacet
  facet normal 0.9987954563440686 0.04906767150012208 0
    outer loop
      vertex 13.06179954111576 1.2864749655127525 0
      vertex 13.06179954111576 1.2864749655127525 6.8999999999999995
      vertex 13.09566331654787 0.5971619412302971 6.8999999999999995
    endloop
  endfacet
  facet normal 0.12314442372137806 0.9923887599657353 0
    outer loop
      vertex 13.09566331654787 0.8770560473203659 0
      vertex 13.09566331654787 0.8770560473203659 6.8999999999999995
      vertex 16.493714399635792 0.4553956463932991 6.8999999999999995
    endloop
  endfacet
  facet normal 0.98917650931576 0.14673047883070559 0
    outer loop
      vertex 12.872806802392006 2.56056047976017 0
      vertex 12.872806802392006 2.56056047976017 6.8999999999999995
      vertex 13.06179954111576 1.2864749655127525 6.8999999999999995
    endloop
  endfacet
  facet normal 0.9700312522330675 0.24298018374169336 0
    outer loop
      vertex 12.654696509242058 3.4313055649399757 0
      vertex 12.654696509242058 3.4313055649399757 6.8999999999999995
      vertex 12.872806802392006 2.56056047976017 6.8999999999999995
    endloop
  endfacet
  facet normal -0.9510565083660164 -0.30901701877832144 0
    outer loop
      vertex 12.725741155445576 3.2126526460051537 0
      vertex 12.725741155445576 3.2126526460051537 6.8999999999999995
      vertex 12.654696509242058 3.4313055649399757 6.8999999999999995
    endloop
  endfacet
  facet normal 1 0 0
    outer loop
      vertex 16.493714399635792 -0.4553956463932991 6.8999999999999995
      vertex 16.493714399635792 0.4553956463932991 0
      vertex 16.493714399635792 0.4553956463932991 6.8999999999999995
    endloop
  endfacet
  facet normal -0.1895476852818562 0.9818715165459738 0
    outer loop
      vertex 12.183690711855888 4.880912385880947 0
      vertex 12.183690711855888 4.880912385880947 6.8999999999999995
      vertex 15.54572956264019 5.52994504570961 6.8999999999999995
    endloop
  endfacet
  facet normal 0.4237822992015906 -0.9057640768342569 0
    outer loop
      vertex 15.827179551124573 4.663731053471565 0
      vertex 15.827179551124573 4.663731053471565 6.8999999999999995
      vertex 12.725741155445576 3.2126526460051537 6.8999999999999995
    endloop
  endfacet
  facet normal 0.9510565158906104 0.30901699562000323 0
    outer loop
      vertex 15.54572956264019 5.52994504570961 0
      vertex 15.54572956264019 5.52994504570961 6.8999999999999995
      vertex 15.827179551124573 4.663731053471565 6.8999999999999995
    endloop
  endfacet
  facet normal 0 0 1
    outer loop
      vertex -0.5971619412302971 13.09566331654787 6.8999999999999995
      vertex 12.654696509242058 -3.4313055649399757 6.8999999999999995
      vertex 12.872806802392006 -2.56056047976017 6.8999999999999995
    endloop
  endfacet
  facet normal 0 0 1
    outer loop
      vertex -0.5971619412302971 13.09566331654787 6.8999999999999995
      vertex 12.872806802392006 -2.56056047976017 6.8999999999999995
      vertex 13.06179954111576 -1.2864749655127525 6.8999999999999995
    endloop
  endfacet
  facet normal 0 0 1
    outer loop
      vertex -0.5971619412302971 13.09566331654787 6.8999999999999995
      vertex 13.06179954111576 -1.2864749655127525 6.8999999999999995
      vertex 13.09566331654787 -0.5971619412302971 6.8999999999999995
    endloop
  endfacet
  facet normal 0 0 1
    outer loop
      vertex 13.09566331654787 -0.5971619412302971 6.8999999999999995
      vertex 13.09566331654787 0.5971619412302971 6.8999999999999995
      vertex 3.4313055649399757 12.654696509242058 6.8999999999999995
    endloop
  endfacet
  facet normal 0 0 1
    outer loop
      vertex 3.4313055649399757 12.654696509242058 6.8999999999999995
      vertex 13.09566331654787 0.5971619412302971 6.8999999999999995
      vertex 13.06179954111576 1.2864749655127525 6.8999999999999995
    endloop
  endfacet
  facet normal 0 0 1
    outer loop
      vertex 3.4313055649399757 12.654696509242058 6.8999999999999995
      vertex 13.06179954111576 1.2864749655127525 6.8999999999999995
      vertex 12.872806802392006 2.56056047976017 6.8999999999999995
    endloop
  endfacet
  facet normal 0 0 1
    outer loop
      vertex 3.4313055649399757 12.654696509242058 6.8999999999999995
      vertex 12.872806802392006 2.56056047976017 6.8999999999999995
      vertex 12.654696509242058 3.4313055649399757 6.8999999999999995
    endloop
  endfacet
  facet normal 0 0 1
    outer loop
      vertex 7.105059690773487 11.025002039968967 6.8999999999999995
      vertex 12.125918865203857 5.022720046341419 6.8999999999999995
      vertex 11.575216591358185 6.1870821714401245 6.8999999999999995
    endloop
  endfacet
  facet normal 0 0 1
    outer loop
      vertex 7.105059690773487 11.025002039968967 6.8999999999999995
      vertex 11.575216591358185 6.1870821714401245 6.8999999999999995
      vertex 11.025002039968967 7.105059690773487 6.8999999999999995
    endloop
  endfacet
  facet normal 0 0 1
    outer loop
      vertex 7.105059690773487 11.025002039968967 6.8999999999999995
      vertex 12.654696509242058 3.4313055649399757 6.8999999999999995
      vertex 12.253170602023602 4.667075254023075 6.8999999999999995
    endloop
  endfacet
  facet normal 0 0 1
    outer loop
      vertex 7.105059690773487 11.025002039968967 6.8999999999999995
      vertex 12.253170602023602 4.667075254023075 6.8999999999999995
      vertex 12.125918865203857 5.022720046341419 6.8999999999999995
    endloop
  endfacet
  facet normal 0 0 1
    outer loop
      vertex 11.025002039968967 7.105059690773487 6.8999999999999995
      vertex 11.110134787857533 6.987884521484375 6.8999999999999995
      vertex 13.611370094120502 9.32633925974369 6.8999999999999995
    endloop
  endfacet
  facet normal 0 0 1
    outer loop
      vertex 13.09566331654787 -0.5971619412302971 6.8999999999999995
      vertex 16.493714399635792 0.4553956463932991 6.8999999999999995
      vertex 13.09566331654787 0.5971619412302971 6.8999999999999995
    endloop
  endfacet
  facet normal 0 0 1
    outer loop
      vertex 13.09566331654787 0.5971619412302971 6.8999999999999995
      vertex 16.493714399635792 0.4553956463932991 6.8999999999999995
      vertex 13.09566331654787 0.8770560473203659 6.8999999999999995
    endloop
  endfacet
  facet normal 0 0 1
    outer loop
      vertex 12.725741155445576 3.2126526460051537 6.8999999999999995
      vertex 15.827179551124573 4.663731053471565 6.8999999999999995
      vertex 12.654696509242058 3.4313055649399757 6.8999999999999995
    endloop
  endfacet
  facet normal 0 0 1
    outer loop
      vertex 12.183690711855888 4.880912385880947 6.8999999999999995
      vertex 12.253170602023602 4.667075254023075 6.8999999999999995
      vertex 15.54572956264019 5.52994504570961 6.8999999999999995
    endloop
  endfacet
  facet normal 0 0 1
    outer loop
      vertex 12.253170602023602 4.667075254023075 6.8999999999999995
      vertex 12.654696509242058 3.4313055649399757 6.8999999999999995
      vertex 15.54572956264019 5.52994504570961 6.8999999999999995
    endloop
  endfacet
  facet normal 0 0 1
    outer loop
      vertex 12.654696509242058 3.4313055649399757 6.8999999999999995
      vertex 15.827179551124573 4.663731053471565 6.8999999999999995
      vertex 15.54572956264019 5.52994504570961 6.8999999999999995
    endloop
  endfacet
  facet normal -0.58778508280018 -0.8090171175182794 0
    outer loop
      vertex 8.406991012394428 10.07909356802702 0
      vertex 8.406991012394428 10.07909356802702 6.8999999999999995
      vertex 8.371596708893776 10.104809023439884 6.8999999999999995
    endloop
  endfacet
  facet normal 0.6715589514033173 0.7409511284761477 0
    outer loop
      vertex 8.371596708893776 10.104809023439884 0
      vertex 8.371596708893776 10.104809023439884 6.8999999999999995
      vertex 9.280776500701904 9.280776500701904 6.8999999999999995
    endloop
  endfacet
  facet normal 0.7409511284761477 0.6715589514033173 0
    outer loop
      vertex 9.280776500701904 9.280776500701904 0
      vertex 9.280776500701904 9.280776500701904 6.8999999999999995
      vertex 10.104809023439884 8.371596708893776 6.8999999999999995
    endloop
  endfacet
  facet normal -0.8090171175182794 -0.58778508280018 0
    outer loop
      vertex 10.104809023439884 8.371596708893776 0
      vertex 10.104809023439884 8.371596708893776 6.8999999999999995
      vertex 10.07909356802702 8.406991012394428 6.8999999999999995
    endloop
  endfacet
  facet normal 0.8752418479294289 -0.4836855462313077 0
    outer loop
      vertex 10.063184894621372 13.076020404696465 0
      vertex 10.063184894621372 13.076020404696465 6.8999999999999995
      vertex 8.406991012394428 10.07909356802702 6.8999999999999995
    endloop
  endfacet
  facet normal -0.4836855462313077 0.8752418479294289 0
    outer loop
      vertex 10.07909356802702 8.406991012394428 0
      vertex 10.07909356802702 8.406991012394428 6.8999999999999995
      vertex 13.076020404696465 10.063184894621372 6.8999999999999995
    endloop
  endfacet
  facet normal 0.5877852516531153 0.8090169948394681 0
    outer loop
      vertex 9.32633925974369 13.611370094120502 0
      vertex 9.32633925974369 13.611370094120502 6.8999999999999995
      vertex 10.063184894621372 13.076020404696465 6.8999999999999995
    endloop
  endfacet
  facet normal 0.6829374087779606 -0.7304768960697146 0
    outer loop
      vertex 13.611370094120502 9.32633925974369 0
      vertex 13.611370094120502 9.32633925974369 6.8999999999999995
      vertex 11.110134787857533 6.987884521484375 6.8999999999999995
    endloop
  endfacet
  facet normal 0.8090169948394681 0.5877852516531153 0
    outer loop
      vertex 13.076020404696465 10.063184894621372 0
      vertex 13.076020404696465 10.063184894621372 6.8999999999999995
      vertex 13.611370094120502 9.32633925974369 6.8999999999999995
    endloop
  endfacet
  facet normal 0 0 1
    outer loop
      vertex 7.105059690773487 11.025002039968967 6.8999999999999995
      vertex 6.1870821714401245 11.575216591358185 6.8999999999999995
      vertex 12.654696509242058 3.4313055649399757 6.8999999999999995
    endloop
  endfacet
  facet normal 0 0 1
    outer loop
      vertex 7.105059690773487 11.025002039968967 6.8999999999999995
      vertex 11.025002039968967 7.105059690773487 6.8999999999999995
      vertex 8.371596708893776 10.104809023439884 6.8999999999999995
    endloop
  endfacet
  facet normal 0 0 1
    outer loop
      vertex 11.025002039968967 7.105059690773487 6.8999999999999995
      vertex 9.280776500701904 9.280776500701904 6.8999999999999995
      vertex 8.371596708893776 10.104809023439884 6.8999999999999995
    endloop
  endfacet
  facet normal 0 0 1
    outer loop
      vertex 11.025002039968967 7.105059690773487 6.8999999999999995
      vertex 10.104809023439884 8.371596708893776 6.8999999999999995
      vertex 9.280776500701904 9.280776500701904 6.8999999999999995
    endloop
  endfacet
  facet normal 0 0 1
    outer loop
      vertex 8.371596708893776 10.104809023439884 6.8999999999999995
      vertex 8.406991012394428 10.07909356802702 6.8999999999999995
      vertex 10.063184894621372 13.076020404696465 6.8999999999999995
    endloop
  endfacet
  facet normal 0 0 1
    outer loop
      vertex 7.105059690773487 11.025002039968967 6.8999999999999995
      vertex 8.371596708893776 10.104809023439884 6.8999999999999995
      vertex 10.063184894621372 13.076020404696465 6.8999999999999995
    endloop
  endfacet
  facet normal 0 0 1
    outer loop
      vertex 10.104809023439884 8.371596708893776 6.8999999999999995
      vertex 13.076020404696465 10.063184894621372 6.8999999999999995
      vertex 10.07909356802702 8.406991012394428 6.8999999999999995
    endloop
  endfacet
  facet normal 0 0 1
    outer loop
      vertex 11.025002039968967 7.105059690773487 6.8999999999999995
      vertex 13.076020404696465 10.063184894621372 6.8999999999999995
      vertex 10.104809023439884 8.371596708893776 6.8999999999999995
    endloop
  endfacet
  facet normal 0 0 1
    outer loop
      vertex 7.105059690773487 11.025002039968967 6.8999999999999995
      vertex 10.063184894621372 13.076020404696465 6.8999999999999995
      vertex 9.32633925974369 13.611370094120502 6.8999999999999995
    endloop
  endfacet
  facet normal 0 0 1
    outer loop
      vertex 11.025002039968967 7.105059690773487 6.8999999999999995
      vertex 13.611370094120502 9.32633925974369 6.8999999999999995
      vertex 13.076020404696465 10.063184894621372 6.8999999999999995
    endloop
  endfacet
  facet normal 0.9039892931234434 0.42755509343028186 0
    outer loop
      vertex -2.0284189080012163 -1.0842124946997944 0
      vertex -2.124922924775959 -0.8801718944397064 0
      vertex -2.124922924775959 -0.8801718944397064 6.8999999999999995
    endloop
  endfacet
  facet normal 0.9700312531945442 0.24298017990326337 0
    outer loop
      vertex -2.2009627721840803 -0.6676547576852633 0
      vertex -2.25580614492743 -0.44870774063709495 0
      vertex -2.25580614492743 -0.44870774063709495 6.8999999999999995
    endloop
  endfacet
  facet normal 0.9415440651830204 0.3368898533922212 0
    outer loop
      vertex -2.124922924775959 -0.8801718944397064 0
      vertex -2.2009627721840803 -0.6676547576852633 0
      vertex -2.2009627721840803 -0.6676547576852633 6.8999999999999995
    endloop
  endfacet
  facet normal 0.9891765099647808 0.1467304744553627 0
    outer loop
      vertex -2.25580614492743 -0.44870774063709495 0
      vertex -2.288924871346053 -0.22543942275798937 0
      vertex -2.288924871346053 -0.22543942275798937 6.8999999999999995
    endloop
  endfacet
  facet normal 0.9987954562051724 0.049067674327417286 0
    outer loop
      vertex -2.288924871346053 -0.22543942275798937 0
      vertex -2.3 0 0
      vertex -2.3 0 6.8999999999999995
    endloop
  endfacet
  facet normal 0.3368898533922212 0.9415440651830204 0
    outer loop
      vertex -0.8801718944397064 -2.124922924775959 0
      vertex -0.8801718944397064 -2.124922924775959 6.8999999999999995
      vertex -0.6676547576852633 -2.2009627721840803 0
    endloop
  endfacet
  facet normal 0.24298017990326337 0.9700312531945442 0
    outer loop
      vertex -0.6676547576852633 -2.2009627721840803 0
      vertex -0.6676547576852633 -2.2009627721840803 6.8999999999999995
      vertex -0.44870774063709495 -2.25580614492743 0
    endloop
  endfacet
  facet normal 0.1467304744553627 0.9891765099647808 0
    outer loop
      vertex -0.44870774063709495 -2.25580614492743 0
      vertex -0.44870774063709495 -2.25580614492743 6.8999999999999995
      vertex -0.22543942275798937 -2.288924871346053 0
    endloop
  endfacet
  facet normal 0.049067674327417286 0.9987954562051724 0
    outer loop
      vertex -0.22543942275798937 -2.288924871346053 0
      vertex -0.22543942275798937 -2.288924871346053 6.8999999999999995
      vertex 0 -2.3 0
    endloop
  endfacet
  facet normal 0.6715589548470186 0.7409511253549589 0
    outer loop
      vertex -1.6263455967290592 -1.6263455967290592 0
      vertex -1.6263455967290592 -1.6263455967290592 6.8999999999999995
      vertex -1.4591045535763845 -1.777924042734295 0
    endloop
  endfacet
  facet normal 0.8032075314806454 0.5956993044924328 0
    outer loop
      vertex -1.777924042734295 -1.4591045535763845 0
      vertex -1.9123801082958538 -1.277811535945085 0
      vertex -1.9123801082958538 -1.277811535945085 6.8999999999999995
    endloop
  endfacet
  facet normal 0.8577286100002723 0.5141027441932213 0
    outer loop
      vertex -1.9123801082958538 -1.277811535945085 0
      vertex -2.0284189080012163 -1.0842124946997944 0
      vertex -2.0284189080012163 -1.0842124946997944 6.8999999999999995
    endloop
  endfacet
  facet normal 0.7409511253549589 0.6715589548470186 0
    outer loop
      vertex -1.6263455967290592 -1.6263455967290592 0
      vertex -1.777924042734295 -1.4591045535763845 0
      vertex -1.777924042734295 -1.4591045535763845 6.8999999999999995
    endloop
  endfacet
  facet normal 0.5956993044924328 0.8032075314806454 0
    outer loop
      vertex -1.4591045535763845 -1.777924042734295 0
      vertex -1.4591045535763845 -1.777924042734295 6.8999999999999995
      vertex -1.277811535945085 -1.9123801082958538 0
    endloop
  endfacet
  facet normal 0.5141027441932213 0.8577286100002723 0
    outer loop
      vertex -1.277811535945085 -1.9123801082958538 0
      vertex -1.277811535945085 -1.9123801082958538 6.8999999999999995
      vertex -1.0842124946997944 -2.0284189080012163 0
    endloop
  endfacet
  facet normal 0.42755509343028186 0.9039892931234434 0
    outer loop
      vertex -1.0842124946997944 -2.0284189080012163 0
      vertex -1.0842124946997944 -2.0284189080012163 6.8999999999999995
      vertex -0.8801718944397064 -2.124922924775959 0
    endloop
  endfacet
  facet normal 0.9415440651830204 0.3368898533922212 0
    outer loop
      vertex -2.124922924775959 -0.8801718944397064 0
      vertex -2.2009627721840803 -0.6676547576852633 6.8999999999999995
      vertex -2.124922924775959 -0.8801718944397064 6.8999999999999995
    endloop
  endfacet
  facet normal 0.9700312531945442 0.24298017990326337 0
    outer loop
      vertex -2.2009627721840803 -0.6676547576852633 0
      vertex -2.25580614492743 -0.44870774063709495 6.8999999999999995
      vertex -2.2009627721840803 -0.6676547576852633 6.8999999999999995
    endloop
  endfacet
  facet normal 0.9891765099647808 0.1467304744553627 0
    outer loop
      vertex -2.25580614492743 -0.44870774063709495 0
      vertex -2.288924871346053 -0.22543942275798937 6.8999999999999995
      vertex -2.25580614492743 -0.44870774063709495 6.8999999999999995
    endloop
  endfacet
  facet normal 0.9987954562051724 0.049067674327417286 0
    outer loop
      vertex -2.288924871346053 -0.22543942275798937 0
      vertex -2.3 0 6.8999999999999995
      vertex -2.288924871346053 -0.22543942275798937 6.8999999999999995
    endloop
  endfacet
  facet normal 0.42755509343028186 0.9039892931234434 0
    outer loop
      vertex -0.8801718944397064 -2.124922924775959 0
      vertex -1.0842124946997944 -2.0284189080012163 6.8999999999999995
      vertex -0.8801718944397064 -2.124922924775959 6.8999999999999995
    endloop
  endfacet
  facet normal 0.3368898533922212 0.9415440651830204 0
    outer loop
      vertex -0.6676547576852633 -2.2009627721840803 0
      vertex -0.8801718944397064 -2.124922924775959 6.8999999999999995
      vertex -0.6676547576852633 -2.2009627721840803 6.8999999999999995
    endloop
  endfacet
  facet normal 0.24298017990326337 0.9700312531945442 0
    outer loop
      vertex -0.44870774063709495 -2.25580614492743 0
      vertex -0.6676547576852633 -2.2009627721840803 6.8999999999999995
      vertex -0.44870774063709495 -2.25580614492743 6.8999999999999995
    endloop
  endfacet
  facet normal 0.1467304744553627 0.9891765099647808 0
    outer loop
      vertex -0.22543942275798937 -2.288924871346053 0
      vertex -0.44870774063709495 -2.25580614492743 6.8999999999999995
      vertex -0.22543942275798937 -2.288924871346053 6.8999999999999995
    endloop
  endfacet
  facet normal 0.049067674327417286 0.9987954562051724 0
    outer loop
      vertex 0 -2.3 0
      vertex -0.22543942275798937 -2.288924871346053 6.8999999999999995
      vertex 0 -2.3 6.8999999999999995
    endloop
  endfacet
  facet normal 0.7409511253549589 0.6715589548470186 0
    outer loop
      vertex -1.6263455967290592 -1.6263455967290592 0
      vertex -1.777924042734295 -1.4591045535763845 6.8999999999999995
      vertex -1.6263455967290592 -1.6263455967290592 6.8999999999999995
    endloop
  endfacet
  facet normal 0.8032075314806454 0.5956993044924328 0
    outer loop
      vertex -1.777924042734295 -1.4591045535763845 0
      vertex -1.9123801082958538 -1.277811535945085 6.8999999999999995
      vertex -1.777924042734295 -1.4591045535763845 6.8999999999999995
    endloop
  endfacet
  facet normal 0.8577286100002723 0.5141027441932213 0
    outer loop
      vertex -1.9123801082958538 -1.277811535945085 0
      vertex -2.0284189080012163 -1.0842124946997944 6.8999999999999995
      vertex -1.9123801082958538 -1.277811535945085 6.8999999999999995
    endloop
  endfacet
  facet normal 0.5956993044924328 0.8032075314806454 0
    outer loop
      vertex -1.277811535945085 -1.9123801082958538 0
      vertex -1.4591045535763845 -1.777924042734295 6.8999999999999995
      vertex -1.277811535945085 -1.9123801082958538 6.8999999999999995
    endloop
  endfacet
  facet normal 0.6715589548470186 0.7409511253549589 0
    outer loop
      vertex -1.4591045535763845 -1.777924042734295 0
      vertex -1.6263455967290592 -1.6263455967290592 6.8999999999999995
      vertex -1.4591045535763845 -1.777924042734295 6.8999999999999995
    endloop
  endfacet
  facet normal 0.5141027441932213 0.8577286100002723 0
    outer loop
      vertex -1.0842124946997944 -2.0284189080012163 0
      vertex -1.277811535945085 -1.9123801082958538 6.8999999999999995
      vertex -1.0842124946997944 -2.0284189080012163 6.8999999999999995
    endloop
  endfacet
  facet normal 0.9039892931234434 0.42755509343028186 0
    outer loop
      vertex -2.0284189080012163 -1.0842124946997944 0
      vertex -2.124922924775959 -0.8801718944397064 6.8999999999999995
      vertex -2.0284189080012163 -1.0842124946997944 6.8999999999999995
    endloop
  endfacet
  facet normal 0.9987954562051724 -0.049067674327417286 0
    outer loop
      vertex -2.3 0 0
      vertex -2.288924871346053 0.22543942275798937 0
      vertex -2.288924871346053 0.22543942275798937 6.8999999999999995
    endloop
  endfacet
  facet normal 0.9891765099647808 -0.1467304744553627 0
    outer loop
      vertex -2.288924871346053 0.22543942275798937 0
      vertex -2.25580614492743 0.44870774063709495 0
      vertex -2.25580614492743 0.44870774063709495 6.8999999999999995
    endloop
  endfacet
  facet normal 0.9700312531945442 -0.24298017990326337 0
    outer loop
      vertex -2.25580614492743 0.44870774063709495 0
      vertex -2.2009627721840803 0.6676547576852633 0
      vertex -2.2009627721840803 0.6676547576852633 6.8999999999999995
    endloop
  endfacet
  facet normal 0.9415440651830204 -0.3368898533922212 0
    outer loop
      vertex -2.2009627721840803 0.6676547576852633 0
      vertex -2.124922924775959 0.8801718944397064 0
      vertex -2.124922924775959 0.8801718944397064 6.8999999999999995
    endloop
  endfacet
  facet normal 0.9039892931234434 -0.42755509343028186 0
    outer loop
      vertex -2.124922924775959 0.8801718944397064 0
      vertex -2.0284189080012163 1.0842124946997944 0
      vertex -2.0284189080012163 1.0842124946997944 6.8999999999999995
    endloop
  endfacet
  facet normal 0.8577286100002723 -0.5141027441932213 0
    outer loop
      vertex -2.0284189080012163 1.0842124946997944 0
      vertex -1.9123801082958538 1.277811535945085 0
      vertex -1.9123801082958538 1.277811535945085 6.8999999999999995
    endloop
  endfacet
  facet normal 0.8032075314806454 -0.5956993044924328 0
    outer loop
      vertex -1.9123801082958538 1.277811535945085 0
      vertex -1.777924042734295 1.4591045535763845 0
      vertex -1.777924042734295 1.4591045535763845 6.8999999999999995
    endloop
  endfacet
  facet normal 0.7409511253549589 -0.6715589548470186 0
    outer loop
      vertex -1.777924042734295 1.4591045535763845 0
      vertex -1.6263455967290592 1.6263455967290592 0
      vertex -1.6263455967290592 1.6263455967290592 6.8999999999999995
    endloop
  endfacet
  facet normal 0.6715589548470186 -0.7409511253549589 0
    outer loop
      vertex -1.4591045535763845 1.777924042734295 0
      vertex -1.4591045535763845 1.777924042734295 6.8999999999999995
      vertex -1.6263455967290592 1.6263455967290592 0
    endloop
  endfacet
  facet normal 0.5956993044924328 -0.8032075314806454 0
    outer loop
      vertex -1.277811535945085 1.9123801082958538 0
      vertex -1.277811535945085 1.9123801082958538 6.8999999999999995
      vertex -1.4591045535763845 1.777924042734295 0
    endloop
  endfacet
  facet normal 0.5141027441932213 -0.8577286100002723 0
    outer loop
      vertex -1.0842124946997944 2.0284189080012163 0
      vertex -1.0842124946997944 2.0284189080012163 6.8999999999999995
      vertex -1.277811535945085 1.9123801082958538 0
    endloop
  endfacet
  facet normal 0.42755509343028186 -0.9039892931234434 0
    outer loop
      vertex -0.8801718944397064 2.124922924775959 0
      vertex -0.8801718944397064 2.124922924775959 6.8999999999999995
      vertex -1.0842124946997944 2.0284189080012163 0
    endloop
  endfacet
  facet normal 0.3368898533922212 -0.9415440651830204 0
    outer loop
      vertex -0.6676547576852633 2.2009627721840803 0
      vertex -0.6676547576852633 2.2009627721840803 6.8999999999999995
      vertex -0.8801718944397064 2.124922924775959 0
    endloop
  endfacet
  facet normal 0.24298017990326337 -0.9700312531945442 0
    outer loop
      vertex -0.44870774063709495 2.25580614492743 0
      vertex -0.44870774063709495 2.25580614492743 6.8999999999999995
      vertex -0.6676547576852633 2.2009627721840803 0
    endloop
  endfacet
  facet normal 0.1467304744553627 -0.9891765099647808 0
    outer loop
      vertex -0.22543942275798937 2.288924871346053 0
      vertex -0.22543942275798937 2.288924871346053 6.8999999999999995
      vertex -0.44870774063709495 2.25580614492743 0
    endloop
  endfacet
  facet normal 0.049067674327417286 -0.9987954562051724 0
    outer loop
      vertex -0.22543942275798937 2.288924871346053 0
      vertex 0 2.3 0
      vertex 0 2.3 6.8999999999999995
    endloop
  endfacet
  facet normal 0.9987954562051724 -0.049067674327417286 0
    outer loop
      vertex -2.288924871346053 0.22543942275798937 6.8999999999999995
      vertex -2.3 0 6.8999999999999995
      vertex -2.3 0 0
    endloop
  endfacet
  facet normal 0.9891765099647808 -0.1467304744553627 0
    outer loop
      vertex -2.288924871346053 0.22543942275798937 0
      vertex -2.25580614492743 0.44870774063709495 6.8999999999999995
      vertex -2.288924871346053 0.22543942275798937 6.8999999999999995
    endloop
  endfacet
  facet normal 0.9700312531945442 -0.24298017990326337 0
    outer loop
      vertex -2.25580614492743 0.44870774063709495 0
      vertex -2.2009627721840803 0.6676547576852633 6.8999999999999995
      vertex -2.25580614492743 0.44870774063709495 6.8999999999999995
    endloop
  endfacet
  facet normal 0.9415440651830204 -0.3368898533922212 0
    outer loop
      vertex -2.2009627721840803 0.6676547576852633 0
      vertex -2.124922924775959 0.8801718944397064 6.8999999999999995
      vertex -2.2009627721840803 0.6676547576852633 6.8999999999999995
    endloop
  endfacet
  facet normal 0.9039892931234434 -0.42755509343028186 0
    outer loop
      vertex -2.0284189080012163 1.0842124946997944 6.8999999999999995
      vertex -2.124922924775959 0.8801718944397064 6.8999999999999995
      vertex -2.124922924775959 0.8801718944397064 0
    endloop
  endfacet
  facet normal 0.8577286100002723 -0.5141027441932213 0
    outer loop
      vertex -2.0284189080012163 1.0842124946997944 0
      vertex -1.9123801082958538 1.277811535945085 6.8999999999999995
      vertex -2.0284189080012163 1.0842124946997944 6.8999999999999995
    endloop
  endfacet
  facet normal 0.8032075314806454 -0.5956993044924328 0
    outer loop
      vertex -1.9123801082958538 1.277811535945085 0
      vertex -1.777924042734295 1.4591045535763845 6.8999999999999995
      vertex -1.9123801082958538 1.277811535945085 6.8999999999999995
    endloop
  endfacet
  facet normal 0.7409511253549589 -0.6715589548470186 0
    outer loop
      vertex -1.6263455967290592 1.6263455967290592 6.8999999999999995
      vertex -1.777924042734295 1.4591045535763845 6.8999999999999995
      vertex -1.777924042734295 1.4591045535763845 0
    endloop
  endfacet
  facet normal 0.6715589548470186 -0.7409511253549589 0
    outer loop
      vertex -1.6263455967290592 1.6263455967290592 0
      vertex -1.4591045535763845 1.777924042734295 6.8999999999999995
      vertex -1.6263455967290592 1.6263455967290592 6.8999999999999995
    endloop
  endfacet
  facet normal 0.5956993044924328 -0.8032075314806454 0
    outer loop
      vertex -1.4591045535763845 1.777924042734295 0
      vertex -1.277811535945085 1.9123801082958538 6.8999999999999995
      vertex -1.4591045535763845 1.777924042734295 6.8999999999999995
    endloop
  endfacet
  facet normal 0.5141027441932213 -0.8577286100002723 0
    outer loop
      vertex -1.277811535945085 1.9123801082958538 0
      vertex -1.0842124946997944 2.0284189080012163 6.8999999999999995
      vertex -1.277811535945085 1.9123801082958538 6.8999999999999995
    endloop
  endfacet
  facet normal 0.42755509343028186 -0.9039892931234434 0
    outer loop
      vertex -1.0842124946997944 2.0284189080012163 0
      vertex -0.8801718944397064 2.124922924775959 6.8999999999999995
      vertex -1.0842124946997944 2.0284189080012163 6.8999999999999995
    endloop
  endfacet
  facet normal 0.3368898533922212 -0.9415440651830204 0
    outer loop
      vertex -0.8801718944397064 2.124922924775959 0
      vertex -0.6676547576852633 2.2009627721840803 6.8999999999999995
      vertex -0.8801718944397064 2.124922924775959 6.8999999999999995
    endloop
  endfacet
  facet normal 0.24298017990326337 -0.9700312531945442 0
    outer loop
      vertex -0.6676547576852633 2.2009627721840803 0
      vertex -0.44870774063709495 2.25580614492743 6.8999999999999995
      vertex -0.6676547576852633 2.2009627721840803 6.8999999999999995
    endloop
  endfacet
  facet normal 0.1467304744553627 -0.9891765099647808 0
    outer loop
      vertex -0.44870774063709495 2.25580614492743 0
      vertex -0.22543942275798937 2.288924871346053 6.8999999999999995
      vertex -0.44870774063709495 2.25580614492743 6.8999999999999995
    endloop
  endfacet
  facet normal 0.049067674327417286 -0.9987954562051724 0
    outer loop
      vertex 0 2.3 6.8999999999999995
      vertex -0.22543942275798937 2.288924871346053 6.8999999999999995
      vertex -0.22543942275798937 2.288924871346053 0
    endloop
  endfacet
  facet normal -0.049067674327417286 0.9987954562051724 0
    outer loop
      vertex 0 -2.3 0
      vertex 0 -2.3 6.8999999999999995
      vertex 0.22543942275798937 -2.288924871346053 0
    endloop
  endfacet
  facet normal -0.1467304744553627 0.9891765099647808 0
    outer loop
      vertex 0.22543942275798937 -2.288924871346053 0
      vertex 0.22543942275798937 -2.288924871346053 6.8999999999999995
      vertex 0.44870774063709495 -2.25580614492743 0
    endloop
  endfacet
  facet normal -0.24298017990326337 0.9700312531945442 0
    outer loop
      vertex 0.44870774063709495 -2.25580614492743 0
      vertex 0.44870774063709495 -2.25580614492743 6.8999999999999995
      vertex 0.6676547576852633 -2.2009627721840803 0
    endloop
  endfacet
  facet normal -0.3368898533922212 0.9415440651830204 0
    outer loop
      vertex 0.6676547576852633 -2.2009627721840803 0
      vertex 0.6676547576852633 -2.2009627721840803 6.8999999999999995
      vertex 0.8801718944397064 -2.124922924775959 0
    endloop
  endfacet
  facet normal -0.42755509343028186 0.9039892931234434 0
    outer loop
      vertex 0.8801718944397064 -2.124922924775959 0
      vertex 0.8801718944397064 -2.124922924775959 6.8999999999999995
      vertex 1.0842124946997944 -2.0284189080012163 0
    endloop
  endfacet
  facet normal -0.5141027441932213 0.8577286100002723 0
    outer loop
      vertex 1.0842124946997944 -2.0284189080012163 0
      vertex 1.0842124946997944 -2.0284189080012163 6.8999999999999995
      vertex 1.277811535945085 -1.9123801082958538 0
    endloop
  endfacet
  facet normal -0.5956993044924328 0.8032075314806454 0
    outer loop
      vertex 1.277811535945085 -1.9123801082958538 0
      vertex 1.277811535945085 -1.9123801082958538 6.8999999999999995
      vertex 1.4591045535763845 -1.777924042734295 0
    endloop
  endfacet
  facet normal -0.6715589548470186 0.7409511253549589 0
    outer loop
      vertex 1.4591045535763845 -1.777924042734295 0
      vertex 1.4591045535763845 -1.777924042734295 6.8999999999999995
      vertex 1.6263455967290592 -1.6263455967290592 0
    endloop
  endfacet
  facet normal -0.7409511253549589 0.6715589548470186 0
    outer loop
      vertex 1.777924042734295 -1.4591045535763845 0
      vertex 1.6263455967290592 -1.6263455967290592 0
      vertex 1.6263455967290592 -1.6263455967290592 6.8999999999999995
    endloop
  endfacet
  facet normal -0.8032075314806454 0.5956993044924328 0
    outer loop
      vertex 1.9123801082958538 -1.277811535945085 0
      vertex 1.777924042734295 -1.4591045535763845 0
      vertex 1.777924042734295 -1.4591045535763845 6.8999999999999995
    endloop
  endfacet
  facet normal -0.8577286100002723 0.5141027441932213 0
    outer loop
      vertex 2.0284189080012163 -1.0842124946997944 0
      vertex 1.9123801082958538 -1.277811535945085 0
      vertex 1.9123801082958538 -1.277811535945085 6.8999999999999995
    endloop
  endfacet
  facet normal -0.9039892931234434 0.42755509343028186 0
    outer loop
      vertex 2.124922924775959 -0.8801718944397064 0
      vertex 2.0284189080012163 -1.0842124946997944 0
      vertex 2.0284189080012163 -1.0842124946997944 6.8999999999999995
    endloop
  endfacet
  facet normal -0.9415440651830204 0.3368898533922212 0
    outer loop
      vertex 2.2009627721840803 -0.6676547576852633 0
      vertex 2.124922924775959 -0.8801718944397064 0
      vertex 2.124922924775959 -0.8801718944397064 6.8999999999999995
    endloop
  endfacet
  facet normal -0.9700312531945442 0.24298017990326337 0
    outer loop
      vertex 2.25580614492743 -0.44870774063709495 0
      vertex 2.2009627721840803 -0.6676547576852633 0
      vertex 2.2009627721840803 -0.6676547576852633 6.8999999999999995
    endloop
  endfacet
  facet normal -0.9891765099647808 0.1467304744553627 0
    outer loop
      vertex 2.288924871346053 -0.22543942275798937 0
      vertex 2.25580614492743 -0.44870774063709495 0
      vertex 2.25580614492743 -0.44870774063709495 6.8999999999999995
    endloop
  endfacet
  facet normal -0.9987954562051724 0.049067674327417286 0
    outer loop
      vertex 2.288924871346053 -0.22543942275798937 0
      vertex 2.288924871346053 -0.22543942275798937 6.8999999999999995
      vertex 2.3 0 0
    endloop
  endfacet
  facet normal -0.049067674327417286 0.9987954562051724 0
    outer loop
      vertex 0.22543942275798937 -2.288924871346053 0
      vertex 0 -2.3 6.8999999999999995
      vertex 0.22543942275798937 -2.288924871346053 6.8999999999999995
    endloop
  endfacet
  facet normal -0.1467304744553627 0.9891765099647808 0
    outer loop
      vertex 0.44870774063709495 -2.25580614492743 0
      vertex 0.22543942275798937 -2.288924871346053 6.8999999999999995
      vertex 0.44870774063709495 -2.25580614492743 6.8999999999999995
    endloop
  endfacet
  facet normal -0.24298017990326337 0.9700312531945442 0
    outer loop
      vertex 0.6676547576852633 -2.2009627721840803 0
      vertex 0.44870774063709495 -2.25580614492743 6.8999999999999995
      vertex 0.6676547576852633 -2.2009627721840803 6.8999999999999995
    endloop
  endfacet
  facet normal -0.3368898533922212 0.9415440651830204 0
    outer loop
      vertex 0.8801718944397064 -2.124922924775959 0
      vertex 0.6676547576852633 -2.2009627721840803 6.8999999999999995
      vertex 0.8801718944397064 -2.124922924775959 6.8999999999999995
    endloop
  endfacet
  facet normal -0.42755509343028186 0.9039892931234434 0
    outer loop
      vertex 1.0842124946997944 -2.0284189080012163 0
      vertex 0.8801718944397064 -2.124922924775959 6.8999999999999995
      vertex 1.0842124946997944 -2.0284189080012163 6.8999999999999995
    endloop
  endfacet
  facet normal -0.5141027441932213 0.8577286100002723 0
    outer loop
      vertex 1.277811535945085 -1.9123801082958538 0
      vertex 1.0842124946997944 -2.0284189080012163 6.8999999999999995
      vertex 1.277811535945085 -1.9123801082958538 6.8999999999999995
    endloop
  endfacet
  facet normal -0.5956993044924328 0.8032075314806454 0
    outer loop
      vertex 1.4591045535763845 -1.777924042734295 0
      vertex 1.277811535945085 -1.9123801082958538 6.8999999999999995
      vertex 1.4591045535763845 -1.777924042734295 6.8999999999999995
    endloop
  endfacet
  facet normal -0.6715589548470186 0.7409511253549589 0
    outer loop
      vertex 1.6263455967290592 -1.6263455967290592 0
      vertex 1.4591045535763845 -1.777924042734295 6.8999999999999995
      vertex 1.6263455967290592 -1.6263455967290592 6.8999999999999995
    endloop
  endfacet
  facet normal -0.7409511253549589 0.6715589548470186 0
    outer loop
      vertex 1.6263455967290592 -1.6263455967290592 6.8999999999999995
      vertex 1.777924042734295 -1.4591045535763845 6.8999999999999995
      vertex 1.777924042734295 -1.4591045535763845 0
    endloop
  endfacet
  facet normal -0.8032075314806454 0.5956993044924328 0
    outer loop
      vertex 1.9123801082958538 -1.277811535945085 0
      vertex 1.777924042734295 -1.4591045535763845 6.8999999999999995
      vertex 1.9123801082958538 -1.277811535945085 6.8999999999999995
    endloop
  endfacet
  facet normal -0.8577286100002723 0.5141027441932213 0
    outer loop
      vertex 2.0284189080012163 -1.0842124946997944 0
      vertex 1.9123801082958538 -1.277811535945085 6.8999999999999995
      vertex 2.0284189080012163 -1.0842124946997944 6.8999999999999995
    endloop
  endfacet
  facet normal -0.9039892931234434 0.42755509343028186 0
    outer loop
      vertex 2.0284189080012163 -1.0842124946997944 6.8999999999999995
      vertex 2.124922924775959 -0.8801718944397064 6.8999999999999995
      vertex 2.124922924775959 -0.8801718944397064 0
    endloop
  endfacet
  facet normal -0.9415440651830204 0.3368898533922212 0
    outer loop
      vertex 2.2009627721840803 -0.6676547576852633 0
      vertex 2.124922924775959 -0.8801718944397064 6.8999999999999995
      vertex 2.2009627721840803 -0.6676547576852633 6.8999999999999995
    endloop
  endfacet
  facet normal -0.9700312531945442 0.24298017990326337 0
    outer loop
      vertex 2.25580614492743 -0.44870774063709495 0
      vertex 2.2009627721840803 -0.6676547576852633 6.8999999999999995
      vertex 2.25580614492743 -0.44870774063709495 6.8999999999999995
    endloop
  endfacet
  facet normal -0.9891765099647808 0.1467304744553627 0
    outer loop
      vertex 2.288924871346053 -0.22543942275798937 0
      vertex 2.25580614492743 -0.44870774063709495 6.8999999999999995
      vertex 2.288924871346053 -0.22543942275798937 6.8999999999999995
    endloop
  endfacet
  facet normal -0.9987954562051724 0.049067674327417286 0
    outer loop
      vertex 2.3 0 0
      vertex 2.288924871346053 -0.22543942275798937 6.8999999999999995
      vertex 2.3 0 6.8999999999999995
    endloop
  endfacet
  facet normal -0.42755509343028186 -0.9039892931234434 0
    outer loop
      vertex 1.0842124946997944 2.0284189080012163 0
      vertex 1.0842124946997944 2.0284189080012163 6.8999999999999995
      vertex 0.8801718944397064 2.124922924775959 0
    endloop
  endfacet
  facet normal -0.5141027441932213 -0.8577286100002723 0
    outer loop
      vertex 1.277811535945085 1.9123801082958538 0
      vertex 1.277811535945085 1.9123801082958538 6.8999999999999995
      vertex 1.0842124946997944 2.0284189080012163 0
    endloop
  endfacet
  facet normal -0.5956993044924328 -0.8032075314806454 0
    outer loop
      vertex 1.4591045535763845 1.777924042734295 0
      vertex 1.4591045535763845 1.777924042734295 6.8999999999999995
      vertex 1.277811535945085 1.9123801082958538 0
    endloop
  endfacet
  facet normal -0.7409511253549589 -0.6715589548470186 0
    outer loop
      vertex 1.6263455967290592 1.6263455967290592 0
      vertex 1.777924042734295 1.4591045535763845 0
      vertex 1.777924042734295 1.4591045535763845 6.8999999999999995
    endloop
  endfacet
  facet normal -0.8577286100002723 -0.5141027441932213 0
    outer loop
      vertex 1.9123801082958538 1.277811535945085 0
      vertex 2.0284189080012163 1.0842124946997944 0
      vertex 2.0284189080012163 1.0842124946997944 6.8999999999999995
    endloop
  endfacet
  facet normal -0.8032075314806454 -0.5956993044924328 0
    outer loop
      vertex 1.777924042734295 1.4591045535763845 0
      vertex 1.9123801082958538 1.277811535945085 0
      vertex 1.9123801082958538 1.277811535945085 6.8999999999999995
    endloop
  endfacet
  facet normal -0.6715589548470186 -0.7409511253549589 0
    outer loop
      vertex 1.4591045535763845 1.777924042734295 0
      vertex 1.6263455967290592 1.6263455967290592 0
      vertex 1.6263455967290592 1.6263455967290592 6.8999999999999995
    endloop
  endfacet
  facet normal -0.049067674327417286 -0.9987954562051724 0
    outer loop
      vertex 0.22543942275798937 2.288924871346053 0
      vertex 0.22543942275798937 2.288924871346053 6.8999999999999995
      vertex 0 2.3 0
    endloop
  endfacet
  facet normal -0.1467304744553627 -0.9891765099647808 0
    outer loop
      vertex 0.44870774063709495 2.25580614492743 0
      vertex 0.44870774063709495 2.25580614492743 6.8999999999999995
      vertex 0.22543942275798937 2.288924871346053 0
    endloop
  endfacet
  facet normal -0.24298017990326337 -0.9700312531945442 0
    outer loop
      vertex 0.6676547576852633 2.2009627721840803 0
      vertex 0.6676547576852633 2.2009627721840803 6.8999999999999995
      vertex 0.44870774063709495 2.25580614492743 0
    endloop
  endfacet
  facet normal -0.3368898533922212 -0.9415440651830204 0
    outer loop
      vertex 0.8801718944397064 2.124922924775959 0
      vertex 0.8801718944397064 2.124922924775959 6.8999999999999995
      vertex 0.6676547576852633 2.2009627721840803 0
    endloop
  endfacet
  facet normal -0.9987954562051724 -0.049067674327417286 0
    outer loop
      vertex 2.3 0 0
      vertex 2.3 0 6.8999999999999995
      vertex 2.288924871346053 0.22543942275798937 0
    endloop
  endfacet
  facet normal -0.9891765099647808 -0.1467304744553627 0
    outer loop
      vertex 2.25580614492743 0.44870774063709495 0
      vertex 2.288924871346053 0.22543942275798937 0
      vertex 2.288924871346053 0.22543942275798937 6.8999999999999995
    endloop
  endfacet
  facet normal -0.9415440651830204 -0.3368898533922212 0
    outer loop
      vertex 2.124922924775959 0.8801718944397064 0
      vertex 2.2009627721840803 0.6676547576852633 0
      vertex 2.2009627721840803 0.6676547576852633 6.8999999999999995
    endloop
  endfacet
  facet normal -0.9700312531945442 -0.24298017990326337 0
    outer loop
      vertex 2.2009627721840803 0.6676547576852633 0
      vertex 2.25580614492743 0.44870774063709495 0
      vertex 2.25580614492743 0.44870774063709495 6.8999999999999995
    endloop
  endfacet
  facet normal -0.9039892931234434 -0.42755509343028186 0
    outer loop
      vertex 2.0284189080012163 1.0842124946997944 0
      vertex 2.124922924775959 0.8801718944397064 0
      vertex 2.124922924775959 0.8801718944397064 6.8999999999999995
    endloop
  endfacet
  facet normal -0.9039892931234434 -0.42755509343028186 0
    outer loop
      vertex 2.0284189080012163 1.0842124946997944 0
      vertex 2.124922924775959 0.8801718944397064 6.8999999999999995
      vertex 2.0284189080012163 1.0842124946997944 6.8999999999999995
    endloop
  endfacet
  facet normal -0.5141027441932213 -0.8577286100002723 0
    outer loop
      vertex 1.0842124946997944 2.0284189080012163 0
      vertex 1.277811535945085 1.9123801082958538 6.8999999999999995
      vertex 1.0842124946997944 2.0284189080012163 6.8999999999999995
    endloop
  endfacet
  facet normal -0.6715589548470186 -0.7409511253549589 0
    outer loop
      vertex 1.4591045535763845 1.777924042734295 0
      vertex 1.6263455967290592 1.6263455967290592 6.8999999999999995
      vertex 1.4591045535763845 1.777924042734295 6.8999999999999995
    endloop
  endfacet
  facet normal -0.5956993044924328 -0.8032075314806454 0
    outer loop
      vertex 1.277811535945085 1.9123801082958538 0
      vertex 1.4591045535763845 1.777924042734295 6.8999999999999995
      vertex 1.277811535945085 1.9123801082958538 6.8999999999999995
    endloop
  endfacet
  facet normal -0.8577286100002723 -0.5141027441932213 0
    outer loop
      vertex 1.9123801082958538 1.277811535945085 0
      vertex 2.0284189080012163 1.0842124946997944 6.8999999999999995
      vertex 1.9123801082958538 1.277811535945085 6.8999999999999995
    endloop
  endfacet
  facet normal -0.8032075314806454 -0.5956993044924328 0
    outer loop
      vertex 1.777924042734295 1.4591045535763845 0
      vertex 1.9123801082958538 1.277811535945085 6.8999999999999995
      vertex 1.777924042734295 1.4591045535763845 6.8999999999999995
    endloop
  endfacet
  facet normal -0.7409511253549589 -0.6715589548470186 0
    outer loop
      vertex 1.6263455967290592 1.6263455967290592 0
      vertex 1.777924042734295 1.4591045535763845 6.8999999999999995
      vertex 1.6263455967290592 1.6263455967290592 6.8999999999999995
    endloop
  endfacet
  facet normal -0.049067674327417286 -0.9987954562051724 0
    outer loop
      vertex 0 2.3 0
      vertex 0.22543942275798937 2.288924871346053 6.8999999999999995
      vertex 0 2.3 6.8999999999999995
    endloop
  endfacet
  facet normal -0.1467304744553627 -0.9891765099647808 0
    outer loop
      vertex 0.22543942275798937 2.288924871346053 0
      vertex 0.44870774063709495 2.25580614492743 6.8999999999999995
      vertex 0.22543942275798937 2.288924871346053 6.8999999999999995
    endloop
  endfacet
  facet normal -0.24298017990326337 -0.9700312531945442 0
    outer loop
      vertex 0.44870774063709495 2.25580614492743 0
      vertex 0.6676547576852633 2.2009627721840803 6.8999999999999995
      vertex 0.44870774063709495 2.25580614492743 6.8999999999999995
    endloop
  endfacet
  facet normal -0.3368898533922212 -0.9415440651830204 0
    outer loop
      vertex 0.6676547576852633 2.2009627721840803 0
      vertex 0.8801718944397064 2.124922924775959 6.8999999999999995
      vertex 0.6676547576852633 2.2009627721840803 6.8999999999999995
    endloop
  endfacet
  facet normal -0.42755509343028186 -0.9039892931234434 0
    outer loop
      vertex 0.8801718944397064 2.124922924775959 0
      vertex 1.0842124946997944 2.0284189080012163 6.8999999999999995
      vertex 0.8801718944397064 2.124922924775959 6.8999999999999995
    endloop
  endfacet
  facet normal -0.9987954562051724 -0.049067674327417286 0
    outer loop
      vertex 2.288924871346053 0.22543942275798937 0
      vertex 2.3 0 6.8999999999999995
      vertex 2.288924871346053 0.22543942275798937 6.8999999999999995
    endloop
  endfacet
  facet normal -0.9891765099647808 -0.1467304744553627 0
    outer loop
      vertex 2.288924871346053 0.22543942275798937 6.8999999999999995
      vertex 2.25580614492743 0.44870774063709495 6.8999999999999995
      vertex 2.25580614492743 0.44870774063709495 0
    endloop
  endfacet
  facet normal -0.9700312531945442 -0.24298017990326337 0
    outer loop
      vertex 2.2009627721840803 0.6676547576852633 0
      vertex 2.25580614492743 0.44870774063709495 6.8999999999999995
      vertex 2.2009627721840803 0.6676547576852633 6.8999999999999995
    endloop
  endfacet
  facet normal -0.9415440651830204 -0.3368898533922212 0
    outer loop
      vertex 2.124922924775959 0.8801718944397064 0
      vertex 2.2009627721840803 0.6676547576852633 6.8999999999999995
      vertex 2.124922924775959 0.8801718944397064 6.8999999999999995
    endloop
  endfacet
endsolid OpenSCAD_Model
