solid OpenSCAD_Model
  facet normal 0 -1 0
    outer loop
      vertex 2.25436584199313 0 36.445581112222264
      vertex 2.4 0 36.44852569502948
      vertex 2.4 0 38.8
    endloop
  endfacet
  facet normal 0 0 1
    outer loop
      vertex 0 0 38.8
      vertex 2.4 0 38.8
      vertex 2.3373298618874725 2.3527414349744737 38.8
    endloop
  endfacet
  facet normal 0 0 1
    outer loop
      vertex 2.3373298618874725 2.3527414349744737 38.8
      vertex 2.4 2.4 38.8
      vertex 2.3360710321864593 2.4 38.8
    endloop
  endfacet
  facet normal 0 0 -1
    outer loop
      vertex 2.4 0 36.4
      vertex 2.4 2.4 36.4
      vertex 116.3 0 36.4
    endloop
  endfacet
  facet normal 0 -1 0
    outer loop
      vertex 2.4 0 36.4
      vertex 116.3 0 38.75147430497051
      vertex 2.4 0 36.44852569502948
    endloop
  endfacet
  facet normal 0 1 0
    outer loop
      vertex 2.4 2.4 36.4
      vertex 2.4 2.4 38.8
      vertex 116.3 2.4 36.4
    endloop
  endfacet
  facet normal 0 -1 0
    outer loop
      vertex 2.4 0 36.44852569502948
      vertex 116.3 0 38.75147430497051
      vertex 2.4 0 38.8
    endloop
  endfacet
  facet normal 0 0 1
    outer loop
      vertex 2.4 0 38.8
      vertex 116.3 0 38.8
      vertex 2.3373298618874725 2.3527414349744737 38.8
    endloop
  endfacet
  facet normal 0 0 1
    outer loop
      vertex 2.3373298618874725 2.3527414349744737 38.8
      vertex 116.3 2.4 38.8
      vertex 2.4 2.4 38.8
    endloop
  endfacet
  facet normal 0 -1 0
    outer loop
      vertex 2.4 0 36.4
      vertex 116.3 0 36.4
      vertex 116.3 0 38.75147430497051
    endloop
  endfacet
  facet normal 0 0 -1
    outer loop
      vertex 2.4 2.4 36.4
      vertex 116.3 2.4 36.4
      vertex 116.3 0 36.4
    endloop
  endfacet
  facet normal 0 -1 0
    outer loop
      vertex 2.4 0 38.8
      vertex 116.3 0 38.75147430497051
      vertex 116.3 0 38.8
    endloop
  endfacet
  facet normal 0 0 1
    outer loop
      vertex 2.3373298618874725 2.3527414349744737 38.8
      vertex 116.3 0 38.8
      vertex 118.7 0 38.8
    endloop
  endfacet
  facet normal 0 1 0
    outer loop
      vertex 2.4 2.4 38.8
      vertex 116.3 2.4 38.8
      vertex 116.3 2.4 36.4
    endloop
  endfacet
  facet normal 0 0 1
    outer loop
      vertex 2.3373298618874725 2.3527414349744737 38.8
      vertex 118.7 0 38.8
      vertex 116.3 2.4 38.8
    endloop
  endfacet
  facet normal 0 -1 0
    outer loop
      vertex 116.3 0 36.4
      vertex 118.7 0 36.4
      vertex 116.3 0 38.75147430497051
    endloop
  endfacet
  facet normal 1 0 0
    outer loop
      vertex 118.7 2.4 36.4
      vertex 118.7 2.4 38.8
      vertex 118.7 0 38.8
    endloop
  endfacet
  facet normal 0 0 1
    outer loop
      vertex 116.3 2.4 38.8
      vertex 118.7 0 38.8
      vertex 118.7 2.4 38.8
    endloop
  endfacet
  facet normal 0 1 0
    outer loop
      vertex 0.1484536082474226 90.1 36.4
      vertex 0.139970683852371 90.1 36.53714061105333
      vertex 2.4 90.1 36.4
    endloop
  endfacet
  facet normal 0 0 -1
    outer loop
      vertex 2.4 87.69999999999999 36.4
      vertex 2.4 90.1 36.4
      vertex 116.3 87.69999999999999 36.4
    endloop
  endfacet
  facet normal 0 1 0
    outer loop
      vertex 0.139970683852371 90.1 36.53714061105333
      vertex 116.3 90.1 36.4
      vertex 2.4 90.1 36.4
    endloop
  endfacet
  facet normal 0 1 0
    outer loop
      vertex 0.139970683852371 90.1 36.53714061105333
      vertex 2.4 90.1 38.751474304970515
      vertex 116.3 90.1 36.4
    endloop
  endfacet
  facet normal 0 -1 0
    outer loop
      vertex 2.4 87.69999999999999 36.4
      vertex 116.3 87.69999999999999 38.8
      vertex 2.4 87.69999999999999 38.8
    endloop
  endfacet
  facet normal 0 0 1
    outer loop
      vertex 2.4 87.69999999999999 38.8
      vertex 116.36267013811252 87.7472585650255 38.8
      vertex 2.4 90.1 38.8
    endloop
  endfacet
  facet normal 0 1 0
    outer loop
      vertex 2.4 90.1 38.751474304970515
      vertex 2.4 90.1 38.8
      vertex 116.3 90.1 36.44852569502949
    endloop
  endfacet
  facet normal 0 -1 0
    outer loop
      vertex 2.4 87.69999999999999 36.4
      vertex 116.3 87.69999999999999 36.4
      vertex 116.3 87.69999999999999 38.8
    endloop
  endfacet
  facet normal 0 0 -1
    outer loop
      vertex 2.4 90.1 36.4
      vertex 116.3 90.1 36.4
      vertex 116.3 87.69999999999999 36.4
    endloop
  endfacet
  facet normal 0 1 0
    outer loop
      vertex 2.4 90.1 38.751474304970515
      vertex 116.3 90.1 36.44852569502949
      vertex 116.3 90.1 36.4
    endloop
  endfacet
  facet normal 0 0 1
    outer loop
      vertex 2.4 87.69999999999999 38.8
      vertex 116.3 87.69999999999999 38.8
      vertex 116.36267013811252 87.7472585650255 38.8
    endloop
  endfacet
  facet normal 0 1 0
    outer loop
      vertex 2.4 90.1 38.8
      vertex 118.7 90.1 38.8
      vertex 116.3 90.1 36.44852569502949
    endloop
  endfacet
  facet normal 0 0 1
    outer loop
      vertex 2.4 90.1 38.8
      vertex 116.36267013811252 87.7472585650255 38.8
      vertex 118.7 90.1 38.8
    endloop
  endfacet
  facet normal 0 1 0
    outer loop
      vertex 116.3 90.1 36.44852569502949
      vertex 118.7 90.1 38.8
      vertex 118.7 90.1 36.4
    endloop
  endfacet
  facet normal 0 0 1
    outer loop
      vertex 116.3 87.69999999999999 38.8
      vertex 116.36392896781354 87.69999999999999 38.8
      vertex 116.36267013811252 87.7472585650255 38.8
    endloop
  endfacet
  facet normal 0 0 1
    outer loop
      vertex 116.36267013811252 87.7472585650255 38.8
      vertex 118.7 87.69999999999999 38.8
      vertex 118.7 90.1 38.8
    endloop
  endfacet
  facet normal 1 0 0
    outer loop
      vertex 118.7 90.1 36.4
      vertex 118.7 90.1 38.8
      vertex 118.7 87.69999999999999 38.8
    endloop
  endfacet
  facet normal 0 -1 0
    outer loop
      vertex 0 0 0
      vertex 2.4 0 2.4
      vertex 0.14845360824742268 0 2.4
    endloop
  endfacet
  facet normal -1 0 0
    outer loop
      vertex 0 0 0
      vertex 0 0 2.4
      vertex 0 90.1 2.4
    endloop
  endfacet
  facet normal 0 0 -1
    outer loop
      vertex 0 0 0
      vertex 6.399999999999999 63.599999999999994 0
      vertex 6.399999999999999 52.599999999999994 0
    endloop
  endfacet
  facet normal 0 0 1
    outer loop
      vertex 2.4 0 2.4
      vertex 6.399999999999999 52.599999999999994 2.4
      vertex 6.399999999999999 63.599999999999994 2.4
    endloop
  endfacet
  facet normal 0 -1 0
    outer loop
      vertex 0 0 0
      vertex 116.3 0 2.4
      vertex 2.4 0 2.4
    endloop
  endfacet
  facet normal 0 0 1
    outer loop
      vertex 2.4 0 2.4
      vertex 116.3 0 2.4
      vertex 6.399999999999999 52.599999999999994 2.4
    endloop
  endfacet
  facet normal 0 0 -1
    outer loop
      vertex 0 0 0
      vertex 6.399999999999999 52.599999999999994 0
      vertex 112.30000000000001 52.599999999999994 0
    endloop
  endfacet
  facet normal 0 0 -1
    outer loop
      vertex 0 0 0
      vertex 2.4 90.1 0
      vertex 6.399999999999999 63.599999999999994 0
    endloop
  endfacet
  facet normal 0 0 1
    outer loop
      vertex 2.4 0 2.4
      vertex 6.399999999999999 63.599999999999994 2.4
      vertex 2.4 90.1 2.4
    endloop
  endfacet
  facet normal -1 0 0
    outer loop
      vertex 0 0 0
      vertex 0 90.1 2.4
      vertex 0 90.1 0
    endloop
  endfacet
  facet normal 0 0 1
    outer loop
      vertex 2.4 90.1 2.4
      vertex 6.399999999999999 63.599999999999994 2.4
      vertex 112.30000000000001 63.599999999999994 2.4
    endloop
  endfacet
  facet normal 0 0 -1
    outer loop
      vertex 2.4 90.1 0
      vertex 118.7 90.1 0
      vertex 6.399999999999999 63.599999999999994 0
    endloop
  endfacet
  facet normal 0 1 0
    outer loop
      vertex 2.4 90.1 0
      vertex 2.2515463917525773 90.1 2.4
      vertex 118.7 90.1 0
    endloop
  endfacet
  facet normal 0 1 0
    outer loop
      vertex 2.2515463917525773 90.1 2.4
      vertex 2.4 90.1 2.4
      vertex 118.7 90.1 0
    endloop
  endfacet
  facet normal 0 -1 0
    outer loop
      vertex 0 0 0
      vertex 118.7 0 0
      vertex 118.7 0 2.4
    endloop
  endfacet
  facet normal 0 -1 0
    outer loop
      vertex 0 0 0
      vertex 118.7 0 2.4
      vertex 116.3 0 2.4
    endloop
  endfacet
  facet normal 0 0 -1
    outer loop
      vertex 0 0 0
      vertex 112.30000000000001 52.599999999999994 0
      vertex 118.7 0 0
    endloop
  endfacet
  facet normal 0 0 1
    outer loop
      vertex 116.3 0 2.4
      vertex 112.30000000000001 52.599999999999994 2.4
      vertex 6.399999999999999 52.599999999999994 2.4
    endloop
  endfacet
  facet normal 1 0 0
    outer loop
      vertex 118.7 0 0
      vertex 118.7 90.1 0
      vertex 118.7 0 2.4
    endloop
  endfacet
  facet normal 0 0 -1
    outer loop
      vertex 118.7 0 0
      vertex 112.30000000000001 52.599999999999994 0
      vertex 112.30000000000001 63.599999999999994 0
    endloop
  endfacet
  facet normal 0 0 1
    outer loop
      vertex 116.3 0 2.4
      vertex 112.30000000000001 63.599999999999994 2.4
      vertex 112.30000000000001 52.599999999999994 2.4
    endloop
  endfacet
  facet normal 0 0 -1
    outer loop
      vertex 118.7 90.1 0
      vertex 112.30000000000001 63.599999999999994 0
      vertex 6.399999999999999 63.599999999999994 0
    endloop
  endfacet
  facet normal 0 0 1
    outer loop
      vertex 2.4 90.1 2.4
      vertex 112.30000000000001 63.599999999999994 2.4
      vertex 116.3 90.1 2.4
    endloop
  endfacet
  facet normal 0 1 0
    outer loop
      vertex 2.4 90.1 2.4
      vertex 116.3 90.1 2.4
      vertex 118.7 90.1 0
    endloop
  endfacet
  facet normal 0 0 1
    outer loop
      vertex 116.3 0 2.4
      vertex 116.3 90.1 2.4
      vertex 112.30000000000001 63.599999999999994 2.4
    endloop
  endfacet
  facet normal 0 0 -1
    outer loop
      vertex 118.7 0 0
      vertex 112.30000000000001 63.599999999999994 0
      vertex 118.7 90.1 0
    endloop
  endfacet
  facet normal 1 0 0
    outer loop
      vertex 118.7 0 2.4
      vertex 118.7 90.1 0
      vertex 118.7 90.1 2.4
    endloop
  endfacet
  facet normal 0 1 0
    outer loop
      vertex 118.7 90.1 0
      vertex 116.3 90.1 2.4
      vertex 118.7 90.1 2.4
    endloop
  endfacet
  facet normal 0 -1 0
    outer loop
      vertex 0 0 0
      vertex 0.14845360824742268 0 2.4
      vertex 0 0 2.4
    endloop
  endfacet
  facet normal 0 -1 0
    outer loop
      vertex 0.14845360824742268 0 2.4
      vertex 2.4 0 2.4
      vertex 2.4 0 36.4
    endloop
  endfacet
  facet normal 0 -1 0
    outer loop
      vertex 0 0 2.4
      vertex 0.14845360824742268 0 2.4
      vertex 0 0 38.8
    endloop
  endfacet
  facet normal -1 0 0
    outer loop
      vertex 0 0 2.4
      vertex 0 18.8864970158241 18.703869281651038
      vertex 0 19.07723062041505 18.613659005100736
    endloop
  endfacet
  facet normal -1 0 0
    outer loop
      vertex 0 0 2.4
      vertex 0 18.705523999007852 18.81234033354953
      vertex 0 18.8864970158241 18.703869281651038
    endloop
  endfacet
  facet normal -1 0 0
    outer loop
      vertex 0 0 2.4
      vertex 0 19.07723062041505 18.613659005100736
      vertex 0 19.2758879439029 18.542578278175753
    endloop
  endfacet
  facet normal -1 0 0
    outer loop
      vertex 0 0 2.4
      vertex 0 19.2758879439029 18.542578278175753
      vertex 0 19.48055580766532 18.491311647133056
    endloop
  endfacet
  facet normal -1 0 0
    outer loop
      vertex 0 0 2.4
      vertex 0 19.689263148291438 18.460352837654778
      vertex 0 19.899999999999995 18.450000000000003
    endloop
  endfacet
  facet normal -1 0 0
    outer loop
      vertex 0 0 2.4
      vertex 0 19.48055580766532 18.491311647133056
      vertex 0 19.689263148291438 18.460352837654778
    endloop
  endfacet
  facet normal 1 0 0
    outer loop
      vertex 2.4 0 2.4
      vertex 2.4 19.07723062041505 18.613659005100736
      vertex 2.4 18.8864970158241 18.703869281651038
    endloop
  endfacet
  facet normal 1 0 0
    outer loop
      vertex 2.4 0 2.4
      vertex 2.4 18.8864970158241 18.703869281651038
      vertex 2.4 18.705523999007852 18.81234033354953
    endloop
  endfacet
  facet normal 1 0 0
    outer loop
      vertex 2.4 0 2.4
      vertex 2.4 19.2758879439029 18.542578278175753
      vertex 2.4 19.07723062041505 18.613659005100736
    endloop
  endfacet
  facet normal 1 0 0
    outer loop
      vertex 2.4 0 2.4
      vertex 2.4 19.48055580766532 18.491311647133056
      vertex 2.4 19.2758879439029 18.542578278175753
    endloop
  endfacet
  facet normal 1 0 0
    outer loop
      vertex 2.4 0 2.4
      vertex 2.4 19.899999999999995 18.450000000000003
      vertex 2.4 19.689263148291438 18.460352837654778
    endloop
  endfacet
  facet normal 1 0 0
    outer loop
      vertex 2.4 0 2.4
      vertex 2.4 19.689263148291438 18.460352837654778
      vertex 2.4 19.48055580766532 18.491311647133056
    endloop
  endfacet
  facet normal -1 0 0
    outer loop
      vertex 0 0 2.4
      vertex 0 18.37972042044892 19.079720420448925
      vertex 0 18.536054439048158 18.938027525270115
    endloop
  endfacet
  facet normal -1 0 0
    outer loop
      vertex 0 0 2.4
      vertex 0 18.23802752527011 19.236054439048164
      vertex 0 18.37972042044892 19.079720420448925
    endloop
  endfacet
  facet normal -1 0 0
    outer loop
      vertex 0 0 2.4
      vertex 0 18.536054439048158 18.938027525270115
      vertex 0 18.705523999007852 18.81234033354953
    endloop
  endfacet
  facet normal -1 0 0
    outer loop
      vertex 0 0 2.4
      vertex 0 18.112340333549522 19.40552399900786
      vertex 0 18.23802752527011 19.236054439048164
    endloop
  endfacet
  facet normal -1 0 0
    outer loop
      vertex 0 0 2.4
      vertex 0 18.00386928165103 19.586497015824108
      vertex 0 18.112340333549522 19.40552399900786
    endloop
  endfacet
  facet normal -1 0 0
    outer loop
      vertex 0 0 2.4
      vertex 0 17.91365900510073 19.777230620415057
      vertex 0 18.00386928165103 19.586497015824108
    endloop
  endfacet
  facet normal -1 0 0
    outer loop
      vertex 0 0 2.4
      vertex 0 17.842578278175747 19.975887943902908
      vertex 0 17.91365900510073 19.777230620415057
    endloop
  endfacet
  facet normal -1 0 0
    outer loop
      vertex 0 0 2.4
      vertex 0 17.79131164713305 20.180555807665325
      vertex 0 17.842578278175747 19.975887943902908
    endloop
  endfacet
  facet normal -1 0 0
    outer loop
      vertex 0 0 2.4
      vertex 0 17.76035283765477 20.389263148291445
      vertex 0 17.79131164713305 20.180555807665325
    endloop
  endfacet
  facet normal -1 0 0
    outer loop
      vertex 0 0 2.4
      vertex 0 17.749999999999996 20.6
      vertex 0 17.76035283765477 20.389263148291445
    endloop
  endfacet
  facet normal 1 0 0
    outer loop
      vertex 2.4 0 2.4
      vertex 2.4 18.536054439048158 18.938027525270115
      vertex 2.4 18.37972042044892 19.079720420448925
    endloop
  endfacet
  facet normal 1 0 0
    outer loop
      vertex 2.4 0 2.4
      vertex 2.4 18.37972042044892 19.079720420448925
      vertex 2.4 18.23802752527011 19.236054439048164
    endloop
  endfacet
  facet normal 1 0 0
    outer loop
      vertex 2.4 0 2.4
      vertex 2.4 18.705523999007852 18.81234033354953
      vertex 2.4 18.536054439048158 18.938027525270115
    endloop
  endfacet
  facet normal 1 0 0
    outer loop
      vertex 2.4 0 2.4
      vertex 2.4 18.23802752527011 19.236054439048164
      vertex 2.4 18.112340333549522 19.40552399900786
    endloop
  endfacet
  facet normal 1 0 0
    outer loop
      vertex 2.4 0 2.4
      vertex 2.4 18.112340333549522 19.40552399900786
      vertex 2.4 18.00386928165103 19.586497015824108
    endloop
  endfacet
  facet normal -1 0 0
    outer loop
      vertex 0 0 2.4
      vertex 0 19.899999999999995 18.450000000000003
      vertex 0 28.099999999999994 18.450000000000003
    endloop
  endfacet
  facet normal 1 0 0
    outer loop
      vertex 2.4 0 2.4
      vertex 2.4 28.099999999999994 18.450000000000003
      vertex 2.4 19.899999999999995 18.450000000000003
    endloop
  endfacet
  facet normal 1 0 0
    outer loop
      vertex 2.4 0 2.4
      vertex 2.4 28.31073685170855 18.460352837654778
      vertex 2.4 28.099999999999994 18.450000000000003
    endloop
  endfacet
  facet normal 1 0 0
    outer loop
      vertex 2.4 0 2.4
      vertex 2.4 28.51944419233467 18.491311647133056
      vertex 2.4 28.31073685170855 18.460352837654778
    endloop
  endfacet
  facet normal 1 0 0
    outer loop
      vertex 2.4 0 2.4
      vertex 2.4 28.724112056097088 18.542578278175753
      vertex 2.4 28.51944419233467 18.491311647133056
    endloop
  endfacet
  facet normal -1 0 0
    outer loop
      vertex 0 0 2.4
      vertex 0 28.099999999999994 18.450000000000003
      vertex 0 58.099999999999994 13.317900000512601
    endloop
  endfacet
  facet normal 1 0 0
    outer loop
      vertex 2.4 0 2.4
      vertex 2.4 58.099999999999994 13.317900000512601
      vertex 2.4 28.724112056097088 18.542578278175753
    endloop
  endfacet
  facet normal 1 0 0
    outer loop
      vertex 2.4 28.724112056097088 18.542578278175753
      vertex 2.4 58.099999999999994 13.317900000512601
      vertex 2.4 28.92276937958494 18.613659005100736
    endloop
  endfacet
  facet normal -1 0 0
    outer loop
      vertex 0 54.47014387547969 16.947756125032903
      vertex 0 28.099999999999994 18.450000000000003
      vertex 0 28.31073685170855 18.460352837654778
    endloop
  endfacet
  facet normal -1 0 0
    outer loop
      vertex 0 54.47014387547969 16.947756125032903
      vertex 0 28.31073685170855 18.460352837654778
      vertex 0 28.51944419233467 18.491311647133056
    endloop
  endfacet
  facet normal -1 0 0
    outer loop
      vertex 0 54.47014387547969 16.947756125032903
      vertex 0 28.51944419233467 18.491311647133056
      vertex 0 28.724112056097088 18.542578278175753
    endloop
  endfacet
  facet normal -1 0 0
    outer loop
      vertex 0 54.47014387547969 16.947756125032903
      vertex 0 28.724112056097088 18.542578278175753
      vertex 0 28.92276937958494 18.613659005100736
    endloop
  endfacet
  facet normal -1 0 0
    outer loop
      vertex 0 54.47014387547969 16.947756125032903
      vertex 0 28.92276937958494 18.613659005100736
      vertex 0 29.113502984175888 18.703869281651038
    endloop
  endfacet
  facet normal -1 0 0
    outer loop
      vertex 0 54.47014387547969 16.947756125032903
      vertex 0 29.113502984175888 18.703869281651038
      vertex 0 29.294476000992137 18.81234033354953
    endloop
  endfacet
  facet normal 1 0 0
    outer loop
      vertex 2.4 29.113502984175888 18.703869281651038
      vertex 2.4 28.92276937958494 18.613659005100736
      vertex 2.4 54.47014387547969 16.947756125032903
    endloop
  endfacet
  facet normal 1 0 0
    outer loop
      vertex 2.4 29.113502984175888 18.703869281651038
      vertex 2.4 54.47014387547969 16.947756125032903
      vertex 2.4 29.294476000992137 18.81234033354953
    endloop
  endfacet
  facet normal -1 0 0
    outer loop
      vertex 0 54.47014387547969 16.947756125032903
      vertex 0 29.294476000992137 18.81234033354953
      vertex 0 29.46394556095183 18.938027525270115
    endloop
  endfacet
  facet normal -1 0 0
    outer loop
      vertex 0 54.47014387547969 16.947756125032903
      vertex 0 29.46394556095183 18.938027525270115
      vertex 0 29.62027957955107 19.079720420448925
    endloop
  endfacet
  facet normal -1 0 0
    outer loop
      vertex 0 54.47014387547969 16.947756125032903
      vertex 0 29.62027957955107 19.079720420448925
      vertex 0 29.76197247472988 19.236054439048164
    endloop
  endfacet
  facet normal -1 0 0
    outer loop
      vertex 0 54.47014387547969 16.947756125032903
      vertex 0 29.76197247472988 19.236054439048164
      vertex 0 29.887659666450467 19.40552399900786
    endloop
  endfacet
  facet normal -1 0 0
    outer loop
      vertex 0 54.47014387547969 16.947756125032903
      vertex 0 29.887659666450467 19.40552399900786
      vertex 0 29.996130718348958 19.586497015824108
    endloop
  endfacet
  facet normal -1 0 0
    outer loop
      vertex 0 54.47014387547969 16.947756125032903
      vertex 0 29.996130718348958 19.586497015824108
      vertex 0 30.08634099489926 19.777230620415057
    endloop
  endfacet
  facet normal -1 0 0
    outer loop
      vertex 0 54.47014387547969 16.947756125032903
      vertex 0 30.08634099489926 19.777230620415057
      vertex 0 30.157421721824242 19.975887943902908
    endloop
  endfacet
  facet normal -1 0 0
    outer loop
      vertex 0 54.47014387547969 16.947756125032903
      vertex 0 30.157421721824242 19.975887943902908
      vertex 0 30.20868835286694 20.180555807665325
    endloop
  endfacet
  facet normal -1 0 0
    outer loop
      vertex 0 54.47014387547969 16.947756125032903
      vertex 0 30.20868835286694 20.180555807665325
      vertex 0 30.239647162345218 20.389263148291445
    endloop
  endfacet
  facet normal -1 0 0
    outer loop
      vertex 0 54.47014387547969 16.947756125032903
      vertex 0 30.239647162345218 20.389263148291445
      vertex 0 30.249999999999993 20.6
    endloop
  endfacet
  facet normal 1 0 0
    outer loop
      vertex 2.4 54.47014387547969 16.947756125032903
      vertex 2.4 29.46394556095183 18.938027525270115
      vertex 2.4 29.294476000992137 18.81234033354953
    endloop
  endfacet
  facet normal 1 0 0
    outer loop
      vertex 2.4 54.47014387547969 16.947756125032903
      vertex 2.4 29.62027957955107 19.079720420448925
      vertex 2.4 29.46394556095183 18.938027525270115
    endloop
  endfacet
  facet normal 1 0 0
    outer loop
      vertex 2.4 54.47014387547969 16.947756125032903
      vertex 2.4 29.76197247472988 19.236054439048164
      vertex 2.4 29.62027957955107 19.079720420448925
    endloop
  endfacet
  facet normal 1 0 0
    outer loop
      vertex 2.4 54.47014387547969 16.947756125032903
      vertex 2.4 29.887659666450467 19.40552399900786
      vertex 2.4 29.76197247472988 19.236054439048164
    endloop
  endfacet
  facet normal 1 0 0
    outer loop
      vertex 2.4 54.47014387547969 16.947756125032903
      vertex 2.4 29.996130718348958 19.586497015824108
      vertex 2.4 29.887659666450467 19.40552399900786
    endloop
  endfacet
  facet normal 1 0 0
    outer loop
      vertex 2.4 54.47014387547969 16.947756125032903
      vertex 2.4 30.08634099489926 19.777230620415057
      vertex 2.4 29.996130718348958 19.586497015824108
    endloop
  endfacet
  facet normal 1 0 0
    outer loop
      vertex 2.4 54.47014387547969 16.947756125032903
      vertex 2.4 30.157421721824242 19.975887943902908
      vertex 2.4 30.08634099489926 19.777230620415057
    endloop
  endfacet
  facet normal 1 0 0
    outer loop
      vertex 2.4 54.47014387547969 16.947756125032903
      vertex 2.4 30.20868835286694 20.180555807665325
      vertex 2.4 30.157421721824242 19.975887943902908
    endloop
  endfacet
  facet normal 1 0 0
    outer loop
      vertex 2.4 54.47014387547969 16.947756125032903
      vertex 2.4 30.239647162345218 20.389263148291445
      vertex 2.4 30.20868835286694 20.180555807665325
    endloop
  endfacet
  facet normal 1 0 0
    outer loop
      vertex 2.4 54.47014387547969 16.947756125032903
      vertex 2.4 30.249999999999993 20.6
      vertex 2.4 30.239647162345218 20.389263148291445
    endloop
  endfacet
  facet normal -1 0 0
    outer loop
      vertex 0 0 2.4
      vertex 0 0 38.8
      vertex 0 17.749999999999996 20.6
    endloop
  endfacet
  facet normal 1 0 0
    outer loop
      vertex 2.4 0 2.4
      vertex 2.4 18.00386928165103 19.586497015824108
      vertex 2.4 2.4 36.4
    endloop
  endfacet
  facet normal 0 -1 0
    outer loop
      vertex 0.14845360824742268 0 2.4
      vertex 2.4 0 36.4
      vertex 2.25436584199313 0 36.445581112222264
    endloop
  endfacet
  facet normal 1 0 0
    outer loop
      vertex 2.4 0 2.4
      vertex 2.4 2.4 36.4
      vertex 2.4 0 36.4
    endloop
  endfacet
  facet normal 0 -1 0
    outer loop
      vertex 0.14845360824742268 0 2.4
      vertex 2.25436584199313 0 36.445581112222264
      vertex 0 0 38.8
    endloop
  endfacet
  facet normal 1 0 0
    outer loop
      vertex 2.4 2.4 36.4
      vertex 2.4 18.00386928165103 19.586497015824108
      vertex 2.4 17.91365900510073 19.777230620415057
    endloop
  endfacet
  facet normal 1 0 0
    outer loop
      vertex 2.4 2.4 36.4
      vertex 2.4 17.91365900510073 19.777230620415057
      vertex 2.4 17.842578278175747 19.975887943902908
    endloop
  endfacet
  facet normal 1 0 0
    outer loop
      vertex 2.4 2.4 36.4
      vertex 2.4 17.79131164713305 20.180555807665325
      vertex 2.4 17.76035283765477 20.389263148291445
    endloop
  endfacet
  facet normal 1 0 0
    outer loop
      vertex 2.4 2.4 36.4
      vertex 2.4 17.76035283765477 20.389263148291445
      vertex 2.4 17.749999999999996 20.6
    endloop
  endfacet
  facet normal 1 0 0
    outer loop
      vertex 2.4 2.4 36.4
      vertex 2.4 17.749999999999996 20.6
      vertex 2.4 17.76035283765477 20.81073685170856
    endloop
  endfacet
  facet normal 1 0 0
    outer loop
      vertex 2.4 2.4 36.4
      vertex 2.4 17.76035283765477 20.81073685170856
      vertex 2.4 17.79131164713305 21.019444192334678
    endloop
  endfacet
  facet normal 1 0 0
    outer loop
      vertex 2.4 2.4 36.4
      vertex 2.4 17.842578278175747 19.975887943902908
      vertex 2.4 17.79131164713305 20.180555807665325
    endloop
  endfacet
  facet normal 1 0 0
    outer loop
      vertex 2.4 2.4 36.4
      vertex 2.4 17.79131164713305 21.019444192334678
      vertex 2.4 17.842578278175747 21.224112056097095
    endloop
  endfacet
  facet normal 1 0 0
    outer loop
      vertex 2.4 2.4 36.4
      vertex 2.4 17.842578278175747 21.224112056097095
      vertex 2.4 17.91365900510073 21.422769379584945
    endloop
  endfacet
  facet normal 1 0 0
    outer loop
      vertex 2.4 2.4 36.4
      vertex 2.4 17.91365900510073 21.422769379584945
      vertex 2.4 18.00386928165103 21.613502984175895
    endloop
  endfacet
  facet normal 1 0 0
    outer loop
      vertex 2.4 2.4 36.4
      vertex 2.4 18.00386928165103 21.613502984175895
      vertex 2.4 18.112340333549522 21.794476000992145
    endloop
  endfacet
  facet normal -1 0 0
    outer loop
      vertex 0 0 38.8
      vertex 0 17.76035283765477 20.81073685170856
      vertex 0 17.749999999999996 20.6
    endloop
  endfacet
  facet normal -1 0 0
    outer loop
      vertex 0 0 38.8
      vertex 0 17.79131164713305 21.019444192334678
      vertex 0 17.76035283765477 20.81073685170856
    endloop
  endfacet
  facet normal -1 0 0
    outer loop
      vertex 0 0 38.8
      vertex 0 17.842578278175747 21.224112056097095
      vertex 0 17.79131164713305 21.019444192334678
    endloop
  endfacet
  facet normal -1 0 0
    outer loop
      vertex 0 0 38.8
      vertex 0 17.91365900510073 21.422769379584945
      vertex 0 17.842578278175747 21.224112056097095
    endloop
  endfacet
  facet normal -1 0 0
    outer loop
      vertex 0 0 38.8
      vertex 0 18.00386928165103 21.613502984175895
      vertex 0 17.91365900510073 21.422769379584945
    endloop
  endfacet
  facet normal -1 0 0
    outer loop
      vertex 0 0 38.8
      vertex 0 18.112340333549522 21.794476000992145
      vertex 0 18.00386928165103 21.613502984175895
    endloop
  endfacet
  facet normal -1 0 0
    outer loop
      vertex 0 0 38.8
      vertex 0 18.23802752527011 21.96394556095184
      vertex 0 18.112340333549522 21.794476000992145
    endloop
  endfacet
  facet normal -1 0 0
    outer loop
      vertex 0 0 38.8
      vertex 0 18.37972042044892 22.120279579551077
      vertex 0 18.23802752527011 21.96394556095184
    endloop
  endfacet
  facet normal -1 0 0
    outer loop
      vertex 0 0 38.8
      vertex 0 18.536054439048158 22.261972474729887
      vertex 0 18.37972042044892 22.120279579551077
    endloop
  endfacet
  facet normal -1 0 0
    outer loop
      vertex 0 0 38.8
      vertex 0 18.705523999007852 22.387659666450475
      vertex 0 18.536054439048158 22.261972474729887
    endloop
  endfacet
  facet normal 1 0 0
    outer loop
      vertex 2.4 2.4 36.4
      vertex 2.4 18.112340333549522 21.794476000992145
      vertex 2.4 18.23802752527011 21.96394556095184
    endloop
  endfacet
  facet normal 1 0 0
    outer loop
      vertex 2.4 2.4 36.4
      vertex 2.4 18.23802752527011 21.96394556095184
      vertex 2.4 18.37972042044892 22.120279579551077
    endloop
  endfacet
  facet normal 1 0 0
    outer loop
      vertex 2.4 2.4 36.4
      vertex 2.4 18.37972042044892 22.120279579551077
      vertex 2.4 18.536054439048158 22.261972474729887
    endloop
  endfacet
  facet normal 1 0 0
    outer loop
      vertex 2.4 2.4 36.4
      vertex 2.4 18.536054439048158 22.261972474729887
      vertex 2.4 18.705523999007852 22.387659666450475
    endloop
  endfacet
  facet normal 1 0 0
    outer loop
      vertex 2.4 2.4 36.4
      vertex 2.4 18.705523999007852 22.387659666450475
      vertex 2.4 18.8864970158241 22.496130718348965
    endloop
  endfacet
  facet normal 1 0 0
    outer loop
      vertex 2.4 2.4 36.4
      vertex 2.4 18.8864970158241 22.496130718348965
      vertex 2.4 19.07723062041505 22.586340994899267
    endloop
  endfacet
  facet normal 1 0 0
    outer loop
      vertex 2.4 2.4 36.4
      vertex 2.4 19.07723062041505 22.586340994899267
      vertex 2.4 19.2758879439029 22.65742172182425
    endloop
  endfacet
  facet normal 1 0 0
    outer loop
      vertex 2.4 2.4 36.4
      vertex 2.4 19.2758879439029 22.65742172182425
      vertex 2.4 19.48055580766532 22.708688352866947
    endloop
  endfacet
  facet normal 1 0 0
    outer loop
      vertex 2.4 2.4 36.4
      vertex 2.4 19.48055580766532 22.708688352866947
      vertex 2.4 19.689263148291438 22.739647162345225
    endloop
  endfacet
  facet normal 1 0 0
    outer loop
      vertex 2.4 2.4 36.4
      vertex 2.4 19.689263148291438 22.739647162345225
      vertex 2.4 19.899999999999995 22.75
    endloop
  endfacet
  facet normal -1 0 0
    outer loop
      vertex 0 0 38.8
      vertex 0 18.8864970158241 22.496130718348965
      vertex 0 18.705523999007852 22.387659666450475
    endloop
  endfacet
  facet normal -1 0 0
    outer loop
      vertex 0 0 38.8
      vertex 0 19.07723062041505 22.586340994899267
      vertex 0 18.8864970158241 22.496130718348965
    endloop
  endfacet
  facet normal -1 0 0
    outer loop
      vertex 0 0 38.8
      vertex 0 19.2758879439029 22.65742172182425
      vertex 0 19.07723062041505 22.586340994899267
    endloop
  endfacet
  facet normal -1 0 0
    outer loop
      vertex 0 0 38.8
      vertex 0 19.48055580766532 22.708688352866947
      vertex 0 19.2758879439029 22.65742172182425
    endloop
  endfacet
  facet normal -1 0 0
    outer loop
      vertex 0 0 38.8
      vertex 0 19.689263148291438 22.739647162345225
      vertex 0 19.48055580766532 22.708688352866947
    endloop
  endfacet
  facet normal -1 0 0
    outer loop
      vertex 0 0 38.8
      vertex 0 19.899999999999995 22.75
      vertex 0 19.689263148291438 22.739647162345225
    endloop
  endfacet
  facet normal 1 0 0
    outer loop
      vertex 2.4 2.4 36.4
      vertex 2.4 19.899999999999995 22.75
      vertex 2.4 28.099999999999994 22.75
    endloop
  endfacet
  facet normal -1 0 0
    outer loop
      vertex 0 0 38.8
      vertex 0 28.099999999999994 22.75
      vertex 0 19.899999999999995 22.75
    endloop
  endfacet
  facet normal 1 0 0
    outer loop
      vertex 2.4 2.4 36.4
      vertex 2.4 28.099999999999994 22.75
      vertex 2.4 28.31073685170855 22.739647162345225
    endloop
  endfacet
  facet normal -1 0 0
    outer loop
      vertex 0 0 38.8
      vertex 0 28.31073685170855 22.739647162345225
      vertex 0 28.099999999999994 22.75
    endloop
  endfacet
  facet normal -1 0 0
    outer loop
      vertex 0 0 38.8
      vertex 0 28.51944419233467 22.708688352866947
      vertex 0 28.31073685170855 22.739647162345225
    endloop
  endfacet
  facet normal 1 0 0
    outer loop
      vertex 2.4 2.4 36.4
      vertex 2.4 28.51944419233467 22.708688352866947
      vertex 2.4 28.724112056097088 22.65742172182425
    endloop
  endfacet
  facet normal 1 0 0
    outer loop
      vertex 2.4 2.4 36.4
      vertex 2.4 28.724112056097088 22.65742172182425
      vertex 2.4 28.92276937958494 22.586340994899267
    endloop
  endfacet
  facet normal 1 0 0
    outer loop
      vertex 2.4 2.4 36.4
      vertex 2.4 28.92276937958494 22.586340994899267
      vertex 2.4 29.113502984175888 22.496130718348965
    endloop
  endfacet
  facet normal 1 0 0
    outer loop
      vertex 2.4 2.4 36.4
      vertex 2.4 28.31073685170855 22.739647162345225
      vertex 2.4 28.51944419233467 22.708688352866947
    endloop
  endfacet
  facet normal 0 -1 0
    outer loop
      vertex 2.25436584199313 0 36.445581112222264
      vertex 2.4 0 36.4
      vertex 2.4 0 36.44852569502948
    endloop
  endfacet
  facet normal 0 -1 0
    outer loop
      vertex 2.25436584199313 0 36.445581112222264
      vertex 2.4 0 38.8
      vertex 0 0 38.8
    endloop
  endfacet
  facet normal 0 0 1
    outer loop
      vertex 0 0 38.8
      vertex 2.3373298618874725 2.3527414349744737 38.8
      vertex 2.3360710321864593 2.4 38.8
    endloop
  endfacet
  facet normal 1 0 0
    outer loop
      vertex 2.4 2.4 36.4
      vertex 2.4 53.81793149411678 17.738813301920892
      vertex 2.4 2.4 38.8
    endloop
  endfacet
  facet normal -1 0 0
    outer loop
      vertex 0 0 38.8
      vertex 0 54.47014387547969 16.947756125032903
      vertex 0 28.51944419233467 22.708688352866947
    endloop
  endfacet
  facet normal 1 0 0
    outer loop
      vertex 2.4 2.4 36.4
      vertex 2.4 29.113502984175888 22.496130718348965
      vertex 2.4 54.47014387547969 16.947756125032903
    endloop
  endfacet
  facet normal -1 0 0
    outer loop
      vertex 0 54.47014387547969 16.947756125032903
      vertex 0 29.294476000992137 22.387659666450475
      vertex 0 29.113502984175888 22.496130718348965
    endloop
  endfacet
  facet normal -1 0 0
    outer loop
      vertex 0 54.47014387547969 16.947756125032903
      vertex 0 29.76197247472988 21.96394556095184
      vertex 0 29.62027957955107 22.120279579551077
    endloop
  endfacet
  facet normal -1 0 0
    outer loop
      vertex 0 54.47014387547969 16.947756125032903
      vertex 0 29.62027957955107 22.120279579551077
      vertex 0 29.46394556095183 22.261972474729887
    endloop
  endfacet
  facet normal -1 0 0
    outer loop
      vertex 0 54.47014387547969 16.947756125032903
      vertex 0 29.46394556095183 22.261972474729887
      vertex 0 29.294476000992137 22.387659666450475
    endloop
  endfacet
  facet normal -1 0 0
    outer loop
      vertex 0 54.47014387547969 16.947756125032903
      vertex 0 30.249999999999993 20.6
      vertex 0 30.239647162345218 20.81073685170856
    endloop
  endfacet
  facet normal -1 0 0
    outer loop
      vertex 0 54.47014387547969 16.947756125032903
      vertex 0 30.239647162345218 20.81073685170856
      vertex 0 30.20868835286694 21.019444192334678
    endloop
  endfacet
  facet normal -1 0 0
    outer loop
      vertex 0 54.47014387547969 16.947756125032903
      vertex 0 30.20868835286694 21.019444192334678
      vertex 0 30.157421721824242 21.224112056097095
    endloop
  endfacet
  facet normal -1 0 0
    outer loop
      vertex 0 54.47014387547969 16.947756125032903
      vertex 0 30.08634099489926 21.422769379584945
      vertex 0 29.996130718348958 21.613502984175895
    endloop
  endfacet
  facet normal -1 0 0
    outer loop
      vertex 0 54.47014387547969 16.947756125032903
      vertex 0 30.157421721824242 21.224112056097095
      vertex 0 30.08634099489926 21.422769379584945
    endloop
  endfacet
  facet normal -1 0 0
    outer loop
      vertex 0 54.47014387547969 16.947756125032903
      vertex 0 29.996130718348958 21.613502984175895
      vertex 0 29.887659666450467 21.794476000992145
    endloop
  endfacet
  facet normal -1 0 0
    outer loop
      vertex 0 54.47014387547969 16.947756125032903
      vertex 0 29.887659666450467 21.794476000992145
      vertex 0 29.76197247472988 21.96394556095184
    endloop
  endfacet
  facet normal 1 0 0
    outer loop
      vertex 2.4 54.47014387547969 16.947756125032903
      vertex 2.4 29.113502984175888 22.496130718348965
      vertex 2.4 29.294476000992137 22.387659666450475
    endloop
  endfacet
  facet normal 1 0 0
    outer loop
      vertex 2.4 54.47014387547969 16.947756125032903
      vertex 2.4 29.62027957955107 22.120279579551077
      vertex 2.4 29.76197247472988 21.96394556095184
    endloop
  endfacet
  facet normal 1 0 0
    outer loop
      vertex 2.4 54.47014387547969 16.947756125032903
      vertex 2.4 29.46394556095183 22.261972474729887
      vertex 2.4 29.62027957955107 22.120279579551077
    endloop
  endfacet
  facet normal 1 0 0
    outer loop
      vertex 2.4 54.47014387547969 16.947756125032903
      vertex 2.4 29.294476000992137 22.387659666450475
      vertex 2.4 29.46394556095183 22.261972474729887
    endloop
  endfacet
  facet normal 1 0 0
    outer loop
      vertex 2.4 54.47014387547969 16.947756125032903
      vertex 2.4 30.239647162345218 20.81073685170856
      vertex 2.4 30.249999999999993 20.6
    endloop
  endfacet
  facet normal 1 0 0
    outer loop
      vertex 2.4 54.47014387547969 16.947756125032903
      vertex 2.4 30.20868835286694 21.019444192334678
      vertex 2.4 30.239647162345218 20.81073685170856
    endloop
  endfacet
  facet normal 1 0 0
    outer loop
      vertex 2.4 54.47014387547969 16.947756125032903
      vertex 2.4 30.157421721824242 21.224112056097095
      vertex 2.4 30.20868835286694 21.019444192334678
    endloop
  endfacet
  facet normal 1 0 0
    outer loop
      vertex 2.4 54.47014387547969 16.947756125032903
      vertex 2.4 29.996130718348958 21.613502984175895
      vertex 2.4 30.08634099489926 21.422769379584945
    endloop
  endfacet
  facet normal 1 0 0
    outer loop
      vertex 2.4 54.47014387547969 16.947756125032903
      vertex 2.4 30.08634099489926 21.422769379584945
      vertex 2.4 30.157421721824242 21.224112056097095
    endloop
  endfacet
  facet normal 1 0 0
    outer loop
      vertex 2.4 54.47014387547969 16.947756125032903
      vertex 2.4 29.887659666450467 21.794476000992145
      vertex 2.4 29.996130718348958 21.613502984175895
    endloop
  endfacet
  facet normal 1 0 0
    outer loop
      vertex 2.4 54.47014387547969 16.947756125032903
      vertex 2.4 29.76197247472988 21.96394556095184
      vertex 2.4 29.887659666450467 21.794476000992145
    endloop
  endfacet
  facet normal -1 0 0
    outer loop
      vertex 0 54.47014387547969 16.947756125032903
      vertex 0 28.724112056097088 22.65742172182425
      vertex 0 28.51944419233467 22.708688352866947
    endloop
  endfacet
  facet normal -1 0 0
    outer loop
      vertex 0 54.47014387547969 16.947756125032903
      vertex 0 28.92276937958494 22.586340994899267
      vertex 0 28.724112056097088 22.65742172182425
    endloop
  endfacet
  facet normal -1 0 0
    outer loop
      vertex 0 54.47014387547969 16.947756125032903
      vertex 0 29.113502984175888 22.496130718348965
      vertex 0 28.92276937958494 22.586340994899267
    endloop
  endfacet
  facet normal -1 0 0
    outer loop
      vertex 0 0 38.8
      vertex 0 54.458400076627726 16.958400076627733
      vertex 0 54.47014387547969 16.947756125032903
    endloop
  endfacet
  facet normal 1 0 0
    outer loop
      vertex 2.4 2.4 36.4
      vertex 2.4 54.47014387547969 16.947756125032903
      vertex 2.4 54.458400076627726 16.958400076627733
    endloop
  endfacet
  facet normal 1 0 0
    outer loop
      vertex 2.4 2.4 36.4
      vertex 2.4 54.458400076627726 16.958400076627733
      vertex 2.4 54.118996164202684 17.33287458717823
    endloop
  endfacet
  facet normal 1 0 0
    outer loop
      vertex 2.4 2.4 36.4
      vertex 2.4 54.118996164202684 17.33287458717823
      vertex 2.4 53.81793149411678 17.738813301920892
    endloop
  endfacet
  facet normal -1 0 0
    outer loop
      vertex 0 0 38.8
      vertex 0 54.118996164202684 17.33287458717823
      vertex 0 54.458400076627726 16.958400076627733
    endloop
  endfacet
  facet normal -1 0 0
    outer loop
      vertex 0 0 38.8
      vertex 0 53.81793149411678 17.738813301920892
      vertex 0 54.118996164202684 17.33287458717823
    endloop
  endfacet
  facet normal -1 0 0
    outer loop
      vertex 0 0 38.8
      vertex 0 53.55810548961162 18.17230680435896
      vertex 0 53.81793149411678 17.738813301920892
    endloop
  endfacet
  facet normal -1 0 0
    outer loop
      vertex 0 0 38.8
      vertex 0 53.34202040582895 18.629180325567724
      vertex 0 53.55810548961162 18.17230680435896
    endloop
  endfacet
  facet normal 1 0 0
    outer loop
      vertex 2.4 2.4 38.8
      vertex 2.4 53.81793149411678 17.738813301920892
      vertex 2.4 53.55810548961162 18.17230680435896
    endloop
  endfacet
  facet normal 1 0 0
    outer loop
      vertex 2.4 2.4 38.8
      vertex 2.4 53.55810548961162 18.17230680435896
      vertex 2.4 53.34202040582895 18.629180325567724
    endloop
  endfacet
  facet normal -1 0 0
    outer loop
      vertex 0 0 38.8
      vertex 0 53.171757271885866 19.105033910274507
      vertex 0 53.34202040582895 18.629180325567724
    endloop
  endfacet
  facet normal -1 0 0
    outer loop
      vertex 0 0 38.8
      vertex 0 53.04895580410957 19.595284840464593
      vertex 0 53.171757271885866 19.105033910274507
    endloop
  endfacet
  facet normal -1 0 0
    outer loop
      vertex 0 0 38.8
      vertex 0 52.97479865550994 20.095211727917196
      vertex 0 53.04895580410957 19.595284840464593
    endloop
  endfacet
  facet normal -1 0 0
    outer loop
      vertex 0 0 38.8
      vertex 0 52.95000000149011 20.6
      vertex 0 52.97479865550994 20.095211727917196
    endloop
  endfacet
  facet normal 1 0 0
    outer loop
      vertex 2.4 2.4 38.8
      vertex 2.4 53.34202040582895 18.629180325567724
      vertex 2.4 53.171757271885866 19.105033910274507
    endloop
  endfacet
  facet normal 1 0 0
    outer loop
      vertex 2.4 2.4 38.8
      vertex 2.4 53.171757271885866 19.105033910274507
      vertex 2.4 53.04895580410957 19.595284840464593
    endloop
  endfacet
  facet normal 1 0 0
    outer loop
      vertex 2.4 2.4 38.8
      vertex 2.4 53.04895580410957 19.595284840464593
      vertex 2.4 52.97479865550994 20.095211727917196
    endloop
  endfacet
  facet normal 1 0 0
    outer loop
      vertex 2.4 2.4 38.8
      vertex 2.4 52.97479865550994 20.095211727917196
      vertex 2.4 52.95000000149011 20.6
    endloop
  endfacet
  facet normal -1 0 0
    outer loop
      vertex 0 0 38.8
      vertex 0 52.97479865550994 21.104788272082807
      vertex 0 52.95000000149011 20.6
    endloop
  endfacet
  facet normal -1 0 0
    outer loop
      vertex 0 0 38.8
      vertex 0 53.04895580410957 21.60471515953541
      vertex 0 52.97479865550994 21.104788272082807
    endloop
  endfacet
  facet normal -1 0 0
    outer loop
      vertex 0 0 38.8
      vertex 0 53.171757271885866 22.094966089725496
      vertex 0 53.04895580410957 21.60471515953541
    endloop
  endfacet
  facet normal -1 0 0
    outer loop
      vertex 0 0 38.8
      vertex 0 53.34202040582895 22.57081967443228
      vertex 0 53.171757271885866 22.094966089725496
    endloop
  endfacet
  facet normal 1 0 0
    outer loop
      vertex 2.4 2.4 38.8
      vertex 2.4 52.95000000149011 20.6
      vertex 2.4 52.97479865550994 21.104788272082807
    endloop
  endfacet
  facet normal 1 0 0
    outer loop
      vertex 2.4 2.4 38.8
      vertex 2.4 52.97479865550994 21.104788272082807
      vertex 2.4 53.04895580410957 21.60471515953541
    endloop
  endfacet
  facet normal 1 0 0
    outer loop
      vertex 2.4 2.4 38.8
      vertex 2.4 53.04895580410957 21.60471515953541
      vertex 2.4 53.171757271885866 22.094966089725496
    endloop
  endfacet
  facet normal 1 0 0
    outer loop
      vertex 2.4 2.4 38.8
      vertex 2.4 53.171757271885866 22.094966089725496
      vertex 2.4 53.34202040582895 22.57081967443228
    endloop
  endfacet
  facet normal -1 0 0
    outer loop
      vertex 0 0 38.8
      vertex 0 53.55810548961162 23.027693195641042
      vertex 0 53.34202040582895 22.57081967443228
    endloop
  endfacet
  facet normal -1 0 0
    outer loop
      vertex 0 0 38.8
      vertex 0 53.81793149411678 23.46118669807911
      vertex 0 53.55810548961162 23.027693195641042
    endloop
  endfacet
  facet normal -1 0 0
    outer loop
      vertex 0 0 38.8
      vertex 0 54.118996164202684 23.86712541282177
      vertex 0 53.81793149411678 23.46118669807911
    endloop
  endfacet
  facet normal -1 0 0
    outer loop
      vertex 0 0 38.8
      vertex 0 54.458400076627726 24.24159992337227
      vertex 0 54.118996164202684 23.86712541282177
    endloop
  endfacet
  facet normal 1 0 0
    outer loop
      vertex 2.4 2.4 38.8
      vertex 2.4 53.34202040582895 22.57081967443228
      vertex 2.4 53.55810548961162 23.027693195641042
    endloop
  endfacet
  facet normal 1 0 0
    outer loop
      vertex 2.4 2.4 38.8
      vertex 2.4 53.55810548961162 23.027693195641042
      vertex 2.4 53.81793149411678 23.46118669807911
    endloop
  endfacet
  facet normal 1 0 0
    outer loop
      vertex 2.4 2.4 38.8
      vertex 2.4 53.81793149411678 23.46118669807911
      vertex 2.4 54.118996164202684 23.86712541282177
    endloop
  endfacet
  facet normal 1 0 0
    outer loop
      vertex 2.4 2.4 38.8
      vertex 2.4 54.118996164202684 23.86712541282177
      vertex 2.4 54.458400076627726 24.24159992337227
    endloop
  endfacet
  facet normal 0 0 1
    outer loop
      vertex 0 0 38.8
      vertex 2.3360710321864593 2.4 38.8
      vertex 0 90.1 38.8
    endloop
  endfacet
  facet normal 0 0 1
    outer loop
      vertex 2.4 2.4 38.8
      vertex 2.4 87.69999999999999 38.8
      vertex 2.3360710321864593 2.4 38.8
    endloop
  endfacet
  facet normal -1 0 0
    outer loop
      vertex 0 0 38.8
      vertex 0 54.832874587178225 24.58100383579731
      vertex 0 54.458400076627726 24.24159992337227
    endloop
  endfacet
  facet normal -1 0 0
    outer loop
      vertex 0 0 38.8
      vertex 0 55.238813301920885 24.88206850588322
      vertex 0 54.832874587178225 24.58100383579731
    endloop
  endfacet
  facet normal -1 0 0
    outer loop
      vertex 0 0 38.8
      vertex 0 55.67230680435895 25.141894510388376
      vertex 0 55.238813301920885 24.88206850588322
    endloop
  endfacet
  facet normal -1 0 0
    outer loop
      vertex 0 0 38.8
      vertex 0 56.12918032556772 25.35797959417105
      vertex 0 55.67230680435895 25.141894510388376
    endloop
  endfacet
  facet normal 1 0 0
    outer loop
      vertex 2.4 2.4 38.8
      vertex 2.4 54.458400076627726 24.24159992337227
      vertex 2.4 54.832874587178225 24.58100383579731
    endloop
  endfacet
  facet normal 1 0 0
    outer loop
      vertex 2.4 2.4 38.8
      vertex 2.4 54.832874587178225 24.58100383579731
      vertex 2.4 55.238813301920885 24.88206850588322
    endloop
  endfacet
  facet normal 1 0 0
    outer loop
      vertex 2.4 2.4 38.8
      vertex 2.4 55.238813301920885 24.88206850588322
      vertex 2.4 55.67230680435895 25.141894510388376
    endloop
  endfacet
  facet normal 1 0 0
    outer loop
      vertex 2.4 2.4 38.8
      vertex 2.4 55.67230680435895 25.141894510388376
      vertex 2.4 56.12918032556772 25.35797959417105
    endloop
  endfacet
  facet normal 1 0 0
    outer loop
      vertex 2.4 2.4 38.8
      vertex 2.4 56.12918032556772 25.35797959417105
      vertex 2.4 56.6050339102745 25.52824272811413
    endloop
  endfacet
  facet normal 1 0 0
    outer loop
      vertex 2.4 2.4 38.8
      vertex 2.4 56.6050339102745 25.52824272811413
      vertex 2.4 57.095284840464586 25.651044195890428
    endloop
  endfacet
  facet normal 1 0 0
    outer loop
      vertex 2.4 2.4 38.8
      vertex 2.4 57.095284840464586 25.651044195890428
      vertex 2.4 57.59521172791719 25.725201344490053
    endloop
  endfacet
  facet normal 1 0 0
    outer loop
      vertex 2.4 2.4 38.8
      vertex 2.4 57.59521172791719 25.725201344490053
      vertex 2.4 58.099999999999994 25.749999998509885
    endloop
  endfacet
  facet normal 1 0 0
    outer loop
      vertex 2.4 2.4 38.8
      vertex 2.4 58.099999999999994 25.749999998509885
      vertex 2.4 58.6047882720828 25.725201344490053
    endloop
  endfacet
  facet normal 1 0 0
    outer loop
      vertex 2.4 2.4 38.8
      vertex 2.4 58.6047882720828 25.725201344490053
      vertex 2.4 59.1047151595354 25.651044195890428
    endloop
  endfacet
  facet normal -1 0 0
    outer loop
      vertex 0 0 2.4
      vertex 0 58.099999999999994 13.317900000512601
      vertex 0 90.1 2.4
    endloop
  endfacet
  facet normal 1 0 0
    outer loop
      vertex 2.4 0 2.4
      vertex 2.4 90.1 2.4
      vertex 2.4 58.099999999999994 13.317900000512601
    endloop
  endfacet
  facet normal 0 0 -1
    outer loop
      vertex 0 0 0
      vertex 0 90.1 0
      vertex 2.4 90.1 0
    endloop
  endfacet
  facet normal -1 0 0
    outer loop
      vertex 0 54.47014387547969 16.947756125032903
      vertex 0 58.099999999999994 13.317900000512601
      vertex 0 28.099999999999994 18.450000000000003
    endloop
  endfacet
  facet normal 1 0 0
    outer loop
      vertex 2.4 54.47014387547969 16.947756125032903
      vertex 2.4 28.92276937958494 18.613659005100736
      vertex 2.4 58.099999999999994 13.317900000512601
    endloop
  endfacet
  facet normal 1 0 0
    outer loop
      vertex 2.4 58.099999999999994 13.317900000512601
      vertex 2.4 74.98055580766531 18.491311647133056
      vertex 2.4 61.729856124520296 16.947756125032903
    endloop
  endfacet
  facet normal -1 0 0
    outer loop
      vertex 0 62.38206850588321 17.738813301920892
      vertex 0 74.03605443904816 18.938027525270115
      vertex 0 62.081003835797304 17.33287458717823
    endloop
  endfacet
  facet normal 1 0 0
    outer loop
      vertex 2.4 61.729856124520296 16.947756125032903
      vertex 2.4 74.7758879439029 18.542578278175753
      vertex 2.4 61.74159992337226 16.958400076627733
    endloop
  endfacet
  facet normal 1 0 0
    outer loop
      vertex 2.4 61.74159992337226 16.958400076627733
      vertex 2.4 74.38649701582409 18.703869281651038
      vertex 2.4 62.081003835797304 17.33287458717823
    endloop
  endfacet
  facet normal 1 0 0
    outer loop
      vertex 2.4 62.081003835797304 17.33287458717823
      vertex 2.4 74.20552399900785 18.81234033354953
      vertex 2.4 62.38206850588321 17.738813301920892
    endloop
  endfacet
  facet normal -1 0 0
    outer loop
      vertex 0 62.64189451038837 18.17230680435896
      vertex 0 73.73802752527011 19.236054439048164
      vertex 0 62.38206850588321 17.738813301920892
    endloop
  endfacet
  facet normal -1 0 0
    outer loop
      vertex 0 62.85797959417104 18.629180325567724
      vertex 0 73.61234033354953 19.40552399900786
      vertex 0 62.64189451038837 18.17230680435896
    endloop
  endfacet
  facet normal -1 0 0
    outer loop
      vertex 0 63.02824272811412 19.105033910274507
      vertex 0 73.50386928165103 19.586497015824108
      vertex 0 62.85797959417104 18.629180325567724
    endloop
  endfacet
  facet normal 1 0 0
    outer loop
      vertex 2.4 62.38206850588321 17.738813301920892
      vertex 2.4 73.87972042044892 19.079720420448925
      vertex 2.4 62.64189451038837 18.17230680435896
    endloop
  endfacet
  facet normal 1 0 0
    outer loop
      vertex 2.4 62.64189451038837 18.17230680435896
      vertex 2.4 73.61234033354953 19.40552399900786
      vertex 2.4 62.85797959417104 18.629180325567724
    endloop
  endfacet
  facet normal 1 0 0
    outer loop
      vertex 2.4 62.85797959417104 18.629180325567724
      vertex 2.4 73.50386928165103 19.586497015824108
      vertex 2.4 63.02824272811412 19.105033910274507
    endloop
  endfacet
  facet normal 0 1 0
    outer loop
      vertex 0 90.1 0
      vertex 2.2515463917525773 90.1 2.4
      vertex 2.4 90.1 0
    endloop
  endfacet
  facet normal -1 0 0
    outer loop
      vertex 0 90.1 2.4
      vertex 0 58.099999999999994 13.317900000512601
      vertex 0 61.729856124520296 16.947756125032903
    endloop
  endfacet
  facet normal -1 0 0
    outer loop
      vertex 0 90.1 2.4
      vertex 0 61.729856124520296 16.947756125032903
      vertex 0 61.74159992337226 16.958400076627733
    endloop
  endfacet
  facet normal -1 0 0
    outer loop
      vertex 0 90.1 2.4
      vertex 0 61.74159992337226 16.958400076627733
      vertex 0 62.081003835797304 17.33287458717823
    endloop
  endfacet
  facet normal 1 0 0
    outer loop
      vertex 2.4 90.1 2.4
      vertex 2.4 75.39999999999999 18.450000000000003
      vertex 2.4 58.099999999999994 13.317900000512601
    endloop
  endfacet
  facet normal -1 0 0
    outer loop
      vertex 0 90.1 2.4
      vertex 0 62.081003835797304 17.33287458717823
      vertex 0 74.03605443904816 18.938027525270115
    endloop
  endfacet
  facet normal 1 0 0
    outer loop
      vertex 2.4 58.099999999999994 13.317900000512601
      vertex 2.4 75.18926314829143 18.460352837654778
      vertex 2.4 74.98055580766531 18.491311647133056
    endloop
  endfacet
  facet normal 1 0 0
    outer loop
      vertex 2.4 58.099999999999994 13.317900000512601
      vertex 2.4 75.39999999999999 18.450000000000003
      vertex 2.4 75.18926314829143 18.460352837654778
    endloop
  endfacet
  facet normal 1 0 0
    outer loop
      vertex 2.4 61.74159992337226 16.958400076627733
      vertex 2.4 74.57723062041505 18.613659005100736
      vertex 2.4 74.38649701582409 18.703869281651038
    endloop
  endfacet
  facet normal 1 0 0
    outer loop
      vertex 2.4 61.74159992337226 16.958400076627733
      vertex 2.4 74.7758879439029 18.542578278175753
      vertex 2.4 74.57723062041505 18.613659005100736
    endloop
  endfacet
  facet normal -1 0 0
    outer loop
      vertex 0 73.73802752527011 19.236054439048164
      vertex 0 73.87972042044892 19.079720420448925
      vertex 0 62.38206850588321 17.738813301920892
    endloop
  endfacet
  facet normal -1 0 0
    outer loop
      vertex 0 74.03605443904816 18.938027525270115
      vertex 0 62.38206850588321 17.738813301920892
      vertex 0 73.87972042044892 19.079720420448925
    endloop
  endfacet
  facet normal -1 0 0
    outer loop
      vertex 0 62.64189451038837 18.17230680435896
      vertex 0 73.61234033354953 19.40552399900786
      vertex 0 73.73802752527011 19.236054439048164
    endloop
  endfacet
  facet normal -1 0 0
    outer loop
      vertex 0 73.61234033354953 19.40552399900786
      vertex 0 62.85797959417104 18.629180325567724
      vertex 0 73.50386928165103 19.586497015824108
    endloop
  endfacet
  facet normal 1 0 0
    outer loop
      vertex 2.4 62.081003835797304 17.33287458717823
      vertex 2.4 74.38649701582409 18.703869281651038
      vertex 2.4 74.20552399900785 18.81234033354953
    endloop
  endfacet
  facet normal 1 0 0
    outer loop
      vertex 2.4 74.20552399900785 18.81234033354953
      vertex 2.4 74.03605443904816 18.938027525270115
      vertex 2.4 62.38206850588321 17.738813301920892
    endloop
  endfacet
  facet normal 1 0 0
    outer loop
      vertex 2.4 62.38206850588321 17.738813301920892
      vertex 2.4 74.03605443904816 18.938027525270115
      vertex 2.4 73.87972042044892 19.079720420448925
    endloop
  endfacet
  facet normal 1 0 0
    outer loop
      vertex 2.4 62.64189451038837 18.17230680435896
      vertex 2.4 73.73802752527011 19.236054439048164
      vertex 2.4 73.61234033354953 19.40552399900786
    endloop
  endfacet
  facet normal 1 0 0
    outer loop
      vertex 2.4 62.64189451038837 18.17230680435896
      vertex 2.4 73.87972042044892 19.079720420448925
      vertex 2.4 73.73802752527011 19.236054439048164
    endloop
  endfacet
  facet normal 1 0 0
    outer loop
      vertex 2.4 62.85797959417104 18.629180325567724
      vertex 2.4 73.61234033354953 19.40552399900786
      vertex 2.4 73.50386928165103 19.586497015824108
    endloop
  endfacet
  facet normal 1 0 0
    outer loop
      vertex 2.4 74.7758879439029 18.542578278175753
      vertex 2.4 61.729856124520296 16.947756125032903
      vertex 2.4 74.98055580766531 18.491311647133056
    endloop
  endfacet
  facet normal -1 0 0
    outer loop
      vertex 0 90.1 2.4
      vertex 0 74.57723062041505 18.613659005100736
      vertex 0 74.7758879439029 18.542578278175753
    endloop
  endfacet
  facet normal -1 0 0
    outer loop
      vertex 0 90.1 2.4
      vertex 0 74.38649701582409 18.703869281651038
      vertex 0 74.57723062041505 18.613659005100736
    endloop
  endfacet
  facet normal -1 0 0
    outer loop
      vertex 0 90.1 2.4
      vertex 0 74.20552399900785 18.81234033354953
      vertex 0 74.38649701582409 18.703869281651038
    endloop
  endfacet
  facet normal -1 0 0
    outer loop
      vertex 0 90.1 2.4
      vertex 0 74.7758879439029 18.542578278175753
      vertex 0 74.98055580766531 18.491311647133056
    endloop
  endfacet
  facet normal -1 0 0
    outer loop
      vertex 0 90.1 2.4
      vertex 0 75.18926314829143 18.460352837654778
      vertex 0 75.39999999999999 18.450000000000003
    endloop
  endfacet
  facet normal -1 0 0
    outer loop
      vertex 0 90.1 2.4
      vertex 0 74.98055580766531 18.491311647133056
      vertex 0 75.18926314829143 18.460352837654778
    endloop
  endfacet
  facet normal -1 0 0
    outer loop
      vertex 0 90.1 2.4
      vertex 0 74.03605443904816 18.938027525270115
      vertex 0 74.20552399900785 18.81234033354953
    endloop
  endfacet
  facet normal -1 0 0
    outer loop
      vertex 0 90.1 2.4
      vertex 0 75.39999999999999 18.450000000000003
      vertex 0 83.6 18.450000000000003
    endloop
  endfacet
  facet normal 1 0 0
    outer loop
      vertex 2.4 90.1 2.4
      vertex 2.4 83.6 18.450000000000003
      vertex 2.4 75.39999999999999 18.450000000000003
    endloop
  endfacet
  facet normal -1 0 0
    outer loop
      vertex 0 90.1 2.4
      vertex 0 83.6 18.450000000000003
      vertex 0 83.81073685170855 18.460352837654778
    endloop
  endfacet
  facet normal -1 0 0
    outer loop
      vertex 0 90.1 2.4
      vertex 0 83.81073685170855 18.460352837654778
      vertex 0 84.01944419233467 18.491311647133056
    endloop
  endfacet
  facet normal -1 0 0
    outer loop
      vertex 0 90.1 2.4
      vertex 0 84.01944419233467 18.491311647133056
      vertex 0 84.22411205609708 18.542578278175753
    endloop
  endfacet
  facet normal -1 0 0
    outer loop
      vertex 0 90.1 2.4
      vertex 0 84.22411205609708 18.542578278175753
      vertex 0 84.42276937958493 18.613659005100736
    endloop
  endfacet
  facet normal -1 0 0
    outer loop
      vertex 0 90.1 2.4
      vertex 0 84.42276937958493 18.613659005100736
      vertex 0 84.6135029841759 18.703869281651038
    endloop
  endfacet
  facet normal -1 0 0
    outer loop
      vertex 0 90.1 2.4
      vertex 0 84.6135029841759 18.703869281651038
      vertex 0 84.79447600099213 18.81234033354953
    endloop
  endfacet
  facet normal 1 0 0
    outer loop
      vertex 2.4 90.1 2.4
      vertex 2.4 83.81073685170855 18.460352837654778
      vertex 2.4 83.6 18.450000000000003
    endloop
  endfacet
  facet normal 1 0 0
    outer loop
      vertex 2.4 90.1 2.4
      vertex 2.4 84.01944419233467 18.491311647133056
      vertex 2.4 83.81073685170855 18.460352837654778
    endloop
  endfacet
  facet normal 1 0 0
    outer loop
      vertex 2.4 90.1 2.4
      vertex 2.4 84.22411205609708 18.542578278175753
      vertex 2.4 84.01944419233467 18.491311647133056
    endloop
  endfacet
  facet normal 1 0 0
    outer loop
      vertex 2.4 90.1 2.4
      vertex 2.4 84.42276937958493 18.613659005100736
      vertex 2.4 84.22411205609708 18.542578278175753
    endloop
  endfacet
  facet normal 1 0 0
    outer loop
      vertex 2.4 90.1 2.4
      vertex 2.4 84.6135029841759 18.703869281651038
      vertex 2.4 84.42276937958493 18.613659005100736
    endloop
  endfacet
  facet normal 1 0 0
    outer loop
      vertex 2.4 90.1 2.4
      vertex 2.4 84.79447600099213 18.81234033354953
      vertex 2.4 84.6135029841759 18.703869281651038
    endloop
  endfacet
  facet normal -1 0 0
    outer loop
      vertex 0 90.1 2.4
      vertex 0 84.79447600099213 18.81234033354953
      vertex 0 84.96394556095183 18.938027525270115
    endloop
  endfacet
  facet normal -1 0 0
    outer loop
      vertex 0 90.1 2.4
      vertex 0 84.96394556095183 18.938027525270115
      vertex 0 85.12027957955107 19.079720420448925
    endloop
  endfacet
  facet normal -1 0 0
    outer loop
      vertex 0 90.1 2.4
      vertex 0 85.12027957955107 19.079720420448925
      vertex 0 85.26197247472987 19.236054439048164
    endloop
  endfacet
  facet normal -1 0 0
    outer loop
      vertex 0 90.1 2.4
      vertex 0 85.26197247472987 19.236054439048164
      vertex 0 85.38765966645046 19.40552399900786
    endloop
  endfacet
  facet normal -1 0 0
    outer loop
      vertex 0 90.1 2.4
      vertex 0 85.38765966645046 19.40552399900786
      vertex 0 85.49613071834895 19.586497015824108
    endloop
  endfacet
  facet normal -1 0 0
    outer loop
      vertex 0 90.1 2.4
      vertex 0 85.49613071834895 19.586497015824108
      vertex 0 85.58634099489926 19.777230620415057
    endloop
  endfacet
  facet normal -1 0 0
    outer loop
      vertex 0 90.1 2.4
      vertex 0 85.58634099489926 19.777230620415057
      vertex 0 85.65742172182425 19.975887943902908
    endloop
  endfacet
  facet normal -1 0 0
    outer loop
      vertex 0 90.1 2.4
      vertex 0 85.65742172182425 19.975887943902908
      vertex 0 85.70868835286694 20.180555807665325
    endloop
  endfacet
  facet normal 1 0 0
    outer loop
      vertex 2.4 90.1 2.4
      vertex 2.4 84.96394556095183 18.938027525270115
      vertex 2.4 84.79447600099213 18.81234033354953
    endloop
  endfacet
  facet normal 1 0 0
    outer loop
      vertex 2.4 90.1 2.4
      vertex 2.4 85.12027957955107 19.079720420448925
      vertex 2.4 84.96394556095183 18.938027525270115
    endloop
  endfacet
  facet normal 1 0 0
    outer loop
      vertex 2.4 90.1 2.4
      vertex 2.4 85.26197247472987 19.236054439048164
      vertex 2.4 85.12027957955107 19.079720420448925
    endloop
  endfacet
  facet normal 1 0 0
    outer loop
      vertex 2.4 90.1 2.4
      vertex 2.4 85.38765966645046 19.40552399900786
      vertex 2.4 85.26197247472987 19.236054439048164
    endloop
  endfacet
  facet normal 1 0 0
    outer loop
      vertex 2.4 90.1 2.4
      vertex 2.4 85.49613071834895 19.586497015824108
      vertex 2.4 85.38765966645046 19.40552399900786
    endloop
  endfacet
  facet normal 1 0 0
    outer loop
      vertex 2.4 90.1 2.4
      vertex 2.4 85.58634099489926 19.777230620415057
      vertex 2.4 85.49613071834895 19.586497015824108
    endloop
  endfacet
  facet normal 1 0 0
    outer loop
      vertex 2.4 90.1 2.4
      vertex 2.4 85.65742172182425 19.975887943902908
      vertex 2.4 85.58634099489926 19.777230620415057
    endloop
  endfacet
  facet normal 1 0 0
    outer loop
      vertex 2.4 90.1 2.4
      vertex 2.4 85.70868835286694 20.180555807665325
      vertex 2.4 85.65742172182425 19.975887943902908
    endloop
  endfacet
  facet normal 1 0 0
    outer loop
      vertex 2.4 90.1 2.4
      vertex 2.4 85.73964716234522 20.389263148291445
      vertex 2.4 85.70868835286694 20.180555807665325
    endloop
  endfacet
  facet normal 1 0 0
    outer loop
      vertex 2.4 90.1 2.4
      vertex 2.4 85.75 20.6
      vertex 2.4 85.73964716234522 20.389263148291445
    endloop
  endfacet
  facet normal 0 1 0
    outer loop
      vertex 0 90.1 0
      vertex 0 90.1 2.4
      vertex 0.139970683852371 90.1 36.53714061105333
    endloop
  endfacet
  facet normal 0 1 0
    outer loop
      vertex 0 90.1 0
      vertex 0.1484536082474226 90.1 36.4
      vertex 2.2515463917525773 90.1 2.4
    endloop
  endfacet
  facet normal 0 1 0
    outer loop
      vertex 2.2515463917525773 90.1 2.4
      vertex 2.4 90.1 36.4
      vertex 2.4 90.1 2.4
    endloop
  endfacet
  facet normal 1 0 0
    outer loop
      vertex 2.4 2.4 38.8
      vertex 2.4 59.1047151595354 25.651044195890428
      vertex 2.4 74.20552399900785 22.387659666450475
    endloop
  endfacet
  facet normal 1 0 0
    outer loop
      vertex 2.4 2.4 38.8
      vertex 2.4 74.20552399900785 22.387659666450475
      vertex 2.4 74.38649701582409 22.496130718348965
    endloop
  endfacet
  facet normal 1 0 0
    outer loop
      vertex 2.4 2.4 38.8
      vertex 2.4 74.38649701582409 22.496130718348965
      vertex 2.4 74.57723062041505 22.586340994899267
    endloop
  endfacet
  facet normal 1 0 0
    outer loop
      vertex 2.4 2.4 38.8
      vertex 2.4 74.57723062041505 22.586340994899267
      vertex 2.4 74.7758879439029 22.65742172182425
    endloop
  endfacet
  facet normal 1 0 0
    outer loop
      vertex 2.4 2.4 38.8
      vertex 2.4 74.7758879439029 22.65742172182425
      vertex 2.4 74.98055580766531 22.708688352866947
    endloop
  endfacet
  facet normal 1 0 0
    outer loop
      vertex 2.4 2.4 38.8
      vertex 2.4 74.98055580766531 22.708688352866947
      vertex 2.4 75.18926314829143 22.739647162345225
    endloop
  endfacet
  facet normal -1 0 0
    outer loop
      vertex 0 63.15104419589042 19.595284840464593
      vertex 0 73.34257827817574 19.975887943902908
      vertex 0 63.02824272811412 19.105033910274507
    endloop
  endfacet
  facet normal -1 0 0
    outer loop
      vertex 0 63.225201344490046 20.095211727917196
      vertex 0 73.29131164713304 20.180555807665325
      vertex 0 63.15104419589042 19.595284840464593
    endloop
  endfacet
  facet normal -1 0 0
    outer loop
      vertex 0 63.24999999850988 20.6
      vertex 0 73.26035283765476 20.389263148291445
      vertex 0 63.225201344490046 20.095211727917196
    endloop
  endfacet
  facet normal 1 0 0
    outer loop
      vertex 2.4 63.02824272811412 19.105033910274507
      vertex 2.4 73.34257827817574 19.975887943902908
      vertex 2.4 63.15104419589042 19.595284840464593
    endloop
  endfacet
  facet normal 1 0 0
    outer loop
      vertex 2.4 63.15104419589042 19.595284840464593
      vertex 2.4 73.26035283765476 20.389263148291445
      vertex 2.4 63.225201344490046 20.095211727917196
    endloop
  endfacet
  facet normal 1 0 0
    outer loop
      vertex 2.4 63.225201344490046 20.095211727917196
      vertex 2.4 73.24999999999999 20.6
      vertex 2.4 63.24999999850988 20.6
    endloop
  endfacet
  facet normal -1 0 0
    outer loop
      vertex 0 63.225201344490046 21.104788272082807
      vertex 0 73.24999999999999 20.6
      vertex 0 63.24999999850988 20.6
    endloop
  endfacet
  facet normal -1 0 0
    outer loop
      vertex 0 63.15104419589042 21.60471515953541
      vertex 0 73.29131164713304 21.019444192334678
      vertex 0 63.225201344490046 21.104788272082807
    endloop
  endfacet
  facet normal -1 0 0
    outer loop
      vertex 0 63.02824272811412 22.094966089725496
      vertex 0 73.34257827817574 21.224112056097095
      vertex 0 63.15104419589042 21.60471515953541
    endloop
  endfacet
  facet normal 1 0 0
    outer loop
      vertex 2.4 63.24999999850988 20.6
      vertex 2.4 73.26035283765476 20.81073685170856
      vertex 2.4 63.225201344490046 21.104788272082807
    endloop
  endfacet
  facet normal 1 0 0
    outer loop
      vertex 2.4 63.225201344490046 21.104788272082807
      vertex 2.4 73.34257827817574 21.224112056097095
      vertex 2.4 63.15104419589042 21.60471515953541
    endloop
  endfacet
  facet normal 1 0 0
    outer loop
      vertex 2.4 63.15104419589042 21.60471515953541
      vertex 2.4 73.41365900510073 21.422769379584945
      vertex 2.4 63.02824272811412 22.094966089725496
    endloop
  endfacet
  facet normal -1 0 0
    outer loop
      vertex 0 62.85797959417104 22.57081967443228
      vertex 0 73.50386928165103 21.613502984175895
      vertex 0 63.02824272811412 22.094966089725496
    endloop
  endfacet
  facet normal -1 0 0
    outer loop
      vertex 0 62.64189451038837 23.027693195641042
      vertex 0 73.61234033354953 21.794476000992145
      vertex 0 62.85797959417104 22.57081967443228
    endloop
  endfacet
  facet normal -1 0 0
    outer loop
      vertex 0 62.38206850588321 23.46118669807911
      vertex 0 73.73802752527011 21.96394556095184
      vertex 0 62.64189451038837 23.027693195641042
    endloop
  endfacet
  facet normal 1 0 0
    outer loop
      vertex 2.4 63.02824272811412 22.094966089725496
      vertex 2.4 73.50386928165103 21.613502984175895
      vertex 2.4 62.85797959417104 22.57081967443228
    endloop
  endfacet
  facet normal 1 0 0
    outer loop
      vertex 2.4 62.85797959417104 22.57081967443228
      vertex 2.4 73.73802752527011 21.96394556095184
      vertex 2.4 62.64189451038837 23.027693195641042
    endloop
  endfacet
  facet normal 1 0 0
    outer loop
      vertex 2.4 62.64189451038837 23.027693195641042
      vertex 2.4 73.87972042044892 22.120279579551077
      vertex 2.4 62.38206850588321 23.46118669807911
    endloop
  endfacet
  facet normal -1 0 0
    outer loop
      vertex 0 62.081003835797304 23.86712541282177
      vertex 0 74.03605443904816 22.261972474729887
      vertex 0 62.38206850588321 23.46118669807911
    endloop
  endfacet
  facet normal -1 0 0
    outer loop
      vertex 0 61.74159992337226 24.24159992337227
      vertex 0 74.20552399900785 22.387659666450475
      vertex 0 62.081003835797304 23.86712541282177
    endloop
  endfacet
  facet normal 1 0 0
    outer loop
      vertex 2.4 62.38206850588321 23.46118669807911
      vertex 2.4 74.03605443904816 22.261972474729887
      vertex 2.4 62.081003835797304 23.86712541282177
    endloop
  endfacet
  facet normal 1 0 0
    outer loop
      vertex 2.4 62.081003835797304 23.86712541282177
      vertex 2.4 74.20552399900785 22.387659666450475
      vertex 2.4 61.74159992337226 24.24159992337227
    endloop
  endfacet
  facet normal 1 0 0
    outer loop
      vertex 2.4 60.9611866980791 24.88206850588322
      vertex 2.4 74.20552399900785 22.387659666450475
      vertex 2.4 60.527693195641035 25.141894510388376
    endloop
  endfacet
  facet normal 1 0 0
    outer loop
      vertex 2.4 61.74159992337226 24.24159992337227
      vertex 2.4 74.20552399900785 22.387659666450475
      vertex 2.4 61.367125412821764 24.58100383579731
    endloop
  endfacet
  facet normal 1 0 0
    outer loop
      vertex 2.4 61.367125412821764 24.58100383579731
      vertex 2.4 74.20552399900785 22.387659666450475
      vertex 2.4 60.9611866980791 24.88206850588322
    endloop
  endfacet
  facet normal 1 0 0
    outer loop
      vertex 2.4 59.59496608972549 25.52824272811413
      vertex 2.4 74.20552399900785 22.387659666450475
      vertex 2.4 59.1047151595354 25.651044195890428
    endloop
  endfacet
  facet normal 1 0 0
    outer loop
      vertex 2.4 60.07081967443227 25.35797959417105
      vertex 2.4 74.20552399900785 22.387659666450475
      vertex 2.4 59.59496608972549 25.52824272811413
    endloop
  endfacet
  facet normal 1 0 0
    outer loop
      vertex 2.4 60.527693195641035 25.141894510388376
      vertex 2.4 74.20552399900785 22.387659666450475
      vertex 2.4 60.07081967443227 25.35797959417105
    endloop
  endfacet
  facet normal 1 0 0
    outer loop
      vertex 2.4 2.4 38.8
      vertex 2.4 75.18926314829143 22.739647162345225
      vertex 2.4 87.69999999999999 36.4
    endloop
  endfacet
  facet normal -1 0 0
    outer loop
      vertex 0 0 38.8
      vertex 0 90.1 38.8
      vertex 0 56.12918032556772 25.35797959417105
    endloop
  endfacet
  facet normal 0 0 1
    outer loop
      vertex 2.3360710321864593 2.4 38.8
      vertex 2.4 87.69999999999999 38.8
      vertex 0 90.1 38.8
    endloop
  endfacet
  facet normal 1 0 0
    outer loop
      vertex 2.4 2.4 38.8
      vertex 2.4 87.69999999999999 36.4
      vertex 2.4 87.69999999999999 38.8
    endloop
  endfacet
  facet normal -1 0 0
    outer loop
      vertex 0 73.50386928165103 19.586497015824108
      vertex 0 63.02824272811412 19.105033910274507
      vertex 0 73.41365900510073 19.777230620415057
    endloop
  endfacet
  facet normal -1 0 0
    outer loop
      vertex 0 73.41365900510073 19.777230620415057
      vertex 0 63.02824272811412 19.105033910274507
      vertex 0 73.34257827817574 19.975887943902908
    endloop
  endfacet
  facet normal -1 0 0
    outer loop
      vertex 0 63.15104419589042 19.595284840464593
      vertex 0 73.29131164713304 20.180555807665325
      vertex 0 73.34257827817574 19.975887943902908
    endloop
  endfacet
  facet normal -1 0 0
    outer loop
      vertex 0 73.29131164713304 20.180555807665325
      vertex 0 63.225201344490046 20.095211727917196
      vertex 0 73.26035283765476 20.389263148291445
    endloop
  endfacet
  facet normal -1 0 0
    outer loop
      vertex 0 63.24999999850988 20.6
      vertex 0 73.24999999999999 20.6
      vertex 0 73.26035283765476 20.389263148291445
    endloop
  endfacet
  facet normal 1 0 0
    outer loop
      vertex 2.4 73.41365900510073 19.777230620415057
      vertex 2.4 63.02824272811412 19.105033910274507
      vertex 2.4 73.50386928165103 19.586497015824108
    endloop
  endfacet
  facet normal 1 0 0
    outer loop
      vertex 2.4 63.02824272811412 19.105033910274507
      vertex 2.4 73.41365900510073 19.777230620415057
      vertex 2.4 73.34257827817574 19.975887943902908
    endloop
  endfacet
  facet normal 1 0 0
    outer loop
      vertex 2.4 63.15104419589042 19.595284840464593
      vertex 2.4 73.34257827817574 19.975887943902908
      vertex 2.4 73.29131164713304 20.180555807665325
    endloop
  endfacet
  facet normal 1 0 0
    outer loop
      vertex 2.4 63.15104419589042 19.595284840464593
      vertex 2.4 73.29131164713304 20.180555807665325
      vertex 2.4 73.26035283765476 20.389263148291445
    endloop
  endfacet
  facet normal 1 0 0
    outer loop
      vertex 2.4 63.225201344490046 20.095211727917196
      vertex 2.4 73.26035283765476 20.389263148291445
      vertex 2.4 73.24999999999999 20.6
    endloop
  endfacet
  facet normal -1 0 0
    outer loop
      vertex 0 63.225201344490046 21.104788272082807
      vertex 0 73.26035283765476 20.81073685170856
      vertex 0 73.24999999999999 20.6
    endloop
  endfacet
  facet normal -1 0 0
    outer loop
      vertex 0 63.225201344490046 21.104788272082807
      vertex 0 73.29131164713304 21.019444192334678
      vertex 0 73.26035283765476 20.81073685170856
    endloop
  endfacet
  facet normal -1 0 0
    outer loop
      vertex 0 63.15104419589042 21.60471515953541
      vertex 0 73.34257827817574 21.224112056097095
      vertex 0 73.29131164713304 21.019444192334678
    endloop
  endfacet
  facet normal -1 0 0
    outer loop
      vertex 0 63.02824272811412 22.094966089725496
      vertex 0 73.41365900510073 21.422769379584945
      vertex 0 73.34257827817574 21.224112056097095
    endloop
  endfacet
  facet normal -1 0 0
    outer loop
      vertex 0 73.41365900510073 21.422769379584945
      vertex 0 63.02824272811412 22.094966089725496
      vertex 0 73.50386928165103 21.613502984175895
    endloop
  endfacet
  facet normal 1 0 0
    outer loop
      vertex 2.4 63.24999999850988 20.6
      vertex 2.4 73.24999999999999 20.6
      vertex 2.4 73.26035283765476 20.81073685170856
    endloop
  endfacet
  facet normal 1 0 0
    outer loop
      vertex 2.4 73.26035283765476 20.81073685170856
      vertex 2.4 73.29131164713304 21.019444192334678
      vertex 2.4 63.225201344490046 21.104788272082807
    endloop
  endfacet
  facet normal 1 0 0
    outer loop
      vertex 2.4 63.225201344490046 21.104788272082807
      vertex 2.4 73.29131164713304 21.019444192334678
      vertex 2.4 73.34257827817574 21.224112056097095
    endloop
  endfacet
  facet normal 1 0 0
    outer loop
      vertex 2.4 63.15104419589042 21.60471515953541
      vertex 2.4 73.34257827817574 21.224112056097095
      vertex 2.4 73.41365900510073 21.422769379584945
    endloop
  endfacet
  facet normal 1 0 0
    outer loop
      vertex 2.4 73.50386928165103 21.613502984175895
      vertex 2.4 63.02824272811412 22.094966089725496
      vertex 2.4 73.41365900510073 21.422769379584945
    endloop
  endfacet
  facet normal -1 0 0
    outer loop
      vertex 0 73.61234033354953 21.794476000992145
      vertex 0 73.50386928165103 21.613502984175895
      vertex 0 62.85797959417104 22.57081967443228
    endloop
  endfacet
  facet normal -1 0 0
    outer loop
      vertex 0 73.73802752527011 21.96394556095184
      vertex 0 73.61234033354953 21.794476000992145
      vertex 0 62.64189451038837 23.027693195641042
    endloop
  endfacet
  facet normal -1 0 0
    outer loop
      vertex 0 62.38206850588321 23.46118669807911
      vertex 0 73.87972042044892 22.120279579551077
      vertex 0 73.73802752527011 21.96394556095184
    endloop
  endfacet
  facet normal -1 0 0
    outer loop
      vertex 0 73.87972042044892 22.120279579551077
      vertex 0 62.38206850588321 23.46118669807911
      vertex 0 74.03605443904816 22.261972474729887
    endloop
  endfacet
  facet normal -1 0 0
    outer loop
      vertex 0 74.03605443904816 22.261972474729887
      vertex 0 62.081003835797304 23.86712541282177
      vertex 0 74.20552399900785 22.387659666450475
    endloop
  endfacet
  facet normal 1 0 0
    outer loop
      vertex 2.4 73.50386928165103 21.613502984175895
      vertex 2.4 73.61234033354953 21.794476000992145
      vertex 2.4 62.85797959417104 22.57081967443228
    endloop
  endfacet
  facet normal 1 0 0
    outer loop
      vertex 2.4 62.85797959417104 22.57081967443228
      vertex 2.4 73.61234033354953 21.794476000992145
      vertex 2.4 73.73802752527011 21.96394556095184
    endloop
  endfacet
  facet normal 1 0 0
    outer loop
      vertex 2.4 62.64189451038837 23.027693195641042
      vertex 2.4 73.73802752527011 21.96394556095184
      vertex 2.4 73.87972042044892 22.120279579551077
    endloop
  endfacet
  facet normal 1 0 0
    outer loop
      vertex 2.4 74.03605443904816 22.261972474729887
      vertex 2.4 62.38206850588321 23.46118669807911
      vertex 2.4 73.87972042044892 22.120279579551077
    endloop
  endfacet
  facet normal 1 0 0
    outer loop
      vertex 2.4 74.20552399900785 22.387659666450475
      vertex 2.4 62.081003835797304 23.86712541282177
      vertex 2.4 74.03605443904816 22.261972474729887
    endloop
  endfacet
  facet normal -1 0 0
    outer loop
      vertex 0 90.1 38.8
      vertex 0 74.20552399900785 22.387659666450475
      vertex 0 61.74159992337226 24.24159992337227
    endloop
  endfacet
  facet normal -1 0 0
    outer loop
      vertex 0 90.1 2.4
      vertex 0 85.70868835286694 20.180555807665325
      vertex 0 90.1 38.8
    endloop
  endfacet
  facet normal 1 0 0
    outer loop
      vertex 2.4 90.1 2.4
      vertex 2.4 87.69999999999999 36.4
      vertex 2.4 85.75 20.6
    endloop
  endfacet
  facet normal 1 0 0
    outer loop
      vertex 2.4 87.69999999999999 36.4
      vertex 2.4 75.18926314829143 22.739647162345225
      vertex 2.4 75.39999999999999 22.75
    endloop
  endfacet
  facet normal -1 0 0
    outer loop
      vertex 0 90.1 38.8
      vertex 0 74.38649701582409 22.496130718348965
      vertex 0 74.20552399900785 22.387659666450475
    endloop
  endfacet
  facet normal -1 0 0
    outer loop
      vertex 0 90.1 38.8
      vertex 0 74.57723062041505 22.586340994899267
      vertex 0 74.38649701582409 22.496130718348965
    endloop
  endfacet
  facet normal -1 0 0
    outer loop
      vertex 0 90.1 38.8
      vertex 0 74.7758879439029 22.65742172182425
      vertex 0 74.57723062041505 22.586340994899267
    endloop
  endfacet
  facet normal -1 0 0
    outer loop
      vertex 0 90.1 38.8
      vertex 0 74.98055580766531 22.708688352866947
      vertex 0 74.7758879439029 22.65742172182425
    endloop
  endfacet
  facet normal -1 0 0
    outer loop
      vertex 0 90.1 38.8
      vertex 0 75.18926314829143 22.739647162345225
      vertex 0 74.98055580766531 22.708688352866947
    endloop
  endfacet
  facet normal -1 0 0
    outer loop
      vertex 0 90.1 38.8
      vertex 0 75.39999999999999 22.75
      vertex 0 75.18926314829143 22.739647162345225
    endloop
  endfacet
  facet normal 1 0 0
    outer loop
      vertex 2.4 87.69999999999999 36.4
      vertex 2.4 75.39999999999999 22.75
      vertex 2.4 83.6 22.75
    endloop
  endfacet
  facet normal -1 0 0
    outer loop
      vertex 0 90.1 38.8
      vertex 0 83.6 22.75
      vertex 0 75.39999999999999 22.75
    endloop
  endfacet
  facet normal -1 0 0
    outer loop
      vertex 0 90.1 38.8
      vertex 0 85.70868835286694 20.180555807665325
      vertex 0 85.73964716234522 20.389263148291445
    endloop
  endfacet
  facet normal -1 0 0
    outer loop
      vertex 0 90.1 38.8
      vertex 0 85.73964716234522 20.389263148291445
      vertex 0 85.75 20.6
    endloop
  endfacet
  facet normal 1 0 0
    outer loop
      vertex 2.4 87.69999999999999 36.4
      vertex 2.4 85.73964716234522 20.81073685170856
      vertex 2.4 85.75 20.6
    endloop
  endfacet
  facet normal 1 0 0
    outer loop
      vertex 2.4 87.69999999999999 36.4
      vertex 2.4 85.70868835286694 21.019444192334678
      vertex 2.4 85.73964716234522 20.81073685170856
    endloop
  endfacet
  facet normal 1 0 0
    outer loop
      vertex 2.4 87.69999999999999 36.4
      vertex 2.4 85.65742172182425 21.224112056097095
      vertex 2.4 85.70868835286694 21.019444192334678
    endloop
  endfacet
  facet normal 1 0 0
    outer loop
      vertex 2.4 87.69999999999999 36.4
      vertex 2.4 85.58634099489926 21.422769379584945
      vertex 2.4 85.65742172182425 21.224112056097095
    endloop
  endfacet
  facet normal 1 0 0
    outer loop
      vertex 2.4 87.69999999999999 36.4
      vertex 2.4 85.38765966645046 21.794476000992145
      vertex 2.4 85.49613071834895 21.613502984175895
    endloop
  endfacet
  facet normal 1 0 0
    outer loop
      vertex 2.4 87.69999999999999 36.4
      vertex 2.4 85.49613071834895 21.613502984175895
      vertex 2.4 85.58634099489926 21.422769379584945
    endloop
  endfacet
  facet normal 0 1 0
    outer loop
      vertex 0 90.1 0
      vertex 0.139970683852371 90.1 36.53714061105333
      vertex 0.1484536082474226 90.1 36.4
    endloop
  endfacet
  facet normal 0 1 0
    outer loop
      vertex 2.2515463917525773 90.1 2.4
      vertex 0.1484536082474226 90.1 36.4
      vertex 2.4 90.1 36.4
    endloop
  endfacet
  facet normal 1 0 0
    outer loop
      vertex 2.4 90.1 2.4
      vertex 2.4 90.1 36.4
      vertex 2.4 87.69999999999999 36.4
    endloop
  endfacet
  facet normal 0 1 0
    outer loop
      vertex 0 90.1 2.4
      vertex 0 90.1 38.8
      vertex 0.139970683852371 90.1 36.53714061105333
    endloop
  endfacet
  facet normal -1 0 0
    outer loop
      vertex 0 90.1 38.8
      vertex 0 85.75 20.6
      vertex 0 85.73964716234522 20.81073685170856
    endloop
  endfacet
  facet normal -1 0 0
    outer loop
      vertex 0 90.1 38.8
      vertex 0 85.73964716234522 20.81073685170856
      vertex 0 85.70868835286694 21.019444192334678
    endloop
  endfacet
  facet normal -1 0 0
    outer loop
      vertex 0 90.1 38.8
      vertex 0 85.70868835286694 21.019444192334678
      vertex 0 85.65742172182425 21.224112056097095
    endloop
  endfacet
  facet normal -1 0 0
    outer loop
      vertex 0 90.1 38.8
      vertex 0 85.58634099489926 21.422769379584945
      vertex 0 85.49613071834895 21.613502984175895
    endloop
  endfacet
  facet normal -1 0 0
    outer loop
      vertex 0 90.1 38.8
      vertex 0 85.65742172182425 21.224112056097095
      vertex 0 85.58634099489926 21.422769379584945
    endloop
  endfacet
  facet normal -1 0 0
    outer loop
      vertex 0 90.1 38.8
      vertex 0 85.38765966645046 21.794476000992145
      vertex 0 85.26197247472987 21.96394556095184
    endloop
  endfacet
  facet normal -1 0 0
    outer loop
      vertex 0 90.1 38.8
      vertex 0 85.49613071834895 21.613502984175895
      vertex 0 85.38765966645046 21.794476000992145
    endloop
  endfacet
  facet normal -1 0 0
    outer loop
      vertex 0 90.1 38.8
      vertex 0 85.12027957955107 22.120279579551077
      vertex 0 84.96394556095183 22.261972474729887
    endloop
  endfacet
  facet normal -1 0 0
    outer loop
      vertex 0 90.1 38.8
      vertex 0 85.26197247472987 21.96394556095184
      vertex 0 85.12027957955107 22.120279579551077
    endloop
  endfacet
  facet normal -1 0 0
    outer loop
      vertex 0 90.1 38.8
      vertex 0 84.96394556095183 22.261972474729887
      vertex 0 84.79447600099213 22.387659666450475
    endloop
  endfacet
  facet normal 1 0 0
    outer loop
      vertex 2.4 87.69999999999999 36.4
      vertex 2.4 84.01944419233467 22.708688352866947
      vertex 2.4 84.22411205609708 22.65742172182425
    endloop
  endfacet
  facet normal 1 0 0
    outer loop
      vertex 2.4 87.69999999999999 36.4
      vertex 2.4 84.22411205609708 22.65742172182425
      vertex 2.4 84.42276937958493 22.586340994899267
    endloop
  endfacet
  facet normal 1 0 0
    outer loop
      vertex 2.4 87.69999999999999 36.4
      vertex 2.4 84.79447600099213 22.387659666450475
      vertex 2.4 84.96394556095183 22.261972474729887
    endloop
  endfacet
  facet normal 1 0 0
    outer loop
      vertex 2.4 87.69999999999999 36.4
      vertex 2.4 84.6135029841759 22.496130718348965
      vertex 2.4 84.79447600099213 22.387659666450475
    endloop
  endfacet
  facet normal 1 0 0
    outer loop
      vertex 2.4 87.69999999999999 36.4
      vertex 2.4 84.42276937958493 22.586340994899267
      vertex 2.4 84.6135029841759 22.496130718348965
    endloop
  endfacet
  facet normal 1 0 0
    outer loop
      vertex 2.4 87.69999999999999 36.4
      vertex 2.4 83.6 22.75
      vertex 2.4 83.81073685170855 22.739647162345225
    endloop
  endfacet
  facet normal 1 0 0
    outer loop
      vertex 2.4 87.69999999999999 36.4
      vertex 2.4 83.81073685170855 22.739647162345225
      vertex 2.4 84.01944419233467 22.708688352866947
    endloop
  endfacet
  facet normal 1 0 0
    outer loop
      vertex 2.4 87.69999999999999 36.4
      vertex 2.4 85.26197247472987 21.96394556095184
      vertex 2.4 85.38765966645046 21.794476000992145
    endloop
  endfacet
  facet normal 1 0 0
    outer loop
      vertex 2.4 87.69999999999999 36.4
      vertex 2.4 85.12027957955107 22.120279579551077
      vertex 2.4 85.26197247472987 21.96394556095184
    endloop
  endfacet
  facet normal 1 0 0
    outer loop
      vertex 2.4 87.69999999999999 36.4
      vertex 2.4 84.96394556095183 22.261972474729887
      vertex 2.4 85.12027957955107 22.120279579551077
    endloop
  endfacet
  facet normal -1 0 0
    outer loop
      vertex 0 90.1 38.8
      vertex 0 83.81073685170855 22.739647162345225
      vertex 0 83.6 22.75
    endloop
  endfacet
  facet normal -1 0 0
    outer loop
      vertex 0 90.1 38.8
      vertex 0 84.01944419233467 22.708688352866947
      vertex 0 83.81073685170855 22.739647162345225
    endloop
  endfacet
  facet normal -1 0 0
    outer loop
      vertex 0 90.1 38.8
      vertex 0 84.22411205609708 22.65742172182425
      vertex 0 84.01944419233467 22.708688352866947
    endloop
  endfacet
  facet normal -1 0 0
    outer loop
      vertex 0 90.1 38.8
      vertex 0 84.6135029841759 22.496130718348965
      vertex 0 84.42276937958493 22.586340994899267
    endloop
  endfacet
  facet normal -1 0 0
    outer loop
      vertex 0 90.1 38.8
      vertex 0 84.42276937958493 22.586340994899267
      vertex 0 84.22411205609708 22.65742172182425
    endloop
  endfacet
  facet normal -1 0 0
    outer loop
      vertex 0 90.1 38.8
      vertex 0 84.79447600099213 22.387659666450475
      vertex 0 84.6135029841759 22.496130718348965
    endloop
  endfacet
  facet normal -1 0 0
    outer loop
      vertex 0 90.1 38.8
      vertex 0 56.6050339102745 25.52824272811413
      vertex 0 56.12918032556772 25.35797959417105
    endloop
  endfacet
  facet normal -1 0 0
    outer loop
      vertex 0 90.1 38.8
      vertex 0 57.095284840464586 25.651044195890428
      vertex 0 56.6050339102745 25.52824272811413
    endloop
  endfacet
  facet normal -1 0 0
    outer loop
      vertex 0 90.1 38.8
      vertex 0 57.59521172791719 25.725201344490053
      vertex 0 57.095284840464586 25.651044195890428
    endloop
  endfacet
  facet normal -1 0 0
    outer loop
      vertex 0 90.1 38.8
      vertex 0 58.099999999999994 25.749999998509885
      vertex 0 57.59521172791719 25.725201344490053
    endloop
  endfacet
  facet normal -1 0 0
    outer loop
      vertex 0 90.1 38.8
      vertex 0 58.6047882720828 25.725201344490053
      vertex 0 58.099999999999994 25.749999998509885
    endloop
  endfacet
  facet normal -1 0 0
    outer loop
      vertex 0 90.1 38.8
      vertex 0 59.59496608972549 25.52824272811413
      vertex 0 59.1047151595354 25.651044195890428
    endloop
  endfacet
  facet normal -1 0 0
    outer loop
      vertex 0 90.1 38.8
      vertex 0 59.1047151595354 25.651044195890428
      vertex 0 58.6047882720828 25.725201344490053
    endloop
  endfacet
  facet normal -1 0 0
    outer loop
      vertex 0 90.1 38.8
      vertex 0 60.07081967443227 25.35797959417105
      vertex 0 59.59496608972549 25.52824272811413
    endloop
  endfacet
  facet normal -1 0 0
    outer loop
      vertex 0 90.1 38.8
      vertex 0 60.527693195641035 25.141894510388376
      vertex 0 60.07081967443227 25.35797959417105
    endloop
  endfacet
  facet normal -1 0 0
    outer loop
      vertex 0 90.1 38.8
      vertex 0 61.74159992337226 24.24159992337227
      vertex 0 61.367125412821764 24.58100383579731
    endloop
  endfacet
  facet normal -1 0 0
    outer loop
      vertex 0 90.1 38.8
      vertex 0 60.9611866980791 24.88206850588322
      vertex 0 60.527693195641035 25.141894510388376
    endloop
  endfacet
  facet normal -1 0 0
    outer loop
      vertex 0 90.1 38.8
      vertex 0 61.367125412821764 24.58100383579731
      vertex 0 60.9611866980791 24.88206850588322
    endloop
  endfacet
  facet normal 0 1 0
    outer loop
      vertex 0.139970683852371 90.1 36.53714061105333
      vertex 0 90.1 38.8
      vertex 2.4 90.1 38.751474304970515
    endloop
  endfacet
  facet normal 0 0 1
    outer loop
      vertex 0 90.1 38.8
      vertex 2.4 87.69999999999999 38.8
      vertex 2.4 90.1 38.8
    endloop
  endfacet
  facet normal 0 1 0
    outer loop
      vertex 0 90.1 38.8
      vertex 2.4 90.1 38.8
      vertex 2.4 90.1 38.751474304970515
    endloop
  endfacet
  facet normal 0 -1 0
    outer loop
      vertex 116.3 0 2.4
      vertex 118.7 0 2.4
      vertex 118.7 0 36.4
    endloop
  endfacet
  facet normal -1 0 0
    outer loop
      vertex 116.3 0 2.4
      vertex 116.3 18.8864970158241 18.703869281651038
      vertex 116.3 19.07723062041505 18.613659005100736
    endloop
  endfacet
  facet normal -1 0 0
    outer loop
      vertex 116.3 0 2.4
      vertex 116.3 18.705523999007852 18.81234033354953
      vertex 116.3 18.8864970158241 18.703869281651038
    endloop
  endfacet
  facet normal -1 0 0
    outer loop
      vertex 116.3 0 2.4
      vertex 116.3 19.07723062041505 18.613659005100736
      vertex 116.3 19.2758879439029 18.542578278175753
    endloop
  endfacet
  facet normal -1 0 0
    outer loop
      vertex 116.3 0 2.4
      vertex 116.3 19.2758879439029 18.542578278175753
      vertex 116.3 19.48055580766532 18.491311647133056
    endloop
  endfacet
  facet normal -1 0 0
    outer loop
      vertex 116.3 0 2.4
      vertex 116.3 19.689263148291438 18.460352837654778
      vertex 116.3 19.899999999999995 18.450000000000003
    endloop
  endfacet
  facet normal -1 0 0
    outer loop
      vertex 116.3 0 2.4
      vertex 116.3 19.48055580766532 18.491311647133056
      vertex 116.3 19.689263148291438 18.460352837654778
    endloop
  endfacet
  facet normal 1 0 0
    outer loop
      vertex 118.7 0 2.4
      vertex 118.7 19.07723062041505 18.613659005100736
      vertex 118.7 18.8864970158241 18.703869281651038
    endloop
  endfacet
  facet normal 1 0 0
    outer loop
      vertex 118.7 0 2.4
      vertex 118.7 18.8864970158241 18.703869281651038
      vertex 118.7 18.705523999007852 18.81234033354953
    endloop
  endfacet
  facet normal 1 0 0
    outer loop
      vertex 118.7 0 2.4
      vertex 118.7 19.2758879439029 18.542578278175753
      vertex 118.7 19.07723062041505 18.613659005100736
    endloop
  endfacet
  facet normal 1 0 0
    outer loop
      vertex 118.7 0 2.4
      vertex 118.7 19.48055580766532 18.491311647133056
      vertex 118.7 19.2758879439029 18.542578278175753
    endloop
  endfacet
  facet normal 1 0 0
    outer loop
      vertex 118.7 0 2.4
      vertex 118.7 19.899999999999995 18.450000000000003
      vertex 118.7 19.689263148291438 18.460352837654778
    endloop
  endfacet
  facet normal 1 0 0
    outer loop
      vertex 118.7 0 2.4
      vertex 118.7 19.689263148291438 18.460352837654778
      vertex 118.7 19.48055580766532 18.491311647133056
    endloop
  endfacet
  facet normal -1 0 0
    outer loop
      vertex 116.3 0 2.4
      vertex 116.3 18.37972042044892 19.079720420448925
      vertex 116.3 18.536054439048158 18.938027525270115
    endloop
  endfacet
  facet normal -1 0 0
    outer loop
      vertex 116.3 0 2.4
      vertex 116.3 18.23802752527011 19.236054439048164
      vertex 116.3 18.37972042044892 19.079720420448925
    endloop
  endfacet
  facet normal -1 0 0
    outer loop
      vertex 116.3 0 2.4
      vertex 116.3 18.536054439048158 18.938027525270115
      vertex 116.3 18.705523999007852 18.81234033354953
    endloop
  endfacet
  facet normal -1 0 0
    outer loop
      vertex 116.3 0 2.4
      vertex 116.3 18.112340333549522 19.40552399900786
      vertex 116.3 18.23802752527011 19.236054439048164
    endloop
  endfacet
  facet normal -1 0 0
    outer loop
      vertex 116.3 0 2.4
      vertex 116.3 18.00386928165103 19.586497015824108
      vertex 116.3 18.112340333549522 19.40552399900786
    endloop
  endfacet
  facet normal -1 0 0
    outer loop
      vertex 116.3 0 2.4
      vertex 116.3 17.91365900510073 19.777230620415057
      vertex 116.3 18.00386928165103 19.586497015824108
    endloop
  endfacet
  facet normal -1 0 0
    outer loop
      vertex 116.3 0 2.4
      vertex 116.3 17.842578278175747 19.975887943902908
      vertex 116.3 17.91365900510073 19.777230620415057
    endloop
  endfacet
  facet normal -1 0 0
    outer loop
      vertex 116.3 0 2.4
      vertex 116.3 17.79131164713305 20.180555807665325
      vertex 116.3 17.842578278175747 19.975887943902908
    endloop
  endfacet
  facet normal -1 0 0
    outer loop
      vertex 116.3 0 2.4
      vertex 116.3 17.76035283765477 20.389263148291445
      vertex 116.3 17.79131164713305 20.180555807665325
    endloop
  endfacet
  facet normal -1 0 0
    outer loop
      vertex 116.3 0 2.4
      vertex 116.3 17.749999999999996 20.6
      vertex 116.3 17.76035283765477 20.389263148291445
    endloop
  endfacet
  facet normal 1 0 0
    outer loop
      vertex 118.7 0 2.4
      vertex 118.7 18.536054439048158 18.938027525270115
      vertex 118.7 18.37972042044892 19.079720420448925
    endloop
  endfacet
  facet normal 1 0 0
    outer loop
      vertex 118.7 0 2.4
      vertex 118.7 18.37972042044892 19.079720420448925
      vertex 118.7 18.23802752527011 19.236054439048164
    endloop
  endfacet
  facet normal 1 0 0
    outer loop
      vertex 118.7 0 2.4
      vertex 118.7 18.705523999007852 18.81234033354953
      vertex 118.7 18.536054439048158 18.938027525270115
    endloop
  endfacet
  facet normal 1 0 0
    outer loop
      vertex 118.7 0 2.4
      vertex 118.7 18.23802752527011 19.236054439048164
      vertex 118.7 18.112340333549522 19.40552399900786
    endloop
  endfacet
  facet normal 1 0 0
    outer loop
      vertex 118.7 0 2.4
      vertex 118.7 18.112340333549522 19.40552399900786
      vertex 118.7 18.00386928165103 19.586497015824108
    endloop
  endfacet
  facet normal -1 0 0
    outer loop
      vertex 116.3 0 2.4
      vertex 116.3 19.899999999999995 18.450000000000003
      vertex 116.3 28.099999999999994 18.450000000000003
    endloop
  endfacet
  facet normal 1 0 0
    outer loop
      vertex 118.7 0 2.4
      vertex 118.7 28.099999999999994 18.450000000000003
      vertex 118.7 19.899999999999995 18.450000000000003
    endloop
  endfacet
  facet normal -1 0 0
    outer loop
      vertex 116.3 0 2.4
      vertex 116.3 28.099999999999994 18.450000000000003
      vertex 116.3 28.31073685170855 18.460352837654778
    endloop
  endfacet
  facet normal -1 0 0
    outer loop
      vertex 116.3 0 2.4
      vertex 116.3 28.31073685170855 18.460352837654778
      vertex 116.3 28.51944419233467 18.491311647133056
    endloop
  endfacet
  facet normal -1 0 0
    outer loop
      vertex 116.3 0 2.4
      vertex 116.3 28.51944419233467 18.491311647133056
      vertex 116.3 28.724112056097088 18.542578278175753
    endloop
  endfacet
  facet normal 1 0 0
    outer loop
      vertex 118.7 0 2.4
      vertex 118.7 28.31073685170855 18.460352837654778
      vertex 118.7 28.099999999999994 18.450000000000003
    endloop
  endfacet
  facet normal 1 0 0
    outer loop
      vertex 118.7 0 2.4
      vertex 118.7 28.51944419233467 18.491311647133056
      vertex 118.7 28.31073685170855 18.460352837654778
    endloop
  endfacet
  facet normal 1 0 0
    outer loop
      vertex 118.7 0 2.4
      vertex 118.7 28.724112056097088 18.542578278175753
      vertex 118.7 28.51944419233467 18.491311647133056
    endloop
  endfacet
  facet normal 1 0 0
    outer loop
      vertex 118.7 0 2.4
      vertex 118.7 58.099999999999994 13.317900000512601
      vertex 118.7 28.724112056097088 18.542578278175753
    endloop
  endfacet
  facet normal -1 0 0
    outer loop
      vertex 116.3 0 2.4
      vertex 116.3 54.458400076627726 16.958400076627733
      vertex 116.3 54.47014387547969 16.947756125032903
    endloop
  endfacet
  facet normal -1 0 0
    outer loop
      vertex 116.3 0 2.4
      vertex 116.3 54.47014387547969 16.947756125032903
      vertex 116.3 58.099999999999994 13.317900000512601
    endloop
  endfacet
  facet normal -1 0 0
    outer loop
      vertex 116.3 0 2.4
      vertex 116.3 54.118996164202684 17.33287458717823
      vertex 116.3 54.458400076627726 16.958400076627733
    endloop
  endfacet
  facet normal -1 0 0
    outer loop
      vertex 116.3 0 2.4
      vertex 116.3 53.81793149411678 17.738813301920892
      vertex 116.3 54.118996164202684 17.33287458717823
    endloop
  endfacet
  facet normal -1 0 0
    outer loop
      vertex 116.3 0 2.4
      vertex 116.3 53.55810548961162 18.17230680435896
      vertex 116.3 53.81793149411678 17.738813301920892
    endloop
  endfacet
  facet normal -1 0 0
    outer loop
      vertex 116.3 0 2.4
      vertex 116.3 53.34202040582895 18.629180325567724
      vertex 116.3 53.55810548961162 18.17230680435896
    endloop
  endfacet
  facet normal -1 0 0
    outer loop
      vertex 116.3 0 2.4
      vertex 116.3 53.171757271885866 19.105033910274507
      vertex 116.3 53.34202040582895 18.629180325567724
    endloop
  endfacet
  facet normal -1 0 0
    outer loop
      vertex 116.3 0 2.4
      vertex 116.3 53.04895580410957 19.595284840464593
      vertex 116.3 53.171757271885866 19.105033910274507
    endloop
  endfacet
  facet normal -1 0 0
    outer loop
      vertex 116.3 0 2.4
      vertex 116.3 52.97479865550994 20.095211727917196
      vertex 116.3 53.04895580410957 19.595284840464593
    endloop
  endfacet
  facet normal -1 0 0
    outer loop
      vertex 116.3 0 2.4
      vertex 116.3 52.95000000149011 20.6
      vertex 116.3 52.97479865550994 20.095211727917196
    endloop
  endfacet
  facet normal -1 0 0
    outer loop
      vertex 116.3 0 2.4
      vertex 116.3 52.97479865550994 21.104788272082807
      vertex 116.3 52.95000000149011 20.6
    endloop
  endfacet
  facet normal -1 0 0
    outer loop
      vertex 116.3 0 2.4
      vertex 116.3 53.04895580410957 21.60471515953541
      vertex 116.3 52.97479865550994 21.104788272082807
    endloop
  endfacet
  facet normal -1 0 0
    outer loop
      vertex 116.3 0 2.4
      vertex 116.3 53.171757271885866 22.094966089725496
      vertex 116.3 53.04895580410957 21.60471515953541
    endloop
  endfacet
  facet normal -1 0 0
    outer loop
      vertex 116.3 0 2.4
      vertex 116.3 53.34202040582895 22.57081967443228
      vertex 116.3 53.171757271885866 22.094966089725496
    endloop
  endfacet
  facet normal -1 0 0
    outer loop
      vertex 116.3 0 2.4
      vertex 116.3 53.55810548961162 23.027693195641042
      vertex 116.3 53.34202040582895 22.57081967443228
    endloop
  endfacet
  facet normal -1 0 0
    outer loop
      vertex 116.3 0 2.4
      vertex 116.3 53.81793149411678 23.46118669807911
      vertex 116.3 53.55810548961162 23.027693195641042
    endloop
  endfacet
  facet normal -1 0 0
    outer loop
      vertex 116.3 0 2.4
      vertex 116.3 54.118996164202684 23.86712541282177
      vertex 116.3 53.81793149411678 23.46118669807911
    endloop
  endfacet
  facet normal -1 0 0
    outer loop
      vertex 116.3 0 2.4
      vertex 116.3 54.458400076627726 24.24159992337227
      vertex 116.3 54.118996164202684 23.86712541282177
    endloop
  endfacet
  facet normal 1 0 0
    outer loop
      vertex 118.7 28.724112056097088 18.542578278175753
      vertex 118.7 58.099999999999994 13.317900000512601
      vertex 118.7 28.92276937958494 18.613659005100736
    endloop
  endfacet
  facet normal 1 0 0
    outer loop
      vertex 118.7 29.113502984175888 18.703869281651038
      vertex 118.7 28.92276937958494 18.613659005100736
      vertex 118.7 58.099999999999994 13.317900000512601
    endloop
  endfacet
  facet normal 1 0 0
    outer loop
      vertex 118.7 29.113502984175888 18.703869281651038
      vertex 118.7 58.099999999999994 13.317900000512601
      vertex 118.7 29.294476000992137 18.81234033354953
    endloop
  endfacet
  facet normal -1 0 0
    outer loop
      vertex 116.3 0 2.4
      vertex 116.3 54.832874587178225 24.58100383579731
      vertex 116.3 54.458400076627726 24.24159992337227
    endloop
  endfacet
  facet normal -1 0 0
    outer loop
      vertex 116.3 0 2.4
      vertex 116.3 55.238813301920885 24.88206850588322
      vertex 116.3 54.832874587178225 24.58100383579731
    endloop
  endfacet
  facet normal -1 0 0
    outer loop
      vertex 116.3 0 2.4
      vertex 116.3 55.67230680435895 25.141894510388376
      vertex 116.3 55.238813301920885 24.88206850588322
    endloop
  endfacet
  facet normal -1 0 0
    outer loop
      vertex 116.3 0 2.4
      vertex 116.3 56.12918032556772 25.35797959417105
      vertex 116.3 55.67230680435895 25.141894510388376
    endloop
  endfacet
  facet normal 1 0 0
    outer loop
      vertex 118.7 54.47014387547969 16.947756125032903
      vertex 118.7 29.46394556095183 18.938027525270115
      vertex 118.7 29.294476000992137 18.81234033354953
    endloop
  endfacet
  facet normal 1 0 0
    outer loop
      vertex 118.7 54.47014387547969 16.947756125032903
      vertex 118.7 29.62027957955107 19.079720420448925
      vertex 118.7 29.46394556095183 18.938027525270115
    endloop
  endfacet
  facet normal 1 0 0
    outer loop
      vertex 118.7 54.47014387547969 16.947756125032903
      vertex 118.7 29.76197247472988 19.236054439048164
      vertex 118.7 29.62027957955107 19.079720420448925
    endloop
  endfacet
  facet normal 1 0 0
    outer loop
      vertex 118.7 54.47014387547969 16.947756125032903
      vertex 118.7 29.887659666450467 19.40552399900786
      vertex 118.7 29.76197247472988 19.236054439048164
    endloop
  endfacet
  facet normal 1 0 0
    outer loop
      vertex 118.7 54.47014387547969 16.947756125032903
      vertex 118.7 29.996130718348958 19.586497015824108
      vertex 118.7 29.887659666450467 19.40552399900786
    endloop
  endfacet
  facet normal 1 0 0
    outer loop
      vertex 118.7 54.47014387547969 16.947756125032903
      vertex 118.7 30.08634099489926 19.777230620415057
      vertex 118.7 29.996130718348958 19.586497015824108
    endloop
  endfacet
  facet normal 1 0 0
    outer loop
      vertex 118.7 54.47014387547969 16.947756125032903
      vertex 118.7 30.157421721824242 19.975887943902908
      vertex 118.7 30.08634099489926 19.777230620415057
    endloop
  endfacet
  facet normal 1 0 0
    outer loop
      vertex 118.7 54.47014387547969 16.947756125032903
      vertex 118.7 30.20868835286694 20.180555807665325
      vertex 118.7 30.157421721824242 19.975887943902908
    endloop
  endfacet
  facet normal 1 0 0
    outer loop
      vertex 118.7 54.47014387547969 16.947756125032903
      vertex 118.7 30.239647162345218 20.389263148291445
      vertex 118.7 30.20868835286694 20.180555807665325
    endloop
  endfacet
  facet normal 1 0 0
    outer loop
      vertex 118.7 54.47014387547969 16.947756125032903
      vertex 118.7 30.249999999999993 20.6
      vertex 118.7 30.239647162345218 20.389263148291445
    endloop
  endfacet
  facet normal -1 0 0
    outer loop
      vertex 116.3 0 2.4
      vertex 116.3 2.4 36.4
      vertex 116.3 17.749999999999996 20.6
    endloop
  endfacet
  facet normal 1 0 0
    outer loop
      vertex 118.7 0 2.4
      vertex 118.7 18.00386928165103 19.586497015824108
      vertex 118.7 2.4 36.4
    endloop
  endfacet
  facet normal -1 0 0
    outer loop
      vertex 116.3 0 2.4
      vertex 116.3 0 36.4
      vertex 116.3 2.4 36.4
    endloop
  endfacet
  facet normal 0 -1 0
    outer loop
      vertex 116.3 0 2.4
      vertex 118.7 0 36.4
      vertex 116.3 0 36.4
    endloop
  endfacet
  facet normal 1 0 0
    outer loop
      vertex 118.7 0 2.4
      vertex 118.7 2.4 36.4
      vertex 118.7 0 36.4
    endloop
  endfacet
  facet normal 1 0 0
    outer loop
      vertex 118.7 2.4 36.4
      vertex 118.7 18.00386928165103 19.586497015824108
      vertex 118.7 17.91365900510073 19.777230620415057
    endloop
  endfacet
  facet normal 1 0 0
    outer loop
      vertex 118.7 2.4 36.4
      vertex 118.7 17.91365900510073 19.777230620415057
      vertex 118.7 17.842578278175747 19.975887943902908
    endloop
  endfacet
  facet normal -1 0 0
    outer loop
      vertex 116.3 2.4 36.4
      vertex 116.3 17.76035283765477 20.81073685170856
      vertex 116.3 17.749999999999996 20.6
    endloop
  endfacet
  facet normal -1 0 0
    outer loop
      vertex 116.3 2.4 36.4
      vertex 116.3 17.79131164713305 21.019444192334678
      vertex 116.3 17.76035283765477 20.81073685170856
    endloop
  endfacet
  facet normal -1 0 0
    outer loop
      vertex 116.3 2.4 36.4
      vertex 116.3 17.842578278175747 21.224112056097095
      vertex 116.3 17.79131164713305 21.019444192334678
    endloop
  endfacet
  facet normal -1 0 0
    outer loop
      vertex 116.3 2.4 36.4
      vertex 116.3 17.91365900510073 21.422769379584945
      vertex 116.3 17.842578278175747 21.224112056097095
    endloop
  endfacet
  facet normal -1 0 0
    outer loop
      vertex 116.3 2.4 36.4
      vertex 116.3 18.00386928165103 21.613502984175895
      vertex 116.3 17.91365900510073 21.422769379584945
    endloop
  endfacet
  facet normal -1 0 0
    outer loop
      vertex 116.3 2.4 36.4
      vertex 116.3 18.112340333549522 21.794476000992145
      vertex 116.3 18.00386928165103 21.613502984175895
    endloop
  endfacet
  facet normal 1 0 0
    outer loop
      vertex 118.7 2.4 36.4
      vertex 118.7 17.79131164713305 20.180555807665325
      vertex 118.7 17.76035283765477 20.389263148291445
    endloop
  endfacet
  facet normal 1 0 0
    outer loop
      vertex 118.7 2.4 36.4
      vertex 118.7 17.76035283765477 20.389263148291445
      vertex 118.7 17.749999999999996 20.6
    endloop
  endfacet
  facet normal 1 0 0
    outer loop
      vertex 118.7 2.4 36.4
      vertex 118.7 17.749999999999996 20.6
      vertex 118.7 17.76035283765477 20.81073685170856
    endloop
  endfacet
  facet normal 1 0 0
    outer loop
      vertex 118.7 2.4 36.4
      vertex 118.7 17.76035283765477 20.81073685170856
      vertex 118.7 17.79131164713305 21.019444192334678
    endloop
  endfacet
  facet normal 1 0 0
    outer loop
      vertex 118.7 2.4 36.4
      vertex 118.7 17.842578278175747 19.975887943902908
      vertex 118.7 17.79131164713305 20.180555807665325
    endloop
  endfacet
  facet normal 1 0 0
    outer loop
      vertex 118.7 2.4 36.4
      vertex 118.7 17.79131164713305 21.019444192334678
      vertex 118.7 17.842578278175747 21.224112056097095
    endloop
  endfacet
  facet normal 1 0 0
    outer loop
      vertex 118.7 2.4 36.4
      vertex 118.7 17.842578278175747 21.224112056097095
      vertex 118.7 17.91365900510073 21.422769379584945
    endloop
  endfacet
  facet normal 1 0 0
    outer loop
      vertex 118.7 2.4 36.4
      vertex 118.7 17.91365900510073 21.422769379584945
      vertex 118.7 18.00386928165103 21.613502984175895
    endloop
  endfacet
  facet normal 1 0 0
    outer loop
      vertex 118.7 2.4 36.4
      vertex 118.7 18.00386928165103 21.613502984175895
      vertex 118.7 18.112340333549522 21.794476000992145
    endloop
  endfacet
  facet normal -1 0 0
    outer loop
      vertex 116.3 2.4 36.4
      vertex 116.3 18.23802752527011 21.96394556095184
      vertex 116.3 18.112340333549522 21.794476000992145
    endloop
  endfacet
  facet normal -1 0 0
    outer loop
      vertex 116.3 2.4 36.4
      vertex 116.3 18.37972042044892 22.120279579551077
      vertex 116.3 18.23802752527011 21.96394556095184
    endloop
  endfacet
  facet normal -1 0 0
    outer loop
      vertex 116.3 2.4 36.4
      vertex 116.3 18.536054439048158 22.261972474729887
      vertex 116.3 18.37972042044892 22.120279579551077
    endloop
  endfacet
  facet normal -1 0 0
    outer loop
      vertex 116.3 2.4 36.4
      vertex 116.3 18.705523999007852 22.387659666450475
      vertex 116.3 18.536054439048158 22.261972474729887
    endloop
  endfacet
  facet normal -1 0 0
    outer loop
      vertex 116.3 2.4 36.4
      vertex 116.3 18.8864970158241 22.496130718348965
      vertex 116.3 18.705523999007852 22.387659666450475
    endloop
  endfacet
  facet normal -1 0 0
    outer loop
      vertex 116.3 2.4 36.4
      vertex 116.3 19.07723062041505 22.586340994899267
      vertex 116.3 18.8864970158241 22.496130718348965
    endloop
  endfacet
  facet normal -1 0 0
    outer loop
      vertex 116.3 2.4 36.4
      vertex 116.3 19.2758879439029 22.65742172182425
      vertex 116.3 19.07723062041505 22.586340994899267
    endloop
  endfacet
  facet normal -1 0 0
    outer loop
      vertex 116.3 2.4 36.4
      vertex 116.3 19.48055580766532 22.708688352866947
      vertex 116.3 19.2758879439029 22.65742172182425
    endloop
  endfacet
  facet normal 1 0 0
    outer loop
      vertex 118.7 2.4 36.4
      vertex 118.7 18.112340333549522 21.794476000992145
      vertex 118.7 18.23802752527011 21.96394556095184
    endloop
  endfacet
  facet normal 1 0 0
    outer loop
      vertex 118.7 2.4 36.4
      vertex 118.7 18.23802752527011 21.96394556095184
      vertex 118.7 18.37972042044892 22.120279579551077
    endloop
  endfacet
  facet normal 1 0 0
    outer loop
      vertex 118.7 2.4 36.4
      vertex 118.7 18.37972042044892 22.120279579551077
      vertex 118.7 18.536054439048158 22.261972474729887
    endloop
  endfacet
  facet normal 1 0 0
    outer loop
      vertex 118.7 2.4 36.4
      vertex 118.7 18.536054439048158 22.261972474729887
      vertex 118.7 18.705523999007852 22.387659666450475
    endloop
  endfacet
  facet normal 1 0 0
    outer loop
      vertex 118.7 2.4 36.4
      vertex 118.7 18.705523999007852 22.387659666450475
      vertex 118.7 18.8864970158241 22.496130718348965
    endloop
  endfacet
  facet normal 1 0 0
    outer loop
      vertex 118.7 2.4 36.4
      vertex 118.7 18.8864970158241 22.496130718348965
      vertex 118.7 19.07723062041505 22.586340994899267
    endloop
  endfacet
  facet normal 1 0 0
    outer loop
      vertex 118.7 2.4 36.4
      vertex 118.7 19.07723062041505 22.586340994899267
      vertex 118.7 19.2758879439029 22.65742172182425
    endloop
  endfacet
  facet normal 1 0 0
    outer loop
      vertex 118.7 2.4 36.4
      vertex 118.7 19.2758879439029 22.65742172182425
      vertex 118.7 19.48055580766532 22.708688352866947
    endloop
  endfacet
  facet normal 1 0 0
    outer loop
      vertex 118.7 2.4 36.4
      vertex 118.7 19.48055580766532 22.708688352866947
      vertex 118.7 19.689263148291438 22.739647162345225
    endloop
  endfacet
  facet normal 1 0 0
    outer loop
      vertex 118.7 2.4 36.4
      vertex 118.7 19.689263148291438 22.739647162345225
      vertex 118.7 19.899999999999995 22.75
    endloop
  endfacet
  facet normal 1 0 0
    outer loop
      vertex 118.7 2.4 36.4
      vertex 118.7 19.899999999999995 22.75
      vertex 118.7 28.099999999999994 22.75
    endloop
  endfacet
  facet normal 1 0 0
    outer loop
      vertex 118.7 2.4 36.4
      vertex 118.7 28.099999999999994 22.75
      vertex 118.7 28.31073685170855 22.739647162345225
    endloop
  endfacet
  facet normal 1 0 0
    outer loop
      vertex 118.7 2.4 36.4
      vertex 118.7 28.51944419233467 22.708688352866947
      vertex 118.7 28.724112056097088 22.65742172182425
    endloop
  endfacet
  facet normal 1 0 0
    outer loop
      vertex 118.7 2.4 36.4
      vertex 118.7 28.724112056097088 22.65742172182425
      vertex 118.7 28.92276937958494 22.586340994899267
    endloop
  endfacet
  facet normal 1 0 0
    outer loop
      vertex 118.7 2.4 36.4
      vertex 118.7 28.92276937958494 22.586340994899267
      vertex 118.7 29.113502984175888 22.496130718348965
    endloop
  endfacet
  facet normal 1 0 0
    outer loop
      vertex 118.7 2.4 36.4
      vertex 118.7 28.31073685170855 22.739647162345225
      vertex 118.7 28.51944419233467 22.708688352866947
    endloop
  endfacet
  facet normal 1 0 0
    outer loop
      vertex 118.7 0 36.4
      vertex 118.7 2.4 36.4
      vertex 118.7 0 38.8
    endloop
  endfacet
  facet normal 0 -1 0
    outer loop
      vertex 118.7 0 36.4
      vertex 118.7 0 38.8
      vertex 116.3 0 38.75147430497051
    endloop
  endfacet
  facet normal 0 -1 0
    outer loop
      vertex 116.3 0 38.75147430497051
      vertex 118.7 0 38.8
      vertex 116.3 0 38.8
    endloop
  endfacet
  facet normal 1 0 0
    outer loop
      vertex 118.7 2.4 36.4
      vertex 118.7 53.81793149411678 17.738813301920892
      vertex 118.7 2.4 38.8
    endloop
  endfacet
  facet normal 1 0 0
    outer loop
      vertex 118.7 2.4 36.4
      vertex 118.7 29.113502984175888 22.496130718348965
      vertex 118.7 54.47014387547969 16.947756125032903
    endloop
  endfacet
  facet normal -1 0 0
    outer loop
      vertex 116.3 0 2.4
      vertex 116.3 28.724112056097088 18.542578278175753
      vertex 116.3 87.69999999999999 38.8
    endloop
  endfacet
  facet normal 1 0 0
    outer loop
      vertex 118.7 54.47014387547969 16.947756125032903
      vertex 118.7 29.113502984175888 22.496130718348965
      vertex 118.7 29.294476000992137 22.387659666450475
    endloop
  endfacet
  facet normal 1 0 0
    outer loop
      vertex 118.7 54.47014387547969 16.947756125032903
      vertex 118.7 29.62027957955107 22.120279579551077
      vertex 118.7 29.76197247472988 21.96394556095184
    endloop
  endfacet
  facet normal 1 0 0
    outer loop
      vertex 118.7 54.47014387547969 16.947756125032903
      vertex 118.7 29.46394556095183 22.261972474729887
      vertex 118.7 29.62027957955107 22.120279579551077
    endloop
  endfacet
  facet normal 1 0 0
    outer loop
      vertex 118.7 54.47014387547969 16.947756125032903
      vertex 118.7 29.294476000992137 22.387659666450475
      vertex 118.7 29.46394556095183 22.261972474729887
    endloop
  endfacet
  facet normal 1 0 0
    outer loop
      vertex 118.7 54.47014387547969 16.947756125032903
      vertex 118.7 30.239647162345218 20.81073685170856
      vertex 118.7 30.249999999999993 20.6
    endloop
  endfacet
  facet normal 1 0 0
    outer loop
      vertex 118.7 54.47014387547969 16.947756125032903
      vertex 118.7 30.20868835286694 21.019444192334678
      vertex 118.7 30.239647162345218 20.81073685170856
    endloop
  endfacet
  facet normal 1 0 0
    outer loop
      vertex 118.7 54.47014387547969 16.947756125032903
      vertex 118.7 30.157421721824242 21.224112056097095
      vertex 118.7 30.20868835286694 21.019444192334678
    endloop
  endfacet
  facet normal 1 0 0
    outer loop
      vertex 118.7 54.47014387547969 16.947756125032903
      vertex 118.7 29.996130718348958 21.613502984175895
      vertex 118.7 30.08634099489926 21.422769379584945
    endloop
  endfacet
  facet normal 1 0 0
    outer loop
      vertex 118.7 54.47014387547969 16.947756125032903
      vertex 118.7 30.08634099489926 21.422769379584945
      vertex 118.7 30.157421721824242 21.224112056097095
    endloop
  endfacet
  facet normal 1 0 0
    outer loop
      vertex 118.7 54.47014387547969 16.947756125032903
      vertex 118.7 29.887659666450467 21.794476000992145
      vertex 118.7 29.996130718348958 21.613502984175895
    endloop
  endfacet
  facet normal 1 0 0
    outer loop
      vertex 118.7 54.47014387547969 16.947756125032903
      vertex 118.7 29.76197247472988 21.96394556095184
      vertex 118.7 29.887659666450467 21.794476000992145
    endloop
  endfacet
  facet normal 1 0 0
    outer loop
      vertex 118.7 2.4 36.4
      vertex 118.7 54.47014387547969 16.947756125032903
      vertex 118.7 54.458400076627726 16.958400076627733
    endloop
  endfacet
  facet normal 1 0 0
    outer loop
      vertex 118.7 2.4 36.4
      vertex 118.7 54.458400076627726 16.958400076627733
      vertex 118.7 54.118996164202684 17.33287458717823
    endloop
  endfacet
  facet normal 1 0 0
    outer loop
      vertex 118.7 2.4 36.4
      vertex 118.7 54.118996164202684 17.33287458717823
      vertex 118.7 53.81793149411678 17.738813301920892
    endloop
  endfacet
  facet normal 1 0 0
    outer loop
      vertex 118.7 2.4 38.8
      vertex 118.7 53.81793149411678 17.738813301920892
      vertex 118.7 53.55810548961162 18.17230680435896
    endloop
  endfacet
  facet normal 1 0 0
    outer loop
      vertex 118.7 2.4 38.8
      vertex 118.7 53.55810548961162 18.17230680435896
      vertex 118.7 53.34202040582895 18.629180325567724
    endloop
  endfacet
  facet normal 1 0 0
    outer loop
      vertex 118.7 2.4 38.8
      vertex 118.7 53.34202040582895 18.629180325567724
      vertex 118.7 53.171757271885866 19.105033910274507
    endloop
  endfacet
  facet normal 1 0 0
    outer loop
      vertex 118.7 2.4 38.8
      vertex 118.7 53.171757271885866 19.105033910274507
      vertex 118.7 53.04895580410957 19.595284840464593
    endloop
  endfacet
  facet normal 1 0 0
    outer loop
      vertex 118.7 2.4 38.8
      vertex 118.7 53.04895580410957 19.595284840464593
      vertex 118.7 52.97479865550994 20.095211727917196
    endloop
  endfacet
  facet normal 1 0 0
    outer loop
      vertex 118.7 2.4 38.8
      vertex 118.7 52.97479865550994 20.095211727917196
      vertex 118.7 52.95000000149011 20.6
    endloop
  endfacet
  facet normal 1 0 0
    outer loop
      vertex 118.7 2.4 38.8
      vertex 118.7 52.95000000149011 20.6
      vertex 118.7 52.97479865550994 21.104788272082807
    endloop
  endfacet
  facet normal 1 0 0
    outer loop
      vertex 118.7 2.4 38.8
      vertex 118.7 52.97479865550994 21.104788272082807
      vertex 118.7 53.04895580410957 21.60471515953541
    endloop
  endfacet
  facet normal 1 0 0
    outer loop
      vertex 118.7 2.4 38.8
      vertex 118.7 53.04895580410957 21.60471515953541
      vertex 118.7 53.171757271885866 22.094966089725496
    endloop
  endfacet
  facet normal 1 0 0
    outer loop
      vertex 118.7 2.4 38.8
      vertex 118.7 53.171757271885866 22.094966089725496
      vertex 118.7 53.34202040582895 22.57081967443228
    endloop
  endfacet
  facet normal 1 0 0
    outer loop
      vertex 118.7 2.4 38.8
      vertex 118.7 53.34202040582895 22.57081967443228
      vertex 118.7 53.55810548961162 23.027693195641042
    endloop
  endfacet
  facet normal 1 0 0
    outer loop
      vertex 118.7 2.4 38.8
      vertex 118.7 53.55810548961162 23.027693195641042
      vertex 118.7 53.81793149411678 23.46118669807911
    endloop
  endfacet
  facet normal 1 0 0
    outer loop
      vertex 118.7 2.4 38.8
      vertex 118.7 53.81793149411678 23.46118669807911
      vertex 118.7 54.118996164202684 23.86712541282177
    endloop
  endfacet
  facet normal 1 0 0
    outer loop
      vertex 118.7 2.4 38.8
      vertex 118.7 54.118996164202684 23.86712541282177
      vertex 118.7 54.458400076627726 24.24159992337227
    endloop
  endfacet
  facet normal -1 0 0
    outer loop
      vertex 116.3 87.69999999999999 38.8
      vertex 116.3 19.689263148291438 22.739647162345225
      vertex 116.3 19.48055580766532 22.708688352866947
    endloop
  endfacet
  facet normal -1 0 0
    outer loop
      vertex 116.3 87.69999999999999 38.8
      vertex 116.3 19.899999999999995 22.75
      vertex 116.3 19.689263148291438 22.739647162345225
    endloop
  endfacet
  facet normal -1 0 0
    outer loop
      vertex 116.3 2.4 36.4
      vertex 116.3 2.4 38.8
      vertex 116.3 87.69999999999999 38.8
    endloop
  endfacet
  facet normal 0 0 1
    outer loop
      vertex 116.3 2.4 38.8
      vertex 118.7 2.4 38.8
      vertex 118.7 87.69999999999999 38.8
    endloop
  endfacet
  facet normal 1 0 0
    outer loop
      vertex 118.7 2.4 38.8
      vertex 118.7 54.458400076627726 24.24159992337227
      vertex 118.7 54.832874587178225 24.58100383579731
    endloop
  endfacet
  facet normal 1 0 0
    outer loop
      vertex 118.7 2.4 38.8
      vertex 118.7 54.832874587178225 24.58100383579731
      vertex 118.7 55.238813301920885 24.88206850588322
    endloop
  endfacet
  facet normal 1 0 0
    outer loop
      vertex 118.7 2.4 38.8
      vertex 118.7 55.238813301920885 24.88206850588322
      vertex 118.7 55.67230680435895 25.141894510388376
    endloop
  endfacet
  facet normal 1 0 0
    outer loop
      vertex 118.7 2.4 38.8
      vertex 118.7 55.67230680435895 25.141894510388376
      vertex 118.7 56.12918032556772 25.35797959417105
    endloop
  endfacet
  facet normal 1 0 0
    outer loop
      vertex 118.7 2.4 38.8
      vertex 118.7 56.12918032556772 25.35797959417105
      vertex 118.7 56.6050339102745 25.52824272811413
    endloop
  endfacet
  facet normal 1 0 0
    outer loop
      vertex 118.7 2.4 38.8
      vertex 118.7 56.6050339102745 25.52824272811413
      vertex 118.7 57.095284840464586 25.651044195890428
    endloop
  endfacet
  facet normal 1 0 0
    outer loop
      vertex 118.7 2.4 38.8
      vertex 118.7 57.095284840464586 25.651044195890428
      vertex 118.7 57.59521172791719 25.725201344490053
    endloop
  endfacet
  facet normal 1 0 0
    outer loop
      vertex 118.7 2.4 38.8
      vertex 118.7 57.59521172791719 25.725201344490053
      vertex 118.7 58.099999999999994 25.749999998509885
    endloop
  endfacet
  facet normal -1 0 0
    outer loop
      vertex 116.3 2.4 36.4
      vertex 116.3 87.69999999999999 38.8
      vertex 116.3 19.48055580766532 22.708688352866947
    endloop
  endfacet
  facet normal 1 0 0
    outer loop
      vertex 118.7 2.4 38.8
      vertex 118.7 58.099999999999994 25.749999998509885
      vertex 118.7 58.6047882720828 25.725201344490053
    endloop
  endfacet
  facet normal 1 0 0
    outer loop
      vertex 118.7 2.4 38.8
      vertex 118.7 58.6047882720828 25.725201344490053
      vertex 118.7 59.1047151595354 25.651044195890428
    endloop
  endfacet
  facet normal -1 0 0
    outer loop
      vertex 116.3 0 2.4
      vertex 116.3 58.099999999999994 13.317900000512601
      vertex 116.3 90.1 2.4
    endloop
  endfacet
  facet normal 1 0 0
    outer loop
      vertex 118.7 0 2.4
      vertex 118.7 90.1 2.4
      vertex 118.7 58.099999999999994 13.317900000512601
    endloop
  endfacet
  facet normal 1 0 0
    outer loop
      vertex 118.7 54.47014387547969 16.947756125032903
      vertex 118.7 29.294476000992137 18.81234033354953
      vertex 118.7 58.099999999999994 13.317900000512601
    endloop
  endfacet
  facet normal 1 0 0
    outer loop
      vertex 118.7 58.099999999999994 13.317900000512601
      vertex 118.7 75.39999999999999 18.450000000000003
      vertex 118.7 61.729856124520296 16.947756125032903
    endloop
  endfacet
  facet normal -1 0 0
    outer loop
      vertex 116.3 62.38206850588321 17.738813301920892
      vertex 116.3 74.03605443904816 18.938027525270115
      vertex 116.3 62.081003835797304 17.33287458717823
    endloop
  endfacet
  facet normal 1 0 0
    outer loop
      vertex 118.7 61.729856124520296 16.947756125032903
      vertex 118.7 74.7758879439029 18.542578278175753
      vertex 118.7 61.74159992337226 16.958400076627733
    endloop
  endfacet
  facet normal 1 0 0
    outer loop
      vertex 118.7 61.74159992337226 16.958400076627733
      vertex 118.7 74.7758879439029 18.542578278175753
      vertex 118.7 62.081003835797304 17.33287458717823
    endloop
  endfacet
  facet normal 1 0 0
    outer loop
      vertex 118.7 62.081003835797304 17.33287458717823
      vertex 118.7 74.38649701582409 18.703869281651038
      vertex 118.7 62.38206850588321 17.738813301920892
    endloop
  endfacet
  facet normal -1 0 0
    outer loop
      vertex 116.3 62.64189451038837 18.17230680435896
      vertex 116.3 73.87972042044892 19.079720420448925
      vertex 116.3 62.38206850588321 17.738813301920892
    endloop
  endfacet
  facet normal -1 0 0
    outer loop
      vertex 116.3 62.85797959417104 18.629180325567724
      vertex 116.3 73.73802752527011 19.236054439048164
      vertex 116.3 62.64189451038837 18.17230680435896
    endloop
  endfacet
  facet normal -1 0 0
    outer loop
      vertex 116.3 63.02824272811412 19.105033910274507
      vertex 116.3 73.50386928165103 19.586497015824108
      vertex 116.3 62.85797959417104 18.629180325567724
    endloop
  endfacet
  facet normal 1 0 0
    outer loop
      vertex 118.7 62.38206850588321 17.738813301920892
      vertex 118.7 74.03605443904816 18.938027525270115
      vertex 118.7 62.64189451038837 18.17230680435896
    endloop
  endfacet
  facet normal 1 0 0
    outer loop
      vertex 118.7 62.64189451038837 18.17230680435896
      vertex 118.7 73.87972042044892 19.079720420448925
      vertex 118.7 62.85797959417104 18.629180325567724
    endloop
  endfacet
  facet normal 1 0 0
    outer loop
      vertex 118.7 62.85797959417104 18.629180325567724
      vertex 118.7 73.61234033354953 19.40552399900786
      vertex 118.7 63.02824272811412 19.105033910274507
    endloop
  endfacet
  facet normal -1 0 0
    outer loop
      vertex 116.3 90.1 2.4
      vertex 116.3 58.099999999999994 13.317900000512601
      vertex 116.3 61.729856124520296 16.947756125032903
    endloop
  endfacet
  facet normal -1 0 0
    outer loop
      vertex 116.3 90.1 2.4
      vertex 116.3 61.729856124520296 16.947756125032903
      vertex 116.3 61.74159992337226 16.958400076627733
    endloop
  endfacet
  facet normal -1 0 0
    outer loop
      vertex 116.3 90.1 2.4
      vertex 116.3 61.74159992337226 16.958400076627733
      vertex 116.3 62.081003835797304 17.33287458717823
    endloop
  endfacet
  facet normal 1 0 0
    outer loop
      vertex 118.7 90.1 2.4
      vertex 118.7 75.39999999999999 18.450000000000003
      vertex 118.7 58.099999999999994 13.317900000512601
    endloop
  endfacet
  facet normal -1 0 0
    outer loop
      vertex 116.3 90.1 2.4
      vertex 116.3 62.081003835797304 17.33287458717823
      vertex 116.3 74.03605443904816 18.938027525270115
    endloop
  endfacet
  facet normal -1 0 0
    outer loop
      vertex 116.3 74.03605443904816 18.938027525270115
      vertex 116.3 62.38206850588321 17.738813301920892
      vertex 116.3 73.87972042044892 19.079720420448925
    endloop
  endfacet
  facet normal -1 0 0
    outer loop
      vertex 116.3 62.64189451038837 18.17230680435896
      vertex 116.3 73.73802752527011 19.236054439048164
      vertex 116.3 73.87972042044892 19.079720420448925
    endloop
  endfacet
  facet normal -1 0 0
    outer loop
      vertex 116.3 62.85797959417104 18.629180325567724
      vertex 116.3 73.61234033354953 19.40552399900786
      vertex 116.3 73.73802752527011 19.236054439048164
    endloop
  endfacet
  facet normal -1 0 0
    outer loop
      vertex 116.3 73.61234033354953 19.40552399900786
      vertex 116.3 62.85797959417104 18.629180325567724
      vertex 116.3 73.50386928165103 19.586497015824108
    endloop
  endfacet
  facet normal 1 0 0
    outer loop
      vertex 118.7 62.081003835797304 17.33287458717823
      vertex 118.7 74.57723062041505 18.613659005100736
      vertex 118.7 74.38649701582409 18.703869281651038
    endloop
  endfacet
  facet normal 1 0 0
    outer loop
      vertex 118.7 74.38649701582409 18.703869281651038
      vertex 118.7 74.20552399900785 18.81234033354953
      vertex 118.7 62.38206850588321 17.738813301920892
    endloop
  endfacet
  facet normal 1 0 0
    outer loop
      vertex 118.7 62.38206850588321 17.738813301920892
      vertex 118.7 74.20552399900785 18.81234033354953
      vertex 118.7 74.03605443904816 18.938027525270115
    endloop
  endfacet
  facet normal 1 0 0
    outer loop
      vertex 118.7 73.87972042044892 19.079720420448925
      vertex 118.7 62.64189451038837 18.17230680435896
      vertex 118.7 74.03605443904816 18.938027525270115
    endloop
  endfacet
  facet normal 1 0 0
    outer loop
      vertex 118.7 73.73802752527011 19.236054439048164
      vertex 118.7 62.85797959417104 18.629180325567724
      vertex 118.7 73.87972042044892 19.079720420448925
    endloop
  endfacet
  facet normal 1 0 0
    outer loop
      vertex 118.7 73.73802752527011 19.236054439048164
      vertex 118.7 73.61234033354953 19.40552399900786
      vertex 118.7 62.85797959417104 18.629180325567724
    endloop
  endfacet
  facet normal 1 0 0
    outer loop
      vertex 118.7 73.50386928165103 19.586497015824108
      vertex 118.7 63.02824272811412 19.105033910274507
      vertex 118.7 73.61234033354953 19.40552399900786
    endloop
  endfacet
  facet normal 1 0 0
    outer loop
      vertex 118.7 74.7758879439029 18.542578278175753
      vertex 118.7 61.729856124520296 16.947756125032903
      vertex 118.7 74.98055580766531 18.491311647133056
    endloop
  endfacet
  facet normal 1 0 0
    outer loop
      vertex 118.7 75.18926314829143 18.460352837654778
      vertex 118.7 74.98055580766531 18.491311647133056
      vertex 118.7 61.729856124520296 16.947756125032903
    endloop
  endfacet
  facet normal 1 0 0
    outer loop
      vertex 118.7 74.7758879439029 18.542578278175753
      vertex 118.7 74.57723062041505 18.613659005100736
      vertex 118.7 62.081003835797304 17.33287458717823
    endloop
  endfacet
  facet normal 1 0 0
    outer loop
      vertex 118.7 75.39999999999999 18.450000000000003
      vertex 118.7 75.18926314829143 18.460352837654778
      vertex 118.7 61.729856124520296 16.947756125032903
    endloop
  endfacet
  facet normal -1 0 0
    outer loop
      vertex 116.3 90.1 2.4
      vertex 116.3 74.57723062041505 18.613659005100736
      vertex 116.3 74.7758879439029 18.542578278175753
    endloop
  endfacet
  facet normal -1 0 0
    outer loop
      vertex 116.3 90.1 2.4
      vertex 116.3 74.38649701582409 18.703869281651038
      vertex 116.3 74.57723062041505 18.613659005100736
    endloop
  endfacet
  facet normal -1 0 0
    outer loop
      vertex 116.3 90.1 2.4
      vertex 116.3 74.20552399900785 18.81234033354953
      vertex 116.3 74.38649701582409 18.703869281651038
    endloop
  endfacet
  facet normal -1 0 0
    outer loop
      vertex 116.3 90.1 2.4
      vertex 116.3 74.7758879439029 18.542578278175753
      vertex 116.3 74.98055580766531 18.491311647133056
    endloop
  endfacet
  facet normal -1 0 0
    outer loop
      vertex 116.3 90.1 2.4
      vertex 116.3 75.18926314829143 18.460352837654778
      vertex 116.3 75.39999999999999 18.450000000000003
    endloop
  endfacet
  facet normal -1 0 0
    outer loop
      vertex 116.3 90.1 2.4
      vertex 116.3 74.98055580766531 18.491311647133056
      vertex 116.3 75.18926314829143 18.460352837654778
    endloop
  endfacet
  facet normal -1 0 0
    outer loop
      vertex 116.3 90.1 2.4
      vertex 116.3 74.03605443904816 18.938027525270115
      vertex 116.3 74.20552399900785 18.81234033354953
    endloop
  endfacet
  facet normal -1 0 0
    outer loop
      vertex 116.3 90.1 2.4
      vertex 116.3 75.39999999999999 18.450000000000003
      vertex 116.3 83.6 18.450000000000003
    endloop
  endfacet
  facet normal 1 0 0
    outer loop
      vertex 118.7 90.1 2.4
      vertex 118.7 83.6 18.450000000000003
      vertex 118.7 75.39999999999999 18.450000000000003
    endloop
  endfacet
  facet normal -1 0 0
    outer loop
      vertex 116.3 90.1 2.4
      vertex 116.3 83.6 18.450000000000003
      vertex 116.3 83.81073685170855 18.460352837654778
    endloop
  endfacet
  facet normal -1 0 0
    outer loop
      vertex 116.3 90.1 2.4
      vertex 116.3 83.81073685170855 18.460352837654778
      vertex 116.3 84.01944419233467 18.491311647133056
    endloop
  endfacet
  facet normal -1 0 0
    outer loop
      vertex 116.3 90.1 2.4
      vertex 116.3 84.01944419233467 18.491311647133056
      vertex 116.3 84.22411205609708 18.542578278175753
    endloop
  endfacet
  facet normal -1 0 0
    outer loop
      vertex 116.3 90.1 2.4
      vertex 116.3 84.22411205609708 18.542578278175753
      vertex 116.3 84.42276937958493 18.613659005100736
    endloop
  endfacet
  facet normal -1 0 0
    outer loop
      vertex 116.3 90.1 2.4
      vertex 116.3 84.42276937958493 18.613659005100736
      vertex 116.3 84.6135029841759 18.703869281651038
    endloop
  endfacet
  facet normal -1 0 0
    outer loop
      vertex 116.3 90.1 2.4
      vertex 116.3 84.6135029841759 18.703869281651038
      vertex 116.3 84.79447600099213 18.81234033354953
    endloop
  endfacet
  facet normal 1 0 0
    outer loop
      vertex 118.7 90.1 2.4
      vertex 118.7 83.81073685170855 18.460352837654778
      vertex 118.7 83.6 18.450000000000003
    endloop
  endfacet
  facet normal 1 0 0
    outer loop
      vertex 118.7 90.1 2.4
      vertex 118.7 84.01944419233467 18.491311647133056
      vertex 118.7 83.81073685170855 18.460352837654778
    endloop
  endfacet
  facet normal 1 0 0
    outer loop
      vertex 118.7 90.1 2.4
      vertex 118.7 84.22411205609708 18.542578278175753
      vertex 118.7 84.01944419233467 18.491311647133056
    endloop
  endfacet
  facet normal 1 0 0
    outer loop
      vertex 118.7 90.1 2.4
      vertex 118.7 84.42276937958493 18.613659005100736
      vertex 118.7 84.22411205609708 18.542578278175753
    endloop
  endfacet
  facet normal 1 0 0
    outer loop
      vertex 118.7 90.1 2.4
      vertex 118.7 84.6135029841759 18.703869281651038
      vertex 118.7 84.42276937958493 18.613659005100736
    endloop
  endfacet
  facet normal 1 0 0
    outer loop
      vertex 118.7 90.1 2.4
      vertex 118.7 84.79447600099213 18.81234033354953
      vertex 118.7 84.6135029841759 18.703869281651038
    endloop
  endfacet
  facet normal -1 0 0
    outer loop
      vertex 116.3 90.1 2.4
      vertex 116.3 84.79447600099213 18.81234033354953
      vertex 116.3 84.96394556095183 18.938027525270115
    endloop
  endfacet
  facet normal -1 0 0
    outer loop
      vertex 116.3 90.1 2.4
      vertex 116.3 84.96394556095183 18.938027525270115
      vertex 116.3 85.12027957955107 19.079720420448925
    endloop
  endfacet
  facet normal -1 0 0
    outer loop
      vertex 116.3 90.1 2.4
      vertex 116.3 85.12027957955107 19.079720420448925
      vertex 116.3 85.26197247472987 19.236054439048164
    endloop
  endfacet
  facet normal -1 0 0
    outer loop
      vertex 116.3 90.1 2.4
      vertex 116.3 85.26197247472987 19.236054439048164
      vertex 116.3 85.38765966645046 19.40552399900786
    endloop
  endfacet
  facet normal -1 0 0
    outer loop
      vertex 116.3 90.1 2.4
      vertex 116.3 85.38765966645046 19.40552399900786
      vertex 116.3 85.49613071834895 19.586497015824108
    endloop
  endfacet
  facet normal -1 0 0
    outer loop
      vertex 116.3 90.1 2.4
      vertex 116.3 85.49613071834895 19.586497015824108
      vertex 116.3 85.58634099489926 19.777230620415057
    endloop
  endfacet
  facet normal -1 0 0
    outer loop
      vertex 116.3 90.1 2.4
      vertex 116.3 85.58634099489926 19.777230620415057
      vertex 116.3 85.65742172182425 19.975887943902908
    endloop
  endfacet
  facet normal -1 0 0
    outer loop
      vertex 116.3 90.1 2.4
      vertex 116.3 85.65742172182425 19.975887943902908
      vertex 116.3 85.70868835286694 20.180555807665325
    endloop
  endfacet
  facet normal -1 0 0
    outer loop
      vertex 116.3 90.1 2.4
      vertex 116.3 85.70868835286694 20.180555807665325
      vertex 116.3 85.73964716234522 20.389263148291445
    endloop
  endfacet
  facet normal 1 0 0
    outer loop
      vertex 118.7 90.1 2.4
      vertex 118.7 84.96394556095183 18.938027525270115
      vertex 118.7 84.79447600099213 18.81234033354953
    endloop
  endfacet
  facet normal 1 0 0
    outer loop
      vertex 118.7 90.1 2.4
      vertex 118.7 85.12027957955107 19.079720420448925
      vertex 118.7 84.96394556095183 18.938027525270115
    endloop
  endfacet
  facet normal 1 0 0
    outer loop
      vertex 118.7 90.1 2.4
      vertex 118.7 85.26197247472987 19.236054439048164
      vertex 118.7 85.12027957955107 19.079720420448925
    endloop
  endfacet
  facet normal 1 0 0
    outer loop
      vertex 118.7 90.1 2.4
      vertex 118.7 85.38765966645046 19.40552399900786
      vertex 118.7 85.26197247472987 19.236054439048164
    endloop
  endfacet
  facet normal 1 0 0
    outer loop
      vertex 118.7 90.1 2.4
      vertex 118.7 85.49613071834895 19.586497015824108
      vertex 118.7 85.38765966645046 19.40552399900786
    endloop
  endfacet
  facet normal 1 0 0
    outer loop
      vertex 118.7 90.1 2.4
      vertex 118.7 85.58634099489926 19.777230620415057
      vertex 118.7 85.49613071834895 19.586497015824108
    endloop
  endfacet
  facet normal 1 0 0
    outer loop
      vertex 118.7 90.1 2.4
      vertex 118.7 85.65742172182425 19.975887943902908
      vertex 118.7 85.58634099489926 19.777230620415057
    endloop
  endfacet
  facet normal 1 0 0
    outer loop
      vertex 118.7 90.1 2.4
      vertex 118.7 85.70868835286694 20.180555807665325
      vertex 118.7 85.65742172182425 19.975887943902908
    endloop
  endfacet
  facet normal 1 0 0
    outer loop
      vertex 118.7 90.1 2.4
      vertex 118.7 85.73964716234522 20.389263148291445
      vertex 118.7 85.70868835286694 20.180555807665325
    endloop
  endfacet
  facet normal 1 0 0
    outer loop
      vertex 118.7 90.1 2.4
      vertex 118.7 85.75 20.6
      vertex 118.7 85.73964716234522 20.389263148291445
    endloop
  endfacet
  facet normal 0 1 0
    outer loop
      vertex 116.3 90.1 2.4
      vertex 116.3 90.1 36.4
      vertex 118.7 90.1 2.4
    endloop
  endfacet
  facet normal -1 0 0
    outer loop
      vertex 116.3 0 2.4
      vertex 116.3 87.69999999999999 38.8
      vertex 116.3 56.12918032556772 25.35797959417105
    endloop
  endfacet
  facet normal -1 0 0
    outer loop
      vertex 116.3 87.69999999999999 38.8
      vertex 116.3 28.724112056097088 18.542578278175753
      vertex 116.3 28.92276937958494 18.613659005100736
    endloop
  endfacet
  facet normal -1 0 0
    outer loop
      vertex 116.3 87.69999999999999 38.8
      vertex 116.3 28.92276937958494 18.613659005100736
      vertex 116.3 29.113502984175888 18.703869281651038
    endloop
  endfacet
  facet normal -1 0 0
    outer loop
      vertex 116.3 87.69999999999999 38.8
      vertex 116.3 29.113502984175888 18.703869281651038
      vertex 116.3 29.294476000992137 18.81234033354953
    endloop
  endfacet
  facet normal -1 0 0
    outer loop
      vertex 116.3 87.69999999999999 38.8
      vertex 116.3 29.294476000992137 18.81234033354953
      vertex 116.3 29.46394556095183 18.938027525270115
    endloop
  endfacet
  facet normal -1 0 0
    outer loop
      vertex 116.3 87.69999999999999 38.8
      vertex 116.3 29.46394556095183 18.938027525270115
      vertex 116.3 29.62027957955107 19.079720420448925
    endloop
  endfacet
  facet normal -1 0 0
    outer loop
      vertex 116.3 87.69999999999999 38.8
      vertex 116.3 29.62027957955107 19.079720420448925
      vertex 116.3 29.76197247472988 19.236054439048164
    endloop
  endfacet
  facet normal -1 0 0
    outer loop
      vertex 116.3 87.69999999999999 38.8
      vertex 116.3 29.76197247472988 19.236054439048164
      vertex 116.3 29.887659666450467 19.40552399900786
    endloop
  endfacet
  facet normal -1 0 0
    outer loop
      vertex 116.3 87.69999999999999 38.8
      vertex 116.3 29.887659666450467 19.40552399900786
      vertex 116.3 29.996130718348958 19.586497015824108
    endloop
  endfacet
  facet normal -1 0 0
    outer loop
      vertex 116.3 87.69999999999999 38.8
      vertex 116.3 29.996130718348958 19.586497015824108
      vertex 116.3 30.08634099489926 19.777230620415057
    endloop
  endfacet
  facet normal -1 0 0
    outer loop
      vertex 116.3 87.69999999999999 38.8
      vertex 116.3 30.08634099489926 19.777230620415057
      vertex 116.3 30.157421721824242 19.975887943902908
    endloop
  endfacet
  facet normal -1 0 0
    outer loop
      vertex 116.3 87.69999999999999 38.8
      vertex 116.3 30.157421721824242 19.975887943902908
      vertex 116.3 30.20868835286694 20.180555807665325
    endloop
  endfacet
  facet normal -1 0 0
    outer loop
      vertex 116.3 87.69999999999999 38.8
      vertex 116.3 30.20868835286694 20.180555807665325
      vertex 116.3 30.239647162345218 20.389263148291445
    endloop
  endfacet
  facet normal -1 0 0
    outer loop
      vertex 116.3 87.69999999999999 38.8
      vertex 116.3 30.239647162345218 20.389263148291445
      vertex 116.3 30.249999999999993 20.6
    endloop
  endfacet
  facet normal -1 0 0
    outer loop
      vertex 116.3 87.69999999999999 38.8
      vertex 116.3 28.099999999999994 22.75
      vertex 116.3 19.899999999999995 22.75
    endloop
  endfacet
  facet normal 1 0 0
    outer loop
      vertex 118.7 2.4 38.8
      vertex 118.7 59.1047151595354 25.651044195890428
      vertex 118.7 74.20552399900785 22.387659666450475
    endloop
  endfacet
  facet normal -1 0 0
    outer loop
      vertex 116.3 87.69999999999999 38.8
      vertex 116.3 30.08634099489926 21.422769379584945
      vertex 116.3 29.996130718348958 21.613502984175895
    endloop
  endfacet
  facet normal -1 0 0
    outer loop
      vertex 116.3 87.69999999999999 38.8
      vertex 116.3 29.996130718348958 21.613502984175895
      vertex 116.3 29.887659666450467 21.794476000992145
    endloop
  endfacet
  facet normal -1 0 0
    outer loop
      vertex 116.3 87.69999999999999 38.8
      vertex 116.3 29.887659666450467 21.794476000992145
      vertex 116.3 29.76197247472988 21.96394556095184
    endloop
  endfacet
  facet normal -1 0 0
    outer loop
      vertex 116.3 87.69999999999999 38.8
      vertex 116.3 29.46394556095183 22.261972474729887
      vertex 116.3 29.294476000992137 22.387659666450475
    endloop
  endfacet
  facet normal -1 0 0
    outer loop
      vertex 116.3 87.69999999999999 38.8
      vertex 116.3 29.76197247472988 21.96394556095184
      vertex 116.3 29.62027957955107 22.120279579551077
    endloop
  endfacet
  facet normal -1 0 0
    outer loop
      vertex 116.3 87.69999999999999 38.8
      vertex 116.3 29.62027957955107 22.120279579551077
      vertex 116.3 29.46394556095183 22.261972474729887
    endloop
  endfacet
  facet normal -1 0 0
    outer loop
      vertex 116.3 87.69999999999999 38.8
      vertex 116.3 30.249999999999993 20.6
      vertex 116.3 30.239647162345218 20.81073685170856
    endloop
  endfacet
  facet normal -1 0 0
    outer loop
      vertex 116.3 87.69999999999999 38.8
      vertex 116.3 30.239647162345218 20.81073685170856
      vertex 116.3 30.20868835286694 21.019444192334678
    endloop
  endfacet
  facet normal -1 0 0
    outer loop
      vertex 116.3 87.69999999999999 38.8
      vertex 116.3 30.20868835286694 21.019444192334678
      vertex 116.3 30.157421721824242 21.224112056097095
    endloop
  endfacet
  facet normal -1 0 0
    outer loop
      vertex 116.3 87.69999999999999 38.8
      vertex 116.3 30.157421721824242 21.224112056097095
      vertex 116.3 30.08634099489926 21.422769379584945
    endloop
  endfacet
  facet normal -1 0 0
    outer loop
      vertex 116.3 87.69999999999999 38.8
      vertex 116.3 28.31073685170855 22.739647162345225
      vertex 116.3 28.099999999999994 22.75
    endloop
  endfacet
  facet normal -1 0 0
    outer loop
      vertex 116.3 87.69999999999999 38.8
      vertex 116.3 28.51944419233467 22.708688352866947
      vertex 116.3 28.31073685170855 22.739647162345225
    endloop
  endfacet
  facet normal -1 0 0
    outer loop
      vertex 116.3 87.69999999999999 38.8
      vertex 116.3 28.92276937958494 22.586340994899267
      vertex 116.3 28.724112056097088 22.65742172182425
    endloop
  endfacet
  facet normal -1 0 0
    outer loop
      vertex 116.3 87.69999999999999 38.8
      vertex 116.3 28.724112056097088 22.65742172182425
      vertex 116.3 28.51944419233467 22.708688352866947
    endloop
  endfacet
  facet normal -1 0 0
    outer loop
      vertex 116.3 87.69999999999999 38.8
      vertex 116.3 29.113502984175888 22.496130718348965
      vertex 116.3 28.92276937958494 22.586340994899267
    endloop
  endfacet
  facet normal -1 0 0
    outer loop
      vertex 116.3 87.69999999999999 38.8
      vertex 116.3 29.294476000992137 22.387659666450475
      vertex 116.3 29.113502984175888 22.496130718348965
    endloop
  endfacet
  facet normal 1 0 0
    outer loop
      vertex 118.7 2.4 38.8
      vertex 118.7 74.20552399900785 22.387659666450475
      vertex 118.7 74.38649701582409 22.496130718348965
    endloop
  endfacet
  facet normal 1 0 0
    outer loop
      vertex 118.7 2.4 38.8
      vertex 118.7 74.38649701582409 22.496130718348965
      vertex 118.7 74.57723062041505 22.586340994899267
    endloop
  endfacet
  facet normal 1 0 0
    outer loop
      vertex 118.7 2.4 38.8
      vertex 118.7 74.57723062041505 22.586340994899267
      vertex 118.7 74.7758879439029 22.65742172182425
    endloop
  endfacet
  facet normal 1 0 0
    outer loop
      vertex 118.7 2.4 38.8
      vertex 118.7 74.7758879439029 22.65742172182425
      vertex 118.7 74.98055580766531 22.708688352866947
    endloop
  endfacet
  facet normal 1 0 0
    outer loop
      vertex 118.7 2.4 38.8
      vertex 118.7 74.98055580766531 22.708688352866947
      vertex 118.7 75.18926314829143 22.739647162345225
    endloop
  endfacet
  facet normal -1 0 0
    outer loop
      vertex 116.3 63.15104419589042 19.595284840464593
      vertex 116.3 73.41365900510073 19.777230620415057
      vertex 116.3 63.02824272811412 19.105033910274507
    endloop
  endfacet
  facet normal -1 0 0
    outer loop
      vertex 116.3 63.225201344490046 20.095211727917196
      vertex 116.3 73.34257827817574 19.975887943902908
      vertex 116.3 63.15104419589042 19.595284840464593
    endloop
  endfacet
  facet normal -1 0 0
    outer loop
      vertex 116.3 63.24999999850988 20.6
      vertex 116.3 73.26035283765476 20.389263148291445
      vertex 116.3 63.225201344490046 20.095211727917196
    endloop
  endfacet
  facet normal 1 0 0
    outer loop
      vertex 118.7 63.02824272811412 19.105033910274507
      vertex 118.7 73.41365900510073 19.777230620415057
      vertex 118.7 63.15104419589042 19.595284840464593
    endloop
  endfacet
  facet normal 1 0 0
    outer loop
      vertex 118.7 63.15104419589042 19.595284840464593
      vertex 118.7 73.29131164713304 20.180555807665325
      vertex 118.7 63.225201344490046 20.095211727917196
    endloop
  endfacet
  facet normal 1 0 0
    outer loop
      vertex 118.7 63.225201344490046 20.095211727917196
      vertex 118.7 73.26035283765476 20.389263148291445
      vertex 118.7 63.24999999850988 20.6
    endloop
  endfacet
  facet normal -1 0 0
    outer loop
      vertex 116.3 63.225201344490046 21.104788272082807
      vertex 116.3 73.24999999999999 20.6
      vertex 116.3 63.24999999850988 20.6
    endloop
  endfacet
  facet normal -1 0 0
    outer loop
      vertex 116.3 63.15104419589042 21.60471515953541
      vertex 116.3 73.29131164713304 21.019444192334678
      vertex 116.3 63.225201344490046 21.104788272082807
    endloop
  endfacet
  facet normal -1 0 0
    outer loop
      vertex 116.3 63.02824272811412 22.094966089725496
      vertex 116.3 73.34257827817574 21.224112056097095
      vertex 116.3 63.15104419589042 21.60471515953541
    endloop
  endfacet
  facet normal 1 0 0
    outer loop
      vertex 118.7 63.24999999850988 20.6
      vertex 118.7 73.26035283765476 20.81073685170856
      vertex 118.7 63.225201344490046 21.104788272082807
    endloop
  endfacet
  facet normal 1 0 0
    outer loop
      vertex 118.7 63.225201344490046 21.104788272082807
      vertex 118.7 73.29131164713304 21.019444192334678
      vertex 118.7 63.15104419589042 21.60471515953541
    endloop
  endfacet
  facet normal 1 0 0
    outer loop
      vertex 118.7 63.15104419589042 21.60471515953541
      vertex 118.7 73.34257827817574 21.224112056097095
      vertex 118.7 63.02824272811412 22.094966089725496
    endloop
  endfacet
  facet normal -1 0 0
    outer loop
      vertex 116.3 62.85797959417104 22.57081967443228
      vertex 116.3 73.41365900510073 21.422769379584945
      vertex 116.3 63.02824272811412 22.094966089725496
    endloop
  endfacet
  facet normal -1 0 0
    outer loop
      vertex 116.3 62.64189451038837 23.027693195641042
      vertex 116.3 73.61234033354953 21.794476000992145
      vertex 116.3 62.85797959417104 22.57081967443228
    endloop
  endfacet
  facet normal -1 0 0
    outer loop
      vertex 116.3 62.38206850588321 23.46118669807911
      vertex 116.3 73.73802752527011 21.96394556095184
      vertex 116.3 62.64189451038837 23.027693195641042
    endloop
  endfacet
  facet normal 1 0 0
    outer loop
      vertex 118.7 63.02824272811412 22.094966089725496
      vertex 118.7 73.50386928165103 21.613502984175895
      vertex 118.7 62.85797959417104 22.57081967443228
    endloop
  endfacet
  facet normal 1 0 0
    outer loop
      vertex 118.7 62.85797959417104 22.57081967443228
      vertex 118.7 73.61234033354953 21.794476000992145
      vertex 118.7 62.64189451038837 23.027693195641042
    endloop
  endfacet
  facet normal 1 0 0
    outer loop
      vertex 118.7 62.64189451038837 23.027693195641042
      vertex 118.7 73.73802752527011 21.96394556095184
      vertex 118.7 62.38206850588321 23.46118669807911
    endloop
  endfacet
  facet normal -1 0 0
    outer loop
      vertex 116.3 62.081003835797304 23.86712541282177
      vertex 116.3 74.03605443904816 22.261972474729887
      vertex 116.3 62.38206850588321 23.46118669807911
    endloop
  endfacet
  facet normal 1 0 0
    outer loop
      vertex 118.7 62.38206850588321 23.46118669807911
      vertex 118.7 74.03605443904816 22.261972474729887
      vertex 118.7 62.081003835797304 23.86712541282177
    endloop
  endfacet
  facet normal 1 0 0
    outer loop
      vertex 118.7 62.081003835797304 23.86712541282177
      vertex 118.7 74.20552399900785 22.387659666450475
      vertex 118.7 61.74159992337226 24.24159992337227
    endloop
  endfacet
  facet normal 1 0 0
    outer loop
      vertex 118.7 60.9611866980791 24.88206850588322
      vertex 118.7 74.20552399900785 22.387659666450475
      vertex 118.7 60.527693195641035 25.141894510388376
    endloop
  endfacet
  facet normal 1 0 0
    outer loop
      vertex 118.7 61.74159992337226 24.24159992337227
      vertex 118.7 74.20552399900785 22.387659666450475
      vertex 118.7 61.367125412821764 24.58100383579731
    endloop
  endfacet
  facet normal 1 0 0
    outer loop
      vertex 118.7 61.367125412821764 24.58100383579731
      vertex 118.7 74.20552399900785 22.387659666450475
      vertex 118.7 60.9611866980791 24.88206850588322
    endloop
  endfacet
  facet normal 1 0 0
    outer loop
      vertex 118.7 59.59496608972549 25.52824272811413
      vertex 118.7 74.20552399900785 22.387659666450475
      vertex 118.7 59.1047151595354 25.651044195890428
    endloop
  endfacet
  facet normal 1 0 0
    outer loop
      vertex 118.7 60.07081967443227 25.35797959417105
      vertex 118.7 74.20552399900785 22.387659666450475
      vertex 118.7 59.59496608972549 25.52824272811413
    endloop
  endfacet
  facet normal 1 0 0
    outer loop
      vertex 118.7 60.527693195641035 25.141894510388376
      vertex 118.7 74.20552399900785 22.387659666450475
      vertex 118.7 60.07081967443227 25.35797959417105
    endloop
  endfacet
  facet normal 1 0 0
    outer loop
      vertex 118.7 2.4 38.8
      vertex 118.7 75.18926314829143 22.739647162345225
      vertex 118.7 90.1 36.4
    endloop
  endfacet
  facet normal -1 0 0
    outer loop
      vertex 116.3 87.69999999999999 38.8
      vertex 116.3 56.6050339102745 25.52824272811413
      vertex 116.3 56.12918032556772 25.35797959417105
    endloop
  endfacet
  facet normal -1 0 0
    outer loop
      vertex 116.3 87.69999999999999 38.8
      vertex 116.3 57.095284840464586 25.651044195890428
      vertex 116.3 56.6050339102745 25.52824272811413
    endloop
  endfacet
  facet normal -1 0 0
    outer loop
      vertex 116.3 87.69999999999999 38.8
      vertex 116.3 57.59521172791719 25.725201344490053
      vertex 116.3 57.095284840464586 25.651044195890428
    endloop
  endfacet
  facet normal 0 0 1
    outer loop
      vertex 116.3 2.4 38.8
      vertex 116.36392896781354 87.69999999999999 38.8
      vertex 116.3 87.69999999999999 38.8
    endloop
  endfacet
  facet normal 1 0 0
    outer loop
      vertex 118.7 2.4 38.8
      vertex 118.7 90.1 36.4
      vertex 118.7 87.69999999999999 38.8
    endloop
  endfacet
  facet normal 0 0 1
    outer loop
      vertex 116.3 2.4 38.8
      vertex 118.7 87.69999999999999 38.8
      vertex 116.36392896781354 87.69999999999999 38.8
    endloop
  endfacet
  facet normal -1 0 0
    outer loop
      vertex 116.3 73.50386928165103 19.586497015824108
      vertex 116.3 63.02824272811412 19.105033910274507
      vertex 116.3 73.41365900510073 19.777230620415057
    endloop
  endfacet
  facet normal -1 0 0
    outer loop
      vertex 116.3 63.15104419589042 19.595284840464593
      vertex 116.3 73.34257827817574 19.975887943902908
      vertex 116.3 73.41365900510073 19.777230620415057
    endloop
  endfacet
  facet normal -1 0 0
    outer loop
      vertex 116.3 63.225201344490046 20.095211727917196
      vertex 116.3 73.29131164713304 20.180555807665325
      vertex 116.3 73.34257827817574 19.975887943902908
    endloop
  endfacet
  facet normal -1 0 0
    outer loop
      vertex 116.3 73.29131164713304 20.180555807665325
      vertex 116.3 63.225201344490046 20.095211727917196
      vertex 116.3 73.26035283765476 20.389263148291445
    endloop
  endfacet
  facet normal -1 0 0
    outer loop
      vertex 116.3 63.24999999850988 20.6
      vertex 116.3 73.24999999999999 20.6
      vertex 116.3 73.26035283765476 20.389263148291445
    endloop
  endfacet
  facet normal 1 0 0
    outer loop
      vertex 118.7 63.02824272811412 19.105033910274507
      vertex 118.7 73.50386928165103 19.586497015824108
      vertex 118.7 73.41365900510073 19.777230620415057
    endloop
  endfacet
  facet normal 1 0 0
    outer loop
      vertex 118.7 73.34257827817574 19.975887943902908
      vertex 118.7 63.15104419589042 19.595284840464593
      vertex 118.7 73.41365900510073 19.777230620415057
    endloop
  endfacet
  facet normal 1 0 0
    outer loop
      vertex 118.7 63.15104419589042 19.595284840464593
      vertex 118.7 73.34257827817574 19.975887943902908
      vertex 118.7 73.29131164713304 20.180555807665325
    endloop
  endfacet
  facet normal 1 0 0
    outer loop
      vertex 118.7 73.26035283765476 20.389263148291445
      vertex 118.7 63.225201344490046 20.095211727917196
      vertex 118.7 73.29131164713304 20.180555807665325
    endloop
  endfacet
  facet normal 1 0 0
    outer loop
      vertex 118.7 73.26035283765476 20.389263148291445
      vertex 118.7 73.24999999999999 20.6
      vertex 118.7 63.24999999850988 20.6
    endloop
  endfacet
  facet normal -1 0 0
    outer loop
      vertex 116.3 73.24999999999999 20.6
      vertex 116.3 63.225201344490046 21.104788272082807
      vertex 116.3 73.26035283765476 20.81073685170856
    endloop
  endfacet
  facet normal -1 0 0
    outer loop
      vertex 116.3 63.225201344490046 21.104788272082807
      vertex 116.3 73.29131164713304 21.019444192334678
      vertex 116.3 73.26035283765476 20.81073685170856
    endloop
  endfacet
  facet normal -1 0 0
    outer loop
      vertex 116.3 73.29131164713304 21.019444192334678
      vertex 116.3 63.15104419589042 21.60471515953541
      vertex 116.3 73.34257827817574 21.224112056097095
    endloop
  endfacet
  facet normal -1 0 0
    outer loop
      vertex 116.3 63.02824272811412 22.094966089725496
      vertex 116.3 73.41365900510073 21.422769379584945
      vertex 116.3 73.34257827817574 21.224112056097095
    endloop
  endfacet
  facet normal 1 0 0
    outer loop
      vertex 118.7 63.24999999850988 20.6
      vertex 118.7 73.24999999999999 20.6
      vertex 118.7 73.26035283765476 20.81073685170856
    endloop
  endfacet
  facet normal 1 0 0
    outer loop
      vertex 118.7 73.26035283765476 20.81073685170856
      vertex 118.7 73.29131164713304 21.019444192334678
      vertex 118.7 63.225201344490046 21.104788272082807
    endloop
  endfacet
  facet normal 1 0 0
    outer loop
      vertex 118.7 73.34257827817574 21.224112056097095
      vertex 118.7 63.15104419589042 21.60471515953541
      vertex 118.7 73.29131164713304 21.019444192334678
    endloop
  endfacet
  facet normal 1 0 0
    outer loop
      vertex 118.7 73.34257827817574 21.224112056097095
      vertex 118.7 73.41365900510073 21.422769379584945
      vertex 118.7 63.02824272811412 22.094966089725496
    endloop
  endfacet
  facet normal 1 0 0
    outer loop
      vertex 118.7 73.50386928165103 21.613502984175895
      vertex 118.7 63.02824272811412 22.094966089725496
      vertex 118.7 73.41365900510073 21.422769379584945
    endloop
  endfacet
  facet normal -1 0 0
    outer loop
      vertex 116.3 73.41365900510073 21.422769379584945
      vertex 116.3 62.85797959417104 22.57081967443228
      vertex 116.3 73.50386928165103 21.613502984175895
    endloop
  endfacet
  facet normal -1 0 0
    outer loop
      vertex 116.3 73.61234033354953 21.794476000992145
      vertex 116.3 73.50386928165103 21.613502984175895
      vertex 116.3 62.85797959417104 22.57081967443228
    endloop
  endfacet
  facet normal -1 0 0
    outer loop
      vertex 116.3 73.73802752527011 21.96394556095184
      vertex 116.3 73.61234033354953 21.794476000992145
      vertex 116.3 62.64189451038837 23.027693195641042
    endloop
  endfacet
  facet normal -1 0 0
    outer loop
      vertex 116.3 62.38206850588321 23.46118669807911
      vertex 116.3 73.87972042044892 22.120279579551077
      vertex 116.3 73.73802752527011 21.96394556095184
    endloop
  endfacet
  facet normal -1 0 0
    outer loop
      vertex 116.3 73.87972042044892 22.120279579551077
      vertex 116.3 62.38206850588321 23.46118669807911
      vertex 116.3 74.03605443904816 22.261972474729887
    endloop
  endfacet
  facet normal -1 0 0
    outer loop
      vertex 116.3 74.03605443904816 22.261972474729887
      vertex 116.3 62.081003835797304 23.86712541282177
      vertex 116.3 74.20552399900785 22.387659666450475
    endloop
  endfacet
  facet normal 1 0 0
    outer loop
      vertex 118.7 73.50386928165103 21.613502984175895
      vertex 118.7 73.61234033354953 21.794476000992145
      vertex 118.7 62.85797959417104 22.57081967443228
    endloop
  endfacet
  facet normal 1 0 0
    outer loop
      vertex 118.7 73.61234033354953 21.794476000992145
      vertex 118.7 73.73802752527011 21.96394556095184
      vertex 118.7 62.64189451038837 23.027693195641042
    endloop
  endfacet
  facet normal 1 0 0
    outer loop
      vertex 118.7 73.73802752527011 21.96394556095184
      vertex 118.7 73.87972042044892 22.120279579551077
      vertex 118.7 62.38206850588321 23.46118669807911
    endloop
  endfacet
  facet normal 1 0 0
    outer loop
      vertex 118.7 74.03605443904816 22.261972474729887
      vertex 118.7 62.38206850588321 23.46118669807911
      vertex 118.7 73.87972042044892 22.120279579551077
    endloop
  endfacet
  facet normal 1 0 0
    outer loop
      vertex 118.7 74.20552399900785 22.387659666450475
      vertex 118.7 62.081003835797304 23.86712541282177
      vertex 118.7 74.03605443904816 22.261972474729887
    endloop
  endfacet
  facet normal -1 0 0
    outer loop
      vertex 116.3 87.69999999999999 36.4
      vertex 116.3 61.74159992337226 24.24159992337227
      vertex 116.3 61.367125412821764 24.58100383579731
    endloop
  endfacet
  facet normal -1 0 0
    outer loop
      vertex 116.3 87.69999999999999 36.4
      vertex 116.3 60.07081967443227 25.35797959417105
      vertex 116.3 59.59496608972549 25.52824272811413
    endloop
  endfacet
  facet normal -1 0 0
    outer loop
      vertex 116.3 87.69999999999999 36.4
      vertex 116.3 60.527693195641035 25.141894510388376
      vertex 116.3 60.07081967443227 25.35797959417105
    endloop
  endfacet
  facet normal -1 0 0
    outer loop
      vertex 116.3 87.69999999999999 36.4
      vertex 116.3 61.367125412821764 24.58100383579731
      vertex 116.3 60.9611866980791 24.88206850588322
    endloop
  endfacet
  facet normal -1 0 0
    outer loop
      vertex 116.3 87.69999999999999 36.4
      vertex 116.3 60.9611866980791 24.88206850588322
      vertex 116.3 60.527693195641035 25.141894510388376
    endloop
  endfacet
  facet normal -1 0 0
    outer loop
      vertex 116.3 87.69999999999999 36.4
      vertex 116.3 62.081003835797304 23.86712541282177
      vertex 116.3 61.74159992337226 24.24159992337227
    endloop
  endfacet
  facet normal -1 0 0
    outer loop
      vertex 116.3 87.69999999999999 36.4
      vertex 116.3 74.20552399900785 22.387659666450475
      vertex 116.3 62.081003835797304 23.86712541282177
    endloop
  endfacet
  facet normal -1 0 0
    outer loop
      vertex 116.3 87.69999999999999 36.4
      vertex 116.3 74.38649701582409 22.496130718348965
      vertex 116.3 74.20552399900785 22.387659666450475
    endloop
  endfacet
  facet normal -1 0 0
    outer loop
      vertex 116.3 90.1 2.4
      vertex 116.3 85.73964716234522 20.389263148291445
      vertex 116.3 87.69999999999999 36.4
    endloop
  endfacet
  facet normal 1 0 0
    outer loop
      vertex 118.7 90.1 2.4
      vertex 118.7 90.1 36.4
      vertex 118.7 85.75 20.6
    endloop
  endfacet
  facet normal -1 0 0
    outer loop
      vertex 116.3 87.69999999999999 36.4
      vertex 116.3 74.57723062041505 22.586340994899267
      vertex 116.3 74.38649701582409 22.496130718348965
    endloop
  endfacet
  facet normal -1 0 0
    outer loop
      vertex 116.3 87.69999999999999 36.4
      vertex 116.3 74.7758879439029 22.65742172182425
      vertex 116.3 74.57723062041505 22.586340994899267
    endloop
  endfacet
  facet normal -1 0 0
    outer loop
      vertex 116.3 87.69999999999999 36.4
      vertex 116.3 74.98055580766531 22.708688352866947
      vertex 116.3 74.7758879439029 22.65742172182425
    endloop
  endfacet
  facet normal -1 0 0
    outer loop
      vertex 116.3 87.69999999999999 36.4
      vertex 116.3 75.18926314829143 22.739647162345225
      vertex 116.3 74.98055580766531 22.708688352866947
    endloop
  endfacet
  facet normal -1 0 0
    outer loop
      vertex 116.3 87.69999999999999 36.4
      vertex 116.3 75.39999999999999 22.75
      vertex 116.3 75.18926314829143 22.739647162345225
    endloop
  endfacet
  facet normal 1 0 0
    outer loop
      vertex 118.7 90.1 36.4
      vertex 118.7 75.18926314829143 22.739647162345225
      vertex 118.7 75.39999999999999 22.75
    endloop
  endfacet
  facet normal -1 0 0
    outer loop
      vertex 116.3 87.69999999999999 36.4
      vertex 116.3 83.6 22.75
      vertex 116.3 75.39999999999999 22.75
    endloop
  endfacet
  facet normal 1 0 0
    outer loop
      vertex 118.7 90.1 36.4
      vertex 118.7 75.39999999999999 22.75
      vertex 118.7 83.6 22.75
    endloop
  endfacet
  facet normal -1 0 0
    outer loop
      vertex 116.3 87.69999999999999 36.4
      vertex 116.3 85.73964716234522 20.389263148291445
      vertex 116.3 85.75 20.6
    endloop
  endfacet
  facet normal -1 0 0
    outer loop
      vertex 116.3 87.69999999999999 36.4
      vertex 116.3 85.75 20.6
      vertex 116.3 85.73964716234522 20.81073685170856
    endloop
  endfacet
  facet normal -1 0 0
    outer loop
      vertex 116.3 87.69999999999999 36.4
      vertex 116.3 85.73964716234522 20.81073685170856
      vertex 116.3 85.70868835286694 21.019444192334678
    endloop
  endfacet
  facet normal -1 0 0
    outer loop
      vertex 116.3 87.69999999999999 36.4
      vertex 116.3 85.70868835286694 21.019444192334678
      vertex 116.3 85.65742172182425 21.224112056097095
    endloop
  endfacet
  facet normal -1 0 0
    outer loop
      vertex 116.3 87.69999999999999 36.4
      vertex 116.3 85.65742172182425 21.224112056097095
      vertex 116.3 85.58634099489926 21.422769379584945
    endloop
  endfacet
  facet normal -1 0 0
    outer loop
      vertex 116.3 87.69999999999999 36.4
      vertex 116.3 85.49613071834895 21.613502984175895
      vertex 116.3 85.38765966645046 21.794476000992145
    endloop
  endfacet
  facet normal -1 0 0
    outer loop
      vertex 116.3 87.69999999999999 36.4
      vertex 116.3 85.58634099489926 21.422769379584945
      vertex 116.3 85.49613071834895 21.613502984175895
    endloop
  endfacet
  facet normal 1 0 0
    outer loop
      vertex 118.7 90.1 36.4
      vertex 118.7 85.73964716234522 20.81073685170856
      vertex 118.7 85.75 20.6
    endloop
  endfacet
  facet normal 1 0 0
    outer loop
      vertex 118.7 90.1 36.4
      vertex 118.7 85.70868835286694 21.019444192334678
      vertex 118.7 85.73964716234522 20.81073685170856
    endloop
  endfacet
  facet normal 1 0 0
    outer loop
      vertex 118.7 90.1 36.4
      vertex 118.7 85.65742172182425 21.224112056097095
      vertex 118.7 85.70868835286694 21.019444192334678
    endloop
  endfacet
  facet normal 1 0 0
    outer loop
      vertex 118.7 90.1 36.4
      vertex 118.7 85.58634099489926 21.422769379584945
      vertex 118.7 85.65742172182425 21.224112056097095
    endloop
  endfacet
  facet normal 1 0 0
    outer loop
      vertex 118.7 90.1 36.4
      vertex 118.7 85.49613071834895 21.613502984175895
      vertex 118.7 85.58634099489926 21.422769379584945
    endloop
  endfacet
  facet normal 1 0 0
    outer loop
      vertex 118.7 90.1 36.4
      vertex 118.7 85.38765966645046 21.794476000992145
      vertex 118.7 85.49613071834895 21.613502984175895
    endloop
  endfacet
  facet normal -1 0 0
    outer loop
      vertex 116.3 90.1 2.4
      vertex 116.3 87.69999999999999 36.4
      vertex 116.3 90.1 36.4
    endloop
  endfacet
  facet normal 0 1 0
    outer loop
      vertex 118.7 90.1 2.4
      vertex 116.3 90.1 36.4
      vertex 116.3 90.1 36.44852569502949
    endloop
  endfacet
  facet normal 0 1 0
    outer loop
      vertex 118.7 90.1 2.4
      vertex 116.3 90.1 36.44852569502949
      vertex 118.7 90.1 36.4
    endloop
  endfacet
  facet normal -1 0 0
    outer loop
      vertex 116.3 87.69999999999999 36.4
      vertex 116.3 84.22411205609708 22.65742172182425
      vertex 116.3 84.01944419233467 22.708688352866947
    endloop
  endfacet
  facet normal -1 0 0
    outer loop
      vertex 116.3 87.69999999999999 36.4
      vertex 116.3 84.42276937958493 22.586340994899267
      vertex 116.3 84.22411205609708 22.65742172182425
    endloop
  endfacet
  facet normal -1 0 0
    outer loop
      vertex 116.3 87.69999999999999 36.4
      vertex 116.3 84.96394556095183 22.261972474729887
      vertex 116.3 84.79447600099213 22.387659666450475
    endloop
  endfacet
  facet normal -1 0 0
    outer loop
      vertex 116.3 87.69999999999999 36.4
      vertex 116.3 84.79447600099213 22.387659666450475
      vertex 116.3 84.6135029841759 22.496130718348965
    endloop
  endfacet
  facet normal -1 0 0
    outer loop
      vertex 116.3 87.69999999999999 36.4
      vertex 116.3 84.6135029841759 22.496130718348965
      vertex 116.3 84.42276937958493 22.586340994899267
    endloop
  endfacet
  facet normal -1 0 0
    outer loop
      vertex 116.3 87.69999999999999 36.4
      vertex 116.3 83.81073685170855 22.739647162345225
      vertex 116.3 83.6 22.75
    endloop
  endfacet
  facet normal -1 0 0
    outer loop
      vertex 116.3 87.69999999999999 36.4
      vertex 116.3 84.01944419233467 22.708688352866947
      vertex 116.3 83.81073685170855 22.739647162345225
    endloop
  endfacet
  facet normal -1 0 0
    outer loop
      vertex 116.3 87.69999999999999 36.4
      vertex 116.3 85.38765966645046 21.794476000992145
      vertex 116.3 85.26197247472987 21.96394556095184
    endloop
  endfacet
  facet normal -1 0 0
    outer loop
      vertex 116.3 87.69999999999999 36.4
      vertex 116.3 85.26197247472987 21.96394556095184
      vertex 116.3 85.12027957955107 22.120279579551077
    endloop
  endfacet
  facet normal -1 0 0
    outer loop
      vertex 116.3 87.69999999999999 36.4
      vertex 116.3 85.12027957955107 22.120279579551077
      vertex 116.3 84.96394556095183 22.261972474729887
    endloop
  endfacet
  facet normal 1 0 0
    outer loop
      vertex 118.7 90.1 36.4
      vertex 118.7 83.6 22.75
      vertex 118.7 83.81073685170855 22.739647162345225
    endloop
  endfacet
  facet normal 1 0 0
    outer loop
      vertex 118.7 90.1 36.4
      vertex 118.7 84.01944419233467 22.708688352866947
      vertex 118.7 84.22411205609708 22.65742172182425
    endloop
  endfacet
  facet normal 1 0 0
    outer loop
      vertex 118.7 90.1 36.4
      vertex 118.7 84.6135029841759 22.496130718348965
      vertex 118.7 84.79447600099213 22.387659666450475
    endloop
  endfacet
  facet normal 1 0 0
    outer loop
      vertex 118.7 90.1 36.4
      vertex 118.7 84.42276937958493 22.586340994899267
      vertex 118.7 84.6135029841759 22.496130718348965
    endloop
  endfacet
  facet normal 1 0 0
    outer loop
      vertex 118.7 90.1 36.4
      vertex 118.7 84.22411205609708 22.65742172182425
      vertex 118.7 84.42276937958493 22.586340994899267
    endloop
  endfacet
  facet normal 1 0 0
    outer loop
      vertex 118.7 90.1 36.4
      vertex 118.7 85.26197247472987 21.96394556095184
      vertex 118.7 85.38765966645046 21.794476000992145
    endloop
  endfacet
  facet normal 1 0 0
    outer loop
      vertex 118.7 90.1 36.4
      vertex 118.7 84.96394556095183 22.261972474729887
      vertex 118.7 85.12027957955107 22.120279579551077
    endloop
  endfacet
  facet normal 1 0 0
    outer loop
      vertex 118.7 90.1 36.4
      vertex 118.7 85.12027957955107 22.120279579551077
      vertex 118.7 85.26197247472987 21.96394556095184
    endloop
  endfacet
  facet normal 1 0 0
    outer loop
      vertex 118.7 90.1 36.4
      vertex 118.7 84.79447600099213 22.387659666450475
      vertex 118.7 84.96394556095183 22.261972474729887
    endloop
  endfacet
  facet normal 1 0 0
    outer loop
      vertex 118.7 90.1 36.4
      vertex 118.7 83.81073685170855 22.739647162345225
      vertex 118.7 84.01944419233467 22.708688352866947
    endloop
  endfacet
  facet normal -1 0 0
    outer loop
      vertex 116.3 87.69999999999999 38.8
      vertex 116.3 58.099999999999994 25.749999998509885
      vertex 116.3 57.59521172791719 25.725201344490053
    endloop
  endfacet
  facet normal -1 0 0
    outer loop
      vertex 116.3 87.69999999999999 38.8
      vertex 116.3 58.6047882720828 25.725201344490053
      vertex 116.3 58.099999999999994 25.749999998509885
    endloop
  endfacet
  facet normal -1 0 0
    outer loop
      vertex 116.3 87.69999999999999 38.8
      vertex 116.3 59.59496608972549 25.52824272811413
      vertex 116.3 59.1047151595354 25.651044195890428
    endloop
  endfacet
  facet normal -1 0 0
    outer loop
      vertex 116.3 87.69999999999999 38.8
      vertex 116.3 59.1047151595354 25.651044195890428
      vertex 116.3 58.6047882720828 25.725201344490053
    endloop
  endfacet
  facet normal -1 0 0
    outer loop
      vertex 116.3 87.69999999999999 36.4
      vertex 116.3 59.59496608972549 25.52824272811413
      vertex 116.3 87.69999999999999 38.8
    endloop
  endfacet
  facet normal 0 0 1
    outer loop
      vertex 116.36392896781354 87.69999999999999 38.8
      vertex 118.7 87.69999999999999 38.8
      vertex 116.36267013811252 87.7472585650255 38.8
    endloop
  endfacet
  facet normal 0 0.7409511253549512 0.6715589548470271
    outer loop
      vertex 0 18.37972042044892 19.079720420448925
      vertex 0 18.23802752527011 19.236054439048164
      vertex 2.4 18.23802752527011 19.236054439048164
    endloop
  endfacet
  facet normal 0 0.8032075314806483 0.5956993044924289
    outer loop
      vertex 0 18.23802752527011 19.236054439048164
      vertex 0 18.112340333549522 19.40552399900786
      vertex 2.4 18.112340333549522 19.40552399900786
    endloop
  endfacet
  facet normal 0 0.8032075314806483 0.5956993044924289
    outer loop
      vertex 0 18.23802752527011 19.236054439048164
      vertex 2.4 18.112340333549522 19.40552399900786
      vertex 2.4 18.23802752527011 19.236054439048164
    endloop
  endfacet
  facet normal 0 0.5141027441932208 0.8577286100002726
    outer loop
      vertex 0 18.8864970158241 18.703869281651038
      vertex 0 18.705523999007852 18.81234033354953
      vertex 2.4 18.705523999007852 18.81234033354953
    endloop
  endfacet
  facet normal 0 0.4275550934302804 0.903989293123444
    outer loop
      vertex 0 18.8864970158241 18.703869281651038
      vertex 2.4 18.8864970158241 18.703869281651038
      vertex 0 19.07723062041505 18.613659005100736
    endloop
  endfacet
  facet normal 0 0.14673047445536402 0.9891765099647805
    outer loop
      vertex 0 19.48055580766532 18.491311647133056
      vertex 2.4 19.48055580766532 18.491311647133056
      vertex 0 19.689263148291438 18.460352837654778
    endloop
  endfacet
  facet normal 0 0.33688985339221816 0.9415440651830215
    outer loop
      vertex 0 19.07723062041505 18.613659005100736
      vertex 2.4 19.07723062041505 18.613659005100736
      vertex 0 19.2758879439029 18.542578278175753
    endloop
  endfacet
  facet normal 0 0.24298017990326923 0.9700312531945426
    outer loop
      vertex 0 19.2758879439029 18.542578278175753
      vertex 2.4 19.2758879439029 18.542578278175753
      vertex 0 19.48055580766532 18.491311647133056
    endloop
  endfacet
  facet normal 0 0.5141027441932208 0.8577286100002726
    outer loop
      vertex 0 18.8864970158241 18.703869281651038
      vertex 2.4 18.705523999007852 18.81234033354953
      vertex 2.4 18.8864970158241 18.703869281651038
    endloop
  endfacet
  facet normal 0 0.14673047445536402 0.9891765099647805
    outer loop
      vertex 0 19.689263148291438 18.460352837654778
      vertex 2.4 19.48055580766532 18.491311647133056
      vertex 2.4 19.689263148291438 18.460352837654778
    endloop
  endfacet
  facet normal 0 0.33688985339221816 0.9415440651830215
    outer loop
      vertex 0 19.2758879439029 18.542578278175753
      vertex 2.4 19.07723062041505 18.613659005100736
      vertex 2.4 19.2758879439029 18.542578278175753
    endloop
  endfacet
  facet normal 0 0.4275550934302804 0.903989293123444
    outer loop
      vertex 0 19.07723062041505 18.613659005100736
      vertex 2.4 18.8864970158241 18.703869281651038
      vertex 2.4 19.07723062041505 18.613659005100736
    endloop
  endfacet
  facet normal 0 0.24298017990326923 0.9700312531945426
    outer loop
      vertex 0 19.48055580766532 18.491311647133056
      vertex 2.4 19.2758879439029 18.542578278175753
      vertex 2.4 19.48055580766532 18.491311647133056
    endloop
  endfacet
  facet normal 0 0.5956993044924289 0.8032075314806483
    outer loop
      vertex 0 18.536054439048158 18.938027525270115
      vertex 2.4 18.536054439048158 18.938027525270115
      vertex 0 18.705523999007852 18.81234033354953
    endloop
  endfacet
  facet normal 0 0.6715589548470271 0.7409511253549512
    outer loop
      vertex 0 18.37972042044892 19.079720420448925
      vertex 2.4 18.37972042044892 19.079720420448925
      vertex 0 18.536054439048158 18.938027525270115
    endloop
  endfacet
  facet normal 0 0.5956993044924289 0.8032075314806483
    outer loop
      vertex 0 18.705523999007852 18.81234033354953
      vertex 2.4 18.536054439048158 18.938027525270115
      vertex 2.4 18.705523999007852 18.81234033354953
    endloop
  endfacet
  facet normal 0 0.6715589548470271 0.7409511253549512
    outer loop
      vertex 0 18.536054439048158 18.938027525270115
      vertex 2.4 18.37972042044892 19.079720420448925
      vertex 2.4 18.536054439048158 18.938027525270115
    endloop
  endfacet
  facet normal 0 0.7409511253549512 0.6715589548470271
    outer loop
      vertex 0 18.37972042044892 19.079720420448925
      vertex 2.4 18.23802752527011 19.236054439048164
      vertex 2.4 18.37972042044892 19.079720420448925
    endloop
  endfacet
  facet normal 0 0.04906767432740972 0.9987954562051728
    outer loop
      vertex 0 19.689263148291438 18.460352837654778
      vertex 2.4 19.689263148291438 18.460352837654778
      vertex 0 19.899999999999995 18.450000000000003
    endloop
  endfacet
  facet normal 0 0.04906767432740972 0.9987954562051728
    outer loop
      vertex 0 19.899999999999995 18.450000000000003
      vertex 2.4 19.689263148291438 18.460352837654778
      vertex 2.4 19.899999999999995 18.450000000000003
    endloop
  endfacet
  facet normal 0 0 1
    outer loop
      vertex 0 28.099999999999994 18.450000000000003
      vertex 0 19.899999999999995 18.450000000000003
      vertex 2.4 19.899999999999995 18.450000000000003
    endloop
  endfacet
  facet normal 0 0 1
    outer loop
      vertex 0 28.099999999999994 18.450000000000003
      vertex 2.4 19.899999999999995 18.450000000000003
      vertex 2.4 28.099999999999994 18.450000000000003
    endloop
  endfacet
  facet normal 0 -0.04906767432740972 0.9987954562051728
    outer loop
      vertex 0 28.099999999999994 18.450000000000003
      vertex 2.4 28.099999999999994 18.450000000000003
      vertex 0 28.31073685170855 18.460352837654778
    endloop
  endfacet
  facet normal 0 -0.14673047445536402 0.9891765099647805
    outer loop
      vertex 0 28.31073685170855 18.460352837654778
      vertex 2.4 28.31073685170855 18.460352837654778
      vertex 0 28.51944419233467 18.491311647133056
    endloop
  endfacet
  facet normal 0 -0.24298017990326923 0.9700312531945426
    outer loop
      vertex 0 28.51944419233467 18.491311647133056
      vertex 2.4 28.51944419233467 18.491311647133056
      vertex 0 28.724112056097088 18.542578278175753
    endloop
  endfacet
  facet normal 0 -0.33688985339221816 0.9415440651830215
    outer loop
      vertex 0 28.724112056097088 18.542578278175753
      vertex 2.4 28.724112056097088 18.542578278175753
      vertex 0 28.92276937958494 18.613659005100736
    endloop
  endfacet
  facet normal 0 -0.4275550934302804 0.903989293123444
    outer loop
      vertex 0 28.92276937958494 18.613659005100736
      vertex 2.4 28.92276937958494 18.613659005100736
      vertex 0 29.113502984175888 18.703869281651038
    endloop
  endfacet
  facet normal 0 -0.5141027441932208 0.8577286100002726
    outer loop
      vertex 0 29.113502984175888 18.703869281651038
      vertex 2.4 29.113502984175888 18.703869281651038
      vertex 0 29.294476000992137 18.81234033354953
    endloop
  endfacet
  facet normal 0 -0.04906767432740972 0.9987954562051728
    outer loop
      vertex 0 28.31073685170855 18.460352837654778
      vertex 2.4 28.099999999999994 18.450000000000003
      vertex 2.4 28.31073685170855 18.460352837654778
    endloop
  endfacet
  facet normal 0 -0.14673047445536402 0.9891765099647805
    outer loop
      vertex 0 28.51944419233467 18.491311647133056
      vertex 2.4 28.31073685170855 18.460352837654778
      vertex 2.4 28.51944419233467 18.491311647133056
    endloop
  endfacet
  facet normal 0 -0.24298017990326923 0.9700312531945426
    outer loop
      vertex 0 28.724112056097088 18.542578278175753
      vertex 2.4 28.51944419233467 18.491311647133056
      vertex 2.4 28.724112056097088 18.542578278175753
    endloop
  endfacet
  facet normal 0 -0.33688985339221816 0.9415440651830215
    outer loop
      vertex 0 28.92276937958494 18.613659005100736
      vertex 2.4 28.724112056097088 18.542578278175753
      vertex 2.4 28.92276937958494 18.613659005100736
    endloop
  endfacet
  facet normal 0 -0.4275550934302804 0.903989293123444
    outer loop
      vertex 0 29.113502984175888 18.703869281651038
      vertex 2.4 28.92276937958494 18.613659005100736
      vertex 2.4 29.113502984175888 18.703869281651038
    endloop
  endfacet
  facet normal 0 -0.5141027441932208 0.8577286100002726
    outer loop
      vertex 0 29.294476000992137 18.81234033354953
      vertex 2.4 29.113502984175888 18.703869281651038
      vertex 2.4 29.294476000992137 18.81234033354953
    endloop
  endfacet
  facet normal 0 -0.5956993044924289 0.8032075314806483
    outer loop
      vertex 0 29.294476000992137 18.81234033354953
      vertex 2.4 29.294476000992137 18.81234033354953
      vertex 0 29.46394556095183 18.938027525270115
    endloop
  endfacet
  facet normal 0 -0.6715589548470271 0.7409511253549512
    outer loop
      vertex 0 29.46394556095183 18.938027525270115
      vertex 2.4 29.46394556095183 18.938027525270115
      vertex 0 29.62027957955107 19.079720420448925
    endloop
  endfacet
  facet normal 0 -0.5956993044924289 0.8032075314806483
    outer loop
      vertex 0 29.46394556095183 18.938027525270115
      vertex 2.4 29.294476000992137 18.81234033354953
      vertex 2.4 29.46394556095183 18.938027525270115
    endloop
  endfacet
  facet normal 0 -0.7409511253549512 0.6715589548470271
    outer loop
      vertex 0 29.62027957955107 19.079720420448925
      vertex 2.4 29.62027957955107 19.079720420448925
      vertex 0 29.76197247472988 19.236054439048164
    endloop
  endfacet
  facet normal 0 -0.8032075314806483 0.5956993044924289
    outer loop
      vertex 0 29.76197247472988 19.236054439048164
      vertex 2.4 29.76197247472988 19.236054439048164
      vertex 0 29.887659666450467 19.40552399900786
    endloop
  endfacet
  facet normal 0 -0.6715589548470271 0.7409511253549512
    outer loop
      vertex 0 29.62027957955107 19.079720420448925
      vertex 2.4 29.46394556095183 18.938027525270115
      vertex 2.4 29.62027957955107 19.079720420448925
    endloop
  endfacet
  facet normal 0 -0.7409511253549512 0.6715589548470271
    outer loop
      vertex 0 29.76197247472988 19.236054439048164
      vertex 2.4 29.62027957955107 19.079720420448925
      vertex 2.4 29.76197247472988 19.236054439048164
    endloop
  endfacet
  facet normal 0 -0.8032075314806483 0.5956993044924289
    outer loop
      vertex 0 29.887659666450467 19.40552399900786
      vertex 2.4 29.76197247472988 19.236054439048164
      vertex 2.4 29.887659666450467 19.40552399900786
    endloop
  endfacet
  facet normal 0 0.8577286100002726 0.5141027441932208
    outer loop
      vertex 0 18.112340333549522 19.40552399900786
      vertex 0 18.00386928165103 19.586497015824108
      vertex 2.4 18.00386928165103 19.586497015824108
    endloop
  endfacet
  facet normal 0 0.903989293123444 0.4275550934302804
    outer loop
      vertex 0 17.91365900510073 19.777230620415057
      vertex 2.4 17.91365900510073 19.777230620415057
      vertex 0 18.00386928165103 19.586497015824108
    endloop
  endfacet
  facet normal 0 0.9415440651830215 0.33688985339221816
    outer loop
      vertex 0 17.91365900510073 19.777230620415057
      vertex 0 17.842578278175747 19.975887943902908
      vertex 2.4 17.842578278175747 19.975887943902908
    endloop
  endfacet
  facet normal 0 0.8577286100002726 0.5141027441932208
    outer loop
      vertex 0 18.112340333549522 19.40552399900786
      vertex 2.4 18.00386928165103 19.586497015824108
      vertex 2.4 18.112340333549522 19.40552399900786
    endloop
  endfacet
  facet normal 0 0.903989293123444 0.4275550934302804
    outer loop
      vertex 0 18.00386928165103 19.586497015824108
      vertex 2.4 17.91365900510073 19.777230620415057
      vertex 2.4 18.00386928165103 19.586497015824108
    endloop
  endfacet
  facet normal 0 0.9415440651830215 0.33688985339221816
    outer loop
      vertex 0 17.91365900510073 19.777230620415057
      vertex 2.4 17.842578278175747 19.975887943902908
      vertex 2.4 17.91365900510073 19.777230620415057
    endloop
  endfacet
  facet normal 0 0.9700312531945426 0.24298017990326923
    outer loop
      vertex 0 17.842578278175747 19.975887943902908
      vertex 0 17.79131164713305 20.180555807665325
      vertex 2.4 17.79131164713305 20.180555807665325
    endloop
  endfacet
  facet normal 0 0.9891765099647805 0.14673047445536402
    outer loop
      vertex 0 17.79131164713305 20.180555807665325
      vertex 0 17.76035283765477 20.389263148291445
      vertex 2.4 17.76035283765477 20.389263148291445
    endloop
  endfacet
  facet normal 0 0.9987954562051728 0.04906767432740972
    outer loop
      vertex 0 17.76035283765477 20.389263148291445
      vertex 0 17.749999999999996 20.6
      vertex 2.4 17.749999999999996 20.6
    endloop
  endfacet
  facet normal 0 0.9700312531945426 0.24298017990326923
    outer loop
      vertex 0 17.842578278175747 19.975887943902908
      vertex 2.4 17.79131164713305 20.180555807665325
      vertex 2.4 17.842578278175747 19.975887943902908
    endloop
  endfacet
  facet normal 0 0.9891765099647805 0.14673047445536402
    outer loop
      vertex 0 17.79131164713305 20.180555807665325
      vertex 2.4 17.76035283765477 20.389263148291445
      vertex 2.4 17.79131164713305 20.180555807665325
    endloop
  endfacet
  facet normal 0 0.9987954562051728 0.04906767432740972
    outer loop
      vertex 0 17.76035283765477 20.389263148291445
      vertex 2.4 17.749999999999996 20.6
      vertex 2.4 17.76035283765477 20.389263148291445
    endloop
  endfacet
  facet normal 0 0.9987954562051728 -0.04906767432740972
    outer loop
      vertex 0 17.749999999999996 20.6
      vertex 0 17.76035283765477 20.81073685170856
      vertex 2.4 17.76035283765477 20.81073685170856
    endloop
  endfacet
  facet normal 0 0.9891765099647805 -0.14673047445536402
    outer loop
      vertex 0 17.79131164713305 21.019444192334678
      vertex 2.4 17.79131164713305 21.019444192334678
      vertex 0 17.76035283765477 20.81073685170856
    endloop
  endfacet
  facet normal 0 0.9700312531945426 -0.24298017990326923
    outer loop
      vertex 0 17.79131164713305 21.019444192334678
      vertex 0 17.842578278175747 21.224112056097095
      vertex 2.4 17.842578278175747 21.224112056097095
    endloop
  endfacet
  facet normal 0 0.9987954562051728 -0.04906767432740972
    outer loop
      vertex 0 17.749999999999996 20.6
      vertex 2.4 17.76035283765477 20.81073685170856
      vertex 2.4 17.749999999999996 20.6
    endloop
  endfacet
  facet normal 0 0.9891765099647805 -0.14673047445536402
    outer loop
      vertex 0 17.76035283765477 20.81073685170856
      vertex 2.4 17.79131164713305 21.019444192334678
      vertex 2.4 17.76035283765477 20.81073685170856
    endloop
  endfacet
  facet normal 0 0.9700312531945426 -0.24298017990326923
    outer loop
      vertex 0 17.79131164713305 21.019444192334678
      vertex 2.4 17.842578278175747 21.224112056097095
      vertex 2.4 17.79131164713305 21.019444192334678
    endloop
  endfacet
  facet normal 0 0.9415440651830215 -0.33688985339221816
    outer loop
      vertex 0 17.842578278175747 21.224112056097095
      vertex 0 17.91365900510073 21.422769379584945
      vertex 2.4 17.91365900510073 21.422769379584945
    endloop
  endfacet
  facet normal 0 0.903989293123444 -0.4275550934302804
    outer loop
      vertex 0 17.91365900510073 21.422769379584945
      vertex 0 18.00386928165103 21.613502984175895
      vertex 2.4 18.00386928165103 21.613502984175895
    endloop
  endfacet
  facet normal 0 0.8577286100002726 -0.5141027441932208
    outer loop
      vertex 0 18.00386928165103 21.613502984175895
      vertex 0 18.112340333549522 21.794476000992145
      vertex 2.4 18.112340333549522 21.794476000992145
    endloop
  endfacet
  facet normal 0 0.9415440651830215 -0.33688985339221816
    outer loop
      vertex 0 17.842578278175747 21.224112056097095
      vertex 2.4 17.91365900510073 21.422769379584945
      vertex 2.4 17.842578278175747 21.224112056097095
    endloop
  endfacet
  facet normal 0 0.903989293123444 -0.4275550934302804
    outer loop
      vertex 0 17.91365900510073 21.422769379584945
      vertex 2.4 18.00386928165103 21.613502984175895
      vertex 2.4 17.91365900510073 21.422769379584945
    endloop
  endfacet
  facet normal 0 0.8577286100002726 -0.5141027441932208
    outer loop
      vertex 0 18.00386928165103 21.613502984175895
      vertex 2.4 18.112340333549522 21.794476000992145
      vertex 2.4 18.00386928165103 21.613502984175895
    endloop
  endfacet
  facet normal 0 0.8032075314806483 -0.5956993044924289
    outer loop
      vertex 0 18.112340333549522 21.794476000992145
      vertex 0 18.23802752527011 21.96394556095184
      vertex 2.4 18.23802752527011 21.96394556095184
    endloop
  endfacet
  facet normal 0 0.8032075314806483 -0.5956993044924289
    outer loop
      vertex 0 18.112340333549522 21.794476000992145
      vertex 2.4 18.23802752527011 21.96394556095184
      vertex 2.4 18.112340333549522 21.794476000992145
    endloop
  endfacet
  facet normal 0 0.7409511253549512 -0.6715589548470271
    outer loop
      vertex 0 18.23802752527011 21.96394556095184
      vertex 2.4 18.37972042044892 22.120279579551077
      vertex 2.4 18.23802752527011 21.96394556095184
    endloop
  endfacet
  facet normal 0 0.7409511253549512 -0.6715589548470271
    outer loop
      vertex 0 18.23802752527011 21.96394556095184
      vertex 0 18.37972042044892 22.120279579551077
      vertex 2.4 18.37972042044892 22.120279579551077
    endloop
  endfacet
  facet normal 0 0.6715589548470271 -0.7409511253549512
    outer loop
      vertex 0 18.37972042044892 22.120279579551077
      vertex 0 18.536054439048158 22.261972474729887
      vertex 2.4 18.536054439048158 22.261972474729887
    endloop
  endfacet
  facet normal 0 0.5956993044924289 -0.8032075314806483
    outer loop
      vertex 0 18.705523999007852 22.387659666450475
      vertex 2.4 18.705523999007852 22.387659666450475
      vertex 0 18.536054439048158 22.261972474729887
    endloop
  endfacet
  facet normal 0 0.6715589548470271 -0.7409511253549512
    outer loop
      vertex 0 18.37972042044892 22.120279579551077
      vertex 2.4 18.536054439048158 22.261972474729887
      vertex 2.4 18.37972042044892 22.120279579551077
    endloop
  endfacet
  facet normal 0 0.5956993044924289 -0.8032075314806483
    outer loop
      vertex 0 18.536054439048158 22.261972474729887
      vertex 2.4 18.705523999007852 22.387659666450475
      vertex 2.4 18.536054439048158 22.261972474729887
    endloop
  endfacet
  facet normal 0 0.5141027441932208 -0.8577286100002726
    outer loop
      vertex 0 18.705523999007852 22.387659666450475
      vertex 2.4 18.8864970158241 22.496130718348965
      vertex 2.4 18.705523999007852 22.387659666450475
    endloop
  endfacet
  facet normal 0 0.5141027441932208 -0.8577286100002726
    outer loop
      vertex 0 18.705523999007852 22.387659666450475
      vertex 0 18.8864970158241 22.496130718348965
      vertex 2.4 18.8864970158241 22.496130718348965
    endloop
  endfacet
  facet normal 0 0.4275550934302804 -0.903989293123444
    outer loop
      vertex 0 18.8864970158241 22.496130718348965
      vertex 0 19.07723062041505 22.586340994899267
      vertex 2.4 19.07723062041505 22.586340994899267
    endloop
  endfacet
  facet normal 0 0.33688985339221816 -0.9415440651830215
    outer loop
      vertex 0 19.07723062041505 22.586340994899267
      vertex 0 19.2758879439029 22.65742172182425
      vertex 2.4 19.2758879439029 22.65742172182425
    endloop
  endfacet
  facet normal 0 0.24298017990326923 -0.9700312531945426
    outer loop
      vertex 0 19.2758879439029 22.65742172182425
      vertex 0 19.48055580766532 22.708688352866947
      vertex 2.4 19.48055580766532 22.708688352866947
    endloop
  endfacet
  facet normal 0 0.14673047445536402 -0.9891765099647805
    outer loop
      vertex 0 19.48055580766532 22.708688352866947
      vertex 0 19.689263148291438 22.739647162345225
      vertex 2.4 19.689263148291438 22.739647162345225
    endloop
  endfacet
  facet normal 0 0.4275550934302804 -0.903989293123444
    outer loop
      vertex 0 18.8864970158241 22.496130718348965
      vertex 2.4 19.07723062041505 22.586340994899267
      vertex 2.4 18.8864970158241 22.496130718348965
    endloop
  endfacet
  facet normal 0 0.33688985339221816 -0.9415440651830215
    outer loop
      vertex 0 19.07723062041505 22.586340994899267
      vertex 2.4 19.2758879439029 22.65742172182425
      vertex 2.4 19.07723062041505 22.586340994899267
    endloop
  endfacet
  facet normal 0 0.24298017990326923 -0.9700312531945426
    outer loop
      vertex 0 19.2758879439029 22.65742172182425
      vertex 2.4 19.48055580766532 22.708688352866947
      vertex 2.4 19.2758879439029 22.65742172182425
    endloop
  endfacet
  facet normal 0 0.14673047445536402 -0.9891765099647805
    outer loop
      vertex 0 19.48055580766532 22.708688352866947
      vertex 2.4 19.689263148291438 22.739647162345225
      vertex 2.4 19.48055580766532 22.708688352866947
    endloop
  endfacet
  facet normal 0 0.04906767432740972 -0.9987954562051728
    outer loop
      vertex 0 19.899999999999995 22.75
      vertex 2.4 19.899999999999995 22.75
      vertex 0 19.689263148291438 22.739647162345225
    endloop
  endfacet
  facet normal 0 0.04906767432740972 -0.9987954562051728
    outer loop
      vertex 0 19.689263148291438 22.739647162345225
      vertex 2.4 19.899999999999995 22.75
      vertex 2.4 19.689263148291438 22.739647162345225
    endloop
  endfacet
  facet normal 0 0 -1
    outer loop
      vertex 0 19.899999999999995 22.75
      vertex 2.4 28.099999999999994 22.75
      vertex 2.4 19.899999999999995 22.75
    endloop
  endfacet
  facet normal 0 0 -1
    outer loop
      vertex 0 28.099999999999994 22.75
      vertex 2.4 28.099999999999994 22.75
      vertex 0 19.899999999999995 22.75
    endloop
  endfacet
  facet normal 0 -0.8577286100002726 0.5141027441932208
    outer loop
      vertex 0 29.887659666450467 19.40552399900786
      vertex 2.4 29.887659666450467 19.40552399900786
      vertex 0 29.996130718348958 19.586497015824108
    endloop
  endfacet
  facet normal 0 -0.903989293123444 0.4275550934302804
    outer loop
      vertex 0 29.996130718348958 19.586497015824108
      vertex 2.4 29.996130718348958 19.586497015824108
      vertex 0 30.08634099489926 19.777230620415057
    endloop
  endfacet
  facet normal 0 -0.9415440651830215 0.33688985339221816
    outer loop
      vertex 0 30.08634099489926 19.777230620415057
      vertex 2.4 30.08634099489926 19.777230620415057
      vertex 0 30.157421721824242 19.975887943902908
    endloop
  endfacet
  facet normal 0 -0.8577286100002726 0.5141027441932208
    outer loop
      vertex 0 29.996130718348958 19.586497015824108
      vertex 2.4 29.887659666450467 19.40552399900786
      vertex 2.4 29.996130718348958 19.586497015824108
    endloop
  endfacet
  facet normal 0 -0.903989293123444 0.4275550934302804
    outer loop
      vertex 0 30.08634099489926 19.777230620415057
      vertex 2.4 29.996130718348958 19.586497015824108
      vertex 2.4 30.08634099489926 19.777230620415057
    endloop
  endfacet
  facet normal 0 -0.9415440651830215 0.33688985339221816
    outer loop
      vertex 0 30.157421721824242 19.975887943902908
      vertex 2.4 30.08634099489926 19.777230620415057
      vertex 2.4 30.157421721824242 19.975887943902908
    endloop
  endfacet
  facet normal 0 -0.9700312531945426 0.24298017990326923
    outer loop
      vertex 0 30.157421721824242 19.975887943902908
      vertex 2.4 30.157421721824242 19.975887943902908
      vertex 0 30.20868835286694 20.180555807665325
    endloop
  endfacet
  facet normal 0 -0.9891765099647805 0.14673047445536402
    outer loop
      vertex 0 30.20868835286694 20.180555807665325
      vertex 2.4 30.20868835286694 20.180555807665325
      vertex 0 30.239647162345218 20.389263148291445
    endloop
  endfacet
  facet normal 0 -0.9987954562051728 0.04906767432740972
    outer loop
      vertex 0 30.239647162345218 20.389263148291445
      vertex 2.4 30.239647162345218 20.389263148291445
      vertex 0 30.249999999999993 20.6
    endloop
  endfacet
  facet normal 0 -0.9700312531945426 0.24298017990326923
    outer loop
      vertex 0 30.20868835286694 20.180555807665325
      vertex 2.4 30.157421721824242 19.975887943902908
      vertex 2.4 30.20868835286694 20.180555807665325
    endloop
  endfacet
  facet normal 0 -0.9891765099647805 0.14673047445536402
    outer loop
      vertex 0 30.239647162345218 20.389263148291445
      vertex 2.4 30.20868835286694 20.180555807665325
      vertex 2.4 30.239647162345218 20.389263148291445
    endloop
  endfacet
  facet normal 0 -0.9987954562051728 0.04906767432740972
    outer loop
      vertex 0 30.249999999999993 20.6
      vertex 2.4 30.239647162345218 20.389263148291445
      vertex 2.4 30.249999999999993 20.6
    endloop
  endfacet
  facet normal 0 -0.9987954562051728 -0.04906767432740972
    outer loop
      vertex 0 30.249999999999993 20.6
      vertex 2.4 30.249999999999993 20.6
      vertex 0 30.239647162345218 20.81073685170856
    endloop
  endfacet
  facet normal 0 -0.9891765099647805 -0.14673047445536402
    outer loop
      vertex 0 30.239647162345218 20.81073685170856
      vertex 2.4 30.239647162345218 20.81073685170856
      vertex 0 30.20868835286694 21.019444192334678
    endloop
  endfacet
  facet normal 0 -0.9700312531945426 -0.24298017990326923
    outer loop
      vertex 0 30.20868835286694 21.019444192334678
      vertex 2.4 30.20868835286694 21.019444192334678
      vertex 0 30.157421721824242 21.224112056097095
    endloop
  endfacet
  facet normal 0 -0.9987954562051728 -0.04906767432740972
    outer loop
      vertex 0 30.239647162345218 20.81073685170856
      vertex 2.4 30.249999999999993 20.6
      vertex 2.4 30.239647162345218 20.81073685170856
    endloop
  endfacet
  facet normal 0 -0.9891765099647805 -0.14673047445536402
    outer loop
      vertex 0 30.20868835286694 21.019444192334678
      vertex 2.4 30.239647162345218 20.81073685170856
      vertex 2.4 30.20868835286694 21.019444192334678
    endloop
  endfacet
  facet normal 0 -0.9700312531945426 -0.24298017990326923
    outer loop
      vertex 0 30.157421721824242 21.224112056097095
      vertex 2.4 30.20868835286694 21.019444192334678
      vertex 2.4 30.157421721824242 21.224112056097095
    endloop
  endfacet
  facet normal 0 -0.9415440651830215 -0.33688985339221816
    outer loop
      vertex 0 30.157421721824242 21.224112056097095
      vertex 2.4 30.157421721824242 21.224112056097095
      vertex 0 30.08634099489926 21.422769379584945
    endloop
  endfacet
  facet normal 0 -0.903989293123444 -0.4275550934302804
    outer loop
      vertex 0 29.996130718348958 21.613502984175895
      vertex 0 30.08634099489926 21.422769379584945
      vertex 2.4 30.08634099489926 21.422769379584945
    endloop
  endfacet
  facet normal 0 -0.8577286100002726 -0.5141027441932208
    outer loop
      vertex 0 29.996130718348958 21.613502984175895
      vertex 2.4 29.996130718348958 21.613502984175895
      vertex 0 29.887659666450467 21.794476000992145
    endloop
  endfacet
  facet normal 0 -0.9415440651830215 -0.33688985339221816
    outer loop
      vertex 0 30.08634099489926 21.422769379584945
      vertex 2.4 30.157421721824242 21.224112056097095
      vertex 2.4 30.08634099489926 21.422769379584945
    endloop
  endfacet
  facet normal 0 -0.903989293123444 -0.4275550934302804
    outer loop
      vertex 0 29.996130718348958 21.613502984175895
      vertex 2.4 30.08634099489926 21.422769379584945
      vertex 2.4 29.996130718348958 21.613502984175895
    endloop
  endfacet
  facet normal 0 -0.8577286100002726 -0.5141027441932208
    outer loop
      vertex 0 29.887659666450467 21.794476000992145
      vertex 2.4 29.996130718348958 21.613502984175895
      vertex 2.4 29.887659666450467 21.794476000992145
    endloop
  endfacet
  facet normal 0 -0.5141027441932208 -0.8577286100002726
    outer loop
      vertex 0 29.113502984175888 22.496130718348965
      vertex 0 29.294476000992137 22.387659666450475
      vertex 2.4 29.294476000992137 22.387659666450475
    endloop
  endfacet
  facet normal 0 -0.5956993044924289 -0.8032075314806483
    outer loop
      vertex 0 29.46394556095183 22.261972474729887
      vertex 2.4 29.46394556095183 22.261972474729887
      vertex 0 29.294476000992137 22.387659666450475
    endloop
  endfacet
  facet normal 0 -0.6715589548470271 -0.7409511253549512
    outer loop
      vertex 0 29.46394556095183 22.261972474729887
      vertex 2.4 29.62027957955107 22.120279579551077
      vertex 2.4 29.46394556095183 22.261972474729887
    endloop
  endfacet
  facet normal 0 -0.5956993044924289 -0.8032075314806483
    outer loop
      vertex 0 29.294476000992137 22.387659666450475
      vertex 2.4 29.46394556095183 22.261972474729887
      vertex 2.4 29.294476000992137 22.387659666450475
    endloop
  endfacet
  facet normal 0 -0.14673047445536402 -0.9891765099647805
    outer loop
      vertex 0 28.31073685170855 22.739647162345225
      vertex 0 28.51944419233467 22.708688352866947
      vertex 2.4 28.51944419233467 22.708688352866947
    endloop
  endfacet
  facet normal 0 -0.24298017990326923 -0.9700312531945426
    outer loop
      vertex 0 28.724112056097088 22.65742172182425
      vertex 2.4 28.724112056097088 22.65742172182425
      vertex 0 28.51944419233467 22.708688352866947
    endloop
  endfacet
  facet normal 0 -0.33688985339221816 -0.9415440651830215
    outer loop
      vertex 0 28.724112056097088 22.65742172182425
      vertex 0 28.92276937958494 22.586340994899267
      vertex 2.4 28.92276937958494 22.586340994899267
    endloop
  endfacet
  facet normal 0 -0.04906767432740972 -0.9987954562051728
    outer loop
      vertex 0 28.099999999999994 22.75
      vertex 0 28.31073685170855 22.739647162345225
      vertex 2.4 28.31073685170855 22.739647162345225
    endloop
  endfacet
  facet normal 0 -0.4275550934302804 -0.903989293123444
    outer loop
      vertex 0 28.92276937958494 22.586340994899267
      vertex 0 29.113502984175888 22.496130718348965
      vertex 2.4 29.113502984175888 22.496130718348965
    endloop
  endfacet
  facet normal 0 -0.14673047445536402 -0.9891765099647805
    outer loop
      vertex 0 28.31073685170855 22.739647162345225
      vertex 2.4 28.51944419233467 22.708688352866947
      vertex 2.4 28.31073685170855 22.739647162345225
    endloop
  endfacet
  facet normal 0 -0.24298017990326923 -0.9700312531945426
    outer loop
      vertex 0 28.51944419233467 22.708688352866947
      vertex 2.4 28.724112056097088 22.65742172182425
      vertex 2.4 28.51944419233467 22.708688352866947
    endloop
  endfacet
  facet normal 0 -0.33688985339221816 -0.9415440651830215
    outer loop
      vertex 0 28.724112056097088 22.65742172182425
      vertex 2.4 28.92276937958494 22.586340994899267
      vertex 2.4 28.724112056097088 22.65742172182425
    endloop
  endfacet
  facet normal 0 -0.04906767432740972 -0.9987954562051728
    outer loop
      vertex 0 28.099999999999994 22.75
      vertex 2.4 28.31073685170855 22.739647162345225
      vertex 2.4 28.099999999999994 22.75
    endloop
  endfacet
  facet normal 0 -0.4275550934302804 -0.903989293123444
    outer loop
      vertex 0 28.92276937958494 22.586340994899267
      vertex 2.4 29.113502984175888 22.496130718348965
      vertex 2.4 28.92276937958494 22.586340994899267
    endloop
  endfacet
  facet normal 0 -0.5141027441932208 -0.8577286100002726
    outer loop
      vertex 0 29.113502984175888 22.496130718348965
      vertex 2.4 29.294476000992137 22.387659666450475
      vertex 2.4 29.113502984175888 22.496130718348965
    endloop
  endfacet
  facet normal 0 -0.8032075314806483 -0.5956993044924289
    outer loop
      vertex 0 29.76197247472988 21.96394556095184
      vertex 0 29.887659666450467 21.794476000992145
      vertex 2.4 29.887659666450467 21.794476000992145
    endloop
  endfacet
  facet normal 0 -0.7409511253549512 -0.6715589548470271
    outer loop
      vertex 0 29.76197247472988 21.96394556095184
      vertex 2.4 29.76197247472988 21.96394556095184
      vertex 0 29.62027957955107 22.120279579551077
    endloop
  endfacet
  facet normal 0 -0.6715589548470271 -0.7409511253549512
    outer loop
      vertex 0 29.62027957955107 22.120279579551077
      vertex 2.4 29.62027957955107 22.120279579551077
      vertex 0 29.46394556095183 22.261972474729887
    endloop
  endfacet
  facet normal 0 -0.8032075314806483 -0.5956993044924289
    outer loop
      vertex 0 29.76197247472988 21.96394556095184
      vertex 2.4 29.887659666450467 21.794476000992145
      vertex 2.4 29.76197247472988 21.96394556095184
    endloop
  endfacet
  facet normal 0 -0.7409511253549512 -0.6715589548470271
    outer loop
      vertex 0 29.62027957955107 22.120279579551077
      vertex 2.4 29.76197247472988 21.96394556095184
      vertex 2.4 29.62027957955107 22.120279579551077
    endloop
  endfacet
  facet normal 0 0.7409511253549512 0.6715589548470271
    outer loop
      vertex 118.7 18.23802752527011 19.236054439048164
      vertex 116.3 18.37972042044892 19.079720420448925
      vertex 116.3 18.23802752527011 19.236054439048164
    endloop
  endfacet
  facet normal 0 0.8032075314806482 0.5956993044924289
    outer loop
      vertex 118.7 18.112340333549522 19.40552399900786
      vertex 116.3 18.23802752527011 19.236054439048164
      vertex 116.3 18.112340333549522 19.40552399900786
    endloop
  endfacet
  facet normal 0 0.8032075314806482 0.5956993044924289
    outer loop
      vertex 118.7 18.112340333549522 19.40552399900786
      vertex 118.7 18.23802752527011 19.236054439048164
      vertex 116.3 18.23802752527011 19.236054439048164
    endloop
  endfacet
  facet normal 0 0.5141027441932208 0.8577286100002726
    outer loop
      vertex 116.3 18.8864970158241 18.703869281651038
      vertex 116.3 18.705523999007852 18.81234033354953
      vertex 118.7 18.705523999007852 18.81234033354953
    endloop
  endfacet
  facet normal 0 0.4275550934302804 0.903989293123444
    outer loop
      vertex 118.7 18.8864970158241 18.703869281651038
      vertex 116.3 19.07723062041505 18.613659005100736
      vertex 116.3 18.8864970158241 18.703869281651038
    endloop
  endfacet
  facet normal 0 0.14673047445536408 0.9891765099647808
    outer loop
      vertex 118.7 19.48055580766532 18.491311647133056
      vertex 116.3 19.689263148291438 18.460352837654778
      vertex 116.3 19.48055580766532 18.491311647133056
    endloop
  endfacet
  facet normal 0 0.3368898533922182 0.9415440651830215
    outer loop
      vertex 118.7 19.07723062041505 18.613659005100736
      vertex 116.3 19.2758879439029 18.542578278175753
      vertex 116.3 19.07723062041505 18.613659005100736
    endloop
  endfacet
  facet normal 0 0.24298017990326926 0.9700312531945426
    outer loop
      vertex 116.3 19.2758879439029 18.542578278175753
      vertex 118.7 19.2758879439029 18.542578278175753
      vertex 116.3 19.48055580766532 18.491311647133056
    endloop
  endfacet
  facet normal 0 0.5141027441932208 0.8577286100002726
    outer loop
      vertex 118.7 18.8864970158241 18.703869281651038
      vertex 116.3 18.8864970158241 18.703869281651038
      vertex 118.7 18.705523999007852 18.81234033354953
    endloop
  endfacet
  facet normal 0 0.14673047445536408 0.9891765099647808
    outer loop
      vertex 118.7 19.689263148291438 18.460352837654778
      vertex 116.3 19.689263148291438 18.460352837654778
      vertex 118.7 19.48055580766532 18.491311647133056
    endloop
  endfacet
  facet normal 0 0.3368898533922182 0.9415440651830215
    outer loop
      vertex 118.7 19.2758879439029 18.542578278175753
      vertex 116.3 19.2758879439029 18.542578278175753
      vertex 118.7 19.07723062041505 18.613659005100736
    endloop
  endfacet
  facet normal 0 0.4275550934302804 0.903989293123444
    outer loop
      vertex 118.7 19.07723062041505 18.613659005100736
      vertex 116.3 19.07723062041505 18.613659005100736
      vertex 118.7 18.8864970158241 18.703869281651038
    endloop
  endfacet
  facet normal 0 0.24298017990326926 0.9700312531945426
    outer loop
      vertex 118.7 19.2758879439029 18.542578278175753
      vertex 118.7 19.48055580766532 18.491311647133056
      vertex 116.3 19.48055580766532 18.491311647133056
    endloop
  endfacet
  facet normal 0 0.5956993044924289 0.8032075314806482
    outer loop
      vertex 116.3 18.536054439048158 18.938027525270115
      vertex 118.7 18.536054439048158 18.938027525270115
      vertex 116.3 18.705523999007852 18.81234033354953
    endloop
  endfacet
  facet normal 0 0.6715589548470271 0.7409511253549512
    outer loop
      vertex 118.7 18.37972042044892 19.079720420448925
      vertex 116.3 18.536054439048158 18.938027525270115
      vertex 116.3 18.37972042044892 19.079720420448925
    endloop
  endfacet
  facet normal 0 0.5956993044924289 0.8032075314806482
    outer loop
      vertex 118.7 18.536054439048158 18.938027525270115
      vertex 118.7 18.705523999007852 18.81234033354953
      vertex 116.3 18.705523999007852 18.81234033354953
    endloop
  endfacet
  facet normal 0 0.6715589548470271 0.7409511253549512
    outer loop
      vertex 118.7 18.536054439048158 18.938027525270115
      vertex 116.3 18.536054439048158 18.938027525270115
      vertex 118.7 18.37972042044892 19.079720420448925
    endloop
  endfacet
  facet normal 0 0.7409511253549512 0.6715589548470271
    outer loop
      vertex 118.7 18.23802752527011 19.236054439048164
      vertex 118.7 18.37972042044892 19.079720420448925
      vertex 116.3 18.37972042044892 19.079720420448925
    endloop
  endfacet
  facet normal 0 0.04906767432740972 0.9987954562051728
    outer loop
      vertex 116.3 19.689263148291438 18.460352837654778
      vertex 118.7 19.689263148291438 18.460352837654778
      vertex 116.3 19.899999999999995 18.450000000000003
    endloop
  endfacet
  facet normal 0 0.04906767432740972 0.9987954562051728
    outer loop
      vertex 118.7 19.689263148291438 18.460352837654778
      vertex 118.7 19.899999999999995 18.450000000000003
      vertex 116.3 19.899999999999995 18.450000000000003
    endloop
  endfacet
  facet normal 0 0 1
    outer loop
      vertex 118.7 19.899999999999995 18.450000000000003
      vertex 116.3 28.099999999999994 18.450000000000003
      vertex 116.3 19.899999999999995 18.450000000000003
    endloop
  endfacet
  facet normal 0 0 1
    outer loop
      vertex 118.7 19.899999999999995 18.450000000000003
      vertex 118.7 28.099999999999994 18.450000000000003
      vertex 116.3 28.099999999999994 18.450000000000003
    endloop
  endfacet
  facet normal 0 -0.04906767432740972 0.9987954562051728
    outer loop
      vertex 118.7 28.099999999999994 18.450000000000003
      vertex 116.3 28.31073685170855 18.460352837654778
      vertex 116.3 28.099999999999994 18.450000000000003
    endloop
  endfacet
  facet normal 0 -0.14673047445536408 0.9891765099647808
    outer loop
      vertex 116.3 28.31073685170855 18.460352837654778
      vertex 118.7 28.31073685170855 18.460352837654778
      vertex 116.3 28.51944419233467 18.491311647133056
    endloop
  endfacet
  facet normal 0 -0.24298017990326926 0.9700312531945426
    outer loop
      vertex 118.7 28.51944419233467 18.491311647133056
      vertex 116.3 28.724112056097088 18.542578278175753
      vertex 116.3 28.51944419233467 18.491311647133056
    endloop
  endfacet
  facet normal 0 -0.3368898533922182 0.9415440651830215
    outer loop
      vertex 116.3 28.724112056097088 18.542578278175753
      vertex 118.7 28.724112056097088 18.542578278175753
      vertex 116.3 28.92276937958494 18.613659005100736
    endloop
  endfacet
  facet normal 0 -0.4275550934302804 0.903989293123444
    outer loop
      vertex 118.7 28.92276937958494 18.613659005100736
      vertex 116.3 29.113502984175888 18.703869281651038
      vertex 116.3 28.92276937958494 18.613659005100736
    endloop
  endfacet
  facet normal 0 -0.5141027441932208 0.8577286100002726
    outer loop
      vertex 116.3 29.113502984175888 18.703869281651038
      vertex 118.7 29.113502984175888 18.703869281651038
      vertex 116.3 29.294476000992137 18.81234033354953
    endloop
  endfacet
  facet normal 0 -0.04906767432740972 0.9987954562051728
    outer loop
      vertex 118.7 28.31073685170855 18.460352837654778
      vertex 116.3 28.31073685170855 18.460352837654778
      vertex 118.7 28.099999999999994 18.450000000000003
    endloop
  endfacet
  facet normal 0 -0.14673047445536408 0.9891765099647808
    outer loop
      vertex 118.7 28.31073685170855 18.460352837654778
      vertex 118.7 28.51944419233467 18.491311647133056
      vertex 116.3 28.51944419233467 18.491311647133056
    endloop
  endfacet
  facet normal 0 -0.24298017990326926 0.9700312531945426
    outer loop
      vertex 118.7 28.724112056097088 18.542578278175753
      vertex 116.3 28.724112056097088 18.542578278175753
      vertex 118.7 28.51944419233467 18.491311647133056
    endloop
  endfacet
  facet normal 0 -0.3368898533922182 0.9415440651830215
    outer loop
      vertex 118.7 28.724112056097088 18.542578278175753
      vertex 118.7 28.92276937958494 18.613659005100736
      vertex 116.3 28.92276937958494 18.613659005100736
    endloop
  endfacet
  facet normal 0 -0.4275550934302804 0.903989293123444
    outer loop
      vertex 118.7 29.113502984175888 18.703869281651038
      vertex 116.3 29.113502984175888 18.703869281651038
      vertex 118.7 28.92276937958494 18.613659005100736
    endloop
  endfacet
  facet normal 0 -0.5141027441932208 0.8577286100002726
    outer loop
      vertex 118.7 29.113502984175888 18.703869281651038
      vertex 118.7 29.294476000992137 18.81234033354953
      vertex 116.3 29.294476000992137 18.81234033354953
    endloop
  endfacet
  facet normal 0 -0.5956993044924289 0.8032075314806482
    outer loop
      vertex 118.7 29.294476000992137 18.81234033354953
      vertex 116.3 29.46394556095183 18.938027525270115
      vertex 116.3 29.294476000992137 18.81234033354953
    endloop
  endfacet
  facet normal 0 -0.6715589548470271 0.7409511253549512
    outer loop
      vertex 118.7 29.46394556095183 18.938027525270115
      vertex 116.3 29.62027957955107 19.079720420448925
      vertex 116.3 29.46394556095183 18.938027525270115
    endloop
  endfacet
  facet normal 0 -0.5956993044924289 0.8032075314806482
    outer loop
      vertex 118.7 29.46394556095183 18.938027525270115
      vertex 116.3 29.46394556095183 18.938027525270115
      vertex 118.7 29.294476000992137 18.81234033354953
    endloop
  endfacet
  facet normal 0 -0.7409511253549512 0.6715589548470271
    outer loop
      vertex 116.3 29.62027957955107 19.079720420448925
      vertex 118.7 29.62027957955107 19.079720420448925
      vertex 116.3 29.76197247472988 19.236054439048164
    endloop
  endfacet
  facet normal 0 -0.8032075314806482 0.5956993044924289
    outer loop
      vertex 118.7 29.76197247472988 19.236054439048164
      vertex 116.3 29.887659666450467 19.40552399900786
      vertex 116.3 29.76197247472988 19.236054439048164
    endloop
  endfacet
  facet normal 0 -0.6715589548470271 0.7409511253549512
    outer loop
      vertex 118.7 29.62027957955107 19.079720420448925
      vertex 116.3 29.62027957955107 19.079720420448925
      vertex 118.7 29.46394556095183 18.938027525270115
    endloop
  endfacet
  facet normal 0 -0.7409511253549512 0.6715589548470271
    outer loop
      vertex 118.7 29.62027957955107 19.079720420448925
      vertex 118.7 29.76197247472988 19.236054439048164
      vertex 116.3 29.76197247472988 19.236054439048164
    endloop
  endfacet
  facet normal 0 -0.8032075314806482 0.5956993044924289
    outer loop
      vertex 118.7 29.887659666450467 19.40552399900786
      vertex 116.3 29.887659666450467 19.40552399900786
      vertex 118.7 29.76197247472988 19.236054439048164
    endloop
  endfacet
  facet normal 0 0.8577286100002726 0.5141027441932208
    outer loop
      vertex 118.7 18.00386928165103 19.586497015824108
      vertex 116.3 18.112340333549522 19.40552399900786
      vertex 116.3 18.00386928165103 19.586497015824108
    endloop
  endfacet
  facet normal 0 0.903989293123444 0.4275550934302804
    outer loop
      vertex 118.7 17.91365900510073 19.777230620415057
      vertex 116.3 18.00386928165103 19.586497015824108
      vertex 116.3 17.91365900510073 19.777230620415057
    endloop
  endfacet
  facet normal 0 0.9415440651830215 0.3368898533922182
    outer loop
      vertex 116.3 17.91365900510073 19.777230620415057
      vertex 116.3 17.842578278175747 19.975887943902908
      vertex 118.7 17.842578278175747 19.975887943902908
    endloop
  endfacet
  facet normal 0 0.8577286100002726 0.5141027441932208
    outer loop
      vertex 118.7 18.00386928165103 19.586497015824108
      vertex 118.7 18.112340333549522 19.40552399900786
      vertex 116.3 18.112340333549522 19.40552399900786
    endloop
  endfacet
  facet normal 0 0.903989293123444 0.4275550934302804
    outer loop
      vertex 118.7 18.00386928165103 19.586497015824108
      vertex 116.3 18.00386928165103 19.586497015824108
      vertex 118.7 17.91365900510073 19.777230620415057
    endloop
  endfacet
  facet normal 0 0.9415440651830215 0.3368898533922182
    outer loop
      vertex 118.7 17.91365900510073 19.777230620415057
      vertex 116.3 17.91365900510073 19.777230620415057
      vertex 118.7 17.842578278175747 19.975887943902908
    endloop
  endfacet
  facet normal 0 0.9700312531945426 0.24298017990326926
    outer loop
      vertex 118.7 17.79131164713305 20.180555807665325
      vertex 116.3 17.842578278175747 19.975887943902908
      vertex 116.3 17.79131164713305 20.180555807665325
    endloop
  endfacet
  facet normal 0 0.9891765099647808 0.14673047445536408
    outer loop
      vertex 118.7 17.76035283765477 20.389263148291445
      vertex 116.3 17.79131164713305 20.180555807665325
      vertex 116.3 17.76035283765477 20.389263148291445
    endloop
  endfacet
  facet normal 0 0.9987954562051728 0.04906767432740972
    outer loop
      vertex 116.3 17.76035283765477 20.389263148291445
      vertex 116.3 17.749999999999996 20.6
      vertex 118.7 17.749999999999996 20.6
    endloop
  endfacet
  facet normal 0 0.9700312531945426 0.24298017990326926
    outer loop
      vertex 118.7 17.79131164713305 20.180555807665325
      vertex 118.7 17.842578278175747 19.975887943902908
      vertex 116.3 17.842578278175747 19.975887943902908
    endloop
  endfacet
  facet normal 0 0.9891765099647808 0.14673047445536408
    outer loop
      vertex 118.7 17.76035283765477 20.389263148291445
      vertex 118.7 17.79131164713305 20.180555807665325
      vertex 116.3 17.79131164713305 20.180555807665325
    endloop
  endfacet
  facet normal 0 0.9987954562051728 0.04906767432740972
    outer loop
      vertex 118.7 17.76035283765477 20.389263148291445
      vertex 116.3 17.76035283765477 20.389263148291445
      vertex 118.7 17.749999999999996 20.6
    endloop
  endfacet
  facet normal 0 0.9987954562051728 -0.04906767432740972
    outer loop
      vertex 118.7 17.76035283765477 20.81073685170856
      vertex 116.3 17.749999999999996 20.6
      vertex 116.3 17.76035283765477 20.81073685170856
    endloop
  endfacet
  facet normal 0 0.9891765099647808 -0.14673047445536408
    outer loop
      vertex 118.7 17.79131164713305 21.019444192334678
      vertex 116.3 17.76035283765477 20.81073685170856
      vertex 116.3 17.79131164713305 21.019444192334678
    endloop
  endfacet
  facet normal 0 0.9700312531945426 -0.24298017990326926
    outer loop
      vertex 116.3 17.79131164713305 21.019444192334678
      vertex 116.3 17.842578278175747 21.224112056097095
      vertex 118.7 17.842578278175747 21.224112056097095
    endloop
  endfacet
  facet normal 0 0.9987954562051728 -0.04906767432740972
    outer loop
      vertex 118.7 17.76035283765477 20.81073685170856
      vertex 118.7 17.749999999999996 20.6
      vertex 116.3 17.749999999999996 20.6
    endloop
  endfacet
  facet normal 0 0.9891765099647808 -0.14673047445536408
    outer loop
      vertex 118.7 17.76035283765477 20.81073685170856
      vertex 116.3 17.76035283765477 20.81073685170856
      vertex 118.7 17.79131164713305 21.019444192334678
    endloop
  endfacet
  facet normal 0 0.9700312531945426 -0.24298017990326926
    outer loop
      vertex 118.7 17.79131164713305 21.019444192334678
      vertex 116.3 17.79131164713305 21.019444192334678
      vertex 118.7 17.842578278175747 21.224112056097095
    endloop
  endfacet
  facet normal 0 0.9415440651830215 -0.3368898533922182
    outer loop
      vertex 118.7 17.91365900510073 21.422769379584945
      vertex 116.3 17.842578278175747 21.224112056097095
      vertex 116.3 17.91365900510073 21.422769379584945
    endloop
  endfacet
  facet normal 0 0.903989293123444 -0.4275550934302804
    outer loop
      vertex 116.3 17.91365900510073 21.422769379584945
      vertex 116.3 18.00386928165103 21.613502984175895
      vertex 118.7 18.00386928165103 21.613502984175895
    endloop
  endfacet
  facet normal 0 0.8577286100002726 -0.5141027441932208
    outer loop
      vertex 118.7 18.112340333549522 21.794476000992145
      vertex 116.3 18.00386928165103 21.613502984175895
      vertex 116.3 18.112340333549522 21.794476000992145
    endloop
  endfacet
  facet normal 0 0.9415440651830215 -0.3368898533922182
    outer loop
      vertex 118.7 17.91365900510073 21.422769379584945
      vertex 118.7 17.842578278175747 21.224112056097095
      vertex 116.3 17.842578278175747 21.224112056097095
    endloop
  endfacet
  facet normal 0 0.903989293123444 -0.4275550934302804
    outer loop
      vertex 118.7 17.91365900510073 21.422769379584945
      vertex 116.3 17.91365900510073 21.422769379584945
      vertex 118.7 18.00386928165103 21.613502984175895
    endloop
  endfacet
  facet normal 0 0.8577286100002726 -0.5141027441932208
    outer loop
      vertex 118.7 18.112340333549522 21.794476000992145
      vertex 118.7 18.00386928165103 21.613502984175895
      vertex 116.3 18.00386928165103 21.613502984175895
    endloop
  endfacet
  facet normal 0 0.8032075314806482 -0.5956993044924289
    outer loop
      vertex 118.7 18.23802752527011 21.96394556095184
      vertex 116.3 18.112340333549522 21.794476000992145
      vertex 116.3 18.23802752527011 21.96394556095184
    endloop
  endfacet
  facet normal 0 0.8032075314806482 -0.5956993044924289
    outer loop
      vertex 118.7 18.23802752527011 21.96394556095184
      vertex 118.7 18.112340333549522 21.794476000992145
      vertex 116.3 18.112340333549522 21.794476000992145
    endloop
  endfacet
  facet normal 0 0.7409511253549512 -0.6715589548470271
    outer loop
      vertex 118.7 18.23802752527011 21.96394556095184
      vertex 116.3 18.23802752527011 21.96394556095184
      vertex 118.7 18.37972042044892 22.120279579551077
    endloop
  endfacet
  facet normal 0 0.7409511253549512 -0.6715589548470271
    outer loop
      vertex 116.3 18.23802752527011 21.96394556095184
      vertex 116.3 18.37972042044892 22.120279579551077
      vertex 118.7 18.37972042044892 22.120279579551077
    endloop
  endfacet
  facet normal 0 0.6715589548470271 -0.7409511253549512
    outer loop
      vertex 118.7 18.536054439048158 22.261972474729887
      vertex 116.3 18.37972042044892 22.120279579551077
      vertex 116.3 18.536054439048158 22.261972474729887
    endloop
  endfacet
  facet normal 0 0.5956993044924289 -0.8032075314806482
    outer loop
      vertex 118.7 18.705523999007852 22.387659666450475
      vertex 116.3 18.536054439048158 22.261972474729887
      vertex 116.3 18.705523999007852 22.387659666450475
    endloop
  endfacet
  facet normal 0 0.6715589548470271 -0.7409511253549512
    outer loop
      vertex 118.7 18.536054439048158 22.261972474729887
      vertex 118.7 18.37972042044892 22.120279579551077
      vertex 116.3 18.37972042044892 22.120279579551077
    endloop
  endfacet
  facet normal 0 0.5956993044924289 -0.8032075314806482
    outer loop
      vertex 118.7 18.536054439048158 22.261972474729887
      vertex 116.3 18.536054439048158 22.261972474729887
      vertex 118.7 18.705523999007852 22.387659666450475
    endloop
  endfacet
  facet normal 0 0.5141027441932208 -0.8577286100002726
    outer loop
      vertex 118.7 18.705523999007852 22.387659666450475
      vertex 116.3 18.705523999007852 22.387659666450475
      vertex 118.7 18.8864970158241 22.496130718348965
    endloop
  endfacet
  facet normal 0 0.5141027441932208 -0.8577286100002726
    outer loop
      vertex 116.3 18.705523999007852 22.387659666450475
      vertex 116.3 18.8864970158241 22.496130718348965
      vertex 118.7 18.8864970158241 22.496130718348965
    endloop
  endfacet
  facet normal 0 0.4275550934302804 -0.903989293123444
    outer loop
      vertex 118.7 19.07723062041505 22.586340994899267
      vertex 116.3 18.8864970158241 22.496130718348965
      vertex 116.3 19.07723062041505 22.586340994899267
    endloop
  endfacet
  facet normal 0 0.3368898533922182 -0.9415440651830215
    outer loop
      vertex 118.7 19.2758879439029 22.65742172182425
      vertex 116.3 19.07723062041505 22.586340994899267
      vertex 116.3 19.2758879439029 22.65742172182425
    endloop
  endfacet
  facet normal 0 0.24298017990326926 -0.9700312531945426
    outer loop
      vertex 116.3 19.2758879439029 22.65742172182425
      vertex 116.3 19.48055580766532 22.708688352866947
      vertex 118.7 19.48055580766532 22.708688352866947
    endloop
  endfacet
  facet normal 0 0.14673047445536408 -0.9891765099647808
    outer loop
      vertex 118.7 19.689263148291438 22.739647162345225
      vertex 116.3 19.48055580766532 22.708688352866947
      vertex 116.3 19.689263148291438 22.739647162345225
    endloop
  endfacet
  facet normal 0 0.4275550934302804 -0.903989293123444
    outer loop
      vertex 118.7 19.07723062041505 22.586340994899267
      vertex 118.7 18.8864970158241 22.496130718348965
      vertex 116.3 18.8864970158241 22.496130718348965
    endloop
  endfacet
  facet normal 0 0.3368898533922182 -0.9415440651830215
    outer loop
      vertex 118.7 19.2758879439029 22.65742172182425
      vertex 118.7 19.07723062041505 22.586340994899267
      vertex 116.3 19.07723062041505 22.586340994899267
    endloop
  endfacet
  facet normal 0 0.24298017990326926 -0.9700312531945426
    outer loop
      vertex 118.7 19.2758879439029 22.65742172182425
      vertex 116.3 19.2758879439029 22.65742172182425
      vertex 118.7 19.48055580766532 22.708688352866947
    endloop
  endfacet
  facet normal 0 0.14673047445536408 -0.9891765099647808
    outer loop
      vertex 118.7 19.689263148291438 22.739647162345225
      vertex 118.7 19.48055580766532 22.708688352866947
      vertex 116.3 19.48055580766532 22.708688352866947
    endloop
  endfacet
  facet normal 0 0.04906767432740972 -0.9987954562051728
    outer loop
      vertex 118.7 19.899999999999995 22.75
      vertex 116.3 19.689263148291438 22.739647162345225
      vertex 116.3 19.899999999999995 22.75
    endloop
  endfacet
  facet normal 0 0.04906767432740972 -0.9987954562051728
    outer loop
      vertex 118.7 19.689263148291438 22.739647162345225
      vertex 116.3 19.689263148291438 22.739647162345225
      vertex 118.7 19.899999999999995 22.75
    endloop
  endfacet
  facet normal 0 0 -1
    outer loop
      vertex 118.7 19.899999999999995 22.75
      vertex 116.3 19.899999999999995 22.75
      vertex 118.7 28.099999999999994 22.75
    endloop
  endfacet
  facet normal 0 0 -1
    outer loop
      vertex 118.7 28.099999999999994 22.75
      vertex 116.3 19.899999999999995 22.75
      vertex 116.3 28.099999999999994 22.75
    endloop
  endfacet
  facet normal 0 -0.8577286100002726 0.5141027441932208
    outer loop
      vertex 116.3 29.887659666450467 19.40552399900786
      vertex 118.7 29.887659666450467 19.40552399900786
      vertex 116.3 29.996130718348958 19.586497015824108
    endloop
  endfacet
  facet normal 0 -0.903989293123444 0.4275550934302804
    outer loop
      vertex 118.7 29.996130718348958 19.586497015824108
      vertex 116.3 30.08634099489926 19.777230620415057
      vertex 116.3 29.996130718348958 19.586497015824108
    endloop
  endfacet
  facet normal 0 -0.9415440651830215 0.3368898533922182
    outer loop
      vertex 116.3 30.08634099489926 19.777230620415057
      vertex 118.7 30.08634099489926 19.777230620415057
      vertex 116.3 30.157421721824242 19.975887943902908
    endloop
  endfacet
  facet normal 0 -0.8577286100002726 0.5141027441932208
    outer loop
      vertex 118.7 29.887659666450467 19.40552399900786
      vertex 118.7 29.996130718348958 19.586497015824108
      vertex 116.3 29.996130718348958 19.586497015824108
    endloop
  endfacet
  facet normal 0 -0.903989293123444 0.4275550934302804
    outer loop
      vertex 118.7 30.08634099489926 19.777230620415057
      vertex 116.3 30.08634099489926 19.777230620415057
      vertex 118.7 29.996130718348958 19.586497015824108
    endloop
  endfacet
  facet normal 0 -0.9415440651830215 0.3368898533922182
    outer loop
      vertex 118.7 30.08634099489926 19.777230620415057
      vertex 118.7 30.157421721824242 19.975887943902908
      vertex 116.3 30.157421721824242 19.975887943902908
    endloop
  endfacet
  facet normal 0 -0.9700312531945426 0.24298017990326926
    outer loop
      vertex 118.7 30.157421721824242 19.975887943902908
      vertex 116.3 30.20868835286694 20.180555807665325
      vertex 116.3 30.157421721824242 19.975887943902908
    endloop
  endfacet
  facet normal 0 -0.9891765099647808 0.14673047445536408
    outer loop
      vertex 118.7 30.20868835286694 20.180555807665325
      vertex 116.3 30.239647162345218 20.389263148291445
      vertex 116.3 30.20868835286694 20.180555807665325
    endloop
  endfacet
  facet normal 0 -0.9987954562051728 0.04906767432740972
    outer loop
      vertex 116.3 30.239647162345218 20.389263148291445
      vertex 118.7 30.239647162345218 20.389263148291445
      vertex 116.3 30.249999999999993 20.6
    endloop
  endfacet
  facet normal 0 -0.9700312531945426 0.24298017990326926
    outer loop
      vertex 118.7 30.20868835286694 20.180555807665325
      vertex 116.3 30.20868835286694 20.180555807665325
      vertex 118.7 30.157421721824242 19.975887943902908
    endloop
  endfacet
  facet normal 0 -0.9891765099647808 0.14673047445536408
    outer loop
      vertex 118.7 30.239647162345218 20.389263148291445
      vertex 116.3 30.239647162345218 20.389263148291445
      vertex 118.7 30.20868835286694 20.180555807665325
    endloop
  endfacet
  facet normal 0 -0.9987954562051728 0.04906767432740972
    outer loop
      vertex 118.7 30.239647162345218 20.389263148291445
      vertex 118.7 30.249999999999993 20.6
      vertex 116.3 30.249999999999993 20.6
    endloop
  endfacet
  facet normal 0 -0.9987954562051728 -0.04906767432740972
    outer loop
      vertex 118.7 30.249999999999993 20.6
      vertex 116.3 30.239647162345218 20.81073685170856
      vertex 116.3 30.249999999999993 20.6
    endloop
  endfacet
  facet normal 0 -0.9891765099647808 -0.14673047445536408
    outer loop
      vertex 116.3 30.239647162345218 20.81073685170856
      vertex 118.7 30.239647162345218 20.81073685170856
      vertex 116.3 30.20868835286694 21.019444192334678
    endloop
  endfacet
  facet normal 0 -0.9700312531945426 -0.24298017990326926
    outer loop
      vertex 118.7 30.20868835286694 21.019444192334678
      vertex 116.3 30.157421721824242 21.224112056097095
      vertex 116.3 30.20868835286694 21.019444192334678
    endloop
  endfacet
  facet normal 0 -0.9987954562051728 -0.04906767432740972
    outer loop
      vertex 118.7 30.239647162345218 20.81073685170856
      vertex 116.3 30.239647162345218 20.81073685170856
      vertex 118.7 30.249999999999993 20.6
    endloop
  endfacet
  facet normal 0 -0.9891765099647808 -0.14673047445536408
    outer loop
      vertex 118.7 30.239647162345218 20.81073685170856
      vertex 118.7 30.20868835286694 21.019444192334678
      vertex 116.3 30.20868835286694 21.019444192334678
    endloop
  endfacet
  facet normal 0 -0.9700312531945426 -0.24298017990326926
    outer loop
      vertex 118.7 30.157421721824242 21.224112056097095
      vertex 116.3 30.157421721824242 21.224112056097095
      vertex 118.7 30.20868835286694 21.019444192334678
    endloop
  endfacet
  facet normal 0 -0.9415440651830215 -0.3368898533922182
    outer loop
      vertex 116.3 30.157421721824242 21.224112056097095
      vertex 118.7 30.157421721824242 21.224112056097095
      vertex 116.3 30.08634099489926 21.422769379584945
    endloop
  endfacet
  facet normal 0 -0.903989293123444 -0.4275550934302804
    outer loop
      vertex 118.7 30.08634099489926 21.422769379584945
      vertex 116.3 29.996130718348958 21.613502984175895
      vertex 116.3 30.08634099489926 21.422769379584945
    endloop
  endfacet
  facet normal 0 -0.8577286100002726 -0.5141027441932208
    outer loop
      vertex 118.7 29.996130718348958 21.613502984175895
      vertex 116.3 29.887659666450467 21.794476000992145
      vertex 116.3 29.996130718348958 21.613502984175895
    endloop
  endfacet
  facet normal 0 -0.9415440651830215 -0.3368898533922182
    outer loop
      vertex 118.7 30.157421721824242 21.224112056097095
      vertex 118.7 30.08634099489926 21.422769379584945
      vertex 116.3 30.08634099489926 21.422769379584945
    endloop
  endfacet
  facet normal 0 -0.903989293123444 -0.4275550934302804
    outer loop
      vertex 118.7 30.08634099489926 21.422769379584945
      vertex 118.7 29.996130718348958 21.613502984175895
      vertex 116.3 29.996130718348958 21.613502984175895
    endloop
  endfacet
  facet normal 0 -0.8577286100002726 -0.5141027441932208
    outer loop
      vertex 118.7 29.887659666450467 21.794476000992145
      vertex 116.3 29.887659666450467 21.794476000992145
      vertex 118.7 29.996130718348958 21.613502984175895
    endloop
  endfacet
  facet normal 0 -0.5141027441932208 -0.8577286100002726
    outer loop
      vertex 118.7 29.294476000992137 22.387659666450475
      vertex 116.3 29.113502984175888 22.496130718348965
      vertex 116.3 29.294476000992137 22.387659666450475
    endloop
  endfacet
  facet normal 0 -0.5956993044924289 -0.8032075314806482
    outer loop
      vertex 118.7 29.46394556095183 22.261972474729887
      vertex 116.3 29.294476000992137 22.387659666450475
      vertex 116.3 29.46394556095183 22.261972474729887
    endloop
  endfacet
  facet normal 0 -0.6715589548470271 -0.7409511253549512
    outer loop
      vertex 118.7 29.62027957955107 22.120279579551077
      vertex 118.7 29.46394556095183 22.261972474729887
      vertex 116.3 29.46394556095183 22.261972474729887
    endloop
  endfacet
  facet normal 0 -0.5956993044924289 -0.8032075314806482
    outer loop
      vertex 118.7 29.294476000992137 22.387659666450475
      vertex 116.3 29.294476000992137 22.387659666450475
      vertex 118.7 29.46394556095183 22.261972474729887
    endloop
  endfacet
  facet normal 0 -0.14673047445536408 -0.9891765099647808
    outer loop
      vertex 118.7 28.51944419233467 22.708688352866947
      vertex 116.3 28.31073685170855 22.739647162345225
      vertex 116.3 28.51944419233467 22.708688352866947
    endloop
  endfacet
  facet normal 0 -0.24298017990326926 -0.9700312531945426
    outer loop
      vertex 118.7 28.724112056097088 22.65742172182425
      vertex 116.3 28.51944419233467 22.708688352866947
      vertex 116.3 28.724112056097088 22.65742172182425
    endloop
  endfacet
  facet normal 0 -0.3368898533922182 -0.9415440651830215
    outer loop
      vertex 118.7 28.92276937958494 22.586340994899267
      vertex 116.3 28.724112056097088 22.65742172182425
      vertex 116.3 28.92276937958494 22.586340994899267
    endloop
  endfacet
  facet normal 0 -0.04906767432740972 -0.9987954562051728
    outer loop
      vertex 116.3 28.099999999999994 22.75
      vertex 116.3 28.31073685170855 22.739647162345225
      vertex 118.7 28.31073685170855 22.739647162345225
    endloop
  endfacet
  facet normal 0 -0.4275550934302804 -0.903989293123444
    outer loop
      vertex 116.3 28.92276937958494 22.586340994899267
      vertex 116.3 29.113502984175888 22.496130718348965
      vertex 118.7 29.113502984175888 22.496130718348965
    endloop
  endfacet
  facet normal 0 -0.14673047445536408 -0.9891765099647808
    outer loop
      vertex 118.7 28.51944419233467 22.708688352866947
      vertex 118.7 28.31073685170855 22.739647162345225
      vertex 116.3 28.31073685170855 22.739647162345225
    endloop
  endfacet
  facet normal 0 -0.24298017990326926 -0.9700312531945426
    outer loop
      vertex 118.7 28.51944419233467 22.708688352866947
      vertex 116.3 28.51944419233467 22.708688352866947
      vertex 118.7 28.724112056097088 22.65742172182425
    endloop
  endfacet
  facet normal 0 -0.3368898533922182 -0.9415440651830215
    outer loop
      vertex 118.7 28.92276937958494 22.586340994899267
      vertex 118.7 28.724112056097088 22.65742172182425
      vertex 116.3 28.724112056097088 22.65742172182425
    endloop
  endfacet
  facet normal 0 -0.04906767432740972 -0.9987954562051728
    outer loop
      vertex 118.7 28.099999999999994 22.75
      vertex 116.3 28.099999999999994 22.75
      vertex 118.7 28.31073685170855 22.739647162345225
    endloop
  endfacet
  facet normal 0 -0.4275550934302804 -0.903989293123444
    outer loop
      vertex 118.7 28.92276937958494 22.586340994899267
      vertex 116.3 28.92276937958494 22.586340994899267
      vertex 118.7 29.113502984175888 22.496130718348965
    endloop
  endfacet
  facet normal 0 -0.5141027441932208 -0.8577286100002726
    outer loop
      vertex 118.7 29.294476000992137 22.387659666450475
      vertex 118.7 29.113502984175888 22.496130718348965
      vertex 116.3 29.113502984175888 22.496130718348965
    endloop
  endfacet
  facet normal 0 -0.8032075314806482 -0.5956993044924289
    outer loop
      vertex 118.7 29.887659666450467 21.794476000992145
      vertex 116.3 29.76197247472988 21.96394556095184
      vertex 116.3 29.887659666450467 21.794476000992145
    endloop
  endfacet
  facet normal 0 -0.7409511253549512 -0.6715589548470271
    outer loop
      vertex 118.7 29.76197247472988 21.96394556095184
      vertex 116.3 29.62027957955107 22.120279579551077
      vertex 116.3 29.76197247472988 21.96394556095184
    endloop
  endfacet
  facet normal 0 -0.6715589548470271 -0.7409511253549512
    outer loop
      vertex 116.3 29.62027957955107 22.120279579551077
      vertex 118.7 29.62027957955107 22.120279579551077
      vertex 116.3 29.46394556095183 22.261972474729887
    endloop
  endfacet
  facet normal 0 -0.8032075314806482 -0.5956993044924289
    outer loop
      vertex 118.7 29.887659666450467 21.794476000992145
      vertex 118.7 29.76197247472988 21.96394556095184
      vertex 116.3 29.76197247472988 21.96394556095184
    endloop
  endfacet
  facet normal 0 -0.7409511253549512 -0.6715589548470271
    outer loop
      vertex 118.7 29.62027957955107 22.120279579551077
      vertex 116.3 29.62027957955107 22.120279579551077
      vertex 118.7 29.76197247472988 21.96394556095184
    endloop
  endfacet
  facet normal 0 0.514102744193243 0.8577286100002592
    outer loop
      vertex 0 74.20552399900785 18.81234033354953
      vertex 2.4 74.20552399900785 18.81234033354953
      vertex 0 74.38649701582409 18.703869281651038
    endloop
  endfacet
  facet normal 0 0.42755509343026094 0.9039892931234533
    outer loop
      vertex 0 74.38649701582409 18.703869281651038
      vertex 2.4 74.38649701582409 18.703869281651038
      vertex 0 74.57723062041505 18.613659005100736
    endloop
  endfacet
  facet normal 0 0.514102744193243 0.8577286100002592
    outer loop
      vertex 0 74.38649701582409 18.703869281651038
      vertex 2.4 74.20552399900785 18.81234033354953
      vertex 2.4 74.38649701582409 18.703869281651038
    endloop
  endfacet
  facet normal 0 0.42755509343026094 0.9039892931234533
    outer loop
      vertex 0 74.57723062041505 18.613659005100736
      vertex 2.4 74.38649701582409 18.703869281651038
      vertex 2.4 74.57723062041505 18.613659005100736
    endloop
  endfacet
  facet normal 0 0.7409511253549594 0.6715589548470178
    outer loop
      vertex 0 73.73802752527011 19.236054439048164
      vertex 2.4 73.73802752527011 19.236054439048164
      vertex 0 73.87972042044892 19.079720420448925
    endloop
  endfacet
  facet normal 0 0.8032075314806483 0.5956993044924289
    outer loop
      vertex 0 73.73802752527011 19.236054439048164
      vertex 0 73.61234033354953 19.40552399900786
      vertex 2.4 73.61234033354953 19.40552399900786
    endloop
  endfacet
  facet normal 0 0.5956993044924289 0.8032075314806483
    outer loop
      vertex 0 74.03605443904816 18.938027525270115
      vertex 2.4 74.03605443904816 18.938027525270115
      vertex 0 74.20552399900785 18.81234033354953
    endloop
  endfacet
  facet normal 0 0.6715589548470271 0.7409511253549512
    outer loop
      vertex 0 74.03605443904816 18.938027525270115
      vertex 0 73.87972042044892 19.079720420448925
      vertex 2.4 73.87972042044892 19.079720420448925
    endloop
  endfacet
  facet normal 0 0.7409511253549594 0.6715589548470178
    outer loop
      vertex 0 73.87972042044892 19.079720420448925
      vertex 2.4 73.73802752527011 19.236054439048164
      vertex 2.4 73.87972042044892 19.079720420448925
    endloop
  endfacet
  facet normal 0 0.8032075314806483 0.5956993044924289
    outer loop
      vertex 0 73.73802752527011 19.236054439048164
      vertex 2.4 73.61234033354953 19.40552399900786
      vertex 2.4 73.73802752527011 19.236054439048164
    endloop
  endfacet
  facet normal 0 0.5956993044924289 0.8032075314806483
    outer loop
      vertex 0 74.20552399900785 18.81234033354953
      vertex 2.4 74.03605443904816 18.938027525270115
      vertex 2.4 74.20552399900785 18.81234033354953
    endloop
  endfacet
  facet normal 0 0.6715589548470271 0.7409511253549512
    outer loop
      vertex 0 74.03605443904816 18.938027525270115
      vertex 2.4 73.87972042044892 19.079720420448925
      vertex 2.4 74.03605443904816 18.938027525270115
    endloop
  endfacet
  facet normal 0 0.14673047445536402 0.9891765099647805
    outer loop
      vertex 0 74.98055580766531 18.491311647133056
      vertex 2.4 74.98055580766531 18.491311647133056
      vertex 0 75.18926314829143 18.460352837654778
    endloop
  endfacet
  facet normal 0 0.0490676743274089 0.9987954562051728
    outer loop
      vertex 0 75.18926314829143 18.460352837654778
      vertex 2.4 75.18926314829143 18.460352837654778
      vertex 0 75.39999999999999 18.450000000000003
    endloop
  endfacet
  facet normal 0 0.33688985339221816 0.9415440651830215
    outer loop
      vertex 0 74.7758879439029 18.542578278175753
      vertex 0 74.57723062041505 18.613659005100736
      vertex 2.4 74.57723062041505 18.613659005100736
    endloop
  endfacet
  facet normal 0 0.24298017990327717 0.9700312531945406
    outer loop
      vertex 0 74.7758879439029 18.542578278175753
      vertex 2.4 74.7758879439029 18.542578278175753
      vertex 0 74.98055580766531 18.491311647133056
    endloop
  endfacet
  facet normal 0 0.14673047445536402 0.9891765099647805
    outer loop
      vertex 0 75.18926314829143 18.460352837654778
      vertex 2.4 74.98055580766531 18.491311647133056
      vertex 2.4 75.18926314829143 18.460352837654778
    endloop
  endfacet
  facet normal 0 0.33688985339221816 0.9415440651830215
    outer loop
      vertex 0 74.7758879439029 18.542578278175753
      vertex 2.4 74.57723062041505 18.613659005100736
      vertex 2.4 74.7758879439029 18.542578278175753
    endloop
  endfacet
  facet normal 0 0.24298017990327717 0.9700312531945406
    outer loop
      vertex 0 74.98055580766531 18.491311647133056
      vertex 2.4 74.7758879439029 18.542578278175753
      vertex 2.4 74.98055580766531 18.491311647133056
    endloop
  endfacet
  facet normal 0 0.0490676743274089 0.9987954562051728
    outer loop
      vertex 0 75.39999999999999 18.450000000000003
      vertex 2.4 75.18926314829143 18.460352837654778
      vertex 2.4 75.39999999999999 18.450000000000003
    endloop
  endfacet
  facet normal 0 0 1
    outer loop
      vertex 0 75.39999999999999 18.450000000000003
      vertex 2.4 75.39999999999999 18.450000000000003
      vertex 0 83.6 18.450000000000003
    endloop
  endfacet
  facet normal 0 0 1
    outer loop
      vertex 0 83.6 18.450000000000003
      vertex 2.4 75.39999999999999 18.450000000000003
      vertex 2.4 83.6 18.450000000000003
    endloop
  endfacet
  facet normal 0 -0.0490676743274089 0.9987954562051728
    outer loop
      vertex 0 83.6 18.450000000000003
      vertex 2.4 83.6 18.450000000000003
      vertex 0 83.81073685170855 18.460352837654778
    endloop
  endfacet
  facet normal 0 -0.14673047445536402 0.9891765099647805
    outer loop
      vertex 0 83.81073685170855 18.460352837654778
      vertex 2.4 83.81073685170855 18.460352837654778
      vertex 0 84.01944419233467 18.491311647133056
    endloop
  endfacet
  facet normal 0 -0.24298017990327717 0.9700312531945406
    outer loop
      vertex 0 84.01944419233467 18.491311647133056
      vertex 2.4 84.01944419233467 18.491311647133056
      vertex 0 84.22411205609708 18.542578278175753
    endloop
  endfacet
  facet normal 0 -0.33688985339221816 0.9415440651830215
    outer loop
      vertex 0 84.22411205609708 18.542578278175753
      vertex 2.4 84.22411205609708 18.542578278175753
      vertex 0 84.42276937958493 18.613659005100736
    endloop
  endfacet
  facet normal 0 -0.0490676743274089 0.9987954562051728
    outer loop
      vertex 0 83.81073685170855 18.460352837654778
      vertex 2.4 83.6 18.450000000000003
      vertex 2.4 83.81073685170855 18.460352837654778
    endloop
  endfacet
  facet normal 0 -0.14673047445536402 0.9891765099647805
    outer loop
      vertex 0 84.01944419233467 18.491311647133056
      vertex 2.4 83.81073685170855 18.460352837654778
      vertex 2.4 84.01944419233467 18.491311647133056
    endloop
  endfacet
  facet normal 0 -0.24298017990327717 0.9700312531945406
    outer loop
      vertex 0 84.22411205609708 18.542578278175753
      vertex 2.4 84.01944419233467 18.491311647133056
      vertex 2.4 84.22411205609708 18.542578278175753
    endloop
  endfacet
  facet normal 0 -0.33688985339221816 0.9415440651830215
    outer loop
      vertex 0 84.42276937958493 18.613659005100736
      vertex 2.4 84.22411205609708 18.542578278175753
      vertex 2.4 84.42276937958493 18.613659005100736
    endloop
  endfacet
  facet normal 0 -0.42755509343026094 0.9039892931234533
    outer loop
      vertex 0 84.42276937958493 18.613659005100736
      vertex 2.4 84.42276937958493 18.613659005100736
      vertex 0 84.6135029841759 18.703869281651038
    endloop
  endfacet
  facet normal 0 -0.514102744193243 0.8577286100002592
    outer loop
      vertex 0 84.79447600099213 18.81234033354953
      vertex 0 84.6135029841759 18.703869281651038
      vertex 2.4 84.6135029841759 18.703869281651038
    endloop
  endfacet
  facet normal 0 -0.42755509343026094 0.9039892931234533
    outer loop
      vertex 0 84.6135029841759 18.703869281651038
      vertex 2.4 84.42276937958493 18.613659005100736
      vertex 2.4 84.6135029841759 18.703869281651038
    endloop
  endfacet
  facet normal 0 -0.514102744193243 0.8577286100002592
    outer loop
      vertex 0 84.79447600099213 18.81234033354953
      vertex 2.4 84.6135029841759 18.703869281651038
      vertex 2.4 84.79447600099213 18.81234033354953
    endloop
  endfacet
  facet normal 0 -0.5956993044924289 0.8032075314806483
    outer loop
      vertex 0 84.79447600099213 18.81234033354953
      vertex 2.4 84.79447600099213 18.81234033354953
      vertex 0 84.96394556095183 18.938027525270115
    endloop
  endfacet
  facet normal 0 -0.6715589548470271 0.7409511253549512
    outer loop
      vertex 0 84.96394556095183 18.938027525270115
      vertex 2.4 84.96394556095183 18.938027525270115
      vertex 0 85.12027957955107 19.079720420448925
    endloop
  endfacet
  facet normal 0 -0.7409511253549594 0.6715589548470178
    outer loop
      vertex 0 85.12027957955107 19.079720420448925
      vertex 2.4 85.12027957955107 19.079720420448925
      vertex 0 85.26197247472987 19.236054439048164
    endloop
  endfacet
  facet normal 0 -0.8032075314806483 0.5956993044924289
    outer loop
      vertex 0 85.38765966645046 19.40552399900786
      vertex 0 85.26197247472987 19.236054439048164
      vertex 2.4 85.26197247472987 19.236054439048164
    endloop
  endfacet
  facet normal 0 -0.5956993044924289 0.8032075314806483
    outer loop
      vertex 0 84.96394556095183 18.938027525270115
      vertex 2.4 84.79447600099213 18.81234033354953
      vertex 2.4 84.96394556095183 18.938027525270115
    endloop
  endfacet
  facet normal 0 -0.6715589548470271 0.7409511253549512
    outer loop
      vertex 0 85.12027957955107 19.079720420448925
      vertex 2.4 84.96394556095183 18.938027525270115
      vertex 2.4 85.12027957955107 19.079720420448925
    endloop
  endfacet
  facet normal 0 -0.7409511253549594 0.6715589548470178
    outer loop
      vertex 0 85.26197247472987 19.236054439048164
      vertex 2.4 85.12027957955107 19.079720420448925
      vertex 2.4 85.26197247472987 19.236054439048164
    endloop
  endfacet
  facet normal 0 -0.8032075314806483 0.5956993044924289
    outer loop
      vertex 0 85.38765966645046 19.40552399900786
      vertex 2.4 85.26197247472987 19.236054439048164
      vertex 2.4 85.38765966645046 19.40552399900786
    endloop
  endfacet
  facet normal 0 0.8577286100002726 0.5141027441932208
    outer loop
      vertex 0 73.61234033354953 19.40552399900786
      vertex 0 73.50386928165103 19.586497015824108
      vertex 2.4 73.50386928165103 19.586497015824108
    endloop
  endfacet
  facet normal 0 0.9039892931234311 0.427555093430308
    outer loop
      vertex 0 73.50386928165103 19.586497015824108
      vertex 0 73.41365900510073 19.777230620415057
      vertex 2.4 73.41365900510073 19.777230620415057
    endloop
  endfacet
  facet normal 0 0.9415440651830107 0.33688985339224803
    outer loop
      vertex 0 73.41365900510073 19.777230620415057
      vertex 0 73.34257827817574 19.975887943902908
      vertex 2.4 73.34257827817574 19.975887943902908
    endloop
  endfacet
  facet normal 0 0.9039892931234311 0.427555093430308
    outer loop
      vertex 0 73.50386928165103 19.586497015824108
      vertex 2.4 73.41365900510073 19.777230620415057
      vertex 2.4 73.50386928165103 19.586497015824108
    endloop
  endfacet
  facet normal 0 0.8577286100002726 0.5141027441932208
    outer loop
      vertex 0 73.61234033354953 19.40552399900786
      vertex 2.4 73.50386928165103 19.586497015824108
      vertex 2.4 73.61234033354953 19.40552399900786
    endloop
  endfacet
  facet normal 0 0.9415440651830107 0.33688985339224803
    outer loop
      vertex 0 73.41365900510073 19.777230620415057
      vertex 2.4 73.34257827817574 19.975887943902908
      vertex 2.4 73.41365900510073 19.777230620415057
    endloop
  endfacet
  facet normal 0 0.9700312531945466 0.2429801799032534
    outer loop
      vertex 0 73.34257827817574 19.975887943902908
      vertex 0 73.29131164713304 20.180555807665325
      vertex 2.4 73.29131164713304 20.180555807665325
    endloop
  endfacet
  facet normal 0 0.9891765099647805 0.14673047445536402
    outer loop
      vertex 0 73.29131164713304 20.180555807665325
      vertex 0 73.26035283765476 20.389263148291445
      vertex 2.4 73.26035283765476 20.389263148291445
    endloop
  endfacet
  facet normal 0 0.998795456205172 0.04906767432742652
    outer loop
      vertex 0 73.26035283765476 20.389263148291445
      vertex 0 73.24999999999999 20.6
      vertex 2.4 73.24999999999999 20.6
    endloop
  endfacet
  facet normal 0 0.9700312531945466 0.2429801799032534
    outer loop
      vertex 0 73.34257827817574 19.975887943902908
      vertex 2.4 73.29131164713304 20.180555807665325
      vertex 2.4 73.34257827817574 19.975887943902908
    endloop
  endfacet
  facet normal 0 0.9891765099647805 0.14673047445536402
    outer loop
      vertex 0 73.29131164713304 20.180555807665325
      vertex 2.4 73.26035283765476 20.389263148291445
      vertex 2.4 73.29131164713304 20.180555807665325
    endloop
  endfacet
  facet normal 0 0.998795456205172 0.04906767432742652
    outer loop
      vertex 0 73.26035283765476 20.389263148291445
      vertex 2.4 73.24999999999999 20.6
      vertex 2.4 73.26035283765476 20.389263148291445
    endloop
  endfacet
  facet normal 0 0.998795456205172 -0.04906767432742652
    outer loop
      vertex 0 73.24999999999999 20.6
      vertex 0 73.26035283765476 20.81073685170856
      vertex 2.4 73.26035283765476 20.81073685170856
    endloop
  endfacet
  facet normal 0 0.9891765099647805 -0.14673047445536402
    outer loop
      vertex 0 73.26035283765476 20.81073685170856
      vertex 0 73.29131164713304 21.019444192334678
      vertex 2.4 73.29131164713304 21.019444192334678
    endloop
  endfacet
  facet normal 0 0.9700312531945466 -0.2429801799032534
    outer loop
      vertex 0 73.29131164713304 21.019444192334678
      vertex 0 73.34257827817574 21.224112056097095
      vertex 2.4 73.34257827817574 21.224112056097095
    endloop
  endfacet
  facet normal 0 0.998795456205172 -0.04906767432742652
    outer loop
      vertex 0 73.24999999999999 20.6
      vertex 2.4 73.26035283765476 20.81073685170856
      vertex 2.4 73.24999999999999 20.6
    endloop
  endfacet
  facet normal 0 0.9891765099647805 -0.14673047445536402
    outer loop
      vertex 0 73.26035283765476 20.81073685170856
      vertex 2.4 73.29131164713304 21.019444192334678
      vertex 2.4 73.26035283765476 20.81073685170856
    endloop
  endfacet
  facet normal 0 0.9700312531945466 -0.2429801799032534
    outer loop
      vertex 0 73.29131164713304 21.019444192334678
      vertex 2.4 73.34257827817574 21.224112056097095
      vertex 2.4 73.29131164713304 21.019444192334678
    endloop
  endfacet
  facet normal 0 0.9415440651830107 -0.33688985339224803
    outer loop
      vertex 0 73.34257827817574 21.224112056097095
      vertex 0 73.41365900510073 21.422769379584945
      vertex 2.4 73.41365900510073 21.422769379584945
    endloop
  endfacet
  facet normal 0 0.9039892931234311 -0.427555093430308
    outer loop
      vertex 0 73.41365900510073 21.422769379584945
      vertex 0 73.50386928165103 21.613502984175895
      vertex 2.4 73.50386928165103 21.613502984175895
    endloop
  endfacet
  facet normal 0 0.8577286100002726 -0.5141027441932208
    outer loop
      vertex 0 73.61234033354953 21.794476000992145
      vertex 2.4 73.61234033354953 21.794476000992145
      vertex 0 73.50386928165103 21.613502984175895
    endloop
  endfacet
  facet normal 0 0.9415440651830107 -0.33688985339224803
    outer loop
      vertex 0 73.34257827817574 21.224112056097095
      vertex 2.4 73.41365900510073 21.422769379584945
      vertex 2.4 73.34257827817574 21.224112056097095
    endloop
  endfacet
  facet normal 0 0.9039892931234311 -0.427555093430308
    outer loop
      vertex 0 73.41365900510073 21.422769379584945
      vertex 2.4 73.50386928165103 21.613502984175895
      vertex 2.4 73.41365900510073 21.422769379584945
    endloop
  endfacet
  facet normal 0 0.8577286100002726 -0.5141027441932208
    outer loop
      vertex 0 73.50386928165103 21.613502984175895
      vertex 2.4 73.61234033354953 21.794476000992145
      vertex 2.4 73.50386928165103 21.613502984175895
    endloop
  endfacet
  facet normal 0 0.8032075314806483 -0.5956993044924289
    outer loop
      vertex 0 73.73802752527011 21.96394556095184
      vertex 2.4 73.73802752527011 21.96394556095184
      vertex 0 73.61234033354953 21.794476000992145
    endloop
  endfacet
  facet normal 0 0.7409511253549594 -0.6715589548470178
    outer loop
      vertex 0 73.73802752527011 21.96394556095184
      vertex 0 73.87972042044892 22.120279579551077
      vertex 2.4 73.87972042044892 22.120279579551077
    endloop
  endfacet
  facet normal 0 0.6715589548470271 -0.7409511253549512
    outer loop
      vertex 0 73.87972042044892 22.120279579551077
      vertex 0 74.03605443904816 22.261972474729887
      vertex 2.4 74.03605443904816 22.261972474729887
    endloop
  endfacet
  facet normal 0 0.5956993044924289 -0.8032075314806483
    outer loop
      vertex 0 74.03605443904816 22.261972474729887
      vertex 0 74.20552399900785 22.387659666450475
      vertex 2.4 74.20552399900785 22.387659666450475
    endloop
  endfacet
  facet normal 0 0.8032075314806483 -0.5956993044924289
    outer loop
      vertex 0 73.61234033354953 21.794476000992145
      vertex 2.4 73.73802752527011 21.96394556095184
      vertex 2.4 73.61234033354953 21.794476000992145
    endloop
  endfacet
  facet normal 0 0.7409511253549594 -0.6715589548470178
    outer loop
      vertex 0 73.73802752527011 21.96394556095184
      vertex 2.4 73.87972042044892 22.120279579551077
      vertex 2.4 73.73802752527011 21.96394556095184
    endloop
  endfacet
  facet normal 0 0.6715589548470271 -0.7409511253549512
    outer loop
      vertex 0 73.87972042044892 22.120279579551077
      vertex 2.4 74.03605443904816 22.261972474729887
      vertex 2.4 73.87972042044892 22.120279579551077
    endloop
  endfacet
  facet normal 0 0.5956993044924289 -0.8032075314806483
    outer loop
      vertex 0 74.03605443904816 22.261972474729887
      vertex 2.4 74.20552399900785 22.387659666450475
      vertex 2.4 74.03605443904816 22.261972474729887
    endloop
  endfacet
  facet normal 0 0.514102744193243 -0.8577286100002592
    outer loop
      vertex 0 74.20552399900785 22.387659666450475
      vertex 2.4 74.38649701582409 22.496130718348965
      vertex 2.4 74.20552399900785 22.387659666450475
    endloop
  endfacet
  facet normal 0 0.514102744193243 -0.8577286100002592
    outer loop
      vertex 0 74.38649701582409 22.496130718348965
      vertex 2.4 74.38649701582409 22.496130718348965
      vertex 0 74.20552399900785 22.387659666450475
    endloop
  endfacet
  facet normal 0 0.42755509343026094 -0.9039892931234533
    outer loop
      vertex 0 74.38649701582409 22.496130718348965
      vertex 0 74.57723062041505 22.586340994899267
      vertex 2.4 74.57723062041505 22.586340994899267
    endloop
  endfacet
  facet normal 0 0.42755509343026094 -0.9039892931234533
    outer loop
      vertex 0 74.38649701582409 22.496130718348965
      vertex 2.4 74.57723062041505 22.586340994899267
      vertex 2.4 74.38649701582409 22.496130718348965
    endloop
  endfacet
  facet normal 0 0.33688985339221816 -0.9415440651830215
    outer loop
      vertex 0 74.57723062041505 22.586340994899267
      vertex 0 74.7758879439029 22.65742172182425
      vertex 2.4 74.7758879439029 22.65742172182425
    endloop
  endfacet
  facet normal 0 0.24298017990327717 -0.9700312531945406
    outer loop
      vertex 0 74.7758879439029 22.65742172182425
      vertex 0 74.98055580766531 22.708688352866947
      vertex 2.4 74.98055580766531 22.708688352866947
    endloop
  endfacet
  facet normal 0 0.14673047445536402 -0.9891765099647805
    outer loop
      vertex 0 74.98055580766531 22.708688352866947
      vertex 0 75.18926314829143 22.739647162345225
      vertex 2.4 75.18926314829143 22.739647162345225
    endloop
  endfacet
  facet normal 0 0.0490676743274089 -0.9987954562051728
    outer loop
      vertex 0 75.39999999999999 22.75
      vertex 2.4 75.39999999999999 22.75
      vertex 0 75.18926314829143 22.739647162345225
    endloop
  endfacet
  facet normal 0 0.33688985339221816 -0.9415440651830215
    outer loop
      vertex 0 74.57723062041505 22.586340994899267
      vertex 2.4 74.7758879439029 22.65742172182425
      vertex 2.4 74.57723062041505 22.586340994899267
    endloop
  endfacet
  facet normal 0 0.24298017990327717 -0.9700312531945406
    outer loop
      vertex 0 74.7758879439029 22.65742172182425
      vertex 2.4 74.98055580766531 22.708688352866947
      vertex 2.4 74.7758879439029 22.65742172182425
    endloop
  endfacet
  facet normal 0 0.14673047445536402 -0.9891765099647805
    outer loop
      vertex 0 74.98055580766531 22.708688352866947
      vertex 2.4 75.18926314829143 22.739647162345225
      vertex 2.4 74.98055580766531 22.708688352866947
    endloop
  endfacet
  facet normal 0 0.0490676743274089 -0.9987954562051728
    outer loop
      vertex 0 75.18926314829143 22.739647162345225
      vertex 2.4 75.39999999999999 22.75
      vertex 2.4 75.18926314829143 22.739647162345225
    endloop
  endfacet
  facet normal 0 0 -1
    outer loop
      vertex 0 75.39999999999999 22.75
      vertex 2.4 83.6 22.75
      vertex 2.4 75.39999999999999 22.75
    endloop
  endfacet
  facet normal 0 0 -1
    outer loop
      vertex 0 83.6 22.75
      vertex 2.4 83.6 22.75
      vertex 0 75.39999999999999 22.75
    endloop
  endfacet
  facet normal 0 -0.0490676743274089 -0.9987954562051728
    outer loop
      vertex 0 83.6 22.75
      vertex 0 83.81073685170855 22.739647162345225
      vertex 2.4 83.81073685170855 22.739647162345225
    endloop
  endfacet
  facet normal 0 -0.14673047445536402 -0.9891765099647805
    outer loop
      vertex 0 83.81073685170855 22.739647162345225
      vertex 0 84.01944419233467 22.708688352866947
      vertex 2.4 84.01944419233467 22.708688352866947
    endloop
  endfacet
  facet normal 0 -0.24298017990327717 -0.9700312531945406
    outer loop
      vertex 0 84.22411205609708 22.65742172182425
      vertex 2.4 84.22411205609708 22.65742172182425
      vertex 0 84.01944419233467 22.708688352866947
    endloop
  endfacet
  facet normal 0 -0.33688985339221816 -0.9415440651830215
    outer loop
      vertex 0 84.22411205609708 22.65742172182425
      vertex 0 84.42276937958493 22.586340994899267
      vertex 2.4 84.42276937958493 22.586340994899267
    endloop
  endfacet
  facet normal 0 -0.0490676743274089 -0.9987954562051728
    outer loop
      vertex 0 83.6 22.75
      vertex 2.4 83.81073685170855 22.739647162345225
      vertex 2.4 83.6 22.75
    endloop
  endfacet
  facet normal 0 -0.14673047445536402 -0.9891765099647805
    outer loop
      vertex 0 83.81073685170855 22.739647162345225
      vertex 2.4 84.01944419233467 22.708688352866947
      vertex 2.4 83.81073685170855 22.739647162345225
    endloop
  endfacet
  facet normal 0 -0.24298017990327717 -0.9700312531945406
    outer loop
      vertex 0 84.01944419233467 22.708688352866947
      vertex 2.4 84.22411205609708 22.65742172182425
      vertex 2.4 84.01944419233467 22.708688352866947
    endloop
  endfacet
  facet normal 0 -0.33688985339221816 -0.9415440651830215
    outer loop
      vertex 0 84.22411205609708 22.65742172182425
      vertex 2.4 84.42276937958493 22.586340994899267
      vertex 2.4 84.22411205609708 22.65742172182425
    endloop
  endfacet
  facet normal 0 -0.8577286100002726 0.5141027441932208
    outer loop
      vertex 0 85.38765966645046 19.40552399900786
      vertex 2.4 85.38765966645046 19.40552399900786
      vertex 0 85.49613071834895 19.586497015824108
    endloop
  endfacet
  facet normal 0 -0.9039892931234311 0.427555093430308
    outer loop
      vertex 0 85.49613071834895 19.586497015824108
      vertex 2.4 85.49613071834895 19.586497015824108
      vertex 0 85.58634099489926 19.777230620415057
    endloop
  endfacet
  facet normal 0 -0.9415440651830107 0.33688985339224803
    outer loop
      vertex 0 85.58634099489926 19.777230620415057
      vertex 2.4 85.58634099489926 19.777230620415057
      vertex 0 85.65742172182425 19.975887943902908
    endloop
  endfacet
  facet normal 0 -0.8577286100002726 0.5141027441932208
    outer loop
      vertex 0 85.49613071834895 19.586497015824108
      vertex 2.4 85.38765966645046 19.40552399900786
      vertex 2.4 85.49613071834895 19.586497015824108
    endloop
  endfacet
  facet normal 0 -0.9039892931234311 0.427555093430308
    outer loop
      vertex 0 85.58634099489926 19.777230620415057
      vertex 2.4 85.49613071834895 19.586497015824108
      vertex 2.4 85.58634099489926 19.777230620415057
    endloop
  endfacet
  facet normal 0 -0.9415440651830107 0.33688985339224803
    outer loop
      vertex 0 85.65742172182425 19.975887943902908
      vertex 2.4 85.58634099489926 19.777230620415057
      vertex 2.4 85.65742172182425 19.975887943902908
    endloop
  endfacet
  facet normal 0 -0.9700312531945466 0.2429801799032534
    outer loop
      vertex 0 85.65742172182425 19.975887943902908
      vertex 2.4 85.65742172182425 19.975887943902908
      vertex 0 85.70868835286694 20.180555807665325
    endloop
  endfacet
  facet normal 0 -0.9891765099647805 0.14673047445536402
    outer loop
      vertex 0 85.70868835286694 20.180555807665325
      vertex 2.4 85.70868835286694 20.180555807665325
      vertex 0 85.73964716234522 20.389263148291445
    endloop
  endfacet
  facet normal 0 -0.998795456205172 0.04906767432742652
    outer loop
      vertex 0 85.73964716234522 20.389263148291445
      vertex 2.4 85.73964716234522 20.389263148291445
      vertex 0 85.75 20.6
    endloop
  endfacet
  facet normal 0 -0.9700312531945466 0.2429801799032534
    outer loop
      vertex 0 85.70868835286694 20.180555807665325
      vertex 2.4 85.65742172182425 19.975887943902908
      vertex 2.4 85.70868835286694 20.180555807665325
    endloop
  endfacet
  facet normal 0 -0.9891765099647805 0.14673047445536402
    outer loop
      vertex 0 85.73964716234522 20.389263148291445
      vertex 2.4 85.70868835286694 20.180555807665325
      vertex 2.4 85.73964716234522 20.389263148291445
    endloop
  endfacet
  facet normal 0 -0.998795456205172 0.04906767432742652
    outer loop
      vertex 0 85.75 20.6
      vertex 2.4 85.73964716234522 20.389263148291445
      vertex 2.4 85.75 20.6
    endloop
  endfacet
  facet normal 0 -0.998795456205172 -0.04906767432742652
    outer loop
      vertex 0 85.75 20.6
      vertex 2.4 85.75 20.6
      vertex 0 85.73964716234522 20.81073685170856
    endloop
  endfacet
  facet normal 0 -0.9891765099647805 -0.14673047445536402
    outer loop
      vertex 0 85.73964716234522 20.81073685170856
      vertex 2.4 85.73964716234522 20.81073685170856
      vertex 0 85.70868835286694 21.019444192334678
    endloop
  endfacet
  facet normal 0 -0.9700312531945466 -0.2429801799032534
    outer loop
      vertex 0 85.70868835286694 21.019444192334678
      vertex 2.4 85.70868835286694 21.019444192334678
      vertex 0 85.65742172182425 21.224112056097095
    endloop
  endfacet
  facet normal 0 -0.998795456205172 -0.04906767432742652
    outer loop
      vertex 0 85.73964716234522 20.81073685170856
      vertex 2.4 85.75 20.6
      vertex 2.4 85.73964716234522 20.81073685170856
    endloop
  endfacet
  facet normal 0 -0.9891765099647805 -0.14673047445536402
    outer loop
      vertex 0 85.70868835286694 21.019444192334678
      vertex 2.4 85.73964716234522 20.81073685170856
      vertex 2.4 85.70868835286694 21.019444192334678
    endloop
  endfacet
  facet normal 0 -0.9700312531945466 -0.2429801799032534
    outer loop
      vertex 0 85.65742172182425 21.224112056097095
      vertex 2.4 85.70868835286694 21.019444192334678
      vertex 2.4 85.65742172182425 21.224112056097095
    endloop
  endfacet
  facet normal 0 -0.9415440651830107 -0.33688985339224803
    outer loop
      vertex 0 85.65742172182425 21.224112056097095
      vertex 2.4 85.65742172182425 21.224112056097095
      vertex 0 85.58634099489926 21.422769379584945
    endloop
  endfacet
  facet normal 0 -0.9039892931234311 -0.427555093430308
    outer loop
      vertex 0 85.58634099489926 21.422769379584945
      vertex 2.4 85.58634099489926 21.422769379584945
      vertex 0 85.49613071834895 21.613502984175895
    endloop
  endfacet
  facet normal 0 -0.8577286100002726 -0.5141027441932208
    outer loop
      vertex 0 85.49613071834895 21.613502984175895
      vertex 2.4 85.49613071834895 21.613502984175895
      vertex 0 85.38765966645046 21.794476000992145
    endloop
  endfacet
  facet normal 0 -0.9415440651830107 -0.33688985339224803
    outer loop
      vertex 0 85.58634099489926 21.422769379584945
      vertex 2.4 85.65742172182425 21.224112056097095
      vertex 2.4 85.58634099489926 21.422769379584945
    endloop
  endfacet
  facet normal 0 -0.8577286100002726 -0.5141027441932208
    outer loop
      vertex 0 85.38765966645046 21.794476000992145
      vertex 2.4 85.49613071834895 21.613502984175895
      vertex 2.4 85.38765966645046 21.794476000992145
    endloop
  endfacet
  facet normal 0 -0.9039892931234311 -0.427555093430308
    outer loop
      vertex 0 85.49613071834895 21.613502984175895
      vertex 2.4 85.58634099489926 21.422769379584945
      vertex 2.4 85.49613071834895 21.613502984175895
    endloop
  endfacet
  facet normal 0 -0.514102744193243 -0.8577286100002592
    outer loop
      vertex 0 84.6135029841759 22.496130718348965
      vertex 0 84.79447600099213 22.387659666450475
      vertex 2.4 84.79447600099213 22.387659666450475
    endloop
  endfacet
  facet normal 0 -0.6715589548470271 -0.7409511253549512
    outer loop
      vertex 0 85.12027957955107 22.120279579551077
      vertex 2.4 85.12027957955107 22.120279579551077
      vertex 0 84.96394556095183 22.261972474729887
    endloop
  endfacet
  facet normal 0 -0.5956993044924289 -0.8032075314806483
    outer loop
      vertex 0 84.96394556095183 22.261972474729887
      vertex 2.4 84.96394556095183 22.261972474729887
      vertex 0 84.79447600099213 22.387659666450475
    endloop
  endfacet
  facet normal 0 -0.8032075314806483 -0.5956993044924289
    outer loop
      vertex 0 85.26197247472987 21.96394556095184
      vertex 0 85.38765966645046 21.794476000992145
      vertex 2.4 85.38765966645046 21.794476000992145
    endloop
  endfacet
  facet normal 0 -0.7409511253549594 -0.6715589548470178
    outer loop
      vertex 0 85.26197247472987 21.96394556095184
      vertex 2.4 85.26197247472987 21.96394556095184
      vertex 0 85.12027957955107 22.120279579551077
    endloop
  endfacet
  facet normal 0 -0.7409511253549594 -0.6715589548470178
    outer loop
      vertex 0 85.12027957955107 22.120279579551077
      vertex 2.4 85.26197247472987 21.96394556095184
      vertex 2.4 85.12027957955107 22.120279579551077
    endloop
  endfacet
  facet normal 0 -0.6715589548470271 -0.7409511253549512
    outer loop
      vertex 0 84.96394556095183 22.261972474729887
      vertex 2.4 85.12027957955107 22.120279579551077
      vertex 2.4 84.96394556095183 22.261972474729887
    endloop
  endfacet
  facet normal 0 -0.5956993044924289 -0.8032075314806483
    outer loop
      vertex 0 84.79447600099213 22.387659666450475
      vertex 2.4 84.96394556095183 22.261972474729887
      vertex 2.4 84.79447600099213 22.387659666450475
    endloop
  endfacet
  facet normal 0 -0.8032075314806483 -0.5956993044924289
    outer loop
      vertex 0 85.26197247472987 21.96394556095184
      vertex 2.4 85.38765966645046 21.794476000992145
      vertex 2.4 85.26197247472987 21.96394556095184
    endloop
  endfacet
  facet normal 0 -0.42755509343026094 -0.9039892931234533
    outer loop
      vertex 0 84.42276937958493 22.586340994899267
      vertex 0 84.6135029841759 22.496130718348965
      vertex 2.4 84.6135029841759 22.496130718348965
    endloop
  endfacet
  facet normal 0 -0.42755509343026094 -0.9039892931234533
    outer loop
      vertex 0 84.42276937958493 22.586340994899267
      vertex 2.4 84.6135029841759 22.496130718348965
      vertex 2.4 84.42276937958493 22.586340994899267
    endloop
  endfacet
  facet normal 0 -0.514102744193243 -0.8577286100002592
    outer loop
      vertex 0 84.6135029841759 22.496130718348965
      vertex 2.4 84.79447600099213 22.387659666450475
      vertex 2.4 84.6135029841759 22.496130718348965
    endloop
  endfacet
  facet normal 0 0.5141027441932431 0.8577286100002594
    outer loop
      vertex 116.3 74.20552399900785 18.81234033354953
      vertex 118.7 74.20552399900785 18.81234033354953
      vertex 116.3 74.38649701582409 18.703869281651038
    endloop
  endfacet
  facet normal 0 0.42755509343026094 0.9039892931234533
    outer loop
      vertex 116.3 74.38649701582409 18.703869281651038
      vertex 118.7 74.38649701582409 18.703869281651038
      vertex 116.3 74.57723062041505 18.613659005100736
    endloop
  endfacet
  facet normal 0 0.5141027441932431 0.8577286100002594
    outer loop
      vertex 116.3 74.38649701582409 18.703869281651038
      vertex 118.7 74.20552399900785 18.81234033354953
      vertex 118.7 74.38649701582409 18.703869281651038
    endloop
  endfacet
  facet normal 0 0.42755509343026094 0.9039892931234533
    outer loop
      vertex 116.3 74.57723062041505 18.613659005100736
      vertex 118.7 74.38649701582409 18.703869281651038
      vertex 118.7 74.57723062041505 18.613659005100736
    endloop
  endfacet
  facet normal 0 0.7409511253549594 0.6715589548470179
    outer loop
      vertex 116.3 73.73802752527011 19.236054439048164
      vertex 118.7 73.73802752527011 19.236054439048164
      vertex 116.3 73.87972042044892 19.079720420448925
    endloop
  endfacet
  facet normal 0 0.8032075314806482 0.5956993044924289
    outer loop
      vertex 116.3 73.73802752527011 19.236054439048164
      vertex 116.3 73.61234033354953 19.40552399900786
      vertex 118.7 73.61234033354953 19.40552399900786
    endloop
  endfacet
  facet normal 0 0.5956993044924289 0.8032075314806482
    outer loop
      vertex 116.3 74.03605443904816 18.938027525270115
      vertex 118.7 74.03605443904816 18.938027525270115
      vertex 116.3 74.20552399900785 18.81234033354953
    endloop
  endfacet
  facet normal 0 0.6715589548470271 0.7409511253549512
    outer loop
      vertex 116.3 74.03605443904816 18.938027525270115
      vertex 116.3 73.87972042044892 19.079720420448925
      vertex 118.7 73.87972042044892 19.079720420448925
    endloop
  endfacet
  facet normal 0 0.7409511253549594 0.6715589548470179
    outer loop
      vertex 116.3 73.87972042044892 19.079720420448925
      vertex 118.7 73.73802752527011 19.236054439048164
      vertex 118.7 73.87972042044892 19.079720420448925
    endloop
  endfacet
  facet normal 0 0.8032075314806482 0.5956993044924289
    outer loop
      vertex 116.3 73.73802752527011 19.236054439048164
      vertex 118.7 73.61234033354953 19.40552399900786
      vertex 118.7 73.73802752527011 19.236054439048164
    endloop
  endfacet
  facet normal 0 0.5956993044924289 0.8032075314806482
    outer loop
      vertex 116.3 74.20552399900785 18.81234033354953
      vertex 118.7 74.03605443904816 18.938027525270115
      vertex 118.7 74.20552399900785 18.81234033354953
    endloop
  endfacet
  facet normal 0 0.6715589548470271 0.7409511253549512
    outer loop
      vertex 116.3 74.03605443904816 18.938027525270115
      vertex 118.7 73.87972042044892 19.079720420448925
      vertex 118.7 74.03605443904816 18.938027525270115
    endloop
  endfacet
  facet normal 0 0.14673047445536408 0.9891765099647808
    outer loop
      vertex 116.3 74.98055580766531 18.491311647133056
      vertex 118.7 74.98055580766531 18.491311647133056
      vertex 116.3 75.18926314829143 18.460352837654778
    endloop
  endfacet
  facet normal 0 0.0490676743274089 0.9987954562051728
    outer loop
      vertex 116.3 75.18926314829143 18.460352837654778
      vertex 118.7 75.18926314829143 18.460352837654778
      vertex 116.3 75.39999999999999 18.450000000000003
    endloop
  endfacet
  facet normal 0 0.3368898533922182 0.9415440651830215
    outer loop
      vertex 116.3 74.7758879439029 18.542578278175753
      vertex 116.3 74.57723062041505 18.613659005100736
      vertex 118.7 74.57723062041505 18.613659005100736
    endloop
  endfacet
  facet normal 0 0.2429801799032772 0.9700312531945406
    outer loop
      vertex 116.3 74.7758879439029 18.542578278175753
      vertex 118.7 74.7758879439029 18.542578278175753
      vertex 116.3 74.98055580766531 18.491311647133056
    endloop
  endfacet
  facet normal 0 0.14673047445536408 0.9891765099647808
    outer loop
      vertex 116.3 75.18926314829143 18.460352837654778
      vertex 118.7 74.98055580766531 18.491311647133056
      vertex 118.7 75.18926314829143 18.460352837654778
    endloop
  endfacet
  facet normal 0 0.3368898533922182 0.9415440651830215
    outer loop
      vertex 116.3 74.7758879439029 18.542578278175753
      vertex 118.7 74.57723062041505 18.613659005100736
      vertex 118.7 74.7758879439029 18.542578278175753
    endloop
  endfacet
  facet normal 0 0.2429801799032772 0.9700312531945406
    outer loop
      vertex 116.3 74.98055580766531 18.491311647133056
      vertex 118.7 74.7758879439029 18.542578278175753
      vertex 118.7 74.98055580766531 18.491311647133056
    endloop
  endfacet
  facet normal 0 0.0490676743274089 0.9987954562051728
    outer loop
      vertex 116.3 75.39999999999999 18.450000000000003
      vertex 118.7 75.18926314829143 18.460352837654778
      vertex 118.7 75.39999999999999 18.450000000000003
    endloop
  endfacet
  facet normal 0 0 1
    outer loop
      vertex 116.3 75.39999999999999 18.450000000000003
      vertex 118.7 75.39999999999999 18.450000000000003
      vertex 116.3 83.6 18.450000000000003
    endloop
  endfacet
  facet normal 0 0 1
    outer loop
      vertex 116.3 83.6 18.450000000000003
      vertex 118.7 75.39999999999999 18.450000000000003
      vertex 118.7 83.6 18.450000000000003
    endloop
  endfacet
  facet normal 0 -0.0490676743274089 0.9987954562051728
    outer loop
      vertex 116.3 83.6 18.450000000000003
      vertex 118.7 83.6 18.450000000000003
      vertex 116.3 83.81073685170855 18.460352837654778
    endloop
  endfacet
  facet normal 0 -0.14673047445536408 0.9891765099647808
    outer loop
      vertex 116.3 83.81073685170855 18.460352837654778
      vertex 118.7 83.81073685170855 18.460352837654778
      vertex 116.3 84.01944419233467 18.491311647133056
    endloop
  endfacet
  facet normal 0 -0.2429801799032772 0.9700312531945406
    outer loop
      vertex 116.3 84.01944419233467 18.491311647133056
      vertex 118.7 84.01944419233467 18.491311647133056
      vertex 116.3 84.22411205609708 18.542578278175753
    endloop
  endfacet
  facet normal 0 -0.3368898533922182 0.9415440651830215
    outer loop
      vertex 116.3 84.22411205609708 18.542578278175753
      vertex 118.7 84.22411205609708 18.542578278175753
      vertex 116.3 84.42276937958493 18.613659005100736
    endloop
  endfacet
  facet normal 0 -0.0490676743274089 0.9987954562051728
    outer loop
      vertex 116.3 83.81073685170855 18.460352837654778
      vertex 118.7 83.6 18.450000000000003
      vertex 118.7 83.81073685170855 18.460352837654778
    endloop
  endfacet
  facet normal 0 -0.14673047445536408 0.9891765099647808
    outer loop
      vertex 116.3 84.01944419233467 18.491311647133056
      vertex 118.7 83.81073685170855 18.460352837654778
      vertex 118.7 84.01944419233467 18.491311647133056
    endloop
  endfacet
  facet normal 0 -0.2429801799032772 0.9700312531945406
    outer loop
      vertex 116.3 84.22411205609708 18.542578278175753
      vertex 118.7 84.01944419233467 18.491311647133056
      vertex 118.7 84.22411205609708 18.542578278175753
    endloop
  endfacet
  facet normal 0 -0.3368898533922182 0.9415440651830215
    outer loop
      vertex 116.3 84.42276937958493 18.613659005100736
      vertex 118.7 84.22411205609708 18.542578278175753
      vertex 118.7 84.42276937958493 18.613659005100736
    endloop
  endfacet
  facet normal 0 -0.42755509343026094 0.9039892931234533
    outer loop
      vertex 116.3 84.42276937958493 18.613659005100736
      vertex 118.7 84.42276937958493 18.613659005100736
      vertex 116.3 84.6135029841759 18.703869281651038
    endloop
  endfacet
  facet normal 0 -0.5141027441932431 0.8577286100002594
    outer loop
      vertex 116.3 84.79447600099213 18.81234033354953
      vertex 116.3 84.6135029841759 18.703869281651038
      vertex 118.7 84.6135029841759 18.703869281651038
    endloop
  endfacet
  facet normal 0 -0.42755509343026094 0.9039892931234533
    outer loop
      vertex 116.3 84.6135029841759 18.703869281651038
      vertex 118.7 84.42276937958493 18.613659005100736
      vertex 118.7 84.6135029841759 18.703869281651038
    endloop
  endfacet
  facet normal 0 -0.5141027441932431 0.8577286100002594
    outer loop
      vertex 116.3 84.79447600099213 18.81234033354953
      vertex 118.7 84.6135029841759 18.703869281651038
      vertex 118.7 84.79447600099213 18.81234033354953
    endloop
  endfacet
  facet normal 0 -0.5956993044924289 0.8032075314806482
    outer loop
      vertex 116.3 84.79447600099213 18.81234033354953
      vertex 118.7 84.79447600099213 18.81234033354953
      vertex 116.3 84.96394556095183 18.938027525270115
    endloop
  endfacet
  facet normal 0 -0.6715589548470271 0.7409511253549512
    outer loop
      vertex 116.3 84.96394556095183 18.938027525270115
      vertex 118.7 84.96394556095183 18.938027525270115
      vertex 116.3 85.12027957955107 19.079720420448925
    endloop
  endfacet
  facet normal 0 -0.7409511253549594 0.6715589548470179
    outer loop
      vertex 116.3 85.12027957955107 19.079720420448925
      vertex 118.7 85.12027957955107 19.079720420448925
      vertex 116.3 85.26197247472987 19.236054439048164
    endloop
  endfacet
  facet normal 0 -0.8032075314806482 0.5956993044924289
    outer loop
      vertex 116.3 85.38765966645046 19.40552399900786
      vertex 116.3 85.26197247472987 19.236054439048164
      vertex 118.7 85.26197247472987 19.236054439048164
    endloop
  endfacet
  facet normal 0 -0.5956993044924289 0.8032075314806482
    outer loop
      vertex 116.3 84.96394556095183 18.938027525270115
      vertex 118.7 84.79447600099213 18.81234033354953
      vertex 118.7 84.96394556095183 18.938027525270115
    endloop
  endfacet
  facet normal 0 -0.6715589548470271 0.7409511253549512
    outer loop
      vertex 116.3 85.12027957955107 19.079720420448925
      vertex 118.7 84.96394556095183 18.938027525270115
      vertex 118.7 85.12027957955107 19.079720420448925
    endloop
  endfacet
  facet normal 0 -0.7409511253549594 0.6715589548470179
    outer loop
      vertex 116.3 85.26197247472987 19.236054439048164
      vertex 118.7 85.12027957955107 19.079720420448925
      vertex 118.7 85.26197247472987 19.236054439048164
    endloop
  endfacet
  facet normal 0 -0.8032075314806482 0.5956993044924289
    outer loop
      vertex 116.3 85.38765966645046 19.40552399900786
      vertex 118.7 85.26197247472987 19.236054439048164
      vertex 118.7 85.38765966645046 19.40552399900786
    endloop
  endfacet
  facet normal 0 0.8577286100002726 0.5141027441932208
    outer loop
      vertex 116.3 73.61234033354953 19.40552399900786
      vertex 116.3 73.50386928165103 19.586497015824108
      vertex 118.7 73.50386928165103 19.586497015824108
    endloop
  endfacet
  facet normal 0 0.9039892931234311 0.427555093430308
    outer loop
      vertex 116.3 73.50386928165103 19.586497015824108
      vertex 116.3 73.41365900510073 19.777230620415057
      vertex 118.7 73.41365900510073 19.777230620415057
    endloop
  endfacet
  facet normal 0 0.9415440651830108 0.33688985339224803
    outer loop
      vertex 116.3 73.41365900510073 19.777230620415057
      vertex 116.3 73.34257827817574 19.975887943902908
      vertex 118.7 73.34257827817574 19.975887943902908
    endloop
  endfacet
  facet normal 0 0.9039892931234311 0.427555093430308
    outer loop
      vertex 116.3 73.50386928165103 19.586497015824108
      vertex 118.7 73.41365900510073 19.777230620415057
      vertex 118.7 73.50386928165103 19.586497015824108
    endloop
  endfacet
  facet normal 0 0.8577286100002726 0.5141027441932208
    outer loop
      vertex 116.3 73.61234033354953 19.40552399900786
      vertex 118.7 73.50386928165103 19.586497015824108
      vertex 118.7 73.61234033354953 19.40552399900786
    endloop
  endfacet
  facet normal 0 0.9415440651830108 0.33688985339224803
    outer loop
      vertex 116.3 73.41365900510073 19.777230620415057
      vertex 118.7 73.34257827817574 19.975887943902908
      vertex 118.7 73.41365900510073 19.777230620415057
    endloop
  endfacet
  facet normal 0 0.9700312531945467 0.2429801799032534
    outer loop
      vertex 116.3 73.34257827817574 19.975887943902908
      vertex 116.3 73.29131164713304 20.180555807665325
      vertex 118.7 73.29131164713304 20.180555807665325
    endloop
  endfacet
  facet normal 0 0.9891765099647808 0.14673047445536408
    outer loop
      vertex 116.3 73.29131164713304 20.180555807665325
      vertex 116.3 73.26035283765476 20.389263148291445
      vertex 118.7 73.26035283765476 20.389263148291445
    endloop
  endfacet
  facet normal 0 0.998795456205172 0.04906767432742652
    outer loop
      vertex 116.3 73.26035283765476 20.389263148291445
      vertex 116.3 73.24999999999999 20.6
      vertex 118.7 73.24999999999999 20.6
    endloop
  endfacet
  facet normal 0 0.9700312531945467 0.2429801799032534
    outer loop
      vertex 116.3 73.34257827817574 19.975887943902908
      vertex 118.7 73.29131164713304 20.180555807665325
      vertex 118.7 73.34257827817574 19.975887943902908
    endloop
  endfacet
  facet normal 0 0.9891765099647808 0.14673047445536408
    outer loop
      vertex 116.3 73.29131164713304 20.180555807665325
      vertex 118.7 73.26035283765476 20.389263148291445
      vertex 118.7 73.29131164713304 20.180555807665325
    endloop
  endfacet
  facet normal 0 0.998795456205172 0.04906767432742652
    outer loop
      vertex 116.3 73.26035283765476 20.389263148291445
      vertex 118.7 73.24999999999999 20.6
      vertex 118.7 73.26035283765476 20.389263148291445
    endloop
  endfacet
  facet normal 0 0.998795456205172 -0.04906767432742652
    outer loop
      vertex 116.3 73.24999999999999 20.6
      vertex 116.3 73.26035283765476 20.81073685170856
      vertex 118.7 73.26035283765476 20.81073685170856
    endloop
  endfacet
  facet normal 0 0.9891765099647808 -0.14673047445536408
    outer loop
      vertex 116.3 73.26035283765476 20.81073685170856
      vertex 116.3 73.29131164713304 21.019444192334678
      vertex 118.7 73.29131164713304 21.019444192334678
    endloop
  endfacet
  facet normal 0 0.9700312531945467 -0.2429801799032534
    outer loop
      vertex 116.3 73.29131164713304 21.019444192334678
      vertex 116.3 73.34257827817574 21.224112056097095
      vertex 118.7 73.34257827817574 21.224112056097095
    endloop
  endfacet
  facet normal 0 0.998795456205172 -0.04906767432742652
    outer loop
      vertex 116.3 73.24999999999999 20.6
      vertex 118.7 73.26035283765476 20.81073685170856
      vertex 118.7 73.24999999999999 20.6
    endloop
  endfacet
  facet normal 0 0.9891765099647808 -0.14673047445536408
    outer loop
      vertex 116.3 73.26035283765476 20.81073685170856
      vertex 118.7 73.29131164713304 21.019444192334678
      vertex 118.7 73.26035283765476 20.81073685170856
    endloop
  endfacet
  facet normal 0 0.9700312531945467 -0.2429801799032534
    outer loop
      vertex 116.3 73.29131164713304 21.019444192334678
      vertex 118.7 73.34257827817574 21.224112056097095
      vertex 118.7 73.29131164713304 21.019444192334678
    endloop
  endfacet
  facet normal 0 0.9415440651830108 -0.33688985339224803
    outer loop
      vertex 116.3 73.34257827817574 21.224112056097095
      vertex 116.3 73.41365900510073 21.422769379584945
      vertex 118.7 73.41365900510073 21.422769379584945
    endloop
  endfacet
  facet normal 0 0.9039892931234311 -0.427555093430308
    outer loop
      vertex 116.3 73.41365900510073 21.422769379584945
      vertex 116.3 73.50386928165103 21.613502984175895
      vertex 118.7 73.50386928165103 21.613502984175895
    endloop
  endfacet
  facet normal 0 0.8577286100002726 -0.5141027441932208
    outer loop
      vertex 116.3 73.61234033354953 21.794476000992145
      vertex 118.7 73.61234033354953 21.794476000992145
      vertex 116.3 73.50386928165103 21.613502984175895
    endloop
  endfacet
  facet normal 0 0.9415440651830108 -0.33688985339224803
    outer loop
      vertex 116.3 73.34257827817574 21.224112056097095
      vertex 118.7 73.41365900510073 21.422769379584945
      vertex 118.7 73.34257827817574 21.224112056097095
    endloop
  endfacet
  facet normal 0 0.9039892931234311 -0.427555093430308
    outer loop
      vertex 116.3 73.41365900510073 21.422769379584945
      vertex 118.7 73.50386928165103 21.613502984175895
      vertex 118.7 73.41365900510073 21.422769379584945
    endloop
  endfacet
  facet normal 0 0.8577286100002726 -0.5141027441932208
    outer loop
      vertex 116.3 73.50386928165103 21.613502984175895
      vertex 118.7 73.61234033354953 21.794476000992145
      vertex 118.7 73.50386928165103 21.613502984175895
    endloop
  endfacet
  facet normal 0 0.8032075314806482 -0.5956993044924289
    outer loop
      vertex 116.3 73.73802752527011 21.96394556095184
      vertex 118.7 73.73802752527011 21.96394556095184
      vertex 116.3 73.61234033354953 21.794476000992145
    endloop
  endfacet
  facet normal 0 0.7409511253549594 -0.6715589548470179
    outer loop
      vertex 116.3 73.73802752527011 21.96394556095184
      vertex 116.3 73.87972042044892 22.120279579551077
      vertex 118.7 73.87972042044892 22.120279579551077
    endloop
  endfacet
  facet normal 0 0.6715589548470271 -0.7409511253549512
    outer loop
      vertex 116.3 73.87972042044892 22.120279579551077
      vertex 116.3 74.03605443904816 22.261972474729887
      vertex 118.7 74.03605443904816 22.261972474729887
    endloop
  endfacet
  facet normal 0 0.5956993044924289 -0.8032075314806482
    outer loop
      vertex 116.3 74.03605443904816 22.261972474729887
      vertex 116.3 74.20552399900785 22.387659666450475
      vertex 118.7 74.20552399900785 22.387659666450475
    endloop
  endfacet
  facet normal 0 0.8032075314806482 -0.5956993044924289
    outer loop
      vertex 116.3 73.61234033354953 21.794476000992145
      vertex 118.7 73.73802752527011 21.96394556095184
      vertex 118.7 73.61234033354953 21.794476000992145
    endloop
  endfacet
  facet normal 0 0.7409511253549594 -0.6715589548470179
    outer loop
      vertex 116.3 73.73802752527011 21.96394556095184
      vertex 118.7 73.87972042044892 22.120279579551077
      vertex 118.7 73.73802752527011 21.96394556095184
    endloop
  endfacet
  facet normal 0 0.6715589548470271 -0.7409511253549512
    outer loop
      vertex 116.3 73.87972042044892 22.120279579551077
      vertex 118.7 74.03605443904816 22.261972474729887
      vertex 118.7 73.87972042044892 22.120279579551077
    endloop
  endfacet
  facet normal 0 0.5956993044924289 -0.8032075314806482
    outer loop
      vertex 116.3 74.03605443904816 22.261972474729887
      vertex 118.7 74.20552399900785 22.387659666450475
      vertex 118.7 74.03605443904816 22.261972474729887
    endloop
  endfacet
  facet normal 0 0.5141027441932431 -0.8577286100002594
    outer loop
      vertex 116.3 74.20552399900785 22.387659666450475
      vertex 118.7 74.38649701582409 22.496130718348965
      vertex 118.7 74.20552399900785 22.387659666450475
    endloop
  endfacet
  facet normal 0 0.5141027441932431 -0.8577286100002594
    outer loop
      vertex 116.3 74.38649701582409 22.496130718348965
      vertex 118.7 74.38649701582409 22.496130718348965
      vertex 116.3 74.20552399900785 22.387659666450475
    endloop
  endfacet
  facet normal 0 0.42755509343026094 -0.9039892931234533
    outer loop
      vertex 116.3 74.38649701582409 22.496130718348965
      vertex 116.3 74.57723062041505 22.586340994899267
      vertex 118.7 74.57723062041505 22.586340994899267
    endloop
  endfacet
  facet normal 0 0.42755509343026094 -0.9039892931234533
    outer loop
      vertex 116.3 74.38649701582409 22.496130718348965
      vertex 118.7 74.57723062041505 22.586340994899267
      vertex 118.7 74.38649701582409 22.496130718348965
    endloop
  endfacet
  facet normal 0 0.3368898533922182 -0.9415440651830215
    outer loop
      vertex 116.3 74.57723062041505 22.586340994899267
      vertex 116.3 74.7758879439029 22.65742172182425
      vertex 118.7 74.7758879439029 22.65742172182425
    endloop
  endfacet
  facet normal 0 0.2429801799032772 -0.9700312531945406
    outer loop
      vertex 116.3 74.7758879439029 22.65742172182425
      vertex 116.3 74.98055580766531 22.708688352866947
      vertex 118.7 74.98055580766531 22.708688352866947
    endloop
  endfacet
  facet normal 0 0.14673047445536408 -0.9891765099647808
    outer loop
      vertex 116.3 74.98055580766531 22.708688352866947
      vertex 116.3 75.18926314829143 22.739647162345225
      vertex 118.7 75.18926314829143 22.739647162345225
    endloop
  endfacet
  facet normal 0 0.0490676743274089 -0.9987954562051728
    outer loop
      vertex 116.3 75.39999999999999 22.75
      vertex 118.7 75.39999999999999 22.75
      vertex 116.3 75.18926314829143 22.739647162345225
    endloop
  endfacet
  facet normal 0 0.3368898533922182 -0.9415440651830215
    outer loop
      vertex 116.3 74.57723062041505 22.586340994899267
      vertex 118.7 74.7758879439029 22.65742172182425
      vertex 118.7 74.57723062041505 22.586340994899267
    endloop
  endfacet
  facet normal 0 0.2429801799032772 -0.9700312531945406
    outer loop
      vertex 116.3 74.7758879439029 22.65742172182425
      vertex 118.7 74.98055580766531 22.708688352866947
      vertex 118.7 74.7758879439029 22.65742172182425
    endloop
  endfacet
  facet normal 0 0.14673047445536408 -0.9891765099647808
    outer loop
      vertex 116.3 74.98055580766531 22.708688352866947
      vertex 118.7 75.18926314829143 22.739647162345225
      vertex 118.7 74.98055580766531 22.708688352866947
    endloop
  endfacet
  facet normal 0 0.0490676743274089 -0.9987954562051728
    outer loop
      vertex 116.3 75.18926314829143 22.739647162345225
      vertex 118.7 75.39999999999999 22.75
      vertex 118.7 75.18926314829143 22.739647162345225
    endloop
  endfacet
  facet normal 0 0 -1
    outer loop
      vertex 116.3 75.39999999999999 22.75
      vertex 118.7 83.6 22.75
      vertex 118.7 75.39999999999999 22.75
    endloop
  endfacet
  facet normal 0 0 -1
    outer loop
      vertex 116.3 83.6 22.75
      vertex 118.7 83.6 22.75
      vertex 116.3 75.39999999999999 22.75
    endloop
  endfacet
  facet normal 0 -0.0490676743274089 -0.9987954562051728
    outer loop
      vertex 116.3 83.6 22.75
      vertex 116.3 83.81073685170855 22.739647162345225
      vertex 118.7 83.81073685170855 22.739647162345225
    endloop
  endfacet
  facet normal 0 -0.14673047445536408 -0.9891765099647808
    outer loop
      vertex 116.3 83.81073685170855 22.739647162345225
      vertex 116.3 84.01944419233467 22.708688352866947
      vertex 118.7 84.01944419233467 22.708688352866947
    endloop
  endfacet
  facet normal 0 -0.2429801799032772 -0.9700312531945406
    outer loop
      vertex 116.3 84.22411205609708 22.65742172182425
      vertex 118.7 84.22411205609708 22.65742172182425
      vertex 116.3 84.01944419233467 22.708688352866947
    endloop
  endfacet
  facet normal 0 -0.3368898533922182 -0.9415440651830215
    outer loop
      vertex 116.3 84.22411205609708 22.65742172182425
      vertex 116.3 84.42276937958493 22.586340994899267
      vertex 118.7 84.42276937958493 22.586340994899267
    endloop
  endfacet
  facet normal 0 -0.0490676743274089 -0.9987954562051728
    outer loop
      vertex 116.3 83.6 22.75
      vertex 118.7 83.81073685170855 22.739647162345225
      vertex 118.7 83.6 22.75
    endloop
  endfacet
  facet normal 0 -0.14673047445536408 -0.9891765099647808
    outer loop
      vertex 116.3 83.81073685170855 22.739647162345225
      vertex 118.7 84.01944419233467 22.708688352866947
      vertex 118.7 83.81073685170855 22.739647162345225
    endloop
  endfacet
  facet normal 0 -0.2429801799032772 -0.9700312531945406
    outer loop
      vertex 116.3 84.01944419233467 22.708688352866947
      vertex 118.7 84.22411205609708 22.65742172182425
      vertex 118.7 84.01944419233467 22.708688352866947
    endloop
  endfacet
  facet normal 0 -0.3368898533922182 -0.9415440651830215
    outer loop
      vertex 116.3 84.22411205609708 22.65742172182425
      vertex 118.7 84.42276937958493 22.586340994899267
      vertex 118.7 84.22411205609708 22.65742172182425
    endloop
  endfacet
  facet normal 0 -0.8577286100002726 0.5141027441932208
    outer loop
      vertex 116.3 85.38765966645046 19.40552399900786
      vertex 118.7 85.38765966645046 19.40552399900786
      vertex 116.3 85.49613071834895 19.586497015824108
    endloop
  endfacet
  facet normal 0 -0.9039892931234311 0.427555093430308
    outer loop
      vertex 116.3 85.49613071834895 19.586497015824108
      vertex 118.7 85.49613071834895 19.586497015824108
      vertex 116.3 85.58634099489926 19.777230620415057
    endloop
  endfacet
  facet normal 0 -0.9415440651830108 0.33688985339224803
    outer loop
      vertex 116.3 85.58634099489926 19.777230620415057
      vertex 118.7 85.58634099489926 19.777230620415057
      vertex 116.3 85.65742172182425 19.975887943902908
    endloop
  endfacet
  facet normal 0 -0.8577286100002726 0.5141027441932208
    outer loop
      vertex 116.3 85.49613071834895 19.586497015824108
      vertex 118.7 85.38765966645046 19.40552399900786
      vertex 118.7 85.49613071834895 19.586497015824108
    endloop
  endfacet
  facet normal 0 -0.9039892931234311 0.427555093430308
    outer loop
      vertex 116.3 85.58634099489926 19.777230620415057
      vertex 118.7 85.49613071834895 19.586497015824108
      vertex 118.7 85.58634099489926 19.777230620415057
    endloop
  endfacet
  facet normal 0 -0.9415440651830108 0.33688985339224803
    outer loop
      vertex 116.3 85.65742172182425 19.975887943902908
      vertex 118.7 85.58634099489926 19.777230620415057
      vertex 118.7 85.65742172182425 19.975887943902908
    endloop
  endfacet
  facet normal 0 -0.9700312531945467 0.2429801799032534
    outer loop
      vertex 116.3 85.65742172182425 19.975887943902908
      vertex 118.7 85.65742172182425 19.975887943902908
      vertex 116.3 85.70868835286694 20.180555807665325
    endloop
  endfacet
  facet normal 0 -0.9891765099647808 0.14673047445536408
    outer loop
      vertex 116.3 85.70868835286694 20.180555807665325
      vertex 118.7 85.70868835286694 20.180555807665325
      vertex 116.3 85.73964716234522 20.389263148291445
    endloop
  endfacet
  facet normal 0 -0.998795456205172 0.04906767432742652
    outer loop
      vertex 116.3 85.73964716234522 20.389263148291445
      vertex 118.7 85.73964716234522 20.389263148291445
      vertex 116.3 85.75 20.6
    endloop
  endfacet
  facet normal 0 -0.9700312531945467 0.2429801799032534
    outer loop
      vertex 116.3 85.70868835286694 20.180555807665325
      vertex 118.7 85.65742172182425 19.975887943902908
      vertex 118.7 85.70868835286694 20.180555807665325
    endloop
  endfacet
  facet normal 0 -0.9891765099647808 0.14673047445536408
    outer loop
      vertex 116.3 85.73964716234522 20.389263148291445
      vertex 118.7 85.70868835286694 20.180555807665325
      vertex 118.7 85.73964716234522 20.389263148291445
    endloop
  endfacet
  facet normal 0 -0.998795456205172 0.04906767432742652
    outer loop
      vertex 116.3 85.75 20.6
      vertex 118.7 85.73964716234522 20.389263148291445
      vertex 118.7 85.75 20.6
    endloop
  endfacet
  facet normal 0 -0.998795456205172 -0.04906767432742652
    outer loop
      vertex 116.3 85.75 20.6
      vertex 118.7 85.75 20.6
      vertex 116.3 85.73964716234522 20.81073685170856
    endloop
  endfacet
  facet normal 0 -0.9891765099647808 -0.14673047445536408
    outer loop
      vertex 116.3 85.73964716234522 20.81073685170856
      vertex 118.7 85.73964716234522 20.81073685170856
      vertex 116.3 85.70868835286694 21.019444192334678
    endloop
  endfacet
  facet normal 0 -0.9700312531945467 -0.2429801799032534
    outer loop
      vertex 116.3 85.70868835286694 21.019444192334678
      vertex 118.7 85.70868835286694 21.019444192334678
      vertex 116.3 85.65742172182425 21.224112056097095
    endloop
  endfacet
  facet normal 0 -0.998795456205172 -0.04906767432742652
    outer loop
      vertex 116.3 85.73964716234522 20.81073685170856
      vertex 118.7 85.75 20.6
      vertex 118.7 85.73964716234522 20.81073685170856
    endloop
  endfacet
  facet normal 0 -0.9891765099647808 -0.14673047445536408
    outer loop
      vertex 116.3 85.70868835286694 21.019444192334678
      vertex 118.7 85.73964716234522 20.81073685170856
      vertex 118.7 85.70868835286694 21.019444192334678
    endloop
  endfacet
  facet normal 0 -0.9700312531945467 -0.2429801799032534
    outer loop
      vertex 116.3 85.65742172182425 21.224112056097095
      vertex 118.7 85.70868835286694 21.019444192334678
      vertex 118.7 85.65742172182425 21.224112056097095
    endloop
  endfacet
  facet normal 0 -0.9415440651830108 -0.33688985339224803
    outer loop
      vertex 116.3 85.65742172182425 21.224112056097095
      vertex 118.7 85.65742172182425 21.224112056097095
      vertex 116.3 85.58634099489926 21.422769379584945
    endloop
  endfacet
  facet normal 0 -0.9039892931234311 -0.427555093430308
    outer loop
      vertex 116.3 85.58634099489926 21.422769379584945
      vertex 118.7 85.58634099489926 21.422769379584945
      vertex 116.3 85.49613071834895 21.613502984175895
    endloop
  endfacet
  facet normal 0 -0.8577286100002726 -0.5141027441932208
    outer loop
      vertex 116.3 85.49613071834895 21.613502984175895
      vertex 118.7 85.49613071834895 21.613502984175895
      vertex 116.3 85.38765966645046 21.794476000992145
    endloop
  endfacet
  facet normal 0 -0.9415440651830108 -0.33688985339224803
    outer loop
      vertex 116.3 85.58634099489926 21.422769379584945
      vertex 118.7 85.65742172182425 21.224112056097095
      vertex 118.7 85.58634099489926 21.422769379584945
    endloop
  endfacet
  facet normal 0 -0.8577286100002726 -0.5141027441932208
    outer loop
      vertex 116.3 85.38765966645046 21.794476000992145
      vertex 118.7 85.49613071834895 21.613502984175895
      vertex 118.7 85.38765966645046 21.794476000992145
    endloop
  endfacet
  facet normal 0 -0.9039892931234311 -0.427555093430308
    outer loop
      vertex 116.3 85.49613071834895 21.613502984175895
      vertex 118.7 85.58634099489926 21.422769379584945
      vertex 118.7 85.49613071834895 21.613502984175895
    endloop
  endfacet
  facet normal 0 -0.5141027441932431 -0.8577286100002594
    outer loop
      vertex 116.3 84.6135029841759 22.496130718348965
      vertex 116.3 84.79447600099213 22.387659666450475
      vertex 118.7 84.79447600099213 22.387659666450475
    endloop
  endfacet
  facet normal 0 -0.6715589548470271 -0.7409511253549512
    outer loop
      vertex 116.3 85.12027957955107 22.120279579551077
      vertex 118.7 85.12027957955107 22.120279579551077
      vertex 116.3 84.96394556095183 22.261972474729887
    endloop
  endfacet
  facet normal 0 -0.5956993044924289 -0.8032075314806482
    outer loop
      vertex 116.3 84.96394556095183 22.261972474729887
      vertex 118.7 84.96394556095183 22.261972474729887
      vertex 116.3 84.79447600099213 22.387659666450475
    endloop
  endfacet
  facet normal 0 -0.8032075314806482 -0.5956993044924289
    outer loop
      vertex 116.3 85.26197247472987 21.96394556095184
      vertex 116.3 85.38765966645046 21.794476000992145
      vertex 118.7 85.38765966645046 21.794476000992145
    endloop
  endfacet
  facet normal 0 -0.7409511253549594 -0.6715589548470179
    outer loop
      vertex 116.3 85.26197247472987 21.96394556095184
      vertex 118.7 85.26197247472987 21.96394556095184
      vertex 116.3 85.12027957955107 22.120279579551077
    endloop
  endfacet
  facet normal 0 -0.7409511253549594 -0.6715589548470179
    outer loop
      vertex 116.3 85.12027957955107 22.120279579551077
      vertex 118.7 85.26197247472987 21.96394556095184
      vertex 118.7 85.12027957955107 22.120279579551077
    endloop
  endfacet
  facet normal 0 -0.6715589548470271 -0.7409511253549512
    outer loop
      vertex 116.3 84.96394556095183 22.261972474729887
      vertex 118.7 85.12027957955107 22.120279579551077
      vertex 118.7 84.96394556095183 22.261972474729887
    endloop
  endfacet
  facet normal 0 -0.5956993044924289 -0.8032075314806482
    outer loop
      vertex 116.3 84.79447600099213 22.387659666450475
      vertex 118.7 84.96394556095183 22.261972474729887
      vertex 118.7 84.79447600099213 22.387659666450475
    endloop
  endfacet
  facet normal 0 -0.8032075314806482 -0.5956993044924289
    outer loop
      vertex 116.3 85.26197247472987 21.96394556095184
      vertex 118.7 85.38765966645046 21.794476000992145
      vertex 118.7 85.26197247472987 21.96394556095184
    endloop
  endfacet
  facet normal 0 -0.42755509343026094 -0.9039892931234533
    outer loop
      vertex 116.3 84.42276937958493 22.586340994899267
      vertex 116.3 84.6135029841759 22.496130718348965
      vertex 118.7 84.6135029841759 22.496130718348965
    endloop
  endfacet
  facet normal 0 -0.42755509343026094 -0.9039892931234533
    outer loop
      vertex 116.3 84.42276937958493 22.586340994899267
      vertex 118.7 84.6135029841759 22.496130718348965
      vertex 118.7 84.42276937958493 22.586340994899267
    endloop
  endfacet
  facet normal 0 -0.5141027441932431 -0.8577286100002594
    outer loop
      vertex 116.3 84.6135029841759 22.496130718348965
      vertex 118.7 84.79447600099213 22.387659666450475
      vertex 118.7 84.6135029841759 22.496130718348965
    endloop
  endfacet
  facet normal 1 0 0
    outer loop
      vertex 6.399999999999999 52.599999999999994 2.4
      vertex 6.399999999999999 52.599999999999994 0
      vertex 6.399999999999999 63.599999999999994 2.4
    endloop
  endfacet
  facet normal 1 0 0
    outer loop
      vertex 6.399999999999999 52.599999999999994 0
      vertex 6.399999999999999 63.599999999999994 0
      vertex 6.399999999999999 63.599999999999994 2.4
    endloop
  endfacet
  facet normal 0 1 0
    outer loop
      vertex 6.399999999999999 52.599999999999994 0
      vertex 6.399999999999999 52.599999999999994 2.4
      vertex 112.30000000000001 52.599999999999994 0
    endloop
  endfacet
  facet normal 0 -1 0
    outer loop
      vertex 6.399999999999999 63.599999999999994 0
      vertex 112.30000000000001 63.599999999999994 2.4
      vertex 6.399999999999999 63.599999999999994 2.4
    endloop
  endfacet
  facet normal 0 1 0
    outer loop
      vertex 6.399999999999999 52.599999999999994 2.4
      vertex 112.30000000000001 52.599999999999994 2.4
      vertex 112.30000000000001 52.599999999999994 0
    endloop
  endfacet
  facet normal 0 -1 0
    outer loop
      vertex 6.399999999999999 63.599999999999994 0
      vertex 112.30000000000001 63.599999999999994 0
      vertex 112.30000000000001 63.599999999999994 2.4
    endloop
  endfacet
  facet normal -1 0 0
    outer loop
      vertex 112.30000000000001 52.599999999999994 0
      vertex 112.30000000000001 52.599999999999994 2.4
      vertex 112.30000000000001 63.599999999999994 0
    endloop
  endfacet
  facet normal -1 0 0
    outer loop
      vertex 112.30000000000001 63.599999999999994 0
      vertex 112.30000000000001 52.599999999999994 2.4
      vertex 112.30000000000001 63.599999999999994 2.4
    endloop
  endfacet
  facet normal 0 0.7071067811865475 0.7071067811865475
    outer loop
      vertex 0 54.47014387547969 16.947756125032903
      vertex 2.4 54.47014387547969 16.947756125032903
      vertex 0 58.099999999999994 13.317900000512601
    endloop
  endfacet
  facet normal 0 0.6715587037802071 0.7409513529085752
    outer loop
      vertex 2.4 54.458400076627726 16.958400076627733
      vertex 0 54.47014387547969 16.947756125032903
      vertex 0 54.458400076627726 16.958400076627733
    endloop
  endfacet
  facet normal 0 0.6715587037802071 0.7409513529085752
    outer loop
      vertex 2.4 54.458400076627726 16.958400076627733
      vertex 2.4 54.47014387547969 16.947756125032903
      vertex 0 54.47014387547969 16.947756125032903
    endloop
  endfacet
  facet normal 0 0.9039892921954186 0.4275550953924257
    outer loop
      vertex 0 53.55810548961162 18.17230680435896
      vertex 0 53.34202040582895 18.629180325567724
      vertex 2.4 53.34202040582895 18.629180325567724
    endloop
  endfacet
  facet normal 0 0.9039892921954186 0.4275550953924257
    outer loop
      vertex 0 53.55810548961162 18.17230680435896
      vertex 2.4 53.34202040582895 18.629180325567724
      vertex 2.4 53.55810548961162 18.17230680435896
    endloop
  endfacet
  facet normal 0 0.9415440659192373 0.3368898513346324
    outer loop
      vertex 0 53.34202040582895 18.629180325567724
      vertex 2.4 53.171757271885866 19.105033910274507
      vertex 2.4 53.34202040582895 18.629180325567724
    endloop
  endfacet
  facet normal 0 0.9415440659192373 0.3368898513346324
    outer loop
      vertex 0 53.34202040582895 18.629180325567724
      vertex 0 53.171757271885866 19.105033910274507
      vertex 2.4 53.171757271885866 19.105033910274507
    endloop
  endfacet
  facet normal 0 0.9700312520090386 0.24298018463606635
    outer loop
      vertex 0 53.171757271885866 19.105033910274507
      vertex 2.4 53.04895580410957 19.595284840464593
      vertex 2.4 53.171757271885866 19.105033910274507
    endloop
  endfacet
  facet normal 0 0.7409511254359235 0.6715589547576879
    outer loop
      vertex 2.4 54.118996164202684 17.33287458717823
      vertex 0 54.458400076627726 16.958400076627733
      vertex 0 54.118996164202684 17.33287458717823
    endloop
  endfacet
  facet normal 0 0.8032075309655861 0.5956993051869098
    outer loop
      vertex 2.4 53.81793149411678 17.738813301920892
      vertex 2.4 54.118996164202684 17.33287458717823
      vertex 0 54.118996164202684 17.33287458717823
    endloop
  endfacet
  facet normal 0 0.7409511254359235 0.6715589547576879
    outer loop
      vertex 2.4 54.118996164202684 17.33287458717823
      vertex 2.4 54.458400076627726 16.958400076627733
      vertex 0 54.458400076627726 16.958400076627733
    endloop
  endfacet
  facet normal 0 0.8032075309655861 0.5956993051869098
    outer loop
      vertex 0 54.118996164202684 17.33287458717823
      vertex 0 53.81793149411678 17.738813301920892
      vertex 2.4 53.81793149411678 17.738813301920892
    endloop
  endfacet
  facet normal 0 0.8577286115334434 0.51410274163528
    outer loop
      vertex 0 53.81793149411678 17.738813301920892
      vertex 0 53.55810548961162 18.17230680435896
      vertex 2.4 53.55810548961162 18.17230680435896
    endloop
  endfacet
  facet normal 0 0.8577286115334434 0.51410274163528
    outer loop
      vertex 0 53.81793149411678 17.738813301920892
      vertex 2.4 53.55810548961162 18.17230680435896
      vertex 2.4 53.81793149411678 17.738813301920892
    endloop
  endfacet
  facet normal 0 0.7071067811865475 0.7071067811865475
    outer loop
      vertex 0 58.099999999999994 13.317900000512601
      vertex 2.4 54.47014387547969 16.947756125032903
      vertex 2.4 58.099999999999994 13.317900000512601
    endloop
  endfacet
  facet normal 0 -0.7071067811865475 0.7071067811865475
    outer loop
      vertex 0 61.729856124520296 16.947756125032903
      vertex 0 58.099999999999994 13.317900000512601
      vertex 2.4 58.099999999999994 13.317900000512601
    endloop
  endfacet
  facet normal 0 -0.7071067811865475 0.7071067811865475
    outer loop
      vertex 0 61.729856124520296 16.947756125032903
      vertex 2.4 58.099999999999994 13.317900000512601
      vertex 2.4 61.729856124520296 16.947756125032903
    endloop
  endfacet
  facet normal 0 -0.6715587037802071 0.7409513529085752
    outer loop
      vertex 0 61.74159992337226 16.958400076627733
      vertex 0 61.729856124520296 16.947756125032903
      vertex 2.4 61.729856124520296 16.947756125032903
    endloop
  endfacet
  facet normal 0 -0.6715587037802071 0.7409513529085752
    outer loop
      vertex 0 61.74159992337226 16.958400076627733
      vertex 2.4 61.729856124520296 16.947756125032903
      vertex 2.4 61.74159992337226 16.958400076627733
    endloop
  endfacet
  facet normal 0 -0.7409511254359235 0.6715589547576879
    outer loop
      vertex 0 62.081003835797304 17.33287458717823
      vertex 0 61.74159992337226 16.958400076627733
      vertex 2.4 61.74159992337226 16.958400076627733
    endloop
  endfacet
  facet normal 0 -0.8032075309655861 0.5956993051869098
    outer loop
      vertex 0 62.38206850588321 17.738813301920892
      vertex 0 62.081003835797304 17.33287458717823
      vertex 2.4 62.081003835797304 17.33287458717823
    endloop
  endfacet
  facet normal 0 -0.7409511254359235 0.6715589547576879
    outer loop
      vertex 0 62.081003835797304 17.33287458717823
      vertex 2.4 61.74159992337226 16.958400076627733
      vertex 2.4 62.081003835797304 17.33287458717823
    endloop
  endfacet
  facet normal 0 -0.8577286115334434 0.51410274163528
    outer loop
      vertex 0 62.64189451038837 18.17230680435896
      vertex 0 62.38206850588321 17.738813301920892
      vertex 2.4 62.38206850588321 17.738813301920892
    endloop
  endfacet
  facet normal 0 -0.8032075309655861 0.5956993051869098
    outer loop
      vertex 0 62.38206850588321 17.738813301920892
      vertex 2.4 62.081003835797304 17.33287458717823
      vertex 2.4 62.38206850588321 17.738813301920892
    endloop
  endfacet
  facet normal 0 -0.8577286115334434 0.51410274163528
    outer loop
      vertex 0 62.64189451038837 18.17230680435896
      vertex 2.4 62.38206850588321 17.738813301920892
      vertex 2.4 62.64189451038837 18.17230680435896
    endloop
  endfacet
  facet normal 0 -0.9039892921954186 0.4275550953924257
    outer loop
      vertex 0 62.85797959417104 18.629180325567724
      vertex 0 62.64189451038837 18.17230680435896
      vertex 2.4 62.64189451038837 18.17230680435896
    endloop
  endfacet
  facet normal 0 -0.9415440659192373 0.3368898513346324
    outer loop
      vertex 0 63.02824272811412 19.105033910274507
      vertex 0 62.85797959417104 18.629180325567724
      vertex 2.4 62.85797959417104 18.629180325567724
    endloop
  endfacet
  facet normal 0 -0.9039892921954186 0.4275550953924257
    outer loop
      vertex 0 62.85797959417104 18.629180325567724
      vertex 2.4 62.64189451038837 18.17230680435896
      vertex 2.4 62.85797959417104 18.629180325567724
    endloop
  endfacet
  facet normal 0 -0.9700312520090386 0.24298018463606635
    outer loop
      vertex 0 63.15104419589042 19.595284840464593
      vertex 0 63.02824272811412 19.105033910274507
      vertex 2.4 63.02824272811412 19.105033910274507
    endloop
  endfacet
  facet normal 0 -0.9415440659192373 0.3368898513346324
    outer loop
      vertex 0 63.02824272811412 19.105033910274507
      vertex 2.4 62.85797959417104 18.629180325567724
      vertex 2.4 63.02824272811412 19.105033910274507
    endloop
  endfacet
  facet normal 0 0.9700312520090386 0.24298018463606635
    outer loop
      vertex 0 53.171757271885866 19.105033910274507
      vertex 0 53.04895580410957 19.595284840464593
      vertex 2.4 53.04895580410957 19.595284840464593
    endloop
  endfacet
  facet normal 0 0.9891765099497409 0.14673047455675342
    outer loop
      vertex 0 53.04895580410957 19.595284840464593
      vertex 0 52.97479865550994 20.095211727917196
      vertex 2.4 52.97479865550994 20.095211727917196
    endloop
  endfacet
  facet normal 0 0.9891765099497409 0.14673047455675342
    outer loop
      vertex 0 53.04895580410957 19.595284840464593
      vertex 2.4 52.97479865550994 20.095211727917196
      vertex 2.4 53.04895580410957 19.595284840464593
    endloop
  endfacet
  facet normal 0 0.9987954565531186 0.04906766724480965
    outer loop
      vertex 0 52.97479865550994 20.095211727917196
      vertex 0 52.95000000149011 20.6
      vertex 2.4 52.95000000149011 20.6
    endloop
  endfacet
  facet normal 0 0.9987954565531186 0.04906766724480965
    outer loop
      vertex 0 52.97479865550994 20.095211727917196
      vertex 2.4 52.95000000149011 20.6
      vertex 2.4 52.97479865550994 20.095211727917196
    endloop
  endfacet
  facet normal 0 0.9987954565531186 -0.04906766724480965
    outer loop
      vertex 0 52.95000000149011 20.6
      vertex 0 52.97479865550994 21.104788272082807
      vertex 2.4 52.97479865550994 21.104788272082807
    endloop
  endfacet
  facet normal 0 0.9987954565531186 -0.04906766724480965
    outer loop
      vertex 0 52.95000000149011 20.6
      vertex 2.4 52.97479865550994 21.104788272082807
      vertex 2.4 52.95000000149011 20.6
    endloop
  endfacet
  facet normal 0 0.9891765099497409 -0.14673047455675342
    outer loop
      vertex 0 52.97479865550994 21.104788272082807
      vertex 0 53.04895580410957 21.60471515953541
      vertex 2.4 53.04895580410957 21.60471515953541
    endloop
  endfacet
  facet normal 0 0.9891765099497409 -0.14673047455675342
    outer loop
      vertex 0 52.97479865550994 21.104788272082807
      vertex 2.4 53.04895580410957 21.60471515953541
      vertex 2.4 52.97479865550994 21.104788272082807
    endloop
  endfacet
  facet normal 0 0.9700312520090386 -0.24298018463606635
    outer loop
      vertex 0 53.04895580410957 21.60471515953541
      vertex 2.4 53.171757271885866 22.094966089725496
      vertex 2.4 53.04895580410957 21.60471515953541
    endloop
  endfacet
  facet normal 0 0.9700312520090386 -0.24298018463606635
    outer loop
      vertex 0 53.04895580410957 21.60471515953541
      vertex 0 53.171757271885866 22.094966089725496
      vertex 2.4 53.171757271885866 22.094966089725496
    endloop
  endfacet
  facet normal 0 0.9415440659192373 -0.3368898513346324
    outer loop
      vertex 0 53.171757271885866 22.094966089725496
      vertex 0 53.34202040582895 22.57081967443228
      vertex 2.4 53.34202040582895 22.57081967443228
    endloop
  endfacet
  facet normal 0 0.9415440659192373 -0.3368898513346324
    outer loop
      vertex 0 53.171757271885866 22.094966089725496
      vertex 2.4 53.34202040582895 22.57081967443228
      vertex 2.4 53.171757271885866 22.094966089725496
    endloop
  endfacet
  facet normal 0 0.9039892921954186 -0.4275550953924257
    outer loop
      vertex 0 53.34202040582895 22.57081967443228
      vertex 0 53.55810548961162 23.027693195641042
      vertex 2.4 53.55810548961162 23.027693195641042
    endloop
  endfacet
  facet normal 0 0.9039892921954186 -0.4275550953924257
    outer loop
      vertex 0 53.34202040582895 22.57081967443228
      vertex 2.4 53.55810548961162 23.027693195641042
      vertex 2.4 53.34202040582895 22.57081967443228
    endloop
  endfacet
  facet normal 0 0.8577286115334434 -0.51410274163528
    outer loop
      vertex 0 53.55810548961162 23.027693195641042
      vertex 0 53.81793149411678 23.46118669807911
      vertex 2.4 53.81793149411678 23.46118669807911
    endloop
  endfacet
  facet normal 0 0.8577286115334434 -0.51410274163528
    outer loop
      vertex 0 53.55810548961162 23.027693195641042
      vertex 2.4 53.81793149411678 23.46118669807911
      vertex 2.4 53.55810548961162 23.027693195641042
    endloop
  endfacet
  facet normal 0 0.8032075309655861 -0.5956993051869098
    outer loop
      vertex 0 53.81793149411678 23.46118669807911
      vertex 2.4 54.118996164202684 23.86712541282177
      vertex 2.4 53.81793149411678 23.46118669807911
    endloop
  endfacet
  facet normal 0 0.8032075309655861 -0.5956993051869098
    outer loop
      vertex 0 53.81793149411678 23.46118669807911
      vertex 0 54.118996164202684 23.86712541282177
      vertex 2.4 54.118996164202684 23.86712541282177
    endloop
  endfacet
  facet normal 0 0.7409511254359235 -0.6715589547576879
    outer loop
      vertex 0 54.118996164202684 23.86712541282177
      vertex 0 54.458400076627726 24.24159992337227
      vertex 2.4 54.458400076627726 24.24159992337227
    endloop
  endfacet
  facet normal 0 0.7409511254359235 -0.6715589547576879
    outer loop
      vertex 0 54.118996164202684 23.86712541282177
      vertex 2.4 54.458400076627726 24.24159992337227
      vertex 2.4 54.118996164202684 23.86712541282177
    endloop
  endfacet
  facet normal 0 0.6715589547576879 -0.7409511254359235
    outer loop
      vertex 0 54.458400076627726 24.24159992337227
      vertex 0 54.832874587178225 24.58100383579731
      vertex 2.4 54.832874587178225 24.58100383579731
    endloop
  endfacet
  facet normal 0 0.6715589547576879 -0.7409511254359235
    outer loop
      vertex 0 54.458400076627726 24.24159992337227
      vertex 2.4 54.832874587178225 24.58100383579731
      vertex 2.4 54.458400076627726 24.24159992337227
    endloop
  endfacet
  facet normal 0 0.5956993051869098 -0.8032075309655861
    outer loop
      vertex 0 54.832874587178225 24.58100383579731
      vertex 0 55.238813301920885 24.88206850588322
      vertex 2.4 55.238813301920885 24.88206850588322
    endloop
  endfacet
  facet normal 0 0.5956993051869098 -0.8032075309655861
    outer loop
      vertex 0 54.832874587178225 24.58100383579731
      vertex 2.4 55.238813301920885 24.88206850588322
      vertex 2.4 54.832874587178225 24.58100383579731
    endloop
  endfacet
  facet normal 0 0.51410274163528 -0.8577286115334434
    outer loop
      vertex 0 55.238813301920885 24.88206850588322
      vertex 0 55.67230680435895 25.141894510388376
      vertex 2.4 55.67230680435895 25.141894510388376
    endloop
  endfacet
  facet normal 0 0.4275550953924257 -0.9039892921954186
    outer loop
      vertex 0 55.67230680435895 25.141894510388376
      vertex 0 56.12918032556772 25.35797959417105
      vertex 2.4 56.12918032556772 25.35797959417105
    endloop
  endfacet
  facet normal 0 0.51410274163528 -0.8577286115334434
    outer loop
      vertex 0 55.238813301920885 24.88206850588322
      vertex 2.4 55.67230680435895 25.141894510388376
      vertex 2.4 55.238813301920885 24.88206850588322
    endloop
  endfacet
  facet normal 0 0.4275550953924257 -0.9039892921954186
    outer loop
      vertex 0 55.67230680435895 25.141894510388376
      vertex 2.4 56.12918032556772 25.35797959417105
      vertex 2.4 55.67230680435895 25.141894510388376
    endloop
  endfacet
  facet normal 0 0.3368898513346324 -0.9415440659192373
    outer loop
      vertex 0 56.12918032556772 25.35797959417105
      vertex 2.4 56.6050339102745 25.52824272811413
      vertex 2.4 56.12918032556772 25.35797959417105
    endloop
  endfacet
  facet normal 0 -0.7409511254359235 -0.6715589547576879
    outer loop
      vertex 0 61.74159992337226 24.24159992337227
      vertex 2.4 62.081003835797304 23.86712541282177
      vertex 2.4 61.74159992337226 24.24159992337227
    endloop
  endfacet
  facet normal 0 -0.9891765099497409 0.14673047455675342
    outer loop
      vertex 0 63.225201344490046 20.095211727917196
      vertex 0 63.15104419589042 19.595284840464593
      vertex 2.4 63.15104419589042 19.595284840464593
    endloop
  endfacet
  facet normal 0 -0.9700312520090386 0.24298018463606635
    outer loop
      vertex 0 63.15104419589042 19.595284840464593
      vertex 2.4 63.02824272811412 19.105033910274507
      vertex 2.4 63.15104419589042 19.595284840464593
    endloop
  endfacet
  facet normal 0 -0.9891765099497409 0.14673047455675342
    outer loop
      vertex 0 63.225201344490046 20.095211727917196
      vertex 2.4 63.15104419589042 19.595284840464593
      vertex 2.4 63.225201344490046 20.095211727917196
    endloop
  endfacet
  facet normal 0 -0.9987954565531186 0.04906766724480965
    outer loop
      vertex 0 63.24999999850988 20.6
      vertex 0 63.225201344490046 20.095211727917196
      vertex 2.4 63.225201344490046 20.095211727917196
    endloop
  endfacet
  facet normal 0 -0.9987954565531186 0.04906766724480965
    outer loop
      vertex 0 63.24999999850988 20.6
      vertex 2.4 63.225201344490046 20.095211727917196
      vertex 2.4 63.24999999850988 20.6
    endloop
  endfacet
  facet normal 0 -0.9987954565531186 -0.04906766724480965
    outer loop
      vertex 0 63.225201344490046 21.104788272082807
      vertex 0 63.24999999850988 20.6
      vertex 2.4 63.24999999850988 20.6
    endloop
  endfacet
  facet normal 0 -0.9987954565531186 -0.04906766724480965
    outer loop
      vertex 0 63.225201344490046 21.104788272082807
      vertex 2.4 63.24999999850988 20.6
      vertex 2.4 63.225201344490046 21.104788272082807
    endloop
  endfacet
  facet normal 0 -0.9891765099497409 -0.14673047455675342
    outer loop
      vertex 0 63.15104419589042 21.60471515953541
      vertex 0 63.225201344490046 21.104788272082807
      vertex 2.4 63.225201344490046 21.104788272082807
    endloop
  endfacet
  facet normal 0 -0.9700312520090386 -0.24298018463606635
    outer loop
      vertex 0 63.02824272811412 22.094966089725496
      vertex 0 63.15104419589042 21.60471515953541
      vertex 2.4 63.15104419589042 21.60471515953541
    endloop
  endfacet
  facet normal 0 -0.9891765099497409 -0.14673047455675342
    outer loop
      vertex 0 63.15104419589042 21.60471515953541
      vertex 2.4 63.225201344490046 21.104788272082807
      vertex 2.4 63.15104419589042 21.60471515953541
    endloop
  endfacet
  facet normal 0 -0.9415440659192373 -0.3368898513346324
    outer loop
      vertex 0 62.85797959417104 22.57081967443228
      vertex 0 63.02824272811412 22.094966089725496
      vertex 2.4 63.02824272811412 22.094966089725496
    endloop
  endfacet
  facet normal 0 -0.9700312520090386 -0.24298018463606635
    outer loop
      vertex 0 63.02824272811412 22.094966089725496
      vertex 2.4 63.15104419589042 21.60471515953541
      vertex 2.4 63.02824272811412 22.094966089725496
    endloop
  endfacet
  facet normal 0 -0.9415440659192373 -0.3368898513346324
    outer loop
      vertex 0 62.85797959417104 22.57081967443228
      vertex 2.4 63.02824272811412 22.094966089725496
      vertex 2.4 62.85797959417104 22.57081967443228
    endloop
  endfacet
  facet normal 0 -0.9039892921954186 -0.4275550953924257
    outer loop
      vertex 0 62.64189451038837 23.027693195641042
      vertex 0 62.85797959417104 22.57081967443228
      vertex 2.4 62.85797959417104 22.57081967443228
    endloop
  endfacet
  facet normal 0 -0.9039892921954186 -0.4275550953924257
    outer loop
      vertex 0 62.64189451038837 23.027693195641042
      vertex 2.4 62.85797959417104 22.57081967443228
      vertex 2.4 62.64189451038837 23.027693195641042
    endloop
  endfacet
  facet normal 0 -0.8577286115334434 -0.51410274163528
    outer loop
      vertex 0 62.38206850588321 23.46118669807911
      vertex 0 62.64189451038837 23.027693195641042
      vertex 2.4 62.64189451038837 23.027693195641042
    endloop
  endfacet
  facet normal 0 -0.8032075309655861 -0.5956993051869098
    outer loop
      vertex 0 62.081003835797304 23.86712541282177
      vertex 0 62.38206850588321 23.46118669807911
      vertex 2.4 62.38206850588321 23.46118669807911
    endloop
  endfacet
  facet normal 0 -0.8577286115334434 -0.51410274163528
    outer loop
      vertex 0 62.38206850588321 23.46118669807911
      vertex 2.4 62.64189451038837 23.027693195641042
      vertex 2.4 62.38206850588321 23.46118669807911
    endloop
  endfacet
  facet normal 0 -0.7409511254359235 -0.6715589547576879
    outer loop
      vertex 0 61.74159992337226 24.24159992337227
      vertex 0 62.081003835797304 23.86712541282177
      vertex 2.4 62.081003835797304 23.86712541282177
    endloop
  endfacet
  facet normal 0 -0.8032075309655861 -0.5956993051869098
    outer loop
      vertex 0 62.081003835797304 23.86712541282177
      vertex 2.4 62.38206850588321 23.46118669807911
      vertex 2.4 62.081003835797304 23.86712541282177
    endloop
  endfacet
  facet normal 0 0.3368898513346324 -0.9415440659192373
    outer loop
      vertex 0 56.12918032556772 25.35797959417105
      vertex 0 56.6050339102745 25.52824272811413
      vertex 2.4 56.6050339102745 25.52824272811413
    endloop
  endfacet
  facet normal 0 0.24298018463606635 -0.9700312520090386
    outer loop
      vertex 0 56.6050339102745 25.52824272811413
      vertex 0 57.095284840464586 25.651044195890428
      vertex 2.4 57.095284840464586 25.651044195890428
    endloop
  endfacet
  facet normal 0 0.14673047455675342 -0.9891765099497409
    outer loop
      vertex 0 57.095284840464586 25.651044195890428
      vertex 0 57.59521172791719 25.725201344490053
      vertex 2.4 57.59521172791719 25.725201344490053
    endloop
  endfacet
  facet normal 0 0.24298018463606635 -0.9700312520090386
    outer loop
      vertex 0 56.6050339102745 25.52824272811413
      vertex 2.4 57.095284840464586 25.651044195890428
      vertex 2.4 56.6050339102745 25.52824272811413
    endloop
  endfacet
  facet normal 0 0.14673047455675342 -0.9891765099497409
    outer loop
      vertex 0 57.095284840464586 25.651044195890428
      vertex 2.4 57.59521172791719 25.725201344490053
      vertex 2.4 57.095284840464586 25.651044195890428
    endloop
  endfacet
  facet normal 0 0.04906766724480965 -0.9987954565531186
    outer loop
      vertex 0 57.59521172791719 25.725201344490053
      vertex 0 58.099999999999994 25.749999998509885
      vertex 2.4 58.099999999999994 25.749999998509885
    endloop
  endfacet
  facet normal 0 -0.04906766724480965 -0.9987954565531186
    outer loop
      vertex 0 58.099999999999994 25.749999998509885
      vertex 0 58.6047882720828 25.725201344490053
      vertex 2.4 58.6047882720828 25.725201344490053
    endloop
  endfacet
  facet normal 0 -0.14673047455675342 -0.9891765099497409
    outer loop
      vertex 0 58.6047882720828 25.725201344490053
      vertex 0 59.1047151595354 25.651044195890428
      vertex 2.4 59.1047151595354 25.651044195890428
    endloop
  endfacet
  facet normal 0 0.04906766724480965 -0.9987954565531186
    outer loop
      vertex 0 57.59521172791719 25.725201344490053
      vertex 2.4 58.099999999999994 25.749999998509885
      vertex 2.4 57.59521172791719 25.725201344490053
    endloop
  endfacet
  facet normal 0 -0.04906766724480965 -0.9987954565531186
    outer loop
      vertex 0 58.099999999999994 25.749999998509885
      vertex 2.4 58.6047882720828 25.725201344490053
      vertex 2.4 58.099999999999994 25.749999998509885
    endloop
  endfacet
  facet normal 0 -0.14673047455675342 -0.9891765099497409
    outer loop
      vertex 0 58.6047882720828 25.725201344490053
      vertex 2.4 59.1047151595354 25.651044195890428
      vertex 2.4 58.6047882720828 25.725201344490053
    endloop
  endfacet
  facet normal 0 -0.3368898513346324 -0.9415440659192373
    outer loop
      vertex 0 59.59496608972549 25.52824272811413
      vertex 0 60.07081967443227 25.35797959417105
      vertex 2.4 60.07081967443227 25.35797959417105
    endloop
  endfacet
  facet normal 0 -0.4275550953924257 -0.9039892921954186
    outer loop
      vertex 0 60.07081967443227 25.35797959417105
      vertex 0 60.527693195641035 25.141894510388376
      vertex 2.4 60.527693195641035 25.141894510388376
    endloop
  endfacet
  facet normal 0 -0.4275550953924257 -0.9039892921954186
    outer loop
      vertex 0 60.07081967443227 25.35797959417105
      vertex 2.4 60.527693195641035 25.141894510388376
      vertex 2.4 60.07081967443227 25.35797959417105
    endloop
  endfacet
  facet normal 0 -0.5956993051869098 -0.8032075309655861
    outer loop
      vertex 0 60.9611866980791 24.88206850588322
      vertex 0 61.367125412821764 24.58100383579731
      vertex 2.4 61.367125412821764 24.58100383579731
    endloop
  endfacet
  facet normal 0 -0.6715589547576879 -0.7409511254359235
    outer loop
      vertex 0 61.367125412821764 24.58100383579731
      vertex 0 61.74159992337226 24.24159992337227
      vertex 2.4 61.74159992337226 24.24159992337227
    endloop
  endfacet
  facet normal 0 -0.5956993051869098 -0.8032075309655861
    outer loop
      vertex 0 60.9611866980791 24.88206850588322
      vertex 2.4 61.367125412821764 24.58100383579731
      vertex 2.4 60.9611866980791 24.88206850588322
    endloop
  endfacet
  facet normal 0 -0.6715589547576879 -0.7409511254359235
    outer loop
      vertex 0 61.367125412821764 24.58100383579731
      vertex 2.4 61.74159992337226 24.24159992337227
      vertex 2.4 61.367125412821764 24.58100383579731
    endloop
  endfacet
  facet normal 0 -0.51410274163528 -0.8577286115334434
    outer loop
      vertex 0 60.527693195641035 25.141894510388376
      vertex 0 60.9611866980791 24.88206850588322
      vertex 2.4 60.9611866980791 24.88206850588322
    endloop
  endfacet
  facet normal 0 -0.51410274163528 -0.8577286115334434
    outer loop
      vertex 0 60.527693195641035 25.141894510388376
      vertex 2.4 60.9611866980791 24.88206850588322
      vertex 2.4 60.527693195641035 25.141894510388376
    endloop
  endfacet
  facet normal 0 -0.24298018463606635 -0.9700312520090386
    outer loop
      vertex 0 59.1047151595354 25.651044195890428
      vertex 0 59.59496608972549 25.52824272811413
      vertex 2.4 59.59496608972549 25.52824272811413
    endloop
  endfacet
  facet normal 0 -0.24298018463606635 -0.9700312520090386
    outer loop
      vertex 0 59.1047151595354 25.651044195890428
      vertex 2.4 59.59496608972549 25.52824272811413
      vertex 2.4 59.1047151595354 25.651044195890428
    endloop
  endfacet
  facet normal 0 -0.3368898513346324 -0.9415440659192373
    outer loop
      vertex 0 59.59496608972549 25.52824272811413
      vertex 2.4 60.07081967443227 25.35797959417105
      vertex 2.4 59.59496608972549 25.52824272811413
    endloop
  endfacet
  facet normal 0 0.7071067811865475 0.7071067811865475
    outer loop
      vertex 118.7 54.47014387547969 16.947756125032903
      vertex 116.3 58.099999999999994 13.317900000512601
      vertex 116.3 54.47014387547969 16.947756125032903
    endloop
  endfacet
  facet normal 0 0.6715587037802072 0.7409513529085751
    outer loop
      vertex 118.7 54.458400076627726 16.958400076627733
      vertex 116.3 54.47014387547969 16.947756125032903
      vertex 116.3 54.458400076627726 16.958400076627733
    endloop
  endfacet
  facet normal 0 0.6715587037802072 0.7409513529085751
    outer loop
      vertex 118.7 54.458400076627726 16.958400076627733
      vertex 118.7 54.47014387547969 16.947756125032903
      vertex 116.3 54.47014387547969 16.947756125032903
    endloop
  endfacet
  facet normal 0 0.9039892921954186 0.42755509539242575
    outer loop
      vertex 116.3 53.55810548961162 18.17230680435896
      vertex 116.3 53.34202040582895 18.629180325567724
      vertex 118.7 53.34202040582895 18.629180325567724
    endloop
  endfacet
  facet normal 0 0.9039892921954186 0.42755509539242575
    outer loop
      vertex 116.3 53.55810548961162 18.17230680435896
      vertex 118.7 53.34202040582895 18.629180325567724
      vertex 118.7 53.55810548961162 18.17230680435896
    endloop
  endfacet
  facet normal 0 0.9415440659192373 0.33688985133463234
    outer loop
      vertex 116.3 53.34202040582895 18.629180325567724
      vertex 118.7 53.171757271885866 19.105033910274507
      vertex 118.7 53.34202040582895 18.629180325567724
    endloop
  endfacet
  facet normal 0 0.9415440659192373 0.33688985133463234
    outer loop
      vertex 116.3 53.34202040582895 18.629180325567724
      vertex 116.3 53.171757271885866 19.105033910274507
      vertex 118.7 53.171757271885866 19.105033910274507
    endloop
  endfacet
  facet normal 0 0.9700312520090387 0.24298018463606638
    outer loop
      vertex 116.3 53.171757271885866 19.105033910274507
      vertex 118.7 53.04895580410957 19.595284840464593
      vertex 118.7 53.171757271885866 19.105033910274507
    endloop
  endfacet
  facet normal 0 0.7409511254359233 0.6715589547576879
    outer loop
      vertex 118.7 54.118996164202684 17.33287458717823
      vertex 116.3 54.458400076627726 16.958400076627733
      vertex 116.3 54.118996164202684 17.33287458717823
    endloop
  endfacet
  facet normal 0 0.8032075309655861 0.5956993051869098
    outer loop
      vertex 118.7 53.81793149411678 17.738813301920892
      vertex 118.7 54.118996164202684 17.33287458717823
      vertex 116.3 54.118996164202684 17.33287458717823
    endloop
  endfacet
  facet normal 0 0.7409511254359233 0.6715589547576879
    outer loop
      vertex 118.7 54.118996164202684 17.33287458717823
      vertex 118.7 54.458400076627726 16.958400076627733
      vertex 116.3 54.458400076627726 16.958400076627733
    endloop
  endfacet
  facet normal 0 0.8032075309655861 0.5956993051869098
    outer loop
      vertex 116.3 54.118996164202684 17.33287458717823
      vertex 116.3 53.81793149411678 17.738813301920892
      vertex 118.7 53.81793149411678 17.738813301920892
    endloop
  endfacet
  facet normal 0 0.8577286115334433 0.5141027416352801
    outer loop
      vertex 116.3 53.81793149411678 17.738813301920892
      vertex 116.3 53.55810548961162 18.17230680435896
      vertex 118.7 53.55810548961162 18.17230680435896
    endloop
  endfacet
  facet normal 0 0.8577286115334433 0.5141027416352801
    outer loop
      vertex 116.3 53.81793149411678 17.738813301920892
      vertex 118.7 53.55810548961162 18.17230680435896
      vertex 118.7 53.81793149411678 17.738813301920892
    endloop
  endfacet
  facet normal 0 0.7071067811865475 0.7071067811865475
    outer loop
      vertex 118.7 54.47014387547969 16.947756125032903
      vertex 118.7 58.099999999999994 13.317900000512601
      vertex 116.3 58.099999999999994 13.317900000512601
    endloop
  endfacet
  facet normal 0 -0.7071067811865475 0.7071067811865475
    outer loop
      vertex 118.7 58.099999999999994 13.317900000512601
      vertex 116.3 61.729856124520296 16.947756125032903
      vertex 116.3 58.099999999999994 13.317900000512601
    endloop
  endfacet
  facet normal 0 -0.7071067811865475 0.7071067811865475
    outer loop
      vertex 118.7 58.099999999999994 13.317900000512601
      vertex 118.7 61.729856124520296 16.947756125032903
      vertex 116.3 61.729856124520296 16.947756125032903
    endloop
  endfacet
  facet normal 0 -0.6715587037802072 0.7409513529085751
    outer loop
      vertex 116.3 61.74159992337226 16.958400076627733
      vertex 116.3 61.729856124520296 16.947756125032903
      vertex 118.7 61.729856124520296 16.947756125032903
    endloop
  endfacet
  facet normal 0 -0.6715587037802072 0.7409513529085751
    outer loop
      vertex 116.3 61.74159992337226 16.958400076627733
      vertex 118.7 61.729856124520296 16.947756125032903
      vertex 118.7 61.74159992337226 16.958400076627733
    endloop
  endfacet
  facet normal 0 -0.7409511254359233 0.6715589547576879
    outer loop
      vertex 116.3 62.081003835797304 17.33287458717823
      vertex 116.3 61.74159992337226 16.958400076627733
      vertex 118.7 61.74159992337226 16.958400076627733
    endloop
  endfacet
  facet normal 0 -0.8032075309655861 0.5956993051869098
    outer loop
      vertex 116.3 62.38206850588321 17.738813301920892
      vertex 116.3 62.081003835797304 17.33287458717823
      vertex 118.7 62.081003835797304 17.33287458717823
    endloop
  endfacet
  facet normal 0 -0.7409511254359233 0.6715589547576879
    outer loop
      vertex 116.3 62.081003835797304 17.33287458717823
      vertex 118.7 61.74159992337226 16.958400076627733
      vertex 118.7 62.081003835797304 17.33287458717823
    endloop
  endfacet
  facet normal 0 -0.8577286115334433 0.5141027416352801
    outer loop
      vertex 116.3 62.64189451038837 18.17230680435896
      vertex 116.3 62.38206850588321 17.738813301920892
      vertex 118.7 62.38206850588321 17.738813301920892
    endloop
  endfacet
  facet normal 0 -0.8032075309655861 0.5956993051869098
    outer loop
      vertex 116.3 62.38206850588321 17.738813301920892
      vertex 118.7 62.081003835797304 17.33287458717823
      vertex 118.7 62.38206850588321 17.738813301920892
    endloop
  endfacet
  facet normal 0 -0.8577286115334433 0.5141027416352801
    outer loop
      vertex 116.3 62.64189451038837 18.17230680435896
      vertex 118.7 62.38206850588321 17.738813301920892
      vertex 118.7 62.64189451038837 18.17230680435896
    endloop
  endfacet
  facet normal 0 -0.9039892921954186 0.42755509539242575
    outer loop
      vertex 116.3 62.85797959417104 18.629180325567724
      vertex 116.3 62.64189451038837 18.17230680435896
      vertex 118.7 62.64189451038837 18.17230680435896
    endloop
  endfacet
  facet normal 0 -0.9415440659192373 0.33688985133463234
    outer loop
      vertex 116.3 63.02824272811412 19.105033910274507
      vertex 116.3 62.85797959417104 18.629180325567724
      vertex 118.7 62.85797959417104 18.629180325567724
    endloop
  endfacet
  facet normal 0 -0.9039892921954186 0.42755509539242575
    outer loop
      vertex 116.3 62.85797959417104 18.629180325567724
      vertex 118.7 62.64189451038837 18.17230680435896
      vertex 118.7 62.85797959417104 18.629180325567724
    endloop
  endfacet
  facet normal 0 -0.9700312520090387 0.24298018463606638
    outer loop
      vertex 116.3 63.15104419589042 19.595284840464593
      vertex 116.3 63.02824272811412 19.105033910274507
      vertex 118.7 63.02824272811412 19.105033910274507
    endloop
  endfacet
  facet normal 0 -0.9415440659192373 0.33688985133463234
    outer loop
      vertex 116.3 63.02824272811412 19.105033910274507
      vertex 118.7 62.85797959417104 18.629180325567724
      vertex 118.7 63.02824272811412 19.105033910274507
    endloop
  endfacet
  facet normal 0 0.9700312520090387 0.24298018463606638
    outer loop
      vertex 116.3 53.171757271885866 19.105033910274507
      vertex 116.3 53.04895580410957 19.595284840464593
      vertex 118.7 53.04895580410957 19.595284840464593
    endloop
  endfacet
  facet normal 0 0.9891765099497409 0.14673047455675342
    outer loop
      vertex 116.3 53.04895580410957 19.595284840464593
      vertex 116.3 52.97479865550994 20.095211727917196
      vertex 118.7 52.97479865550994 20.095211727917196
    endloop
  endfacet
  facet normal 0 0.9891765099497409 0.14673047455675342
    outer loop
      vertex 116.3 53.04895580410957 19.595284840464593
      vertex 118.7 52.97479865550994 20.095211727917196
      vertex 118.7 53.04895580410957 19.595284840464593
    endloop
  endfacet
  facet normal 0 0.9987954565531186 0.049067667244809654
    outer loop
      vertex 116.3 52.97479865550994 20.095211727917196
      vertex 116.3 52.95000000149011 20.6
      vertex 118.7 52.95000000149011 20.6
    endloop
  endfacet
  facet normal 0 0.9987954565531186 0.049067667244809654
    outer loop
      vertex 116.3 52.97479865550994 20.095211727917196
      vertex 118.7 52.95000000149011 20.6
      vertex 118.7 52.97479865550994 20.095211727917196
    endloop
  endfacet
  facet normal 0 0.9987954565531186 -0.049067667244809654
    outer loop
      vertex 116.3 52.95000000149011 20.6
      vertex 116.3 52.97479865550994 21.104788272082807
      vertex 118.7 52.97479865550994 21.104788272082807
    endloop
  endfacet
  facet normal 0 0.9987954565531186 -0.049067667244809654
    outer loop
      vertex 116.3 52.95000000149011 20.6
      vertex 118.7 52.97479865550994 21.104788272082807
      vertex 118.7 52.95000000149011 20.6
    endloop
  endfacet
  facet normal 0 0.9891765099497409 -0.14673047455675342
    outer loop
      vertex 116.3 52.97479865550994 21.104788272082807
      vertex 116.3 53.04895580410957 21.60471515953541
      vertex 118.7 53.04895580410957 21.60471515953541
    endloop
  endfacet
  facet normal 0 0.9891765099497409 -0.14673047455675342
    outer loop
      vertex 116.3 52.97479865550994 21.104788272082807
      vertex 118.7 53.04895580410957 21.60471515953541
      vertex 118.7 52.97479865550994 21.104788272082807
    endloop
  endfacet
  facet normal 0 0.9700312520090387 -0.24298018463606638
    outer loop
      vertex 116.3 53.04895580410957 21.60471515953541
      vertex 118.7 53.171757271885866 22.094966089725496
      vertex 118.7 53.04895580410957 21.60471515953541
    endloop
  endfacet
  facet normal 0 0.9700312520090387 -0.24298018463606638
    outer loop
      vertex 116.3 53.04895580410957 21.60471515953541
      vertex 116.3 53.171757271885866 22.094966089725496
      vertex 118.7 53.171757271885866 22.094966089725496
    endloop
  endfacet
  facet normal 0 0.9415440659192373 -0.33688985133463234
    outer loop
      vertex 116.3 53.171757271885866 22.094966089725496
      vertex 116.3 53.34202040582895 22.57081967443228
      vertex 118.7 53.34202040582895 22.57081967443228
    endloop
  endfacet
  facet normal 0 0.9415440659192373 -0.33688985133463234
    outer loop
      vertex 116.3 53.171757271885866 22.094966089725496
      vertex 118.7 53.34202040582895 22.57081967443228
      vertex 118.7 53.171757271885866 22.094966089725496
    endloop
  endfacet
  facet normal 0 0.9039892921954186 -0.42755509539242575
    outer loop
      vertex 116.3 53.34202040582895 22.57081967443228
      vertex 116.3 53.55810548961162 23.027693195641042
      vertex 118.7 53.55810548961162 23.027693195641042
    endloop
  endfacet
  facet normal 0 0.9039892921954186 -0.42755509539242575
    outer loop
      vertex 116.3 53.34202040582895 22.57081967443228
      vertex 118.7 53.55810548961162 23.027693195641042
      vertex 118.7 53.34202040582895 22.57081967443228
    endloop
  endfacet
  facet normal 0 0.8577286115334433 -0.5141027416352801
    outer loop
      vertex 116.3 53.55810548961162 23.027693195641042
      vertex 116.3 53.81793149411678 23.46118669807911
      vertex 118.7 53.81793149411678 23.46118669807911
    endloop
  endfacet
  facet normal 0 0.8577286115334433 -0.5141027416352801
    outer loop
      vertex 116.3 53.55810548961162 23.027693195641042
      vertex 118.7 53.81793149411678 23.46118669807911
      vertex 118.7 53.55810548961162 23.027693195641042
    endloop
  endfacet
  facet normal 0 0.8032075309655861 -0.5956993051869098
    outer loop
      vertex 116.3 53.81793149411678 23.46118669807911
      vertex 118.7 54.118996164202684 23.86712541282177
      vertex 118.7 53.81793149411678 23.46118669807911
    endloop
  endfacet
  facet normal 0 0.8032075309655861 -0.5956993051869098
    outer loop
      vertex 116.3 53.81793149411678 23.46118669807911
      vertex 116.3 54.118996164202684 23.86712541282177
      vertex 118.7 54.118996164202684 23.86712541282177
    endloop
  endfacet
  facet normal 0 0.7409511254359233 -0.6715589547576879
    outer loop
      vertex 116.3 54.118996164202684 23.86712541282177
      vertex 116.3 54.458400076627726 24.24159992337227
      vertex 118.7 54.458400076627726 24.24159992337227
    endloop
  endfacet
  facet normal 0 0.7409511254359233 -0.6715589547576879
    outer loop
      vertex 116.3 54.118996164202684 23.86712541282177
      vertex 118.7 54.458400076627726 24.24159992337227
      vertex 118.7 54.118996164202684 23.86712541282177
    endloop
  endfacet
  facet normal 0 0.6715589547576879 -0.7409511254359233
    outer loop
      vertex 116.3 54.458400076627726 24.24159992337227
      vertex 116.3 54.832874587178225 24.58100383579731
      vertex 118.7 54.832874587178225 24.58100383579731
    endloop
  endfacet
  facet normal 0 0.6715589547576879 -0.7409511254359233
    outer loop
      vertex 116.3 54.458400076627726 24.24159992337227
      vertex 118.7 54.832874587178225 24.58100383579731
      vertex 118.7 54.458400076627726 24.24159992337227
    endloop
  endfacet
  facet normal 0 0.5956993051869098 -0.8032075309655861
    outer loop
      vertex 116.3 54.832874587178225 24.58100383579731
      vertex 116.3 55.238813301920885 24.88206850588322
      vertex 118.7 55.238813301920885 24.88206850588322
    endloop
  endfacet
  facet normal 0 0.5956993051869098 -0.8032075309655861
    outer loop
      vertex 116.3 54.832874587178225 24.58100383579731
      vertex 118.7 55.238813301920885 24.88206850588322
      vertex 118.7 54.832874587178225 24.58100383579731
    endloop
  endfacet
  facet normal 0 0.5141027416352801 -0.8577286115334433
    outer loop
      vertex 116.3 55.238813301920885 24.88206850588322
      vertex 116.3 55.67230680435895 25.141894510388376
      vertex 118.7 55.67230680435895 25.141894510388376
    endloop
  endfacet
  facet normal 0 0.42755509539242575 -0.9039892921954186
    outer loop
      vertex 116.3 55.67230680435895 25.141894510388376
      vertex 116.3 56.12918032556772 25.35797959417105
      vertex 118.7 56.12918032556772 25.35797959417105
    endloop
  endfacet
  facet normal 0 0.5141027416352801 -0.8577286115334433
    outer loop
      vertex 116.3 55.238813301920885 24.88206850588322
      vertex 118.7 55.67230680435895 25.141894510388376
      vertex 118.7 55.238813301920885 24.88206850588322
    endloop
  endfacet
  facet normal 0 0.42755509539242575 -0.9039892921954186
    outer loop
      vertex 116.3 55.67230680435895 25.141894510388376
      vertex 118.7 56.12918032556772 25.35797959417105
      vertex 118.7 55.67230680435895 25.141894510388376
    endloop
  endfacet
  facet normal 0 0.33688985133463234 -0.9415440659192373
    outer loop
      vertex 116.3 56.12918032556772 25.35797959417105
      vertex 118.7 56.6050339102745 25.52824272811413
      vertex 118.7 56.12918032556772 25.35797959417105
    endloop
  endfacet
  facet normal 0 -0.7409511254359233 -0.6715589547576879
    outer loop
      vertex 116.3 61.74159992337226 24.24159992337227
      vertex 118.7 62.081003835797304 23.86712541282177
      vertex 118.7 61.74159992337226 24.24159992337227
    endloop
  endfacet
  facet normal 0 -0.9891765099497409 0.14673047455675342
    outer loop
      vertex 116.3 63.225201344490046 20.095211727917196
      vertex 116.3 63.15104419589042 19.595284840464593
      vertex 118.7 63.15104419589042 19.595284840464593
    endloop
  endfacet
  facet normal 0 -0.9700312520090387 0.24298018463606638
    outer loop
      vertex 116.3 63.15104419589042 19.595284840464593
      vertex 118.7 63.02824272811412 19.105033910274507
      vertex 118.7 63.15104419589042 19.595284840464593
    endloop
  endfacet
  facet normal 0 -0.9891765099497409 0.14673047455675342
    outer loop
      vertex 116.3 63.225201344490046 20.095211727917196
      vertex 118.7 63.15104419589042 19.595284840464593
      vertex 118.7 63.225201344490046 20.095211727917196
    endloop
  endfacet
  facet normal 0 -0.9987954565531186 0.049067667244809654
    outer loop
      vertex 116.3 63.24999999850988 20.6
      vertex 116.3 63.225201344490046 20.095211727917196
      vertex 118.7 63.225201344490046 20.095211727917196
    endloop
  endfacet
  facet normal 0 -0.9987954565531186 0.049067667244809654
    outer loop
      vertex 116.3 63.24999999850988 20.6
      vertex 118.7 63.225201344490046 20.095211727917196
      vertex 118.7 63.24999999850988 20.6
    endloop
  endfacet
  facet normal 0 -0.9987954565531186 -0.049067667244809654
    outer loop
      vertex 116.3 63.225201344490046 21.104788272082807
      vertex 116.3 63.24999999850988 20.6
      vertex 118.7 63.24999999850988 20.6
    endloop
  endfacet
  facet normal 0 -0.9987954565531186 -0.049067667244809654
    outer loop
      vertex 116.3 63.225201344490046 21.104788272082807
      vertex 118.7 63.24999999850988 20.6
      vertex 118.7 63.225201344490046 21.104788272082807
    endloop
  endfacet
  facet normal 0 -0.9891765099497409 -0.14673047455675342
    outer loop
      vertex 116.3 63.15104419589042 21.60471515953541
      vertex 116.3 63.225201344490046 21.104788272082807
      vertex 118.7 63.225201344490046 21.104788272082807
    endloop
  endfacet
  facet normal 0 -0.9700312520090387 -0.24298018463606638
    outer loop
      vertex 116.3 63.02824272811412 22.094966089725496
      vertex 116.3 63.15104419589042 21.60471515953541
      vertex 118.7 63.15104419589042 21.60471515953541
    endloop
  endfacet
  facet normal 0 -0.9891765099497409 -0.14673047455675342
    outer loop
      vertex 116.3 63.15104419589042 21.60471515953541
      vertex 118.7 63.225201344490046 21.104788272082807
      vertex 118.7 63.15104419589042 21.60471515953541
    endloop
  endfacet
  facet normal 0 -0.9415440659192373 -0.33688985133463234
    outer loop
      vertex 116.3 62.85797959417104 22.57081967443228
      vertex 116.3 63.02824272811412 22.094966089725496
      vertex 118.7 63.02824272811412 22.094966089725496
    endloop
  endfacet
  facet normal 0 -0.9700312520090387 -0.24298018463606638
    outer loop
      vertex 116.3 63.02824272811412 22.094966089725496
      vertex 118.7 63.15104419589042 21.60471515953541
      vertex 118.7 63.02824272811412 22.094966089725496
    endloop
  endfacet
  facet normal 0 -0.9415440659192373 -0.33688985133463234
    outer loop
      vertex 116.3 62.85797959417104 22.57081967443228
      vertex 118.7 63.02824272811412 22.094966089725496
      vertex 118.7 62.85797959417104 22.57081967443228
    endloop
  endfacet
  facet normal 0 -0.9039892921954186 -0.42755509539242575
    outer loop
      vertex 116.3 62.64189451038837 23.027693195641042
      vertex 116.3 62.85797959417104 22.57081967443228
      vertex 118.7 62.85797959417104 22.57081967443228
    endloop
  endfacet
  facet normal 0 -0.9039892921954186 -0.42755509539242575
    outer loop
      vertex 116.3 62.64189451038837 23.027693195641042
      vertex 118.7 62.85797959417104 22.57081967443228
      vertex 118.7 62.64189451038837 23.027693195641042
    endloop
  endfacet
  facet normal 0 -0.8577286115334433 -0.5141027416352801
    outer loop
      vertex 116.3 62.38206850588321 23.46118669807911
      vertex 116.3 62.64189451038837 23.027693195641042
      vertex 118.7 62.64189451038837 23.027693195641042
    endloop
  endfacet
  facet normal 0 -0.8032075309655861 -0.5956993051869098
    outer loop
      vertex 116.3 62.081003835797304 23.86712541282177
      vertex 116.3 62.38206850588321 23.46118669807911
      vertex 118.7 62.38206850588321 23.46118669807911
    endloop
  endfacet
  facet normal 0 -0.8577286115334433 -0.5141027416352801
    outer loop
      vertex 116.3 62.38206850588321 23.46118669807911
      vertex 118.7 62.64189451038837 23.027693195641042
      vertex 118.7 62.38206850588321 23.46118669807911
    endloop
  endfacet
  facet normal 0 -0.7409511254359233 -0.6715589547576879
    outer loop
      vertex 116.3 61.74159992337226 24.24159992337227
      vertex 116.3 62.081003835797304 23.86712541282177
      vertex 118.7 62.081003835797304 23.86712541282177
    endloop
  endfacet
  facet normal 0 -0.8032075309655861 -0.5956993051869098
    outer loop
      vertex 116.3 62.081003835797304 23.86712541282177
      vertex 118.7 62.38206850588321 23.46118669807911
      vertex 118.7 62.081003835797304 23.86712541282177
    endloop
  endfacet
  facet normal 0 0.33688985133463234 -0.9415440659192373
    outer loop
      vertex 116.3 56.12918032556772 25.35797959417105
      vertex 116.3 56.6050339102745 25.52824272811413
      vertex 118.7 56.6050339102745 25.52824272811413
    endloop
  endfacet
  facet normal 0 0.24298018463606638 -0.9700312520090387
    outer loop
      vertex 116.3 56.6050339102745 25.52824272811413
      vertex 116.3 57.095284840464586 25.651044195890428
      vertex 118.7 57.095284840464586 25.651044195890428
    endloop
  endfacet
  facet normal 0 0.14673047455675342 -0.9891765099497409
    outer loop
      vertex 116.3 57.095284840464586 25.651044195890428
      vertex 116.3 57.59521172791719 25.725201344490053
      vertex 118.7 57.59521172791719 25.725201344490053
    endloop
  endfacet
  facet normal 0 0.24298018463606638 -0.9700312520090387
    outer loop
      vertex 116.3 56.6050339102745 25.52824272811413
      vertex 118.7 57.095284840464586 25.651044195890428
      vertex 118.7 56.6050339102745 25.52824272811413
    endloop
  endfacet
  facet normal 0 0.14673047455675342 -0.9891765099497409
    outer loop
      vertex 116.3 57.095284840464586 25.651044195890428
      vertex 118.7 57.59521172791719 25.725201344490053
      vertex 118.7 57.095284840464586 25.651044195890428
    endloop
  endfacet
  facet normal 0 0.049067667244809654 -0.9987954565531186
    outer loop
      vertex 116.3 57.59521172791719 25.725201344490053
      vertex 116.3 58.099999999999994 25.749999998509885
      vertex 118.7 58.099999999999994 25.749999998509885
    endloop
  endfacet
  facet normal 0 -0.049067667244809654 -0.9987954565531186
    outer loop
      vertex 116.3 58.099999999999994 25.749999998509885
      vertex 116.3 58.6047882720828 25.725201344490053
      vertex 118.7 58.6047882720828 25.725201344490053
    endloop
  endfacet
  facet normal 0 -0.14673047455675342 -0.9891765099497409
    outer loop
      vertex 116.3 58.6047882720828 25.725201344490053
      vertex 116.3 59.1047151595354 25.651044195890428
      vertex 118.7 59.1047151595354 25.651044195890428
    endloop
  endfacet
  facet normal 0 0.049067667244809654 -0.9987954565531186
    outer loop
      vertex 116.3 57.59521172791719 25.725201344490053
      vertex 118.7 58.099999999999994 25.749999998509885
      vertex 118.7 57.59521172791719 25.725201344490053
    endloop
  endfacet
  facet normal 0 -0.049067667244809654 -0.9987954565531186
    outer loop
      vertex 116.3 58.099999999999994 25.749999998509885
      vertex 118.7 58.6047882720828 25.725201344490053
      vertex 118.7 58.099999999999994 25.749999998509885
    endloop
  endfacet
  facet normal 0 -0.14673047455675342 -0.9891765099497409
    outer loop
      vertex 116.3 58.6047882720828 25.725201344490053
      vertex 118.7 59.1047151595354 25.651044195890428
      vertex 118.7 58.6047882720828 25.725201344490053
    endloop
  endfacet
  facet normal 0 -0.33688985133463234 -0.9415440659192373
    outer loop
      vertex 116.3 59.59496608972549 25.52824272811413
      vertex 116.3 60.07081967443227 25.35797959417105
      vertex 118.7 60.07081967443227 25.35797959417105
    endloop
  endfacet
  facet normal 0 -0.42755509539242575 -0.9039892921954186
    outer loop
      vertex 116.3 60.07081967443227 25.35797959417105
      vertex 116.3 60.527693195641035 25.141894510388376
      vertex 118.7 60.527693195641035 25.141894510388376
    endloop
  endfacet
  facet normal 0 -0.42755509539242575 -0.9039892921954186
    outer loop
      vertex 116.3 60.07081967443227 25.35797959417105
      vertex 118.7 60.527693195641035 25.141894510388376
      vertex 118.7 60.07081967443227 25.35797959417105
    endloop
  endfacet
  facet normal 0 -0.5956993051869098 -0.8032075309655861
    outer loop
      vertex 116.3 60.9611866980791 24.88206850588322
      vertex 116.3 61.367125412821764 24.58100383579731
      vertex 118.7 61.367125412821764 24.58100383579731
    endloop
  endfacet
  facet normal 0 -0.6715589547576879 -0.7409511254359233
    outer loop
      vertex 116.3 61.367125412821764 24.58100383579731
      vertex 116.3 61.74159992337226 24.24159992337227
      vertex 118.7 61.74159992337226 24.24159992337227
    endloop
  endfacet
  facet normal 0 -0.5956993051869098 -0.8032075309655861
    outer loop
      vertex 116.3 60.9611866980791 24.88206850588322
      vertex 118.7 61.367125412821764 24.58100383579731
      vertex 118.7 60.9611866980791 24.88206850588322
    endloop
  endfacet
  facet normal 0 -0.6715589547576879 -0.7409511254359233
    outer loop
      vertex 116.3 61.367125412821764 24.58100383579731
      vertex 118.7 61.74159992337226 24.24159992337227
      vertex 118.7 61.367125412821764 24.58100383579731
    endloop
  endfacet
  facet normal 0 -0.5141027416352801 -0.8577286115334433
    outer loop
      vertex 116.3 60.527693195641035 25.141894510388376
      vertex 116.3 60.9611866980791 24.88206850588322
      vertex 118.7 60.9611866980791 24.88206850588322
    endloop
  endfacet
  facet normal 0 -0.5141027416352801 -0.8577286115334433
    outer loop
      vertex 116.3 60.527693195641035 25.141894510388376
      vertex 118.7 60.9611866980791 24.88206850588322
      vertex 118.7 60.527693195641035 25.141894510388376
    endloop
  endfacet
  facet normal 0 -0.24298018463606638 -0.9700312520090387
    outer loop
      vertex 116.3 59.1047151595354 25.651044195890428
      vertex 116.3 59.59496608972549 25.52824272811413
      vertex 118.7 59.59496608972549 25.52824272811413
    endloop
  endfacet
  facet normal 0 -0.24298018463606638 -0.9700312520090387
    outer loop
      vertex 116.3 59.1047151595354 25.651044195890428
      vertex 118.7 59.59496608972549 25.52824272811413
      vertex 118.7 59.1047151595354 25.651044195890428
    endloop
  endfacet
  facet normal 0 -0.33688985133463234 -0.9415440659192373
    outer loop
      vertex 116.3 59.59496608972549 25.52824272811413
      vertex 118.7 60.07081967443227 25.35797959417105
      vertex 118.7 59.59496608972549 25.52824272811413
    endloop
  endfacet
endsolid OpenSCAD_Model
