solid OpenSCAD_Model
  facet normal -1 0 0
    outer loop
      vertex -5 -16.8 0
      vertex -5 -28.8 9.056000000000001
      vertex -5 -28.8 9.156
    endloop
  endfacet
  facet normal -1 0 0
    outer loop
      vertex -5 -16.8 0
      vertex -5 -28.8 9.156
      vertex -5 -20.8 9.156
    endloop
  endfacet
  facet normal 0 -0.6023813185162823 -0.7982084609314695
    outer loop
      vertex -5 -16.8 0
      vertex 5 -28.8 9.056000000000001
      vertex -5 -28.8 9.056000000000001
    endloop
  endfacet
  facet normal 0 -1 0
    outer loop
      vertex -5 -28.8 9.056000000000001
      vertex 5 -28.8 9.056000000000001
      vertex -5 -28.8 9.156
    endloop
  endfacet
  facet normal 0 0 1
    outer loop
      vertex -5 -28.8 9.156
      vertex -1.65 -20.810000000000002 9.156
      vertex -5 -20.8 9.156
    endloop
  endfacet
  facet normal 0 0 1
    outer loop
      vertex -5 -28.8 9.156
      vertex 1.65 -20.810000000000002 9.156
      vertex -1.65 -20.810000000000002 9.156
    endloop
  endfacet
  facet normal -1 0 0
    outer loop
      vertex -5 -16.8 0
      vertex -5 -20.8 9.156
      vertex -5 -16.8 9.156
    endloop
  endfacet
  facet normal 0 0 1
    outer loop
      vertex -5 -20.8 9.156
      vertex -1.65 -20.810000000000002 9.156
      vertex -1.65 -20.8 9.156
    endloop
  endfacet
  facet normal 0 -0.6023813185162823 -0.7982084609314695
    outer loop
      vertex -5 -16.8 0
      vertex 5 -16.8 0
      vertex 5 -28.8 9.056000000000001
    endloop
  endfacet
  facet normal 1 0 0
    outer loop
      vertex 5 -16.8 0
      vertex 5 -28.8 9.156
      vertex 5 -28.8 9.056000000000001
    endloop
  endfacet
  facet normal 1 0 0
    outer loop
      vertex 5 -16.8 0
      vertex 5 -20.8 9.156
      vertex 5 -28.8 9.156
    endloop
  endfacet
  facet normal 0 -1 0
    outer loop
      vertex -5 -28.8 9.156
      vertex 5 -28.8 9.056000000000001
      vertex 5 -28.8 9.156
    endloop
  endfacet
  facet normal 0 0 1
    outer loop
      vertex -5 -28.8 9.156
      vertex 5 -28.8 9.156
      vertex 5 -20.8 9.156
    endloop
  endfacet
  facet normal 0 0 1
    outer loop
      vertex -5 -28.8 9.156
      vertex 5 -20.8 9.156
      vertex 1.65 -20.810000000000002 9.156
    endloop
  endfacet
  facet normal 1 0 0
    outer loop
      vertex 5 -16.8 0
      vertex 5 -16.8 9.156
      vertex 5 -20.8 9.156
    endloop
  endfacet
  facet normal 0 0 1
    outer loop
      vertex 5 -20.8 9.156
      vertex 1.65 -20.8 9.156
      vertex 1.65 -20.810000000000002 9.156
    endloop
  endfacet
  facet normal 0 0.6023813185162823 -0.7982084609314694
    outer loop
      vertex -5 16.8 0
      vertex -0.490085701647803 22.338970450493395 4.180076366639016
      vertex 5 16.8 0
    endloop
  endfacet
  facet normal 3.212953359330019e-15 0.6023813185162814 -0.79820846093147
    outer loop
      vertex -5 16.8 0
      vertex -2.777851165098011 23.423655395522008 4.998651938487274
      vertex -2.3569836841299883 23.08939091641991 4.746393678258225
    endloop
  endfacet
  facet normal -8.547727752461941e-16 0.6023813185162833 -0.7982084609314688
    outer loop
      vertex -5 16.8 0
      vertex -1.4514233862723116 22.59235643286964 4.371298321338957
      vertex -0.9754516100806412 22.434373142204745 4.252073597983848
    endloop
  endfacet
  facet normal -9.09295348820579e-16 0.6023813185162827 -0.7982084609314691
    outer loop
      vertex -5 16.8 0
      vertex -0.9754516100806412 22.434373142204745 4.252073597983848
      vertex -0.490085701647803 22.338970450493395 4.180076366639016
    endloop
  endfacet
  facet normal 4.105911027478732e-15 0.6023813185162805 -0.7982084609314709
    outer loop
      vertex -5 16.8 0
      vertex -1.913417161825449 22.81139885703653 4.536602337443567
      vertex -1.4514233862723116 22.59235643286964 4.371298321338957
    endloop
  endfacet
  facet normal -1.609195897353229e-15 0.602381318516283 -0.798208460931469
    outer loop
      vertex -5 16.8 0
      vertex -2.3569836841299883 23.08939091641991 4.746393678258225
      vertex -1.913417161825449 22.81139885703653 4.536602337443567
    endloop
  endfacet
  facet normal 0 0.6023813185162823 -0.7982084609314696
    outer loop
      vertex -5 16.8 0
      vertex -3.1719664208182277 23.810973144681515 5.290947733186316
      vertex -2.777851165098011 23.423655395522008 4.998651938487274
    endloop
  endfacet
  facet normal -3.590030901705254e-15 0.6023813185162826 -0.7982084609314694
    outer loop
      vertex -5 16.8 0
      vertex -3.865052266813685 24.729373117290333 5.984033579181773
      vertex -3.5355339059327378 24.247614082244606 5.620466094067263
    endloop
  endfacet
  facet normal 1.440942692396724e-14 0.6023813185162814 -0.7982084609314702
    outer loop
      vertex -5 16.8 0
      vertex -3.9045820585963558 24.8 6.0373333333333346
      vertex -3.865052266813685 24.729373117290333 5.984033579181773
    endloop
  endfacet
  facet normal 0 0.6023813185162824 -0.7982084609314696
    outer loop
      vertex -5 16.8 0
      vertex -5 28.8 9.056000000000001
      vertex -3.9045820585963558 24.8 6.0373333333333346
    endloop
  endfacet
  facet normal -1.6944570096994677e-15 0.6023813185162824 -0.7982084609314692
    outer loop
      vertex -5 16.8 0
      vertex -3.5355339059327378 24.247614082244606 5.620466094067263
      vertex -3.1719664208182277 23.810973144681515 5.290947733186316
    endloop
  endfacet
  facet normal -1 0 0
    outer loop
      vertex -5 16.8 0
      vertex -5 16.8 9.156
      vertex -5 24.8 9.156
    endloop
  endfacet
  facet normal -1 0 0
    outer loop
      vertex -5 16.8 0
      vertex -5 24.8 9.156
      vertex -5 28.8 9.156
    endloop
  endfacet
  facet normal -1 0 0
    outer loop
      vertex -5 16.8 0
      vertex -5 28.8 9.156
      vertex -5 28.8 9.056000000000001
    endloop
  endfacet
  facet normal 0 0.6023813185162823 -0.7982084609314696
    outer loop
      vertex -3.9045820585963558 24.8 6.0373333333333346
      vertex -5 28.8 9.056000000000001
      vertex 3 24.8 6.0373333333333346
    endloop
  endfacet
  facet normal 0 0 1
    outer loop
      vertex -5 24.8 9.156
      vertex -1.65 24.8 9.156
      vertex -1.65 24.810000000000002 9.156
    endloop
  endfacet
  facet normal 0 0 1
    outer loop
      vertex -5 24.8 9.156
      vertex 3 28.8 9.156
      vertex -5 28.8 9.156
    endloop
  endfacet
  facet normal 0 1 0
    outer loop
      vertex -5 28.8 9.056000000000001
      vertex -5 28.8 9.156
      vertex 3 28.8 9.056000000000001
    endloop
  endfacet
  facet normal 0 0 1
    outer loop
      vertex -5 24.8 9.156
      vertex -1.65 24.810000000000002 9.156
      vertex 3 28.8 9.156
    endloop
  endfacet
  facet normal -1.5703802539450657e-16 0.6023813185162823 -0.7982084609314695
    outer loop
      vertex -0.490085701647803 22.338970450493395 4.180076366639016
      vertex 0 22.307067137809188 4.156000000000001
      vertex 5 16.8 0
    endloop
  endfacet
  facet normal 0 0.6023813185162824 -0.7982084609314695
    outer loop
      vertex 5 16.8 0
      vertex 0 22.307067137809188 4.156000000000001
      vertex 0.490085701647803 22.338970450493395 4.180076366639016
    endloop
  endfacet
  facet normal -2.727886046461729e-15 0.602381318516281 -0.7982084609314705
    outer loop
      vertex 5 16.8 0
      vertex 0.490085701647803 22.338970450493395 4.180076366639016
      vertex 0.9754516100806412 22.43437314220475 4.252073597983848
    endloop
  endfacet
  facet normal 1.709545550492387e-15 0.602381318516283 -0.7982084609314691
    outer loop
      vertex 5 16.8 0
      vertex 0.9754516100806412 22.43437314220475 4.252073597983848
      vertex 1.4514233862723116 22.592356432869643 4.371298321338957
    endloop
  endfacet
  facet normal -8.21182205495748e-16 0.6023813185162816 -0.7982084609314699
    outer loop
      vertex 5 16.8 0
      vertex 1.4514233862723116 22.592356432869643 4.371298321338957
      vertex 1.913417161825449 22.81139885703653 4.536602337443567
    endloop
  endfacet
  facet normal 1.609195897353229e-15 0.602381318516283 -0.798208460931469
    outer loop
      vertex 5 16.8 0
      vertex 1.913417161825449 22.81139885703653 4.536602337443567
      vertex 2.3569836841299883 23.08939091641991 4.746393678258225
    endloop
  endfacet
  facet normal 2.9213066821463713e-15 0.6023813185162835 -0.7982084609314687
    outer loop
      vertex 5 16.8 0
      vertex 2.3569836841299883 23.08939091641991 4.746393678258225
      vertex 3 22.29381625441696 4.146000000000001
    endloop
  endfacet
  facet normal -1.0323629281942484e-15 0.6023813185162823 -0.7982084609314696
    outer loop
      vertex 5 16.8 0
      vertex 3 22.29381625441696 4.146000000000001
      vertex 5 22.293816254416964 4.146000000000001
    endloop
  endfacet
  facet normal 1 0 0
    outer loop
      vertex 5 16.8 0
      vertex 5 22.293816254416964 4.146000000000001
      vertex 5 20.8 4.146000000000001
    endloop
  endfacet
  facet normal 1 0 0
    outer loop
      vertex 5 16.8 0
      vertex 5 20.8 4.146000000000001
      vertex 5 20.8 9.156
    endloop
  endfacet
  facet normal 1.5716321737148143e-15 0.6023813185162824 -0.7982084609314695
    outer loop
      vertex 2.3569836841299883 23.08939091641991 4.746393678258225
      vertex 2.777851165098011 23.423655395522005 4.998651938487274
      vertex 3 22.29381625441696 4.146000000000001
    endloop
  endfacet
  facet normal 3.69872661379356e-15 0.6023813185162827 -0.7982084609314692
    outer loop
      vertex 2.777851165098011 23.423655395522005 4.998651938487274
      vertex 3 23.641972716315408 5.1634087432460305
      vertex 3 22.29381625441696 4.146000000000001
    endloop
  endfacet
  facet normal 1 0 0
    outer loop
      vertex 5 16.8 0
      vertex 5 20.8 9.156
      vertex 5 16.8 9.156
    endloop
  endfacet
  facet normal 0 0.6023813185162823 -0.7982084609314696
    outer loop
      vertex -5 28.8 9.056000000000001
      vertex 3 28.8 9.056000000000001
      vertex 3 24.8 6.0373333333333346
    endloop
  endfacet
  facet normal 0 0 1
    outer loop
      vertex 3 28.8 9.156
      vertex -1.65 24.810000000000002 9.156
      vertex 1.65 24.810000000000002 9.156
    endloop
  endfacet
  facet normal 0 1 0
    outer loop
      vertex -5 28.8 9.156
      vertex 3 28.8 9.156
      vertex 3 28.8 9.056000000000001
    endloop
  endfacet
  facet normal 0 0 1
    outer loop
      vertex 1.65 24.8 9.156
      vertex 3 28.8 9.156
      vertex 1.65 24.810000000000002 9.156
    endloop
  endfacet
  facet normal 0 0 1
    outer loop
      vertex 1.65 24.8 9.156
      vertex 3 24.8 9.156
      vertex 3 28.8 9.156
    endloop
  endfacet
  facet normal 0 -1 0
    outer loop
      vertex -33 -16.8 0
      vertex -5 -16.8 9.156
      vertex -33 -16.8 21.8
    endloop
  endfacet
  facet normal 0 -1 0
    outer loop
      vertex -33 -16.8 0
      vertex -5 -16.8 0
      vertex -5 -16.8 9.156
    endloop
  endfacet
  facet normal 0 0 -1
    outer loop
      vertex -33 -16.8 0
      vertex 33 16.8 0
      vertex -5 -16.8 0
    endloop
  endfacet
  facet normal 0 0 1
    outer loop
      vertex -33 -16.8 21.8
      vertex -1.1999999999999993 -15 21.8
      vertex -31.2 -15 21.8
    endloop
  endfacet
  facet normal -1 0 0
    outer loop
      vertex -33 -16.8 0
      vertex -33 -16.8 21.8
      vertex -33 16.8 21.8
    endloop
  endfacet
  facet normal 0 0 1
    outer loop
      vertex -33 -16.8 21.8
      vertex -31.2 -15 21.8
      vertex -31.2 15 21.8
    endloop
  endfacet
  facet normal 0 -1 0
    outer loop
      vertex -5 -16.8 9.156
      vertex -4.975923633360985 -16.8 9.646085701647804
      vertex -33 -16.8 21.8
    endloop
  endfacet
  facet normal 0 -1 0
    outer loop
      vertex -4.975923633360985 -16.8 9.646085701647804
      vertex -4.903926402016152 -16.8 10.131451610080642
      vertex -33 -16.8 21.8
    endloop
  endfacet
  facet normal 0 -1 0
    outer loop
      vertex -4.903926402016152 -16.8 10.131451610080642
      vertex -4.784701678661044 -16.8 10.607423386272313
      vertex -33 -16.8 21.8
    endloop
  endfacet
  facet normal 0 -1 0
    outer loop
      vertex -4.784701678661044 -16.8 10.607423386272313
      vertex -4.619397662556434 -16.8 11.069417161825449
      vertex -33 -16.8 21.8
    endloop
  endfacet
  facet normal 0 -1 0
    outer loop
      vertex -33 -16.8 21.8
      vertex -4.619397662556434 -16.8 11.069417161825449
      vertex -4.409606321741776 -16.8 11.512983684129988
    endloop
  endfacet
  facet normal 0 -1 0
    outer loop
      vertex -33 -16.8 21.8
      vertex -4.409606321741776 -16.8 11.512983684129988
      vertex -4.157348061512726 -16.8 11.933851165098012
    endloop
  endfacet
  facet normal 0 -1 0
    outer loop
      vertex -33 -16.8 21.8
      vertex -4.157348061512726 -16.8 11.933851165098012
      vertex -3.865052266813685 -16.8 12.327966420818228
    endloop
  endfacet
  facet normal 0 -1 0
    outer loop
      vertex -33 -16.8 21.8
      vertex -3.865052266813685 -16.8 12.327966420818228
      vertex -3.5355339059327378 -16.8 12.691533905932738
    endloop
  endfacet
  facet normal 0 -1 0
    outer loop
      vertex -33 -16.8 21.8
      vertex -3.5355339059327378 -16.8 12.691533905932738
      vertex -3.1719664208182277 -16.8 13.021052266813685
    endloop
  endfacet
  facet normal 0 -1 0
    outer loop
      vertex -33 -16.8 21.8
      vertex -3.1719664208182277 -16.8 13.021052266813685
      vertex -2.777851165098011 -16.8 13.313348061512727
    endloop
  endfacet
  facet normal 0 -1 0
    outer loop
      vertex -33 -16.8 21.8
      vertex -2.777851165098011 -16.8 13.313348061512727
      vertex -2.3569836841299883 -16.8 13.565606321741775
    endloop
  endfacet
  facet normal 0 -1 0
    outer loop
      vertex -33 -16.8 21.8
      vertex -2.3569836841299883 -16.8 13.565606321741775
      vertex -1.913417161825449 -16.8 13.775397662556434
    endloop
  endfacet
  facet normal 0 -1 0
    outer loop
      vertex -33 -16.8 21.8
      vertex -1.913417161825449 -16.8 13.775397662556434
      vertex -1.4514233862723116 -16.8 13.940701678661044
    endloop
  endfacet
  facet normal 0 -1 0
    outer loop
      vertex -33 -16.8 21.8
      vertex -1.4514233862723116 -16.8 13.940701678661044
      vertex -0.9754516100806412 -16.8 14.059926402016153
    endloop
  endfacet
  facet normal 0 -1 0
    outer loop
      vertex -33 -16.8 21.8
      vertex -0.9754516100806412 -16.8 14.059926402016153
      vertex -0.490085701647803 -16.8 14.131923633360985
    endloop
  endfacet
  facet normal 0 -1 0
    outer loop
      vertex -33 -16.8 21.8
      vertex 0.490085701647803 -16.8 14.131923633360985
      vertex 0.9754516100806412 -16.8 14.059926402016153
    endloop
  endfacet
  facet normal 0 -1 0
    outer loop
      vertex -33 -16.8 21.8
      vertex -0.490085701647803 -16.8 14.131923633360985
      vertex 0 -16.8 14.156
    endloop
  endfacet
  facet normal 0 -1 0
    outer loop
      vertex -33 -16.8 21.8
      vertex 0 -16.8 14.156
      vertex 0.490085701647803 -16.8 14.131923633360985
    endloop
  endfacet
  facet normal 0 0 1
    outer loop
      vertex -33 -16.8 21.8
      vertex 33 -16.8 21.8
      vertex -1.1999999999999993 -15 21.8
    endloop
  endfacet
  facet normal 0 0 -1
    outer loop
      vertex -33 -16.8 0
      vertex -33 16.8 0
      vertex -5 16.8 0
    endloop
  endfacet
  facet normal -1 0 0
    outer loop
      vertex -33 -16.8 0
      vertex -33 16.8 21.8
      vertex -33 16.8 0
    endloop
  endfacet
  facet normal 0 1 0
    outer loop
      vertex -33 16.8 0
      vertex -33 16.8 21.8
      vertex -5 16.8 9.156
    endloop
  endfacet
  facet normal 0 0 -1
    outer loop
      vertex -33 -16.8 0
      vertex -5 16.8 0
      vertex 5 16.8 0
    endloop
  endfacet
  facet normal 0 1 0
    outer loop
      vertex -33 16.8 0
      vertex -5 16.8 9.156
      vertex -5 16.8 0
    endloop
  endfacet
  facet normal 0 0 1
    outer loop
      vertex -33 -16.8 21.8
      vertex -31.2 15 21.8
      vertex -33 16.8 21.8
    endloop
  endfacet
  facet normal 0 0 1
    outer loop
      vertex -33 16.8 21.8
      vertex -31.2 15 21.8
      vertex -1.1999999999999993 15 21.8
    endloop
  endfacet
  facet normal 0 0 1
    outer loop
      vertex -1.1999999999999993 -15 21.8
      vertex 1.1999999999999993 15 21.8
      vertex -1.1999999999999993 15 21.8
    endloop
  endfacet
  facet normal 0 1 0
    outer loop
      vertex -5 16.8 9.156
      vertex -33 16.8 21.8
      vertex -4.975923633360985 16.8 9.646085701647804
    endloop
  endfacet
  facet normal 0 1 0
    outer loop
      vertex -4.975923633360985 16.8 9.646085701647804
      vertex -33 16.8 21.8
      vertex -4.903926402016152 16.8 10.131451610080642
    endloop
  endfacet
  facet normal 0 1 0
    outer loop
      vertex -4.903926402016152 16.8 10.131451610080642
      vertex -33 16.8 21.8
      vertex -4.784701678661044 16.8 10.607423386272313
    endloop
  endfacet
  facet normal 0 1 0
    outer loop
      vertex -4.784701678661044 16.8 10.607423386272313
      vertex -33 16.8 21.8
      vertex -4.619397662556434 16.8 11.069417161825449
    endloop
  endfacet
  facet normal 0 1 0
    outer loop
      vertex -33 16.8 21.8
      vertex -4.409606321741776 16.8 11.512983684129988
      vertex -4.619397662556434 16.8 11.069417161825449
    endloop
  endfacet
  facet normal 0 1 0
    outer loop
      vertex -33 16.8 21.8
      vertex -4.157348061512726 16.8 11.933851165098012
      vertex -4.409606321741776 16.8 11.512983684129988
    endloop
  endfacet
  facet normal 0 1 0
    outer loop
      vertex -33 16.8 21.8
      vertex -3.865052266813685 16.8 12.327966420818228
      vertex -4.157348061512726 16.8 11.933851165098012
    endloop
  endfacet
  facet normal 0 1 0
    outer loop
      vertex -33 16.8 21.8
      vertex -3.5355339059327378 16.8 12.691533905932738
      vertex -3.865052266813685 16.8 12.327966420818228
    endloop
  endfacet
  facet normal 0 1 0
    outer loop
      vertex -33 16.8 21.8
      vertex -3.1719664208182277 16.8 13.021052266813685
      vertex -3.5355339059327378 16.8 12.691533905932738
    endloop
  endfacet
  facet normal 0 1 0
    outer loop
      vertex -33 16.8 21.8
      vertex -2.777851165098011 16.8 13.313348061512727
      vertex -3.1719664208182277 16.8 13.021052266813685
    endloop
  endfacet
  facet normal 0 1 0
    outer loop
      vertex -33 16.8 21.8
      vertex -2.3569836841299883 16.8 13.565606321741775
      vertex -2.777851165098011 16.8 13.313348061512727
    endloop
  endfacet
  facet normal 0 1 0
    outer loop
      vertex -33 16.8 21.8
      vertex -1.913417161825449 16.8 13.775397662556434
      vertex -2.3569836841299883 16.8 13.565606321741775
    endloop
  endfacet
  facet normal 0 1 0
    outer loop
      vertex -33 16.8 21.8
      vertex -1.4514233862723116 16.8 13.940701678661044
      vertex -1.913417161825449 16.8 13.775397662556434
    endloop
  endfacet
  facet normal 0 1 0
    outer loop
      vertex -33 16.8 21.8
      vertex -0.9754516100806412 16.8 14.059926402016153
      vertex -1.4514233862723116 16.8 13.940701678661044
    endloop
  endfacet
  facet normal 0 0 1
    outer loop
      vertex -33 16.8 21.8
      vertex -1.1999999999999993 15 21.8
      vertex 1.1999999999999993 15 21.8
    endloop
  endfacet
  facet normal 0 1 0
    outer loop
      vertex -33 16.8 21.8
      vertex 33 16.8 21.8
      vertex -0.9754516100806412 16.8 14.059926402016153
    endloop
  endfacet
  facet normal 0 -1 0
    outer loop
      vertex 5 -16.8 0
      vertex 33 -16.8 0
      vertex 5 -16.8 9.156
    endloop
  endfacet
  facet normal 0 0 -1
    outer loop
      vertex -5 -16.8 0
      vertex 33 16.8 0
      vertex 5 -16.8 0
    endloop
  endfacet
  facet normal 0 -1 0
    outer loop
      vertex 5 -16.8 9.156
      vertex 33 -16.8 0
      vertex 33 -16.8 21.8
    endloop
  endfacet
  facet normal 0 0 -1
    outer loop
      vertex 5 -16.8 0
      vertex 33 16.8 0
      vertex 33 -16.8 0
    endloop
  endfacet
  facet normal 1 0 0
    outer loop
      vertex 33 -16.8 0
      vertex 33 16.8 0
      vertex 33 -16.8 21.8
    endloop
  endfacet
  facet normal 0 -1 0
    outer loop
      vertex 5 -16.8 9.156
      vertex 33 -16.8 21.8
      vertex 4.975923633360985 -16.8 9.646085701647804
    endloop
  endfacet
  facet normal 0 -1 0
    outer loop
      vertex 4.975923633360985 -16.8 9.646085701647804
      vertex 33 -16.8 21.8
      vertex 4.903926402016152 -16.8 10.131451610080642
    endloop
  endfacet
  facet normal 0 -1 0
    outer loop
      vertex 4.903926402016152 -16.8 10.131451610080642
      vertex 33 -16.8 21.8
      vertex 4.784701678661044 -16.8 10.607423386272313
    endloop
  endfacet
  facet normal 0 -1 0
    outer loop
      vertex 4.784701678661044 -16.8 10.607423386272313
      vertex 33 -16.8 21.8
      vertex 4.619397662556434 -16.8 11.069417161825449
    endloop
  endfacet
  facet normal 0 -1 0
    outer loop
      vertex 4.619397662556434 -16.8 11.069417161825449
      vertex 33 -16.8 21.8
      vertex 4.409606321741776 -16.8 11.512983684129988
    endloop
  endfacet
  facet normal 0 -1 0
    outer loop
      vertex 4.409606321741776 -16.8 11.512983684129988
      vertex 33 -16.8 21.8
      vertex 4.157348061512726 -16.8 11.933851165098012
    endloop
  endfacet
  facet normal 0 -1 0
    outer loop
      vertex 3.865052266813685 -16.8 12.327966420818228
      vertex 4.157348061512726 -16.8 11.933851165098012
      vertex 33 -16.8 21.8
    endloop
  endfacet
  facet normal 0 -1 0
    outer loop
      vertex 3.865052266813685 -16.8 12.327966420818228
      vertex 33 -16.8 21.8
      vertex 3.5355339059327378 -16.8 12.691533905932738
    endloop
  endfacet
  facet normal 0 -1 0
    outer loop
      vertex 3.5355339059327378 -16.8 12.691533905932738
      vertex 33 -16.8 21.8
      vertex 3.1719664208182277 -16.8 13.021052266813685
    endloop
  endfacet
  facet normal 0 -1 0
    outer loop
      vertex 2.3569836841299883 -16.8 13.565606321741775
      vertex 2.777851165098011 -16.8 13.313348061512727
      vertex 33 -16.8 21.8
    endloop
  endfacet
  facet normal 0 -1 0
    outer loop
      vertex 2.777851165098011 -16.8 13.313348061512727
      vertex 3.1719664208182277 -16.8 13.021052266813685
      vertex 33 -16.8 21.8
    endloop
  endfacet
  facet normal 0 -1 0
    outer loop
      vertex -33 -16.8 21.8
      vertex 0.9754516100806412 -16.8 14.059926402016153
      vertex 33 -16.8 21.8
    endloop
  endfacet
  facet normal 0 -1 0
    outer loop
      vertex 0.9754516100806412 -16.8 14.059926402016153
      vertex 1.4514233862723116 -16.8 13.940701678661044
      vertex 33 -16.8 21.8
    endloop
  endfacet
  facet normal 0 -1 0
    outer loop
      vertex 1.4514233862723116 -16.8 13.940701678661044
      vertex 1.913417161825449 -16.8 13.775397662556434
      vertex 33 -16.8 21.8
    endloop
  endfacet
  facet normal 0 -1 0
    outer loop
      vertex 2.3569836841299883 -16.8 13.565606321741775
      vertex 33 -16.8 21.8
      vertex 1.913417161825449 -16.8 13.775397662556434
    endloop
  endfacet
  facet normal 0 0 1
    outer loop
      vertex 33 -16.8 21.8
      vertex 1.1999999999999993 -15 21.8
      vertex -1.1999999999999993 -15 21.8
    endloop
  endfacet
  facet normal 0 0 1
    outer loop
      vertex 1.1999999999999993 15 21.8
      vertex -1.1999999999999993 -15 21.8
      vertex 1.1999999999999993 -15 21.8
    endloop
  endfacet
  facet normal 0 0 1
    outer loop
      vertex 33 -16.8 21.8
      vertex 31.2 -15 21.8
      vertex 1.1999999999999993 -15 21.8
    endloop
  endfacet
  facet normal 0 0 1
    outer loop
      vertex 33 -16.8 21.8
      vertex 33 16.8 21.8
      vertex 31.2 -15 21.8
    endloop
  endfacet
  facet normal 0 0 -1
    outer loop
      vertex -33 -16.8 0
      vertex 5 16.8 0
      vertex 33 16.8 0
    endloop
  endfacet
  facet normal 0 1 0
    outer loop
      vertex 5 16.8 0
      vertex 5 16.8 9.156
      vertex 33 16.8 0
    endloop
  endfacet
  facet normal 0 1 0
    outer loop
      vertex 5 16.8 9.156
      vertex 33 16.8 21.8
      vertex 33 16.8 0
    endloop
  endfacet
  facet normal 0 1 0
    outer loop
      vertex 5 16.8 9.156
      vertex 4.975923633360985 16.8 9.646085701647804
      vertex 33 16.8 21.8
    endloop
  endfacet
  facet normal 0 1 0
    outer loop
      vertex 4.975923633360985 16.8 9.646085701647804
      vertex 4.903926402016152 16.8 10.131451610080642
      vertex 33 16.8 21.8
    endloop
  endfacet
  facet normal 0 1 0
    outer loop
      vertex 4.903926402016152 16.8 10.131451610080642
      vertex 4.784701678661044 16.8 10.607423386272313
      vertex 33 16.8 21.8
    endloop
  endfacet
  facet normal 0 1 0
    outer loop
      vertex 4.784701678661044 16.8 10.607423386272313
      vertex 4.619397662556434 16.8 11.069417161825449
      vertex 33 16.8 21.8
    endloop
  endfacet
  facet normal 0 1 0
    outer loop
      vertex 4.619397662556434 16.8 11.069417161825449
      vertex 4.409606321741776 16.8 11.512983684129988
      vertex 33 16.8 21.8
    endloop
  endfacet
  facet normal 0 1 0
    outer loop
      vertex 4.409606321741776 16.8 11.512983684129988
      vertex 4.157348061512726 16.8 11.933851165098012
      vertex 33 16.8 21.8
    endloop
  endfacet
  facet normal 0 1 0
    outer loop
      vertex 3.865052266813685 16.8 12.327966420818228
      vertex 33 16.8 21.8
      vertex 4.157348061512726 16.8 11.933851165098012
    endloop
  endfacet
  facet normal 0 1 0
    outer loop
      vertex 3.865052266813685 16.8 12.327966420818228
      vertex 3.5355339059327378 16.8 12.691533905932738
      vertex 33 16.8 21.8
    endloop
  endfacet
  facet normal 0 1 0
    outer loop
      vertex 3.5355339059327378 16.8 12.691533905932738
      vertex 3.1719664208182277 16.8 13.021052266813685
      vertex 33 16.8 21.8
    endloop
  endfacet
  facet normal 0 1 0
    outer loop
      vertex 2.3569836841299883 16.8 13.565606321741775
      vertex 33 16.8 21.8
      vertex 2.777851165098011 16.8 13.313348061512727
    endloop
  endfacet
  facet normal 0 1 0
    outer loop
      vertex 2.777851165098011 16.8 13.313348061512727
      vertex 33 16.8 21.8
      vertex 3.1719664208182277 16.8 13.021052266813685
    endloop
  endfacet
  facet normal 0 0 1
    outer loop
      vertex -33 16.8 21.8
      vertex 1.1999999999999993 15 21.8
      vertex 33 16.8 21.8
    endloop
  endfacet
  facet normal 0 1 0
    outer loop
      vertex -0.9754516100806412 16.8 14.059926402016153
      vertex 33 16.8 21.8
      vertex -0.490085701647803 16.8 14.131923633360985
    endloop
  endfacet
  facet normal 0 1 0
    outer loop
      vertex -0.490085701647803 16.8 14.131923633360985
      vertex 33 16.8 21.8
      vertex 0 16.8 14.156
    endloop
  endfacet
  facet normal 0 1 0
    outer loop
      vertex 0.490085701647803 16.8 14.131923633360985
      vertex 0 16.8 14.156
      vertex 33 16.8 21.8
    endloop
  endfacet
  facet normal 0 1 0
    outer loop
      vertex 0.490085701647803 16.8 14.131923633360985
      vertex 33 16.8 21.8
      vertex 0.9754516100806412 16.8 14.059926402016153
    endloop
  endfacet
  facet normal 0 1 0
    outer loop
      vertex 0.9754516100806412 16.8 14.059926402016153
      vertex 33 16.8 21.8
      vertex 1.4514233862723116 16.8 13.940701678661044
    endloop
  endfacet
  facet normal 0 1 0
    outer loop
      vertex 1.4514233862723116 16.8 13.940701678661044
      vertex 33 16.8 21.8
      vertex 1.913417161825449 16.8 13.775397662556434
    endloop
  endfacet
  facet normal 0 1 0
    outer loop
      vertex 2.3569836841299883 16.8 13.565606321741775
      vertex 1.913417161825449 16.8 13.775397662556434
      vertex 33 16.8 21.8
    endloop
  endfacet
  facet normal 1 0 0
    outer loop
      vertex 33 -16.8 21.8
      vertex 33 16.8 0
      vertex 33 16.8 21.8
    endloop
  endfacet
  facet normal 0 0 1
    outer loop
      vertex 33 16.8 21.8
      vertex 31.2 15 21.8
      vertex 31.2 -15 21.8
    endloop
  endfacet
  facet normal 0 0 1
    outer loop
      vertex 33 16.8 21.8
      vertex 1.1999999999999993 15 21.8
      vertex 31.2 15 21.8
    endloop
  endfacet
  facet normal -0.9987954562051724 0 0.04906767432741708
    outer loop
      vertex -5 -20.8 9.156
      vertex -4.975923633360985 -20.8 9.646085701647804
      vertex -5 -16.8 9.156
    endloop
  endfacet
  facet normal -0.9987954562051724 0 0.04906767432741708
    outer loop
      vertex -4.975923633360985 -20.8 9.646085701647804
      vertex -4.975923633360985 -16.8 9.646085701647804
      vertex -5 -16.8 9.156
    endloop
  endfacet
  facet normal -0.9891765099647808 0 0.14673047445536286
    outer loop
      vertex -4.975923633360985 -20.8 9.646085701647804
      vertex -4.903926402016152 -20.8 10.131451610080642
      vertex -4.975923633360985 -16.8 9.646085701647804
    endloop
  endfacet
  facet normal -0.9891765099647808 0 0.14673047445536286
    outer loop
      vertex -4.903926402016152 -20.8 10.131451610080642
      vertex -4.903926402016152 -16.8 10.131451610080642
      vertex -4.975923633360985 -16.8 9.646085701647804
    endloop
  endfacet
  facet normal -0.9700312531945439 0 0.24298017990326456
    outer loop
      vertex -4.903926402016152 -20.8 10.131451610080642
      vertex -4.784701678661044 -20.8 10.607423386272313
      vertex -4.903926402016152 -16.8 10.131451610080642
    endloop
  endfacet
  facet normal -0.9415440651830209 0 0.33688985339221966
    outer loop
      vertex -4.784701678661044 -20.8 10.607423386272313
      vertex -4.619397662556434 -20.8 11.069417161825449
      vertex -4.784701678661044 -16.8 10.607423386272313
    endloop
  endfacet
  facet normal -0.9700312531945439 0 0.24298017990326456
    outer loop
      vertex -4.784701678661044 -20.8 10.607423386272313
      vertex -4.784701678661044 -16.8 10.607423386272313
      vertex -4.903926402016152 -16.8 10.131451610080642
    endloop
  endfacet
  facet normal 0 -1 0
    outer loop
      vertex -5 -20.8 9.156
      vertex -1.6182957126653301 -20.8 9.477899031326611
      vertex -4.975923633360985 -20.8 9.646085701647804
    endloop
  endfacet
  facet normal 0 -1 0
    outer loop
      vertex -5 -20.8 9.156
      vertex -1.65 -20.8 9.156
      vertex -1.6420547990091248 -20.8 9.317728281543776
    endloop
  endfacet
  facet normal 0 -1 0
    outer loop
      vertex -5 -20.8 9.156
      vertex -1.6420547990091248 -20.8 9.317728281543776
      vertex -1.6182957126653301 -20.8 9.477899031326611
    endloop
  endfacet
  facet normal 0 -1 0
    outer loop
      vertex -4.975923633360985 -20.8 9.646085701647804
      vertex -1.4551700861747858 -20.8 9.933804615762897
      vertex -4.903926402016152 -20.8 10.131451610080642
    endloop
  endfacet
  facet normal 0 -1 0
    outer loop
      vertex -4.975923633360985 -20.8 9.646085701647804
      vertex -1.6182957126653301 -20.8 9.477899031326611
      vertex -1.5789515539581445 -20.8 9.634969717469863
    endloop
  endfacet
  facet normal 0 -1 0
    outer loop
      vertex -4.975923633360985 -20.8 9.646085701647804
      vertex -1.5789515539581445 -20.8 9.634969717469863
      vertex -1.524401228643623 -20.8 9.787427663402399
    endloop
  endfacet
  facet normal 0 -1 0
    outer loop
      vertex -4.975923633360985 -20.8 9.646085701647804
      vertex -1.524401228643623 -20.8 9.787427663402399
      vertex -1.4551700861747858 -20.8 9.933804615762897
    endloop
  endfacet
  facet normal 0 -1 0
    outer loop
      vertex -4.903926402016152 -20.8 10.131451610080642
      vertex -1.4551700861747858 -20.8 9.933804615762897
      vertex -1.3719248602991996 -20.8 10.072690884482345
    endloop
  endfacet
  facet normal 0 -1 0
    outer loop
      vertex -4.903926402016152 -20.8 10.131451610080642
      vertex -1.3719248602991996 -20.8 10.072690884482345
      vertex -1.275467248048516 -20.8 10.202748918870016
    endloop
  endfacet
  facet normal 0 -1 0
    outer loop
      vertex -4.903926402016152 -20.8 10.131451610080642
      vertex -1.1667261889578033 -20.8 10.322726188957803
      vertex -4.784701678661044 -20.8 10.607423386272313
    endloop
  endfacet
  facet normal 0 -1 0
    outer loop
      vertex -4.903926402016152 -20.8 10.131451610080642
      vertex -1.275467248048516 -20.8 10.202748918870016
      vertex -1.1667261889578033 -20.8 10.322726188957803
    endloop
  endfacet
  facet normal 0 -1 0
    outer loop
      vertex -4.784701678661044 -20.8 10.607423386272313
      vertex -1.1667261889578033 -20.8 10.322726188957803
      vertex -1.046748918870015 -20.8 10.431467248048516
    endloop
  endfacet
  facet normal 0 -1 0
    outer loop
      vertex -4.784701678661044 -20.8 10.607423386272313
      vertex -1.046748918870015 -20.8 10.431467248048516
      vertex -0.9166908844823436 -20.8 10.5279248602992
    endloop
  endfacet
  facet normal 0 -1 0
    outer loop
      vertex -4.784701678661044 -20.8 10.607423386272313
      vertex -0.9166908844823436 -20.8 10.5279248602992
      vertex -0.7778046157628961 -20.8 10.611170086174786
    endloop
  endfacet
  facet normal 0 -1 0
    outer loop
      vertex -4.784701678661044 -20.8 10.607423386272313
      vertex -0.7778046157628961 -20.8 10.611170086174786
      vertex -0.6314276634023981 -20.8 10.680401228643623
    endloop
  endfacet
  facet normal 0 -1 0
    outer loop
      vertex -4.784701678661044 -20.8 10.607423386272313
      vertex -0.6314276634023981 -20.8 10.680401228643623
      vertex -0.47896971746986283 -20.8 10.734951553958146
    endloop
  endfacet
  facet normal 0 -1 0
    outer loop
      vertex -4.784701678661044 -20.8 10.607423386272313
      vertex -0.47896971746986283 -20.8 10.734951553958146
      vertex -0.3218990313266116 -20.8 10.774295712665332
    endloop
  endfacet
  facet normal 0 -1 0
    outer loop
      vertex -4.784701678661044 -20.8 10.607423386272313
      vertex -0.3218990313266116 -20.8 10.774295712665332
      vertex -0.161728281543775 -20.8 10.798054799009126
    endloop
  endfacet
  facet normal 0 -1 0
    outer loop
      vertex -4.784701678661044 -20.8 10.607423386272313
      vertex -0.161728281543775 -20.8 10.798054799009126
      vertex 0 -20.8 10.806000000000001
    endloop
  endfacet
  facet normal 0 -1 0
    outer loop
      vertex -4.784701678661044 -20.8 10.607423386272313
      vertex 0 -20.8 10.806000000000001
      vertex 4.619397662556434 -20.8 11.069417161825449
    endloop
  endfacet
  facet normal -0.9039892931234437 0 0.4275550934302813
    outer loop
      vertex -4.619397662556434 -20.8 11.069417161825449
      vertex -4.409606321741776 -20.8 11.512983684129988
      vertex -4.619397662556434 -16.8 11.069417161825449
    endloop
  endfacet
  facet normal -0.9415440651830209 0 0.33688985339221966
    outer loop
      vertex -4.784701678661044 -16.8 10.607423386272313
      vertex -4.619397662556434 -20.8 11.069417161825449
      vertex -4.619397662556434 -16.8 11.069417161825449
    endloop
  endfacet
  facet normal -0.9039892931234437 0 0.4275550934302813
    outer loop
      vertex -4.409606321741776 -20.8 11.512983684129988
      vertex -4.409606321741776 -16.8 11.512983684129988
      vertex -4.619397662556434 -16.8 11.069417161825449
    endloop
  endfacet
  facet normal -0.8577286100002725 0 0.5141027441932213
    outer loop
      vertex -4.409606321741776 -20.8 11.512983684129988
      vertex -4.157348061512726 -20.8 11.933851165098012
      vertex -4.409606321741776 -16.8 11.512983684129988
    endloop
  endfacet
  facet normal -0.8577286100002725 0 0.5141027441932213
    outer loop
      vertex -4.157348061512726 -20.8 11.933851165098012
      vertex -4.157348061512726 -16.8 11.933851165098012
      vertex -4.409606321741776 -16.8 11.512983684129988
    endloop
  endfacet
  facet normal -0.8032075314806445 0 0.5956993044924339
    outer loop
      vertex -4.157348061512726 -20.8 11.933851165098012
      vertex -3.865052266813685 -20.8 12.327966420818228
      vertex -4.157348061512726 -16.8 11.933851165098012
    endloop
  endfacet
  facet normal -0.8032075314806445 0 0.5956993044924339
    outer loop
      vertex -4.157348061512726 -16.8 11.933851165098012
      vertex -3.865052266813685 -20.8 12.327966420818228
      vertex -3.865052266813685 -16.8 12.327966420818228
    endloop
  endfacet
  facet normal 0 -1 0
    outer loop
      vertex -4.784701678661044 -20.8 10.607423386272313
      vertex 4.619397662556434 -20.8 11.069417161825449
      vertex -4.619397662556434 -20.8 11.069417161825449
    endloop
  endfacet
  facet normal 0 -1 0
    outer loop
      vertex -4.619397662556434 -20.8 11.069417161825449
      vertex 4.409606321741776 -20.8 11.512983684129988
      vertex -4.409606321741776 -20.8 11.512983684129988
    endloop
  endfacet
  facet normal 0 -1 0
    outer loop
      vertex -4.409606321741776 -20.8 11.512983684129988
      vertex 4.157348061512726 -20.8 11.933851165098012
      vertex -4.157348061512726 -20.8 11.933851165098012
    endloop
  endfacet
  facet normal 0 -1 0
    outer loop
      vertex -4.157348061512726 -20.8 11.933851165098012
      vertex 3.865052266813685 -20.8 12.327966420818228
      vertex -3.865052266813685 -20.8 12.327966420818228
    endloop
  endfacet
  facet normal -0.7409511253549591 0 0.6715589548470183
    outer loop
      vertex -3.865052266813685 -20.8 12.327966420818228
      vertex -3.5355339059327378 -20.8 12.691533905932738
      vertex -3.865052266813685 -16.8 12.327966420818228
    endloop
  endfacet
  facet normal -0.6715589548470179 0 0.7409511253549595
    outer loop
      vertex -3.5355339059327378 -20.8 12.691533905932738
      vertex -3.1719664208182277 -20.8 13.021052266813685
      vertex -3.5355339059327378 -16.8 12.691533905932738
    endloop
  endfacet
  facet normal -0.7409511253549591 0 0.6715589548470183
    outer loop
      vertex -3.5355339059327378 -20.8 12.691533905932738
      vertex -3.5355339059327378 -16.8 12.691533905932738
      vertex -3.865052266813685 -16.8 12.327966420818228
    endloop
  endfacet
  facet normal -0.6715589548470179 0 0.7409511253549595
    outer loop
      vertex -3.1719664208182277 -20.8 13.021052266813685
      vertex -3.1719664208182277 -16.8 13.021052266813685
      vertex -3.5355339059327378 -16.8 12.691533905932738
    endloop
  endfacet
  facet normal -0.5956993044924336 0 0.8032075314806447
    outer loop
      vertex -3.1719664208182277 -20.8 13.021052266813685
      vertex -2.777851165098011 -20.8 13.313348061512727
      vertex -3.1719664208182277 -16.8 13.021052266813685
    endloop
  endfacet
  facet normal -0.5141027441932211 0 0.8577286100002725
    outer loop
      vertex -2.777851165098011 -20.8 13.313348061512727
      vertex -2.3569836841299883 -20.8 13.565606321741775
      vertex -2.777851165098011 -16.8 13.313348061512727
    endloop
  endfacet
  facet normal -0.5956993044924336 0 0.8032075314806447
    outer loop
      vertex -2.777851165098011 -20.8 13.313348061512727
      vertex -2.777851165098011 -16.8 13.313348061512727
      vertex -3.1719664208182277 -16.8 13.021052266813685
    endloop
  endfacet
  facet normal -0.5141027441932211 0 0.8577286100002725
    outer loop
      vertex -2.3569836841299883 -20.8 13.565606321741775
      vertex -2.3569836841299883 -16.8 13.565606321741775
      vertex -2.777851165098011 -16.8 13.313348061512727
    endloop
  endfacet
  facet normal 0 -1 0
    outer loop
      vertex -3.865052266813685 -20.8 12.327966420818228
      vertex 3.5355339059327378 -20.8 12.691533905932738
      vertex -3.5355339059327378 -20.8 12.691533905932738
    endloop
  endfacet
  facet normal 0 -1 0
    outer loop
      vertex -3.5355339059327378 -20.8 12.691533905932738
      vertex 3.1719664208182277 -20.8 13.021052266813685
      vertex -3.1719664208182277 -20.8 13.021052266813685
    endloop
  endfacet
  facet normal 0 -1 0
    outer loop
      vertex -3.1719664208182277 -20.8 13.021052266813685
      vertex 2.777851165098011 -20.8 13.313348061512727
      vertex -2.777851165098011 -20.8 13.313348061512727
    endloop
  endfacet
  facet normal 0 -1 0
    outer loop
      vertex -2.777851165098011 -20.8 13.313348061512727
      vertex 2.3569836841299883 -20.8 13.565606321741775
      vertex -2.3569836841299883 -20.8 13.565606321741775
    endloop
  endfacet
  facet normal -0.42755509343028314 0 0.9039892931234429
    outer loop
      vertex -2.3569836841299883 -20.8 13.565606321741775
      vertex -1.913417161825449 -20.8 13.775397662556434
      vertex -2.3569836841299883 -16.8 13.565606321741775
    endloop
  endfacet
  facet normal 0 -1 0
    outer loop
      vertex -2.3569836841299883 -20.8 13.565606321741775
      vertex 1.913417161825449 -20.8 13.775397662556434
      vertex -1.913417161825449 -20.8 13.775397662556434
    endloop
  endfacet
  facet normal 0 -1 0
    outer loop
      vertex -1.913417161825449 -20.8 13.775397662556434
      vertex 1.4514233862723116 -20.8 13.940701678661044
      vertex -1.4514233862723116 -20.8 13.940701678661044
    endloop
  endfacet
  facet normal 0 -1 0
    outer loop
      vertex -1.4514233862723116 -20.8 13.940701678661044
      vertex 0.9754516100806412 -20.8 14.059926402016153
      vertex -0.9754516100806412 -20.8 14.059926402016153
    endloop
  endfacet
  facet normal 0 -1 0
    outer loop
      vertex -0.9754516100806412 -20.8 14.059926402016153
      vertex 0.490085701647803 -20.8 14.131923633360985
      vertex -0.490085701647803 -20.8 14.131923633360985
    endloop
  endfacet
  facet normal -0.3368898533922188 0 0.9415440651830211
    outer loop
      vertex -1.913417161825449 -20.8 13.775397662556434
      vertex -1.4514233862723116 -20.8 13.940701678661044
      vertex -1.913417161825449 -16.8 13.775397662556434
    endloop
  endfacet
  facet normal -0.24298017990326456 0 0.9700312531945439
    outer loop
      vertex -1.4514233862723116 -20.8 13.940701678661044
      vertex -0.9754516100806412 -20.8 14.059926402016153
      vertex -1.4514233862723116 -16.8 13.940701678661044
    endloop
  endfacet
  facet normal -0.42755509343028314 0 0.9039892931234429
    outer loop
      vertex -2.3569836841299883 -16.8 13.565606321741775
      vertex -1.913417161825449 -20.8 13.775397662556434
      vertex -1.913417161825449 -16.8 13.775397662556434
    endloop
  endfacet
  facet normal -0.3368898533922188 0 0.9415440651830211
    outer loop
      vertex -1.4514233862723116 -20.8 13.940701678661044
      vertex -1.4514233862723116 -16.8 13.940701678661044
      vertex -1.913417161825449 -16.8 13.775397662556434
    endloop
  endfacet
  facet normal -0.24298017990326456 0 0.9700312531945439
    outer loop
      vertex -0.9754516100806412 -20.8 14.059926402016153
      vertex -0.9754516100806412 -16.8 14.059926402016153
      vertex -1.4514233862723116 -16.8 13.940701678661044
    endloop
  endfacet
  facet normal -0.14673047445536283 0 0.9891765099647808
    outer loop
      vertex -0.9754516100806412 -20.8 14.059926402016153
      vertex -0.490085701647803 -20.8 14.131923633360985
      vertex -0.9754516100806412 -16.8 14.059926402016153
    endloop
  endfacet
  facet normal -0.04906767432741713 0 0.9987954562051724
    outer loop
      vertex -0.490085701647803 -20.8 14.131923633360985
      vertex 0 -20.8 14.156
      vertex -0.490085701647803 -16.8 14.131923633360985
    endloop
  endfacet
  facet normal -0.14673047445536283 0 0.9891765099647808
    outer loop
      vertex -0.490085701647803 -20.8 14.131923633360985
      vertex -0.490085701647803 -16.8 14.131923633360985
      vertex -0.9754516100806412 -16.8 14.059926402016153
    endloop
  endfacet
  facet normal -0.04906767432741713 0 0.9987954562051724
    outer loop
      vertex -0.490085701647803 -16.8 14.131923633360985
      vertex 0 -20.8 14.156
      vertex 0 -16.8 14.156
    endloop
  endfacet
  facet normal -0.42755509343028164 0 -0.9039892931234434
    outer loop
      vertex -2.3569836841299883 23.08939091641991 4.746393678258225
      vertex -2.3569836841299883 24.8 4.746393678258225
      vertex -1.913417161825449 24.8 4.536602337443567
    endloop
  endfacet
  facet normal -0.6715589548470179 0 -0.7409511253549595
    outer loop
      vertex -3.1719664208182277 23.810973144681515 5.290947733186316
      vertex -3.5355339059327378 24.247614082244606 5.620466094067263
      vertex -3.1719664208182277 24.8 5.290947733186316
    endloop
  endfacet
  facet normal -0.5956993044924336 0 -0.8032075314806448
    outer loop
      vertex -3.1719664208182277 23.810973144681515 5.290947733186316
      vertex -2.777851165098011 24.8 4.998651938487274
      vertex -2.777851165098011 23.423655395522008 4.998651938487274
    endloop
  endfacet
  facet normal -0.5141027441932223 0 -0.8577286100002716
    outer loop
      vertex -2.3569836841299883 23.08939091641991 4.746393678258225
      vertex -2.777851165098011 23.423655395522008 4.998651938487274
      vertex -2.3569836841299883 24.8 4.746393678258225
    endloop
  endfacet
  facet normal -0.5141027441932224 0 -0.8577286100002716
    outer loop
      vertex -2.3569836841299883 24.8 4.746393678258225
      vertex -2.777851165098011 23.423655395522008 4.998651938487274
      vertex -2.777851165098011 24.8 4.998651938487274
    endloop
  endfacet
  facet normal -0.5956993044924336 0 -0.8032075314806447
    outer loop
      vertex -3.1719664208182277 23.810973144681515 5.290947733186316
      vertex -3.1719664208182277 24.8 5.290947733186316
      vertex -2.777851165098011 24.8 4.998651938487274
    endloop
  endfacet
  facet normal -0.24298017990326465 0 -0.970031253194544
    outer loop
      vertex -1.4514233862723116 22.59235643286964 4.371298321338957
      vertex -0.9754516100806412 24.8 4.252073597983848
      vertex -0.9754516100806412 22.434373142204745 4.252073597983848
    endloop
  endfacet
  facet normal -0.14673047445536283 0 -0.9891765099647808
    outer loop
      vertex -0.9754516100806412 22.434373142204745 4.252073597983848
      vertex -0.490085701647803 24.8 4.180076366639016
      vertex -0.490085701647803 22.338970450493395 4.180076366639016
    endloop
  endfacet
  facet normal -0.049067674327417134 0 -0.9987954562051725
    outer loop
      vertex -0.490085701647803 22.338970450493395 4.180076366639016
      vertex 0 24.8 4.156000000000001
      vertex 0 22.307067137809188 4.156000000000001
    endloop
  endfacet
  facet normal -0.3368898533922188 0 -0.9415440651830211
    outer loop
      vertex -1.4514233862723116 22.59235643286964 4.371298321338957
      vertex -1.913417161825449 22.81139885703653 4.536602337443567
      vertex -1.4514233862723116 24.8 4.371298321338957
    endloop
  endfacet
  facet normal -0.2429801799032646 0 -0.9700312531945438
    outer loop
      vertex -1.4514233862723116 22.59235643286964 4.371298321338957
      vertex -1.4514233862723116 24.8 4.371298321338957
      vertex -0.9754516100806412 24.8 4.252073597983848
    endloop
  endfacet
  facet normal -0.4275550934302817 0 -0.9039892931234434
    outer loop
      vertex -2.3569836841299883 23.08939091641991 4.746393678258225
      vertex -1.913417161825449 24.8 4.536602337443567
      vertex -1.913417161825449 22.81139885703653 4.536602337443567
    endloop
  endfacet
  facet normal -0.3368898533922188 0 -0.9415440651830211
    outer loop
      vertex -1.913417161825449 22.81139885703653 4.536602337443567
      vertex -1.913417161825449 24.8 4.536602337443567
      vertex -1.4514233862723116 24.8 4.371298321338957
    endloop
  endfacet
  facet normal -0.14673047445536283 0 -0.9891765099647808
    outer loop
      vertex -0.9754516100806412 22.434373142204745 4.252073597983848
      vertex -0.9754516100806412 24.8 4.252073597983848
      vertex -0.490085701647803 24.8 4.180076366639016
    endloop
  endfacet
  facet normal -0.049067674327417134 0 -0.9987954562051725
    outer loop
      vertex -0.490085701647803 22.338970450493395 4.180076366639016
      vertex -0.490085701647803 24.8 4.180076366639016
      vertex 0 24.8 4.156000000000001
    endloop
  endfacet
  facet normal 0 1 0
    outer loop
      vertex -1.4514233862723116 24.8 4.371298321338957
      vertex -1.913417161825449 24.8 4.536602337443567
      vertex 1.4514233862723116 24.8 4.371298321338957
    endloop
  endfacet
  facet normal 0 1 0
    outer loop
      vertex -0.9754516100806412 24.8 4.252073597983848
      vertex 0.490085701647803 24.8 4.180076366639016
      vertex -0.490085701647803 24.8 4.180076366639016
    endloop
  endfacet
  facet normal 0 1 0
    outer loop
      vertex -1.4514233862723116 24.8 4.371298321338957
      vertex 0.9754516100806412 24.8 4.252073597983848
      vertex -0.9754516100806412 24.8 4.252073597983848
    endloop
  endfacet
  facet normal 0 1 0
    outer loop
      vertex -2.3569836841299883 24.8 4.746393678258225
      vertex 1.913417161825449 24.8 4.536602337443567
      vertex -1.913417161825449 24.8 4.536602337443567
    endloop
  endfacet
  facet normal 0 1 0
    outer loop
      vertex -3.1719664208182277 24.8 5.290947733186316
      vertex 2.777851165098011 24.8 4.998651938487274
      vertex -2.777851165098011 24.8 4.998651938487274
    endloop
  endfacet
  facet normal 0 1 0
    outer loop
      vertex -3.1719664208182277 24.8 5.290947733186316
      vertex -3.5355339059327378 24.8 5.620466094067263
      vertex 3 24.8 5.1634087432460305
    endloop
  endfacet
  facet normal 0 1 0
    outer loop
      vertex -2.3569836841299883 24.8 4.746393678258225
      vertex -2.777851165098011 24.8 4.998651938487274
      vertex 2.3569836841299883 24.8 4.746393678258225
    endloop
  endfacet
  facet normal -0.9987954562051724 0 0.04906767432741708
    outer loop
      vertex -5 16.8 9.156
      vertex -4.975923633360985 16.8 9.646085701647804
      vertex -5 24.8 9.156
    endloop
  endfacet
  facet normal -0.9891765099647808 0 0.14673047445536286
    outer loop
      vertex -4.975923633360985 16.8 9.646085701647804
      vertex -4.903926402016152 16.8 10.131451610080642
      vertex -4.975923633360985 24.8 9.646085701647804
    endloop
  endfacet
  facet normal -0.9700312531945439 0 0.24298017990326456
    outer loop
      vertex -4.903926402016152 16.8 10.131451610080642
      vertex -4.784701678661044 16.8 10.607423386272313
      vertex -4.903926402016152 24.8 10.131451610080642
    endloop
  endfacet
  facet normal -0.9415440651830209 0 0.33688985339221966
    outer loop
      vertex -4.784701678661044 16.8 10.607423386272313
      vertex -4.619397662556434 16.8 11.069417161825449
      vertex -4.784701678661044 24.8 10.607423386272313
    endloop
  endfacet
  facet normal -0.7409511253549591 0 -0.6715589548470183
    outer loop
      vertex -3.5355339059327378 24.247614082244606 5.620466094067263
      vertex -3.865052266813685 24.729373117290333 5.984033579181773
      vertex -3.5355339059327378 24.8 5.620466094067263
    endloop
  endfacet
  facet normal -0.6715589548470179 0 -0.7409511253549595
    outer loop
      vertex -3.1719664208182277 24.8 5.290947733186316
      vertex -3.5355339059327378 24.247614082244606 5.620466094067263
      vertex -3.5355339059327378 24.8 5.620466094067263
    endloop
  endfacet
  facet normal -0.7409511253549591 0 -0.6715589548470183
    outer loop
      vertex -3.5355339059327378 24.8 5.620466094067263
      vertex -3.865052266813685 24.729373117290333 5.984033579181773
      vertex -3.865052266813685 24.8 5.984033579181773
    endloop
  endfacet
  facet normal -0.8032075314806445 0 -0.5956993044924337
    outer loop
      vertex -3.865052266813685 24.729373117290333 5.984033579181773
      vertex -3.9045820585963558 24.8 6.0373333333333346
      vertex -3.865052266813685 24.8 5.984033579181773
    endloop
  endfacet
  facet normal 0 1 0
    outer loop
      vertex -3.5355339059327378 24.8 5.620466094067263
      vertex -3.865052266813685 24.8 5.984033579181773
      vertex 3 24.8 5.1634087432460305
    endloop
  endfacet
  facet normal 0 1 0
    outer loop
      vertex -3.9045820585963558 24.8 6.0373333333333346
      vertex 3 24.8 6.0373333333333346
      vertex -3.865052266813685 24.8 5.984033579181773
    endloop
  endfacet
  facet normal -0.9987954562051724 0 0.04906767432741708
    outer loop
      vertex -4.975923633360985 16.8 9.646085701647804
      vertex -4.975923633360985 24.8 9.646085701647804
      vertex -5 24.8 9.156
    endloop
  endfacet
  facet normal -0.9891765099647808 0 0.14673047445536286
    outer loop
      vertex -4.903926402016152 16.8 10.131451610080642
      vertex -4.903926402016152 24.8 10.131451610080642
      vertex -4.975923633360985 24.8 9.646085701647804
    endloop
  endfacet
  facet normal -0.9700312531945439 0 0.24298017990326456
    outer loop
      vertex -4.784701678661044 16.8 10.607423386272313
      vertex -4.784701678661044 24.8 10.607423386272313
      vertex -4.903926402016152 24.8 10.131451610080642
    endloop
  endfacet
  facet normal 0 1 0
    outer loop
      vertex -5 24.8 9.156
      vertex -4.975923633360985 24.8 9.646085701647804
      vertex -1.65 24.8 9.156
    endloop
  endfacet
  facet normal 0 1 0
    outer loop
      vertex -4.975923633360985 24.8 9.646085701647804
      vertex -1.6420547990091248 24.8 9.317728281543776
      vertex -1.65 24.8 9.156
    endloop
  endfacet
  facet normal 0 1 0
    outer loop
      vertex -4.975923633360985 24.8 9.646085701647804
      vertex -1.6182957126653301 24.8 9.477899031326611
      vertex -1.6420547990091248 24.8 9.317728281543776
    endloop
  endfacet
  facet normal 0 1 0
    outer loop
      vertex -4.975923633360985 24.8 9.646085701647804
      vertex -4.903926402016152 24.8 10.131451610080642
      vertex -1.5789515539581445 24.8 9.634969717469863
    endloop
  endfacet
  facet normal 0 1 0
    outer loop
      vertex -4.975923633360985 24.8 9.646085701647804
      vertex -1.5789515539581445 24.8 9.634969717469863
      vertex -1.6182957126653301 24.8 9.477899031326611
    endloop
  endfacet
  facet normal 0 1 0
    outer loop
      vertex -4.903926402016152 24.8 10.131451610080642
      vertex -1.524401228643623 24.8 9.787427663402399
      vertex -1.5789515539581445 24.8 9.634969717469863
    endloop
  endfacet
  facet normal 0 1 0
    outer loop
      vertex -4.903926402016152 24.8 10.131451610080642
      vertex -1.4551700861747858 24.8 9.933804615762897
      vertex -1.524401228643623 24.8 9.787427663402399
    endloop
  endfacet
  facet normal 0 1 0
    outer loop
      vertex -4.903926402016152 24.8 10.131451610080642
      vertex -1.3719248602991996 24.8 10.072690884482345
      vertex -1.4551700861747858 24.8 9.933804615762897
    endloop
  endfacet
  facet normal 0 1 0
    outer loop
      vertex -4.903926402016152 24.8 10.131451610080642
      vertex -4.784701678661044 24.8 10.607423386272313
      vertex -1.3719248602991996 24.8 10.072690884482345
    endloop
  endfacet
  facet normal 0 1 0
    outer loop
      vertex -4.784701678661044 24.8 10.607423386272313
      vertex -4.619397662556434 24.8 11.069417161825449
      vertex -0.9166908844823436 24.8 10.5279248602992
    endloop
  endfacet
  facet normal 0 1 0
    outer loop
      vertex -4.784701678661044 24.8 10.607423386272313
      vertex -1.275467248048516 24.8 10.202748918870016
      vertex -1.3719248602991996 24.8 10.072690884482345
    endloop
  endfacet
  facet normal 0 1 0
    outer loop
      vertex -4.784701678661044 24.8 10.607423386272313
      vertex -1.1667261889578033 24.8 10.322726188957803
      vertex -1.275467248048516 24.8 10.202748918870016
    endloop
  endfacet
  facet normal 0 1 0
    outer loop
      vertex -4.784701678661044 24.8 10.607423386272313
      vertex -1.046748918870015 24.8 10.431467248048516
      vertex -1.1667261889578033 24.8 10.322726188957803
    endloop
  endfacet
  facet normal 0 1 0
    outer loop
      vertex -4.784701678661044 24.8 10.607423386272313
      vertex -0.9166908844823436 24.8 10.5279248602992
      vertex -1.046748918870015 24.8 10.431467248048516
    endloop
  endfacet
  facet normal 0 1 0
    outer loop
      vertex -4.619397662556434 24.8 11.069417161825449
      vertex -0.7778046157628961 24.8 10.611170086174786
      vertex -0.9166908844823436 24.8 10.5279248602992
    endloop
  endfacet
  facet normal 0 1 0
    outer loop
      vertex -4.619397662556434 24.8 11.069417161825449
      vertex -0.6314276634023981 24.8 10.680401228643623
      vertex -0.7778046157628961 24.8 10.611170086174786
    endloop
  endfacet
  facet normal 0 1 0
    outer loop
      vertex -4.619397662556434 24.8 11.069417161825449
      vertex -0.47896971746986283 24.8 10.734951553958146
      vertex -0.6314276634023981 24.8 10.680401228643623
    endloop
  endfacet
  facet normal 0 1 0
    outer loop
      vertex -4.619397662556434 24.8 11.069417161825449
      vertex -0.3218990313266116 24.8 10.774295712665332
      vertex -0.47896971746986283 24.8 10.734951553958146
    endloop
  endfacet
  facet normal 0 1 0
    outer loop
      vertex -4.619397662556434 24.8 11.069417161825449
      vertex -0.161728281543775 24.8 10.798054799009126
      vertex -0.3218990313266116 24.8 10.774295712665332
    endloop
  endfacet
  facet normal 0 1 0
    outer loop
      vertex -4.619397662556434 24.8 11.069417161825449
      vertex 0 24.8 10.806000000000001
      vertex -0.161728281543775 24.8 10.798054799009126
    endloop
  endfacet
  facet normal 0 1 0
    outer loop
      vertex -4.619397662556434 24.8 11.069417161825449
      vertex 0.161728281543775 24.8 10.798054799009126
      vertex 0 24.8 10.806000000000001
    endloop
  endfacet
  facet normal -0.9039892931234437 0 0.4275550934302813
    outer loop
      vertex -4.619397662556434 16.8 11.069417161825449
      vertex -4.409606321741776 16.8 11.512983684129988
      vertex -4.619397662556434 24.8 11.069417161825449
    endloop
  endfacet
  facet normal -0.8577286100002725 0 0.5141027441932213
    outer loop
      vertex -4.409606321741776 16.8 11.512983684129988
      vertex -4.157348061512726 16.8 11.933851165098012
      vertex -4.409606321741776 24.8 11.512983684129988
    endloop
  endfacet
  facet normal -0.8032075314806445 0 0.5956993044924339
    outer loop
      vertex -4.157348061512726 16.8 11.933851165098012
      vertex -3.865052266813685 16.8 12.327966420818228
      vertex -4.157348061512726 24.8 11.933851165098012
    endloop
  endfacet
  facet normal -0.7409511253549591 0 0.6715589548470183
    outer loop
      vertex -3.865052266813685 16.8 12.327966420818228
      vertex -3.5355339059327378 16.8 12.691533905932738
      vertex -3.865052266813685 24.8 12.327966420818228
    endloop
  endfacet
  facet normal -0.6715589548470179 0 0.7409511253549595
    outer loop
      vertex -3.5355339059327378 16.8 12.691533905932738
      vertex -3.1719664208182277 16.8 13.021052266813685
      vertex -3.5355339059327378 24.8 12.691533905932738
    endloop
  endfacet
  facet normal -0.5956993044924336 0 0.8032075314806447
    outer loop
      vertex -3.1719664208182277 16.8 13.021052266813685
      vertex -2.777851165098011 16.8 13.313348061512727
      vertex -3.1719664208182277 24.8 13.021052266813685
    endloop
  endfacet
  facet normal -0.5141027441932211 0 0.8577286100002725
    outer loop
      vertex -2.777851165098011 16.8 13.313348061512727
      vertex -2.3569836841299883 16.8 13.565606321741775
      vertex -2.777851165098011 24.8 13.313348061512727
    endloop
  endfacet
  facet normal -0.42755509343028314 0 0.9039892931234429
    outer loop
      vertex -2.3569836841299883 16.8 13.565606321741775
      vertex -1.913417161825449 16.8 13.775397662556434
      vertex -2.3569836841299883 24.8 13.565606321741775
    endloop
  endfacet
  facet normal -0.3368898533922188 0 0.9415440651830211
    outer loop
      vertex -1.913417161825449 16.8 13.775397662556434
      vertex -1.4514233862723116 16.8 13.940701678661044
      vertex -1.913417161825449 24.8 13.775397662556434
    endloop
  endfacet
  facet normal -0.24298017990326456 0 0.9700312531945439
    outer loop
      vertex -1.4514233862723116 16.8 13.940701678661044
      vertex -0.9754516100806412 16.8 14.059926402016153
      vertex -1.4514233862723116 24.8 13.940701678661044
    endloop
  endfacet
  facet normal -0.14673047445536283 0 0.9891765099647808
    outer loop
      vertex -0.9754516100806412 16.8 14.059926402016153
      vertex -0.490085701647803 16.8 14.131923633360985
      vertex -0.9754516100806412 24.8 14.059926402016153
    endloop
  endfacet
  facet normal -0.04906767432741713 0 0.9987954562051724
    outer loop
      vertex -0.490085701647803 16.8 14.131923633360985
      vertex 0 16.8 14.156
      vertex -0.490085701647803 24.8 14.131923633360985
    endloop
  endfacet
  facet normal -0.9415440651830209 0 0.33688985339221966
    outer loop
      vertex -4.784701678661044 24.8 10.607423386272313
      vertex -4.619397662556434 16.8 11.069417161825449
      vertex -4.619397662556434 24.8 11.069417161825449
    endloop
  endfacet
  facet normal -0.9039892931234437 0 0.4275550934302813
    outer loop
      vertex -4.409606321741776 16.8 11.512983684129988
      vertex -4.409606321741776 24.8 11.512983684129988
      vertex -4.619397662556434 24.8 11.069417161825449
    endloop
  endfacet
  facet normal -0.8577286100002725 0 0.5141027441932213
    outer loop
      vertex -4.157348061512726 16.8 11.933851165098012
      vertex -4.157348061512726 24.8 11.933851165098012
      vertex -4.409606321741776 24.8 11.512983684129988
    endloop
  endfacet
  facet normal -0.8032075314806445 0 0.5956993044924339
    outer loop
      vertex -3.865052266813685 16.8 12.327966420818228
      vertex -3.865052266813685 24.8 12.327966420818228
      vertex -4.157348061512726 24.8 11.933851165098012
    endloop
  endfacet
  facet normal 0 1 0
    outer loop
      vertex -4.619397662556434 24.8 11.069417161825449
      vertex -4.409606321741776 24.8 11.512983684129988
      vertex 3 24.8 13.14859125675397
    endloop
  endfacet
  facet normal 0 1 0
    outer loop
      vertex -4.409606321741776 24.8 11.512983684129988
      vertex -4.157348061512726 24.8 11.933851165098012
      vertex 3 24.8 13.14859125675397
    endloop
  endfacet
  facet normal 0 1 0
    outer loop
      vertex -4.619397662556434 24.8 11.069417161825449
      vertex 3 24.8 13.14859125675397
      vertex 0.161728281543775 24.8 10.798054799009126
    endloop
  endfacet
  facet normal -0.7409511253549591 0 0.6715589548470183
    outer loop
      vertex -3.5355339059327378 16.8 12.691533905932738
      vertex -3.5355339059327378 24.8 12.691533905932738
      vertex -3.865052266813685 24.8 12.327966420818228
    endloop
  endfacet
  facet normal -0.6715589548470179 0 0.7409511253549595
    outer loop
      vertex -3.1719664208182277 16.8 13.021052266813685
      vertex -3.1719664208182277 24.8 13.021052266813685
      vertex -3.5355339059327378 24.8 12.691533905932738
    endloop
  endfacet
  facet normal -0.5956993044924336 0 0.8032075314806447
    outer loop
      vertex -2.777851165098011 16.8 13.313348061512727
      vertex -2.777851165098011 24.8 13.313348061512727
      vertex -3.1719664208182277 24.8 13.021052266813685
    endloop
  endfacet
  facet normal -0.5141027441932211 0 0.8577286100002725
    outer loop
      vertex -2.3569836841299883 16.8 13.565606321741775
      vertex -2.3569836841299883 24.8 13.565606321741775
      vertex -2.777851165098011 24.8 13.313348061512727
    endloop
  endfacet
  facet normal 0 1 0
    outer loop
      vertex -4.157348061512726 24.8 11.933851165098012
      vertex -3.865052266813685 24.8 12.327966420818228
      vertex 3 24.8 13.14859125675397
    endloop
  endfacet
  facet normal 0 1 0
    outer loop
      vertex -3.865052266813685 24.8 12.327966420818228
      vertex -3.5355339059327378 24.8 12.691533905932738
      vertex 3 24.8 13.14859125675397
    endloop
  endfacet
  facet normal 0 1 0
    outer loop
      vertex -3.5355339059327378 24.8 12.691533905932738
      vertex -3.1719664208182277 24.8 13.021052266813685
      vertex 3 24.8 13.14859125675397
    endloop
  endfacet
  facet normal 0 1 0
    outer loop
      vertex -3.1719664208182277 24.8 13.021052266813685
      vertex -2.777851165098011 24.8 13.313348061512727
      vertex 3 24.8 13.14859125675397
    endloop
  endfacet
  facet normal 0 1 0
    outer loop
      vertex -2.777851165098011 24.8 13.313348061512727
      vertex -2.3569836841299883 24.8 13.565606321741775
      vertex 2.777851165098011 24.8 13.313348061512727
    endloop
  endfacet
  facet normal -0.42755509343028314 0 0.9039892931234429
    outer loop
      vertex -1.913417161825449 16.8 13.775397662556434
      vertex -1.913417161825449 24.8 13.775397662556434
      vertex -2.3569836841299883 24.8 13.565606321741775
    endloop
  endfacet
  facet normal -0.3368898533922188 0 0.9415440651830211
    outer loop
      vertex -1.4514233862723116 16.8 13.940701678661044
      vertex -1.4514233862723116 24.8 13.940701678661044
      vertex -1.913417161825449 24.8 13.775397662556434
    endloop
  endfacet
  facet normal -0.24298017990326456 0 0.9700312531945439
    outer loop
      vertex -0.9754516100806412 16.8 14.059926402016153
      vertex -0.9754516100806412 24.8 14.059926402016153
      vertex -1.4514233862723116 24.8 13.940701678661044
    endloop
  endfacet
  facet normal -0.14673047445536283 0 0.9891765099647808
    outer loop
      vertex -0.490085701647803 16.8 14.131923633360985
      vertex -0.490085701647803 24.8 14.131923633360985
      vertex -0.9754516100806412 24.8 14.059926402016153
    endloop
  endfacet
  facet normal -0.04906767432741713 0 0.9987954562051724
    outer loop
      vertex -0.490085701647803 24.8 14.131923633360985
      vertex 0 16.8 14.156
      vertex 0 24.8 14.156
    endloop
  endfacet
  facet normal 0 1 0
    outer loop
      vertex -2.3569836841299883 24.8 13.565606321741775
      vertex -1.913417161825449 24.8 13.775397662556434
      vertex 2.3569836841299883 24.8 13.565606321741775
    endloop
  endfacet
  facet normal 0 1 0
    outer loop
      vertex -1.913417161825449 24.8 13.775397662556434
      vertex -1.4514233862723116 24.8 13.940701678661044
      vertex 1.913417161825449 24.8 13.775397662556434
    endloop
  endfacet
  facet normal 0 1 0
    outer loop
      vertex -1.4514233862723116 24.8 13.940701678661044
      vertex -0.9754516100806412 24.8 14.059926402016153
      vertex 1.4514233862723116 24.8 13.940701678661044
    endloop
  endfacet
  facet normal 0 1 0
    outer loop
      vertex -0.9754516100806412 24.8 14.059926402016153
      vertex -0.490085701647803 24.8 14.131923633360985
      vertex 0.9754516100806412 24.8 14.059926402016153
    endloop
  endfacet
  facet normal 0 -1 0
    outer loop
      vertex 4.975923633360985 -20.8 9.646085701647804
      vertex 1.6420547990091248 -20.8 9.317728281543776
      vertex 1.65 -20.8 9.156
    endloop
  endfacet
  facet normal 0 -1 0
    outer loop
      vertex 4.975923633360985 -20.8 9.646085701647804
      vertex 1.6182957126653301 -20.8 9.477899031326611
      vertex 1.6420547990091248 -20.8 9.317728281543776
    endloop
  endfacet
  facet normal 0 -1 0
    outer loop
      vertex 5 -20.8 9.156
      vertex 4.975923633360985 -20.8 9.646085701647804
      vertex 1.65 -20.8 9.156
    endloop
  endfacet
  facet normal 0 -1 0
    outer loop
      vertex 4.619397662556434 -20.8 11.069417161825449
      vertex 0 -20.8 10.806000000000001
      vertex 0.161728281543775 -20.8 10.798054799009126
    endloop
  endfacet
  facet normal 0 -1 0
    outer loop
      vertex 4.619397662556434 -20.8 11.069417161825449
      vertex 0.161728281543775 -20.8 10.798054799009126
      vertex 0.3218990313266116 -20.8 10.774295712665332
    endloop
  endfacet
  facet normal 0 -1 0
    outer loop
      vertex 4.619397662556434 -20.8 11.069417161825449
      vertex 0.6314276634023981 -20.8 10.680401228643623
      vertex 0.7778046157628961 -20.8 10.611170086174786
    endloop
  endfacet
  facet normal 0 -1 0
    outer loop
      vertex 4.619397662556434 -20.8 11.069417161825449
      vertex 0.47896971746986283 -20.8 10.734951553958146
      vertex 0.6314276634023981 -20.8 10.680401228643623
    endloop
  endfacet
  facet normal 0 -1 0
    outer loop
      vertex 4.619397662556434 -20.8 11.069417161825449
      vertex 0.3218990313266116 -20.8 10.774295712665332
      vertex 0.47896971746986283 -20.8 10.734951553958146
    endloop
  endfacet
  facet normal 0 -1 0
    outer loop
      vertex 4.975923633360985 -20.8 9.646085701647804
      vertex 1.5789515539581445 -20.8 9.634969717469863
      vertex 1.6182957126653301 -20.8 9.477899031326611
    endloop
  endfacet
  facet normal 0 -1 0
    outer loop
      vertex 4.903926402016152 -20.8 10.131451610080642
      vertex 1.524401228643623 -20.8 9.787427663402399
      vertex 1.5789515539581445 -20.8 9.634969717469863
    endloop
  endfacet
  facet normal 0 -1 0
    outer loop
      vertex 4.903926402016152 -20.8 10.131451610080642
      vertex 1.3719248602991996 -20.8 10.072690884482345
      vertex 1.4551700861747858 -20.8 9.933804615762897
    endloop
  endfacet
  facet normal 0 -1 0
    outer loop
      vertex 4.903926402016152 -20.8 10.131451610080642
      vertex 1.4551700861747858 -20.8 9.933804615762897
      vertex 1.524401228643623 -20.8 9.787427663402399
    endloop
  endfacet
  facet normal 0 -1 0
    outer loop
      vertex 4.975923633360985 -20.8 9.646085701647804
      vertex 4.903926402016152 -20.8 10.131451610080642
      vertex 1.5789515539581445 -20.8 9.634969717469863
    endloop
  endfacet
  facet normal 0 -1 0
    outer loop
      vertex 4.784701678661044 -20.8 10.607423386272313
      vertex 1.275467248048516 -20.8 10.202748918870016
      vertex 1.3719248602991996 -20.8 10.072690884482345
    endloop
  endfacet
  facet normal 0 -1 0
    outer loop
      vertex 4.784701678661044 -20.8 10.607423386272313
      vertex 1.1667261889578033 -20.8 10.322726188957803
      vertex 1.275467248048516 -20.8 10.202748918870016
    endloop
  endfacet
  facet normal 0 -1 0
    outer loop
      vertex 4.784701678661044 -20.8 10.607423386272313
      vertex 0.9166908844823436 -20.8 10.5279248602992
      vertex 1.046748918870015 -20.8 10.431467248048516
    endloop
  endfacet
  facet normal 0 -1 0
    outer loop
      vertex 4.784701678661044 -20.8 10.607423386272313
      vertex 1.046748918870015 -20.8 10.431467248048516
      vertex 1.1667261889578033 -20.8 10.322726188957803
    endloop
  endfacet
  facet normal 0 -1 0
    outer loop
      vertex 4.619397662556434 -20.8 11.069417161825449
      vertex 0.7778046157628961 -20.8 10.611170086174786
      vertex 0.9166908844823436 -20.8 10.5279248602992
    endloop
  endfacet
  facet normal 0 -1 0
    outer loop
      vertex 4.903926402016152 -20.8 10.131451610080642
      vertex 4.784701678661044 -20.8 10.607423386272313
      vertex 1.3719248602991996 -20.8 10.072690884482345
    endloop
  endfacet
  facet normal 0 -1 0
    outer loop
      vertex 4.784701678661044 -20.8 10.607423386272313
      vertex 4.619397662556434 -20.8 11.069417161825449
      vertex 0.9166908844823436 -20.8 10.5279248602992
    endloop
  endfacet
  facet normal 0.9987954562051724 0 0.04906767432741708
    outer loop
      vertex 5 -20.8 9.156
      vertex 4.975923633360985 -16.8 9.646085701647804
      vertex 4.975923633360985 -20.8 9.646085701647804
    endloop
  endfacet
  facet normal 0.9987954562051724 0 0.04906767432741708
    outer loop
      vertex 5 -20.8 9.156
      vertex 5 -16.8 9.156
      vertex 4.975923633360985 -16.8 9.646085701647804
    endloop
  endfacet
  facet normal 0.9891765099647808 0 0.14673047445536286
    outer loop
      vertex 4.975923633360985 -20.8 9.646085701647804
      vertex 4.903926402016152 -16.8 10.131451610080642
      vertex 4.903926402016152 -20.8 10.131451610080642
    endloop
  endfacet
  facet normal 0.9891765099647808 0 0.14673047445536286
    outer loop
      vertex 4.975923633360985 -20.8 9.646085701647804
      vertex 4.975923633360985 -16.8 9.646085701647804
      vertex 4.903926402016152 -16.8 10.131451610080642
    endloop
  endfacet
  facet normal 0.9700312531945439 0 0.24298017990326456
    outer loop
      vertex 4.903926402016152 -20.8 10.131451610080642
      vertex 4.784701678661044 -16.8 10.607423386272313
      vertex 4.784701678661044 -20.8 10.607423386272313
    endloop
  endfacet
  facet normal 0.9700312531945439 0 0.24298017990326456
    outer loop
      vertex 4.903926402016152 -20.8 10.131451610080642
      vertex 4.903926402016152 -16.8 10.131451610080642
      vertex 4.784701678661044 -16.8 10.607423386272313
    endloop
  endfacet
  facet normal 0.9415440651830209 0 0.33688985339221966
    outer loop
      vertex 4.784701678661044 -20.8 10.607423386272313
      vertex 4.784701678661044 -16.8 10.607423386272313
      vertex 4.619397662556434 -16.8 11.069417161825449
    endloop
  endfacet
  facet normal 0 -1 0
    outer loop
      vertex -4.619397662556434 -20.8 11.069417161825449
      vertex 4.619397662556434 -20.8 11.069417161825449
      vertex 4.409606321741776 -20.8 11.512983684129988
    endloop
  endfacet
  facet normal 0 -1 0
    outer loop
      vertex -4.409606321741776 -20.8 11.512983684129988
      vertex 4.409606321741776 -20.8 11.512983684129988
      vertex 4.157348061512726 -20.8 11.933851165098012
    endloop
  endfacet
  facet normal 0 -1 0
    outer loop
      vertex -4.157348061512726 -20.8 11.933851165098012
      vertex 4.157348061512726 -20.8 11.933851165098012
      vertex 3.865052266813685 -20.8 12.327966420818228
    endloop
  endfacet
  facet normal 0.8032075314806445 0 0.5956993044924339
    outer loop
      vertex 3.865052266813685 -20.8 12.327966420818228
      vertex 4.157348061512726 -20.8 11.933851165098012
      vertex 3.865052266813685 -16.8 12.327966420818228
    endloop
  endfacet
  facet normal 0.8032075314806445 0 0.5956993044924339
    outer loop
      vertex 3.865052266813685 -16.8 12.327966420818228
      vertex 4.157348061512726 -20.8 11.933851165098012
      vertex 4.157348061512726 -16.8 11.933851165098012
    endloop
  endfacet
  facet normal 0 -1 0
    outer loop
      vertex -3.865052266813685 -20.8 12.327966420818228
      vertex 3.865052266813685 -20.8 12.327966420818228
      vertex 3.5355339059327378 -20.8 12.691533905932738
    endloop
  endfacet
  facet normal 0 -1 0
    outer loop
      vertex -3.5355339059327378 -20.8 12.691533905932738
      vertex 3.5355339059327378 -20.8 12.691533905932738
      vertex 3.1719664208182277 -20.8 13.021052266813685
    endloop
  endfacet
  facet normal 0 -1 0
    outer loop
      vertex -3.1719664208182277 -20.8 13.021052266813685
      vertex 3.1719664208182277 -20.8 13.021052266813685
      vertex 2.777851165098011 -20.8 13.313348061512727
    endloop
  endfacet
  facet normal 0 -1 0
    outer loop
      vertex -2.777851165098011 -20.8 13.313348061512727
      vertex 2.777851165098011 -20.8 13.313348061512727
      vertex 2.3569836841299883 -20.8 13.565606321741775
    endloop
  endfacet
  facet normal 0.7409511253549591 0 0.6715589548470183
    outer loop
      vertex 3.865052266813685 -20.8 12.327966420818228
      vertex 3.5355339059327378 -16.8 12.691533905932738
      vertex 3.5355339059327378 -20.8 12.691533905932738
    endloop
  endfacet
  facet normal 0.6715589548470179 0 0.7409511253549595
    outer loop
      vertex 3.5355339059327378 -20.8 12.691533905932738
      vertex 3.1719664208182277 -16.8 13.021052266813685
      vertex 3.1719664208182277 -20.8 13.021052266813685
    endloop
  endfacet
  facet normal 0.7409511253549591 0 0.6715589548470183
    outer loop
      vertex 3.865052266813685 -20.8 12.327966420818228
      vertex 3.865052266813685 -16.8 12.327966420818228
      vertex 3.5355339059327378 -16.8 12.691533905932738
    endloop
  endfacet
  facet normal 0.6715589548470179 0 0.7409511253549595
    outer loop
      vertex 3.5355339059327378 -20.8 12.691533905932738
      vertex 3.5355339059327378 -16.8 12.691533905932738
      vertex 3.1719664208182277 -16.8 13.021052266813685
    endloop
  endfacet
  facet normal 0.5956993044924336 0 0.8032075314806447
    outer loop
      vertex 2.777851165098011 -20.8 13.313348061512727
      vertex 3.1719664208182277 -20.8 13.021052266813685
      vertex 2.777851165098011 -16.8 13.313348061512727
    endloop
  endfacet
  facet normal 0.5141027441932211 0 0.8577286100002725
    outer loop
      vertex 2.3569836841299883 -20.8 13.565606321741775
      vertex 2.777851165098011 -20.8 13.313348061512727
      vertex 2.3569836841299883 -16.8 13.565606321741775
    endloop
  endfacet
  facet normal 0.5956993044924336 0 0.8032075314806447
    outer loop
      vertex 3.1719664208182277 -20.8 13.021052266813685
      vertex 3.1719664208182277 -16.8 13.021052266813685
      vertex 2.777851165098011 -16.8 13.313348061512727
    endloop
  endfacet
  facet normal 0.5141027441932211 0 0.8577286100002725
    outer loop
      vertex 2.777851165098011 -20.8 13.313348061512727
      vertex 2.777851165098011 -16.8 13.313348061512727
      vertex 2.3569836841299883 -16.8 13.565606321741775
    endloop
  endfacet
  facet normal 0.9415440651830209 0 0.33688985339221966
    outer loop
      vertex 4.784701678661044 -20.8 10.607423386272313
      vertex 4.619397662556434 -16.8 11.069417161825449
      vertex 4.619397662556434 -20.8 11.069417161825449
    endloop
  endfacet
  facet normal 0.9039892931234437 0 0.4275550934302813
    outer loop
      vertex 4.619397662556434 -20.8 11.069417161825449
      vertex 4.409606321741776 -16.8 11.512983684129988
      vertex 4.409606321741776 -20.8 11.512983684129988
    endloop
  endfacet
  facet normal 0.9039892931234437 0 0.4275550934302813
    outer loop
      vertex 4.619397662556434 -20.8 11.069417161825449
      vertex 4.619397662556434 -16.8 11.069417161825449
      vertex 4.409606321741776 -16.8 11.512983684129988
    endloop
  endfacet
  facet normal 0.8577286100002725 0 0.5141027441932213
    outer loop
      vertex 4.409606321741776 -20.8 11.512983684129988
      vertex 4.157348061512726 -16.8 11.933851165098012
      vertex 4.157348061512726 -20.8 11.933851165098012
    endloop
  endfacet
  facet normal 0.8577286100002725 0 0.5141027441932213
    outer loop
      vertex 4.409606321741776 -20.8 11.512983684129988
      vertex 4.409606321741776 -16.8 11.512983684129988
      vertex 4.157348061512726 -16.8 11.933851165098012
    endloop
  endfacet
  facet normal 0 -1 0
    outer loop
      vertex -1.913417161825449 -20.8 13.775397662556434
      vertex 1.913417161825449 -20.8 13.775397662556434
      vertex 1.4514233862723116 -20.8 13.940701678661044
    endloop
  endfacet
  facet normal 0 -1 0
    outer loop
      vertex -2.3569836841299883 -20.8 13.565606321741775
      vertex 2.3569836841299883 -20.8 13.565606321741775
      vertex 1.913417161825449 -20.8 13.775397662556434
    endloop
  endfacet
  facet normal 0 -1 0
    outer loop
      vertex -0.9754516100806412 -20.8 14.059926402016153
      vertex 0.9754516100806412 -20.8 14.059926402016153
      vertex 0.490085701647803 -20.8 14.131923633360985
    endloop
  endfacet
  facet normal 0 -1 0
    outer loop
      vertex -1.4514233862723116 -20.8 13.940701678661044
      vertex 1.4514233862723116 -20.8 13.940701678661044
      vertex 0.9754516100806412 -20.8 14.059926402016153
    endloop
  endfacet
  facet normal 0 -1 0
    outer loop
      vertex -0.490085701647803 -20.8 14.131923633360985
      vertex 0.490085701647803 -20.8 14.131923633360985
      vertex 0 -20.8 14.156
    endloop
  endfacet
  facet normal 0.04906767432741713 0 0.9987954562051724
    outer loop
      vertex 0.490085701647803 -20.8 14.131923633360985
      vertex 0 -16.8 14.156
      vertex 0 -20.8 14.156
    endloop
  endfacet
  facet normal 0.14673047445536283 0 0.9891765099647808
    outer loop
      vertex 0.490085701647803 -20.8 14.131923633360985
      vertex 0.9754516100806412 -20.8 14.059926402016153
      vertex 0.490085701647803 -16.8 14.131923633360985
    endloop
  endfacet
  facet normal 0.04906767432741713 0 0.9987954562051724
    outer loop
      vertex 0.490085701647803 -20.8 14.131923633360985
      vertex 0.490085701647803 -16.8 14.131923633360985
      vertex 0 -16.8 14.156
    endloop
  endfacet
  facet normal 0.14673047445536283 0 0.9891765099647808
    outer loop
      vertex 0.9754516100806412 -20.8 14.059926402016153
      vertex 0.9754516100806412 -16.8 14.059926402016153
      vertex 0.490085701647803 -16.8 14.131923633360985
    endloop
  endfacet
  facet normal 0.42755509343028314 0 0.9039892931234429
    outer loop
      vertex 2.3569836841299883 -20.8 13.565606321741775
      vertex 1.913417161825449 -16.8 13.775397662556434
      vertex 1.913417161825449 -20.8 13.775397662556434
    endloop
  endfacet
  facet normal 0.3368898533922188 0 0.9415440651830211
    outer loop
      vertex 1.4514233862723116 -20.8 13.940701678661044
      vertex 1.913417161825449 -20.8 13.775397662556434
      vertex 1.4514233862723116 -16.8 13.940701678661044
    endloop
  endfacet
  facet normal 0.24298017990326456 0 0.9700312531945439
    outer loop
      vertex 0.9754516100806412 -20.8 14.059926402016153
      vertex 1.4514233862723116 -20.8 13.940701678661044
      vertex 0.9754516100806412 -16.8 14.059926402016153
    endloop
  endfacet
  facet normal 0.3368898533922188 0 0.9415440651830211
    outer loop
      vertex 1.913417161825449 -20.8 13.775397662556434
      vertex 1.913417161825449 -16.8 13.775397662556434
      vertex 1.4514233862723116 -16.8 13.940701678661044
    endloop
  endfacet
  facet normal 0.24298017990326456 0 0.9700312531945439
    outer loop
      vertex 1.4514233862723116 -20.8 13.940701678661044
      vertex 1.4514233862723116 -16.8 13.940701678661044
      vertex 0.9754516100806412 -16.8 14.059926402016153
    endloop
  endfacet
  facet normal 0.42755509343028314 0 0.9039892931234429
    outer loop
      vertex 2.3569836841299883 -20.8 13.565606321741775
      vertex 2.3569836841299883 -16.8 13.565606321741775
      vertex 1.913417161825449 -16.8 13.775397662556434
    endloop
  endfacet
  facet normal 0.049067674327417134 0 -0.9987954562051725
    outer loop
      vertex 0 22.307067137809188 4.156000000000001
      vertex 0.490085701647803 24.8 4.180076366639016
      vertex 0.490085701647803 22.338970450493395 4.180076366639016
    endloop
  endfacet
  facet normal 0.14673047445536283 0 -0.9891765099647807
    outer loop
      vertex 0.490085701647803 22.338970450493395 4.180076366639016
      vertex 0.9754516100806412 24.8 4.252073597983848
      vertex 0.9754516100806412 22.43437314220475 4.252073597983848
    endloop
  endfacet
  facet normal 0.2429801799032646 0 -0.970031253194544
    outer loop
      vertex 0.9754516100806412 22.43437314220475 4.252073597983848
      vertex 1.4514233862723116 24.8 4.371298321338957
      vertex 1.4514233862723116 22.592356432869643 4.371298321338957
    endloop
  endfacet
  facet normal 0.049067674327417134 0 -0.9987954562051725
    outer loop
      vertex 0 22.307067137809188 4.156000000000001
      vertex 0 24.8 4.156000000000001
      vertex 0.490085701647803 24.8 4.180076366639016
    endloop
  endfacet
  facet normal 0.14673047445536283 0 -0.9891765099647808
    outer loop
      vertex 0.490085701647803 22.338970450493395 4.180076366639016
      vertex 0.490085701647803 24.8 4.180076366639016
      vertex 0.9754516100806412 24.8 4.252073597983848
    endloop
  endfacet
  facet normal 0 1 0
    outer loop
      vertex -0.490085701647803 24.8 4.180076366639016
      vertex 0.490085701647803 24.8 4.180076366639016
      vertex 0 24.8 4.156000000000001
    endloop
  endfacet
  facet normal 0 1 0
    outer loop
      vertex -0.9754516100806412 24.8 4.252073597983848
      vertex 0.9754516100806412 24.8 4.252073597983848
      vertex 0.490085701647803 24.8 4.180076366639016
    endloop
  endfacet
  facet normal 0 1 0
    outer loop
      vertex -1.4514233862723116 24.8 4.371298321338957
      vertex 1.4514233862723116 24.8 4.371298321338957
      vertex 0.9754516100806412 24.8 4.252073597983848
    endloop
  endfacet
  facet normal 0 1 0
    outer loop
      vertex -1.913417161825449 24.8 4.536602337443567
      vertex 1.913417161825449 24.8 4.536602337443567
      vertex 1.4514233862723116 24.8 4.371298321338957
    endloop
  endfacet
  facet normal 0 1 0
    outer loop
      vertex -2.3569836841299883 24.8 4.746393678258225
      vertex 2.3569836841299883 24.8 4.746393678258225
      vertex 1.913417161825449 24.8 4.536602337443567
    endloop
  endfacet
  facet normal 0.2429801799032646 0 -0.9700312531945439
    outer loop
      vertex 0.9754516100806412 22.43437314220475 4.252073597983848
      vertex 0.9754516100806412 24.8 4.252073597983848
      vertex 1.4514233862723116 24.8 4.371298321338957
    endloop
  endfacet
  facet normal 0.3368898533922188 0 -0.9415440651830213
    outer loop
      vertex 1.4514233862723116 22.592356432869643 4.371298321338957
      vertex 1.4514233862723116 24.8 4.371298321338957
      vertex 1.913417161825449 24.8 4.536602337443567
    endloop
  endfacet
  facet normal 0.3368898533922188 0 -0.9415440651830211
    outer loop
      vertex 1.4514233862723116 22.592356432869643 4.371298321338957
      vertex 1.913417161825449 24.8 4.536602337443567
      vertex 1.913417161825449 22.81139885703653 4.536602337443567
    endloop
  endfacet
  facet normal 0.42755509343028164 0 -0.9039892931234436
    outer loop
      vertex 1.913417161825449 22.81139885703653 4.536602337443567
      vertex 1.913417161825449 24.8 4.536602337443567
      vertex 2.3569836841299883 24.8 4.746393678258225
    endloop
  endfacet
  facet normal 0 1 0
    outer loop
      vertex -2.777851165098011 24.8 4.998651938487274
      vertex 2.777851165098011 24.8 4.998651938487274
      vertex 2.3569836841299883 24.8 4.746393678258225
    endloop
  endfacet
  facet normal 0 1 0
    outer loop
      vertex -3.1719664208182277 24.8 5.290947733186316
      vertex 3 24.8 5.1634087432460305
      vertex 2.777851165098011 24.8 4.998651938487274
    endloop
  endfacet
  facet normal 0.4275550934302816 0 -0.9039892931234434
    outer loop
      vertex 1.913417161825449 22.81139885703653 4.536602337443567
      vertex 2.3569836841299883 24.8 4.746393678258225
      vertex 2.3569836841299883 23.08939091641991 4.746393678258225
    endloop
  endfacet
  facet normal 0.5141027441932223 0 -0.8577286100002716
    outer loop
      vertex 2.3569836841299883 23.08939091641991 4.746393678258225
      vertex 2.3569836841299883 24.8 4.746393678258225
      vertex 2.777851165098011 24.8 4.998651938487274
    endloop
  endfacet
  facet normal 0.5141027441932224 0 -0.8577286100002717
    outer loop
      vertex 2.3569836841299883 23.08939091641991 4.746393678258225
      vertex 2.777851165098011 24.8 4.998651938487274
      vertex 2.777851165098011 23.423655395522005 4.998651938487274
    endloop
  endfacet
  facet normal 0.5956993044924328 0 -0.8032075314806453
    outer loop
      vertex 2.777851165098011 23.423655395522005 4.998651938487274
      vertex 2.777851165098011 24.8 4.998651938487274
      vertex 3 23.641972716315408 5.1634087432460305
    endloop
  endfacet
  facet normal 0.5956993044924329 0 -0.8032075314806453
    outer loop
      vertex 2.777851165098011 24.8 4.998651938487274
      vertex 3 24.8 5.1634087432460305
      vertex 3 23.641972716315408 5.1634087432460305
    endloop
  endfacet
  facet normal 0.9987954562051724 0 0.04906767432741708
    outer loop
      vertex 5 16.8 9.156
      vertex 4.975923633360985 20.8 9.646085701647804
      vertex 4.975923633360985 16.8 9.646085701647804
    endloop
  endfacet
  facet normal 0.9987954562051724 0 0.04906767432741708
    outer loop
      vertex 5 16.8 9.156
      vertex 5 20.8 9.156
      vertex 4.975923633360985 20.8 9.646085701647804
    endloop
  endfacet
  facet normal 0.9891765099647808 0 0.14673047445536286
    outer loop
      vertex 4.975923633360985 16.8 9.646085701647804
      vertex 4.903926402016152 20.8 10.131451610080642
      vertex 4.903926402016152 16.8 10.131451610080642
    endloop
  endfacet
  facet normal 0.9891765099647808 0 0.14673047445536286
    outer loop
      vertex 4.975923633360985 16.8 9.646085701647804
      vertex 4.975923633360985 20.8 9.646085701647804
      vertex 4.903926402016152 20.8 10.131451610080642
    endloop
  endfacet
  facet normal 0.9700312531945439 0 0.24298017990326456
    outer loop
      vertex 4.903926402016152 16.8 10.131451610080642
      vertex 4.784701678661044 20.8 10.607423386272313
      vertex 4.784701678661044 16.8 10.607423386272313
    endloop
  endfacet
  facet normal 0.9700312531945439 0 0.24298017990326456
    outer loop
      vertex 4.903926402016152 16.8 10.131451610080642
      vertex 4.903926402016152 20.8 10.131451610080642
      vertex 4.784701678661044 20.8 10.607423386272313
    endloop
  endfacet
  facet normal 0.9415440651830209 0 0.33688985339221966
    outer loop
      vertex 4.784701678661044 16.8 10.607423386272313
      vertex 4.784701678661044 20.8 10.607423386272313
      vertex 4.619397662556434 20.8 11.069417161825449
    endloop
  endfacet
  facet normal 0 1 0
    outer loop
      vertex -3.865052266813685 24.8 5.984033579181773
      vertex 3 24.8 6.0373333333333346
      vertex 3 24.8 5.1634087432460305
    endloop
  endfacet
  facet normal 0 1 0
    outer loop
      vertex 1.524401228643623 24.8 9.787427663402399
      vertex 3 24.8 9.156
      vertex 1.5789515539581445 24.8 9.634969717469863
    endloop
  endfacet
  facet normal 0 1 0
    outer loop
      vertex 3 24.8 9.156
      vertex 1.65 24.8 9.156
      vertex 1.6420547990091248 24.8 9.317728281543776
    endloop
  endfacet
  facet normal 0 1 0
    outer loop
      vertex 1.6182957126653301 24.8 9.477899031326611
      vertex 3 24.8 9.156
      vertex 1.6420547990091248 24.8 9.317728281543776
    endloop
  endfacet
  facet normal 0 1 0
    outer loop
      vertex 3 24.8 9.156
      vertex 1.6182957126653301 24.8 9.477899031326611
      vertex 1.5789515539581445 24.8 9.634969717469863
    endloop
  endfacet
  facet normal 0 1 0
    outer loop
      vertex 1.4551700861747858 24.8 9.933804615762897
      vertex 3 24.8 9.156
      vertex 1.524401228643623 24.8 9.787427663402399
    endloop
  endfacet
  facet normal 0 1 0
    outer loop
      vertex 3 24.8 9.156
      vertex 1.4551700861747858 24.8 9.933804615762897
      vertex 1.3719248602991996 24.8 10.072690884482345
    endloop
  endfacet
  facet normal 0 1 0
    outer loop
      vertex 1.275467248048516 24.8 10.202748918870016
      vertex 3 24.8 9.156
      vertex 1.3719248602991996 24.8 10.072690884482345
    endloop
  endfacet
  facet normal 0 1 0
    outer loop
      vertex 1.1667261889578033 24.8 10.322726188957803
      vertex 3 24.8 9.156
      vertex 1.275467248048516 24.8 10.202748918870016
    endloop
  endfacet
  facet normal 0 1 0
    outer loop
      vertex 1.1667261889578033 24.8 10.322726188957803
      vertex 3 24.8 13.14859125675397
      vertex 3 24.8 9.156
    endloop
  endfacet
  facet normal 0.8032075314806445 0 0.5956993044924339
    outer loop
      vertex 3.865052266813685 16.8 12.327966420818228
      vertex 4.157348061512726 16.8 11.933851165098012
      vertex 3.865052266813685 20.8 12.327966420818228
    endloop
  endfacet
  facet normal 0.8032075314806445 0 0.5956993044924339
    outer loop
      vertex 4.157348061512726 16.8 11.933851165098012
      vertex 4.157348061512726 20.8 11.933851165098012
      vertex 3.865052266813685 20.8 12.327966420818228
    endloop
  endfacet
  facet normal 0.7409511253549591 0 0.6715589548470183
    outer loop
      vertex 3.865052266813685 16.8 12.327966420818228
      vertex 3.5355339059327378 20.8 12.691533905932738
      vertex 3.5355339059327378 16.8 12.691533905932738
    endloop
  endfacet
  facet normal 0.6715589548470179 0 0.7409511253549595
    outer loop
      vertex 3.5355339059327378 16.8 12.691533905932738
      vertex 3.1719664208182277 20.8 13.021052266813685
      vertex 3.1719664208182277 16.8 13.021052266813685
    endloop
  endfacet
  facet normal 0.7409511253549591 0 0.6715589548470183
    outer loop
      vertex 3.865052266813685 16.8 12.327966420818228
      vertex 3.865052266813685 20.8 12.327966420818228
      vertex 3.5355339059327378 20.8 12.691533905932738
    endloop
  endfacet
  facet normal 0.6715589548470179 0 0.7409511253549595
    outer loop
      vertex 3.5355339059327378 16.8 12.691533905932738
      vertex 3.5355339059327378 20.8 12.691533905932738
      vertex 3.1719664208182277 20.8 13.021052266813685
    endloop
  endfacet
  facet normal 0.5956993044924336 0 0.8032075314806447
    outer loop
      vertex 2.777851165098011 16.8 13.313348061512727
      vertex 3.1719664208182277 16.8 13.021052266813685
      vertex 2.777851165098011 24.8 13.313348061512727
    endloop
  endfacet
  facet normal 0.5141027441932211 0 0.8577286100002725
    outer loop
      vertex 2.3569836841299883 16.8 13.565606321741775
      vertex 2.777851165098011 16.8 13.313348061512727
      vertex 2.3569836841299883 24.8 13.565606321741775
    endloop
  endfacet
  facet normal 0.5956993044924346 0 0.8032075314806439
    outer loop
      vertex 3.1719664208182277 16.8 13.021052266813685
      vertex 3.1719664208182277 20.8 13.021052266813685
      vertex 3 20.8 13.14859125675397
    endloop
  endfacet
  facet normal 0.5956993044924268 -4.99780127258789e-16 0.8032075314806498
    outer loop
      vertex 3.1719664208182277 16.8 13.021052266813685
      vertex 3 20.8 13.14859125675397
      vertex 2.777851165098011 24.8 13.313348061512727
    endloop
  endfacet
  facet normal 0.9415440651830209 0 0.33688985339221966
    outer loop
      vertex 4.784701678661044 16.8 10.607423386272313
      vertex 4.619397662556434 20.8 11.069417161825449
      vertex 4.619397662556434 16.8 11.069417161825449
    endloop
  endfacet
  facet normal 0.9039892931234437 0 0.4275550934302813
    outer loop
      vertex 4.619397662556434 16.8 11.069417161825449
      vertex 4.409606321741776 20.8 11.512983684129988
      vertex 4.409606321741776 16.8 11.512983684129988
    endloop
  endfacet
  facet normal 0.9039892931234437 0 0.4275550934302813
    outer loop
      vertex 4.619397662556434 16.8 11.069417161825449
      vertex 4.619397662556434 20.8 11.069417161825449
      vertex 4.409606321741776 20.8 11.512983684129988
    endloop
  endfacet
  facet normal 0.8577286100002725 0 0.5141027441932213
    outer loop
      vertex 4.409606321741776 16.8 11.512983684129988
      vertex 4.157348061512726 20.8 11.933851165098012
      vertex 4.157348061512726 16.8 11.933851165098012
    endloop
  endfacet
  facet normal 0.8577286100002725 0 0.5141027441932213
    outer loop
      vertex 4.409606321741776 16.8 11.512983684129988
      vertex 4.409606321741776 20.8 11.512983684129988
      vertex 4.157348061512726 20.8 11.933851165098012
    endloop
  endfacet
  facet normal 0.04906767432741713 0 0.9987954562051724
    outer loop
      vertex 0.490085701647803 16.8 14.131923633360985
      vertex 0 24.8 14.156
      vertex 0 16.8 14.156
    endloop
  endfacet
  facet normal 0.14673047445536283 0 0.9891765099647808
    outer loop
      vertex 0.490085701647803 16.8 14.131923633360985
      vertex 0.9754516100806412 16.8 14.059926402016153
      vertex 0.490085701647803 24.8 14.131923633360985
    endloop
  endfacet
  facet normal 0.42755509343028314 0 0.9039892931234429
    outer loop
      vertex 2.3569836841299883 16.8 13.565606321741775
      vertex 1.913417161825449 24.8 13.775397662556434
      vertex 1.913417161825449 16.8 13.775397662556434
    endloop
  endfacet
  facet normal 0.3368898533922188 0 0.9415440651830211
    outer loop
      vertex 1.4514233862723116 16.8 13.940701678661044
      vertex 1.913417161825449 16.8 13.775397662556434
      vertex 1.4514233862723116 24.8 13.940701678661044
    endloop
  endfacet
  facet normal 0.24298017990326456 0 0.9700312531945439
    outer loop
      vertex 0.9754516100806412 16.8 14.059926402016153
      vertex 1.4514233862723116 16.8 13.940701678661044
      vertex 0.9754516100806412 24.8 14.059926402016153
    endloop
  endfacet
  facet normal 0 1 0
    outer loop
      vertex 3 24.8 13.14859125675397
      vertex 0.3218990313266116 24.8 10.774295712665332
      vertex 0.161728281543775 24.8 10.798054799009126
    endloop
  endfacet
  facet normal 0 1 0
    outer loop
      vertex 3 24.8 13.14859125675397
      vertex 0.47896971746986283 24.8 10.734951553958146
      vertex 0.3218990313266116 24.8 10.774295712665332
    endloop
  endfacet
  facet normal 0 1 0
    outer loop
      vertex 3 24.8 13.14859125675397
      vertex 0.7778046157628961 24.8 10.611170086174786
      vertex 0.6314276634023981 24.8 10.680401228643623
    endloop
  endfacet
  facet normal 0 1 0
    outer loop
      vertex 3 24.8 13.14859125675397
      vertex 0.6314276634023981 24.8 10.680401228643623
      vertex 0.47896971746986283 24.8 10.734951553958146
    endloop
  endfacet
  facet normal 0 1 0
    outer loop
      vertex 3 24.8 13.14859125675397
      vertex 1.1667261889578033 24.8 10.322726188957803
      vertex 1.046748918870015 24.8 10.431467248048516
    endloop
  endfacet
  facet normal 0 1 0
    outer loop
      vertex 3 24.8 13.14859125675397
      vertex 1.046748918870015 24.8 10.431467248048516
      vertex 0.9166908844823436 24.8 10.5279248602992
    endloop
  endfacet
  facet normal 0 1 0
    outer loop
      vertex 0.7778046157628961 24.8 10.611170086174786
      vertex 3 24.8 13.14859125675397
      vertex 0.9166908844823436 24.8 10.5279248602992
    endloop
  endfacet
  facet normal 0 1 0
    outer loop
      vertex -2.777851165098011 24.8 13.313348061512727
      vertex 2.777851165098011 24.8 13.313348061512727
      vertex 3 24.8 13.14859125675397
    endloop
  endfacet
  facet normal 0 1 0
    outer loop
      vertex -2.3569836841299883 24.8 13.565606321741775
      vertex 2.3569836841299883 24.8 13.565606321741775
      vertex 2.777851165098011 24.8 13.313348061512727
    endloop
  endfacet
  facet normal 0.5141027441932211 0 0.8577286100002725
    outer loop
      vertex 2.777851165098011 16.8 13.313348061512727
      vertex 2.777851165098011 24.8 13.313348061512727
      vertex 2.3569836841299883 24.8 13.565606321741775
    endloop
  endfacet
  facet normal 0.5956993044924328 0 0.8032075314806453
    outer loop
      vertex 2.777851165098011 24.8 13.313348061512727
      vertex 3 20.8 13.14859125675397
      vertex 3 24.8 13.14859125675397
    endloop
  endfacet
  facet normal 0.04906767432741713 0 0.9987954562051724
    outer loop
      vertex 0.490085701647803 16.8 14.131923633360985
      vertex 0.490085701647803 24.8 14.131923633360985
      vertex 0 24.8 14.156
    endloop
  endfacet
  facet normal 0.14673047445536283 0 0.9891765099647808
    outer loop
      vertex 0.9754516100806412 16.8 14.059926402016153
      vertex 0.9754516100806412 24.8 14.059926402016153
      vertex 0.490085701647803 24.8 14.131923633360985
    endloop
  endfacet
  facet normal 0.3368898533922188 0 0.9415440651830211
    outer loop
      vertex 1.913417161825449 16.8 13.775397662556434
      vertex 1.913417161825449 24.8 13.775397662556434
      vertex 1.4514233862723116 24.8 13.940701678661044
    endloop
  endfacet
  facet normal 0.24298017990326456 0 0.9700312531945439
    outer loop
      vertex 1.4514233862723116 16.8 13.940701678661044
      vertex 1.4514233862723116 24.8 13.940701678661044
      vertex 0.9754516100806412 24.8 14.059926402016153
    endloop
  endfacet
  facet normal 0 1 0
    outer loop
      vertex -1.913417161825449 24.8 13.775397662556434
      vertex 1.913417161825449 24.8 13.775397662556434
      vertex 2.3569836841299883 24.8 13.565606321741775
    endloop
  endfacet
  facet normal 0 1 0
    outer loop
      vertex -1.4514233862723116 24.8 13.940701678661044
      vertex 1.4514233862723116 24.8 13.940701678661044
      vertex 1.913417161825449 24.8 13.775397662556434
    endloop
  endfacet
  facet normal 0 1 0
    outer loop
      vertex -0.9754516100806412 24.8 14.059926402016153
      vertex 0.9754516100806412 24.8 14.059926402016153
      vertex 1.4514233862723116 24.8 13.940701678661044
    endloop
  endfacet
  facet normal 0 1 0
    outer loop
      vertex -0.490085701647803 24.8 14.131923633360985
      vertex 0.490085701647803 24.8 14.131923633360985
      vertex 0.9754516100806412 24.8 14.059926402016153
    endloop
  endfacet
  facet normal 0 1 0
    outer loop
      vertex -0.490085701647803 24.8 14.131923633360985
      vertex 0 24.8 14.156
      vertex 0.490085701647803 24.8 14.131923633360985
    endloop
  endfacet
  facet normal 0.42755509343028314 0 0.9039892931234429
    outer loop
      vertex 2.3569836841299883 16.8 13.565606321741775
      vertex 2.3569836841299883 24.8 13.565606321741775
      vertex 1.913417161825449 24.8 13.775397662556434
    endloop
  endfacet
  facet normal 0 1 0
    outer loop
      vertex -31.25 -15 1.8
      vertex -31.25 -15 1.9000000000000001
      vertex -31.15 -15 1.8
    endloop
  endfacet
  facet normal 0 1 0
    outer loop
      vertex -31.15 -15 1.8
      vertex -31.25 -15 1.9000000000000001
      vertex -1.1500000000000004 -15 4.3
    endloop
  endfacet
  facet normal 0 0 1
    outer loop
      vertex -31.25 -15 1.8
      vertex -31.15 -15 1.8
      vertex -31.25 15 1.8
    endloop
  endfacet
  facet normal 1 0 0
    outer loop
      vertex -31.25 -15 1.8
      vertex -31.25 15 1.8
      vertex -31.25 -15 1.9000000000000001
    endloop
  endfacet
  facet normal 0 1 0
    outer loop
      vertex -31.25 -15 1.9000000000000001
      vertex -1.160297261410229 -15 7.9834469707596245
      vertex -1.1500000000000004 -15 4.3
    endloop
  endfacet
  facet normal 0 1 0
    outer loop
      vertex -31.25 -15 1.9000000000000001
      vertex -1.1667261889578033 -15 7.989273811042198
      vertex -1.160297261410229 -15 7.9834469707596245
    endloop
  endfacet
  facet normal 0 1 0
    outer loop
      vertex -31.25 -15 1.9000000000000001
      vertex -1.275467248048516 -15 8.109251081129985
      vertex -1.1667261889578033 -15 7.989273811042198
    endloop
  endfacet
  facet normal 0 1 0
    outer loop
      vertex -31.25 -15 1.9000000000000001
      vertex -1.3719248602991996 -15 8.239309115517656
      vertex -1.275467248048516 -15 8.109251081129985
    endloop
  endfacet
  facet normal 0 1 0
    outer loop
      vertex -31.25 -15 1.9000000000000001
      vertex -1.4551700861747858 -15 8.378195384237104
      vertex -1.3719248602991996 -15 8.239309115517656
    endloop
  endfacet
  facet normal 0 1 0
    outer loop
      vertex -31.25 -15 1.9000000000000001
      vertex -1.524401228643623 -15 8.524572336597602
      vertex -1.4551700861747858 -15 8.378195384237104
    endloop
  endfacet
  facet normal 0 1 0
    outer loop
      vertex -31.25 -15 1.9000000000000001
      vertex -1.5789515539581445 -15 8.677030282530138
      vertex -1.524401228643623 -15 8.524572336597602
    endloop
  endfacet
  facet normal 0 1 0
    outer loop
      vertex -31.25 -15 1.9000000000000001
      vertex -1.6182957126653301 -15 8.83410096867339
      vertex -1.5789515539581445 -15 8.677030282530138
    endloop
  endfacet
  facet normal 0 1 0
    outer loop
      vertex -31.25 -15 1.9000000000000001
      vertex -1.6420547990091248 -15 8.994271718456226
      vertex -1.6182957126653301 -15 8.83410096867339
    endloop
  endfacet
  facet normal 0 1 0
    outer loop
      vertex -31.25 -15 1.9000000000000001
      vertex -1.65 -15 9.156
      vertex -1.6420547990091248 -15 8.994271718456226
    endloop
  endfacet
  facet normal 0 1 0
    outer loop
      vertex -31.25 -15 1.9000000000000001
      vertex -1.6420547990091248 -15 9.317728281543776
      vertex -1.65 -15 9.156
    endloop
  endfacet
  facet normal 0 1 0
    outer loop
      vertex -31.25 -15 1.9000000000000001
      vertex -1.6182957126653301 -15 9.477899031326611
      vertex -1.6420547990091248 -15 9.317728281543776
    endloop
  endfacet
  facet normal 0 1 0
    outer loop
      vertex -31.25 -15 1.9000000000000001
      vertex -1.5789515539581445 -15 9.634969717469863
      vertex -1.6182957126653301 -15 9.477899031326611
    endloop
  endfacet
  facet normal 0 1 0
    outer loop
      vertex -31.25 -15 1.9000000000000001
      vertex -1.524401228643623 -15 9.787427663402399
      vertex -1.5789515539581445 -15 9.634969717469863
    endloop
  endfacet
  facet normal 0 1 0
    outer loop
      vertex -31.25 -15 1.9000000000000001
      vertex -1.4551700861747858 -15 9.933804615762897
      vertex -1.524401228643623 -15 9.787427663402399
    endloop
  endfacet
  facet normal 0 1 0
    outer loop
      vertex -31.25 -15 1.9000000000000001
      vertex -1.3719248602991996 -15 10.072690884482345
      vertex -1.4551700861747858 -15 9.933804615762897
    endloop
  endfacet
  facet normal 0 1 0
    outer loop
      vertex -31.25 -15 1.9000000000000001
      vertex -1.275467248048516 -15 10.202748918870016
      vertex -1.3719248602991996 -15 10.072690884482345
    endloop
  endfacet
  facet normal 0 1 0
    outer loop
      vertex -1.1500000000000004 -15 4.3
      vertex -1.160297261410229 -15 7.9834469707596245
      vertex -1.1500000000000004 -15 4.4
    endloop
  endfacet
  facet normal -0.08304547985373997 0 0.9965457582448797
    outer loop
      vertex -31.15 -15 1.8
      vertex -1.1500000000000004 -15 4.3
      vertex -1.1500000000000004 15 4.3
    endloop
  endfacet
  facet normal -1 0 0
    outer loop
      vertex -1.1500000000000004 -15 4.3
      vertex -1.1500000000000004 -15 4.4
      vertex -1.1500000000000004 15 4.3
    endloop
  endfacet
  facet normal -0.9999958713427839 0 -0.002873551354433223
    outer loop
      vertex -1.1500000000000004 -15 4.4
      vertex -1.160297261410229 -15 7.9834469707596245
      vertex -1.160297261410229 15 7.9834469707596245
    endloop
  endfacet
  facet normal 0 1 0
    outer loop
      vertex -31.25 -15 1.9000000000000001
      vertex -31.2 -15 21.8
      vertex -1.1999999999999993 -15 21.8
    endloop
  endfacet
  facet normal 0.9999968435289978 0 -0.0025125548832387232
    outer loop
      vertex -31.25 -15 1.9000000000000001
      vertex -31.2 15 21.8
      vertex -31.2 -15 21.8
    endloop
  endfacet
  facet normal 0 1 0
    outer loop
      vertex -31.25 -15 1.9000000000000001
      vertex -1.1999999999999993 -15 21.8
      vertex -1.275467248048516 -15 10.202748918870016
    endloop
  endfacet
  facet normal 0 1 0
    outer loop
      vertex -1.275467248048516 -15 10.202748918870016
      vertex -1.1999999999999993 -15 21.8
      vertex -1.1670184016721574 -15 10.322403781910767
    endloop
  endfacet
  facet normal -0.9999958713427839 0 -0.002873551354433221
    outer loop
      vertex -1.1670184016721574 -15 10.322403781910767
      vertex -1.1999999999999993 -15 21.8
      vertex -1.1999999999999993 15 21.8
    endloop
  endfacet
  facet normal 1 0 0
    outer loop
      vertex -31.25 -15 1.9000000000000001
      vertex -31.25 15 1.8
      vertex -31.25 15 1.9000000000000001
    endloop
  endfacet
  facet normal 0 0 1
    outer loop
      vertex -31.15 -15 1.8
      vertex -31.15 15 1.8
      vertex -31.25 15 1.8
    endloop
  endfacet
  facet normal -0.08304547985373997 0 0.9965457582448797
    outer loop
      vertex -31.15 -15 1.8
      vertex -1.1500000000000004 15 4.3
      vertex -31.15 15 1.8
    endloop
  endfacet
  facet normal 0.9999968435289978 0 -0.0025125548832387232
    outer loop
      vertex -31.25 -15 1.9000000000000001
      vertex -31.25 15 1.9000000000000001
      vertex -31.2 15 21.8
    endloop
  endfacet
  facet normal 0 -1 0
    outer loop
      vertex -31.25 15 1.8
      vertex -31.15 15 1.8
      vertex -1.1500000000000004 15 4.3
    endloop
  endfacet
  facet normal 0 -1 0
    outer loop
      vertex -31.25 15 1.8
      vertex -31.2 15 21.8
      vertex -31.25 15 1.9000000000000001
    endloop
  endfacet
  facet normal -1 0 0
    outer loop
      vertex -1.1500000000000004 -15 4.4
      vertex -1.1500000000000004 15 4.4
      vertex -1.1500000000000004 15 4.3
    endloop
  endfacet
  facet normal -0.9999958713427839 0 -0.002873551354433223
    outer loop
      vertex -1.1500000000000004 -15 4.4
      vertex -1.160297261410229 15 7.9834469707596245
      vertex -1.1500000000000004 15 4.4
    endloop
  endfacet
  facet normal 0 -1 0
    outer loop
      vertex -31.25 15 1.8
      vertex -1.1500000000000004 15 4.3
      vertex -1.1667261889578033 15 7.989273811042198
    endloop
  endfacet
  facet normal 0 -1 0
    outer loop
      vertex -31.25 15 1.8
      vertex -1.1667261889578033 15 7.989273811042198
      vertex -1.275467248048516 15 8.109251081129985
    endloop
  endfacet
  facet normal 0 -1 0
    outer loop
      vertex -31.25 15 1.8
      vertex -1.275467248048516 15 8.109251081129985
      vertex -1.3719248602991996 15 8.239309115517656
    endloop
  endfacet
  facet normal 0 -1 0
    outer loop
      vertex -31.25 15 1.8
      vertex -1.3719248602991996 15 8.239309115517656
      vertex -1.4551700861747858 15 8.378195384237104
    endloop
  endfacet
  facet normal 0 -1 0
    outer loop
      vertex -31.25 15 1.8
      vertex -1.4551700861747858 15 8.378195384237104
      vertex -1.524401228643623 15 8.524572336597602
    endloop
  endfacet
  facet normal 0 -1 0
    outer loop
      vertex -31.25 15 1.8
      vertex -1.524401228643623 15 8.524572336597602
      vertex -1.5789515539581445 15 8.677030282530138
    endloop
  endfacet
  facet normal 0 -1 0
    outer loop
      vertex -31.25 15 1.8
      vertex -1.5789515539581445 15 8.677030282530138
      vertex -1.6182957126653301 15 8.83410096867339
    endloop
  endfacet
  facet normal 0 -1 0
    outer loop
      vertex -31.25 15 1.8
      vertex -1.6182957126653301 15 8.83410096867339
      vertex -1.6420547990091248 15 8.994271718456226
    endloop
  endfacet
  facet normal 0 -1 0
    outer loop
      vertex -31.25 15 1.8
      vertex -1.6420547990091248 15 8.994271718456226
      vertex -1.65 15 9.156
    endloop
  endfacet
  facet normal 0 -1 0
    outer loop
      vertex -31.25 15 1.8
      vertex -1.65 15 9.156
      vertex -1.6420547990091248 15 9.317728281543776
    endloop
  endfacet
  facet normal 0 -1 0
    outer loop
      vertex -31.25 15 1.8
      vertex -1.6420547990091248 15 9.317728281543776
      vertex -1.6182957126653301 15 9.477899031326611
    endloop
  endfacet
  facet normal 0 -1 0
    outer loop
      vertex -31.25 15 1.8
      vertex -1.6182957126653301 15 9.477899031326611
      vertex -1.5789515539581445 15 9.634969717469863
    endloop
  endfacet
  facet normal 0 -1 0
    outer loop
      vertex -31.25 15 1.8
      vertex -1.5789515539581445 15 9.634969717469863
      vertex -1.524401228643623 15 9.787427663402399
    endloop
  endfacet
  facet normal 0 -1 0
    outer loop
      vertex -31.25 15 1.8
      vertex -1.524401228643623 15 9.787427663402399
      vertex -1.4551700861747858 15 9.933804615762897
    endloop
  endfacet
  facet normal 0 -1 0
    outer loop
      vertex -31.25 15 1.8
      vertex -1.4551700861747858 15 9.933804615762897
      vertex -1.3719248602991996 15 10.072690884482345
    endloop
  endfacet
  facet normal 0 -1 0
    outer loop
      vertex -31.25 15 1.8
      vertex -1.3719248602991996 15 10.072690884482345
      vertex -1.275467248048516 15 10.202748918870016
    endloop
  endfacet
  facet normal 0 -1 0
    outer loop
      vertex -31.25 15 1.8
      vertex -1.275467248048516 15 10.202748918870016
      vertex -1.1670184016721574 15 10.322403781910767
    endloop
  endfacet
  facet normal 0 -1 0
    outer loop
      vertex -1.1500000000000004 15 4.3
      vertex -1.1500000000000004 15 4.4
      vertex -1.1667261889578033 15 7.989273811042198
    endloop
  endfacet
  facet normal 0 -1 0
    outer loop
      vertex -1.1500000000000004 15 4.4
      vertex -1.160297261410229 15 7.9834469707596245
      vertex -1.1667261889578033 15 7.989273811042198
    endloop
  endfacet
  facet normal 0 -1 0
    outer loop
      vertex -31.25 15 1.8
      vertex -1.1999999999999993 15 21.8
      vertex -31.2 15 21.8
    endloop
  endfacet
  facet normal -0.9999958713427839 0 -0.002873551354433221
    outer loop
      vertex -1.1670184016721574 -15 10.322403781910767
      vertex -1.1999999999999993 15 21.8
      vertex -1.1670184016721574 15 10.322403781910767
    endloop
  endfacet
  facet normal 0 -1 0
    outer loop
      vertex -31.25 15 1.8
      vertex -1.1670184016721574 15 10.322403781910767
      vertex -1.1999999999999993 15 21.8
    endloop
  endfacet
  facet normal 0 1 0
    outer loop
      vertex 1.1499999999999986 -15 4.3
      vertex 1.1667261889578033 -15 7.989273811042198
      vertex 31.25 -15 1.8
    endloop
  endfacet
  facet normal 0 1 0
    outer loop
      vertex 1.1499999999999986 -15 4.3
      vertex 1.1499999999999986 -15 4.4
      vertex 1.1667261889578033 -15 7.989273811042198
    endloop
  endfacet
  facet normal 0 1 0
    outer loop
      vertex 1.1499999999999986 -15 4.4
      vertex 1.1602972614102276 -15 7.983446970759624
      vertex 1.1667261889578033 -15 7.989273811042198
    endloop
  endfacet
  facet normal 0 1 0
    outer loop
      vertex 1.1667261889578033 -15 7.989273811042198
      vertex 1.275467248048516 -15 8.109251081129985
      vertex 31.25 -15 1.8
    endloop
  endfacet
  facet normal 0 1 0
    outer loop
      vertex 1.275467248048516 -15 8.109251081129985
      vertex 1.3719248602991996 -15 8.239309115517656
      vertex 31.25 -15 1.8
    endloop
  endfacet
  facet normal 0 1 0
    outer loop
      vertex 1.3719248602991996 -15 8.239309115517656
      vertex 1.4551700861747858 -15 8.378195384237104
      vertex 31.25 -15 1.8
    endloop
  endfacet
  facet normal 0 1 0
    outer loop
      vertex 1.4551700861747858 -15 8.378195384237104
      vertex 1.524401228643623 -15 8.524572336597602
      vertex 31.25 -15 1.8
    endloop
  endfacet
  facet normal 0 1 0
    outer loop
      vertex 1.524401228643623 -15 8.524572336597602
      vertex 1.5789515539581445 -15 8.677030282530138
      vertex 31.25 -15 1.8
    endloop
  endfacet
  facet normal 0 1 0
    outer loop
      vertex 1.5789515539581445 -15 8.677030282530138
      vertex 1.6182957126653301 -15 8.83410096867339
      vertex 31.25 -15 1.8
    endloop
  endfacet
  facet normal 0 1 0
    outer loop
      vertex 1.6182957126653301 -15 8.83410096867339
      vertex 1.6420547990091248 -15 8.994271718456226
      vertex 31.25 -15 1.8
    endloop
  endfacet
  facet normal 0 1 0
    outer loop
      vertex 1.6420547990091248 -15 8.994271718456226
      vertex 1.65 -15 9.156
      vertex 31.25 -15 1.8
    endloop
  endfacet
  facet normal 0 1 0
    outer loop
      vertex 1.65 -15 9.156
      vertex 1.6420547990091248 -15 9.317728281543776
      vertex 31.25 -15 1.8
    endloop
  endfacet
  facet normal 0 1 0
    outer loop
      vertex 1.3719248602991996 -15 10.072690884482345
      vertex 1.275467248048516 -15 10.202748918870016
      vertex 31.25 -15 1.8
    endloop
  endfacet
  facet normal 0 1 0
    outer loop
      vertex 1.275467248048516 -15 10.202748918870016
      vertex 1.167018401672156 -15 10.322403781910767
      vertex 31.25 -15 1.8
    endloop
  endfacet
  facet normal 0 1 0
    outer loop
      vertex 1.6420547990091248 -15 9.317728281543776
      vertex 1.6182957126653301 -15 9.477899031326611
      vertex 31.25 -15 1.8
    endloop
  endfacet
  facet normal 0 1 0
    outer loop
      vertex 1.6182957126653301 -15 9.477899031326611
      vertex 1.5789515539581445 -15 9.634969717469863
      vertex 31.25 -15 1.8
    endloop
  endfacet
  facet normal 0 1 0
    outer loop
      vertex 1.5789515539581445 -15 9.634969717469863
      vertex 1.524401228643623 -15 9.787427663402399
      vertex 31.25 -15 1.8
    endloop
  endfacet
  facet normal 0 1 0
    outer loop
      vertex 1.524401228643623 -15 9.787427663402399
      vertex 1.4551700861747858 -15 9.933804615762897
      vertex 31.25 -15 1.8
    endloop
  endfacet
  facet normal 0 1 0
    outer loop
      vertex 1.4551700861747858 -15 9.933804615762897
      vertex 1.3719248602991996 -15 10.072690884482345
      vertex 31.25 -15 1.8
    endloop
  endfacet
  facet normal 1 0 0
    outer loop
      vertex 1.1499999999999986 -15 4.3
      vertex 1.1499999999999986 15 4.4
      vertex 1.1499999999999986 -15 4.4
    endloop
  endfacet
  facet normal 0.9999958713427839 0 -0.0028735513544333475
    outer loop
      vertex 1.1499999999999986 -15 4.4
      vertex 1.1499999999999986 15 4.4
      vertex 1.1602972614102276 -15 7.983446970759624
    endloop
  endfacet
  facet normal 0 1 0
    outer loop
      vertex 1.1499999999999986 -15 4.3
      vertex 31.25 -15 1.8
      vertex 31.15 -15 1.8
    endloop
  endfacet
  facet normal 0 1 0
    outer loop
      vertex 31.25 -15 1.8
      vertex 31.2 -15 21.8
      vertex 31.25 -15 1.9000000000000001
    endloop
  endfacet
  facet normal 0.08304547985373997 0 0.9965457582448797
    outer loop
      vertex 1.1499999999999986 -15 4.3
      vertex 31.15 -15 1.8
      vertex 31.15 15 1.8
    endloop
  endfacet
  facet normal 0 0 1
    outer loop
      vertex 31.15 -15 1.8
      vertex 31.25 -15 1.8
      vertex 31.15 15 1.8
    endloop
  endfacet
  facet normal -1 0 0
    outer loop
      vertex 31.25 -15 1.8
      vertex 31.25 -15 1.9000000000000001
      vertex 31.25 15 1.8
    endloop
  endfacet
  facet normal 0 1 0
    outer loop
      vertex 1.167018401672156 -15 10.322403781910767
      vertex 1.1999999999999993 -15 21.8
      vertex 31.25 -15 1.8
    endloop
  endfacet
  facet normal 0.9999958713427839 0 -0.002873551354433337
    outer loop
      vertex 1.167018401672156 -15 10.322403781910767
      vertex 1.167018401672156 15 10.322403781910767
      vertex 1.1999999999999993 -15 21.8
    endloop
  endfacet
  facet normal 0 1 0
    outer loop
      vertex 31.25 -15 1.8
      vertex 1.1999999999999993 -15 21.8
      vertex 31.2 -15 21.8
    endloop
  endfacet
  facet normal -0.9999968435289978 0 -0.0025125548832387232
    outer loop
      vertex 31.25 -15 1.9000000000000001
      vertex 31.2 -15 21.8
      vertex 31.2 15 21.8
    endloop
  endfacet
  facet normal 1 0 0
    outer loop
      vertex 1.1499999999999986 -15 4.3
      vertex 1.1499999999999986 15 4.3
      vertex 1.1499999999999986 15 4.4
    endloop
  endfacet
  facet normal 0.08304547985373997 0 0.9965457582448797
    outer loop
      vertex 1.1499999999999986 -15 4.3
      vertex 31.15 15 1.8
      vertex 1.1499999999999986 15 4.3
    endloop
  endfacet
  facet normal 0.9999958713427839 0 -0.0028735513544333475
    outer loop
      vertex 1.1602972614102276 -15 7.983446970759624
      vertex 1.1499999999999986 15 4.4
      vertex 1.1602972614102276 15 7.983446970759624
    endloop
  endfacet
  facet normal 0 -1 0
    outer loop
      vertex 1.1499999999999986 15 4.3
      vertex 31.15 15 1.8
      vertex 1.1499999999999986 15 4.4
    endloop
  endfacet
  facet normal 0 0 1
    outer loop
      vertex 31.25 -15 1.8
      vertex 31.25 15 1.8
      vertex 31.15 15 1.8
    endloop
  endfacet
  facet normal -1 0 0
    outer loop
      vertex 31.25 -15 1.9000000000000001
      vertex 31.25 15 1.9000000000000001
      vertex 31.25 15 1.8
    endloop
  endfacet
  facet normal -0.9999968435289978 0 -0.0025125548832387232
    outer loop
      vertex 31.25 -15 1.9000000000000001
      vertex 31.2 15 21.8
      vertex 31.25 15 1.9000000000000001
    endloop
  endfacet
  facet normal 0 -1 0
    outer loop
      vertex 1.1499999999999986 15 4.4
      vertex 31.15 15 1.8
      vertex 31.2 15 21.8
    endloop
  endfacet
  facet normal 0 -1 0
    outer loop
      vertex 31.15 15 1.8
      vertex 31.25 15 1.8
      vertex 31.2 15 21.8
    endloop
  endfacet
  facet normal 0 -1 0
    outer loop
      vertex 31.25 15 1.8
      vertex 31.25 15 1.9000000000000001
      vertex 31.2 15 21.8
    endloop
  endfacet
  facet normal 0.9999958713427839 0 -0.002873551354433337
    outer loop
      vertex 1.167018401672156 15 10.322403781910767
      vertex 1.1999999999999993 15 21.8
      vertex 1.1999999999999993 -15 21.8
    endloop
  endfacet
  facet normal 0 -1 0
    outer loop
      vertex 1.1499999999999986 15 4.4
      vertex 31.2 15 21.8
      vertex 1.1602972614102276 15 7.983446970759624
    endloop
  endfacet
  facet normal 0 -1 0
    outer loop
      vertex 1.1667261889578033 15 7.989273811042198
      vertex 1.1602972614102276 15 7.983446970759624
      vertex 31.2 15 21.8
    endloop
  endfacet
  facet normal 0 -1 0
    outer loop
      vertex 1.1667261889578033 15 7.989273811042198
      vertex 31.2 15 21.8
      vertex 1.275467248048516 15 8.109251081129985
    endloop
  endfacet
  facet normal 0 -1 0
    outer loop
      vertex 1.275467248048516 15 8.109251081129985
      vertex 31.2 15 21.8
      vertex 1.3719248602991996 15 8.239309115517656
    endloop
  endfacet
  facet normal 0 -1 0
    outer loop
      vertex 1.3719248602991996 15 8.239309115517656
      vertex 31.2 15 21.8
      vertex 1.4551700861747858 15 8.378195384237104
    endloop
  endfacet
  facet normal 0 -1 0
    outer loop
      vertex 1.4551700861747858 15 8.378195384237104
      vertex 31.2 15 21.8
      vertex 1.524401228643623 15 8.524572336597602
    endloop
  endfacet
  facet normal 0 -1 0
    outer loop
      vertex 1.524401228643623 15 8.524572336597602
      vertex 31.2 15 21.8
      vertex 1.5789515539581445 15 8.677030282530138
    endloop
  endfacet
  facet normal 0 -1 0
    outer loop
      vertex 1.5789515539581445 15 8.677030282530138
      vertex 31.2 15 21.8
      vertex 1.6182957126653301 15 8.83410096867339
    endloop
  endfacet
  facet normal 0 -1 0
    outer loop
      vertex 1.6182957126653301 15 8.83410096867339
      vertex 31.2 15 21.8
      vertex 1.6420547990091248 15 8.994271718456226
    endloop
  endfacet
  facet normal 0 -1 0
    outer loop
      vertex 1.6420547990091248 15 8.994271718456226
      vertex 31.2 15 21.8
      vertex 1.65 15 9.156
    endloop
  endfacet
  facet normal 0 -1 0
    outer loop
      vertex 1.65 15 9.156
      vertex 31.2 15 21.8
      vertex 1.6420547990091248 15 9.317728281543776
    endloop
  endfacet
  facet normal 0 -1 0
    outer loop
      vertex 1.6420547990091248 15 9.317728281543776
      vertex 31.2 15 21.8
      vertex 1.6182957126653301 15 9.477899031326611
    endloop
  endfacet
  facet normal 0 -1 0
    outer loop
      vertex 1.4551700861747858 15 9.933804615762897
      vertex 31.2 15 21.8
      vertex 1.3719248602991996 15 10.072690884482345
    endloop
  endfacet
  facet normal 0 -1 0
    outer loop
      vertex 1.3719248602991996 15 10.072690884482345
      vertex 31.2 15 21.8
      vertex 1.275467248048516 15 10.202748918870016
    endloop
  endfacet
  facet normal 0 -1 0
    outer loop
      vertex 1.275467248048516 15 10.202748918870016
      vertex 31.2 15 21.8
      vertex 1.167018401672156 15 10.322403781910767
    endloop
  endfacet
  facet normal 0 -1 0
    outer loop
      vertex 1.6182957126653301 15 9.477899031326611
      vertex 31.2 15 21.8
      vertex 1.5789515539581445 15 9.634969717469863
    endloop
  endfacet
  facet normal 0 -1 0
    outer loop
      vertex 1.5789515539581445 15 9.634969717469863
      vertex 31.2 15 21.8
      vertex 1.524401228643623 15 9.787427663402399
    endloop
  endfacet
  facet normal 0 -1 0
    outer loop
      vertex 1.524401228643623 15 9.787427663402399
      vertex 31.2 15 21.8
      vertex 1.4551700861747858 15 9.933804615762897
    endloop
  endfacet
  facet normal 0 -1 0
    outer loop
      vertex 1.167018401672156 15 10.322403781910767
      vertex 31.2 15 21.8
      vertex 1.1999999999999993 15 21.8
    endloop
  endfacet
  facet normal 0 1 0
    outer loop
      vertex -0.3218990313266116 -20.810000000000002 7.5377042873346705
      vertex 0.3218990313266116 -20.810000000000002 7.5377042873346705
      vertex -0.161728281543775 -20.810000000000002 7.513945200990876
    endloop
  endfacet
  facet normal 0 1 0
    outer loop
      vertex -0.47896971746986283 -20.810000000000002 7.577048446041856
      vertex 0.47896971746986283 -20.810000000000002 7.577048446041856
      vertex -0.3218990313266116 -20.810000000000002 7.5377042873346705
    endloop
  endfacet
  facet normal 0 1 0
    outer loop
      vertex -0.6314276634023981 -20.810000000000002 7.631598771356377
      vertex 0.6314276634023981 -20.810000000000002 7.631598771356377
      vertex -0.47896971746986283 -20.810000000000002 7.577048446041856
    endloop
  endfacet
  facet normal 0 1 0
    outer loop
      vertex -0.7778046157628961 -20.810000000000002 7.700829913825215
      vertex -0.9166908844823436 -20.810000000000002 7.784075139700801
      vertex 0.9166908844823436 -20.810000000000002 7.784075139700801
    endloop
  endfacet
  facet normal 0 1 0
    outer loop
      vertex -0.7778046157628961 -20.810000000000002 7.700829913825215
      vertex 0.7778046157628961 -20.810000000000002 7.700829913825215
      vertex -0.6314276634023981 -20.810000000000002 7.631598771356377
    endloop
  endfacet
  facet normal 0 1 0
    outer loop
      vertex -1.046748918870015 -20.810000000000002 7.880532751951485
      vertex 1.046748918870015 -20.810000000000002 7.880532751951485
      vertex -0.9166908844823436 -20.810000000000002 7.784075139700801
    endloop
  endfacet
  facet normal 0 1 0
    outer loop
      vertex -1.046748918870015 -20.810000000000002 7.880532751951485
      vertex -1.1667261889578033 -20.810000000000002 7.989273811042198
      vertex 1.1667261889578033 -20.810000000000002 7.989273811042198
    endloop
  endfacet
  facet normal 0 1 0
    outer loop
      vertex -1.1667261889578033 -20.810000000000002 7.989273811042198
      vertex -1.275467248048516 -20.810000000000002 8.109251081129985
      vertex 1.275467248048516 -20.810000000000002 8.109251081129985
    endloop
  endfacet
  facet normal 0.8032075314806453 0 0.5956993044924327
    outer loop
      vertex -1.275467248048516 -20.810000000000002 8.109251081129985
      vertex -1.275467248048516 -15 8.109251081129985
      vertex -1.3719248602991996 -20.810000000000002 8.239309115517656
    endloop
  endfacet
  facet normal 0.7409511253549554 0 0.6715589548470224
    outer loop
      vertex -1.1667261889578033 -20.810000000000002 7.989273811042198
      vertex -1.1667261889578033 -15 7.989273811042198
      vertex -1.275467248048516 -20.810000000000002 8.109251081129985
    endloop
  endfacet
  facet normal 0.6715589548470133 0 0.7409511253549639
    outer loop
      vertex -1.1667261889578033 -20.810000000000002 7.989273811042198
      vertex -1.160297261410229 -15 7.9834469707596245
      vertex -1.1667261889578033 -15 7.989273811042198
    endloop
  endfacet
  facet normal 0.7409511253549554 0 0.6715589548470224
    outer loop
      vertex -1.275467248048516 -20.810000000000002 8.109251081129985
      vertex -1.1667261889578033 -15 7.989273811042198
      vertex -1.275467248048516 -15 8.109251081129985
    endloop
  endfacet
  facet normal 0 1 0
    outer loop
      vertex -1.275467248048516 -20.810000000000002 8.109251081129985
      vertex -1.3719248602991996 -20.810000000000002 8.239309115517656
      vertex 1.3719248602991996 -20.810000000000002 8.239309115517656
    endloop
  endfacet
  facet normal 0 1 0
    outer loop
      vertex -1.3719248602991996 -20.810000000000002 8.239309115517656
      vertex -1.4551700861747858 -20.810000000000002 8.378195384237104
      vertex 1.4551700861747858 -20.810000000000002 8.378195384237104
    endloop
  endfacet
  facet normal 0 1 0
    outer loop
      vertex -1.524401228643623 -20.810000000000002 8.524572336597602
      vertex 1.524401228643623 -20.810000000000002 8.524572336597602
      vertex -1.4551700861747858 -20.810000000000002 8.378195384237104
    endloop
  endfacet
  facet normal 0 1 0
    outer loop
      vertex -1.5789515539581445 -20.810000000000002 8.677030282530138
      vertex -1.6182957126653301 -20.810000000000002 8.83410096867339
      vertex 1.6182957126653301 -20.810000000000002 8.83410096867339
    endloop
  endfacet
  facet normal 0 1 0
    outer loop
      vertex -1.524401228643623 -20.810000000000002 8.524572336597602
      vertex -1.5789515539581445 -20.810000000000002 8.677030282530138
      vertex 1.5789515539581445 -20.810000000000002 8.677030282530138
    endloop
  endfacet
  facet normal 0 1 0
    outer loop
      vertex -1.6182957126653301 -20.810000000000002 8.83410096867339
      vertex -1.6420547990091248 -20.810000000000002 8.994271718456226
      vertex 1.6420547990091248 -20.810000000000002 8.994271718456226
    endloop
  endfacet
  facet normal 0 1 0
    outer loop
      vertex -1.6420547990091248 -20.810000000000002 8.994271718456226
      vertex -1.65 -20.810000000000002 9.156
      vertex 1.65 -20.810000000000002 9.156
    endloop
  endfacet
  facet normal 0.8577286100002723 0 0.5141027441932213
    outer loop
      vertex -1.3719248602991996 -20.810000000000002 8.239309115517656
      vertex -1.3719248602991996 -15 8.239309115517656
      vertex -1.4551700861747858 -20.810000000000002 8.378195384237104
    endloop
  endfacet
  facet normal 0.9039892931234438 0 0.4275550934302812
    outer loop
      vertex -1.524401228643623 -20.810000000000002 8.524572336597602
      vertex -1.4551700861747858 -20.810000000000002 8.378195384237104
      vertex -1.4551700861747858 -15 8.378195384237104
    endloop
  endfacet
  facet normal 0.9700312531945441 0 0.2429801799032637
    outer loop
      vertex -1.5789515539581445 -20.810000000000002 8.677030282530138
      vertex -1.5789515539581445 -15 8.677030282530138
      vertex -1.6182957126653301 -20.810000000000002 8.83410096867339
    endloop
  endfacet
  facet normal 0.9415440651830214 0 0.3368898533922184
    outer loop
      vertex -1.524401228643623 -20.810000000000002 8.524572336597602
      vertex -1.524401228643623 -15 8.524572336597602
      vertex -1.5789515539581445 -20.810000000000002 8.677030282530138
    endloop
  endfacet
  facet normal 0.9891765099647809 0 0.14673047445536272
    outer loop
      vertex -1.6182957126653301 -20.810000000000002 8.83410096867339
      vertex -1.6182957126653301 -15 8.83410096867339
      vertex -1.6420547990091248 -20.810000000000002 8.994271718456226
    endloop
  endfacet
  facet normal 0.9987954562051724 0 0.04906767432741804
    outer loop
      vertex -1.6420547990091248 -20.810000000000002 8.994271718456226
      vertex -1.6420547990091248 -15 8.994271718456226
      vertex -1.65 -20.810000000000002 9.156
    endloop
  endfacet
  facet normal 0.9987954562051723 0 0.049067674327418896
    outer loop
      vertex -1.6420547990091248 -15 8.994271718456226
      vertex -1.65 -20.8 9.156
      vertex -1.65 -20.810000000000002 9.156
    endloop
  endfacet
  facet normal 0.9987954562051723 0 -0.049067674327418036
    outer loop
      vertex -1.65 -15 9.156
      vertex -1.6420547990091248 -20.8 9.317728281543776
      vertex -1.65 -20.8 9.156
    endloop
  endfacet
  facet normal 0.9891765099647808 0 -0.1467304744553627
    outer loop
      vertex -1.6420547990091248 -15 9.317728281543776
      vertex -1.6182957126653301 -20.8 9.477899031326611
      vertex -1.6420547990091248 -20.8 9.317728281543776
    endloop
  endfacet
  facet normal 0.9700312531945441 0 -0.2429801799032637
    outer loop
      vertex -1.6182957126653301 -15 9.477899031326611
      vertex -1.5789515539581445 -20.8 9.634969717469863
      vertex -1.6182957126653301 -20.8 9.477899031326611
    endloop
  endfacet
  facet normal 0.9415440651830215 0 -0.33688985339221833
    outer loop
      vertex -1.5789515539581445 -15 9.634969717469863
      vertex -1.524401228643623 -20.8 9.787427663402399
      vertex -1.5789515539581445 -20.8 9.634969717469863
    endloop
  endfacet
  facet normal 0.9039892931234438 0 -0.4275550934302812
    outer loop
      vertex -1.524401228643623 -15 9.787427663402399
      vertex -1.4551700861747858 -20.8 9.933804615762897
      vertex -1.524401228643623 -20.8 9.787427663402399
    endloop
  endfacet
  facet normal 0.8577286100002723 0 -0.5141027441932213
    outer loop
      vertex -1.4551700861747858 -15 9.933804615762897
      vertex -1.3719248602991996 -20.8 10.072690884482345
      vertex -1.4551700861747858 -20.8 9.933804615762897
    endloop
  endfacet
  facet normal 0.8032075314806453 0 -0.5956993044924328
    outer loop
      vertex -1.3719248602991996 -15 10.072690884482345
      vertex -1.275467248048516 -20.8 10.202748918870016
      vertex -1.3719248602991996 -20.8 10.072690884482345
    endloop
  endfacet
  facet normal 0.7409511253549556 0 -0.6715589548470223
    outer loop
      vertex -1.275467248048516 -15 10.202748918870016
      vertex -1.1667261889578033 -20.8 10.322726188957803
      vertex -1.275467248048516 -20.8 10.202748918870016
    endloop
  endfacet
  facet normal 0.8032075314806453 0 0.5956993044924327
    outer loop
      vertex -1.3719248602991996 -20.810000000000002 8.239309115517656
      vertex -1.275467248048516 -15 8.109251081129985
      vertex -1.3719248602991996 -15 8.239309115517656
    endloop
  endfacet
  facet normal 0.8577286100002723 0 0.5141027441932213
    outer loop
      vertex -1.4551700861747858 -20.810000000000002 8.378195384237104
      vertex -1.3719248602991996 -15 8.239309115517656
      vertex -1.4551700861747858 -15 8.378195384237104
    endloop
  endfacet
  facet normal 0.9039892931234438 0 0.4275550934302812
    outer loop
      vertex -1.524401228643623 -20.810000000000002 8.524572336597602
      vertex -1.4551700861747858 -15 8.378195384237104
      vertex -1.524401228643623 -15 8.524572336597602
    endloop
  endfacet
  facet normal 0.9415440651830214 0 0.3368898533922184
    outer loop
      vertex -1.5789515539581445 -20.810000000000002 8.677030282530138
      vertex -1.524401228643623 -15 8.524572336597602
      vertex -1.5789515539581445 -15 8.677030282530138
    endloop
  endfacet
  facet normal 0.9700312531945441 0 0.2429801799032637
    outer loop
      vertex -1.6182957126653301 -20.810000000000002 8.83410096867339
      vertex -1.5789515539581445 -15 8.677030282530138
      vertex -1.6182957126653301 -15 8.83410096867339
    endloop
  endfacet
  facet normal 0.9891765099647809 0 0.14673047445536272
    outer loop
      vertex -1.6420547990091248 -20.810000000000002 8.994271718456226
      vertex -1.6182957126653301 -15 8.83410096867339
      vertex -1.6420547990091248 -15 8.994271718456226
    endloop
  endfacet
  facet normal 0.9987954562051723 0 0.049067674327418036
    outer loop
      vertex -1.6420547990091248 -15 8.994271718456226
      vertex -1.65 -15 9.156
      vertex -1.65 -20.8 9.156
    endloop
  endfacet
  facet normal 0.9987954562051723 0 -0.049067674327418036
    outer loop
      vertex -1.65 -15 9.156
      vertex -1.6420547990091248 -15 9.317728281543776
      vertex -1.6420547990091248 -20.8 9.317728281543776
    endloop
  endfacet
  facet normal 0.9891765099647808 0 -0.1467304744553627
    outer loop
      vertex -1.6420547990091248 -15 9.317728281543776
      vertex -1.6182957126653301 -15 9.477899031326611
      vertex -1.6182957126653301 -20.8 9.477899031326611
    endloop
  endfacet
  facet normal 0.9700312531945441 0 -0.2429801799032637
    outer loop
      vertex -1.6182957126653301 -15 9.477899031326611
      vertex -1.5789515539581445 -15 9.634969717469863
      vertex -1.5789515539581445 -20.8 9.634969717469863
    endloop
  endfacet
  facet normal 0.9415440651830215 0 -0.33688985339221833
    outer loop
      vertex -1.5789515539581445 -15 9.634969717469863
      vertex -1.524401228643623 -15 9.787427663402399
      vertex -1.524401228643623 -20.8 9.787427663402399
    endloop
  endfacet
  facet normal 0.9039892931234438 0 -0.4275550934302812
    outer loop
      vertex -1.524401228643623 -15 9.787427663402399
      vertex -1.4551700861747858 -15 9.933804615762897
      vertex -1.4551700861747858 -20.8 9.933804615762897
    endloop
  endfacet
  facet normal 0.8577286100002723 0 -0.5141027441932213
    outer loop
      vertex -1.4551700861747858 -15 9.933804615762897
      vertex -1.3719248602991996 -15 10.072690884482345
      vertex -1.3719248602991996 -20.8 10.072690884482345
    endloop
  endfacet
  facet normal 0.8032075314806453 0 -0.5956993044924328
    outer loop
      vertex -1.3719248602991996 -15 10.072690884482345
      vertex -1.275467248048516 -15 10.202748918870016
      vertex -1.275467248048516 -20.8 10.202748918870016
    endloop
  endfacet
  facet normal 0.7409511253549573 7.223140744365147e-17 -0.6715589548470204
    outer loop
      vertex -1.275467248048516 -15 10.202748918870016
      vertex -1.1670184016721574 -15 10.322403781910767
      vertex -1.1667261889578033 -20.8 10.322726188957803
    endloop
  endfacet
  facet normal 0.6715589548470197 0 0.7409511253549579
    outer loop
      vertex -1.046748918870015 -20.810000000000002 7.880532751951485
      vertex -1.046748918870015 24.810000000000002 7.880532751951485
      vertex -1.1667261889578033 -20.810000000000002 7.989273811042198
    endloop
  endfacet
  facet normal 0.4275550934302848 0 0.903989293123442
    outer loop
      vertex -0.7778046157628961 -20.810000000000002 7.700829913825215
      vertex -0.6314276634023981 -20.810000000000002 7.631598771356377
      vertex -0.6314276634023981 24.810000000000002 7.631598771356377
    endloop
  endfacet
  facet normal 0.3368898533922172 0 0.9415440651830218
    outer loop
      vertex -0.6314276634023981 -20.810000000000002 7.631598771356377
      vertex -0.47896971746986283 -20.810000000000002 7.577048446041856
      vertex -0.47896971746986283 24.810000000000002 7.577048446041856
    endloop
  endfacet
  facet normal 0.5141027441932191 0 0.8577286100002736
    outer loop
      vertex -0.7778046157628961 -20.810000000000002 7.700829913825215
      vertex -0.7778046157628961 24.810000000000002 7.700829913825215
      vertex -0.9166908844823436 -20.810000000000002 7.784075139700801
    endloop
  endfacet
  facet normal 0.5956993044924346 0 0.803207531480644
    outer loop
      vertex -1.046748918870015 -20.810000000000002 7.880532751951485
      vertex -0.9166908844823436 -20.810000000000002 7.784075139700801
      vertex -0.9166908844823436 24.810000000000002 7.784075139700801
    endloop
  endfacet
  facet normal 0.24298017990326545 0 0.9700312531945435
    outer loop
      vertex -0.47896971746986283 -20.810000000000002 7.577048446041856
      vertex -0.3218990313266116 -20.810000000000002 7.5377042873346705
      vertex -0.3218990313266116 24.810000000000002 7.5377042873346705
    endloop
  endfacet
  facet normal 0.1467304744553606 0 0.9891765099647811
    outer loop
      vertex -0.3218990313266116 -20.810000000000002 7.5377042873346705
      vertex -0.161728281543775 -20.810000000000002 7.513945200990876
      vertex -0.161728281543775 24.810000000000002 7.513945200990876
    endloop
  endfacet
  facet normal 0.04906767432742217 0 0.9987954562051722
    outer loop
      vertex -0.161728281543775 -20.810000000000002 7.513945200990876
      vertex 0 -20.810000000000002 7.506
      vertex 0 24.810000000000002 7.506
    endloop
  endfacet
  facet normal 0.6715589548470244 -2.248190925177243e-17 0.7409511253549537
    outer loop
      vertex -1.1667261889578033 -20.810000000000002 7.989273811042198
      vertex -1.046748918870015 24.810000000000002 7.880532751951485
      vertex -1.160297261410229 -15 7.9834469707596245
    endloop
  endfacet
  facet normal 0.6715589548470197 0 -0.7409511253549579
    outer loop
      vertex -1.046748918870015 -20.8 10.431467248048516
      vertex -1.1667261889578033 -20.8 10.322726188957803
      vertex -1.1667261889578033 24.8 10.322726188957803
    endloop
  endfacet
  facet normal 0.5956993044924309 0 -0.8032075314806466
    outer loop
      vertex -0.9166908844823436 -20.8 10.5279248602992
      vertex -1.046748918870015 -20.8 10.431467248048516
      vertex -1.046748918870015 24.8 10.431467248048516
    endloop
  endfacet
  facet normal 0.5141027441932231 0 -0.8577286100002712
    outer loop
      vertex -0.7778046157628961 -20.8 10.611170086174786
      vertex -0.9166908844823436 -20.8 10.5279248602992
      vertex -0.9166908844823436 24.8 10.5279248602992
    endloop
  endfacet
  facet normal 0.42755509343028036 0 -0.9039892931234441
    outer loop
      vertex -0.7778046157628961 24.8 10.611170086174786
      vertex -0.6314276634023981 -20.8 10.680401228643623
      vertex -0.7778046157628961 -20.8 10.611170086174786
    endloop
  endfacet
  facet normal 0.33688985339222693 0 -0.9415440651830185
    outer loop
      vertex -0.6314276634023981 24.8 10.680401228643623
      vertex -0.47896971746986283 -20.8 10.734951553958146
      vertex -0.6314276634023981 -20.8 10.680401228643623
    endloop
  endfacet
  facet normal 0.24298017990326548 0 -0.9700312531945436
    outer loop
      vertex -0.47896971746986283 24.8 10.734951553958146
      vertex -0.3218990313266116 -20.8 10.774295712665332
      vertex -0.47896971746986283 -20.8 10.734951553958146
    endloop
  endfacet
  facet normal 0.1467304744553606 0 -0.9891765099647811
    outer loop
      vertex -0.3218990313266116 24.8 10.774295712665332
      vertex -0.161728281543775 -20.8 10.798054799009126
      vertex -0.3218990313266116 -20.8 10.774295712665332
    endloop
  endfacet
  facet normal 0.04906767432741669 0 -0.9987954562051725
    outer loop
      vertex -0.161728281543775 -20.8 10.798054799009126
      vertex -0.161728281543775 24.8 10.798054799009126
      vertex 0 -20.8 10.806000000000001
    endloop
  endfacet
  facet normal 0.7409511253543019 0 -0.6715589548477434
    outer loop
      vertex -1.1670184016721574 -15 10.322403781910767
      vertex -1.1667261889578033 24.8 10.322726188957803
      vertex -1.1667261889578033 -20.8 10.322726188957803
    endloop
  endfacet
  facet normal 0.6715589548470201 0 0.7409511253549576
    outer loop
      vertex -1.160297261410229 -15 7.9834469707596245
      vertex -1.046748918870015 24.810000000000002 7.880532751951485
      vertex -1.160297261410229 15 7.9834469707596245
    endloop
  endfacet
  facet normal 0.3368898533922172 0 0.9415440651830218
    outer loop
      vertex -0.6314276634023981 -20.810000000000002 7.631598771356377
      vertex -0.47896971746986283 24.810000000000002 7.577048446041856
      vertex -0.6314276634023981 24.810000000000002 7.631598771356377
    endloop
  endfacet
  facet normal 0.5141027441932191 0 0.8577286100002736
    outer loop
      vertex -0.9166908844823436 -20.810000000000002 7.784075139700801
      vertex -0.7778046157628961 24.810000000000002 7.700829913825215
      vertex -0.9166908844823436 24.810000000000002 7.784075139700801
    endloop
  endfacet
  facet normal 0.4275550934302848 0 0.903989293123442
    outer loop
      vertex -0.7778046157628961 -20.810000000000002 7.700829913825215
      vertex -0.6314276634023981 24.810000000000002 7.631598771356377
      vertex -0.7778046157628961 24.810000000000002 7.700829913825215
    endloop
  endfacet
  facet normal 0.24298017990326545 0 0.9700312531945435
    outer loop
      vertex -0.47896971746986283 -20.810000000000002 7.577048446041856
      vertex -0.3218990313266116 24.810000000000002 7.5377042873346705
      vertex -0.47896971746986283 24.810000000000002 7.577048446041856
    endloop
  endfacet
  facet normal 0.1467304744553606 0 0.9891765099647811
    outer loop
      vertex -0.3218990313266116 -20.810000000000002 7.5377042873346705
      vertex -0.161728281543775 24.810000000000002 7.513945200990876
      vertex -0.3218990313266116 24.810000000000002 7.5377042873346705
    endloop
  endfacet
  facet normal 0.04906767432742217 0 0.9987954562051722
    outer loop
      vertex -0.161728281543775 -20.810000000000002 7.513945200990876
      vertex 0 24.810000000000002 7.506
      vertex -0.161728281543775 24.810000000000002 7.513945200990876
    endloop
  endfacet
  facet normal 0.5956993044924346 0 0.803207531480644
    outer loop
      vertex -1.046748918870015 -20.810000000000002 7.880532751951485
      vertex -0.9166908844823436 24.810000000000002 7.784075139700801
      vertex -1.046748918870015 24.810000000000002 7.880532751951485
    endloop
  endfacet
  facet normal 0.740951125354302 0 -0.6715589548477435
    outer loop
      vertex -1.1670184016721574 -15 10.322403781910767
      vertex -1.1670184016721574 15 10.322403781910767
      vertex -1.1667261889578033 24.8 10.322726188957803
    endloop
  endfacet
  facet normal 0.6715589548470197 0 -0.7409511253549579
    outer loop
      vertex -1.1667261889578033 24.8 10.322726188957803
      vertex -1.046748918870015 24.8 10.431467248048516
      vertex -1.046748918870015 -20.8 10.431467248048516
    endloop
  endfacet
  facet normal 0.5956993044924309 0 -0.8032075314806466
    outer loop
      vertex -0.9166908844823436 -20.8 10.5279248602992
      vertex -1.046748918870015 24.8 10.431467248048516
      vertex -0.9166908844823436 24.8 10.5279248602992
    endloop
  endfacet
  facet normal 0.5141027441932231 0 -0.8577286100002712
    outer loop
      vertex -0.9166908844823436 24.8 10.5279248602992
      vertex -0.7778046157628961 24.8 10.611170086174786
      vertex -0.7778046157628961 -20.8 10.611170086174786
    endloop
  endfacet
  facet normal 0.42755509343028036 0 -0.9039892931234441
    outer loop
      vertex -0.7778046157628961 24.8 10.611170086174786
      vertex -0.6314276634023981 24.8 10.680401228643623
      vertex -0.6314276634023981 -20.8 10.680401228643623
    endloop
  endfacet
  facet normal 0.33688985339222693 0 -0.9415440651830185
    outer loop
      vertex -0.6314276634023981 24.8 10.680401228643623
      vertex -0.47896971746986283 24.8 10.734951553958146
      vertex -0.47896971746986283 -20.8 10.734951553958146
    endloop
  endfacet
  facet normal 0.24298017990326548 0 -0.9700312531945436
    outer loop
      vertex -0.47896971746986283 24.8 10.734951553958146
      vertex -0.3218990313266116 24.8 10.774295712665332
      vertex -0.3218990313266116 -20.8 10.774295712665332
    endloop
  endfacet
  facet normal 0.1467304744553606 0 -0.9891765099647811
    outer loop
      vertex -0.3218990313266116 24.8 10.774295712665332
      vertex -0.161728281543775 24.8 10.798054799009126
      vertex -0.161728281543775 -20.8 10.798054799009126
    endloop
  endfacet
  facet normal 0.04906767432741669 0 -0.9987954562051725
    outer loop
      vertex 0 24.8 10.806000000000001
      vertex 0 -20.8 10.806000000000001
      vertex -0.161728281543775 24.8 10.798054799009126
    endloop
  endfacet
  facet normal 0.6715589548470132 1.4393643431020822e-16 0.7409511253549639
    outer loop
      vertex -1.1667261889578033 15 7.989273811042198
      vertex -1.160297261410229 15 7.9834469707596245
      vertex -1.046748918870015 24.810000000000002 7.880532751951485
    endloop
  endfacet
  facet normal 0.8032075314806453 0 0.5956993044924327
    outer loop
      vertex -1.275467248048516 15 8.109251081129985
      vertex -1.275467248048516 24.810000000000002 8.109251081129985
      vertex -1.3719248602991996 15 8.239309115517656
    endloop
  endfacet
  facet normal 0.7409511253549554 0 0.6715589548470223
    outer loop
      vertex -1.1667261889578033 15 7.989273811042198
      vertex -1.1667261889578033 24.810000000000002 7.989273811042198
      vertex -1.275467248048516 15 8.109251081129985
    endloop
  endfacet
  facet normal 0.6715589548470197 0 0.7409511253549579
    outer loop
      vertex -1.1667261889578033 15 7.989273811042198
      vertex -1.046748918870015 24.810000000000002 7.880532751951485
      vertex -1.1667261889578033 24.810000000000002 7.989273811042198
    endloop
  endfacet
  facet normal 0.7409511253549554 0 0.6715589548470223
    outer loop
      vertex -1.275467248048516 15 8.109251081129985
      vertex -1.1667261889578033 24.810000000000002 7.989273811042198
      vertex -1.275467248048516 24.810000000000002 8.109251081129985
    endloop
  endfacet
  facet normal 0.8577286100002723 0 0.5141027441932213
    outer loop
      vertex -1.3719248602991996 15 8.239309115517656
      vertex -1.3719248602991996 24.810000000000002 8.239309115517656
      vertex -1.4551700861747858 15 8.378195384237104
    endloop
  endfacet
  facet normal 0.9039892931234438 0 0.42755509343028125
    outer loop
      vertex -1.524401228643623 15 8.524572336597602
      vertex -1.4551700861747858 15 8.378195384237104
      vertex -1.4551700861747858 24.810000000000002 8.378195384237104
    endloop
  endfacet
  facet normal 0.9700312531945441 0 0.24298017990326368
    outer loop
      vertex -1.5789515539581445 15 8.677030282530138
      vertex -1.5789515539581445 24.810000000000002 8.677030282530138
      vertex -1.6182957126653301 15 8.83410096867339
    endloop
  endfacet
  facet normal 0.9415440651830215 0 0.33688985339221833
    outer loop
      vertex -1.524401228643623 15 8.524572336597602
      vertex -1.524401228643623 24.810000000000002 8.524572336597602
      vertex -1.5789515539581445 15 8.677030282530138
    endloop
  endfacet
  facet normal 0.9891765099647808 0 0.1467304744553627
    outer loop
      vertex -1.6182957126653301 15 8.83410096867339
      vertex -1.6182957126653301 24.810000000000002 8.83410096867339
      vertex -1.6420547990091248 15 8.994271718456226
    endloop
  endfacet
  facet normal 0.9987954562051724 0 0.04906767432741804
    outer loop
      vertex -1.6420547990091248 15 8.994271718456226
      vertex -1.6420547990091248 24.810000000000002 8.994271718456226
      vertex -1.65 15 9.156
    endloop
  endfacet
  facet normal 0.9987954562051725 0 -0.04906767432741805
    outer loop
      vertex -1.65 15 9.156
      vertex -1.65 24.8 9.156
      vertex -1.6420547990091248 15 9.317728281543776
    endloop
  endfacet
  facet normal 0.9891765099647808 0 -0.1467304744553627
    outer loop
      vertex -1.6420547990091248 15 9.317728281543776
      vertex -1.6420547990091248 24.8 9.317728281543776
      vertex -1.6182957126653301 15 9.477899031326611
    endloop
  endfacet
  facet normal 0.9700312531945441 0 -0.24298017990326373
    outer loop
      vertex -1.6182957126653301 15 9.477899031326611
      vertex -1.6182957126653301 24.8 9.477899031326611
      vertex -1.5789515539581445 15 9.634969717469863
    endloop
  endfacet
  facet normal 0.8032075314806453 0 0.5956993044924327
    outer loop
      vertex -1.3719248602991996 15 8.239309115517656
      vertex -1.275467248048516 24.810000000000002 8.109251081129985
      vertex -1.3719248602991996 24.810000000000002 8.239309115517656
    endloop
  endfacet
  facet normal 0.8577286100002723 0 0.5141027441932213
    outer loop
      vertex -1.4551700861747858 15 8.378195384237104
      vertex -1.3719248602991996 24.810000000000002 8.239309115517656
      vertex -1.4551700861747858 24.810000000000002 8.378195384237104
    endloop
  endfacet
  facet normal 0.9039892931234438 0 0.42755509343028125
    outer loop
      vertex -1.524401228643623 15 8.524572336597602
      vertex -1.4551700861747858 24.810000000000002 8.378195384237104
      vertex -1.524401228643623 24.810000000000002 8.524572336597602
    endloop
  endfacet
  facet normal 0.9415440651830215 0 0.33688985339221833
    outer loop
      vertex -1.5789515539581445 15 8.677030282530138
      vertex -1.524401228643623 24.810000000000002 8.524572336597602
      vertex -1.5789515539581445 24.810000000000002 8.677030282530138
    endloop
  endfacet
  facet normal 0.9700312531945441 0 0.24298017990326368
    outer loop
      vertex -1.6182957126653301 15 8.83410096867339
      vertex -1.5789515539581445 24.810000000000002 8.677030282530138
      vertex -1.6182957126653301 24.810000000000002 8.83410096867339
    endloop
  endfacet
  facet normal 0.9891765099647808 0 0.1467304744553627
    outer loop
      vertex -1.6420547990091248 15 8.994271718456226
      vertex -1.6182957126653301 24.810000000000002 8.83410096867339
      vertex -1.6420547990091248 24.810000000000002 8.994271718456226
    endloop
  endfacet
  facet normal 0.9987954562051725 0 0.04906767432741805
    outer loop
      vertex -1.65 15 9.156
      vertex -1.6420547990091248 24.810000000000002 8.994271718456226
      vertex -1.65 24.8 9.156
    endloop
  endfacet
  facet normal 0.9987954562051725 0 -0.04906767432741805
    outer loop
      vertex -1.6420547990091248 15 9.317728281543776
      vertex -1.65 24.8 9.156
      vertex -1.6420547990091248 24.8 9.317728281543776
    endloop
  endfacet
  facet normal 0.9891765099647808 0 -0.1467304744553627
    outer loop
      vertex -1.6182957126653301 15 9.477899031326611
      vertex -1.6420547990091248 24.8 9.317728281543776
      vertex -1.6182957126653301 24.8 9.477899031326611
    endloop
  endfacet
  facet normal 0.9415440651830214 0 -0.3368898533922184
    outer loop
      vertex -1.5789515539581445 15 9.634969717469863
      vertex -1.5789515539581445 24.8 9.634969717469863
      vertex -1.524401228643623 15 9.787427663402399
    endloop
  endfacet
  facet normal 0.9039892931234438 0 -0.42755509343028125
    outer loop
      vertex -1.524401228643623 15 9.787427663402399
      vertex -1.524401228643623 24.8 9.787427663402399
      vertex -1.4551700861747858 15 9.933804615762897
    endloop
  endfacet
  facet normal 0.8577286100002725 0 -0.5141027441932213
    outer loop
      vertex -1.4551700861747858 15 9.933804615762897
      vertex -1.4551700861747858 24.8 9.933804615762897
      vertex -1.3719248602991996 15 10.072690884482345
    endloop
  endfacet
  facet normal 0.8032075314806454 0 -0.5956993044924328
    outer loop
      vertex -1.3719248602991996 15 10.072690884482345
      vertex -1.3719248602991996 24.8 10.072690884482345
      vertex -1.275467248048516 15 10.202748918870016
    endloop
  endfacet
  facet normal 0.7409511253549573 0 -0.6715589548470204
    outer loop
      vertex -1.275467248048516 15 10.202748918870016
      vertex -1.275467248048516 24.8 10.202748918870016
      vertex -1.1670184016721574 15 10.322403781910767
    endloop
  endfacet
  facet normal 0.9700312531945441 0 -0.24298017990326373
    outer loop
      vertex -1.5789515539581445 15 9.634969717469863
      vertex -1.6182957126653301 24.8 9.477899031326611
      vertex -1.5789515539581445 24.8 9.634969717469863
    endloop
  endfacet
  facet normal 0.9415440651830214 0 -0.3368898533922184
    outer loop
      vertex -1.524401228643623 15 9.787427663402399
      vertex -1.5789515539581445 24.8 9.634969717469863
      vertex -1.524401228643623 24.8 9.787427663402399
    endloop
  endfacet
  facet normal 0.9039892931234438 0 -0.42755509343028125
    outer loop
      vertex -1.4551700861747858 15 9.933804615762897
      vertex -1.524401228643623 24.8 9.787427663402399
      vertex -1.4551700861747858 24.8 9.933804615762897
    endloop
  endfacet
  facet normal 0.8577286100002725 0 -0.5141027441932213
    outer loop
      vertex -1.3719248602991996 15 10.072690884482345
      vertex -1.4551700861747858 24.8 9.933804615762897
      vertex -1.3719248602991996 24.8 10.072690884482345
    endloop
  endfacet
  facet normal 0.8032075314806454 0 -0.5956993044924328
    outer loop
      vertex -1.275467248048516 15 10.202748918870016
      vertex -1.3719248602991996 24.8 10.072690884482345
      vertex -1.275467248048516 24.8 10.202748918870016
    endloop
  endfacet
  facet normal 0.7409511253549554 -4.321507920739849e-17 -0.6715589548470223
    outer loop
      vertex -1.1670184016721574 15 10.322403781910767
      vertex -1.275467248048516 24.8 10.202748918870016
      vertex -1.1667261889578033 24.8 10.322726188957803
    endloop
  endfacet
  facet normal 0 -1 0
    outer loop
      vertex -0.7778046157628961 24.810000000000002 7.700829913825215
      vertex -0.6314276634023981 24.810000000000002 7.631598771356377
      vertex 0.6314276634023981 24.810000000000002 7.631598771356377
    endloop
  endfacet
  facet normal 0 -1 0
    outer loop
      vertex -0.47896971746986283 24.810000000000002 7.577048446041856
      vertex -0.3218990313266116 24.810000000000002 7.5377042873346705
      vertex 0.3218990313266116 24.810000000000002 7.5377042873346705
    endloop
  endfacet
  facet normal 0 -1 0
    outer loop
      vertex -0.3218990313266116 24.810000000000002 7.5377042873346705
      vertex -0.161728281543775 24.810000000000002 7.513945200990876
      vertex 0.161728281543775 24.810000000000002 7.513945200990876
    endloop
  endfacet
  facet normal 0 -1 0
    outer loop
      vertex -0.6314276634023981 24.810000000000002 7.631598771356377
      vertex -0.47896971746986283 24.810000000000002 7.577048446041856
      vertex 0.47896971746986283 24.810000000000002 7.577048446041856
    endloop
  endfacet
  facet normal 0 -1 0
    outer loop
      vertex -0.7778046157628961 24.810000000000002 7.700829913825215
      vertex 0.7778046157628961 24.810000000000002 7.700829913825215
      vertex -0.9166908844823436 24.810000000000002 7.784075139700801
    endloop
  endfacet
  facet normal 0 -1 0
    outer loop
      vertex -1.046748918870015 24.810000000000002 7.880532751951485
      vertex -0.9166908844823436 24.810000000000002 7.784075139700801
      vertex 0.9166908844823436 24.810000000000002 7.784075139700801
    endloop
  endfacet
  facet normal 0 -1 0
    outer loop
      vertex -1.046748918870015 24.810000000000002 7.880532751951485
      vertex 1.046748918870015 24.810000000000002 7.880532751951485
      vertex -1.1667261889578033 24.810000000000002 7.989273811042198
    endloop
  endfacet
  facet normal 0 -1 0
    outer loop
      vertex -1.1667261889578033 24.810000000000002 7.989273811042198
      vertex 1.1667261889578033 24.810000000000002 7.989273811042198
      vertex -1.275467248048516 24.810000000000002 8.109251081129985
    endloop
  endfacet
  facet normal 0 -1 0
    outer loop
      vertex -1.275467248048516 24.810000000000002 8.109251081129985
      vertex 1.275467248048516 24.810000000000002 8.109251081129985
      vertex -1.3719248602991996 24.810000000000002 8.239309115517656
    endloop
  endfacet
  facet normal 0 -1 0
    outer loop
      vertex -1.3719248602991996 24.810000000000002 8.239309115517656
      vertex 1.3719248602991996 24.810000000000002 8.239309115517656
      vertex -1.4551700861747858 24.810000000000002 8.378195384237104
    endloop
  endfacet
  facet normal 0 -1 0
    outer loop
      vertex -1.524401228643623 24.810000000000002 8.524572336597602
      vertex -1.4551700861747858 24.810000000000002 8.378195384237104
      vertex 1.4551700861747858 24.810000000000002 8.378195384237104
    endloop
  endfacet
  facet normal 0 -1 0
    outer loop
      vertex -1.524401228643623 24.810000000000002 8.524572336597602
      vertex 1.524401228643623 24.810000000000002 8.524572336597602
      vertex -1.5789515539581445 24.810000000000002 8.677030282530138
    endloop
  endfacet
  facet normal 0 -1 0
    outer loop
      vertex -1.5789515539581445 24.810000000000002 8.677030282530138
      vertex 1.5789515539581445 24.810000000000002 8.677030282530138
      vertex -1.6182957126653301 24.810000000000002 8.83410096867339
    endloop
  endfacet
  facet normal 0.9987954562051724 0 0.04906767432741804
    outer loop
      vertex -1.6420547990091248 24.810000000000002 8.994271718456226
      vertex -1.65 24.810000000000002 9.156
      vertex -1.65 24.8 9.156
    endloop
  endfacet
  facet normal 0 -1 0
    outer loop
      vertex -1.6182957126653301 24.810000000000002 8.83410096867339
      vertex 1.6182957126653301 24.810000000000002 8.83410096867339
      vertex -1.6420547990091248 24.810000000000002 8.994271718456226
    endloop
  endfacet
  facet normal 0 -1 0
    outer loop
      vertex -1.6420547990091248 24.810000000000002 8.994271718456226
      vertex 1.6420547990091248 24.810000000000002 8.994271718456226
      vertex -1.65 24.810000000000002 9.156
    endloop
  endfacet
  facet normal 0 1 0
    outer loop
      vertex -0.161728281543775 -20.810000000000002 7.513945200990876
      vertex 0.161728281543775 -20.810000000000002 7.513945200990876
      vertex 0 -20.810000000000002 7.506
    endloop
  endfacet
  facet normal 0 1 0
    outer loop
      vertex -0.161728281543775 -20.810000000000002 7.513945200990876
      vertex 0.3218990313266116 -20.810000000000002 7.5377042873346705
      vertex 0.161728281543775 -20.810000000000002 7.513945200990876
    endloop
  endfacet
  facet normal 0 1 0
    outer loop
      vertex -0.3218990313266116 -20.810000000000002 7.5377042873346705
      vertex 0.47896971746986283 -20.810000000000002 7.577048446041856
      vertex 0.3218990313266116 -20.810000000000002 7.5377042873346705
    endloop
  endfacet
  facet normal 0 1 0
    outer loop
      vertex -0.47896971746986283 -20.810000000000002 7.577048446041856
      vertex 0.6314276634023981 -20.810000000000002 7.631598771356377
      vertex 0.47896971746986283 -20.810000000000002 7.577048446041856
    endloop
  endfacet
  facet normal 0 1 0
    outer loop
      vertex -0.6314276634023981 -20.810000000000002 7.631598771356377
      vertex 0.7778046157628961 -20.810000000000002 7.700829913825215
      vertex 0.6314276634023981 -20.810000000000002 7.631598771356377
    endloop
  endfacet
  facet normal 0 1 0
    outer loop
      vertex -0.7778046157628961 -20.810000000000002 7.700829913825215
      vertex 0.9166908844823436 -20.810000000000002 7.784075139700801
      vertex 0.7778046157628961 -20.810000000000002 7.700829913825215
    endloop
  endfacet
  facet normal 0 1 0
    outer loop
      vertex -0.9166908844823436 -20.810000000000002 7.784075139700801
      vertex 1.046748918870015 -20.810000000000002 7.880532751951485
      vertex 0.9166908844823436 -20.810000000000002 7.784075139700801
    endloop
  endfacet
  facet normal 0 1 0
    outer loop
      vertex -1.046748918870015 -20.810000000000002 7.880532751951485
      vertex 1.1667261889578033 -20.810000000000002 7.989273811042198
      vertex 1.046748918870015 -20.810000000000002 7.880532751951485
    endloop
  endfacet
  facet normal 0 1 0
    outer loop
      vertex -1.1667261889578033 -20.810000000000002 7.989273811042198
      vertex 1.275467248048516 -20.810000000000002 8.109251081129985
      vertex 1.1667261889578033 -20.810000000000002 7.989273811042198
    endloop
  endfacet
  facet normal 0 1 0
    outer loop
      vertex -1.275467248048516 -20.810000000000002 8.109251081129985
      vertex 1.3719248602991996 -20.810000000000002 8.239309115517656
      vertex 1.275467248048516 -20.810000000000002 8.109251081129985
    endloop
  endfacet
  facet normal -0.6715589548470197 0 0.7409511253549579
    outer loop
      vertex 1.046748918870015 -20.810000000000002 7.880532751951485
      vertex 1.1667261889578033 -20.810000000000002 7.989273811042198
      vertex 1.1667261889578033 -15 7.989273811042198
    endloop
  endfacet
  facet normal -0.7409511253549554 0 0.6715589548470224
    outer loop
      vertex 1.1667261889578033 -20.810000000000002 7.989273811042198
      vertex 1.275467248048516 -20.810000000000002 8.109251081129985
      vertex 1.275467248048516 -15 8.109251081129985
    endloop
  endfacet
  facet normal -0.6715589548469939 -9.97937061749591e-16 0.7409511253549814
    outer loop
      vertex 1.046748918870015 -20.810000000000002 7.880532751951485
      vertex 1.1667261889578033 -15 7.989273811042198
      vertex 1.1602972614102276 -15 7.983446970759624
    endloop
  endfacet
  facet normal -0.7409511253549554 0 0.6715589548470224
    outer loop
      vertex 1.1667261889578033 -20.810000000000002 7.989273811042198
      vertex 1.275467248048516 -15 8.109251081129985
      vertex 1.1667261889578033 -15 7.989273811042198
    endloop
  endfacet
  facet normal -0.8032075314806453 0 0.5956993044924327
    outer loop
      vertex 1.275467248048516 -20.810000000000002 8.109251081129985
      vertex 1.3719248602991996 -15 8.239309115517656
      vertex 1.275467248048516 -15 8.109251081129985
    endloop
  endfacet
  facet normal 0 1 0
    outer loop
      vertex -1.3719248602991996 -20.810000000000002 8.239309115517656
      vertex 1.4551700861747858 -20.810000000000002 8.378195384237104
      vertex 1.3719248602991996 -20.810000000000002 8.239309115517656
    endloop
  endfacet
  facet normal 0 1 0
    outer loop
      vertex -1.4551700861747858 -20.810000000000002 8.378195384237104
      vertex 1.524401228643623 -20.810000000000002 8.524572336597602
      vertex 1.4551700861747858 -20.810000000000002 8.378195384237104
    endloop
  endfacet
  facet normal 0 1 0
    outer loop
      vertex -1.524401228643623 -20.810000000000002 8.524572336597602
      vertex 1.5789515539581445 -20.810000000000002 8.677030282530138
      vertex 1.524401228643623 -20.810000000000002 8.524572336597602
    endloop
  endfacet
  facet normal 0 1 0
    outer loop
      vertex -1.5789515539581445 -20.810000000000002 8.677030282530138
      vertex 1.6182957126653301 -20.810000000000002 8.83410096867339
      vertex 1.5789515539581445 -20.810000000000002 8.677030282530138
    endloop
  endfacet
  facet normal 0 1 0
    outer loop
      vertex -1.6182957126653301 -20.810000000000002 8.83410096867339
      vertex 1.6420547990091248 -20.810000000000002 8.994271718456226
      vertex 1.6182957126653301 -20.810000000000002 8.83410096867339
    endloop
  endfacet
  facet normal 0 1 0
    outer loop
      vertex -1.6420547990091248 -20.810000000000002 8.994271718456226
      vertex 1.65 -20.810000000000002 9.156
      vertex 1.6420547990091248 -20.810000000000002 8.994271718456226
    endloop
  endfacet
  facet normal -0.9987954562051724 0 0.04906767432741804
    outer loop
      vertex 1.6420547990091248 -20.810000000000002 8.994271718456226
      vertex 1.65 -20.810000000000002 9.156
      vertex 1.65 -20.8 9.156
    endloop
  endfacet
  facet normal -0.8032075314806453 0 0.5956993044924327
    outer loop
      vertex 1.275467248048516 -20.810000000000002 8.109251081129985
      vertex 1.3719248602991996 -20.810000000000002 8.239309115517656
      vertex 1.3719248602991996 -15 8.239309115517656
    endloop
  endfacet
  facet normal -0.8577286100002723 0 0.5141027441932213
    outer loop
      vertex 1.3719248602991996 -20.810000000000002 8.239309115517656
      vertex 1.4551700861747858 -20.810000000000002 8.378195384237104
      vertex 1.4551700861747858 -15 8.378195384237104
    endloop
  endfacet
  facet normal -0.9039892931234438 0 0.4275550934302812
    outer loop
      vertex 1.4551700861747858 -20.810000000000002 8.378195384237104
      vertex 1.524401228643623 -20.810000000000002 8.524572336597602
      vertex 1.524401228643623 -15 8.524572336597602
    endloop
  endfacet
  facet normal -0.9415440651830214 0 0.3368898533922184
    outer loop
      vertex 1.524401228643623 -20.810000000000002 8.524572336597602
      vertex 1.5789515539581445 -20.810000000000002 8.677030282530138
      vertex 1.5789515539581445 -15 8.677030282530138
    endloop
  endfacet
  facet normal -0.9700312531945441 0 0.2429801799032637
    outer loop
      vertex 1.5789515539581445 -20.810000000000002 8.677030282530138
      vertex 1.6182957126653301 -20.810000000000002 8.83410096867339
      vertex 1.6182957126653301 -15 8.83410096867339
    endloop
  endfacet
  facet normal -0.9891765099647809 0 0.14673047445536272
    outer loop
      vertex 1.6182957126653301 -20.810000000000002 8.83410096867339
      vertex 1.6420547990091248 -20.810000000000002 8.994271718456226
      vertex 1.6420547990091248 -15 8.994271718456226
    endloop
  endfacet
  facet normal -0.9987954562051723 0 0.04906767432741804
    outer loop
      vertex 1.6420547990091248 -20.810000000000002 8.994271718456226
      vertex 1.65 -20.8 9.156
      vertex 1.65 -15 9.156
    endloop
  endfacet
  facet normal -0.9987954562051723 0 -0.049067674327418036
    outer loop
      vertex 1.6420547990091248 -15 9.317728281543776
      vertex 1.65 -20.8 9.156
      vertex 1.6420547990091248 -20.8 9.317728281543776
    endloop
  endfacet
  facet normal -0.9891765099647808 0 -0.1467304744553627
    outer loop
      vertex 1.6182957126653301 -15 9.477899031326611
      vertex 1.6420547990091248 -20.8 9.317728281543776
      vertex 1.6182957126653301 -20.8 9.477899031326611
    endloop
  endfacet
  facet normal -0.9415440651830215 0 -0.33688985339221833
    outer loop
      vertex 1.524401228643623 -15 9.787427663402399
      vertex 1.5789515539581445 -20.8 9.634969717469863
      vertex 1.524401228643623 -20.8 9.787427663402399
    endloop
  endfacet
  facet normal -0.9700312531945441 0 -0.2429801799032637
    outer loop
      vertex 1.5789515539581445 -15 9.634969717469863
      vertex 1.6182957126653301 -20.8 9.477899031326611
      vertex 1.5789515539581445 -20.8 9.634969717469863
    endloop
  endfacet
  facet normal -0.9039892931234438 0 -0.4275550934302812
    outer loop
      vertex 1.4551700861747858 -15 9.933804615762897
      vertex 1.524401228643623 -20.8 9.787427663402399
      vertex 1.4551700861747858 -20.8 9.933804615762897
    endloop
  endfacet
  facet normal -0.8577286100002723 0 -0.5141027441932213
    outer loop
      vertex 1.3719248602991996 -15 10.072690884482345
      vertex 1.4551700861747858 -20.8 9.933804615762897
      vertex 1.3719248602991996 -20.8 10.072690884482345
    endloop
  endfacet
  facet normal -0.8032075314806453 0 -0.5956993044924328
    outer loop
      vertex 1.275467248048516 -15 10.202748918870016
      vertex 1.3719248602991996 -20.8 10.072690884482345
      vertex 1.275467248048516 -20.8 10.202748918870016
    endloop
  endfacet
  facet normal -0.7409511253549556 -9.718253778921241e-17 -0.6715589548470223
    outer loop
      vertex 1.167018401672156 -15 10.322403781910767
      vertex 1.275467248048516 -20.8 10.202748918870016
      vertex 1.1667261889578033 -20.8 10.322726188957803
    endloop
  endfacet
  facet normal -0.8577286100002723 0 0.5141027441932213
    outer loop
      vertex 1.3719248602991996 -20.810000000000002 8.239309115517656
      vertex 1.4551700861747858 -15 8.378195384237104
      vertex 1.3719248602991996 -15 8.239309115517656
    endloop
  endfacet
  facet normal -0.9039892931234438 0 0.4275550934302812
    outer loop
      vertex 1.4551700861747858 -20.810000000000002 8.378195384237104
      vertex 1.524401228643623 -15 8.524572336597602
      vertex 1.4551700861747858 -15 8.378195384237104
    endloop
  endfacet
  facet normal -0.9415440651830214 0 0.3368898533922184
    outer loop
      vertex 1.524401228643623 -20.810000000000002 8.524572336597602
      vertex 1.5789515539581445 -15 8.677030282530138
      vertex 1.524401228643623 -15 8.524572336597602
    endloop
  endfacet
  facet normal -0.9700312531945441 0 0.2429801799032637
    outer loop
      vertex 1.5789515539581445 -20.810000000000002 8.677030282530138
      vertex 1.6182957126653301 -15 8.83410096867339
      vertex 1.5789515539581445 -15 8.677030282530138
    endloop
  endfacet
  facet normal -0.9891765099647809 0 0.14673047445536272
    outer loop
      vertex 1.6182957126653301 -20.810000000000002 8.83410096867339
      vertex 1.6420547990091248 -15 8.994271718456226
      vertex 1.6182957126653301 -15 8.83410096867339
    endloop
  endfacet
  facet normal -0.9987954562051724 0 0.04906767432741804
    outer loop
      vertex 1.6420547990091248 -20.810000000000002 8.994271718456226
      vertex 1.65 -15 9.156
      vertex 1.6420547990091248 -15 8.994271718456226
    endloop
  endfacet
  facet normal -0.9987954562051723 0 -0.049067674327418036
    outer loop
      vertex 1.65 -15 9.156
      vertex 1.65 -20.8 9.156
      vertex 1.6420547990091248 -15 9.317728281543776
    endloop
  endfacet
  facet normal -0.9891765099647808 0 -0.1467304744553627
    outer loop
      vertex 1.6420547990091248 -15 9.317728281543776
      vertex 1.6420547990091248 -20.8 9.317728281543776
      vertex 1.6182957126653301 -15 9.477899031326611
    endloop
  endfacet
  facet normal -0.9700312531945441 0 -0.2429801799032637
    outer loop
      vertex 1.6182957126653301 -15 9.477899031326611
      vertex 1.6182957126653301 -20.8 9.477899031326611
      vertex 1.5789515539581445 -15 9.634969717469863
    endloop
  endfacet
  facet normal -0.9039892931234438 0 -0.4275550934302812
    outer loop
      vertex 1.524401228643623 -15 9.787427663402399
      vertex 1.524401228643623 -20.8 9.787427663402399
      vertex 1.4551700861747858 -15 9.933804615762897
    endloop
  endfacet
  facet normal -0.9415440651830215 0 -0.33688985339221833
    outer loop
      vertex 1.5789515539581445 -15 9.634969717469863
      vertex 1.5789515539581445 -20.8 9.634969717469863
      vertex 1.524401228643623 -15 9.787427663402399
    endloop
  endfacet
  facet normal -0.8577286100002723 0 -0.5141027441932213
    outer loop
      vertex 1.4551700861747858 -15 9.933804615762897
      vertex 1.4551700861747858 -20.8 9.933804615762897
      vertex 1.3719248602991996 -15 10.072690884482345
    endloop
  endfacet
  facet normal -0.8032075314806453 0 -0.5956993044924328
    outer loop
      vertex 1.3719248602991996 -15 10.072690884482345
      vertex 1.3719248602991996 -20.8 10.072690884482345
      vertex 1.275467248048516 -15 10.202748918870016
    endloop
  endfacet
  facet normal -0.7409511253549532 0 -0.671558954847025
    outer loop
      vertex 1.275467248048516 -15 10.202748918870016
      vertex 1.275467248048516 -20.8 10.202748918870016
      vertex 1.167018401672156 -15 10.322403781910767
    endloop
  endfacet
  facet normal -0.04906767432742217 0 0.9987954562051722
    outer loop
      vertex 0 -20.810000000000002 7.506
      vertex 0.161728281543775 -20.810000000000002 7.513945200990876
      vertex 0.161728281543775 24.810000000000002 7.513945200990876
    endloop
  endfacet
  facet normal -0.1467304744553606 0 0.9891765099647811
    outer loop
      vertex 0.161728281543775 -20.810000000000002 7.513945200990876
      vertex 0.3218990313266116 -20.810000000000002 7.5377042873346705
      vertex 0.3218990313266116 24.810000000000002 7.5377042873346705
    endloop
  endfacet
  facet normal -0.24298017990326545 0 0.9700312531945435
    outer loop
      vertex 0.3218990313266116 -20.810000000000002 7.5377042873346705
      vertex 0.47896971746986283 -20.810000000000002 7.577048446041856
      vertex 0.47896971746986283 24.810000000000002 7.577048446041856
    endloop
  endfacet
  facet normal -0.3368898533922172 0 0.9415440651830218
    outer loop
      vertex 0.47896971746986283 -20.810000000000002 7.577048446041856
      vertex 0.6314276634023981 -20.810000000000002 7.631598771356377
      vertex 0.6314276634023981 24.810000000000002 7.631598771356377
    endloop
  endfacet
  facet normal -0.4275550934302848 0 0.903989293123442
    outer loop
      vertex 0.6314276634023981 -20.810000000000002 7.631598771356377
      vertex 0.7778046157628961 -20.810000000000002 7.700829913825215
      vertex 0.7778046157628961 24.810000000000002 7.700829913825215
    endloop
  endfacet
  facet normal -0.5141027441932191 0 0.8577286100002736
    outer loop
      vertex 0.7778046157628961 -20.810000000000002 7.700829913825215
      vertex 0.9166908844823436 -20.810000000000002 7.784075139700801
      vertex 0.9166908844823436 24.810000000000002 7.784075139700801
    endloop
  endfacet
  facet normal -0.5956993044924346 0 0.803207531480644
    outer loop
      vertex 0.9166908844823436 -20.810000000000002 7.784075139700801
      vertex 1.046748918870015 -20.810000000000002 7.880532751951485
      vertex 1.046748918870015 24.810000000000002 7.880532751951485
    endloop
  endfacet
  facet normal -0.6715589548470212 0 0.7409511253549566
    outer loop
      vertex 1.046748918870015 -20.810000000000002 7.880532751951485
      vertex 1.1602972614102276 -15 7.983446970759624
      vertex 1.1602972614102276 15 7.983446970759624
    endloop
  endfacet
  facet normal -0.5956993044924309 0 -0.8032075314806466
    outer loop
      vertex 1.046748918870015 -20.8 10.431467248048516
      vertex 0.9166908844823436 -20.8 10.5279248602992
      vertex 0.9166908844823436 24.8 10.5279248602992
    endloop
  endfacet
  facet normal -0.04906767432741669 0 -0.9987954562051725
    outer loop
      vertex 0 -20.8 10.806000000000001
      vertex 0 24.8 10.806000000000001
      vertex 0.161728281543775 -20.8 10.798054799009126
    endloop
  endfacet
  facet normal -0.1467304744553606 0 -0.9891765099647811
    outer loop
      vertex 0.161728281543775 24.8 10.798054799009126
      vertex 0.3218990313266116 -20.8 10.774295712665332
      vertex 0.161728281543775 -20.8 10.798054799009126
    endloop
  endfacet
  facet normal -0.24298017990326548 0 -0.9700312531945436
    outer loop
      vertex 0.3218990313266116 24.8 10.774295712665332
      vertex 0.47896971746986283 -20.8 10.734951553958146
      vertex 0.3218990313266116 -20.8 10.774295712665332
    endloop
  endfacet
  facet normal -0.33688985339222693 0 -0.9415440651830185
    outer loop
      vertex 0.47896971746986283 24.8 10.734951553958146
      vertex 0.6314276634023981 -20.8 10.680401228643623
      vertex 0.47896971746986283 -20.8 10.734951553958146
    endloop
  endfacet
  facet normal -0.42755509343028036 0 -0.9039892931234441
    outer loop
      vertex 0.6314276634023981 24.8 10.680401228643623
      vertex 0.7778046157628961 -20.8 10.611170086174786
      vertex 0.6314276634023981 -20.8 10.680401228643623
    endloop
  endfacet
  facet normal -0.5141027441932231 0 -0.8577286100002712
    outer loop
      vertex 0.9166908844823436 -20.8 10.5279248602992
      vertex 0.7778046157628961 -20.8 10.611170086174786
      vertex 0.7778046157628961 24.8 10.611170086174786
    endloop
  endfacet
  facet normal -0.6715589548470197 0 -0.7409511253549579
    outer loop
      vertex 1.1667261889578033 -20.8 10.322726188957803
      vertex 1.046748918870015 -20.8 10.431467248048516
      vertex 1.046748918870015 24.8 10.431467248048516
    endloop
  endfacet
  facet normal -0.7409511253558254 0 -0.6715589548460625
    outer loop
      vertex 1.167018401672156 -15 10.322403781910767
      vertex 1.1667261889578033 -20.8 10.322726188957803
      vertex 1.1667261889578033 24.8 10.322726188957803
    endloop
  endfacet
  facet normal -0.6715589548470285 4.2181128760979436e-17 0.7409511253549498
    outer loop
      vertex 1.046748918870015 -20.810000000000002 7.880532751951485
      vertex 1.1602972614102276 15 7.983446970759624
      vertex 1.1667261889578033 24.810000000000002 7.989273811042198
    endloop
  endfacet
  facet normal -0.04906767432742217 0 0.9987954562051722
    outer loop
      vertex 0 -20.810000000000002 7.506
      vertex 0.161728281543775 24.810000000000002 7.513945200990876
      vertex 0 24.810000000000002 7.506
    endloop
  endfacet
  facet normal -0.1467304744553606 0 0.9891765099647811
    outer loop
      vertex 0.161728281543775 -20.810000000000002 7.513945200990876
      vertex 0.3218990313266116 24.810000000000002 7.5377042873346705
      vertex 0.161728281543775 24.810000000000002 7.513945200990876
    endloop
  endfacet
  facet normal -0.24298017990326545 0 0.9700312531945435
    outer loop
      vertex 0.3218990313266116 -20.810000000000002 7.5377042873346705
      vertex 0.47896971746986283 24.810000000000002 7.577048446041856
      vertex 0.3218990313266116 24.810000000000002 7.5377042873346705
    endloop
  endfacet
  facet normal -0.3368898533922172 0 0.9415440651830218
    outer loop
      vertex 0.47896971746986283 -20.810000000000002 7.577048446041856
      vertex 0.6314276634023981 24.810000000000002 7.631598771356377
      vertex 0.47896971746986283 24.810000000000002 7.577048446041856
    endloop
  endfacet
  facet normal -0.4275550934302848 0 0.903989293123442
    outer loop
      vertex 0.6314276634023981 -20.810000000000002 7.631598771356377
      vertex 0.7778046157628961 24.810000000000002 7.700829913825215
      vertex 0.6314276634023981 24.810000000000002 7.631598771356377
    endloop
  endfacet
  facet normal -0.5141027441932191 0 0.8577286100002736
    outer loop
      vertex 0.7778046157628961 -20.810000000000002 7.700829913825215
      vertex 0.9166908844823436 24.810000000000002 7.784075139700801
      vertex 0.7778046157628961 24.810000000000002 7.700829913825215
    endloop
  endfacet
  facet normal -0.5956993044924346 0 0.803207531480644
    outer loop
      vertex 0.9166908844823436 -20.810000000000002 7.784075139700801
      vertex 1.046748918870015 24.810000000000002 7.880532751951485
      vertex 0.9166908844823436 24.810000000000002 7.784075139700801
    endloop
  endfacet
  facet normal -0.6715589548470197 0 0.7409511253549579
    outer loop
      vertex 1.046748918870015 -20.810000000000002 7.880532751951485
      vertex 1.1667261889578033 24.810000000000002 7.989273811042198
      vertex 1.046748918870015 24.810000000000002 7.880532751951485
    endloop
  endfacet
  facet normal -0.7409511253558255 0 -0.6715589548460625
    outer loop
      vertex 1.167018401672156 -15 10.322403781910767
      vertex 1.1667261889578033 24.8 10.322726188957803
      vertex 1.167018401672156 15 10.322403781910767
    endloop
  endfacet
  facet normal -0.5956993044924309 0 -0.8032075314806466
    outer loop
      vertex 1.046748918870015 -20.8 10.431467248048516
      vertex 0.9166908844823436 24.8 10.5279248602992
      vertex 1.046748918870015 24.8 10.431467248048516
    endloop
  endfacet
  facet normal -0.5141027441932231 0 -0.8577286100002712
    outer loop
      vertex 0.7778046157628961 24.8 10.611170086174786
      vertex 0.9166908844823436 24.8 10.5279248602992
      vertex 0.9166908844823436 -20.8 10.5279248602992
    endloop
  endfacet
  facet normal -0.04906767432741669 0 -0.9987954562051725
    outer loop
      vertex 0 24.8 10.806000000000001
      vertex 0.161728281543775 24.8 10.798054799009126
      vertex 0.161728281543775 -20.8 10.798054799009126
    endloop
  endfacet
  facet normal -0.1467304744553606 0 -0.9891765099647811
    outer loop
      vertex 0.161728281543775 24.8 10.798054799009126
      vertex 0.3218990313266116 24.8 10.774295712665332
      vertex 0.3218990313266116 -20.8 10.774295712665332
    endloop
  endfacet
  facet normal -0.24298017990326548 0 -0.9700312531945436
    outer loop
      vertex 0.3218990313266116 24.8 10.774295712665332
      vertex 0.47896971746986283 24.8 10.734951553958146
      vertex 0.47896971746986283 -20.8 10.734951553958146
    endloop
  endfacet
  facet normal -0.42755509343028036 0 -0.9039892931234441
    outer loop
      vertex 0.6314276634023981 24.8 10.680401228643623
      vertex 0.7778046157628961 24.8 10.611170086174786
      vertex 0.7778046157628961 -20.8 10.611170086174786
    endloop
  endfacet
  facet normal -0.33688985339222693 0 -0.9415440651830185
    outer loop
      vertex 0.47896971746986283 24.8 10.734951553958146
      vertex 0.6314276634023981 24.8 10.680401228643623
      vertex 0.6314276634023981 -20.8 10.680401228643623
    endloop
  endfacet
  facet normal -0.6715589548470197 0 -0.7409511253549579
    outer loop
      vertex 1.1667261889578033 -20.8 10.322726188957803
      vertex 1.046748918870015 24.8 10.431467248048516
      vertex 1.1667261889578033 24.8 10.322726188957803
    endloop
  endfacet
  facet normal -0.671558954846993 0 0.7409511253549822
    outer loop
      vertex 1.1667261889578033 15 7.989273811042198
      vertex 1.1667261889578033 24.810000000000002 7.989273811042198
      vertex 1.1602972614102276 15 7.983446970759624
    endloop
  endfacet
  facet normal -0.7409511253549554 0 0.6715589548470223
    outer loop
      vertex 1.1667261889578033 15 7.989273811042198
      vertex 1.275467248048516 15 8.109251081129985
      vertex 1.275467248048516 24.810000000000002 8.109251081129985
    endloop
  endfacet
  facet normal -0.7409511253549554 0 0.6715589548470223
    outer loop
      vertex 1.1667261889578033 15 7.989273811042198
      vertex 1.275467248048516 24.810000000000002 8.109251081129985
      vertex 1.1667261889578033 24.810000000000002 7.989273811042198
    endloop
  endfacet
  facet normal -0.8032075314806453 0 0.5956993044924327
    outer loop
      vertex 1.275467248048516 15 8.109251081129985
      vertex 1.3719248602991996 24.810000000000002 8.239309115517656
      vertex 1.275467248048516 24.810000000000002 8.109251081129985
    endloop
  endfacet
  facet normal -0.8032075314806453 0 0.5956993044924327
    outer loop
      vertex 1.275467248048516 15 8.109251081129985
      vertex 1.3719248602991996 15 8.239309115517656
      vertex 1.3719248602991996 24.810000000000002 8.239309115517656
    endloop
  endfacet
  facet normal -0.8577286100002723 0 0.5141027441932213
    outer loop
      vertex 1.3719248602991996 15 8.239309115517656
      vertex 1.4551700861747858 15 8.378195384237104
      vertex 1.4551700861747858 24.810000000000002 8.378195384237104
    endloop
  endfacet
  facet normal -0.9039892931234438 0 0.42755509343028125
    outer loop
      vertex 1.4551700861747858 15 8.378195384237104
      vertex 1.524401228643623 15 8.524572336597602
      vertex 1.524401228643623 24.810000000000002 8.524572336597602
    endloop
  endfacet
  facet normal -0.9415440651830215 0 0.33688985339221833
    outer loop
      vertex 1.524401228643623 15 8.524572336597602
      vertex 1.5789515539581445 15 8.677030282530138
      vertex 1.5789515539581445 24.810000000000002 8.677030282530138
    endloop
  endfacet
  facet normal -0.9700312531945441 0 0.24298017990326368
    outer loop
      vertex 1.5789515539581445 15 8.677030282530138
      vertex 1.6182957126653301 15 8.83410096867339
      vertex 1.6182957126653301 24.810000000000002 8.83410096867339
    endloop
  endfacet
  facet normal -0.9891765099647808 0 0.1467304744553627
    outer loop
      vertex 1.6182957126653301 15 8.83410096867339
      vertex 1.6420547990091248 15 8.994271718456226
      vertex 1.6420547990091248 24.810000000000002 8.994271718456226
    endloop
  endfacet
  facet normal -0.9987954562051725 0 0.04906767432741805
    outer loop
      vertex 1.6420547990091248 15 8.994271718456226
      vertex 1.65 15 9.156
      vertex 1.65 24.8 9.156
    endloop
  endfacet
  facet normal -0.9987954562051725 0 -0.04906767432741805
    outer loop
      vertex 1.65 15 9.156
      vertex 1.6420547990091248 15 9.317728281543776
      vertex 1.6420547990091248 24.8 9.317728281543776
    endloop
  endfacet
  facet normal -0.9891765099647808 0 -0.1467304744553627
    outer loop
      vertex 1.6420547990091248 15 9.317728281543776
      vertex 1.6182957126653301 15 9.477899031326611
      vertex 1.6182957126653301 24.8 9.477899031326611
    endloop
  endfacet
  facet normal -0.8577286100002723 0 0.5141027441932213
    outer loop
      vertex 1.3719248602991996 15 8.239309115517656
      vertex 1.4551700861747858 24.810000000000002 8.378195384237104
      vertex 1.3719248602991996 24.810000000000002 8.239309115517656
    endloop
  endfacet
  facet normal -0.9039892931234438 0 0.42755509343028125
    outer loop
      vertex 1.4551700861747858 15 8.378195384237104
      vertex 1.524401228643623 24.810000000000002 8.524572336597602
      vertex 1.4551700861747858 24.810000000000002 8.378195384237104
    endloop
  endfacet
  facet normal -0.9415440651830215 0 0.33688985339221833
    outer loop
      vertex 1.524401228643623 15 8.524572336597602
      vertex 1.5789515539581445 24.810000000000002 8.677030282530138
      vertex 1.524401228643623 24.810000000000002 8.524572336597602
    endloop
  endfacet
  facet normal -0.9700312531945441 0 0.24298017990326368
    outer loop
      vertex 1.5789515539581445 15 8.677030282530138
      vertex 1.6182957126653301 24.810000000000002 8.83410096867339
      vertex 1.5789515539581445 24.810000000000002 8.677030282530138
    endloop
  endfacet
  facet normal -0.9891765099647808 0 0.1467304744553627
    outer loop
      vertex 1.6182957126653301 15 8.83410096867339
      vertex 1.6420547990091248 24.810000000000002 8.994271718456226
      vertex 1.6182957126653301 24.810000000000002 8.83410096867339
    endloop
  endfacet
  facet normal -0.9987954562051724 0 0.04906767432741804
    outer loop
      vertex 1.6420547990091248 15 8.994271718456226
      vertex 1.65 24.810000000000002 9.156
      vertex 1.6420547990091248 24.810000000000002 8.994271718456226
    endloop
  endfacet
  facet normal -0.9987954562051726 0 0.04906767432741217
    outer loop
      vertex 1.6420547990091248 15 8.994271718456226
      vertex 1.65 24.8 9.156
      vertex 1.65 24.810000000000002 9.156
    endloop
  endfacet
  facet normal -0.9987954562051725 0 -0.04906767432741805
    outer loop
      vertex 1.65 15 9.156
      vertex 1.6420547990091248 24.8 9.317728281543776
      vertex 1.65 24.8 9.156
    endloop
  endfacet
  facet normal -0.9891765099647808 0 -0.1467304744553627
    outer loop
      vertex 1.6420547990091248 15 9.317728281543776
      vertex 1.6182957126653301 24.8 9.477899031326611
      vertex 1.6420547990091248 24.8 9.317728281543776
    endloop
  endfacet
  facet normal -0.9700312531945441 0 -0.24298017990326373
    outer loop
      vertex 1.6182957126653301 15 9.477899031326611
      vertex 1.5789515539581445 24.8 9.634969717469863
      vertex 1.6182957126653301 24.8 9.477899031326611
    endloop
  endfacet
  facet normal -0.9415440651830214 0 -0.3368898533922184
    outer loop
      vertex 1.5789515539581445 15 9.634969717469863
      vertex 1.524401228643623 15 9.787427663402399
      vertex 1.524401228643623 24.8 9.787427663402399
    endloop
  endfacet
  facet normal -0.9700312531945441 0 -0.24298017990326373
    outer loop
      vertex 1.6182957126653301 15 9.477899031326611
      vertex 1.5789515539581445 15 9.634969717469863
      vertex 1.5789515539581445 24.8 9.634969717469863
    endloop
  endfacet
  facet normal -0.9039892931234438 0 -0.42755509343028125
    outer loop
      vertex 1.524401228643623 15 9.787427663402399
      vertex 1.4551700861747858 15 9.933804615762897
      vertex 1.4551700861747858 24.8 9.933804615762897
    endloop
  endfacet
  facet normal -0.8577286100002725 0 -0.5141027441932213
    outer loop
      vertex 1.4551700861747858 15 9.933804615762897
      vertex 1.3719248602991996 15 10.072690884482345
      vertex 1.3719248602991996 24.8 10.072690884482345
    endloop
  endfacet
  facet normal -0.8032075314806454 0 -0.5956993044924328
    outer loop
      vertex 1.3719248602991996 15 10.072690884482345
      vertex 1.275467248048516 15 10.202748918870016
      vertex 1.275467248048516 24.8 10.202748918870016
    endloop
  endfacet
  facet normal -0.7409511253549531 5.809506710669371e-17 -0.6715589548470249
    outer loop
      vertex 1.275467248048516 15 10.202748918870016
      vertex 1.167018401672156 15 10.322403781910767
      vertex 1.1667261889578033 24.8 10.322726188957803
    endloop
  endfacet
  facet normal -0.9039892931234438 0 -0.42755509343028125
    outer loop
      vertex 1.524401228643623 15 9.787427663402399
      vertex 1.4551700861747858 24.8 9.933804615762897
      vertex 1.524401228643623 24.8 9.787427663402399
    endloop
  endfacet
  facet normal -0.9415440651830214 0 -0.3368898533922184
    outer loop
      vertex 1.5789515539581445 15 9.634969717469863
      vertex 1.524401228643623 24.8 9.787427663402399
      vertex 1.5789515539581445 24.8 9.634969717469863
    endloop
  endfacet
  facet normal -0.8577286100002725 0 -0.5141027441932213
    outer loop
      vertex 1.4551700861747858 15 9.933804615762897
      vertex 1.3719248602991996 24.8 10.072690884482345
      vertex 1.4551700861747858 24.8 9.933804615762897
    endloop
  endfacet
  facet normal -0.8032075314806454 0 -0.5956993044924328
    outer loop
      vertex 1.3719248602991996 15 10.072690884482345
      vertex 1.275467248048516 24.8 10.202748918870016
      vertex 1.3719248602991996 24.8 10.072690884482345
    endloop
  endfacet
  facet normal -0.7409511253549554 0 -0.6715589548470223
    outer loop
      vertex 1.275467248048516 15 10.202748918870016
      vertex 1.1667261889578033 24.8 10.322726188957803
      vertex 1.275467248048516 24.8 10.202748918870016
    endloop
  endfacet
  facet normal 0 -1 0
    outer loop
      vertex -0.161728281543775 24.810000000000002 7.513945200990876
      vertex 0 24.810000000000002 7.506
      vertex 0.161728281543775 24.810000000000002 7.513945200990876
    endloop
  endfacet
  facet normal 0 -1 0
    outer loop
      vertex -0.3218990313266116 24.810000000000002 7.5377042873346705
      vertex 0.161728281543775 24.810000000000002 7.513945200990876
      vertex 0.3218990313266116 24.810000000000002 7.5377042873346705
    endloop
  endfacet
  facet normal 0 -1 0
    outer loop
      vertex -0.47896971746986283 24.810000000000002 7.577048446041856
      vertex 0.3218990313266116 24.810000000000002 7.5377042873346705
      vertex 0.47896971746986283 24.810000000000002 7.577048446041856
    endloop
  endfacet
  facet normal 0 -1 0
    outer loop
      vertex -0.6314276634023981 24.810000000000002 7.631598771356377
      vertex 0.47896971746986283 24.810000000000002 7.577048446041856
      vertex 0.6314276634023981 24.810000000000002 7.631598771356377
    endloop
  endfacet
  facet normal 0 -1 0
    outer loop
      vertex -0.7778046157628961 24.810000000000002 7.700829913825215
      vertex 0.6314276634023981 24.810000000000002 7.631598771356377
      vertex 0.7778046157628961 24.810000000000002 7.700829913825215
    endloop
  endfacet
  facet normal 0 -1 0
    outer loop
      vertex -0.9166908844823436 24.810000000000002 7.784075139700801
      vertex 0.7778046157628961 24.810000000000002 7.700829913825215
      vertex 0.9166908844823436 24.810000000000002 7.784075139700801
    endloop
  endfacet
  facet normal 0 -1 0
    outer loop
      vertex -1.046748918870015 24.810000000000002 7.880532751951485
      vertex 0.9166908844823436 24.810000000000002 7.784075139700801
      vertex 1.046748918870015 24.810000000000002 7.880532751951485
    endloop
  endfacet
  facet normal 0 -1 0
    outer loop
      vertex -1.1667261889578033 24.810000000000002 7.989273811042198
      vertex 1.046748918870015 24.810000000000002 7.880532751951485
      vertex 1.1667261889578033 24.810000000000002 7.989273811042198
    endloop
  endfacet
  facet normal 0 -1 0
    outer loop
      vertex -1.275467248048516 24.810000000000002 8.109251081129985
      vertex 1.1667261889578033 24.810000000000002 7.989273811042198
      vertex 1.275467248048516 24.810000000000002 8.109251081129985
    endloop
  endfacet
  facet normal 0 -1 0
    outer loop
      vertex -1.3719248602991996 24.810000000000002 8.239309115517656
      vertex 1.275467248048516 24.810000000000002 8.109251081129985
      vertex 1.3719248602991996 24.810000000000002 8.239309115517656
    endloop
  endfacet
  facet normal 0 -1 0
    outer loop
      vertex -1.4551700861747858 24.810000000000002 8.378195384237104
      vertex 1.3719248602991996 24.810000000000002 8.239309115517656
      vertex 1.4551700861747858 24.810000000000002 8.378195384237104
    endloop
  endfacet
  facet normal 0 -1 0
    outer loop
      vertex -1.524401228643623 24.810000000000002 8.524572336597602
      vertex 1.4551700861747858 24.810000000000002 8.378195384237104
      vertex 1.524401228643623 24.810000000000002 8.524572336597602
    endloop
  endfacet
  facet normal 0 -1 0
    outer loop
      vertex -1.5789515539581445 24.810000000000002 8.677030282530138
      vertex 1.524401228643623 24.810000000000002 8.524572336597602
      vertex 1.5789515539581445 24.810000000000002 8.677030282530138
    endloop
  endfacet
  facet normal 0 -1 0
    outer loop
      vertex -1.6182957126653301 24.810000000000002 8.83410096867339
      vertex 1.5789515539581445 24.810000000000002 8.677030282530138
      vertex 1.6182957126653301 24.810000000000002 8.83410096867339
    endloop
  endfacet
  facet normal 0 -1 0
    outer loop
      vertex -1.6420547990091248 24.810000000000002 8.994271718456226
      vertex 1.6182957126653301 24.810000000000002 8.83410096867339
      vertex 1.6420547990091248 24.810000000000002 8.994271718456226
    endloop
  endfacet
  facet normal 0 -1 0
    outer loop
      vertex 1.6420547990091248 24.810000000000002 8.994271718456226
      vertex 1.65 24.810000000000002 9.156
      vertex -1.65 24.810000000000002 9.156
    endloop
  endfacet
  facet normal 0 0 1
    outer loop
      vertex 3 20.8 4.146000000000001
      vertex 5 20.8 4.146000000000001
      vertex 5 22.293816254416964 4.146000000000001
    endloop
  endfacet
  facet normal 0 0 1
    outer loop
      vertex 3 20.8 4.146000000000001
      vertex 5 22.293816254416964 4.146000000000001
      vertex 3 22.29381625441696 4.146000000000001
    endloop
  endfacet
  facet normal 0 1 0
    outer loop
      vertex 3 20.8 4.146000000000001
      vertex 5 20.8 9.156
      vertex 5 20.8 4.146000000000001
    endloop
  endfacet
  facet normal 0 1 0
    outer loop
      vertex 3 20.8 4.146000000000001
      vertex 4.975923633360985 20.8 9.646085701647804
      vertex 5 20.8 9.156
    endloop
  endfacet
  facet normal 0 1 0
    outer loop
      vertex 3 20.8 4.146000000000001
      vertex 4.903926402016152 20.8 10.131451610080642
      vertex 4.975923633360985 20.8 9.646085701647804
    endloop
  endfacet
  facet normal 0 1 0
    outer loop
      vertex 3 20.8 4.146000000000001
      vertex 4.409606321741776 20.8 11.512983684129988
      vertex 4.619397662556434 20.8 11.069417161825449
    endloop
  endfacet
  facet normal 0 1 0
    outer loop
      vertex 3 20.8 4.146000000000001
      vertex 4.157348061512726 20.8 11.933851165098012
      vertex 4.409606321741776 20.8 11.512983684129988
    endloop
  endfacet
  facet normal 0 1 0
    outer loop
      vertex 3 20.8 4.146000000000001
      vertex 3.865052266813685 20.8 12.327966420818228
      vertex 4.157348061512726 20.8 11.933851165098012
    endloop
  endfacet
  facet normal 0 1 0
    outer loop
      vertex 3 20.8 4.146000000000001
      vertex 3 20.8 13.14859125675397
      vertex 3.1719664208182277 20.8 13.021052266813685
    endloop
  endfacet
  facet normal 0 1 0
    outer loop
      vertex 3 20.8 4.146000000000001
      vertex 3.5355339059327378 20.8 12.691533905932738
      vertex 3.865052266813685 20.8 12.327966420818228
    endloop
  endfacet
  facet normal 0 1 0
    outer loop
      vertex 3 20.8 4.146000000000001
      vertex 3.1719664208182277 20.8 13.021052266813685
      vertex 3.5355339059327378 20.8 12.691533905932738
    endloop
  endfacet
  facet normal 0 1 0
    outer loop
      vertex 3 20.8 4.146000000000001
      vertex 4.784701678661044 20.8 10.607423386272313
      vertex 4.903926402016152 20.8 10.131451610080642
    endloop
  endfacet
  facet normal 0 1 0
    outer loop
      vertex 3 20.8 4.146000000000001
      vertex 4.619397662556434 20.8 11.069417161825449
      vertex 4.784701678661044 20.8 10.607423386272313
    endloop
  endfacet
  facet normal 1 0 0
    outer loop
      vertex 3 20.8 4.146000000000001
      vertex 3 22.29381625441696 4.146000000000001
      vertex 3 28.8 9.156
    endloop
  endfacet
  facet normal 1 0 0
    outer loop
      vertex 3 24.8 6.0373333333333346
      vertex 3 23.641972716315408 5.1634087432460305
      vertex 3 24.8 5.1634087432460305
    endloop
  endfacet
  facet normal 1 0 0
    outer loop
      vertex 3 23.641972716315408 5.1634087432460305
      vertex 3 28.8 9.156
      vertex 3 22.29381625441696 4.146000000000001
    endloop
  endfacet
  facet normal 1 0 0
    outer loop
      vertex 3 20.8 4.146000000000001
      vertex 3 28.8 9.156
      vertex 3 24.8 9.156
    endloop
  endfacet
  facet normal 1 0 0
    outer loop
      vertex 3 24.8 6.0373333333333346
      vertex 3 28.8 9.156
      vertex 3 23.641972716315408 5.1634087432460305
    endloop
  endfacet
  facet normal 1 0 0
    outer loop
      vertex 3 24.8 6.0373333333333346
      vertex 3 28.8 9.056000000000001
      vertex 3 28.8 9.156
    endloop
  endfacet
  facet normal 1 0 0
    outer loop
      vertex 3 20.8 4.146000000000001
      vertex 3 24.8 9.156
      vertex 3 20.8 13.14859125675397
    endloop
  endfacet
  facet normal 1 0 0
    outer loop
      vertex 3 24.8 9.156
      vertex 3 24.8 13.14859125675397
      vertex 3 20.8 13.14859125675397
    endloop
  endfacet
endsolid OpenSCAD_Model
