solid OpenSCAD_Model
  facet normal 0 0 -1
    outer loop
      vertex -83.0920588235294 4.95 0
      vertex -110.54999999701977 0.3999999985098839 0
      vertex -103.95 11 0
    endloop
  endfacet
  facet normal 0 0 -1
    outer loop
      vertex -110.54999999701977 0.3999999985098839 0
      vertex -81.30676052519999 2.1476430102599116 0
      vertex -81.05754640199493 2.0444151404934545 0
    endloop
  endfacet
  facet normal 0 0 -1
    outer loop
      vertex -110.54999999701977 0.3999999985098839 0
      vertex -81.05754640199493 2.0444151404934545 0
      vertex -80.8002837121067 1.9633005259479488 0
    endloop
  endfacet
  facet normal 0 0 -1
    outer loop
      vertex -110.54999999701977 0.3999999985098839 0
      vertex -80.8002837121067 1.9633005259479488 0
      vertex -80.53693037994483 1.9049164978184288 0
    endloop
  endfacet
  facet normal 0 0 -1
    outer loop
      vertex -110.54999999701977 0.3999999985098839 0
      vertex -80.53693037994483 1.9049164978184288 0
      vertex -80.26949068338415 1.8697073938122 0
    endloop
  endfacet
  facet normal 0 0 -1
    outer loop
      vertex -110.54999999701977 0.3999999985098839 0
      vertex -82.6778014911723 3.4039705882352944 0
      vertex -82.53286630635593 3.176467919012192 0
    endloop
  endfacet
  facet normal 0 0 -1
    outer loop
      vertex -110.54999999701977 0.3999999985098839 0
      vertex -82.80235698974009 3.643239474800008 0
      vertex -82.6778014911723 3.4039705882352944 0
    endloop
  endfacet
  facet normal 0 0 -1
    outer loop
      vertex -110.54999999701977 0.3999999985098839 0
      vertex -82.90558485950655 3.8924535980050723 0
      vertex -82.80235698974009 3.643239474800008 0
    endloop
  endfacet
  facet normal 0 0 -1
    outer loop
      vertex -110.54999999701977 0.3999999985098839 0
      vertex -82.98669947405206 4.149716287893295 0
      vertex -82.90558485950655 3.8924535980050723 0
    endloop
  endfacet
  facet normal 0 0 -1
    outer loop
      vertex -110.54999999701977 0.3999999985098839 0
      vertex -83.04508350218157 4.413069620055165 0
      vertex -82.98669947405206 4.149716287893295 0
    endloop
  endfacet
  facet normal 0 0 -1
    outer loop
      vertex -110.54999999701977 0.3999999985098839 0
      vertex -82.18641576194536 2.763584238054655 0
      vertex -81.98753710018664 2.5813455204382896 0
    endloop
  endfacet
  facet normal 0 0 -1
    outer loop
      vertex -110.54999999701977 0.3999999985098839 0
      vertex -81.7735320809878 2.4171336936440673 0
      vertex -81.5460294117647 2.272198508827705 0
    endloop
  endfacet
  facet normal 0 0 -1
    outer loop
      vertex -110.54999999701977 0.3999999985098839 0
      vertex -81.5460294117647 2.272198508827705 0
      vertex -81.30676052519999 2.1476430102599116 0
    endloop
  endfacet
  facet normal 0 0 -1
    outer loop
      vertex -110.54999999701977 0.3999999985098839 0
      vertex -81.98753710018664 2.5813455204382896 0
      vertex -81.7735320809878 2.4171336936440673 0
    endloop
  endfacet
  facet normal 0 0 -1
    outer loop
      vertex -110.54999999701977 0.3999999985098839 0
      vertex -82.3686544795617 2.962462899813357 0
      vertex -82.18641576194536 2.763584238054655 0
    endloop
  endfacet
  facet normal 0 0 -1
    outer loop
      vertex -110.54999999701977 0.3999999985098839 0
      vertex -82.53286630635593 3.176467919012192 0
      vertex -82.3686544795617 2.962462899813357 0
    endloop
  endfacet
  facet normal 0 0 -1
    outer loop
      vertex -110.54999999701977 0.3999999985098839 0
      vertex -83.0802926061878 4.6805093166158445 0
      vertex -83.04508350218157 4.413069620055165 0
    endloop
  endfacet
  facet normal 0 0 -1
    outer loop
      vertex -110.54999999701977 0.3999999985098839 0
      vertex -83.0920588235294 4.95 0
      vertex -83.0802926061878 4.6805093166158445 0
    endloop
  endfacet
  facet normal 0 0 -1
    outer loop
      vertex -110.54999999701977 0.3999999985098839 0
      vertex -80.26949068338415 1.8697073938122 0
      vertex -63 0.3999999985098839 0
    endloop
  endfacet
  facet normal 0 0 -1
    outer loop
      vertex -83.0920588235294 4.95 0
      vertex -103.95 11 0
      vertex -83.0802926061878 5.219490683384156 0
    endloop
  endfacet
  facet normal 0 0 -1
    outer loop
      vertex -83.0802926061878 5.219490683384156 0
      vertex -103.95 11 0
      vertex -83.04508350218157 5.486930379944836 0
    endloop
  endfacet
  facet normal 0 0 -1
    outer loop
      vertex -83.04508350218157 5.486930379944836 0
      vertex -103.95 11 0
      vertex -82.98669947405206 5.750283712106706 0
    endloop
  endfacet
  facet normal 0 0 -1
    outer loop
      vertex -82.98669947405206 5.750283712106706 0
      vertex -103.95 11 0
      vertex -82.90558485950655 6.0075464019949285 0
    endloop
  endfacet
  facet normal 0 0 -1
    outer loop
      vertex -82.90558485950655 6.0075464019949285 0
      vertex -103.95 11 0
      vertex -82.80235698974009 6.256760525199992 0
    endloop
  endfacet
  facet normal 0 0 -1
    outer loop
      vertex -82.80235698974009 6.256760525199992 0
      vertex -103.95 11 0
      vertex -82.6778014911723 6.496029411764706 0
    endloop
  endfacet
  facet normal 0 0 -1
    outer loop
      vertex -82.6778014911723 6.496029411764706 0
      vertex -103.95 11 0
      vertex -82.53286630635593 6.723532080987808 0
    endloop
  endfacet
  facet normal 0 0 -1
    outer loop
      vertex -82.3686544795617 6.937537100186643 0
      vertex -82.53286630635593 6.723532080987808 0
      vertex -103.95 11 0
    endloop
  endfacet
  facet normal 0 0 -1
    outer loop
      vertex -82.18641576194536 7.136415761945345 0
      vertex -82.3686544795617 6.937537100186643 0
      vertex -103.95 11 0
    endloop
  endfacet
  facet normal 0 0 -1
    outer loop
      vertex -81.98753710018664 7.318654479561711 0
      vertex -82.18641576194536 7.136415761945345 0
      vertex -103.95 11 0
    endloop
  endfacet
  facet normal 0 0 -1
    outer loop
      vertex -81.7735320809878 7.482866306355933 0
      vertex -81.98753710018664 7.318654479561711 0
      vertex -103.95 11 0
    endloop
  endfacet
  facet normal 0 0 -1
    outer loop
      vertex -81.5460294117647 7.627801491172296 0
      vertex -81.7735320809878 7.482866306355933 0
      vertex -103.95 11 0
    endloop
  endfacet
  facet normal 0 0 -1
    outer loop
      vertex -81.30676052519999 7.752356989740088 0
      vertex -81.5460294117647 7.627801491172296 0
      vertex -103.95 11 0
    endloop
  endfacet
  facet normal 0 0 -1
    outer loop
      vertex -81.05754640199493 7.855584859506545 0
      vertex -81.30676052519999 7.752356989740088 0
      vertex -103.95 11 0
    endloop
  endfacet
  facet normal 0 0 -1
    outer loop
      vertex -80.8002837121067 7.936699474052052 0
      vertex -81.05754640199493 7.855584859506545 0
      vertex -103.95 11 0
    endloop
  endfacet
  facet normal 0 0 -1
    outer loop
      vertex -80.53693037994483 7.995083502181572 0
      vertex -80.8002837121067 7.936699474052052 0
      vertex -103.95 11 0
    endloop
  endfacet
  facet normal 0 0 -1
    outer loop
      vertex -80.26949068338415 8.030292606187801 0
      vertex -80.53693037994483 7.995083502181572 0
      vertex -103.95 11 0
    endloop
  endfacet
  facet normal 0 0 -1
    outer loop
      vertex -80.26949068338415 8.030292606187801 0
      vertex -103.95 11 0
      vertex -80 8.042058823529413 0
    endloop
  endfacet
  facet normal 0 0 -1
    outer loop
      vertex -63 0.3999999985098839 0
      vertex -80.26949068338415 1.8697073938122 0
      vertex -80 1.8579411764705884 0
    endloop
  endfacet
  facet normal 0 0 -1
    outer loop
      vertex -63 0.3999999985098839 0
      vertex -80 1.8579411764705884 0
      vertex -79.73050931661585 1.8697073938122 0
    endloop
  endfacet
  facet normal 0 0 -1
    outer loop
      vertex -63 0.3999999985098839 0
      vertex -79.73050931661585 1.8697073938122 0
      vertex -79.46306962005517 1.9049164978184288 0
    endloop
  endfacet
  facet normal 0 0 -1
    outer loop
      vertex -63 0.3999999985098839 0
      vertex -79.46306962005517 1.9049164978184288 0
      vertex -79.1997162878933 1.9633005259479488 0
    endloop
  endfacet
  facet normal 0 0 -1
    outer loop
      vertex -63 0.3999999985098839 0
      vertex -79.1997162878933 1.9633005259479488 0
      vertex -78.94245359800507 2.0444151404934545 0
    endloop
  endfacet
  facet normal 0 0 -1
    outer loop
      vertex -63 0.3999999985098839 0
      vertex -78.94245359800507 2.0444151404934545 0
      vertex -78.69323947480001 2.1476430102599116 0
    endloop
  endfacet
  facet normal 0 0 -1
    outer loop
      vertex -63 0.3999999985098839 0
      vertex -78.69323947480001 2.1476430102599116 0
      vertex -78.4539705882353 2.272198508827705 0
    endloop
  endfacet
  facet normal 0 0 -1
    outer loop
      vertex -63 0.3999999985098839 0
      vertex -78.4539705882353 2.272198508827705 0
      vertex -78.2264679190122 2.4171336936440673 0
    endloop
  endfacet
  facet normal 0 0 -1
    outer loop
      vertex -63 0.3999999985098839 0
      vertex -78.2264679190122 2.4171336936440673 0
      vertex -78.01246289981336 2.5813455204382896 0
    endloop
  endfacet
  facet normal 0 0 -1
    outer loop
      vertex -63 0.3999999985098839 0
      vertex -78.01246289981336 2.5813455204382896 0
      vertex -77.81358423805464 2.763584238054655 0
    endloop
  endfacet
  facet normal 0 0 -1
    outer loop
      vertex -63 0.3999999985098839 0
      vertex -77.81358423805464 2.763584238054655 0
      vertex -77.6313455204383 2.962462899813357 0
    endloop
  endfacet
  facet normal 0 0 -1
    outer loop
      vertex -63 0.3999999985098839 0
      vertex -77.6313455204383 2.962462899813357 0
      vertex -77.46713369364407 3.176467919012192 0
    endloop
  endfacet
  facet normal 0 0 -1
    outer loop
      vertex -63 0.3999999985098839 0
      vertex -77.46713369364407 3.176467919012192 0
      vertex -77.3221985088277 3.4039705882352944 0
    endloop
  endfacet
  facet normal 0 0 -1
    outer loop
      vertex -63 0.3999999985098839 0
      vertex -77.3221985088277 3.4039705882352944 0
      vertex -77.19764301025991 3.643239474800008 0
    endloop
  endfacet
  facet normal 0 0 -1
    outer loop
      vertex -63 0.3999999985098839 0
      vertex -77.19764301025991 3.643239474800008 0
      vertex -77.09441514049345 3.8924535980050723 0
    endloop
  endfacet
  facet normal 0 0 -1
    outer loop
      vertex -63 0.3999999985098839 0
      vertex -77.09441514049345 3.8924535980050723 0
      vertex -77.01330052594794 4.149716287893295 0
    endloop
  endfacet
  facet normal 0 0 -1
    outer loop
      vertex -76.95491649781843 4.413069620055165 0
      vertex -63 4.390000000000001 0
      vertex -77.01330052594794 4.149716287893295 0
    endloop
  endfacet
  facet normal 0 0 -1
    outer loop
      vertex -63 0.3999999985098839 0
      vertex -77.01330052594794 4.149716287893295 0
      vertex -63 4.390000000000001 0
    endloop
  endfacet
  facet normal 0 -1 0
    outer loop
      vertex -110.95 0 8.6
      vertex -110.95 0 0.39
      vertex -63 0 0.39
    endloop
  endfacet
  facet normal 0 0 -1
    outer loop
      vertex -110.54999999701977 0.3999999985098839 0
      vertex -103.95 91.5 0
      vertex -103.95 11 0
    endloop
  endfacet
  facet normal 0 0 -1
    outer loop
      vertex -80 8.042058823529413 0
      vertex -103.95 11 0
      vertex 79.46306962005517 7.995083502181572 0
    endloop
  endfacet
  facet normal 0 0 -1
    outer loop
      vertex -76.9197073938122 4.6805093166158445 0
      vertex 76.9197073938122 4.6805093166158445 0
      vertex -76.95491649781843 4.413069620055165 0
    endloop
  endfacet
  facet normal 0 0 -1
    outer loop
      vertex -76.9079411764706 4.95 0
      vertex 76.9197073938122 4.6805093166158445 0
      vertex -76.9197073938122 4.6805093166158445 0
    endloop
  endfacet
  facet normal 0 0 -1
    outer loop
      vertex -76.9079411764706 4.95 0
      vertex -76.9197073938122 5.219490683384156 0
      vertex 76.9079411764706 4.95 0
    endloop
  endfacet
  facet normal 0 0 -1
    outer loop
      vertex -76.9197073938122 5.219490683384156 0
      vertex -76.95491649781843 5.486930379944836 0
      vertex 76.9079411764706 4.95 0
    endloop
  endfacet
  facet normal 0 0 -1
    outer loop
      vertex -76.95491649781843 5.486930379944836 0
      vertex -77.01330052594794 5.750283712106706 0
      vertex 76.9079411764706 4.95 0
    endloop
  endfacet
  facet normal 0 0 -1
    outer loop
      vertex -77.01330052594794 5.750283712106706 0
      vertex -77.09441514049345 6.0075464019949285 0
      vertex 76.9079411764706 4.95 0
    endloop
  endfacet
  facet normal 0 0 -1
    outer loop
      vertex -77.09441514049345 6.0075464019949285 0
      vertex -77.19764301025991 6.256760525199992 0
      vertex 76.9079411764706 4.95 0
    endloop
  endfacet
  facet normal 0 0 -1
    outer loop
      vertex -77.19764301025991 6.256760525199992 0
      vertex -77.3221985088277 6.496029411764706 0
      vertex 76.9079411764706 4.95 0
    endloop
  endfacet
  facet normal 0 0 -1
    outer loop
      vertex -76.95491649781843 4.413069620055165 0
      vertex 76.95491649781843 4.413069620055165 0
      vertex -63 4.390000000000001 0
    endloop
  endfacet
  facet normal 0 0 -1
    outer loop
      vertex -57 0.3999999985098839 0
      vertex -57 4.390000000000001 0
      vertex 57 0.3999999985098839 0
    endloop
  endfacet
  facet normal 0 0 -1
    outer loop
      vertex -63 4.390000000000001 0
      vertex 76.95491649781843 4.413069620055165 0
      vertex -57 4.390000000000001 0
    endloop
  endfacet
  facet normal 0 0 -1
    outer loop
      vertex -78.01246289981336 7.318654479561711 0
      vertex 77.81358423805464 7.136415761945345 0
      vertex -77.81358423805464 7.136415761945345 0
    endloop
  endfacet
  facet normal 0 0 -1
    outer loop
      vertex -78.2264679190122 7.482866306355933 0
      vertex 78.01246289981336 7.318654479561711 0
      vertex -78.01246289981336 7.318654479561711 0
    endloop
  endfacet
  facet normal 0 0 -1
    outer loop
      vertex -78.69323947480001 7.752356989740088 0
      vertex 78.4539705882353 7.627801491172296 0
      vertex -78.4539705882353 7.627801491172296 0
    endloop
  endfacet
  facet normal 0 0 -1
    outer loop
      vertex -78.4539705882353 7.627801491172296 0
      vertex 78.2264679190122 7.482866306355933 0
      vertex -78.2264679190122 7.482866306355933 0
    endloop
  endfacet
  facet normal 0 0 -1
    outer loop
      vertex -77.3221985088277 6.496029411764706 0
      vertex -77.46713369364407 6.723532080987808 0
      vertex 77.3221985088277 6.496029411764706 0
    endloop
  endfacet
  facet normal 0 0 -1
    outer loop
      vertex -77.46713369364407 6.723532080987808 0
      vertex -77.6313455204383 6.937537100186643 0
      vertex 77.46713369364407 6.723532080987808 0
    endloop
  endfacet
  facet normal 0 0 -1
    outer loop
      vertex -77.81358423805464 7.136415761945345 0
      vertex 77.6313455204383 6.937537100186643 0
      vertex -77.6313455204383 6.937537100186643 0
    endloop
  endfacet
  facet normal 0 0 -1
    outer loop
      vertex -80 8.042058823529413 0
      vertex 79.46306962005517 7.995083502181572 0
      vertex -79.73050931661585 8.030292606187801 0
    endloop
  endfacet
  facet normal 0 0 -1
    outer loop
      vertex -79.46306962005517 7.995083502181572 0
      vertex 79.1997162878933 7.936699474052052 0
      vertex -79.1997162878933 7.936699474052052 0
    endloop
  endfacet
  facet normal 0 0 -1
    outer loop
      vertex -79.73050931661585 8.030292606187801 0
      vertex 79.46306962005517 7.995083502181572 0
      vertex -79.46306962005517 7.995083502181572 0
    endloop
  endfacet
  facet normal 0 0 -1
    outer loop
      vertex -78.94245359800507 7.855584859506545 0
      vertex 78.69323947480001 7.752356989740088 0
      vertex -78.69323947480001 7.752356989740088 0
    endloop
  endfacet
  facet normal 0 0 -1
    outer loop
      vertex -79.1997162878933 7.936699474052052 0
      vertex 78.94245359800507 7.855584859506545 0
      vertex -78.94245359800507 7.855584859506545 0
    endloop
  endfacet
  facet normal 0 -1 0
    outer loop
      vertex -110.95 0 8.6
      vertex -63 0 0.39
      vertex -63 0 8.6
    endloop
  endfacet
  facet normal 0 0 1
    outer loop
      vertex -110.95 0 8.6
      vertex -81.72341356777136 4.6461156890828725 8.6
      vertex -107.35000000149012 7.799999997019768 8.6
    endloop
  endfacet
  facet normal 0 0 1
    outer loop
      vertex -110.95 0 8.6
      vertex -80.73958195804623 3.363961372685863 8.6
      vertex -80.875 3.434455543377233 8.6
    endloop
  endfacet
  facet normal 0 0 1
    outer loop
      vertex -110.95 0 8.6
      vertex -80.4529333289294 3.2596298039941307 8.6
      vertex -80.59853525081992 3.3055379136246605 8.6
    endloop
  endfacet
  facet normal 0 0 1
    outer loop
      vertex -110.95 0 8.6
      vertex -80.59853525081992 3.3055379136246605 8.6
      vertex -80.73958195804623 3.363961372685863 8.6
    endloop
  endfacet
  facet normal 0 0 1
    outer loop
      vertex -110.95 0 8.6
      vertex -80.30388431091713 3.226586432228636 8.6
      vertex -80.4529333289294 3.2596298039941307 8.6
    endloop
  endfacet
  facet normal 0 0 1
    outer loop
      vertex -110.95 0 8.6
      vertex -80.1525225498084 3.2066592783394454 8.6
      vertex -80.30388431091713 3.226586432228636 8.6
    endloop
  endfacet
  facet normal 0 0 1
    outer loop
      vertex -110.95 0 8.6
      vertex -80 3.2 8.6
      vertex -80.1525225498084 3.2066592783394454 8.6
    endloop
  endfacet
  facet normal 0 0 1
    outer loop
      vertex -110.95 0 8.6
      vertex -79.8474774501916 3.2066592783394454 8.6
      vertex -80 3.2 8.6
    endloop
  endfacet
  facet normal 0 0 1
    outer loop
      vertex -110.95 0 8.6
      vertex -81.00375876361433 3.5164839224942646 8.6
      vertex -81.12487831695144 3.6094222245417886 8.6
    endloop
  endfacet
  facet normal 0 0 1
    outer loop
      vertex -110.95 0 8.6
      vertex -81.12487831695144 3.6094222245417886 8.6
      vertex -81.23743686707645 3.712563132923542 8.6
    endloop
  endfacet
  facet normal 0 0 1
    outer loop
      vertex -110.95 0 8.6
      vertex -81.34057777545821 3.8251216830485566 8.6
      vertex -81.43351607750573 3.94624123638567 8.6
    endloop
  endfacet
  facet normal 0 0 1
    outer loop
      vertex -110.95 0 8.6
      vertex -81.43351607750573 3.94624123638567 8.6
      vertex -81.51554445662276 4.075 8.6
    endloop
  endfacet
  facet normal 0 0 1
    outer loop
      vertex -110.95 0 8.6
      vertex -81.23743686707645 3.712563132923542 8.6
      vertex -81.34057777545821 3.8251216830485566 8.6
    endloop
  endfacet
  facet normal 0 0 1
    outer loop
      vertex -110.95 0 8.6
      vertex -81.69037019600587 4.497066671070589 8.6
      vertex -81.72341356777136 4.6461156890828725 8.6
    endloop
  endfacet
  facet normal 0 0 1
    outer loop
      vertex -110.95 0 8.6
      vertex -81.51554445662276 4.075 8.6
      vertex -81.58603862731414 4.210418041953776 8.6
    endloop
  endfacet
  facet normal 0 0 1
    outer loop
      vertex -110.95 0 8.6
      vertex -81.58603862731414 4.210418041953776 8.6
      vertex -81.64446208637534 4.35146474918008 8.6
    endloop
  endfacet
  facet normal 0 0 1
    outer loop
      vertex -110.95 0 8.6
      vertex -81.64446208637534 4.35146474918008 8.6
      vertex -81.69037019600587 4.497066671070589 8.6
    endloop
  endfacet
  facet normal 0 0 1
    outer loop
      vertex -110.95 0 8.6
      vertex -80.875 3.434455543377233 8.6
      vertex -81.00375876361433 3.5164839224942646 8.6
    endloop
  endfacet
  facet normal 0 0 1
    outer loop
      vertex -107.35000000149012 7.799999997019768 8.6
      vertex -81.72341356777136 4.6461156890828725 8.6
      vertex -81.74334072166056 4.797477450191598 8.6
    endloop
  endfacet
  facet normal 0 0 1
    outer loop
      vertex -107.35000000149012 7.799999997019768 8.6
      vertex -81.74334072166056 4.797477450191598 8.6
      vertex -81.75 4.95 8.6
    endloop
  endfacet
  facet normal 0 0 1
    outer loop
      vertex -107.35000000149012 7.799999997019768 8.6
      vertex -81.75 4.95 8.6
      vertex -81.74334072166056 5.102522549808402 8.6
    endloop
  endfacet
  facet normal 0 0 1
    outer loop
      vertex -107.35000000149012 7.799999997019768 8.6
      vertex -81.74334072166056 5.102522549808402 8.6
      vertex -81.72341356777136 5.253884310917128 8.6
    endloop
  endfacet
  facet normal 0 0 1
    outer loop
      vertex -110.95 0 8.6
      vertex -63 4.390000000000001 8.6
      vertex -79.8474774501916 3.2066592783394454 8.6
    endloop
  endfacet
  facet normal 0 0 1
    outer loop
      vertex -107.35000000149012 7.799999997019768 8.6
      vertex -81.72341356777136 5.253884310917128 8.6
      vertex -81.69037019600587 5.402933328929412 8.6
    endloop
  endfacet
  facet normal 0 0 1
    outer loop
      vertex -107.35000000149012 7.799999997019768 8.6
      vertex -81.69037019600587 5.402933328929412 8.6
      vertex -81.64446208637534 5.548535250819921 8.6
    endloop
  endfacet
  facet normal 0 0 1
    outer loop
      vertex -107.35000000149012 7.799999997019768 8.6
      vertex -81.58603862731414 5.689581958046224 8.6
      vertex -81.51554445662276 5.825 8.6
    endloop
  endfacet
  facet normal 0 0 1
    outer loop
      vertex -107.35000000149012 7.799999997019768 8.6
      vertex -81.64446208637534 5.548535250819921 8.6
      vertex -81.58603862731414 5.689581958046224 8.6
    endloop
  endfacet
  facet normal 0 0 1
    outer loop
      vertex -107.35000000149012 7.799999997019768 8.6
      vertex -81.51554445662276 5.825 8.6
      vertex -81.43351607750573 5.9537587636143305 8.6
    endloop
  endfacet
  facet normal 0 0 1
    outer loop
      vertex -107.35000000149012 7.799999997019768 8.6
      vertex -81.43351607750573 5.9537587636143305 8.6
      vertex -81.34057777545821 6.074878316951444 8.6
    endloop
  endfacet
  facet normal 0 0 1
    outer loop
      vertex -107.35000000149012 7.799999997019768 8.6
      vertex -81.34057777545821 6.074878316951444 8.6
      vertex -81.23743686707645 6.187436867076459 8.6
    endloop
  endfacet
  facet normal 0 0 1
    outer loop
      vertex -107.35000000149012 7.799999997019768 8.6
      vertex -81.23743686707645 6.187436867076459 8.6
      vertex -81.12487831695144 6.290577775458212 8.6
    endloop
  endfacet
  facet normal 0 0 1
    outer loop
      vertex -107.35000000149012 7.799999997019768 8.6
      vertex -81.00375876361433 6.383516077505735 8.6
      vertex -80.875 6.4655444566227676 8.6
    endloop
  endfacet
  facet normal 0 0 1
    outer loop
      vertex -107.35000000149012 7.799999997019768 8.6
      vertex -81.12487831695144 6.290577775458212 8.6
      vertex -81.00375876361433 6.383516077505735 8.6
    endloop
  endfacet
  facet normal 0 0 1
    outer loop
      vertex -107.35000000149012 7.799999997019768 8.6
      vertex -80.73958195804623 6.536038627314138 8.6
      vertex -80.59853525081992 6.59446208637534 8.6
    endloop
  endfacet
  facet normal 0 0 1
    outer loop
      vertex -107.35000000149012 7.799999997019768 8.6
      vertex -80.875 6.4655444566227676 8.6
      vertex -80.73958195804623 6.536038627314138 8.6
    endloop
  endfacet
  facet normal 0 0 1
    outer loop
      vertex -107.35000000149012 7.799999997019768 8.6
      vertex -80.59853525081992 6.59446208637534 8.6
      vertex -80.4529333289294 6.64037019600587 8.6
    endloop
  endfacet
  facet normal 0 0 1
    outer loop
      vertex -107.35000000149012 7.799999997019768 8.6
      vertex -80.4529333289294 6.64037019600587 8.6
      vertex -80.30388431091713 6.673413567771364 8.6
    endloop
  endfacet
  facet normal 0 0 1
    outer loop
      vertex -107.35000000149012 7.799999997019768 8.6
      vertex -80.1525225498084 6.6933407216605545 8.6
      vertex -80 6.7 8.6
    endloop
  endfacet
  facet normal 0 0 1
    outer loop
      vertex -107.35000000149012 7.799999997019768 8.6
      vertex -80.30388431091713 6.673413567771364 8.6
      vertex -80.1525225498084 6.6933407216605545 8.6
    endloop
  endfacet
  facet normal 0 0 1
    outer loop
      vertex -110.95 0 8.6
      vertex -63 0 8.6
      vertex -63 4.390000000000001 8.6
    endloop
  endfacet
  facet normal 0 0 1
    outer loop
      vertex -63 4.390000000000001 8.6
      vertex -79.69611568908287 3.226586432228636 8.6
      vertex -79.8474774501916 3.2066592783394454 8.6
    endloop
  endfacet
  facet normal 0 0 1
    outer loop
      vertex -63 4.390000000000001 8.6
      vertex -79.5470666710706 3.2596298039941307 8.6
      vertex -79.69611568908287 3.226586432228636 8.6
    endloop
  endfacet
  facet normal 0 0 1
    outer loop
      vertex -63 4.390000000000001 8.6
      vertex -79.40146474918008 3.3055379136246605 8.6
      vertex -79.5470666710706 3.2596298039941307 8.6
    endloop
  endfacet
  facet normal 0 0 1
    outer loop
      vertex -63 4.390000000000001 8.6
      vertex -79.26041804195377 3.363961372685863 8.6
      vertex -79.40146474918008 3.3055379136246605 8.6
    endloop
  endfacet
  facet normal 0 0 1
    outer loop
      vertex -63 4.390000000000001 8.6
      vertex -79.125 3.434455543377233 8.6
      vertex -79.26041804195377 3.363961372685863 8.6
    endloop
  endfacet
  facet normal 0 0 1
    outer loop
      vertex -63 4.390000000000001 8.6
      vertex -78.99624123638567 3.5164839224942646 8.6
      vertex -79.125 3.434455543377233 8.6
    endloop
  endfacet
  facet normal 0 0 1
    outer loop
      vertex -63 4.390000000000001 8.6
      vertex -78.87512168304856 3.6094222245417886 8.6
      vertex -78.99624123638567 3.5164839224942646 8.6
    endloop
  endfacet
  facet normal 0 0 1
    outer loop
      vertex -63 4.390000000000001 8.6
      vertex -78.76256313292355 3.712563132923542 8.6
      vertex -78.87512168304856 3.6094222245417886 8.6
    endloop
  endfacet
  facet normal 0 0 1
    outer loop
      vertex -63 4.390000000000001 8.6
      vertex -78.65942222454179 3.8251216830485566 8.6
      vertex -78.76256313292355 3.712563132923542 8.6
    endloop
  endfacet
  facet normal 0 0 1
    outer loop
      vertex -63 4.390000000000001 8.6
      vertex -78.56648392249427 3.94624123638567 8.6
      vertex -78.65942222454179 3.8251216830485566 8.6
    endloop
  endfacet
  facet normal 0 0 1
    outer loop
      vertex -63 4.390000000000001 8.6
      vertex -78.48445554337724 4.075 8.6
      vertex -78.56648392249427 3.94624123638567 8.6
    endloop
  endfacet
  facet normal 0 0 1
    outer loop
      vertex -63 4.390000000000001 8.6
      vertex -78.41396137268586 4.210418041953776 8.6
      vertex -78.48445554337724 4.075 8.6
    endloop
  endfacet
  facet normal -1 0 0
    outer loop
      vertex -110.95 0 8.6
      vertex -110.95 97 8.6
      vertex -110.95 0 0.39
    endloop
  endfacet
  facet normal 0 0 1
    outer loop
      vertex -110.95 0 8.6
      vertex -107.35000000149012 7.799999997019768 8.6
      vertex -110.95 97 8.6
    endloop
  endfacet
  facet normal 0 -1 0
    outer loop
      vertex -57 0 0.39
      vertex 57 0 8.6
      vertex -57 0 8.6
    endloop
  endfacet
  facet normal 0 0 1
    outer loop
      vertex -57 4.390000000000001 8.6
      vertex -57 0 8.6
      vertex 57 4.390000000000001 8.6
    endloop
  endfacet
  facet normal 0 0 1
    outer loop
      vertex 107.35000000149012 7.799999997019768 8.6
      vertex -78.35553791362466 4.35146474918008 8.6
      vertex -78.41396137268586 4.210418041953776 8.6
    endloop
  endfacet
  facet normal 0 0 1
    outer loop
      vertex 107.35000000149012 7.799999997019768 8.6
      vertex -78.30962980399413 4.497066671070589 8.6
      vertex -78.35553791362466 4.35146474918008 8.6
    endloop
  endfacet
  facet normal 0 0 1
    outer loop
      vertex 107.35000000149012 7.799999997019768 8.6
      vertex -78.27658643222864 4.6461156890828725 8.6
      vertex -78.30962980399413 4.497066671070589 8.6
    endloop
  endfacet
  facet normal 0 0 1
    outer loop
      vertex 107.35000000149012 7.799999997019768 8.6
      vertex -78.25665927833944 4.797477450191598 8.6
      vertex -78.27658643222864 4.6461156890828725 8.6
    endloop
  endfacet
  facet normal 0 0 1
    outer loop
      vertex 107.35000000149012 7.799999997019768 8.6
      vertex -78.25 4.95 8.6
      vertex -78.25665927833944 4.797477450191598 8.6
    endloop
  endfacet
  facet normal 0 0 1
    outer loop
      vertex 107.35000000149012 7.799999997019768 8.6
      vertex -78.25665927833944 5.102522549808402 8.6
      vertex -78.25 4.95 8.6
    endloop
  endfacet
  facet normal 0 0 1
    outer loop
      vertex 107.35000000149012 7.799999997019768 8.6
      vertex -78.27658643222864 5.253884310917128 8.6
      vertex -78.25665927833944 5.102522549808402 8.6
    endloop
  endfacet
  facet normal 0 0 1
    outer loop
      vertex -107.35000000149012 7.799999997019768 8.6
      vertex -80 6.7 8.6
      vertex 107.35000000149012 7.799999997019768 8.6
    endloop
  endfacet
  facet normal 0 0 1
    outer loop
      vertex 107.35000000149012 7.799999997019768 8.6
      vertex -79.8474774501916 6.6933407216605545 8.6
      vertex -79.69611568908287 6.673413567771364 8.6
    endloop
  endfacet
  facet normal 0 0 1
    outer loop
      vertex 107.35000000149012 7.799999997019768 8.6
      vertex -80 6.7 8.6
      vertex -79.8474774501916 6.6933407216605545 8.6
    endloop
  endfacet
  facet normal 0 0 1
    outer loop
      vertex 107.35000000149012 7.799999997019768 8.6
      vertex -78.41396137268586 5.689581958046224 8.6
      vertex -78.35553791362466 5.548535250819921 8.6
    endloop
  endfacet
  facet normal 0 0 1
    outer loop
      vertex 107.35000000149012 7.799999997019768 8.6
      vertex -78.48445554337724 5.825 8.6
      vertex -78.41396137268586 5.689581958046224 8.6
    endloop
  endfacet
  facet normal 0 0 1
    outer loop
      vertex 107.35000000149012 7.799999997019768 8.6
      vertex -78.56648392249427 5.9537587636143305 8.6
      vertex -78.48445554337724 5.825 8.6
    endloop
  endfacet
  facet normal 0 0 1
    outer loop
      vertex 107.35000000149012 7.799999997019768 8.6
      vertex -79.125 6.4655444566227676 8.6
      vertex -78.99624123638567 6.383516077505735 8.6
    endloop
  endfacet
  facet normal 0 0 1
    outer loop
      vertex 107.35000000149012 7.799999997019768 8.6
      vertex -78.76256313292355 6.187436867076459 8.6
      vertex -78.65942222454179 6.074878316951444 8.6
    endloop
  endfacet
  facet normal 0 0 1
    outer loop
      vertex 107.35000000149012 7.799999997019768 8.6
      vertex -78.65942222454179 6.074878316951444 8.6
      vertex -78.56648392249427 5.9537587636143305 8.6
    endloop
  endfacet
  facet normal 0 0 1
    outer loop
      vertex 107.35000000149012 7.799999997019768 8.6
      vertex -78.87512168304856 6.290577775458212 8.6
      vertex -78.76256313292355 6.187436867076459 8.6
    endloop
  endfacet
  facet normal 0 0 1
    outer loop
      vertex 107.35000000149012 7.799999997019768 8.6
      vertex -78.99624123638567 6.383516077505735 8.6
      vertex -78.87512168304856 6.290577775458212 8.6
    endloop
  endfacet
  facet normal 0 0 1
    outer loop
      vertex 107.35000000149012 7.799999997019768 8.6
      vertex -78.30962980399413 5.402933328929412 8.6
      vertex -78.27658643222864 5.253884310917128 8.6
    endloop
  endfacet
  facet normal 0 0 1
    outer loop
      vertex 107.35000000149012 7.799999997019768 8.6
      vertex -78.35553791362466 5.548535250819921 8.6
      vertex -78.30962980399413 5.402933328929412 8.6
    endloop
  endfacet
  facet normal 0 0 1
    outer loop
      vertex 107.35000000149012 7.799999997019768 8.6
      vertex -79.5470666710706 6.64037019600587 8.6
      vertex -79.40146474918008 6.59446208637534 8.6
    endloop
  endfacet
  facet normal 0 0 1
    outer loop
      vertex 107.35000000149012 7.799999997019768 8.6
      vertex -79.69611568908287 6.673413567771364 8.6
      vertex -79.5470666710706 6.64037019600587 8.6
    endloop
  endfacet
  facet normal 0 0 1
    outer loop
      vertex 107.35000000149012 7.799999997019768 8.6
      vertex -79.26041804195377 6.536038627314138 8.6
      vertex -79.125 6.4655444566227676 8.6
    endloop
  endfacet
  facet normal 0 0 1
    outer loop
      vertex 107.35000000149012 7.799999997019768 8.6
      vertex -79.40146474918008 6.59446208637534 8.6
      vertex -79.26041804195377 6.536038627314138 8.6
    endloop
  endfacet
  facet normal 0 0 1
    outer loop
      vertex 107.35000000149012 7.799999997019768 8.6
      vertex -78.41396137268586 4.210418041953776 8.6
      vertex -63 4.390000000000001 8.6
    endloop
  endfacet
  facet normal 0 0 1
    outer loop
      vertex 107.35000000149012 7.799999997019768 8.6
      vertex -63 4.390000000000001 8.6
      vertex -57 4.390000000000001 8.6
    endloop
  endfacet
  facet normal 0 0 -1
    outer loop
      vertex -110.54999999701977 96.60000000149012 0
      vertex -103.95 91.5 0
      vertex -110.54999999701977 0.3999999985098839 0
    endloop
  endfacet
  facet normal -1 0 0
    outer loop
      vertex -110.95 97 8.6
      vertex -110.95 97 0.39
      vertex -110.95 0 0.39
    endloop
  endfacet
  facet normal 0 1 0
    outer loop
      vertex -110.95 97 0.39
      vertex -107.95 97 2
      vertex -102.75 97 0.39
    endloop
  endfacet
  facet normal 0 1 0
    outer loop
      vertex -102.75 97 0.39
      vertex -107.95 97 2
      vertex -102.75 97 2
    endloop
  endfacet
  facet normal 0 1 0
    outer loop
      vertex -110.95 97 8.6
      vertex -107.95 97 2
      vertex -110.95 97 0.39
    endloop
  endfacet
  facet normal 0 1 0
    outer loop
      vertex -102.75 97 5.6
      vertex -102.75 97 4.3
      vertex -107.95 97 4.3
    endloop
  endfacet
  facet normal 0 0 -1
    outer loop
      vertex -103.95 91.5 0
      vertex -110.54999999701977 96.60000000149012 0
      vertex 110.54999999701977 96.60000000149012 0
    endloop
  endfacet
  facet normal 0 0 1
    outer loop
      vertex -107.35000000149012 7.799999997019768 8.6
      vertex -107.35000000149012 94.70000000298023 8.6
      vertex -110.95 97 8.6
    endloop
  endfacet
  facet normal 0 1 0
    outer loop
      vertex -110.95 97 8.6
      vertex -107.95 97 4.3
      vertex -107.95 97 2
    endloop
  endfacet
  facet normal 0 1 0
    outer loop
      vertex -102.75 97 5.6
      vertex -107.95 97 4.3
      vertex -110.95 97 8.6
    endloop
  endfacet
  facet normal 0 1 0
    outer loop
      vertex -102.75 97 5.6
      vertex -110.95 97 8.6
      vertex 102.75 97 5.6
    endloop
  endfacet
  facet normal 0 0 1
    outer loop
      vertex -107.35000000149012 94.70000000298023 8.6
      vertex 110.95 97 8.6
      vertex -110.95 97 8.6
    endloop
  endfacet
  facet normal 0 0 -1
    outer loop
      vertex -57 4.390000000000001 0
      vertex 57 4.390000000000001 0
      vertex 57 0.3999999985098839 0
    endloop
  endfacet
  facet normal 0 0 -1
    outer loop
      vertex -57 4.390000000000001 0
      vertex 76.95491649781843 4.413069620055165 0
      vertex 57 4.390000000000001 0
    endloop
  endfacet
  facet normal 0 0 -1
    outer loop
      vertex -76.95491649781843 4.413069620055165 0
      vertex 76.9197073938122 4.6805093166158445 0
      vertex 76.95491649781843 4.413069620055165 0
    endloop
  endfacet
  facet normal 0 0 -1
    outer loop
      vertex -76.9079411764706 4.95 0
      vertex 76.9079411764706 4.95 0
      vertex 76.9197073938122 4.6805093166158445 0
    endloop
  endfacet
  facet normal 0 0 -1
    outer loop
      vertex -77.3221985088277 6.496029411764706 0
      vertex 76.9197073938122 5.219490683384156 0
      vertex 76.9079411764706 4.95 0
    endloop
  endfacet
  facet normal 0 0 -1
    outer loop
      vertex -77.3221985088277 6.496029411764706 0
      vertex 76.95491649781843 5.486930379944836 0
      vertex 76.9197073938122 5.219490683384156 0
    endloop
  endfacet
  facet normal 0 0 -1
    outer loop
      vertex -77.3221985088277 6.496029411764706 0
      vertex 77.01330052594794 5.750283712106706 0
      vertex 76.95491649781843 5.486930379944836 0
    endloop
  endfacet
  facet normal 0 0 -1
    outer loop
      vertex -77.3221985088277 6.496029411764706 0
      vertex 77.09441514049345 6.0075464019949285 0
      vertex 77.01330052594794 5.750283712106706 0
    endloop
  endfacet
  facet normal 0 0 -1
    outer loop
      vertex -103.95 11 0
      vertex 79.73050931661585 8.030292606187801 0
      vertex 79.46306962005517 7.995083502181572 0
    endloop
  endfacet
  facet normal 0 0 -1
    outer loop
      vertex -103.95 11 0
      vertex 80 8.042058823529413 0
      vertex 79.73050931661585 8.030292606187801 0
    endloop
  endfacet
  facet normal 0 0 -1
    outer loop
      vertex -77.3221985088277 6.496029411764706 0
      vertex 77.19764301025991 6.256760525199992 0
      vertex 77.09441514049345 6.0075464019949285 0
    endloop
  endfacet
  facet normal 0 0 -1
    outer loop
      vertex -77.3221985088277 6.496029411764706 0
      vertex 77.3221985088277 6.496029411764706 0
      vertex 77.19764301025991 6.256760525199992 0
    endloop
  endfacet
  facet normal 0 0 -1
    outer loop
      vertex -77.46713369364407 6.723532080987808 0
      vertex 77.46713369364407 6.723532080987808 0
      vertex 77.3221985088277 6.496029411764706 0
    endloop
  endfacet
  facet normal 0 0 -1
    outer loop
      vertex -77.6313455204383 6.937537100186643 0
      vertex 77.6313455204383 6.937537100186643 0
      vertex 77.46713369364407 6.723532080987808 0
    endloop
  endfacet
  facet normal 0 0 -1
    outer loop
      vertex -77.81358423805464 7.136415761945345 0
      vertex 77.81358423805464 7.136415761945345 0
      vertex 77.6313455204383 6.937537100186643 0
    endloop
  endfacet
  facet normal 0 0 -1
    outer loop
      vertex -78.01246289981336 7.318654479561711 0
      vertex 78.01246289981336 7.318654479561711 0
      vertex 77.81358423805464 7.136415761945345 0
    endloop
  endfacet
  facet normal 0 0 -1
    outer loop
      vertex -78.2264679190122 7.482866306355933 0
      vertex 78.2264679190122 7.482866306355933 0
      vertex 78.01246289981336 7.318654479561711 0
    endloop
  endfacet
  facet normal 0 0 -1
    outer loop
      vertex -78.4539705882353 7.627801491172296 0
      vertex 78.4539705882353 7.627801491172296 0
      vertex 78.2264679190122 7.482866306355933 0
    endloop
  endfacet
  facet normal 0 0 -1
    outer loop
      vertex -78.69323947480001 7.752356989740088 0
      vertex 78.69323947480001 7.752356989740088 0
      vertex 78.4539705882353 7.627801491172296 0
    endloop
  endfacet
  facet normal 0 0 -1
    outer loop
      vertex -78.94245359800507 7.855584859506545 0
      vertex 78.94245359800507 7.855584859506545 0
      vertex 78.69323947480001 7.752356989740088 0
    endloop
  endfacet
  facet normal 0 0 -1
    outer loop
      vertex -79.1997162878933 7.936699474052052 0
      vertex 79.1997162878933 7.936699474052052 0
      vertex 78.94245359800507 7.855584859506545 0
    endloop
  endfacet
  facet normal 0 0 -1
    outer loop
      vertex -79.46306962005517 7.995083502181572 0
      vertex 79.46306962005517 7.995083502181572 0
      vertex 79.1997162878933 7.936699474052052 0
    endloop
  endfacet
  facet normal 0 0 -1
    outer loop
      vertex 103.95 11 0
      vertex 80 8.042058823529413 0
      vertex -103.95 11 0
    endloop
  endfacet
  facet normal 0 -1 0
    outer loop
      vertex -57 0 0.39
      vertex 57 0 0.39
      vertex 57 0 8.6
    endloop
  endfacet
  facet normal 0 0 -1
    outer loop
      vertex 63 0.3999999985098839 0
      vertex 63 4.390000000000001 0
      vertex 76.95491649781843 4.413069620055165 0
    endloop
  endfacet
  facet normal 0 0 -1
    outer loop
      vertex 76.95491649781843 4.413069620055165 0
      vertex 63 4.390000000000001 0
      vertex 57 4.390000000000001 0
    endloop
  endfacet
  facet normal 0 0 -1
    outer loop
      vertex 63 0.3999999985098839 0
      vertex 77.46713369364407 3.176467919012192 0
      vertex 77.6313455204383 2.962462899813357 0
    endloop
  endfacet
  facet normal 0 0 -1
    outer loop
      vertex 63 0.3999999985098839 0
      vertex 77.19764301025991 3.643239474800008 0
      vertex 77.3221985088277 3.4039705882352944 0
    endloop
  endfacet
  facet normal 0 0 -1
    outer loop
      vertex 63 0.3999999985098839 0
      vertex 77.3221985088277 3.4039705882352944 0
      vertex 77.46713369364407 3.176467919012192 0
    endloop
  endfacet
  facet normal 0 0 -1
    outer loop
      vertex 63 0.3999999985098839 0
      vertex 77.09441514049345 3.8924535980050723 0
      vertex 77.19764301025991 3.643239474800008 0
    endloop
  endfacet
  facet normal 0 0 -1
    outer loop
      vertex 63 0.3999999985098839 0
      vertex 77.01330052594794 4.149716287893295 0
      vertex 77.09441514049345 3.8924535980050723 0
    endloop
  endfacet
  facet normal 0 0 -1
    outer loop
      vertex 63 0.3999999985098839 0
      vertex 76.95491649781843 4.413069620055165 0
      vertex 77.01330052594794 4.149716287893295 0
    endloop
  endfacet
  facet normal 0 0 -1
    outer loop
      vertex 63 0.3999999985098839 0
      vertex 78.69323947480001 2.1476430102599116 0
      vertex 78.94245359800507 2.0444151404934545 0
    endloop
  endfacet
  facet normal 0 0 -1
    outer loop
      vertex 63 0.3999999985098839 0
      vertex 79.1997162878933 1.9633005259479488 0
      vertex 79.46306962005517 1.9049164978184288 0
    endloop
  endfacet
  facet normal 0 0 -1
    outer loop
      vertex 63 0.3999999985098839 0
      vertex 78.94245359800507 2.0444151404934545 0
      vertex 79.1997162878933 1.9633005259479488 0
    endloop
  endfacet
  facet normal 0 0 -1
    outer loop
      vertex 63 0.3999999985098839 0
      vertex 79.46306962005517 1.9049164978184288 0
      vertex 79.73050931661585 1.8697073938122 0
    endloop
  endfacet
  facet normal 0 0 -1
    outer loop
      vertex 63 0.3999999985098839 0
      vertex 78.2264679190122 2.4171336936440673 0
      vertex 78.4539705882353 2.272198508827705 0
    endloop
  endfacet
  facet normal 0 0 -1
    outer loop
      vertex 63 0.3999999985098839 0
      vertex 77.81358423805464 2.763584238054655 0
      vertex 78.01246289981336 2.5813455204382896 0
    endloop
  endfacet
  facet normal 0 0 -1
    outer loop
      vertex 63 0.3999999985098839 0
      vertex 78.01246289981336 2.5813455204382896 0
      vertex 78.2264679190122 2.4171336936440673 0
    endloop
  endfacet
  facet normal 0 0 -1
    outer loop
      vertex 63 0.3999999985098839 0
      vertex 78.4539705882353 2.272198508827705 0
      vertex 78.69323947480001 2.1476430102599116 0
    endloop
  endfacet
  facet normal 0 0 -1
    outer loop
      vertex 63 0.3999999985098839 0
      vertex 77.6313455204383 2.962462899813357 0
      vertex 77.81358423805464 2.763584238054655 0
    endloop
  endfacet
  facet normal 0 0 -1
    outer loop
      vertex 63 0.3999999985098839 0
      vertex 79.73050931661585 1.8697073938122 0
      vertex 110.54999999701977 0.3999999985098839 0
    endloop
  endfacet
  facet normal 0 0 -1
    outer loop
      vertex 110.54999999701977 0.3999999985098839 0
      vertex 79.73050931661585 1.8697073938122 0
      vertex 80 1.8579411764705884 0
    endloop
  endfacet
  facet normal 0 0 -1
    outer loop
      vertex 110.54999999701977 0.3999999985098839 0
      vertex 80 1.8579411764705884 0
      vertex 80.26949068338415 1.8697073938122 0
    endloop
  endfacet
  facet normal 0 0 -1
    outer loop
      vertex 110.54999999701977 0.3999999985098839 0
      vertex 80.26949068338415 1.8697073938122 0
      vertex 80.53693037994483 1.9049164978184288 0
    endloop
  endfacet
  facet normal 0 0 -1
    outer loop
      vertex 110.54999999701977 0.3999999985098839 0
      vertex 80.53693037994483 1.9049164978184288 0
      vertex 80.8002837121067 1.9633005259479488 0
    endloop
  endfacet
  facet normal 0 0 -1
    outer loop
      vertex 110.54999999701977 0.3999999985098839 0
      vertex 80.8002837121067 1.9633005259479488 0
      vertex 81.05754640199493 2.0444151404934545 0
    endloop
  endfacet
  facet normal 0 0 -1
    outer loop
      vertex 110.54999999701977 0.3999999985098839 0
      vertex 81.05754640199493 2.0444151404934545 0
      vertex 81.30676052519999 2.1476430102599116 0
    endloop
  endfacet
  facet normal 0 0 -1
    outer loop
      vertex 110.54999999701977 0.3999999985098839 0
      vertex 81.30676052519999 2.1476430102599116 0
      vertex 81.5460294117647 2.272198508827705 0
    endloop
  endfacet
  facet normal 0 0 -1
    outer loop
      vertex 110.54999999701977 0.3999999985098839 0
      vertex 81.5460294117647 2.272198508827705 0
      vertex 81.7735320809878 2.4171336936440673 0
    endloop
  endfacet
  facet normal 0 0 -1
    outer loop
      vertex 110.54999999701977 0.3999999985098839 0
      vertex 81.7735320809878 2.4171336936440673 0
      vertex 81.98753710018664 2.5813455204382896 0
    endloop
  endfacet
  facet normal 0 0 -1
    outer loop
      vertex 110.54999999701977 0.3999999985098839 0
      vertex 81.98753710018664 2.5813455204382896 0
      vertex 82.18641576194536 2.763584238054655 0
    endloop
  endfacet
  facet normal 0 0 -1
    outer loop
      vertex 110.54999999701977 0.3999999985098839 0
      vertex 82.18641576194536 2.763584238054655 0
      vertex 82.3686544795617 2.962462899813357 0
    endloop
  endfacet
  facet normal 0 0 -1
    outer loop
      vertex 110.54999999701977 0.3999999985098839 0
      vertex 82.3686544795617 2.962462899813357 0
      vertex 82.53286630635593 3.176467919012192 0
    endloop
  endfacet
  facet normal 0 0 -1
    outer loop
      vertex 110.54999999701977 0.3999999985098839 0
      vertex 82.53286630635593 3.176467919012192 0
      vertex 82.6778014911723 3.4039705882352944 0
    endloop
  endfacet
  facet normal 0 0 -1
    outer loop
      vertex 110.54999999701977 0.3999999985098839 0
      vertex 82.6778014911723 3.4039705882352944 0
      vertex 82.80235698974009 3.643239474800008 0
    endloop
  endfacet
  facet normal 0 0 -1
    outer loop
      vertex 110.54999999701977 0.3999999985098839 0
      vertex 82.80235698974009 3.643239474800008 0
      vertex 82.90558485950655 3.8924535980050723 0
    endloop
  endfacet
  facet normal 0 0 -1
    outer loop
      vertex 110.54999999701977 0.3999999985098839 0
      vertex 82.90558485950655 3.8924535980050723 0
      vertex 82.98669947405206 4.149716287893295 0
    endloop
  endfacet
  facet normal 0 0 -1
    outer loop
      vertex 110.54999999701977 0.3999999985098839 0
      vertex 82.98669947405206 4.149716287893295 0
      vertex 83.04508350218157 4.413069620055165 0
    endloop
  endfacet
  facet normal 0 0 -1
    outer loop
      vertex 110.54999999701977 0.3999999985098839 0
      vertex 83.04508350218157 4.413069620055165 0
      vertex 83.0802926061878 4.6805093166158445 0
    endloop
  endfacet
  facet normal 0 0 -1
    outer loop
      vertex 110.54999999701977 0.3999999985098839 0
      vertex 83.0802926061878 4.6805093166158445 0
      vertex 83.0920588235294 4.95 0
    endloop
  endfacet
  facet normal 0 0 -1
    outer loop
      vertex 110.54999999701977 0.3999999985098839 0
      vertex 83.0920588235294 4.95 0
      vertex 83.0802926061878 5.219490683384156 0
    endloop
  endfacet
  facet normal 0 0 -1
    outer loop
      vertex 110.54999999701977 0.3999999985098839 0
      vertex 83.0802926061878 5.219490683384156 0
      vertex 83.04508350218157 5.486930379944836 0
    endloop
  endfacet
  facet normal 0 0 -1
    outer loop
      vertex 103.95 11 0
      vertex 83.04508350218157 5.486930379944836 0
      vertex 82.98669947405206 5.750283712106706 0
    endloop
  endfacet
  facet normal 0 0 -1
    outer loop
      vertex 103.95 11 0
      vertex 82.98669947405206 5.750283712106706 0
      vertex 82.90558485950655 6.0075464019949285 0
    endloop
  endfacet
  facet normal 0 0 -1
    outer loop
      vertex 103.95 11 0
      vertex 80.26949068338415 8.030292606187801 0
      vertex 80 8.042058823529413 0
    endloop
  endfacet
  facet normal 0 0 -1
    outer loop
      vertex 103.95 11 0
      vertex 80.53693037994483 7.995083502181572 0
      vertex 80.26949068338415 8.030292606187801 0
    endloop
  endfacet
  facet normal 0 0 -1
    outer loop
      vertex 103.95 11 0
      vertex 82.90558485950655 6.0075464019949285 0
      vertex 82.80235698974009 6.256760525199992 0
    endloop
  endfacet
  facet normal 0 0 -1
    outer loop
      vertex 103.95 11 0
      vertex 82.80235698974009 6.256760525199992 0
      vertex 82.6778014911723 6.496029411764706 0
    endloop
  endfacet
  facet normal 0 0 -1
    outer loop
      vertex 103.95 11 0
      vertex 82.53286630635593 6.723532080987808 0
      vertex 82.3686544795617 6.937537100186643 0
    endloop
  endfacet
  facet normal 0 0 -1
    outer loop
      vertex 103.95 11 0
      vertex 82.3686544795617 6.937537100186643 0
      vertex 82.18641576194536 7.136415761945345 0
    endloop
  endfacet
  facet normal 0 0 -1
    outer loop
      vertex 103.95 11 0
      vertex 82.6778014911723 6.496029411764706 0
      vertex 82.53286630635593 6.723532080987808 0
    endloop
  endfacet
  facet normal 0 0 -1
    outer loop
      vertex 103.95 11 0
      vertex 81.98753710018664 7.318654479561711 0
      vertex 81.7735320809878 7.482866306355933 0
    endloop
  endfacet
  facet normal 0 0 -1
    outer loop
      vertex 103.95 11 0
      vertex 81.5460294117647 7.627801491172296 0
      vertex 81.30676052519999 7.752356989740088 0
    endloop
  endfacet
  facet normal 0 0 -1
    outer loop
      vertex 103.95 11 0
      vertex 81.7735320809878 7.482866306355933 0
      vertex 81.5460294117647 7.627801491172296 0
    endloop
  endfacet
  facet normal 0 0 -1
    outer loop
      vertex 103.95 11 0
      vertex 81.05754640199493 7.855584859506545 0
      vertex 80.8002837121067 7.936699474052052 0
    endloop
  endfacet
  facet normal 0 0 -1
    outer loop
      vertex 103.95 11 0
      vertex 80.8002837121067 7.936699474052052 0
      vertex 80.53693037994483 7.995083502181572 0
    endloop
  endfacet
  facet normal 0 0 -1
    outer loop
      vertex 103.95 11 0
      vertex 81.30676052519999 7.752356989740088 0
      vertex 81.05754640199493 7.855584859506545 0
    endloop
  endfacet
  facet normal 0 0 -1
    outer loop
      vertex 103.95 11 0
      vertex 82.18641576194536 7.136415761945345 0
      vertex 81.98753710018664 7.318654479561711 0
    endloop
  endfacet
  facet normal 0 0 -1
    outer loop
      vertex 103.95 11 0
      vertex 110.54999999701977 0.3999999985098839 0
      vertex 83.04508350218157 5.486930379944836 0
    endloop
  endfacet
  facet normal 0 -1 0
    outer loop
      vertex 110.95 0 0.39
      vertex 63 0 8.6
      vertex 63 0 0.39
    endloop
  endfacet
  facet normal 0 0 -1
    outer loop
      vertex 110.54999999701977 0.3999999985098839 0
      vertex 103.95 11 0
      vertex 103.95 91.5 0
    endloop
  endfacet
  facet normal 1 0 0
    outer loop
      vertex 110.95 0 8.6
      vertex 110.95 0 0.39
      vertex 110.95 97 0.39
    endloop
  endfacet
  facet normal 0 0 1
    outer loop
      vertex 57 0 8.6
      vertex 57 4.390000000000001 8.6
      vertex -57 0 8.6
    endloop
  endfacet
  facet normal 0 0 1
    outer loop
      vertex -57 4.390000000000001 8.6
      vertex 57 4.390000000000001 8.6
      vertex 78.25 4.95 8.6
    endloop
  endfacet
  facet normal 0 0 1
    outer loop
      vertex -57 4.390000000000001 8.6
      vertex 78.25 4.95 8.6
      vertex 78.25665927833944 5.102522549808402 8.6
    endloop
  endfacet
  facet normal 0 0 1
    outer loop
      vertex -57 4.390000000000001 8.6
      vertex 78.25665927833944 5.102522549808402 8.6
      vertex 78.27658643222864 5.253884310917128 8.6
    endloop
  endfacet
  facet normal 0 0 1
    outer loop
      vertex -57 4.390000000000001 8.6
      vertex 78.27658643222864 5.253884310917128 8.6
      vertex 78.30962980399413 5.402933328929412 8.6
    endloop
  endfacet
  facet normal 0 0 1
    outer loop
      vertex -57 4.390000000000001 8.6
      vertex 78.30962980399413 5.402933328929412 8.6
      vertex 78.35553791362466 5.548535250819921 8.6
    endloop
  endfacet
  facet normal 0 0 1
    outer loop
      vertex -57 4.390000000000001 8.6
      vertex 78.35553791362466 5.548535250819921 8.6
      vertex 78.41396137268586 5.689581958046224 8.6
    endloop
  endfacet
  facet normal 0 0 1
    outer loop
      vertex -57 4.390000000000001 8.6
      vertex 78.41396137268586 5.689581958046224 8.6
      vertex 78.48445554337724 5.825 8.6
    endloop
  endfacet
  facet normal 0 0 1
    outer loop
      vertex -57 4.390000000000001 8.6
      vertex 78.48445554337724 5.825 8.6
      vertex 78.56648392249427 5.9537587636143305 8.6
    endloop
  endfacet
  facet normal 0 0 1
    outer loop
      vertex -57 4.390000000000001 8.6
      vertex 78.56648392249427 5.9537587636143305 8.6
      vertex 78.65942222454179 6.074878316951444 8.6
    endloop
  endfacet
  facet normal 0 0 1
    outer loop
      vertex -57 4.390000000000001 8.6
      vertex 78.65942222454179 6.074878316951444 8.6
      vertex 78.76256313292355 6.187436867076459 8.6
    endloop
  endfacet
  facet normal 0 0 1
    outer loop
      vertex -57 4.390000000000001 8.6
      vertex 78.76256313292355 6.187436867076459 8.6
      vertex 78.87512168304856 6.290577775458212 8.6
    endloop
  endfacet
  facet normal 0 0 1
    outer loop
      vertex -57 4.390000000000001 8.6
      vertex 78.99624123638567 6.383516077505735 8.6
      vertex 79.125 6.4655444566227676 8.6
    endloop
  endfacet
  facet normal 0 0 1
    outer loop
      vertex -57 4.390000000000001 8.6
      vertex 78.87512168304856 6.290577775458212 8.6
      vertex 78.99624123638567 6.383516077505735 8.6
    endloop
  endfacet
  facet normal 0 0 1
    outer loop
      vertex -57 4.390000000000001 8.6
      vertex 79.125 6.4655444566227676 8.6
      vertex 79.26041804195377 6.536038627314138 8.6
    endloop
  endfacet
  facet normal 0 0 1
    outer loop
      vertex -57 4.390000000000001 8.6
      vertex 79.26041804195377 6.536038627314138 8.6
      vertex 79.40146474918008 6.59446208637534 8.6
    endloop
  endfacet
  facet normal 0 0 1
    outer loop
      vertex -57 4.390000000000001 8.6
      vertex 79.40146474918008 6.59446208637534 8.6
      vertex 79.5470666710706 6.64037019600587 8.6
    endloop
  endfacet
  facet normal 0 0 1
    outer loop
      vertex -57 4.390000000000001 8.6
      vertex 79.69611568908287 6.673413567771364 8.6
      vertex 79.8474774501916 6.6933407216605545 8.6
    endloop
  endfacet
  facet normal 0 0 1
    outer loop
      vertex -57 4.390000000000001 8.6
      vertex 79.5470666710706 6.64037019600587 8.6
      vertex 79.69611568908287 6.673413567771364 8.6
    endloop
  endfacet
  facet normal 0 0 1
    outer loop
      vertex -57 4.390000000000001 8.6
      vertex 79.8474774501916 6.6933407216605545 8.6
      vertex 80 6.7 8.6
    endloop
  endfacet
  facet normal 0 0 1
    outer loop
      vertex 107.35000000149012 7.799999997019768 8.6
      vertex -57 4.390000000000001 8.6
      vertex 80 6.7 8.6
    endloop
  endfacet
  facet normal 0 -1 0
    outer loop
      vertex 110.95 0 8.6
      vertex 63 0 8.6
      vertex 110.95 0 0.39
    endloop
  endfacet
  facet normal 0 0 1
    outer loop
      vertex 57 4.390000000000001 8.6
      vertex 63 4.390000000000001 8.6
      vertex 78.25 4.95 8.6
    endloop
  endfacet
  facet normal 0 0 1
    outer loop
      vertex 78.87512168304856 3.6094222245417886 8.6
      vertex 63 4.390000000000001 8.6
      vertex 78.99624123638567 3.5164839224942646 8.6
    endloop
  endfacet
  facet normal 0 0 1
    outer loop
      vertex 79.5470666710706 3.2596298039941307 8.6
      vertex 63 4.390000000000001 8.6
      vertex 79.69611568908287 3.226586432228636 8.6
    endloop
  endfacet
  facet normal 0 0 1
    outer loop
      vertex 79.125 3.434455543377233 8.6
      vertex 63 4.390000000000001 8.6
      vertex 79.26041804195377 3.363961372685863 8.6
    endloop
  endfacet
  facet normal 0 0 1
    outer loop
      vertex 79.26041804195377 3.363961372685863 8.6
      vertex 63 4.390000000000001 8.6
      vertex 79.40146474918008 3.3055379136246605 8.6
    endloop
  endfacet
  facet normal 0 0 1
    outer loop
      vertex 78.99624123638567 3.5164839224942646 8.6
      vertex 63 4.390000000000001 8.6
      vertex 79.125 3.434455543377233 8.6
    endloop
  endfacet
  facet normal 0 0 1
    outer loop
      vertex 79.40146474918008 3.3055379136246605 8.6
      vertex 63 4.390000000000001 8.6
      vertex 79.5470666710706 3.2596298039941307 8.6
    endloop
  endfacet
  facet normal 0 0 1
    outer loop
      vertex 79.69611568908287 3.226586432228636 8.6
      vertex 63 4.390000000000001 8.6
      vertex 79.8474774501916 3.2066592783394454 8.6
    endloop
  endfacet
  facet normal 0 0 1
    outer loop
      vertex 78.76256313292355 3.712563132923542 8.6
      vertex 63 4.390000000000001 8.6
      vertex 78.87512168304856 3.6094222245417886 8.6
    endloop
  endfacet
  facet normal 0 0 1
    outer loop
      vertex 78.65942222454179 3.8251216830485566 8.6
      vertex 63 4.390000000000001 8.6
      vertex 78.76256313292355 3.712563132923542 8.6
    endloop
  endfacet
  facet normal 0 0 1
    outer loop
      vertex 78.56648392249427 3.94624123638567 8.6
      vertex 63 4.390000000000001 8.6
      vertex 78.65942222454179 3.8251216830485566 8.6
    endloop
  endfacet
  facet normal 0 0 1
    outer loop
      vertex 78.41396137268586 4.210418041953776 8.6
      vertex 63 4.390000000000001 8.6
      vertex 78.48445554337724 4.075 8.6
    endloop
  endfacet
  facet normal 0 0 1
    outer loop
      vertex 78.48445554337724 4.075 8.6
      vertex 63 4.390000000000001 8.6
      vertex 78.56648392249427 3.94624123638567 8.6
    endloop
  endfacet
  facet normal 0 0 1
    outer loop
      vertex 78.30962980399413 4.497066671070589 8.6
      vertex 63 4.390000000000001 8.6
      vertex 78.35553791362466 4.35146474918008 8.6
    endloop
  endfacet
  facet normal 0 0 1
    outer loop
      vertex 78.27658643222864 4.6461156890828725 8.6
      vertex 63 4.390000000000001 8.6
      vertex 78.30962980399413 4.497066671070589 8.6
    endloop
  endfacet
  facet normal 0 0 1
    outer loop
      vertex 78.25665927833944 4.797477450191598 8.6
      vertex 63 4.390000000000001 8.6
      vertex 78.27658643222864 4.6461156890828725 8.6
    endloop
  endfacet
  facet normal 0 0 1
    outer loop
      vertex 78.35553791362466 4.35146474918008 8.6
      vertex 63 4.390000000000001 8.6
      vertex 78.41396137268586 4.210418041953776 8.6
    endloop
  endfacet
  facet normal 0 0 1
    outer loop
      vertex 78.25 4.95 8.6
      vertex 63 4.390000000000001 8.6
      vertex 78.25665927833944 4.797477450191598 8.6
    endloop
  endfacet
  facet normal 0 0 1
    outer loop
      vertex 110.95 0 8.6
      vertex 63 4.390000000000001 8.6
      vertex 63 0 8.6
    endloop
  endfacet
  facet normal 0 0 1
    outer loop
      vertex 110.95 0 8.6
      vertex 79.8474774501916 3.2066592783394454 8.6
      vertex 63 4.390000000000001 8.6
    endloop
  endfacet
  facet normal 0 0 1
    outer loop
      vertex 110.95 0 8.6
      vertex 80 3.2 8.6
      vertex 79.8474774501916 3.2066592783394454 8.6
    endloop
  endfacet
  facet normal 0 0 1
    outer loop
      vertex 110.95 0 8.6
      vertex 80.4529333289294 3.2596298039941307 8.6
      vertex 80.30388431091713 3.226586432228636 8.6
    endloop
  endfacet
  facet normal 0 0 1
    outer loop
      vertex 110.95 0 8.6
      vertex 80.30388431091713 3.226586432228636 8.6
      vertex 80.1525225498084 3.2066592783394454 8.6
    endloop
  endfacet
  facet normal 0 0 1
    outer loop
      vertex 110.95 0 8.6
      vertex 80.1525225498084 3.2066592783394454 8.6
      vertex 80 3.2 8.6
    endloop
  endfacet
  facet normal 0 0 1
    outer loop
      vertex 110.95 0 8.6
      vertex 80.59853525081992 3.3055379136246605 8.6
      vertex 80.4529333289294 3.2596298039941307 8.6
    endloop
  endfacet
  facet normal 0 0 1
    outer loop
      vertex 110.95 0 8.6
      vertex 80.73958195804623 3.363961372685863 8.6
      vertex 80.59853525081992 3.3055379136246605 8.6
    endloop
  endfacet
  facet normal 0 0 1
    outer loop
      vertex 110.95 0 8.6
      vertex 80.875 3.434455543377233 8.6
      vertex 80.73958195804623 3.363961372685863 8.6
    endloop
  endfacet
  facet normal 0 0 1
    outer loop
      vertex 110.95 0 8.6
      vertex 81.00375876361433 3.5164839224942646 8.6
      vertex 80.875 3.434455543377233 8.6
    endloop
  endfacet
  facet normal 0 0 1
    outer loop
      vertex 110.95 0 8.6
      vertex 81.12487831695144 3.6094222245417886 8.6
      vertex 81.00375876361433 3.5164839224942646 8.6
    endloop
  endfacet
  facet normal 0 0 1
    outer loop
      vertex 110.95 0 8.6
      vertex 81.23743686707645 3.712563132923542 8.6
      vertex 81.12487831695144 3.6094222245417886 8.6
    endloop
  endfacet
  facet normal 0 0 1
    outer loop
      vertex 110.95 0 8.6
      vertex 81.34057777545821 3.8251216830485566 8.6
      vertex 81.23743686707645 3.712563132923542 8.6
    endloop
  endfacet
  facet normal 0 0 1
    outer loop
      vertex 110.95 0 8.6
      vertex 81.43351607750573 3.94624123638567 8.6
      vertex 81.34057777545821 3.8251216830485566 8.6
    endloop
  endfacet
  facet normal 0 0 1
    outer loop
      vertex 110.95 0 8.6
      vertex 81.51554445662276 4.075 8.6
      vertex 81.43351607750573 3.94624123638567 8.6
    endloop
  endfacet
  facet normal 0 0 1
    outer loop
      vertex 110.95 0 8.6
      vertex 81.58603862731414 4.210418041953776 8.6
      vertex 81.51554445662276 4.075 8.6
    endloop
  endfacet
  facet normal 0 0 1
    outer loop
      vertex 110.95 0 8.6
      vertex 81.64446208637534 4.35146474918008 8.6
      vertex 81.58603862731414 4.210418041953776 8.6
    endloop
  endfacet
  facet normal 0 0 1
    outer loop
      vertex 110.95 0 8.6
      vertex 81.69037019600587 4.497066671070589 8.6
      vertex 81.64446208637534 4.35146474918008 8.6
    endloop
  endfacet
  facet normal 0 0 1
    outer loop
      vertex 110.95 0 8.6
      vertex 81.72341356777136 4.6461156890828725 8.6
      vertex 81.69037019600587 4.497066671070589 8.6
    endloop
  endfacet
  facet normal 0 0 1
    outer loop
      vertex 107.35000000149012 7.799999997019768 8.6
      vertex 81.74334072166056 4.797477450191598 8.6
      vertex 81.72341356777136 4.6461156890828725 8.6
    endloop
  endfacet
  facet normal 0 0 1
    outer loop
      vertex 107.35000000149012 7.799999997019768 8.6
      vertex 81.75 4.95 8.6
      vertex 81.74334072166056 4.797477450191598 8.6
    endloop
  endfacet
  facet normal 0 0 1
    outer loop
      vertex 107.35000000149012 7.799999997019768 8.6
      vertex 81.74334072166056 5.102522549808402 8.6
      vertex 81.75 4.95 8.6
    endloop
  endfacet
  facet normal 0 0 1
    outer loop
      vertex 107.35000000149012 7.799999997019768 8.6
      vertex 81.72341356777136 5.253884310917128 8.6
      vertex 81.74334072166056 5.102522549808402 8.6
    endloop
  endfacet
  facet normal 0 0 1
    outer loop
      vertex 107.35000000149012 7.799999997019768 8.6
      vertex 81.43351607750573 5.9537587636143305 8.6
      vertex 81.51554445662276 5.825 8.6
    endloop
  endfacet
  facet normal 0 0 1
    outer loop
      vertex 107.35000000149012 7.799999997019768 8.6
      vertex 81.34057777545821 6.074878316951444 8.6
      vertex 81.43351607750573 5.9537587636143305 8.6
    endloop
  endfacet
  facet normal 0 0 1
    outer loop
      vertex 107.35000000149012 7.799999997019768 8.6
      vertex 81.23743686707645 6.187436867076459 8.6
      vertex 81.34057777545821 6.074878316951444 8.6
    endloop
  endfacet
  facet normal 0 0 1
    outer loop
      vertex 107.35000000149012 7.799999997019768 8.6
      vertex 81.12487831695144 6.290577775458212 8.6
      vertex 81.23743686707645 6.187436867076459 8.6
    endloop
  endfacet
  facet normal 0 0 1
    outer loop
      vertex 107.35000000149012 7.799999997019768 8.6
      vertex 81.00375876361433 6.383516077505735 8.6
      vertex 81.12487831695144 6.290577775458212 8.6
    endloop
  endfacet
  facet normal 0 0 1
    outer loop
      vertex 107.35000000149012 7.799999997019768 8.6
      vertex 80.875 6.4655444566227676 8.6
      vertex 81.00375876361433 6.383516077505735 8.6
    endloop
  endfacet
  facet normal 0 0 1
    outer loop
      vertex 107.35000000149012 7.799999997019768 8.6
      vertex 80.1525225498084 6.6933407216605545 8.6
      vertex 80.30388431091713 6.673413567771364 8.6
    endloop
  endfacet
  facet normal 0 0 1
    outer loop
      vertex 107.35000000149012 7.799999997019768 8.6
      vertex 80 6.7 8.6
      vertex 80.1525225498084 6.6933407216605545 8.6
    endloop
  endfacet
  facet normal 0 0 1
    outer loop
      vertex 107.35000000149012 7.799999997019768 8.6
      vertex 80.4529333289294 6.64037019600587 8.6
      vertex 80.59853525081992 6.59446208637534 8.6
    endloop
  endfacet
  facet normal 0 0 1
    outer loop
      vertex 107.35000000149012 7.799999997019768 8.6
      vertex 80.30388431091713 6.673413567771364 8.6
      vertex 80.4529333289294 6.64037019600587 8.6
    endloop
  endfacet
  facet normal 0 0 1
    outer loop
      vertex 107.35000000149012 7.799999997019768 8.6
      vertex 80.73958195804623 6.536038627314138 8.6
      vertex 80.875 6.4655444566227676 8.6
    endloop
  endfacet
  facet normal 0 0 1
    outer loop
      vertex 107.35000000149012 7.799999997019768 8.6
      vertex 80.59853525081992 6.59446208637534 8.6
      vertex 80.73958195804623 6.536038627314138 8.6
    endloop
  endfacet
  facet normal 0 0 1
    outer loop
      vertex 107.35000000149012 7.799999997019768 8.6
      vertex 81.69037019600587 5.402933328929412 8.6
      vertex 81.72341356777136 5.253884310917128 8.6
    endloop
  endfacet
  facet normal 0 0 1
    outer loop
      vertex 107.35000000149012 7.799999997019768 8.6
      vertex 81.64446208637534 5.548535250819921 8.6
      vertex 81.69037019600587 5.402933328929412 8.6
    endloop
  endfacet
  facet normal 0 0 1
    outer loop
      vertex 107.35000000149012 7.799999997019768 8.6
      vertex 81.58603862731414 5.689581958046224 8.6
      vertex 81.64446208637534 5.548535250819921 8.6
    endloop
  endfacet
  facet normal 0 0 1
    outer loop
      vertex 107.35000000149012 7.799999997019768 8.6
      vertex 81.51554445662276 5.825 8.6
      vertex 81.58603862731414 5.689581958046224 8.6
    endloop
  endfacet
  facet normal 0 0 1
    outer loop
      vertex 110.95 0 8.6
      vertex 107.35000000149012 7.799999997019768 8.6
      vertex 81.72341356777136 4.6461156890828725 8.6
    endloop
  endfacet
  facet normal 0 0 1
    outer loop
      vertex 110.95 0 8.6
      vertex 107.35000000149012 94.70000000298023 8.6
      vertex 107.35000000149012 7.799999997019768 8.6
    endloop
  endfacet
  facet normal 0 0 -1
    outer loop
      vertex -103.95 91.5 0
      vertex 110.54999999701977 96.60000000149012 0
      vertex 103.95 91.5 0
    endloop
  endfacet
  facet normal 0 0 -1
    outer loop
      vertex 110.54999999701977 96.60000000149012 0
      vertex 110.54999999701977 0.3999999985098839 0
      vertex 103.95 91.5 0
    endloop
  endfacet
  facet normal 0 1 0
    outer loop
      vertex 102.75 97 0.39
      vertex 107.95 97 2
      vertex 110.95 97 0.39
    endloop
  endfacet
  facet normal 0 1 0
    outer loop
      vertex 102.75 97 0.39
      vertex 102.75 97 2
      vertex 107.95 97 2
    endloop
  endfacet
  facet normal 0 1 0
    outer loop
      vertex 107.95 97 2
      vertex 107.95 97 4.3
      vertex 110.95 97 0.39
    endloop
  endfacet
  facet normal 0 1 0
    outer loop
      vertex 110.95 97 8.6
      vertex 110.95 97 0.39
      vertex 107.95 97 4.3
    endloop
  endfacet
  facet normal 0 1 0
    outer loop
      vertex -110.95 97 8.6
      vertex 110.95 97 8.6
      vertex 102.75 97 5.6
    endloop
  endfacet
  facet normal 0 0 1
    outer loop
      vertex -107.35000000149012 94.70000000298023 8.6
      vertex 107.35000000149012 94.70000000298023 8.6
      vertex 110.95 97 8.6
    endloop
  endfacet
  facet normal 1 0 0
    outer loop
      vertex 110.95 0 8.6
      vertex 110.95 97 0.39
      vertex 110.95 97 8.6
    endloop
  endfacet
  facet normal 0 0 1
    outer loop
      vertex 110.95 0 8.6
      vertex 110.95 97 8.6
      vertex 107.35000000149012 94.70000000298023 8.6
    endloop
  endfacet
  facet normal 0 1 0
    outer loop
      vertex 110.95 97 8.6
      vertex 107.95 97 4.3
      vertex 102.75 97 4.3
    endloop
  endfacet
  facet normal 0 1 0
    outer loop
      vertex 102.75 97 5.6
      vertex 110.95 97 8.6
      vertex 102.75 97 4.3
    endloop
  endfacet
  facet normal -1 0 0
    outer loop
      vertex -102.75 97 0.39
      vertex -102.75 98.39999999999999 2
      vertex -102.75 98.39999999999999 0.39
    endloop
  endfacet
  facet normal -1 0 0
    outer loop
      vertex -102.75 97 0.39
      vertex -102.75 97 2
      vertex -102.75 98.39999999999999 2
    endloop
  endfacet
  facet normal 0 1 0
    outer loop
      vertex -102.75 98.39999999999999 0.39
      vertex -102.75 98.39999999999999 2
      vertex 29.357142857142843 98.39999999999999 2
    endloop
  endfacet
  facet normal -1 0 0
    outer loop
      vertex -102.75 98.39999999999999 5.6
      vertex -102.75 98.39999999999999 4.3
      vertex -102.75 97 4.3
    endloop
  endfacet
  facet normal 0 1 0
    outer loop
      vertex -102.75 98.39999999999999 5.6
      vertex -55.044642857142854 98.39999999999999 4.3
      vertex -102.75 98.39999999999999 4.3
    endloop
  endfacet
  facet normal 0 1 0
    outer loop
      vertex -102.75 98.39999999999999 0.39
      vertex 29.357142857142843 98.39999999999999 2
      vertex 35.05000003868835 98.39999999999999 0.39
    endloop
  endfacet
  facet normal -1 0 0
    outer loop
      vertex -102.75 97 5.6
      vertex -102.75 98.39999999999999 5.6
      vertex -102.75 97 4.3
    endloop
  endfacet
  facet normal 0 0 1
    outer loop
      vertex -102.75 97 5.6
      vertex 102.75 97 5.6
      vertex -102.75 98.39999999999999 5.6
    endloop
  endfacet
  facet normal 0 1 0
    outer loop
      vertex -102.75 98.39999999999999 5.6
      vertex 102.75 98.39999999999999 5.6
      vertex -55.044642857142854 98.39999999999999 4.3
    endloop
  endfacet
  facet normal 0 1 0
    outer loop
      vertex 102.75 98.39999999999999 5.6
      vertex 102.75 98.39999999999999 4.3
      vertex -55.044642857142854 98.39999999999999 4.3
    endloop
  endfacet
  facet normal 0 1 0
    outer loop
      vertex 35.05000003868835 98.39999999999999 0.39
      vertex 102.75 98.39999999999999 2
      vertex 102.75 98.39999999999999 0.39
    endloop
  endfacet
  facet normal 0 1 0
    outer loop
      vertex 35.05000003868835 98.39999999999999 0.39
      vertex 29.357142857142843 98.39999999999999 2
      vertex 102.75 98.39999999999999 2
    endloop
  endfacet
  facet normal 1 0 0
    outer loop
      vertex 102.75 98.39999999999999 0.39
      vertex 102.75 97 2
      vertex 102.75 97 0.39
    endloop
  endfacet
  facet normal 1 0 0
    outer loop
      vertex 102.75 98.39999999999999 0.39
      vertex 102.75 98.39999999999999 2
      vertex 102.75 97 2
    endloop
  endfacet
  facet normal 1 0 0
    outer loop
      vertex 102.75 97 5.6
      vertex 102.75 97 4.3
      vertex 102.75 98.39999999999999 4.3
    endloop
  endfacet
  facet normal 0 0 1
    outer loop
      vertex -102.75 98.39999999999999 5.6
      vertex 102.75 97 5.6
      vertex 102.75 98.39999999999999 5.6
    endloop
  endfacet
  facet normal 1 0 0
    outer loop
      vertex 102.75 97 5.6
      vertex 102.75 98.39999999999999 4.3
      vertex 102.75 98.39999999999999 5.6
    endloop
  endfacet
  facet normal -1 0 0
    outer loop
      vertex -107.35000000149012 7.799999997019768 8.6
      vertex -107.35000000149012 7.799999997019768 9.500000000000005
      vertex -107.35000000149012 94.70000000298023 9.500000000000005
    endloop
  endfacet
  facet normal 0 0 1
    outer loop
      vertex -107.35000000149012 7.799999997019768 9.500000000000005
      vertex -104.65 10.5 9.500000000000005
      vertex -104.65 92 9.500000000000005
    endloop
  endfacet
  facet normal 0 -1 0
    outer loop
      vertex -107.35000000149012 7.799999997019768 8.6
      vertex 107.35000000149012 7.799999997019768 8.6
      vertex -107.35000000149012 7.799999997019768 9.500000000000005
    endloop
  endfacet
  facet normal 0 0 1
    outer loop
      vertex -107.35000000149012 7.799999997019768 9.500000000000005
      vertex 107.35000000149012 7.799999997019768 9.500000000000005
      vertex -104.65 10.5 9.500000000000005
    endloop
  endfacet
  facet normal -1 0 0
    outer loop
      vertex -107.35000000149012 7.799999997019768 8.6
      vertex -107.35000000149012 94.70000000298023 9.500000000000005
      vertex -107.35000000149012 94.70000000298023 8.6
    endloop
  endfacet
  facet normal 0 0 1
    outer loop
      vertex -107.35000000149012 7.799999997019768 9.500000000000005
      vertex -104.65 92 9.500000000000005
      vertex -107.35000000149012 94.70000000298023 9.500000000000005
    endloop
  endfacet
  facet normal 0 1 0
    outer loop
      vertex -107.35000000149012 94.70000000298023 8.6
      vertex -107.35000000149012 94.70000000298023 9.500000000000005
      vertex 107.35000000149012 94.70000000298023 9.500000000000005
    endloop
  endfacet
  facet normal 0 0 1
    outer loop
      vertex -107.35000000149012 94.70000000298023 9.500000000000005
      vertex -104.65 92 9.500000000000005
      vertex 104.65 92 9.500000000000005
    endloop
  endfacet
  facet normal 0 -1 0
    outer loop
      vertex -107.35000000149012 7.799999997019768 9.500000000000005
      vertex 107.35000000149012 7.799999997019768 8.6
      vertex 107.35000000149012 7.799999997019768 9.500000000000005
    endloop
  endfacet
  facet normal 0 0 1
    outer loop
      vertex 107.35000000149012 7.799999997019768 9.500000000000005
      vertex 104.65 10.5 9.500000000000005
      vertex -104.65 10.5 9.500000000000005
    endloop
  endfacet
  facet normal 1 0 0
    outer loop
      vertex 107.35000000149012 7.799999997019768 8.6
      vertex 107.35000000149012 94.70000000298023 8.6
      vertex 107.35000000149012 7.799999997019768 9.500000000000005
    endloop
  endfacet
  facet normal 0 0 1
    outer loop
      vertex 107.35000000149012 7.799999997019768 9.500000000000005
      vertex 104.65 92 9.500000000000005
      vertex 104.65 10.5 9.500000000000005
    endloop
  endfacet
  facet normal 0 1 0
    outer loop
      vertex -107.35000000149012 94.70000000298023 8.6
      vertex 107.35000000149012 94.70000000298023 9.500000000000005
      vertex 107.35000000149012 94.70000000298023 8.6
    endloop
  endfacet
  facet normal 0 0 1
    outer loop
      vertex -107.35000000149012 94.70000000298023 9.500000000000005
      vertex 104.65 92 9.500000000000005
      vertex 107.35000000149012 94.70000000298023 9.500000000000005
    endloop
  endfacet
  facet normal 1 0 0
    outer loop
      vertex 107.35000000149012 7.799999997019768 9.500000000000005
      vertex 107.35000000149012 94.70000000298023 8.6
      vertex 107.35000000149012 94.70000000298023 9.500000000000005
    endloop
  endfacet
  facet normal 0 0 1
    outer loop
      vertex 107.35000000149012 7.799999997019768 9.500000000000005
      vertex 107.35000000149012 94.70000000298023 9.500000000000005
      vertex 104.65 92 9.500000000000005
    endloop
  endfacet
  facet normal 0.9537169507482244 -0.3007057995042811 1.741063318282467e-14
    outer loop
      vertex -81.69037019600587 5.402933328929412 1.69
      vertex -81.64446208637534 5.548535250819921 1.69
      vertex -81.6597651921768 5.5 2
    endloop
  endfacet
  facet normal 0.9238795325112854 -0.3826834323650929 0
    outer loop
      vertex -81.64446208637534 5.548535250819921 1.69
      vertex -81.58603862731414 5.689581958046224 1.69
      vertex -81.58603862731414 5.689581958046224 2
    endloop
  endfacet
  facet normal 0.8870108331782057 -0.46174861323506444 0
    outer loop
      vertex -81.58603862731414 5.689581958046224 1.69
      vertex -81.51554445662276 5.825 1.69
      vertex -81.51554445662276 5.825 2
    endloop
  endfacet
  facet normal 0.9537169507481924 -0.3007057995043823 0
    outer loop
      vertex -81.64446208637534 5.548535250819921 1.69
      vertex -81.64446208637534 5.548535250819921 2
      vertex -81.6597651921768 5.5 2
    endloop
  endfacet
  facet normal 0.9238795325112854 -0.3826834323650929 0
    outer loop
      vertex -81.64446208637534 5.548535250819921 1.69
      vertex -81.58603862731414 5.689581958046224 2
      vertex -81.64446208637534 5.548535250819921 2
    endloop
  endfacet
  facet normal 0.8870108331782057 -0.46174861323506444 0
    outer loop
      vertex -81.58603862731414 5.689581958046224 1.69
      vertex -81.51554445662276 5.825 2
      vertex -81.58603862731414 5.689581958046224 2
    endloop
  endfacet
  facet normal 0.8433914458128792 -0.5372996083468339 0
    outer loop
      vertex -81.51554445662276 5.825 1.69
      vertex -81.43351607750573 5.9537587636143305 2
      vertex -81.51554445662276 5.825 2
    endloop
  endfacet
  facet normal 0.8433914458128792 -0.5372996083468339 0
    outer loop
      vertex -81.51554445662276 5.825 1.69
      vertex -81.43351607750573 5.9537587636143305 1.69
      vertex -81.43351607750573 5.9537587636143305 2
    endloop
  endfacet
  facet normal 0.7933533402912664 -0.6087614290086801 0
    outer loop
      vertex -81.43351607750573 5.9537587636143305 1.69
      vertex -81.34057777545821 6.074878316951444 1.69
      vertex -81.34057777545821 6.074878316951444 2
    endloop
  endfacet
  facet normal 0.7372773368101015 -0.6755902076156848 0
    outer loop
      vertex -81.34057777545821 6.074878316951444 1.69
      vertex -81.23743686707645 6.187436867076459 1.69
      vertex -81.23743686707645 6.187436867076459 2
    endloop
  endfacet
  facet normal 0.7933533402912664 -0.6087614290086801 0
    outer loop
      vertex -81.43351607750573 5.9537587636143305 1.69
      vertex -81.34057777545821 6.074878316951444 2
      vertex -81.43351607750573 5.9537587636143305 2
    endloop
  endfacet
  facet normal 0.7372773368101015 -0.6755902076156848 0
    outer loop
      vertex -81.34057777545821 6.074878316951444 1.69
      vertex -81.23743686707645 6.187436867076459 2
      vertex -81.34057777545821 6.074878316951444 2
    endloop
  endfacet
  facet normal -0.9537169507482244 -0.3007057995042811 1.741063318282467e-14
    outer loop
      vertex -78.30962980399413 5.402933328929412 1.69
      vertex -78.3402348078232 5.5 2
      vertex -78.35553791362466 5.548535250819921 1.69
    endloop
  endfacet
  facet normal -0.9238795325112854 -0.3826834323650929 0
    outer loop
      vertex -78.41396137268586 5.689581958046224 1.69
      vertex -78.35553791362466 5.548535250819921 1.69
      vertex -78.35553791362466 5.548535250819921 2
    endloop
  endfacet
  facet normal -0.8870108331782057 -0.46174861323506444 0
    outer loop
      vertex -78.41396137268586 5.689581958046224 1.69
      vertex -78.41396137268586 5.689581958046224 2
      vertex -78.48445554337724 5.825 1.69
    endloop
  endfacet
  facet normal -0.8433914458128792 -0.5372996083468339 0
    outer loop
      vertex -78.48445554337724 5.825 1.69
      vertex -78.48445554337724 5.825 2
      vertex -78.56648392249427 5.9537587636143305 1.69
    endloop
  endfacet
  facet normal -0.7372773368101015 -0.6755902076156848 0
    outer loop
      vertex -78.65942222454179 6.074878316951444 1.69
      vertex -78.65942222454179 6.074878316951444 2
      vertex -78.76256313292355 6.187436867076459 1.69
    endloop
  endfacet
  facet normal -0.7933533402912664 -0.6087614290086801 0
    outer loop
      vertex -78.65942222454179 6.074878316951444 1.69
      vertex -78.56648392249427 5.9537587636143305 1.69
      vertex -78.56648392249427 5.9537587636143305 2
    endloop
  endfacet
  facet normal -0.9537169507481924 -0.3007057995043823 0
    outer loop
      vertex -78.35553791362466 5.548535250819921 1.69
      vertex -78.3402348078232 5.5 2
      vertex -78.35553791362466 5.548535250819921 2
    endloop
  endfacet
  facet normal -0.9238795325112854 -0.3826834323650929 0
    outer loop
      vertex -78.41396137268586 5.689581958046224 1.69
      vertex -78.35553791362466 5.548535250819921 2
      vertex -78.41396137268586 5.689581958046224 2
    endloop
  endfacet
  facet normal -0.8870108331782057 -0.46174861323506444 0
    outer loop
      vertex -78.48445554337724 5.825 1.69
      vertex -78.41396137268586 5.689581958046224 2
      vertex -78.48445554337724 5.825 2
    endloop
  endfacet
  facet normal -0.8433914458128792 -0.5372996083468339 0
    outer loop
      vertex -78.56648392249427 5.9537587636143305 1.69
      vertex -78.48445554337724 5.825 2
      vertex -78.56648392249427 5.9537587636143305 2
    endloop
  endfacet
  facet normal -0.7372773368101015 -0.6755902076156848 0
    outer loop
      vertex -78.76256313292355 6.187436867076459 1.69
      vertex -78.65942222454179 6.074878316951444 2
      vertex -78.76256313292355 6.187436867076459 2
    endloop
  endfacet
  facet normal -0.7933533402912664 -0.6087614290086801 0
    outer loop
      vertex -78.65942222454179 6.074878316951444 1.69
      vertex -78.56648392249427 5.9537587636143305 2
      vertex -78.65942222454179 6.074878316951444 2
    endloop
  endfacet
  facet normal 0.6755902076156566 -0.7372773368101273 0
    outer loop
      vertex -81.23743686707645 6.187436867076459 1.69
      vertex -81.12487831695144 6.290577775458212 1.69
      vertex -81.12487831695144 6.290577775458212 2
    endloop
  endfacet
  facet normal 0.608761429008728 -0.7933533402912295 0
    outer loop
      vertex -81.12487831695144 6.290577775458212 1.69
      vertex -81.00375876361433 6.383516077505735 1.69
      vertex -81.00375876361433 6.383516077505735 2
    endloop
  endfacet
  facet normal 0.537299608346831 -0.8433914458128812 0
    outer loop
      vertex -81.00375876361433 6.383516077505735 1.69
      vertex -80.875 6.4655444566227676 1.69
      vertex -80.875 6.4655444566227676 2
    endloop
  endfacet
  facet normal 0.4617486132350536 -0.8870108331782114 0
    outer loop
      vertex -80.875 6.4655444566227676 1.69
      vertex -80.73958195804623 6.536038627314138 1.69
      vertex -80.73958195804623 6.536038627314138 2
    endloop
  endfacet
  facet normal 0.3826834323650757 -0.9238795325112927 0
    outer loop
      vertex -80.73958195804623 6.536038627314138 1.69
      vertex -80.59853525081992 6.59446208637534 1.69
      vertex -80.59853525081992 6.59446208637534 2
    endloop
  endfacet
  facet normal 0.30070579950426085 -0.9537169507482309 0
    outer loop
      vertex -80.59853525081992 6.59446208637534 1.69
      vertex -80.4529333289294 6.64037019600587 1.69
      vertex -80.4529333289294 6.64037019600587 2
    endloop
  endfacet
  facet normal 0.21643961393810746 -0.9762960071199325 0
    outer loop
      vertex -80.4529333289294 6.64037019600587 1.69
      vertex -80.30388431091713 6.673413567771364 1.69
      vertex -80.30388431091713 6.673413567771364 2
    endloop
  endfacet
  facet normal 0.1305261922200457 -0.9914448613738112 0
    outer loop
      vertex -80.30388431091713 6.673413567771364 1.69
      vertex -80.1525225498084 6.6933407216605545 1.69
      vertex -80.1525225498084 6.6933407216605545 2
    endloop
  endfacet
  facet normal 0.043619387365340184 -0.9990482215818576 0
    outer loop
      vertex -80.1525225498084 6.6933407216605545 1.69
      vertex -80 6.7 1.69
      vertex -80 6.7 2
    endloop
  endfacet
  facet normal -0.1305261922200457 -0.9914448613738112 0
    outer loop
      vertex -79.8474774501916 6.6933407216605545 1.69
      vertex -79.69611568908287 6.673413567771364 1.69
      vertex -79.69611568908287 6.673413567771364 2
    endloop
  endfacet
  facet normal -0.043619387365340184 -0.9990482215818576 0
    outer loop
      vertex -80 6.7 1.69
      vertex -79.8474774501916 6.6933407216605545 1.69
      vertex -79.8474774501916 6.6933407216605545 2
    endloop
  endfacet
  facet normal 0.6755902076156566 -0.7372773368101273 0
    outer loop
      vertex -81.23743686707645 6.187436867076459 1.69
      vertex -81.12487831695144 6.290577775458212 2
      vertex -81.23743686707645 6.187436867076459 2
    endloop
  endfacet
  facet normal 0.608761429008728 -0.7933533402912295 0
    outer loop
      vertex -81.12487831695144 6.290577775458212 1.69
      vertex -81.00375876361433 6.383516077505735 2
      vertex -81.12487831695144 6.290577775458212 2
    endloop
  endfacet
  facet normal 0.537299608346831 -0.8433914458128812 0
    outer loop
      vertex -81.00375876361433 6.383516077505735 1.69
      vertex -80.875 6.4655444566227676 2
      vertex -81.00375876361433 6.383516077505735 2
    endloop
  endfacet
  facet normal 0.4617486132350536 -0.8870108331782114 0
    outer loop
      vertex -80.875 6.4655444566227676 1.69
      vertex -80.73958195804623 6.536038627314138 2
      vertex -80.875 6.4655444566227676 2
    endloop
  endfacet
  facet normal 0.3826834323650757 -0.9238795325112927 0
    outer loop
      vertex -80.73958195804623 6.536038627314138 1.69
      vertex -80.59853525081992 6.59446208637534 2
      vertex -80.73958195804623 6.536038627314138 2
    endloop
  endfacet
  facet normal 0.30070579950426085 -0.9537169507482309 0
    outer loop
      vertex -80.59853525081992 6.59446208637534 1.69
      vertex -80.4529333289294 6.64037019600587 2
      vertex -80.59853525081992 6.59446208637534 2
    endloop
  endfacet
  facet normal 0.21643961393810746 -0.9762960071199325 0
    outer loop
      vertex -80.4529333289294 6.64037019600587 1.69
      vertex -80.30388431091713 6.673413567771364 2
      vertex -80.4529333289294 6.64037019600587 2
    endloop
  endfacet
  facet normal 0.1305261922200457 -0.9914448613738112 0
    outer loop
      vertex -80.30388431091713 6.673413567771364 1.69
      vertex -80.1525225498084 6.6933407216605545 2
      vertex -80.30388431091713 6.673413567771364 2
    endloop
  endfacet
  facet normal 0.043619387365340184 -0.9990482215818576 0
    outer loop
      vertex -80.1525225498084 6.6933407216605545 1.69
      vertex -80 6.7 2
      vertex -80.1525225498084 6.6933407216605545 2
    endloop
  endfacet
  facet normal -0.043619387365340184 -0.9990482215818576 0
    outer loop
      vertex -80 6.7 1.69
      vertex -79.8474774501916 6.6933407216605545 2
      vertex -80 6.7 2
    endloop
  endfacet
  facet normal -0.1305261922200457 -0.9914448613738112 0
    outer loop
      vertex -79.8474774501916 6.6933407216605545 1.69
      vertex -79.69611568908287 6.673413567771364 2
      vertex -79.8474774501916 6.6933407216605545 2
    endloop
  endfacet
  facet normal -0.608761429008728 -0.7933533402912295 0
    outer loop
      vertex -78.87512168304856 6.290577775458212 1.69
      vertex -78.87512168304856 6.290577775458212 2
      vertex -78.99624123638567 6.383516077505735 1.69
    endloop
  endfacet
  facet normal -0.4617486132350536 -0.8870108331782114 0
    outer loop
      vertex -79.125 6.4655444566227676 1.69
      vertex -79.125 6.4655444566227676 2
      vertex -79.26041804195377 6.536038627314138 1.69
    endloop
  endfacet
  facet normal -0.537299608346831 -0.8433914458128812 0
    outer loop
      vertex -79.125 6.4655444566227676 1.69
      vertex -78.99624123638567 6.383516077505735 1.69
      vertex -78.99624123638567 6.383516077505735 2
    endloop
  endfacet
  facet normal -0.21643961393810746 -0.9762960071199325 0
    outer loop
      vertex -79.5470666710706 6.64037019600587 1.69
      vertex -79.5470666710706 6.64037019600587 2
      vertex -79.69611568908287 6.673413567771364 1.69
    endloop
  endfacet
  facet normal -0.30070579950426085 -0.9537169507482309 0
    outer loop
      vertex -79.5470666710706 6.64037019600587 1.69
      vertex -79.40146474918008 6.59446208637534 1.69
      vertex -79.40146474918008 6.59446208637534 2
    endloop
  endfacet
  facet normal -0.3826834323650757 -0.9238795325112927 0
    outer loop
      vertex -79.40146474918008 6.59446208637534 1.69
      vertex -79.26041804195377 6.536038627314138 1.69
      vertex -79.26041804195377 6.536038627314138 2
    endloop
  endfacet
  facet normal -0.6755902076156566 -0.7372773368101273 0
    outer loop
      vertex -78.87512168304856 6.290577775458212 1.69
      vertex -78.76256313292355 6.187436867076459 1.69
      vertex -78.76256313292355 6.187436867076459 2
    endloop
  endfacet
  facet normal -0.4617486132350536 -0.8870108331782114 0
    outer loop
      vertex -79.26041804195377 6.536038627314138 1.69
      vertex -79.125 6.4655444566227676 2
      vertex -79.26041804195377 6.536038627314138 2
    endloop
  endfacet
  facet normal -0.537299608346831 -0.8433914458128812 0
    outer loop
      vertex -79.125 6.4655444566227676 1.69
      vertex -78.99624123638567 6.383516077505735 2
      vertex -79.125 6.4655444566227676 2
    endloop
  endfacet
  facet normal -0.608761429008728 -0.7933533402912295 0
    outer loop
      vertex -78.99624123638567 6.383516077505735 1.69
      vertex -78.87512168304856 6.290577775458212 2
      vertex -78.99624123638567 6.383516077505735 2
    endloop
  endfacet
  facet normal -0.21643961393810746 -0.9762960071199325 0
    outer loop
      vertex -79.69611568908287 6.673413567771364 1.69
      vertex -79.5470666710706 6.64037019600587 2
      vertex -79.69611568908287 6.673413567771364 2
    endloop
  endfacet
  facet normal -0.30070579950426085 -0.9537169507482309 0
    outer loop
      vertex -79.5470666710706 6.64037019600587 1.69
      vertex -79.40146474918008 6.59446208637534 2
      vertex -79.5470666710706 6.64037019600587 2
    endloop
  endfacet
  facet normal -0.3826834323650757 -0.9238795325112927 0
    outer loop
      vertex -79.40146474918008 6.59446208637534 1.69
      vertex -79.26041804195377 6.536038627314138 2
      vertex -79.40146474918008 6.59446208637534 2
    endloop
  endfacet
  facet normal -0.6755902076156566 -0.7372773368101273 0
    outer loop
      vertex -78.87512168304856 6.290577775458212 1.69
      vertex -78.76256313292355 6.187436867076459 2
      vertex -78.87512168304856 6.290577775458212 2
    endloop
  endfacet
  facet normal 0.9537169507482404 -0.3007057995042305 0
    outer loop
      vertex -81.69037019600587 5.402933328929412 1.69
      vertex -81.6597651921768 5.5 2
      vertex -81.6597651921768 5.5 4.3
    endloop
  endfacet
  facet normal -0.9537169507482404 -0.3007057995042305 0
    outer loop
      vertex -78.30962980399413 5.402933328929412 1.69
      vertex -78.3402348078232 5.5 4.3
      vertex -78.3402348078232 5.5 2
    endloop
  endfacet
  facet normal 0.8433914458128793 0.537299608346834 0
    outer loop
      vertex -81.43351607750573 3.94624123638567 1.69
      vertex -81.51554445662276 4.075 1.69
      vertex -81.51554445662276 4.075 8.6
    endloop
  endfacet
  facet normal 0.887010833178206 0.4617486132350645 0
    outer loop
      vertex -81.58603862731414 4.210418041953776 1.69
      vertex -81.58603862731414 4.210418041953776 8.6
      vertex -81.51554445662276 4.075 1.69
    endloop
  endfacet
  facet normal 0.9238795325112854 0.38268343236509295 0
    outer loop
      vertex -81.58603862731414 4.210418041953776 1.69
      vertex -81.64446208637534 4.35146474918008 1.69
      vertex -81.64446208637534 4.35146474918008 8.6
    endloop
  endfacet
  facet normal 0.9762960071199441 0.2164396139380545 0
    outer loop
      vertex -81.69037019600587 4.497066671070589 1.69
      vertex -81.72341356777136 4.6461156890828725 1.69
      vertex -81.72341356777136 4.6461156890828725 8.6
    endloop
  endfacet
  facet normal 0.9537169507482244 0.30070579950428106 0
    outer loop
      vertex -81.64446208637534 4.35146474918008 1.69
      vertex -81.69037019600587 4.497066671070589 1.69
      vertex -81.69037019600587 4.497066671070589 8.6
    endloop
  endfacet
  facet normal 0.4617486132350514 0.8870108331782126 0
    outer loop
      vertex -80.73958195804623 3.363961372685863 1.69
      vertex -80.875 3.434455543377233 1.69
      vertex -80.875 3.434455543377233 8.6
    endloop
  endfacet
  facet normal 0.3826834323650781 0.9238795325112916 0
    outer loop
      vertex -80.73958195804623 3.363961372685863 1.69
      vertex -80.73958195804623 3.363961372685863 8.6
      vertex -80.59853525081992 3.3055379136246605 1.69
    endloop
  endfacet
  facet normal 0.6087614290087316 0.7933533402912267 0
    outer loop
      vertex -81.12487831695144 3.6094222245417886 1.69
      vertex -81.12487831695144 3.6094222245417886 8.6
      vertex -81.00375876361433 3.5164839224942646 1.69
    endloop
  endfacet
  facet normal 0.7372773368101015 0.6755902076156848 0
    outer loop
      vertex -81.23743686707645 3.712563132923542 1.69
      vertex -81.34057777545821 3.8251216830485566 1.69
      vertex -81.34057777545821 3.8251216830485566 8.6
    endloop
  endfacet
  facet normal 0.6755902076156549 0.7372773368101287 0
    outer loop
      vertex -81.12487831695144 3.6094222245417886 1.69
      vertex -81.23743686707645 3.712563132923542 1.69
      vertex -81.23743686707645 3.712563132923542 8.6
    endloop
  endfacet
  facet normal 0.537299608346829 0.8433914458128825 0
    outer loop
      vertex -80.875 3.434455543377233 1.69
      vertex -81.00375876361433 3.5164839224942646 1.69
      vertex -81.00375876361433 3.5164839224942646 8.6
    endloop
  endfacet
  facet normal 0.21643961393811026 0.9762960071199318 0
    outer loop
      vertex -80.4529333289294 3.2596298039941307 1.69
      vertex -80.4529333289294 3.2596298039941307 8.6
      vertex -80.30388431091713 3.226586432228636 1.69
    endloop
  endfacet
  facet normal 0.13052619222004855 0.9914448613738108 0
    outer loop
      vertex -80.30388431091713 3.226586432228636 1.69
      vertex -80.30388431091713 3.226586432228636 8.6
      vertex -80.1525225498084 3.2066592783394454 1.69
    endloop
  endfacet
  facet normal 0.3007057995042581 0.9537169507482316 0
    outer loop
      vertex -80.4529333289294 3.2596298039941307 1.69
      vertex -80.59853525081992 3.3055379136246605 1.69
      vertex -80.59853525081992 3.3055379136246605 8.6
    endloop
  endfacet
  facet normal 0.043619387365337284 0.9990482215818577 0
    outer loop
      vertex -80 3.2 1.69
      vertex -80.1525225498084 3.2066592783394454 1.69
      vertex -80.1525225498084 3.2066592783394454 8.6
    endloop
  endfacet
  facet normal -0.043619387365337284 0.9990482215818577 0
    outer loop
      vertex -80 3.2 1.69
      vertex -80 3.2 8.6
      vertex -79.8474774501916 3.2066592783394454 1.69
    endloop
  endfacet
  facet normal -0.13052619222004855 0.9914448613738108 0
    outer loop
      vertex -79.8474774501916 3.2066592783394454 1.69
      vertex -79.8474774501916 3.2066592783394454 8.6
      vertex -79.69611568908287 3.226586432228636 1.69
    endloop
  endfacet
  facet normal 0.7933533402912661 0.6087614290086801 0
    outer loop
      vertex -81.34057777545821 3.8251216830485566 1.69
      vertex -81.43351607750573 3.94624123638567 1.69
      vertex -81.43351607750573 3.94624123638567 8.6
    endloop
  endfacet
  facet normal 0.9914448613738029 0.1305261922201074 0
    outer loop
      vertex -81.72341356777136 4.6461156890828725 1.69
      vertex -81.74334072166056 4.797477450191598 1.69
      vertex -81.74334072166056 4.797477450191598 8.6
    endloop
  endfacet
  facet normal 0.9990482215818589 0.043619387365309376 0
    outer loop
      vertex -81.74334072166056 4.797477450191598 1.69
      vertex -81.75 4.95 1.69
      vertex -81.75 4.95 8.6
    endloop
  endfacet
  facet normal 0.9990482215818589 -0.043619387365309376 0
    outer loop
      vertex -81.75 4.95 1.69
      vertex -81.74334072166056 5.102522549808402 1.69
      vertex -81.74334072166056 5.102522549808402 8.6
    endloop
  endfacet
  facet normal 0.9914448613738029 -0.1305261922201074 0
    outer loop
      vertex -81.74334072166056 5.102522549808402 1.69
      vertex -81.72341356777136 5.253884310917128 1.69
      vertex -81.72341356777136 5.253884310917128 8.6
    endloop
  endfacet
  facet normal 0.9762960071199441 -0.2164396139380545 0
    outer loop
      vertex -81.72341356777136 5.253884310917128 1.69
      vertex -81.69037019600587 5.402933328929412 1.69
      vertex -81.69037019600587 5.402933328929412 8.6
    endloop
  endfacet
  facet normal -0.21643961393811026 0.9762960071199318 0
    outer loop
      vertex -79.69611568908287 3.226586432228636 1.69
      vertex -79.69611568908287 3.226586432228636 8.6
      vertex -79.5470666710706 3.2596298039941307 1.69
    endloop
  endfacet
  facet normal -0.3007057995042581 0.9537169507482316 0
    outer loop
      vertex -79.5470666710706 3.2596298039941307 1.69
      vertex -79.5470666710706 3.2596298039941307 8.6
      vertex -79.40146474918008 3.3055379136246605 1.69
    endloop
  endfacet
  facet normal -0.3826834323650781 0.9238795325112916 0
    outer loop
      vertex -79.40146474918008 3.3055379136246605 1.69
      vertex -79.40146474918008 3.3055379136246605 8.6
      vertex -79.26041804195377 3.363961372685863 1.69
    endloop
  endfacet
  facet normal -0.4617486132350514 0.8870108331782126 0
    outer loop
      vertex -79.26041804195377 3.363961372685863 1.69
      vertex -79.26041804195377 3.363961372685863 8.6
      vertex -79.125 3.434455543377233 1.69
    endloop
  endfacet
  facet normal -0.537299608346829 0.8433914458128825 0
    outer loop
      vertex -79.125 3.434455543377233 1.69
      vertex -79.125 3.434455543377233 8.6
      vertex -78.99624123638567 3.5164839224942646 1.69
    endloop
  endfacet
  facet normal -0.6087614290087316 0.7933533402912267 0
    outer loop
      vertex -78.99624123638567 3.5164839224942646 1.69
      vertex -78.99624123638567 3.5164839224942646 8.6
      vertex -78.87512168304856 3.6094222245417886 1.69
    endloop
  endfacet
  facet normal -0.6755902076156549 0.7372773368101287 0
    outer loop
      vertex -78.87512168304856 3.6094222245417886 1.69
      vertex -78.87512168304856 3.6094222245417886 8.6
      vertex -78.76256313292355 3.712563132923542 1.69
    endloop
  endfacet
  facet normal -0.7372773368101015 0.6755902076156848 0
    outer loop
      vertex -78.76256313292355 3.712563132923542 1.69
      vertex -78.76256313292355 3.712563132923542 8.6
      vertex -78.65942222454179 3.8251216830485566 1.69
    endloop
  endfacet
  facet normal -0.7933533402912661 0.6087614290086801 0
    outer loop
      vertex -78.65942222454179 3.8251216830485566 1.69
      vertex -78.65942222454179 3.8251216830485566 8.6
      vertex -78.56648392249427 3.94624123638567 1.69
    endloop
  endfacet
  facet normal -0.8433914458128793 0.537299608346834 0
    outer loop
      vertex -78.56648392249427 3.94624123638567 1.69
      vertex -78.56648392249427 3.94624123638567 8.6
      vertex -78.48445554337724 4.075 1.69
    endloop
  endfacet
  facet normal -0.887010833178206 0.4617486132350645 0
    outer loop
      vertex -78.48445554337724 4.075 1.69
      vertex -78.41396137268586 4.210418041953776 8.6
      vertex -78.41396137268586 4.210418041953776 1.69
    endloop
  endfacet
  facet normal -0.9238795325112854 0.38268343236509295 0
    outer loop
      vertex -78.41396137268586 4.210418041953776 1.69
      vertex -78.41396137268586 4.210418041953776 8.6
      vertex -78.35553791362466 4.35146474918008 1.69
    endloop
  endfacet
  facet normal -0.9537169507482244 0.30070579950428106 0
    outer loop
      vertex -78.35553791362466 4.35146474918008 1.69
      vertex -78.35553791362466 4.35146474918008 8.6
      vertex -78.30962980399413 4.497066671070589 1.69
    endloop
  endfacet
  facet normal -0.9762960071199441 0.2164396139380545 0
    outer loop
      vertex -78.30962980399413 4.497066671070589 1.69
      vertex -78.30962980399413 4.497066671070589 8.6
      vertex -78.27658643222864 4.6461156890828725 1.69
    endloop
  endfacet
  facet normal -0.9914448613738029 0.1305261922201074 0
    outer loop
      vertex -78.27658643222864 4.6461156890828725 1.69
      vertex -78.27658643222864 4.6461156890828725 8.6
      vertex -78.25665927833944 4.797477450191598 1.69
    endloop
  endfacet
  facet normal -0.9990482215818589 0.043619387365309376 0
    outer loop
      vertex -78.25665927833944 4.797477450191598 1.69
      vertex -78.25665927833944 4.797477450191598 8.6
      vertex -78.25 4.95 1.69
    endloop
  endfacet
  facet normal -0.9990482215818589 -0.043619387365309376 0
    outer loop
      vertex -78.25 4.95 1.69
      vertex -78.25 4.95 8.6
      vertex -78.25665927833944 5.102522549808402 1.69
    endloop
  endfacet
  facet normal -0.9914448613738029 -0.1305261922201074 0
    outer loop
      vertex -78.25665927833944 5.102522549808402 1.69
      vertex -78.25665927833944 5.102522549808402 8.6
      vertex -78.27658643222864 5.253884310917128 1.69
    endloop
  endfacet
  facet normal -0.9762960071199441 -0.2164396139380545 0
    outer loop
      vertex -78.27658643222864 5.253884310917128 1.69
      vertex -78.27658643222864 5.253884310917128 8.6
      vertex -78.30962980399413 5.402933328929412 1.69
    endloop
  endfacet
  facet normal 0.9537169507482613 -0.3007057995041644 -2.703235440071499e-15
    outer loop
      vertex -81.69037019600587 5.402933328929412 1.69
      vertex -81.6597651921768 5.5 4.3
      vertex -81.64446208637534 5.548535250819921 8.6
    endloop
  endfacet
  facet normal -0.9537169507482404 -0.3007057995042305 0
    outer loop
      vertex -78.30962980399413 5.402933328929412 1.69
      vertex -78.30962980399413 5.402933328929412 8.6
      vertex -78.3402348078232 5.5 4.3
    endloop
  endfacet
  facet normal 0.9537169507481925 -0.3007057995043823 0
    outer loop
      vertex -81.64446208637534 5.548535250819921 4.3
      vertex -81.64446208637534 5.548535250819921 8.6
      vertex -81.6597651921768 5.5 4.3
    endloop
  endfacet
  facet normal 0.9238795325112854 -0.38268343236509295 0
    outer loop
      vertex -81.64446208637534 5.548535250819921 4.3
      vertex -81.58603862731414 5.689581958046224 4.3
      vertex -81.58603862731414 5.689581958046224 8.6
    endloop
  endfacet
  facet normal 0.8870108331782058 -0.46174861323506444 0
    outer loop
      vertex -81.58603862731414 5.689581958046224 4.3
      vertex -81.51554445662276 5.825 4.3
      vertex -81.51554445662276 5.825 8.6
    endloop
  endfacet
  facet normal 0.8433914458128793 -0.537299608346834 0
    outer loop
      vertex -81.51554445662276 5.825 4.3
      vertex -81.43351607750573 5.9537587636143305 4.3
      vertex -81.43351607750573 5.9537587636143305 8.6
    endloop
  endfacet
  facet normal 0.7933533402912664 -0.6087614290086802 0
    outer loop
      vertex -81.43351607750573 5.9537587636143305 4.3
      vertex -81.34057777545821 6.074878316951444 4.3
      vertex -81.34057777545821 6.074878316951444 8.6
    endloop
  endfacet
  facet normal 0.7372773368101015 -0.6755902076156848 0
    outer loop
      vertex -81.34057777545821 6.074878316951444 4.3
      vertex -81.23743686707645 6.187436867076459 4.3
      vertex -81.23743686707645 6.187436867076459 8.6
    endloop
  endfacet
  facet normal -0.9537169507481925 -0.3007057995043823 -3.767438304505987e-15
    outer loop
      vertex -78.35553791362466 5.548535250819921 4.3
      vertex -78.3402348078232 5.5 4.3
      vertex -78.30962980399413 5.402933328929412 8.6
    endloop
  endfacet
  facet normal -0.9238795325112854 -0.38268343236509295 0
    outer loop
      vertex -78.41396137268586 5.689581958046224 4.3
      vertex -78.35553791362466 5.548535250819921 4.3
      vertex -78.35553791362466 5.548535250819921 8.6
    endloop
  endfacet
  facet normal -0.8870108331782058 -0.46174861323506444 0
    outer loop
      vertex -78.41396137268586 5.689581958046224 4.3
      vertex -78.41396137268586 5.689581958046224 8.6
      vertex -78.48445554337724 5.825 4.3
    endloop
  endfacet
  facet normal -0.8433914458128793 -0.537299608346834 0
    outer loop
      vertex -78.48445554337724 5.825 4.3
      vertex -78.48445554337724 5.825 8.6
      vertex -78.56648392249427 5.9537587636143305 4.3
    endloop
  endfacet
  facet normal -0.7372773368101015 -0.6755902076156848 0
    outer loop
      vertex -78.65942222454179 6.074878316951444 4.3
      vertex -78.65942222454179 6.074878316951444 8.6
      vertex -78.76256313292355 6.187436867076459 4.3
    endloop
  endfacet
  facet normal -0.7933533402912664 -0.6087614290086802 0
    outer loop
      vertex -78.65942222454179 6.074878316951444 4.3
      vertex -78.56648392249427 5.9537587636143305 4.3
      vertex -78.56648392249427 5.9537587636143305 8.6
    endloop
  endfacet
  facet normal 0.6755902076156567 -0.7372773368101274 0
    outer loop
      vertex -81.23743686707645 6.187436867076459 4.3
      vertex -81.12487831695144 6.290577775458212 4.3
      vertex -81.12487831695144 6.290577775458212 8.6
    endloop
  endfacet
  facet normal 0.6087614290087279 -0.7933533402912295 0
    outer loop
      vertex -81.12487831695144 6.290577775458212 4.3
      vertex -81.00375876361433 6.383516077505735 4.3
      vertex -81.00375876361433 6.383516077505735 8.6
    endloop
  endfacet
  facet normal 0.537299608346831 -0.8433914458128812 0
    outer loop
      vertex -81.00375876361433 6.383516077505735 4.3
      vertex -80.875 6.4655444566227676 4.3
      vertex -80.875 6.4655444566227676 8.6
    endloop
  endfacet
  facet normal 0.4617486132350536 -0.8870108331782115 0
    outer loop
      vertex -80.875 6.4655444566227676 4.3
      vertex -80.73958195804623 6.536038627314138 4.3
      vertex -80.73958195804623 6.536038627314138 8.6
    endloop
  endfacet
  facet normal 0.3826834323650757 -0.9238795325112926 0
    outer loop
      vertex -80.73958195804623 6.536038627314138 4.3
      vertex -80.59853525081992 6.59446208637534 4.3
      vertex -80.59853525081992 6.59446208637534 8.6
    endloop
  endfacet
  facet normal 0.3007057995042608 -0.9537169507482307 0
    outer loop
      vertex -80.59853525081992 6.59446208637534 4.3
      vertex -80.4529333289294 6.64037019600587 4.3
      vertex -80.4529333289294 6.64037019600587 8.6
    endloop
  endfacet
  facet normal 0.21643961393810743 -0.9762960071199323 0
    outer loop
      vertex -80.4529333289294 6.64037019600587 4.3
      vertex -80.30388431091713 6.673413567771364 4.3
      vertex -80.30388431091713 6.673413567771364 8.6
    endloop
  endfacet
  facet normal 0.13052619222004566 -0.9914448613738112 0
    outer loop
      vertex -80.30388431091713 6.673413567771364 4.3
      vertex -80.1525225498084 6.6933407216605545 4.3
      vertex -80.1525225498084 6.6933407216605545 8.6
    endloop
  endfacet
  facet normal 0.04361938736534018 -0.9990482215818575 0
    outer loop
      vertex -80.1525225498084 6.6933407216605545 4.3
      vertex -80 6.7 4.3
      vertex -80 6.7 8.6
    endloop
  endfacet
  facet normal -0.13052619222004566 -0.9914448613738112 0
    outer loop
      vertex -79.8474774501916 6.6933407216605545 4.3
      vertex -79.69611568908287 6.673413567771364 4.3
      vertex -79.69611568908287 6.673413567771364 8.6
    endloop
  endfacet
  facet normal -0.04361938736534018 -0.9990482215818575 0
    outer loop
      vertex -80 6.7 4.3
      vertex -79.8474774501916 6.6933407216605545 4.3
      vertex -79.8474774501916 6.6933407216605545 8.6
    endloop
  endfacet
  facet normal -0.6087614290087279 -0.7933533402912295 0
    outer loop
      vertex -78.87512168304856 6.290577775458212 4.3
      vertex -78.87512168304856 6.290577775458212 8.6
      vertex -78.99624123638567 6.383516077505735 4.3
    endloop
  endfacet
  facet normal -0.4617486132350536 -0.8870108331782115 0
    outer loop
      vertex -79.125 6.4655444566227676 4.3
      vertex -79.125 6.4655444566227676 8.6
      vertex -79.26041804195377 6.536038627314138 4.3
    endloop
  endfacet
  facet normal -0.537299608346831 -0.8433914458128812 0
    outer loop
      vertex -79.125 6.4655444566227676 4.3
      vertex -78.99624123638567 6.383516077505735 4.3
      vertex -78.99624123638567 6.383516077505735 8.6
    endloop
  endfacet
  facet normal -0.21643961393810743 -0.9762960071199323 0
    outer loop
      vertex -79.5470666710706 6.64037019600587 4.3
      vertex -79.5470666710706 6.64037019600587 8.6
      vertex -79.69611568908287 6.673413567771364 4.3
    endloop
  endfacet
  facet normal -0.3007057995042608 -0.9537169507482307 0
    outer loop
      vertex -79.5470666710706 6.64037019600587 4.3
      vertex -79.40146474918008 6.59446208637534 4.3
      vertex -79.40146474918008 6.59446208637534 8.6
    endloop
  endfacet
  facet normal -0.3826834323650757 -0.9238795325112926 0
    outer loop
      vertex -79.40146474918008 6.59446208637534 4.3
      vertex -79.26041804195377 6.536038627314138 4.3
      vertex -79.26041804195377 6.536038627314138 8.6
    endloop
  endfacet
  facet normal -0.6755902076156567 -0.7372773368101274 0
    outer loop
      vertex -78.87512168304856 6.290577775458212 4.3
      vertex -78.76256313292355 6.187436867076459 4.3
      vertex -78.76256313292355 6.187436867076459 8.6
    endloop
  endfacet
  facet normal 0.887010833178206 0.4617486132350645 0
    outer loop
      vertex -81.51554445662276 4.075 1.69
      vertex -81.58603862731414 4.210418041953776 8.6
      vertex -81.51554445662276 4.075 8.6
    endloop
  endfacet
  facet normal 0.9238795325112854 0.38268343236509295 0
    outer loop
      vertex -81.58603862731414 4.210418041953776 1.69
      vertex -81.64446208637534 4.35146474918008 8.6
      vertex -81.58603862731414 4.210418041953776 8.6
    endloop
  endfacet
  facet normal 0.9537169507482244 0.30070579950428106 0
    outer loop
      vertex -81.64446208637534 4.35146474918008 1.69
      vertex -81.69037019600587 4.497066671070589 8.6
      vertex -81.64446208637534 4.35146474918008 8.6
    endloop
  endfacet
  facet normal 0.9762960071199441 0.2164396139380545 0
    outer loop
      vertex -81.69037019600587 4.497066671070589 1.69
      vertex -81.72341356777136 4.6461156890828725 8.6
      vertex -81.69037019600587 4.497066671070589 8.6
    endloop
  endfacet
  facet normal 0.3826834323650781 0.9238795325112916 0
    outer loop
      vertex -80.59853525081992 3.3055379136246605 1.69
      vertex -80.73958195804623 3.363961372685863 8.6
      vertex -80.59853525081992 3.3055379136246605 8.6
    endloop
  endfacet
  facet normal 0.4617486132350514 0.8870108331782126 0
    outer loop
      vertex -80.73958195804623 3.363961372685863 1.69
      vertex -80.875 3.434455543377233 8.6
      vertex -80.73958195804623 3.363961372685863 8.6
    endloop
  endfacet
  facet normal 0.6755902076156549 0.7372773368101287 0
    outer loop
      vertex -81.12487831695144 3.6094222245417886 1.69
      vertex -81.23743686707645 3.712563132923542 8.6
      vertex -81.12487831695144 3.6094222245417886 8.6
    endloop
  endfacet
  facet normal 0.7372773368101015 0.6755902076156848 0
    outer loop
      vertex -81.23743686707645 3.712563132923542 1.69
      vertex -81.34057777545821 3.8251216830485566 8.6
      vertex -81.23743686707645 3.712563132923542 8.6
    endloop
  endfacet
  facet normal 0.537299608346829 0.8433914458128825 0
    outer loop
      vertex -80.875 3.434455543377233 1.69
      vertex -81.00375876361433 3.5164839224942646 8.6
      vertex -80.875 3.434455543377233 8.6
    endloop
  endfacet
  facet normal 0.6087614290087316 0.7933533402912267 0
    outer loop
      vertex -81.00375876361433 3.5164839224942646 1.69
      vertex -81.12487831695144 3.6094222245417886 8.6
      vertex -81.00375876361433 3.5164839224942646 8.6
    endloop
  endfacet
  facet normal 0.13052619222004855 0.9914448613738108 0
    outer loop
      vertex -80.1525225498084 3.2066592783394454 1.69
      vertex -80.30388431091713 3.226586432228636 8.6
      vertex -80.1525225498084 3.2066592783394454 8.6
    endloop
  endfacet
  facet normal 0.21643961393811026 0.9762960071199318 0
    outer loop
      vertex -80.30388431091713 3.226586432228636 1.69
      vertex -80.4529333289294 3.2596298039941307 8.6
      vertex -80.30388431091713 3.226586432228636 8.6
    endloop
  endfacet
  facet normal 0.3007057995042581 0.9537169507482316 0
    outer loop
      vertex -80.4529333289294 3.2596298039941307 1.69
      vertex -80.59853525081992 3.3055379136246605 8.6
      vertex -80.4529333289294 3.2596298039941307 8.6
    endloop
  endfacet
  facet normal 0.043619387365337284 0.9990482215818577 0
    outer loop
      vertex -80 3.2 1.69
      vertex -80.1525225498084 3.2066592783394454 8.6
      vertex -80 3.2 8.6
    endloop
  endfacet
  facet normal -0.043619387365337284 0.9990482215818577 0
    outer loop
      vertex -79.8474774501916 3.2066592783394454 1.69
      vertex -80 3.2 8.6
      vertex -79.8474774501916 3.2066592783394454 8.6
    endloop
  endfacet
  facet normal -0.13052619222004855 0.9914448613738108 0
    outer loop
      vertex -79.69611568908287 3.226586432228636 1.69
      vertex -79.8474774501916 3.2066592783394454 8.6
      vertex -79.69611568908287 3.226586432228636 8.6
    endloop
  endfacet
  facet normal 0.7933533402912661 0.6087614290086801 0
    outer loop
      vertex -81.34057777545821 3.8251216830485566 1.69
      vertex -81.43351607750573 3.94624123638567 8.6
      vertex -81.34057777545821 3.8251216830485566 8.6
    endloop
  endfacet
  facet normal 0.8433914458128793 0.537299608346834 0
    outer loop
      vertex -81.43351607750573 3.94624123638567 1.69
      vertex -81.51554445662276 4.075 8.6
      vertex -81.43351607750573 3.94624123638567 8.6
    endloop
  endfacet
  facet normal 0.9914448613738029 0.1305261922201074 0
    outer loop
      vertex -81.72341356777136 4.6461156890828725 1.69
      vertex -81.74334072166056 4.797477450191598 8.6
      vertex -81.72341356777136 4.6461156890828725 8.6
    endloop
  endfacet
  facet normal 0.9990482215818589 0.043619387365309376 0
    outer loop
      vertex -81.74334072166056 4.797477450191598 1.69
      vertex -81.75 4.95 8.6
      vertex -81.74334072166056 4.797477450191598 8.6
    endloop
  endfacet
  facet normal 0.9990482215818589 -0.043619387365309376 0
    outer loop
      vertex -81.75 4.95 1.69
      vertex -81.74334072166056 5.102522549808402 8.6
      vertex -81.75 4.95 8.6
    endloop
  endfacet
  facet normal 0.9914448613738029 -0.1305261922201074 0
    outer loop
      vertex -81.74334072166056 5.102522549808402 1.69
      vertex -81.72341356777136 5.253884310917128 8.6
      vertex -81.74334072166056 5.102522549808402 8.6
    endloop
  endfacet
  facet normal 0.9762960071199441 -0.2164396139380545 0
    outer loop
      vertex -81.72341356777136 5.253884310917128 1.69
      vertex -81.69037019600587 5.402933328929412 8.6
      vertex -81.72341356777136 5.253884310917128 8.6
    endloop
  endfacet
  facet normal 0.9537169507482244 -0.30070579950428106 0
    outer loop
      vertex -81.69037019600587 5.402933328929412 1.69
      vertex -81.64446208637534 5.548535250819921 8.6
      vertex -81.69037019600587 5.402933328929412 8.6
    endloop
  endfacet
  facet normal -0.21643961393811026 0.9762960071199318 0
    outer loop
      vertex -79.5470666710706 3.2596298039941307 1.69
      vertex -79.69611568908287 3.226586432228636 8.6
      vertex -79.5470666710706 3.2596298039941307 8.6
    endloop
  endfacet
  facet normal -0.3007057995042581 0.9537169507482316 0
    outer loop
      vertex -79.40146474918008 3.3055379136246605 1.69
      vertex -79.5470666710706 3.2596298039941307 8.6
      vertex -79.40146474918008 3.3055379136246605 8.6
    endloop
  endfacet
  facet normal -0.3826834323650781 0.9238795325112916 0
    outer loop
      vertex -79.26041804195377 3.363961372685863 1.69
      vertex -79.40146474918008 3.3055379136246605 8.6
      vertex -79.26041804195377 3.363961372685863 8.6
    endloop
  endfacet
  facet normal -0.4617486132350514 0.8870108331782126 0
    outer loop
      vertex -79.125 3.434455543377233 1.69
      vertex -79.26041804195377 3.363961372685863 8.6
      vertex -79.125 3.434455543377233 8.6
    endloop
  endfacet
  facet normal -0.537299608346829 0.8433914458128825 0
    outer loop
      vertex -78.99624123638567 3.5164839224942646 1.69
      vertex -79.125 3.434455543377233 8.6
      vertex -78.99624123638567 3.5164839224942646 8.6
    endloop
  endfacet
  facet normal -0.6087614290087316 0.7933533402912267 0
    outer loop
      vertex -78.87512168304856 3.6094222245417886 1.69
      vertex -78.99624123638567 3.5164839224942646 8.6
      vertex -78.87512168304856 3.6094222245417886 8.6
    endloop
  endfacet
  facet normal -0.6755902076156549 0.7372773368101287 0
    outer loop
      vertex -78.76256313292355 3.712563132923542 1.69
      vertex -78.87512168304856 3.6094222245417886 8.6
      vertex -78.76256313292355 3.712563132923542 8.6
    endloop
  endfacet
  facet normal -0.7372773368101015 0.6755902076156848 0
    outer loop
      vertex -78.65942222454179 3.8251216830485566 1.69
      vertex -78.76256313292355 3.712563132923542 8.6
      vertex -78.65942222454179 3.8251216830485566 8.6
    endloop
  endfacet
  facet normal -0.7933533402912661 0.6087614290086801 0
    outer loop
      vertex -78.56648392249427 3.94624123638567 1.69
      vertex -78.65942222454179 3.8251216830485566 8.6
      vertex -78.56648392249427 3.94624123638567 8.6
    endloop
  endfacet
  facet normal -0.8433914458128793 0.537299608346834 0
    outer loop
      vertex -78.48445554337724 4.075 1.69
      vertex -78.56648392249427 3.94624123638567 8.6
      vertex -78.48445554337724 4.075 8.6
    endloop
  endfacet
  facet normal -0.887010833178206 0.4617486132350645 0
    outer loop
      vertex -78.48445554337724 4.075 1.69
      vertex -78.48445554337724 4.075 8.6
      vertex -78.41396137268586 4.210418041953776 8.6
    endloop
  endfacet
  facet normal -0.9238795325112854 0.38268343236509295 0
    outer loop
      vertex -78.35553791362466 4.35146474918008 1.69
      vertex -78.41396137268586 4.210418041953776 8.6
      vertex -78.35553791362466 4.35146474918008 8.6
    endloop
  endfacet
  facet normal -0.9537169507482244 0.30070579950428106 0
    outer loop
      vertex -78.30962980399413 4.497066671070589 1.69
      vertex -78.35553791362466 4.35146474918008 8.6
      vertex -78.30962980399413 4.497066671070589 8.6
    endloop
  endfacet
  facet normal -0.9762960071199441 0.2164396139380545 0
    outer loop
      vertex -78.27658643222864 4.6461156890828725 1.69
      vertex -78.30962980399413 4.497066671070589 8.6
      vertex -78.27658643222864 4.6461156890828725 8.6
    endloop
  endfacet
  facet normal -0.9914448613738029 0.1305261922201074 0
    outer loop
      vertex -78.25665927833944 4.797477450191598 1.69
      vertex -78.27658643222864 4.6461156890828725 8.6
      vertex -78.25665927833944 4.797477450191598 8.6
    endloop
  endfacet
  facet normal -0.9990482215818589 0.043619387365309376 0
    outer loop
      vertex -78.25 4.95 1.69
      vertex -78.25665927833944 4.797477450191598 8.6
      vertex -78.25 4.95 8.6
    endloop
  endfacet
  facet normal -0.9990482215818589 -0.043619387365309376 0
    outer loop
      vertex -78.25665927833944 5.102522549808402 1.69
      vertex -78.25 4.95 8.6
      vertex -78.25665927833944 5.102522549808402 8.6
    endloop
  endfacet
  facet normal -0.9914448613738029 -0.1305261922201074 0
    outer loop
      vertex -78.27658643222864 5.253884310917128 1.69
      vertex -78.25665927833944 5.102522549808402 8.6
      vertex -78.27658643222864 5.253884310917128 8.6
    endloop
  endfacet
  facet normal -0.9762960071199441 -0.2164396139380545 0
    outer loop
      vertex -78.30962980399413 5.402933328929412 1.69
      vertex -78.27658643222864 5.253884310917128 8.6
      vertex -78.30962980399413 5.402933328929412 8.6
    endloop
  endfacet
  facet normal 0.9238795325112854 -0.38268343236509295 0
    outer loop
      vertex -81.64446208637534 5.548535250819921 4.3
      vertex -81.58603862731414 5.689581958046224 8.6
      vertex -81.64446208637534 5.548535250819921 8.6
    endloop
  endfacet
  facet normal 0.8870108331782058 -0.46174861323506444 0
    outer loop
      vertex -81.58603862731414 5.689581958046224 4.3
      vertex -81.51554445662276 5.825 8.6
      vertex -81.58603862731414 5.689581958046224 8.6
    endloop
  endfacet
  facet normal 0.8433914458128793 -0.537299608346834 0
    outer loop
      vertex -81.51554445662276 5.825 4.3
      vertex -81.43351607750573 5.9537587636143305 8.6
      vertex -81.51554445662276 5.825 8.6
    endloop
  endfacet
  facet normal 0.7933533402912664 -0.6087614290086802 0
    outer loop
      vertex -81.43351607750573 5.9537587636143305 4.3
      vertex -81.34057777545821 6.074878316951444 8.6
      vertex -81.43351607750573 5.9537587636143305 8.6
    endloop
  endfacet
  facet normal 0.7372773368101015 -0.6755902076156848 0
    outer loop
      vertex -81.34057777545821 6.074878316951444 4.3
      vertex -81.23743686707645 6.187436867076459 8.6
      vertex -81.34057777545821 6.074878316951444 8.6
    endloop
  endfacet
  facet normal -0.9537169507482245 -0.3007057995042811 0
    outer loop
      vertex -78.35553791362466 5.548535250819921 4.3
      vertex -78.30962980399413 5.402933328929412 8.6
      vertex -78.35553791362466 5.548535250819921 8.6
    endloop
  endfacet
  facet normal -0.9238795325112854 -0.38268343236509295 0
    outer loop
      vertex -78.41396137268586 5.689581958046224 4.3
      vertex -78.35553791362466 5.548535250819921 8.6
      vertex -78.41396137268586 5.689581958046224 8.6
    endloop
  endfacet
  facet normal -0.8870108331782058 -0.46174861323506444 0
    outer loop
      vertex -78.48445554337724 5.825 4.3
      vertex -78.41396137268586 5.689581958046224 8.6
      vertex -78.48445554337724 5.825 8.6
    endloop
  endfacet
  facet normal -0.8433914458128793 -0.537299608346834 0
    outer loop
      vertex -78.56648392249427 5.9537587636143305 4.3
      vertex -78.48445554337724 5.825 8.6
      vertex -78.56648392249427 5.9537587636143305 8.6
    endloop
  endfacet
  facet normal -0.7372773368101015 -0.6755902076156848 0
    outer loop
      vertex -78.76256313292355 6.187436867076459 4.3
      vertex -78.65942222454179 6.074878316951444 8.6
      vertex -78.76256313292355 6.187436867076459 8.6
    endloop
  endfacet
  facet normal -0.7933533402912664 -0.6087614290086802 0
    outer loop
      vertex -78.65942222454179 6.074878316951444 4.3
      vertex -78.56648392249427 5.9537587636143305 8.6
      vertex -78.65942222454179 6.074878316951444 8.6
    endloop
  endfacet
  facet normal 0.6755902076156567 -0.7372773368101274 0
    outer loop
      vertex -81.23743686707645 6.187436867076459 4.3
      vertex -81.12487831695144 6.290577775458212 8.6
      vertex -81.23743686707645 6.187436867076459 8.6
    endloop
  endfacet
  facet normal 0.6087614290087279 -0.7933533402912295 0
    outer loop
      vertex -81.12487831695144 6.290577775458212 4.3
      vertex -81.00375876361433 6.383516077505735 8.6
      vertex -81.12487831695144 6.290577775458212 8.6
    endloop
  endfacet
  facet normal 0.537299608346831 -0.8433914458128812 0
    outer loop
      vertex -81.00375876361433 6.383516077505735 4.3
      vertex -80.875 6.4655444566227676 8.6
      vertex -81.00375876361433 6.383516077505735 8.6
    endloop
  endfacet
  facet normal 0.4617486132350536 -0.8870108331782115 0
    outer loop
      vertex -80.875 6.4655444566227676 4.3
      vertex -80.73958195804623 6.536038627314138 8.6
      vertex -80.875 6.4655444566227676 8.6
    endloop
  endfacet
  facet normal 0.3826834323650757 -0.9238795325112926 0
    outer loop
      vertex -80.73958195804623 6.536038627314138 4.3
      vertex -80.59853525081992 6.59446208637534 8.6
      vertex -80.73958195804623 6.536038627314138 8.6
    endloop
  endfacet
  facet normal 0.3007057995042608 -0.9537169507482307 0
    outer loop
      vertex -80.59853525081992 6.59446208637534 4.3
      vertex -80.4529333289294 6.64037019600587 8.6
      vertex -80.59853525081992 6.59446208637534 8.6
    endloop
  endfacet
  facet normal 0.21643961393810743 -0.9762960071199323 0
    outer loop
      vertex -80.4529333289294 6.64037019600587 4.3
      vertex -80.30388431091713 6.673413567771364 8.6
      vertex -80.4529333289294 6.64037019600587 8.6
    endloop
  endfacet
  facet normal 0.13052619222004566 -0.9914448613738112 0
    outer loop
      vertex -80.30388431091713 6.673413567771364 4.3
      vertex -80.1525225498084 6.6933407216605545 8.6
      vertex -80.30388431091713 6.673413567771364 8.6
    endloop
  endfacet
  facet normal 0.04361938736534018 -0.9990482215818575 0
    outer loop
      vertex -80.1525225498084 6.6933407216605545 4.3
      vertex -80 6.7 8.6
      vertex -80.1525225498084 6.6933407216605545 8.6
    endloop
  endfacet
  facet normal -0.04361938736534018 -0.9990482215818575 0
    outer loop
      vertex -80 6.7 4.3
      vertex -79.8474774501916 6.6933407216605545 8.6
      vertex -80 6.7 8.6
    endloop
  endfacet
  facet normal -0.13052619222004566 -0.9914448613738112 0
    outer loop
      vertex -79.8474774501916 6.6933407216605545 4.3
      vertex -79.69611568908287 6.673413567771364 8.6
      vertex -79.8474774501916 6.6933407216605545 8.6
    endloop
  endfacet
  facet normal -0.4617486132350536 -0.8870108331782115 0
    outer loop
      vertex -79.26041804195377 6.536038627314138 4.3
      vertex -79.125 6.4655444566227676 8.6
      vertex -79.26041804195377 6.536038627314138 8.6
    endloop
  endfacet
  facet normal -0.537299608346831 -0.8433914458128812 0
    outer loop
      vertex -79.125 6.4655444566227676 4.3
      vertex -78.99624123638567 6.383516077505735 8.6
      vertex -79.125 6.4655444566227676 8.6
    endloop
  endfacet
  facet normal -0.6087614290087279 -0.7933533402912295 0
    outer loop
      vertex -78.99624123638567 6.383516077505735 4.3
      vertex -78.87512168304856 6.290577775458212 8.6
      vertex -78.99624123638567 6.383516077505735 8.6
    endloop
  endfacet
  facet normal -0.21643961393810743 -0.9762960071199323 0
    outer loop
      vertex -79.69611568908287 6.673413567771364 4.3
      vertex -79.5470666710706 6.64037019600587 8.6
      vertex -79.69611568908287 6.673413567771364 8.6
    endloop
  endfacet
  facet normal -0.3007057995042608 -0.9537169507482307 0
    outer loop
      vertex -79.5470666710706 6.64037019600587 4.3
      vertex -79.40146474918008 6.59446208637534 8.6
      vertex -79.5470666710706 6.64037019600587 8.6
    endloop
  endfacet
  facet normal -0.3826834323650757 -0.9238795325112926 0
    outer loop
      vertex -79.40146474918008 6.59446208637534 4.3
      vertex -79.26041804195377 6.536038627314138 8.6
      vertex -79.40146474918008 6.59446208637534 8.6
    endloop
  endfacet
  facet normal -0.6755902076156567 -0.7372773368101274 0
    outer loop
      vertex -78.87512168304856 6.290577775458212 4.3
      vertex -78.76256313292355 6.187436867076459 8.6
      vertex -78.87512168304856 6.290577775458212 8.6
    endloop
  endfacet
  facet normal 0.47690316982766484 0.6215123113078139 -0.6215189566707875
    outer loop
      vertex -81.12487831695144 3.6094222245417886 1.69
      vertex -81.7735320809878 2.4171336936440673 0
      vertex -81.98753710018664 2.5813455204382896 0
    endloop
  endfacet
  facet normal 0.5292567764042985 0.5775824193385601 -0.6215189566707889
    outer loop
      vertex -81.23743686707645 3.712563132923542 1.69
      vertex -81.98753710018664 2.5813455204382896 0
      vertex -82.18641576194536 2.763584238054655 0
    endloop
  endfacet
  facet normal 0.3617334588262173 0.6948835091326301 -0.6215189566707868
    outer loop
      vertex -80.875 3.434455543377233 1.69
      vertex -81.30676052519999 2.1476430102599116 0
      vertex -81.5460294117647 2.272198508827705 0
    endloop
  endfacet
  facet normal 0.23557265972430091 0.7471410231604713 -0.6215189566707865
    outer loop
      vertex -80.59853525081992 3.3055379136246605 1.69
      vertex -80.8002837121067 1.9633005259479488 0
      vertex -81.05754640199493 2.0444151404934545 0
    endloop
  endfacet
  facet normal 0.2997938654435161 0.723766415869991 -0.6215189566707859
    outer loop
      vertex -80.73958195804623 3.363961372685863 1.69
      vertex -81.05754640199493 2.0444151404934545 0
      vertex -81.30676052519999 2.1476430102599116 0
    endloop
  endfacet
  facet normal 0.42092004216662565 0.6607121193086308 -0.6215189566707868
    outer loop
      vertex -81.00375876361433 3.5164839224942646 1.69
      vertex -81.5460294117647 2.272198508827705 0
      vertex -81.7735320809878 2.4171336936440673 0
    endloop
  endfacet
  facet normal 0.16955860382192445 0.7648294361286154 -0.6215189566707869
    outer loop
      vertex -80.4529333289294 3.2596298039941307 1.69
      vertex -80.53693037994483 1.9049164978184288 0
      vertex -80.8002837121067 1.9633005259479488 0
    endloop
  endfacet
  facet normal 0.10225410456217428 0.7766970352711825 -0.6215189566707867
    outer loop
      vertex -80.30388431091713 3.226586432228636 1.69
      vertex -80.26949068338415 1.8697073938122 0
      vertex -80.53693037994483 1.9049164978184288 0
    endloop
  endfacet
  facet normal 0.03417138982399692 0.7826535009928425 -0.6215189566707866
    outer loop
      vertex -80.1525225498084 3.2066592783394454 1.69
      vertex -80 1.8579411764705884 0
      vertex -80.26949068338415 1.8697073938122 0
    endloop
  endfacet
  facet normal -0.03417138982399616 0.7826535009928425 -0.6215189566707867
    outer loop
      vertex -80 3.2 1.69
      vertex -79.73050931661585 1.8697073938122 0
      vertex -80 1.8579411764705884 0
    endloop
  endfacet
  facet normal -0.10225410456217425 0.7766970352711825 -0.6215189566707867
    outer loop
      vertex -79.8474774501916 3.2066592783394454 1.69
      vertex -79.46306962005517 1.9049164978184288 0
      vertex -79.73050931661585 1.8697073938122 0
    endloop
  endfacet
  facet normal -0.16955860382192378 0.7648294361286159 -0.6215189566707868
    outer loop
      vertex -79.69611568908287 3.226586432228636 1.69
      vertex -79.1997162878933 1.9633005259479488 0
      vertex -79.46306962005517 1.9049164978184288 0
    endloop
  endfacet
  facet normal -0.23557265972429997 0.7471410231604708 -0.6215189566707872
    outer loop
      vertex -79.5470666710706 3.2596298039941307 1.69
      vertex -78.94245359800507 2.0444151404934545 0
      vertex -79.1997162878933 1.9633005259479488 0
    endloop
  endfacet
  facet normal -0.2997938654435156 0.7237664158699907 -0.6215189566707864
    outer loop
      vertex -79.40146474918008 3.3055379136246605 1.69
      vertex -78.69323947480001 2.1476430102599116 0
      vertex -78.94245359800507 2.0444151404934545 0
    endloop
  endfacet
  facet normal -0.3617334588262176 0.6948835091326308 -0.6215189566707857
    outer loop
      vertex -79.26041804195377 3.363961372685863 1.69
      vertex -78.4539705882353 2.272198508827705 0
      vertex -78.69323947480001 2.1476430102599116 0
    endloop
  endfacet
  facet normal -0.4209200421666256 0.660712119308631 -0.6215189566707869
    outer loop
      vertex -79.125 3.434455543377233 1.69
      vertex -78.2264679190122 2.4171336936440673 0
      vertex -78.4539705882353 2.272198508827705 0
    endloop
  endfacet
  facet normal -0.4769031698276657 0.6215123113078141 -0.6215189566707868
    outer loop
      vertex -78.99624123638567 3.5164839224942646 1.69
      vertex -78.01246289981336 2.5813455204382896 0
      vertex -78.2264679190122 2.4171336936440673 0
    endloop
  endfacet
  facet normal -0.5292567764042992 0.5775824193385606 -0.6215189566707879
    outer loop
      vertex -78.87512168304856 3.6094222245417886 1.69
      vertex -77.81358423805464 2.763584238054655 0
      vertex -78.01246289981336 2.5813455204382896 0
    endloop
  endfacet
  facet normal 0.6948835091326357 0.3617334588262058 -0.6215189566707872
    outer loop
      vertex -81.58603862731414 4.210418041953776 1.69
      vertex -82.6778014911723 3.4039705882352944 0
      vertex -82.80235698974009 3.643239474800008 0
    endloop
  endfacet
  facet normal 0.5775824193385813 0.5292567764042807 -0.6215189566707843
    outer loop
      vertex -81.34057777545821 3.8251216830485566 1.69
      vertex -82.18641576194536 2.763584238054655 0
      vertex -82.3686544795617 2.962462899813357 0
    endloop
  endfacet
  facet normal 0.6215123113078024 0.476903169827681 -0.621518956670787
    outer loop
      vertex -81.43351607750573 3.94624123638567 1.69
      vertex -82.3686544795617 2.962462899813357 0
      vertex -82.53286630635593 3.176467919012192 0
    endloop
  endfacet
  facet normal 0.6607121193086141 0.42092004216664836 -0.6215189566707893
    outer loop
      vertex -81.51554445662276 4.075 1.69
      vertex -82.53286630635593 3.176467919012192 0
      vertex -82.6778014911723 3.4039705882352944 0
    endloop
  endfacet
  facet normal 0.7237664158699908 0.2997938654435149 -0.6215189566707866
    outer loop
      vertex -81.64446208637534 4.35146474918008 1.69
      vertex -82.80235698974009 3.643239474800008 0
      vertex -82.90558485950655 3.8924535980050723 0
    endloop
  endfacet
  facet normal 0.7471410231604648 0.23557265972431835 -0.6215189566707876
    outer loop
      vertex -81.69037019600587 4.497066671070589 1.69
      vertex -82.90558485950655 3.8924535980050723 0
      vertex -82.98669947405206 4.149716287893295 0
    endloop
  endfacet
  facet normal 0.7648294361286213 0.16955860382189522 -0.6215189566707878
    outer loop
      vertex -81.72341356777136 4.6461156890828725 1.69
      vertex -82.98669947405206 4.149716287893295 0
      vertex -83.04508350218157 4.413069620055165 0
    endloop
  endfacet
  facet normal 0.7766970352711843 0.10225410456217382 -0.6215189566707847
    outer loop
      vertex -81.74334072166056 4.797477450191598 1.69
      vertex -83.04508350218157 4.413069620055165 0
      vertex -83.0802926061878 4.6805093166158445 0
    endloop
  endfacet
  facet normal 0.7826535009928461 0.03417138982396871 -0.6215189566707837
    outer loop
      vertex -81.75 4.95 1.69
      vertex -83.0802926061878 4.6805093166158445 0
      vertex -83.0920588235294 4.95 0
    endloop
  endfacet
  facet normal 0.7826535009928458 -0.034171389823968695 -0.6215189566707839
    outer loop
      vertex -81.74334072166056 5.102522549808402 1.69
      vertex -83.0920588235294 4.95 0
      vertex -83.0802926061878 5.219490683384156 0
    endloop
  endfacet
  facet normal 0.7766970352711823 -0.10225410456217357 -0.6215189566707873
    outer loop
      vertex -81.72341356777136 5.253884310917128 1.69
      vertex -83.0802926061878 5.219490683384156 0
      vertex -83.04508350218157 5.486930379944836 0
    endloop
  endfacet
  facet normal 0.7648294361286219 -0.16955860382189455 -0.6215189566707875
    outer loop
      vertex -81.69037019600587 5.402933328929412 1.69
      vertex -83.04508350218157 5.486930379944836 0
      vertex -82.98669947405206 5.750283712106706 0
    endloop
  endfacet
  facet normal 0.7471410231604655 -0.2355726597243173 -0.621518956670787
    outer loop
      vertex -81.64446208637534 5.548535250819921 1.69
      vertex -82.98669947405206 5.750283712106706 0
      vertex -82.90558485950655 6.0075464019949285 0
    endloop
  endfacet
  facet normal 0.7237664158699905 -0.2997938654435155 -0.6215189566707868
    outer loop
      vertex -81.58603862731414 5.689581958046224 1.69
      vertex -82.90558485950655 6.0075464019949285 0
      vertex -82.80235698974009 6.256760525199992 0
    endloop
  endfacet
  facet normal -0.5775824193385792 0.5292567764042784 -0.6215189566707885
    outer loop
      vertex -78.76256313292355 3.712563132923542 1.69
      vertex -77.6313455204383 2.962462899813357 0
      vertex -77.81358423805464 2.763584238054655 0
    endloop
  endfacet
  facet normal -0.6215123113078043 0.47690316982768244 -0.6215189566707838
    outer loop
      vertex -78.65942222454179 3.8251216830485566 1.69
      vertex -77.46713369364407 3.176467919012192 0
      vertex -77.6313455204383 2.962462899813357 0
    endloop
  endfacet
  facet normal -0.6607121193086154 0.42092004216664886 -0.6215189566707876
    outer loop
      vertex -78.56648392249427 3.94624123638567 1.69
      vertex -77.3221985088277 3.4039705882352944 0
      vertex -77.46713369364407 3.176467919012192 0
    endloop
  endfacet
  facet normal -0.6948835091326344 0.3617334588262041 -0.6215189566707897
    outer loop
      vertex -78.48445554337724 4.075 1.69
      vertex -77.19764301025991 3.643239474800008 0
      vertex -77.3221985088277 3.4039705882352944 0
    endloop
  endfacet
  facet normal -0.7237664158699908 0.2997938654435145 -0.6215189566707867
    outer loop
      vertex -78.41396137268586 4.210418041953776 1.69
      vertex -77.09441514049345 3.8924535980050723 0
      vertex -77.19764301025991 3.643239474800008 0
    endloop
  endfacet
  facet normal -0.7471410231604654 0.2355726597243177 -0.6215189566707872
    outer loop
      vertex -78.35553791362466 4.35146474918008 1.69
      vertex -77.01330052594794 4.149716287893295 0
      vertex -77.09441514049345 3.8924535980050723 0
    endloop
  endfacet
  facet normal -0.7648294361286219 0.16955860382189455 -0.6215189566707875
    outer loop
      vertex -78.30962980399413 4.497066671070589 1.69
      vertex -76.95491649781843 4.413069620055165 0
      vertex -77.01330052594794 4.149716287893295 0
    endloop
  endfacet
  facet normal -0.7766970352711823 0.10225410456217357 -0.6215189566707873
    outer loop
      vertex -78.27658643222864 4.6461156890828725 1.69
      vertex -76.9197073938122 4.6805093166158445 0
      vertex -76.95491649781843 4.413069620055165 0
    endloop
  endfacet
  facet normal -0.7826535009928458 0.034171389823968695 -0.6215189566707839
    outer loop
      vertex -78.25665927833944 4.797477450191598 1.69
      vertex -76.9079411764706 4.95 0
      vertex -76.9197073938122 4.6805093166158445 0
    endloop
  endfacet
  facet normal -0.7826535009928461 -0.03417138982396871 -0.6215189566707837
    outer loop
      vertex -78.25 4.95 1.69
      vertex -76.9197073938122 5.219490683384156 0
      vertex -76.9079411764706 4.95 0
    endloop
  endfacet
  facet normal -0.7766970352711843 -0.10225410456217382 -0.6215189566707847
    outer loop
      vertex -78.25665927833944 5.102522549808402 1.69
      vertex -76.95491649781843 5.486930379944836 0
      vertex -76.9197073938122 5.219490683384156 0
    endloop
  endfacet
  facet normal -0.7648294361286213 -0.16955860382189522 -0.6215189566707878
    outer loop
      vertex -78.27658643222864 5.253884310917128 1.69
      vertex -77.01330052594794 5.750283712106706 0
      vertex -76.95491649781843 5.486930379944836 0
    endloop
  endfacet
  facet normal -0.7471410231604647 -0.23557265972431793 -0.6215189566707877
    outer loop
      vertex -78.30962980399413 5.402933328929412 1.69
      vertex -77.09441514049345 6.0075464019949285 0
      vertex -77.01330052594794 5.750283712106706 0
    endloop
  endfacet
  facet normal -0.6948835091326361 -0.3617334588262052 -0.6215189566707872
    outer loop
      vertex -78.41396137268586 5.689581958046224 1.69
      vertex -77.3221985088277 6.496029411764706 0
      vertex -77.19764301025991 6.256760525199992 0
    endloop
  endfacet
  facet normal -0.7237664158699904 -0.29979386544351583 -0.6215189566707866
    outer loop
      vertex -78.35553791362466 5.548535250819921 1.69
      vertex -77.19764301025991 6.256760525199992 0
      vertex -77.09441514049345 6.0075464019949285 0
    endloop
  endfacet
  facet normal 0.4209200421666263 0.6607121193086305 -0.6215189566707868
    outer loop
      vertex -80.875 3.434455543377233 1.69
      vertex -81.5460294117647 2.272198508827705 0
      vertex -81.00375876361433 3.5164839224942646 1.69
    endloop
  endfacet
  facet normal 0.23557265972428917 0.7471410231604741 -0.6215189566707875
    outer loop
      vertex -80.4529333289294 3.2596298039941307 1.69
      vertex -80.8002837121067 1.9633005259479488 0
      vertex -80.59853525081992 3.3055379136246605 1.69
    endloop
  endfacet
  facet normal 0.3617334588262342 0.6948835091326226 -0.6215189566707855
    outer loop
      vertex -80.73958195804623 3.363961372685863 1.69
      vertex -81.30676052519999 2.1476430102599116 0
      vertex -80.875 3.434455543377233 1.69
    endloop
  endfacet
  facet normal 0.2997938654435066 0.7237664158699942 -0.6215189566707866
    outer loop
      vertex -80.73958195804623 3.363961372685863 1.69
      vertex -80.59853525081992 3.3055379136246605 1.69
      vertex -81.05754640199493 2.0444151404934545 0
    endloop
  endfacet
  facet normal 0.16955860382192925 0.7648294361286148 -0.6215189566707866
    outer loop
      vertex -80.4529333289294 3.2596298039941307 1.69
      vertex -80.30388431091713 3.226586432228636 1.69
      vertex -80.53693037994483 1.9049164978184288 0
    endloop
  endfacet
  facet normal 0.10225410456217444 0.7766970352711825 -0.6215189566707866
    outer loop
      vertex -80.30388431091713 3.226586432228636 1.69
      vertex -80.1525225498084 3.2066592783394454 1.69
      vertex -80.26949068338415 1.8697073938122 0
    endloop
  endfacet
  facet normal 0.03417138982399659 0.7826535009928425 -0.6215189566707867
    outer loop
      vertex -80 3.2 1.69
      vertex -80 1.8579411764705884 0
      vertex -80.1525225498084 3.2066592783394454 1.69
    endloop
  endfacet
  facet normal -0.03417138982399659 0.7826535009928425 -0.6215189566707867
    outer loop
      vertex -80 3.2 1.69
      vertex -79.8474774501916 3.2066592783394454 1.69
      vertex -79.73050931661585 1.8697073938122 0
    endloop
  endfacet
  facet normal -0.10225410456217444 0.7766970352711825 -0.6215189566707866
    outer loop
      vertex -79.8474774501916 3.2066592783394454 1.69
      vertex -79.69611568908287 3.226586432228636 1.69
      vertex -79.46306962005517 1.9049164978184288 0
    endloop
  endfacet
  facet normal -0.16955860382192917 0.7648294361286144 -0.6215189566707872
    outer loop
      vertex -79.69611568908287 3.226586432228636 1.69
      vertex -79.5470666710706 3.2596298039941307 1.69
      vertex -79.1997162878933 1.9633005259479488 0
    endloop
  endfacet
  facet normal -0.2355726597242894 0.7471410231604749 -0.6215189566707863
    outer loop
      vertex -79.5470666710706 3.2596298039941307 1.69
      vertex -79.40146474918008 3.3055379136246605 1.69
      vertex -78.94245359800507 2.0444151404934545 0
    endloop
  endfacet
  facet normal -0.2997938654435069 0.7237664158699949 -0.6215189566707857
    outer loop
      vertex -79.40146474918008 3.3055379136246605 1.69
      vertex -79.26041804195377 3.363961372685863 1.69
      vertex -78.69323947480001 2.1476430102599116 0
    endloop
  endfacet
  facet normal -0.3617334588262335 0.6948835091326212 -0.6215189566707873
    outer loop
      vertex -79.26041804195377 3.363961372685863 1.69
      vertex -79.125 3.434455543377233 1.69
      vertex -78.4539705882353 2.272198508827705 0
    endloop
  endfacet
  facet normal 0.5775824193385278 0.5292567764043323 -0.6215189566707902
    outer loop
      vertex -81.23743686707645 3.712563132923542 1.69
      vertex -82.18641576194536 2.763584238054655 0
      vertex -81.34057777545821 3.8251216830485566 1.69
    endloop
  endfacet
  facet normal 0.6215123113078408 0.476903169827637 -0.6215189566707824
    outer loop
      vertex -81.34057777545821 3.8251216830485566 1.69
      vertex -82.3686544795617 2.962462899813357 0
      vertex -81.43351607750573 3.94624123638567 1.69
    endloop
  endfacet
  facet normal 0.6607121193086277 0.4209200421666301 -0.6215189566707875
    outer loop
      vertex -81.43351607750573 3.94624123638567 1.69
      vertex -82.53286630635593 3.176467919012192 0
      vertex -81.51554445662276 4.075 1.69
    endloop
  endfacet
  facet normal 0.6948835091326137 0.3617334588262425 -0.6215189566707905
    outer loop
      vertex -81.58603862731414 4.210418041953776 1.69
      vertex -81.51554445662276 4.075 1.69
      vertex -82.6778014911723 3.4039705882352944 0
    endloop
  endfacet
  facet normal 0.7237664158699891 0.2997938654435181 -0.6215189566707868
    outer loop
      vertex -81.58603862731414 4.210418041953776 1.69
      vertex -82.80235698974009 3.643239474800008 0
      vertex -81.64446208637534 4.35146474918008 1.69
    endloop
  endfacet
  facet normal 0.7471410231604689 0.23557265972430733 -0.6215189566707867
    outer loop
      vertex -81.64446208637534 4.35146474918008 1.69
      vertex -82.90558485950655 3.8924535980050723 0
      vertex -81.69037019600587 4.497066671070589 1.69
    endloop
  endfacet
  facet normal 0.764829436128624 0.16955860382188548 -0.6215189566707873
    outer loop
      vertex -81.69037019600587 4.497066671070589 1.69
      vertex -82.98669947405206 4.149716287893295 0
      vertex -81.72341356777136 4.6461156890828725 1.69
    endloop
  endfacet
  facet normal 0.4769031698276752 0.621512311307807 -0.6215189566707865
    outer loop
      vertex -81.12487831695144 3.6094222245417886 1.69
      vertex -81.00375876361433 3.5164839224942646 1.69
      vertex -81.7735320809878 2.4171336936440673 0
    endloop
  endfacet
  facet normal 0.5292567764043102 0.5775824193385506 -0.6215189566707877
    outer loop
      vertex -81.12487831695144 3.6094222245417886 1.69
      vertex -81.98753710018664 2.5813455204382896 0
      vertex -81.23743686707645 3.712563132923542 1.69
    endloop
  endfacet
  facet normal 0.7766970352711754 0.1022541045622204 -0.6215189566707884
    outer loop
      vertex -81.72341356777136 4.6461156890828725 1.69
      vertex -83.04508350218157 4.413069620055165 0
      vertex -81.74334072166056 4.797477450191598 1.69
    endloop
  endfacet
  facet normal 0.7826535009928455 0.034171389823974815 -0.6215189566707842
    outer loop
      vertex -81.74334072166056 4.797477450191598 1.69
      vertex -83.0802926061878 4.6805093166158445 0
      vertex -81.75 4.95 1.69
    endloop
  endfacet
  facet normal 0.7826535009928459 -0.034171389823974836 -0.6215189566707835
    outer loop
      vertex -81.75 4.95 1.69
      vertex -83.0920588235294 4.95 0
      vertex -81.74334072166056 5.102522549808402 1.69
    endloop
  endfacet
  facet normal 0.776697035271179 -0.10225410456222085 -0.6215189566707837
    outer loop
      vertex -81.74334072166056 5.102522549808402 1.69
      vertex -83.0802926061878 5.219490683384156 0
      vertex -81.72341356777136 5.253884310917128 1.69
    endloop
  endfacet
  facet normal 0.7648294361286232 -0.1695586038218853 -0.6215189566707882
    outer loop
      vertex -81.72341356777136 5.253884310917128 1.69
      vertex -83.04508350218157 5.486930379944836 0
      vertex -81.69037019600587 5.402933328929412 1.69
    endloop
  endfacet
  facet normal 0.747141023160468 -0.23557265972430705 -0.6215189566707878
    outer loop
      vertex -81.69037019600587 5.402933328929412 1.69
      vertex -82.98669947405206 5.750283712106706 0
      vertex -81.64446208637534 5.548535250819921 1.69
    endloop
  endfacet
  facet normal 0.7237664158699894 -0.2997938654435182 -0.6215189566707866
    outer loop
      vertex -81.64446208637534 5.548535250819921 1.69
      vertex -82.90558485950655 6.0075464019949285 0
      vertex -81.58603862731414 5.689581958046224 1.69
    endloop
  endfacet
  facet normal 0.6948835091326167 -0.36173345882624414 -0.6215189566707863
    outer loop
      vertex -81.58603862731414 5.689581958046224 1.69
      vertex -82.80235698974009 6.256760525199992 0
      vertex -81.51554445662276 5.825 1.69
    endloop
  endfacet
  facet normal 0.6607121193086263 -0.4209200421666292 -0.6215189566707896
    outer loop
      vertex -81.51554445662276 5.825 1.69
      vertex -82.6778014911723 6.496029411764706 0
      vertex -81.43351607750573 5.9537587636143305 1.69
    endloop
  endfacet
  facet normal -0.4209200421666263 0.6607121193086305 -0.6215189566707869
    outer loop
      vertex -79.125 3.434455543377233 1.69
      vertex -78.99624123638567 3.5164839224942646 1.69
      vertex -78.2264679190122 2.4171336936440673 0
    endloop
  endfacet
  facet normal -0.4769031698276746 0.6215123113078064 -0.6215189566707877
    outer loop
      vertex -78.99624123638567 3.5164839224942646 1.69
      vertex -78.87512168304856 3.6094222245417886 1.69
      vertex -78.01246289981336 2.5813455204382896 0
    endloop
  endfacet
  facet normal -0.5292567764043096 0.5775824193385498 -0.6215189566707893
    outer loop
      vertex -78.87512168304856 3.6094222245417886 1.69
      vertex -78.76256313292355 3.712563132923542 1.69
      vertex -77.81358423805464 2.763584238054655 0
    endloop
  endfacet
  facet normal -0.5775824193385322 0.5292567764043363 -0.6215189566707828
    outer loop
      vertex -78.76256313292355 3.712563132923542 1.69
      vertex -78.65942222454179 3.8251216830485566 1.69
      vertex -77.6313455204383 2.962462899813357 0
    endloop
  endfacet
  facet normal -0.6215123113078371 0.47690316982763414 -0.6215189566707879
    outer loop
      vertex -78.65942222454179 3.8251216830485566 1.69
      vertex -78.56648392249427 3.94624123638567 1.69
      vertex -77.46713369364407 3.176467919012192 0
    endloop
  endfacet
  facet normal -0.6607121193086262 0.42092004216662915 -0.6215189566707896
    outer loop
      vertex -78.56648392249427 3.94624123638567 1.69
      vertex -78.48445554337724 4.075 1.69
      vertex -77.3221985088277 3.4039705882352944 0
    endloop
  endfacet
  facet normal -0.6948835091326167 0.36173345882624414 -0.6215189566707863
    outer loop
      vertex -78.48445554337724 4.075 1.69
      vertex -78.41396137268586 4.210418041953776 1.69
      vertex -77.19764301025991 3.643239474800008 0
    endloop
  endfacet
  facet normal -0.7237664158699896 0.29979386544351827 -0.6215189566707865
    outer loop
      vertex -78.41396137268586 4.210418041953776 1.69
      vertex -78.35553791362466 4.35146474918008 1.69
      vertex -77.09441514049345 3.8924535980050723 0
    endloop
  endfacet
  facet normal -0.747141023160468 0.23557265972430705 -0.6215189566707878
    outer loop
      vertex -78.35553791362466 4.35146474918008 1.69
      vertex -78.30962980399413 4.497066671070589 1.69
      vertex -77.01330052594794 4.149716287893295 0
    endloop
  endfacet
  facet normal -0.7648294361286232 0.1695586038218853 -0.6215189566707882
    outer loop
      vertex -78.30962980399413 4.497066671070589 1.69
      vertex -78.27658643222864 4.6461156890828725 1.69
      vertex -76.95491649781843 4.413069620055165 0
    endloop
  endfacet
  facet normal -0.6948835091326137 -0.3617334588262425 -0.6215189566707905
    outer loop
      vertex -78.41396137268586 5.689581958046224 1.69
      vertex -78.48445554337724 5.825 1.69
      vertex -77.3221985088277 6.496029411764706 0
    endloop
  endfacet
  facet normal -0.776697035271179 0.10225410456222085 -0.6215189566707837
    outer loop
      vertex -78.27658643222864 4.6461156890828725 1.69
      vertex -78.25665927833944 4.797477450191598 1.69
      vertex -76.9197073938122 4.6805093166158445 0
    endloop
  endfacet
  facet normal -0.7826535009928459 0.034171389823974836 -0.6215189566707835
    outer loop
      vertex -78.25665927833944 4.797477450191598 1.69
      vertex -78.25 4.95 1.69
      vertex -76.9079411764706 4.95 0
    endloop
  endfacet
  facet normal -0.7826535009928454 -0.034171389823974815 -0.6215189566707842
    outer loop
      vertex -78.25 4.95 1.69
      vertex -78.25665927833944 5.102522549808402 1.69
      vertex -76.9197073938122 5.219490683384156 0
    endloop
  endfacet
  facet normal -0.7766970352711754 -0.1022541045622204 -0.6215189566707884
    outer loop
      vertex -78.25665927833944 5.102522549808402 1.69
      vertex -78.27658643222864 5.253884310917128 1.69
      vertex -76.95491649781843 5.486930379944836 0
    endloop
  endfacet
  facet normal -0.764829436128624 -0.16955860382188548 -0.6215189566707873
    outer loop
      vertex -78.27658643222864 5.253884310917128 1.69
      vertex -78.30962980399413 5.402933328929412 1.69
      vertex -77.01330052594794 5.750283712106706 0
    endloop
  endfacet
  facet normal -0.7471410231604689 -0.23557265972430733 -0.6215189566707867
    outer loop
      vertex -78.30962980399413 5.402933328929412 1.69
      vertex -78.35553791362466 5.548535250819921 1.69
      vertex -77.09441514049345 6.0075464019949285 0
    endloop
  endfacet
  facet normal -0.7237664158699892 -0.29979386544351816 -0.6215189566707869
    outer loop
      vertex -78.41396137268586 5.689581958046224 1.69
      vertex -77.19764301025991 6.256760525199992 0
      vertex -78.35553791362466 5.548535250819921 1.69
    endloop
  endfacet
  facet normal 0.6948835091326347 -0.36173345882620356 -0.6215189566707897
    outer loop
      vertex -81.51554445662276 5.825 1.69
      vertex -82.80235698974009 6.256760525199992 0
      vertex -82.6778014911723 6.496029411764706 0
    endloop
  endfacet
  facet normal 0.660712119308615 -0.4209200421666495 -0.6215189566707876
    outer loop
      vertex -81.43351607750573 5.9537587636143305 1.69
      vertex -82.6778014911723 6.496029411764706 0
      vertex -82.53286630635593 6.723532080987808 0
    endloop
  endfacet
  facet normal 0.6215123113078047 -0.47690316982768244 -0.6215189566707835
    outer loop
      vertex -81.34057777545821 6.074878316951444 1.69
      vertex -82.53286630635593 6.723532080987808 0
      vertex -82.3686544795617 6.937537100186643 0
    endloop
  endfacet
  facet normal 0.5775824193385797 -0.5292567764042778 -0.6215189566707885
    outer loop
      vertex -81.23743686707645 6.187436867076459 1.69
      vertex -82.3686544795617 6.937537100186643 0
      vertex -82.18641576194536 7.136415761945345 0
    endloop
  endfacet
  facet normal 0.5292567764042992 -0.5775824193385606 -0.6215189566707879
    outer loop
      vertex -81.12487831695144 6.290577775458212 1.69
      vertex -82.18641576194536 7.136415761945345 0
      vertex -81.98753710018664 7.318654479561711 0
    endloop
  endfacet
  facet normal 0.4769031698276657 -0.6215123113078141 -0.621518956670787
    outer loop
      vertex -81.00375876361433 6.383516077505735 1.69
      vertex -81.98753710018664 7.318654479561711 0
      vertex -81.7735320809878 7.482866306355933 0
    endloop
  endfacet
  facet normal 0.4209200421666256 -0.660712119308631 -0.6215189566707869
    outer loop
      vertex -80.875 6.4655444566227676 1.69
      vertex -81.7735320809878 7.482866306355933 0
      vertex -81.5460294117647 7.627801491172296 0
    endloop
  endfacet
  facet normal 0.36173345882621555 -0.694883509132632 -0.6215189566707855
    outer loop
      vertex -80.73958195804623 6.536038627314138 1.69
      vertex -81.5460294117647 7.627801491172296 0
      vertex -81.30676052519999 7.752356989740088 0
    endloop
  endfacet
  facet normal 0.29979386544351727 -0.7237664158699901 -0.6215189566707864
    outer loop
      vertex -80.59853525081992 6.59446208637534 1.69
      vertex -81.30676052519999 7.752356989740088 0
      vertex -81.05754640199493 7.855584859506545 0
    endloop
  endfacet
  facet normal 0.23557265972430214 -0.7471410231604704 -0.621518956670787
    outer loop
      vertex -80.4529333289294 6.64037019600587 1.69
      vertex -81.05754640199493 7.855584859506545 0
      vertex -80.8002837121067 7.936699474052052 0
    endloop
  endfacet
  facet normal 0.16955860382192448 -0.7648294361286156 -0.6215189566707868
    outer loop
      vertex -80.30388431091713 6.673413567771364 1.69
      vertex -80.8002837121067 7.936699474052052 0
      vertex -80.53693037994483 7.995083502181572 0
    endloop
  endfacet
  facet normal 0.10225410456217648 -0.7766970352711821 -0.6215189566707872
    outer loop
      vertex -80.1525225498084 6.6933407216605545 1.69
      vertex -80.53693037994483 7.995083502181572 0
      vertex -80.26949068338415 8.030292606187801 0
    endloop
  endfacet
  facet normal 0.034171389823995396 -0.7826535009928423 -0.6215189566707869
    outer loop
      vertex -80 6.7 1.69
      vertex -80.26949068338415 8.030292606187801 0
      vertex -80 8.042058823529413 0
    endloop
  endfacet
  facet normal -0.03417138982399539 -0.7826535009928421 -0.6215189566707872
    outer loop
      vertex -79.8474774501916 6.6933407216605545 1.69
      vertex -80 8.042058823529413 0
      vertex -79.73050931661585 8.030292606187801 0
    endloop
  endfacet
  facet normal -0.5775824193385819 -0.5292567764042801 -0.6215189566707843
    outer loop
      vertex -78.65942222454179 6.074878316951444 1.69
      vertex -77.81358423805464 7.136415761945345 0
      vertex -77.6313455204383 6.937537100186643 0
    endloop
  endfacet
  facet normal -0.5292567764042985 -0.5775824193385601 -0.6215189566707889
    outer loop
      vertex -78.76256313292355 6.187436867076459 1.69
      vertex -78.01246289981336 7.318654479561711 0
      vertex -77.81358423805464 7.136415761945345 0
    endloop
  endfacet
  facet normal -0.10225410456217653 -0.7766970352711823 -0.6215189566707868
    outer loop
      vertex -79.69611568908287 6.673413567771364 1.69
      vertex -79.73050931661585 8.030292606187801 0
      vertex -79.46306962005517 7.995083502181572 0
    endloop
  endfacet
  facet normal -0.16955860382192522 -0.7648294361286154 -0.6215189566707869
    outer loop
      vertex -79.5470666710706 6.64037019600587 1.69
      vertex -79.46306962005517 7.995083502181572 0
      vertex -79.1997162878933 7.936699474052052 0
    endloop
  endfacet
  facet normal -0.23557265972430227 -0.7471410231604707 -0.6215189566707864
    outer loop
      vertex -79.40146474918008 6.59446208637534 1.69
      vertex -79.1997162878933 7.936699474052052 0
      vertex -78.94245359800507 7.855584859506545 0
    endloop
  endfacet
  facet normal -0.2997938654435168 -0.723766415869991 -0.6215189566707857
    outer loop
      vertex -79.26041804195377 6.536038627314138 1.69
      vertex -78.94245359800507 7.855584859506545 0
      vertex -78.69323947480001 7.752356989740088 0
    endloop
  endfacet
  facet normal -0.36173345882621494 -0.6948835091326313 -0.6215189566707869
    outer loop
      vertex -79.125 6.4655444566227676 1.69
      vertex -78.69323947480001 7.752356989740088 0
      vertex -78.4539705882353 7.627801491172296 0
    endloop
  endfacet
  facet normal -0.42092004216662565 -0.6607121193086308 -0.621518956670787
    outer loop
      vertex -78.99624123638567 6.383516077505735 1.69
      vertex -78.4539705882353 7.627801491172296 0
      vertex -78.2264679190122 7.482866306355933 0
    endloop
  endfacet
  facet normal -0.47690316982766523 -0.6215123113078139 -0.6215189566707872
    outer loop
      vertex -78.87512168304856 6.290577775458212 1.69
      vertex -78.2264679190122 7.482866306355933 0
      vertex -78.01246289981336 7.318654479561711 0
    endloop
  endfacet
  facet normal -0.660712119308614 -0.420920042166649 -0.621518956670789
    outer loop
      vertex -78.48445554337724 5.825 1.69
      vertex -77.46713369364407 6.723532080987808 0
      vertex -77.3221985088277 6.496029411764706 0
    endloop
  endfacet
  facet normal -0.6215123113078027 -0.4769031698276809 -0.6215189566707867
    outer loop
      vertex -78.56648392249427 5.9537587636143305 1.69
      vertex -77.6313455204383 6.937537100186643 0
      vertex -77.46713369364407 6.723532080987808 0
    endloop
  endfacet
  facet normal 0.6215123113078372 -0.4769031698276342 -0.6215189566707879
    outer loop
      vertex -81.43351607750573 5.9537587636143305 1.69
      vertex -82.53286630635593 6.723532080987808 0
      vertex -81.34057777545821 6.074878316951444 1.69
    endloop
  endfacet
  facet normal 0.5775824193385322 -0.5292567764043363 -0.6215189566707827
    outer loop
      vertex -81.34057777545821 6.074878316951444 1.69
      vertex -82.3686544795617 6.937537100186643 0
      vertex -81.23743686707645 6.187436867076459 1.69
    endloop
  endfacet
  facet normal 0.5292567764043107 -0.5775824193385486 -0.6215189566707893
    outer loop
      vertex -81.23743686707645 6.187436867076459 1.69
      vertex -82.18641576194536 7.136415761945345 0
      vertex -81.12487831695144 6.290577775458212 1.69
    endloop
  endfacet
  facet normal 0.47690316982767184 -0.6215123113078086 -0.6215189566707875
    outer loop
      vertex -81.12487831695144 6.290577775458212 1.69
      vertex -81.98753710018664 7.318654479561711 0
      vertex -81.00375876361433 6.383516077505735 1.69
    endloop
  endfacet
  facet normal 0.42092004216662793 -0.6607121193086294 -0.621518956670787
    outer loop
      vertex -81.00375876361433 6.383516077505735 1.69
      vertex -81.7735320809878 7.482866306355933 0
      vertex -80.875 6.4655444566227676 1.69
    endloop
  endfacet
  facet normal 0.36173345882623525 -0.6948835091326203 -0.6215189566707873
    outer loop
      vertex -80.875 6.4655444566227676 1.69
      vertex -81.5460294117647 7.627801491172296 0
      vertex -80.73958195804623 6.536038627314138 1.69
    endloop
  endfacet
  facet normal 0.2997938654435051 -0.723766415869996 -0.6215189566707853
    outer loop
      vertex -80.73958195804623 6.536038627314138 1.69
      vertex -81.30676052519999 7.752356989740088 0
      vertex -80.59853525081992 6.59446208637534 1.69
    endloop
  endfacet
  facet normal 0.23557265972429153 -0.7471410231604745 -0.6215189566707862
    outer loop
      vertex -80.59853525081992 6.59446208637534 1.69
      vertex -81.05754640199493 7.855584859506545 0
      vertex -80.4529333289294 6.64037019600587 1.69
    endloop
  endfacet
  facet normal 0.16955860382192703 -0.7648294361286151 -0.621518956670787
    outer loop
      vertex -80.4529333289294 6.64037019600587 1.69
      vertex -80.8002837121067 7.936699474052052 0
      vertex -80.30388431091713 6.673413567771364 1.69
    endloop
  endfacet
  facet normal 0.1022541045621722 -0.7766970352711828 -0.6215189566707867
    outer loop
      vertex -80.30388431091713 6.673413567771364 1.69
      vertex -80.53693037994483 7.995083502181572 0
      vertex -80.1525225498084 6.6933407216605545 1.69
    endloop
  endfacet
  facet normal 0.034171389823998845 -0.782653500992842 -0.6215189566707872
    outer loop
      vertex -80.1525225498084 6.6933407216605545 1.69
      vertex -80.26949068338415 8.030292606187801 0
      vertex -80 6.7 1.69
    endloop
  endfacet
  facet normal -0.03417138982399886 -0.7826535009928423 -0.6215189566707868
    outer loop
      vertex -80 6.7 1.69
      vertex -80 8.042058823529413 0
      vertex -79.8474774501916 6.6933407216605545 1.69
    endloop
  endfacet
  facet normal -0.10225410456217217 -0.7766970352711825 -0.6215189566707873
    outer loop
      vertex -79.8474774501916 6.6933407216605545 1.69
      vertex -79.73050931661585 8.030292606187801 0
      vertex -79.69611568908287 6.673413567771364 1.69
    endloop
  endfacet
  facet normal -0.3617334588262361 -0.694883509132622 -0.621518956670785
    outer loop
      vertex -79.125 6.4655444566227676 1.69
      vertex -79.26041804195377 6.536038627314138 1.69
      vertex -78.69323947480001 7.752356989740088 0
    endloop
  endfacet
  facet normal -0.6215123113078408 -0.476903169827637 -0.6215189566707822
    outer loop
      vertex -78.65942222454179 6.074878316951444 1.69
      vertex -77.6313455204383 6.937537100186643 0
      vertex -78.56648392249427 5.9537587636143305 1.69
    endloop
  endfacet
  facet normal -0.6607121193086277 -0.4209200421666301 -0.6215189566707874
    outer loop
      vertex -78.48445554337724 5.825 1.69
      vertex -78.56648392249427 5.9537587636143305 1.69
      vertex -77.46713369364407 6.723532080987808 0
    endloop
  endfacet
  facet normal -0.5775824193385278 -0.5292567764043323 -0.6215189566707902
    outer loop
      vertex -78.65942222454179 6.074878316951444 1.69
      vertex -78.76256313292355 6.187436867076459 1.69
      vertex -77.81358423805464 7.136415761945345 0
    endloop
  endfacet
  facet normal -0.4769031698276723 -0.6215123113078092 -0.6215189566707867
    outer loop
      vertex -78.87512168304856 6.290577775458212 1.69
      vertex -78.99624123638567 6.383516077505735 1.69
      vertex -78.2264679190122 7.482866306355933 0
    endloop
  endfacet
  facet normal -0.5292567764043116 -0.5775824193385496 -0.6215189566707876
    outer loop
      vertex -78.87512168304856 6.290577775458212 1.69
      vertex -78.01246289981336 7.318654479561711 0
      vertex -78.76256313292355 6.187436867076459 1.69
    endloop
  endfacet
  facet normal -0.420920042166628 -0.6607121193086295 -0.6215189566707868
    outer loop
      vertex -79.125 6.4655444566227676 1.69
      vertex -78.4539705882353 7.627801491172296 0
      vertex -78.99624123638567 6.383516077505735 1.69
    endloop
  endfacet
  facet normal -0.16955860382192706 -0.7648294361286152 -0.6215189566707868
    outer loop
      vertex -79.5470666710706 6.64037019600587 1.69
      vertex -79.69611568908287 6.673413567771364 1.69
      vertex -79.46306962005517 7.995083502181572 0
    endloop
  endfacet
  facet normal -0.23557265972429126 -0.7471410231604736 -0.6215189566707874
    outer loop
      vertex -79.5470666710706 6.64037019600587 1.69
      vertex -79.1997162878933 7.936699474052052 0
      vertex -79.40146474918008 6.59446208637534 1.69
    endloop
  endfacet
  facet normal -0.29979386544350467 -0.7237664158699951 -0.6215189566707866
    outer loop
      vertex -79.40146474918008 6.59446208637534 1.69
      vertex -78.94245359800507 7.855584859506545 0
      vertex -79.26041804195377 6.536038627314138 1.69
    endloop
  endfacet
  facet normal 0.9537169507482244 -0.3007057995042811 1.741063318282467e-14
    outer loop
      vertex 78.30962980399413 5.402933328929412 1.69
      vertex 78.35553791362466 5.548535250819921 1.69
      vertex 78.3402348078232 5.5 2
    endloop
  endfacet
  facet normal 0.9238795325112854 -0.3826834323650929 0
    outer loop
      vertex 78.35553791362466 5.548535250819921 1.69
      vertex 78.41396137268586 5.689581958046224 1.69
      vertex 78.41396137268586 5.689581958046224 2
    endloop
  endfacet
  facet normal 0.8870108331782057 -0.46174861323506444 0
    outer loop
      vertex 78.41396137268586 5.689581958046224 1.69
      vertex 78.48445554337724 5.825 1.69
      vertex 78.48445554337724 5.825 2
    endloop
  endfacet
  facet normal 0.8433914458128792 -0.5372996083468339 0
    outer loop
      vertex 78.48445554337724 5.825 1.69
      vertex 78.56648392249427 5.9537587636143305 1.69
      vertex 78.56648392249427 5.9537587636143305 2
    endloop
  endfacet
  facet normal 0.7933533402912664 -0.6087614290086801 0
    outer loop
      vertex 78.56648392249427 5.9537587636143305 1.69
      vertex 78.65942222454179 6.074878316951444 1.69
      vertex 78.65942222454179 6.074878316951444 2
    endloop
  endfacet
  facet normal 0.7372773368101015 -0.6755902076156848 0
    outer loop
      vertex 78.65942222454179 6.074878316951444 1.69
      vertex 78.76256313292355 6.187436867076459 1.69
      vertex 78.76256313292355 6.187436867076459 2
    endloop
  endfacet
  facet normal 0.9537169507481924 -0.3007057995043823 0
    outer loop
      vertex 78.35553791362466 5.548535250819921 1.69
      vertex 78.35553791362466 5.548535250819921 2
      vertex 78.3402348078232 5.5 2
    endloop
  endfacet
  facet normal 0.9238795325112854 -0.3826834323650929 0
    outer loop
      vertex 78.35553791362466 5.548535250819921 1.69
      vertex 78.41396137268586 5.689581958046224 2
      vertex 78.35553791362466 5.548535250819921 2
    endloop
  endfacet
  facet normal 0.8870108331782057 -0.46174861323506444 0
    outer loop
      vertex 78.41396137268586 5.689581958046224 1.69
      vertex 78.48445554337724 5.825 2
      vertex 78.41396137268586 5.689581958046224 2
    endloop
  endfacet
  facet normal 0.8433914458128792 -0.5372996083468339 0
    outer loop
      vertex 78.48445554337724 5.825 1.69
      vertex 78.56648392249427 5.9537587636143305 2
      vertex 78.48445554337724 5.825 2
    endloop
  endfacet
  facet normal 0.7933533402912664 -0.6087614290086801 0
    outer loop
      vertex 78.56648392249427 5.9537587636143305 1.69
      vertex 78.65942222454179 6.074878316951444 2
      vertex 78.56648392249427 5.9537587636143305 2
    endloop
  endfacet
  facet normal 0.7372773368101015 -0.6755902076156848 0
    outer loop
      vertex 78.65942222454179 6.074878316951444 1.69
      vertex 78.76256313292355 6.187436867076459 2
      vertex 78.65942222454179 6.074878316951444 2
    endloop
  endfacet
  facet normal -0.7933533402912664 -0.6087614290086801 0
    outer loop
      vertex 81.43351607750573 5.9537587636143305 1.69
      vertex 81.43351607750573 5.9537587636143305 2
      vertex 81.34057777545821 6.074878316951444 1.69
    endloop
  endfacet
  facet normal -0.7372773368101015 -0.6755902076156848 0
    outer loop
      vertex 81.34057777545821 6.074878316951444 1.69
      vertex 81.34057777545821 6.074878316951444 2
      vertex 81.23743686707645 6.187436867076459 1.69
    endloop
  endfacet
  facet normal -0.8433914458128792 -0.5372996083468339 0
    outer loop
      vertex 81.43351607750573 5.9537587636143305 1.69
      vertex 81.51554445662276 5.825 2
      vertex 81.43351607750573 5.9537587636143305 2
    endloop
  endfacet
  facet normal -0.7933533402912664 -0.6087614290086801 0
    outer loop
      vertex 81.34057777545821 6.074878316951444 1.69
      vertex 81.43351607750573 5.9537587636143305 2
      vertex 81.34057777545821 6.074878316951444 2
    endloop
  endfacet
  facet normal -0.7372773368101015 -0.6755902076156848 0
    outer loop
      vertex 81.23743686707645 6.187436867076459 1.69
      vertex 81.34057777545821 6.074878316951444 2
      vertex 81.23743686707645 6.187436867076459 2
    endloop
  endfacet
  facet normal -0.9537169507482244 -0.3007057995042811 1.741063318282467e-14
    outer loop
      vertex 81.69037019600587 5.402933328929412 1.69
      vertex 81.6597651921768 5.5 2
      vertex 81.64446208637534 5.548535250819921 1.69
    endloop
  endfacet
  facet normal -0.9238795325112854 -0.3826834323650929 0
    outer loop
      vertex 81.64446208637534 5.548535250819921 1.69
      vertex 81.64446208637534 5.548535250819921 2
      vertex 81.58603862731414 5.689581958046224 1.69
    endloop
  endfacet
  facet normal -0.8870108331782057 -0.46174861323506444 0
    outer loop
      vertex 81.51554445662276 5.825 1.69
      vertex 81.58603862731414 5.689581958046224 1.69
      vertex 81.58603862731414 5.689581958046224 2
    endloop
  endfacet
  facet normal -0.8433914458128792 -0.5372996083468339 0
    outer loop
      vertex 81.51554445662276 5.825 1.69
      vertex 81.51554445662276 5.825 2
      vertex 81.43351607750573 5.9537587636143305 1.69
    endloop
  endfacet
  facet normal -0.9537169507481924 -0.3007057995043823 0
    outer loop
      vertex 81.64446208637534 5.548535250819921 1.69
      vertex 81.6597651921768 5.5 2
      vertex 81.64446208637534 5.548535250819921 2
    endloop
  endfacet
  facet normal -0.9238795325112854 -0.3826834323650929 0
    outer loop
      vertex 81.58603862731414 5.689581958046224 1.69
      vertex 81.64446208637534 5.548535250819921 2
      vertex 81.58603862731414 5.689581958046224 2
    endloop
  endfacet
  facet normal -0.8870108331782057 -0.46174861323506444 0
    outer loop
      vertex 81.51554445662276 5.825 1.69
      vertex 81.58603862731414 5.689581958046224 2
      vertex 81.51554445662276 5.825 2
    endloop
  endfacet
  facet normal 0.6755902076156566 -0.7372773368101273 0
    outer loop
      vertex 78.76256313292355 6.187436867076459 1.69
      vertex 78.87512168304856 6.290577775458212 1.69
      vertex 78.87512168304856 6.290577775458212 2
    endloop
  endfacet
  facet normal 0.608761429008728 -0.7933533402912295 0
    outer loop
      vertex 78.87512168304856 6.290577775458212 1.69
      vertex 78.99624123638567 6.383516077505735 1.69
      vertex 78.99624123638567 6.383516077505735 2
    endloop
  endfacet
  facet normal 0.537299608346831 -0.8433914458128812 0
    outer loop
      vertex 78.99624123638567 6.383516077505735 1.69
      vertex 79.125 6.4655444566227676 1.69
      vertex 79.125 6.4655444566227676 2
    endloop
  endfacet
  facet normal 0.4617486132350536 -0.8870108331782114 0
    outer loop
      vertex 79.125 6.4655444566227676 1.69
      vertex 79.26041804195377 6.536038627314138 1.69
      vertex 79.26041804195377 6.536038627314138 2
    endloop
  endfacet
  facet normal 0.3826834323650757 -0.9238795325112927 0
    outer loop
      vertex 79.26041804195377 6.536038627314138 1.69
      vertex 79.40146474918008 6.59446208637534 1.69
      vertex 79.40146474918008 6.59446208637534 2
    endloop
  endfacet
  facet normal 0.30070579950426085 -0.9537169507482309 0
    outer loop
      vertex 79.40146474918008 6.59446208637534 1.69
      vertex 79.5470666710706 6.64037019600587 1.69
      vertex 79.5470666710706 6.64037019600587 2
    endloop
  endfacet
  facet normal 0.21643961393810746 -0.9762960071199325 0
    outer loop
      vertex 79.5470666710706 6.64037019600587 1.69
      vertex 79.69611568908287 6.673413567771364 1.69
      vertex 79.69611568908287 6.673413567771364 2
    endloop
  endfacet
  facet normal 0.6755902076156566 -0.7372773368101273 0
    outer loop
      vertex 78.76256313292355 6.187436867076459 1.69
      vertex 78.87512168304856 6.290577775458212 2
      vertex 78.76256313292355 6.187436867076459 2
    endloop
  endfacet
  facet normal 0.608761429008728 -0.7933533402912295 0
    outer loop
      vertex 78.87512168304856 6.290577775458212 1.69
      vertex 78.99624123638567 6.383516077505735 2
      vertex 78.87512168304856 6.290577775458212 2
    endloop
  endfacet
  facet normal 0.537299608346831 -0.8433914458128812 0
    outer loop
      vertex 78.99624123638567 6.383516077505735 1.69
      vertex 79.125 6.4655444566227676 2
      vertex 78.99624123638567 6.383516077505735 2
    endloop
  endfacet
  facet normal 0.4617486132350536 -0.8870108331782114 0
    outer loop
      vertex 79.125 6.4655444566227676 1.69
      vertex 79.26041804195377 6.536038627314138 2
      vertex 79.125 6.4655444566227676 2
    endloop
  endfacet
  facet normal 0.3826834323650757 -0.9238795325112927 0
    outer loop
      vertex 79.26041804195377 6.536038627314138 1.69
      vertex 79.40146474918008 6.59446208637534 2
      vertex 79.26041804195377 6.536038627314138 2
    endloop
  endfacet
  facet normal 0.30070579950426085 -0.9537169507482309 0
    outer loop
      vertex 79.40146474918008 6.59446208637534 1.69
      vertex 79.5470666710706 6.64037019600587 2
      vertex 79.40146474918008 6.59446208637534 2
    endloop
  endfacet
  facet normal 0.21643961393810746 -0.9762960071199325 0
    outer loop
      vertex 79.5470666710706 6.64037019600587 1.69
      vertex 79.69611568908287 6.673413567771364 2
      vertex 79.5470666710706 6.64037019600587 2
    endloop
  endfacet
  facet normal 0.1305261922200457 -0.9914448613738112 0
    outer loop
      vertex 79.69611568908287 6.673413567771364 1.69
      vertex 79.8474774501916 6.6933407216605545 1.69
      vertex 79.8474774501916 6.6933407216605545 2
    endloop
  endfacet
  facet normal 0.043619387365340184 -0.9990482215818576 0
    outer loop
      vertex 79.8474774501916 6.6933407216605545 1.69
      vertex 80 6.7 1.69
      vertex 80 6.7 2
    endloop
  endfacet
  facet normal -0.043619387365340184 -0.9990482215818576 0
    outer loop
      vertex 80.1525225498084 6.6933407216605545 1.69
      vertex 80.1525225498084 6.6933407216605545 2
      vertex 80 6.7 1.69
    endloop
  endfacet
  facet normal -0.1305261922200457 -0.9914448613738112 0
    outer loop
      vertex 80.1525225498084 6.6933407216605545 1.69
      vertex 80.30388431091713 6.673413567771364 1.69
      vertex 80.30388431091713 6.673413567771364 2
    endloop
  endfacet
  facet normal -0.30070579950426085 -0.9537169507482309 0
    outer loop
      vertex 80.4529333289294 6.64037019600587 1.69
      vertex 80.59853525081992 6.59446208637534 1.69
      vertex 80.59853525081992 6.59446208637534 2
    endloop
  endfacet
  facet normal -0.21643961393810746 -0.9762960071199325 0
    outer loop
      vertex 80.30388431091713 6.673413567771364 1.69
      vertex 80.4529333289294 6.64037019600587 1.69
      vertex 80.4529333289294 6.64037019600587 2
    endloop
  endfacet
  facet normal -0.537299608346831 -0.8433914458128812 0
    outer loop
      vertex 81.00375876361433 6.383516077505735 1.69
      vertex 81.00375876361433 6.383516077505735 2
      vertex 80.875 6.4655444566227676 1.69
    endloop
  endfacet
  facet normal -0.4617486132350536 -0.8870108331782114 0
    outer loop
      vertex 80.73958195804623 6.536038627314138 1.69
      vertex 80.875 6.4655444566227676 1.69
      vertex 80.875 6.4655444566227676 2
    endloop
  endfacet
  facet normal -0.6755902076156566 -0.7372773368101273 0
    outer loop
      vertex 81.23743686707645 6.187436867076459 1.69
      vertex 81.23743686707645 6.187436867076459 2
      vertex 81.12487831695144 6.290577775458212 1.69
    endloop
  endfacet
  facet normal -0.608761429008728 -0.7933533402912295 0
    outer loop
      vertex 81.12487831695144 6.290577775458212 1.69
      vertex 81.12487831695144 6.290577775458212 2
      vertex 81.00375876361433 6.383516077505735 1.69
    endloop
  endfacet
  facet normal -0.3826834323650757 -0.9238795325112927 0
    outer loop
      vertex 80.59853525081992 6.59446208637534 1.69
      vertex 80.73958195804623 6.536038627314138 1.69
      vertex 80.73958195804623 6.536038627314138 2
    endloop
  endfacet
  facet normal 0.1305261922200457 -0.9914448613738112 0
    outer loop
      vertex 79.69611568908287 6.673413567771364 1.69
      vertex 79.8474774501916 6.6933407216605545 2
      vertex 79.69611568908287 6.673413567771364 2
    endloop
  endfacet
  facet normal 0.043619387365340184 -0.9990482215818576 0
    outer loop
      vertex 79.8474774501916 6.6933407216605545 1.69
      vertex 80 6.7 2
      vertex 79.8474774501916 6.6933407216605545 2
    endloop
  endfacet
  facet normal -0.043619387365340184 -0.9990482215818576 0
    outer loop
      vertex 80 6.7 1.69
      vertex 80.1525225498084 6.6933407216605545 2
      vertex 80 6.7 2
    endloop
  endfacet
  facet normal -0.21643961393810746 -0.9762960071199325 0
    outer loop
      vertex 80.30388431091713 6.673413567771364 1.69
      vertex 80.4529333289294 6.64037019600587 2
      vertex 80.30388431091713 6.673413567771364 2
    endloop
  endfacet
  facet normal -0.1305261922200457 -0.9914448613738112 0
    outer loop
      vertex 80.1525225498084 6.6933407216605545 1.69
      vertex 80.30388431091713 6.673413567771364 2
      vertex 80.1525225498084 6.6933407216605545 2
    endloop
  endfacet
  facet normal -0.30070579950426085 -0.9537169507482309 0
    outer loop
      vertex 80.4529333289294 6.64037019600587 1.69
      vertex 80.59853525081992 6.59446208637534 2
      vertex 80.4529333289294 6.64037019600587 2
    endloop
  endfacet
  facet normal -0.4617486132350536 -0.8870108331782114 0
    outer loop
      vertex 80.73958195804623 6.536038627314138 1.69
      vertex 80.875 6.4655444566227676 2
      vertex 80.73958195804623 6.536038627314138 2
    endloop
  endfacet
  facet normal -0.608761429008728 -0.7933533402912295 0
    outer loop
      vertex 81.00375876361433 6.383516077505735 1.69
      vertex 81.12487831695144 6.290577775458212 2
      vertex 81.00375876361433 6.383516077505735 2
    endloop
  endfacet
  facet normal -0.537299608346831 -0.8433914458128812 0
    outer loop
      vertex 80.875 6.4655444566227676 1.69
      vertex 81.00375876361433 6.383516077505735 2
      vertex 80.875 6.4655444566227676 2
    endloop
  endfacet
  facet normal -0.6755902076156566 -0.7372773368101273 0
    outer loop
      vertex 81.12487831695144 6.290577775458212 1.69
      vertex 81.23743686707645 6.187436867076459 2
      vertex 81.12487831695144 6.290577775458212 2
    endloop
  endfacet
  facet normal -0.3826834323650757 -0.9238795325112927 0
    outer loop
      vertex 80.59853525081992 6.59446208637534 1.69
      vertex 80.73958195804623 6.536038627314138 2
      vertex 80.59853525081992 6.59446208637534 2
    endloop
  endfacet
  facet normal 0.9537169507482404 -0.3007057995042305 0
    outer loop
      vertex 78.30962980399413 5.402933328929412 1.69
      vertex 78.3402348078232 5.5 2
      vertex 78.3402348078232 5.5 4.3
    endloop
  endfacet
  facet normal -0.9537169507482404 -0.3007057995042305 0
    outer loop
      vertex 81.69037019600587 5.402933328929412 1.69
      vertex 81.6597651921768 5.5 4.3
      vertex 81.6597651921768 5.5 2
    endloop
  endfacet
  facet normal 0.6755902076156549 0.7372773368101287 0
    outer loop
      vertex 78.76256313292355 3.712563132923542 1.69
      vertex 78.76256313292355 3.712563132923542 8.6
      vertex 78.87512168304856 3.6094222245417886 1.69
    endloop
  endfacet
  facet normal 0.7372773368101015 0.6755902076156848 0
    outer loop
      vertex 78.76256313292355 3.712563132923542 1.69
      vertex 78.65942222454179 3.8251216830485566 1.69
      vertex 78.65942222454179 3.8251216830485566 8.6
    endloop
  endfacet
  facet normal 0.3826834323650781 0.9238795325112916 0
    outer loop
      vertex 79.26041804195377 3.363961372685863 1.69
      vertex 79.26041804195377 3.363961372685863 8.6
      vertex 79.40146474918008 3.3055379136246605 1.69
    endloop
  endfacet
  facet normal 0.4617486132350514 0.8870108331782126 0
    outer loop
      vertex 79.26041804195377 3.363961372685863 1.69
      vertex 79.125 3.434455543377233 1.69
      vertex 79.125 3.434455543377233 8.6
    endloop
  endfacet
  facet normal 0.21643961393811026 0.9762960071199318 0
    outer loop
      vertex 79.69611568908287 3.226586432228636 1.69
      vertex 79.5470666710706 3.2596298039941307 1.69
      vertex 79.5470666710706 3.2596298039941307 8.6
    endloop
  endfacet
  facet normal 0.3007057995042581 0.9537169507482316 0
    outer loop
      vertex 79.40146474918008 3.3055379136246605 1.69
      vertex 79.40146474918008 3.3055379136246605 8.6
      vertex 79.5470666710706 3.2596298039941307 1.69
    endloop
  endfacet
  facet normal 0.537299608346829 0.8433914458128825 0
    outer loop
      vertex 78.99624123638567 3.5164839224942646 1.69
      vertex 78.99624123638567 3.5164839224942646 8.6
      vertex 79.125 3.434455543377233 1.69
    endloop
  endfacet
  facet normal 0.6087614290087316 0.7933533402912267 0
    outer loop
      vertex 78.99624123638567 3.5164839224942646 1.69
      vertex 78.87512168304856 3.6094222245417886 1.69
      vertex 78.87512168304856 3.6094222245417886 8.6
    endloop
  endfacet
  facet normal 0.887010833178206 0.4617486132350645 0
    outer loop
      vertex 78.48445554337724 4.075 1.69
      vertex 78.41396137268586 4.210418041953776 1.69
      vertex 78.41396137268586 4.210418041953776 8.6
    endloop
  endfacet
  facet normal 0.7933533402912661 0.6087614290086801 0
    outer loop
      vertex 78.56648392249427 3.94624123638567 1.69
      vertex 78.56648392249427 3.94624123638567 8.6
      vertex 78.65942222454179 3.8251216830485566 1.69
    endloop
  endfacet
  facet normal 0.8433914458128793 0.537299608346834 0
    outer loop
      vertex 78.56648392249427 3.94624123638567 1.69
      vertex 78.48445554337724 4.075 1.69
      vertex 78.48445554337724 4.075 8.6
    endloop
  endfacet
  facet normal 0.9238795325112854 0.38268343236509295 0
    outer loop
      vertex 78.41396137268586 4.210418041953776 1.69
      vertex 78.35553791362466 4.35146474918008 1.69
      vertex 78.35553791362466 4.35146474918008 8.6
    endloop
  endfacet
  facet normal 0.9537169507482244 0.30070579950428106 0
    outer loop
      vertex 78.35553791362466 4.35146474918008 1.69
      vertex 78.30962980399413 4.497066671070589 1.69
      vertex 78.30962980399413 4.497066671070589 8.6
    endloop
  endfacet
  facet normal 0.9762960071199441 0.2164396139380545 0
    outer loop
      vertex 78.30962980399413 4.497066671070589 1.69
      vertex 78.27658643222864 4.6461156890828725 1.69
      vertex 78.27658643222864 4.6461156890828725 8.6
    endloop
  endfacet
  facet normal 0.9914448613738029 0.1305261922201074 0
    outer loop
      vertex 78.27658643222864 4.6461156890828725 1.69
      vertex 78.25665927833944 4.797477450191598 1.69
      vertex 78.25665927833944 4.797477450191598 8.6
    endloop
  endfacet
  facet normal 0.9990482215818589 0.043619387365309376 0
    outer loop
      vertex 78.25665927833944 4.797477450191598 1.69
      vertex 78.25 4.95 1.69
      vertex 78.25 4.95 8.6
    endloop
  endfacet
  facet normal 0.9990482215818589 -0.043619387365309376 0
    outer loop
      vertex 78.25 4.95 1.69
      vertex 78.25665927833944 5.102522549808402 1.69
      vertex 78.25665927833944 5.102522549808402 8.6
    endloop
  endfacet
  facet normal 0.9914448613738029 -0.1305261922201074 0
    outer loop
      vertex 78.25665927833944 5.102522549808402 1.69
      vertex 78.27658643222864 5.253884310917128 1.69
      vertex 78.27658643222864 5.253884310917128 8.6
    endloop
  endfacet
  facet normal 0.9762960071199441 -0.2164396139380545 0
    outer loop
      vertex 78.27658643222864 5.253884310917128 1.69
      vertex 78.30962980399413 5.402933328929412 1.69
      vertex 78.30962980399413 5.402933328929412 8.6
    endloop
  endfacet
  facet normal 0.043619387365337284 0.9990482215818577 0
    outer loop
      vertex 79.8474774501916 3.2066592783394454 1.69
      vertex 79.8474774501916 3.2066592783394454 8.6
      vertex 80 3.2 1.69
    endloop
  endfacet
  facet normal 0.13052619222004855 0.9914448613738108 0
    outer loop
      vertex 79.69611568908287 3.226586432228636 1.69
      vertex 79.69611568908287 3.226586432228636 8.6
      vertex 79.8474774501916 3.2066592783394454 1.69
    endloop
  endfacet
  facet normal -0.043619387365337284 0.9990482215818577 0
    outer loop
      vertex 80 3.2 1.69
      vertex 80 3.2 8.6
      vertex 80.1525225498084 3.2066592783394454 1.69
    endloop
  endfacet
  facet normal -0.13052619222004855 0.9914448613738108 0
    outer loop
      vertex 80.1525225498084 3.2066592783394454 1.69
      vertex 80.1525225498084 3.2066592783394454 8.6
      vertex 80.30388431091713 3.226586432228636 1.69
    endloop
  endfacet
  facet normal -0.21643961393811026 0.9762960071199318 0
    outer loop
      vertex 80.30388431091713 3.226586432228636 1.69
      vertex 80.30388431091713 3.226586432228636 8.6
      vertex 80.4529333289294 3.2596298039941307 1.69
    endloop
  endfacet
  facet normal -0.3007057995042581 0.9537169507482316 0
    outer loop
      vertex 80.4529333289294 3.2596298039941307 1.69
      vertex 80.4529333289294 3.2596298039941307 8.6
      vertex 80.59853525081992 3.3055379136246605 1.69
    endloop
  endfacet
  facet normal -0.3826834323650781 0.9238795325112916 0
    outer loop
      vertex 80.59853525081992 3.3055379136246605 1.69
      vertex 80.59853525081992 3.3055379136246605 8.6
      vertex 80.73958195804623 3.363961372685863 1.69
    endloop
  endfacet
  facet normal -0.4617486132350514 0.8870108331782126 0
    outer loop
      vertex 80.73958195804623 3.363961372685863 1.69
      vertex 80.73958195804623 3.363961372685863 8.6
      vertex 80.875 3.434455543377233 1.69
    endloop
  endfacet
  facet normal -0.537299608346829 0.8433914458128825 0
    outer loop
      vertex 80.875 3.434455543377233 1.69
      vertex 80.875 3.434455543377233 8.6
      vertex 81.00375876361433 3.5164839224942646 1.69
    endloop
  endfacet
  facet normal -0.6087614290087316 0.7933533402912267 0
    outer loop
      vertex 81.00375876361433 3.5164839224942646 1.69
      vertex 81.00375876361433 3.5164839224942646 8.6
      vertex 81.12487831695144 3.6094222245417886 1.69
    endloop
  endfacet
  facet normal -0.6755902076156549 0.7372773368101287 0
    outer loop
      vertex 81.12487831695144 3.6094222245417886 1.69
      vertex 81.12487831695144 3.6094222245417886 8.6
      vertex 81.23743686707645 3.712563132923542 1.69
    endloop
  endfacet
  facet normal -0.7372773368101015 0.6755902076156848 0
    outer loop
      vertex 81.23743686707645 3.712563132923542 1.69
      vertex 81.23743686707645 3.712563132923542 8.6
      vertex 81.34057777545821 3.8251216830485566 1.69
    endloop
  endfacet
  facet normal -0.7933533402912661 0.6087614290086801 0
    outer loop
      vertex 81.34057777545821 3.8251216830485566 1.69
      vertex 81.34057777545821 3.8251216830485566 8.6
      vertex 81.43351607750573 3.94624123638567 1.69
    endloop
  endfacet
  facet normal -0.8433914458128793 0.537299608346834 0
    outer loop
      vertex 81.43351607750573 3.94624123638567 1.69
      vertex 81.43351607750573 3.94624123638567 8.6
      vertex 81.51554445662276 4.075 1.69
    endloop
  endfacet
  facet normal -0.887010833178206 0.4617486132350645 0
    outer loop
      vertex 81.51554445662276 4.075 1.69
      vertex 81.51554445662276 4.075 8.6
      vertex 81.58603862731414 4.210418041953776 1.69
    endloop
  endfacet
  facet normal -0.9238795325112854 0.38268343236509295 0
    outer loop
      vertex 81.58603862731414 4.210418041953776 1.69
      vertex 81.58603862731414 4.210418041953776 8.6
      vertex 81.64446208637534 4.35146474918008 1.69
    endloop
  endfacet
  facet normal -0.9537169507482244 0.30070579950428106 0
    outer loop
      vertex 81.64446208637534 4.35146474918008 1.69
      vertex 81.64446208637534 4.35146474918008 8.6
      vertex 81.69037019600587 4.497066671070589 1.69
    endloop
  endfacet
  facet normal -0.9762960071199441 0.2164396139380545 0
    outer loop
      vertex 81.69037019600587 4.497066671070589 1.69
      vertex 81.69037019600587 4.497066671070589 8.6
      vertex 81.72341356777136 4.6461156890828725 1.69
    endloop
  endfacet
  facet normal -0.9914448613738029 0.1305261922201074 0
    outer loop
      vertex 81.72341356777136 4.6461156890828725 1.69
      vertex 81.72341356777136 4.6461156890828725 8.6
      vertex 81.74334072166056 4.797477450191598 1.69
    endloop
  endfacet
  facet normal -0.9990482215818589 0.043619387365309376 0
    outer loop
      vertex 81.74334072166056 4.797477450191598 1.69
      vertex 81.74334072166056 4.797477450191598 8.6
      vertex 81.75 4.95 1.69
    endloop
  endfacet
  facet normal -0.9990482215818589 -0.043619387365309376 0
    outer loop
      vertex 81.75 4.95 1.69
      vertex 81.75 4.95 8.6
      vertex 81.74334072166056 5.102522549808402 1.69
    endloop
  endfacet
  facet normal -0.9914448613738029 -0.1305261922201074 0
    outer loop
      vertex 81.74334072166056 5.102522549808402 1.69
      vertex 81.74334072166056 5.102522549808402 8.6
      vertex 81.72341356777136 5.253884310917128 1.69
    endloop
  endfacet
  facet normal -0.9762960071199441 -0.2164396139380545 0
    outer loop
      vertex 81.72341356777136 5.253884310917128 1.69
      vertex 81.72341356777136 5.253884310917128 8.6
      vertex 81.69037019600587 5.402933328929412 1.69
    endloop
  endfacet
  facet normal 0.9537169507482613 -0.3007057995041644 -2.703235440071499e-15
    outer loop
      vertex 78.30962980399413 5.402933328929412 1.69
      vertex 78.3402348078232 5.5 4.3
      vertex 78.35553791362466 5.548535250819921 8.6
    endloop
  endfacet
  facet normal -0.9537169507482404 -0.3007057995042305 0
    outer loop
      vertex 81.69037019600587 5.402933328929412 1.69
      vertex 81.69037019600587 5.402933328929412 8.6
      vertex 81.6597651921768 5.5 4.3
    endloop
  endfacet
  facet normal 0.9537169507481925 -0.3007057995043823 0
    outer loop
      vertex 78.35553791362466 5.548535250819921 4.3
      vertex 78.35553791362466 5.548535250819921 8.6
      vertex 78.3402348078232 5.5 4.3
    endloop
  endfacet
  facet normal 0.9238795325112854 -0.38268343236509295 0
    outer loop
      vertex 78.35553791362466 5.548535250819921 4.3
      vertex 78.41396137268586 5.689581958046224 4.3
      vertex 78.41396137268586 5.689581958046224 8.6
    endloop
  endfacet
  facet normal 0.8870108331782058 -0.46174861323506444 0
    outer loop
      vertex 78.41396137268586 5.689581958046224 4.3
      vertex 78.48445554337724 5.825 4.3
      vertex 78.48445554337724 5.825 8.6
    endloop
  endfacet
  facet normal 0.8433914458128793 -0.537299608346834 0
    outer loop
      vertex 78.48445554337724 5.825 4.3
      vertex 78.56648392249427 5.9537587636143305 4.3
      vertex 78.56648392249427 5.9537587636143305 8.6
    endloop
  endfacet
  facet normal 0.7933533402912664 -0.6087614290086802 0
    outer loop
      vertex 78.56648392249427 5.9537587636143305 4.3
      vertex 78.65942222454179 6.074878316951444 4.3
      vertex 78.65942222454179 6.074878316951444 8.6
    endloop
  endfacet
  facet normal 0.7372773368101015 -0.6755902076156848 0
    outer loop
      vertex 78.65942222454179 6.074878316951444 4.3
      vertex 78.76256313292355 6.187436867076459 4.3
      vertex 78.76256313292355 6.187436867076459 8.6
    endloop
  endfacet
  facet normal -0.7933533402912664 -0.6087614290086802 0
    outer loop
      vertex 81.43351607750573 5.9537587636143305 4.3
      vertex 81.43351607750573 5.9537587636143305 8.6
      vertex 81.34057777545821 6.074878316951444 4.3
    endloop
  endfacet
  facet normal -0.7372773368101015 -0.6755902076156848 0
    outer loop
      vertex 81.34057777545821 6.074878316951444 4.3
      vertex 81.34057777545821 6.074878316951444 8.6
      vertex 81.23743686707645 6.187436867076459 4.3
    endloop
  endfacet
  facet normal -0.9537169507481925 -0.3007057995043823 -3.767438304505987e-15
    outer loop
      vertex 81.64446208637534 5.548535250819921 4.3
      vertex 81.6597651921768 5.5 4.3
      vertex 81.69037019600587 5.402933328929412 8.6
    endloop
  endfacet
  facet normal -0.9238795325112854 -0.38268343236509295 0
    outer loop
      vertex 81.64446208637534 5.548535250819921 4.3
      vertex 81.64446208637534 5.548535250819921 8.6
      vertex 81.58603862731414 5.689581958046224 4.3
    endloop
  endfacet
  facet normal -0.8870108331782058 -0.46174861323506444 0
    outer loop
      vertex 81.51554445662276 5.825 4.3
      vertex 81.58603862731414 5.689581958046224 4.3
      vertex 81.58603862731414 5.689581958046224 8.6
    endloop
  endfacet
  facet normal -0.8433914458128793 -0.537299608346834 0
    outer loop
      vertex 81.51554445662276 5.825 4.3
      vertex 81.51554445662276 5.825 8.6
      vertex 81.43351607750573 5.9537587636143305 4.3
    endloop
  endfacet
  facet normal 0.6755902076156567 -0.7372773368101274 0
    outer loop
      vertex 78.76256313292355 6.187436867076459 4.3
      vertex 78.87512168304856 6.290577775458212 4.3
      vertex 78.87512168304856 6.290577775458212 8.6
    endloop
  endfacet
  facet normal 0.6087614290087279 -0.7933533402912295 0
    outer loop
      vertex 78.87512168304856 6.290577775458212 4.3
      vertex 78.99624123638567 6.383516077505735 4.3
      vertex 78.99624123638567 6.383516077505735 8.6
    endloop
  endfacet
  facet normal 0.537299608346831 -0.8433914458128812 0
    outer loop
      vertex 78.99624123638567 6.383516077505735 4.3
      vertex 79.125 6.4655444566227676 4.3
      vertex 79.125 6.4655444566227676 8.6
    endloop
  endfacet
  facet normal 0.4617486132350536 -0.8870108331782115 0
    outer loop
      vertex 79.125 6.4655444566227676 4.3
      vertex 79.26041804195377 6.536038627314138 4.3
      vertex 79.26041804195377 6.536038627314138 8.6
    endloop
  endfacet
  facet normal 0.3826834323650757 -0.9238795325112926 0
    outer loop
      vertex 79.26041804195377 6.536038627314138 4.3
      vertex 79.40146474918008 6.59446208637534 4.3
      vertex 79.40146474918008 6.59446208637534 8.6
    endloop
  endfacet
  facet normal 0.3007057995042608 -0.9537169507482307 0
    outer loop
      vertex 79.40146474918008 6.59446208637534 4.3
      vertex 79.5470666710706 6.64037019600587 4.3
      vertex 79.5470666710706 6.64037019600587 8.6
    endloop
  endfacet
  facet normal 0.21643961393810743 -0.9762960071199323 0
    outer loop
      vertex 79.5470666710706 6.64037019600587 4.3
      vertex 79.69611568908287 6.673413567771364 4.3
      vertex 79.69611568908287 6.673413567771364 8.6
    endloop
  endfacet
  facet normal 0.13052619222004566 -0.9914448613738112 0
    outer loop
      vertex 79.69611568908287 6.673413567771364 4.3
      vertex 79.8474774501916 6.6933407216605545 4.3
      vertex 79.8474774501916 6.6933407216605545 8.6
    endloop
  endfacet
  facet normal 0.04361938736534018 -0.9990482215818575 0
    outer loop
      vertex 79.8474774501916 6.6933407216605545 4.3
      vertex 80 6.7 4.3
      vertex 80 6.7 8.6
    endloop
  endfacet
  facet normal -0.04361938736534018 -0.9990482215818575 0
    outer loop
      vertex 80.1525225498084 6.6933407216605545 4.3
      vertex 80.1525225498084 6.6933407216605545 8.6
      vertex 80 6.7 4.3
    endloop
  endfacet
  facet normal -0.13052619222004566 -0.9914448613738112 0
    outer loop
      vertex 80.1525225498084 6.6933407216605545 4.3
      vertex 80.30388431091713 6.673413567771364 4.3
      vertex 80.30388431091713 6.673413567771364 8.6
    endloop
  endfacet
  facet normal -0.3007057995042608 -0.9537169507482307 0
    outer loop
      vertex 80.4529333289294 6.64037019600587 4.3
      vertex 80.59853525081992 6.59446208637534 4.3
      vertex 80.59853525081992 6.59446208637534 8.6
    endloop
  endfacet
  facet normal -0.21643961393810743 -0.9762960071199323 0
    outer loop
      vertex 80.30388431091713 6.673413567771364 4.3
      vertex 80.4529333289294 6.64037019600587 4.3
      vertex 80.4529333289294 6.64037019600587 8.6
    endloop
  endfacet
  facet normal -0.537299608346831 -0.8433914458128812 0
    outer loop
      vertex 81.00375876361433 6.383516077505735 4.3
      vertex 81.00375876361433 6.383516077505735 8.6
      vertex 80.875 6.4655444566227676 4.3
    endloop
  endfacet
  facet normal -0.4617486132350536 -0.8870108331782115 0
    outer loop
      vertex 80.73958195804623 6.536038627314138 4.3
      vertex 80.875 6.4655444566227676 4.3
      vertex 80.875 6.4655444566227676 8.6
    endloop
  endfacet
  facet normal -0.6755902076156567 -0.7372773368101274 0
    outer loop
      vertex 81.23743686707645 6.187436867076459 4.3
      vertex 81.23743686707645 6.187436867076459 8.6
      vertex 81.12487831695144 6.290577775458212 4.3
    endloop
  endfacet
  facet normal -0.6087614290087279 -0.7933533402912295 0
    outer loop
      vertex 81.12487831695144 6.290577775458212 4.3
      vertex 81.12487831695144 6.290577775458212 8.6
      vertex 81.00375876361433 6.383516077505735 4.3
    endloop
  endfacet
  facet normal -0.3826834323650757 -0.9238795325112926 0
    outer loop
      vertex 80.59853525081992 6.59446208637534 4.3
      vertex 80.73958195804623 6.536038627314138 4.3
      vertex 80.73958195804623 6.536038627314138 8.6
    endloop
  endfacet
  facet normal 0.6755902076156549 0.7372773368101287 0
    outer loop
      vertex 78.87512168304856 3.6094222245417886 1.69
      vertex 78.76256313292355 3.712563132923542 8.6
      vertex 78.87512168304856 3.6094222245417886 8.6
    endloop
  endfacet
  facet normal 0.7372773368101015 0.6755902076156848 0
    outer loop
      vertex 78.76256313292355 3.712563132923542 1.69
      vertex 78.65942222454179 3.8251216830485566 8.6
      vertex 78.76256313292355 3.712563132923542 8.6
    endloop
  endfacet
  facet normal 0.4617486132350514 0.8870108331782126 0
    outer loop
      vertex 79.26041804195377 3.363961372685863 1.69
      vertex 79.125 3.434455543377233 8.6
      vertex 79.26041804195377 3.363961372685863 8.6
    endloop
  endfacet
  facet normal 0.21643961393811026 0.9762960071199318 0
    outer loop
      vertex 79.69611568908287 3.226586432228636 1.69
      vertex 79.5470666710706 3.2596298039941307 8.6
      vertex 79.69611568908287 3.226586432228636 8.6
    endloop
  endfacet
  facet normal 0.3826834323650781 0.9238795325112916 0
    outer loop
      vertex 79.40146474918008 3.3055379136246605 1.69
      vertex 79.26041804195377 3.363961372685863 8.6
      vertex 79.40146474918008 3.3055379136246605 8.6
    endloop
  endfacet
  facet normal 0.3007057995042581 0.9537169507482316 0
    outer loop
      vertex 79.5470666710706 3.2596298039941307 1.69
      vertex 79.40146474918008 3.3055379136246605 8.6
      vertex 79.5470666710706 3.2596298039941307 8.6
    endloop
  endfacet
  facet normal 0.6087614290087316 0.7933533402912267 0
    outer loop
      vertex 78.99624123638567 3.5164839224942646 1.69
      vertex 78.87512168304856 3.6094222245417886 8.6
      vertex 78.99624123638567 3.5164839224942646 8.6
    endloop
  endfacet
  facet normal 0.537299608346829 0.8433914458128825 0
    outer loop
      vertex 79.125 3.434455543377233 1.69
      vertex 78.99624123638567 3.5164839224942646 8.6
      vertex 79.125 3.434455543377233 8.6
    endloop
  endfacet
  facet normal 0.7933533402912661 0.6087614290086801 0
    outer loop
      vertex 78.65942222454179 3.8251216830485566 1.69
      vertex 78.56648392249427 3.94624123638567 8.6
      vertex 78.65942222454179 3.8251216830485566 8.6
    endloop
  endfacet
  facet normal 0.8433914458128793 0.537299608346834 0
    outer loop
      vertex 78.56648392249427 3.94624123638567 1.69
      vertex 78.48445554337724 4.075 8.6
      vertex 78.56648392249427 3.94624123638567 8.6
    endloop
  endfacet
  facet normal 0.887010833178206 0.4617486132350645 0
    outer loop
      vertex 78.48445554337724 4.075 1.69
      vertex 78.41396137268586 4.210418041953776 8.6
      vertex 78.48445554337724 4.075 8.6
    endloop
  endfacet
  facet normal 0.9238795325112854 0.38268343236509295 0
    outer loop
      vertex 78.41396137268586 4.210418041953776 1.69
      vertex 78.35553791362466 4.35146474918008 8.6
      vertex 78.41396137268586 4.210418041953776 8.6
    endloop
  endfacet
  facet normal 0.9537169507482244 0.30070579950428106 0
    outer loop
      vertex 78.35553791362466 4.35146474918008 1.69
      vertex 78.30962980399413 4.497066671070589 8.6
      vertex 78.35553791362466 4.35146474918008 8.6
    endloop
  endfacet
  facet normal 0.9762960071199441 0.2164396139380545 0
    outer loop
      vertex 78.30962980399413 4.497066671070589 1.69
      vertex 78.27658643222864 4.6461156890828725 8.6
      vertex 78.30962980399413 4.497066671070589 8.6
    endloop
  endfacet
  facet normal 0.9914448613738029 0.1305261922201074 0
    outer loop
      vertex 78.27658643222864 4.6461156890828725 1.69
      vertex 78.25665927833944 4.797477450191598 8.6
      vertex 78.27658643222864 4.6461156890828725 8.6
    endloop
  endfacet
  facet normal 0.9990482215818589 0.043619387365309376 0
    outer loop
      vertex 78.25665927833944 4.797477450191598 1.69
      vertex 78.25 4.95 8.6
      vertex 78.25665927833944 4.797477450191598 8.6
    endloop
  endfacet
  facet normal 0.9990482215818589 -0.043619387365309376 0
    outer loop
      vertex 78.25 4.95 1.69
      vertex 78.25665927833944 5.102522549808402 8.6
      vertex 78.25 4.95 8.6
    endloop
  endfacet
  facet normal 0.9914448613738029 -0.1305261922201074 0
    outer loop
      vertex 78.25665927833944 5.102522549808402 1.69
      vertex 78.27658643222864 5.253884310917128 8.6
      vertex 78.25665927833944 5.102522549808402 8.6
    endloop
  endfacet
  facet normal 0.9762960071199441 -0.2164396139380545 0
    outer loop
      vertex 78.27658643222864 5.253884310917128 1.69
      vertex 78.30962980399413 5.402933328929412 8.6
      vertex 78.27658643222864 5.253884310917128 8.6
    endloop
  endfacet
  facet normal 0.9537169507482244 -0.30070579950428106 0
    outer loop
      vertex 78.30962980399413 5.402933328929412 1.69
      vertex 78.35553791362466 5.548535250819921 8.6
      vertex 78.30962980399413 5.402933328929412 8.6
    endloop
  endfacet
  facet normal 0.13052619222004855 0.9914448613738108 0
    outer loop
      vertex 79.8474774501916 3.2066592783394454 1.69
      vertex 79.69611568908287 3.226586432228636 8.6
      vertex 79.8474774501916 3.2066592783394454 8.6
    endloop
  endfacet
  facet normal 0.043619387365337284 0.9990482215818577 0
    outer loop
      vertex 80 3.2 1.69
      vertex 79.8474774501916 3.2066592783394454 8.6
      vertex 80 3.2 8.6
    endloop
  endfacet
  facet normal -0.043619387365337284 0.9990482215818577 0
    outer loop
      vertex 80.1525225498084 3.2066592783394454 1.69
      vertex 80 3.2 8.6
      vertex 80.1525225498084 3.2066592783394454 8.6
    endloop
  endfacet
  facet normal -0.13052619222004855 0.9914448613738108 0
    outer loop
      vertex 80.30388431091713 3.226586432228636 1.69
      vertex 80.1525225498084 3.2066592783394454 8.6
      vertex 80.30388431091713 3.226586432228636 8.6
    endloop
  endfacet
  facet normal -0.21643961393811026 0.9762960071199318 0
    outer loop
      vertex 80.4529333289294 3.2596298039941307 1.69
      vertex 80.30388431091713 3.226586432228636 8.6
      vertex 80.4529333289294 3.2596298039941307 8.6
    endloop
  endfacet
  facet normal -0.3007057995042581 0.9537169507482316 0
    outer loop
      vertex 80.59853525081992 3.3055379136246605 1.69
      vertex 80.4529333289294 3.2596298039941307 8.6
      vertex 80.59853525081992 3.3055379136246605 8.6
    endloop
  endfacet
  facet normal -0.3826834323650781 0.9238795325112916 0
    outer loop
      vertex 80.73958195804623 3.363961372685863 1.69
      vertex 80.59853525081992 3.3055379136246605 8.6
      vertex 80.73958195804623 3.363961372685863 8.6
    endloop
  endfacet
  facet normal -0.4617486132350514 0.8870108331782126 0
    outer loop
      vertex 80.875 3.434455543377233 1.69
      vertex 80.73958195804623 3.363961372685863 8.6
      vertex 80.875 3.434455543377233 8.6
    endloop
  endfacet
  facet normal -0.537299608346829 0.8433914458128825 0
    outer loop
      vertex 81.00375876361433 3.5164839224942646 1.69
      vertex 80.875 3.434455543377233 8.6
      vertex 81.00375876361433 3.5164839224942646 8.6
    endloop
  endfacet
  facet normal -0.6087614290087316 0.7933533402912267 0
    outer loop
      vertex 81.12487831695144 3.6094222245417886 1.69
      vertex 81.00375876361433 3.5164839224942646 8.6
      vertex 81.12487831695144 3.6094222245417886 8.6
    endloop
  endfacet
  facet normal -0.6755902076156549 0.7372773368101287 0
    outer loop
      vertex 81.23743686707645 3.712563132923542 1.69
      vertex 81.12487831695144 3.6094222245417886 8.6
      vertex 81.23743686707645 3.712563132923542 8.6
    endloop
  endfacet
  facet normal -0.7372773368101015 0.6755902076156848 0
    outer loop
      vertex 81.34057777545821 3.8251216830485566 1.69
      vertex 81.23743686707645 3.712563132923542 8.6
      vertex 81.34057777545821 3.8251216830485566 8.6
    endloop
  endfacet
  facet normal -0.7933533402912661 0.6087614290086801 0
    outer loop
      vertex 81.43351607750573 3.94624123638567 1.69
      vertex 81.34057777545821 3.8251216830485566 8.6
      vertex 81.43351607750573 3.94624123638567 8.6
    endloop
  endfacet
  facet normal -0.8433914458128793 0.537299608346834 0
    outer loop
      vertex 81.51554445662276 4.075 1.69
      vertex 81.43351607750573 3.94624123638567 8.6
      vertex 81.51554445662276 4.075 8.6
    endloop
  endfacet
  facet normal -0.887010833178206 0.4617486132350645 0
    outer loop
      vertex 81.58603862731414 4.210418041953776 1.69
      vertex 81.51554445662276 4.075 8.6
      vertex 81.58603862731414 4.210418041953776 8.6
    endloop
  endfacet
  facet normal -0.9238795325112854 0.38268343236509295 0
    outer loop
      vertex 81.64446208637534 4.35146474918008 1.69
      vertex 81.58603862731414 4.210418041953776 8.6
      vertex 81.64446208637534 4.35146474918008 8.6
    endloop
  endfacet
  facet normal -0.9537169507482244 0.30070579950428106 0
    outer loop
      vertex 81.69037019600587 4.497066671070589 1.69
      vertex 81.64446208637534 4.35146474918008 8.6
      vertex 81.69037019600587 4.497066671070589 8.6
    endloop
  endfacet
  facet normal -0.9762960071199441 0.2164396139380545 0
    outer loop
      vertex 81.72341356777136 4.6461156890828725 1.69
      vertex 81.69037019600587 4.497066671070589 8.6
      vertex 81.72341356777136 4.6461156890828725 8.6
    endloop
  endfacet
  facet normal -0.9914448613738029 0.1305261922201074 0
    outer loop
      vertex 81.74334072166056 4.797477450191598 1.69
      vertex 81.72341356777136 4.6461156890828725 8.6
      vertex 81.74334072166056 4.797477450191598 8.6
    endloop
  endfacet
  facet normal -0.9990482215818589 0.043619387365309376 0
    outer loop
      vertex 81.75 4.95 1.69
      vertex 81.74334072166056 4.797477450191598 8.6
      vertex 81.75 4.95 8.6
    endloop
  endfacet
  facet normal -0.9990482215818589 -0.043619387365309376 0
    outer loop
      vertex 81.74334072166056 5.102522549808402 1.69
      vertex 81.75 4.95 8.6
      vertex 81.74334072166056 5.102522549808402 8.6
    endloop
  endfacet
  facet normal -0.9914448613738029 -0.1305261922201074 0
    outer loop
      vertex 81.72341356777136 5.253884310917128 1.69
      vertex 81.74334072166056 5.102522549808402 8.6
      vertex 81.72341356777136 5.253884310917128 8.6
    endloop
  endfacet
  facet normal -0.9762960071199441 -0.2164396139380545 0
    outer loop
      vertex 81.69037019600587 5.402933328929412 1.69
      vertex 81.72341356777136 5.253884310917128 8.6
      vertex 81.69037019600587 5.402933328929412 8.6
    endloop
  endfacet
  facet normal 0.9238795325112854 -0.38268343236509295 0
    outer loop
      vertex 78.35553791362466 5.548535250819921 4.3
      vertex 78.41396137268586 5.689581958046224 8.6
      vertex 78.35553791362466 5.548535250819921 8.6
    endloop
  endfacet
  facet normal 0.8870108331782058 -0.46174861323506444 0
    outer loop
      vertex 78.41396137268586 5.689581958046224 4.3
      vertex 78.48445554337724 5.825 8.6
      vertex 78.41396137268586 5.689581958046224 8.6
    endloop
  endfacet
  facet normal 0.8433914458128793 -0.537299608346834 0
    outer loop
      vertex 78.48445554337724 5.825 4.3
      vertex 78.56648392249427 5.9537587636143305 8.6
      vertex 78.48445554337724 5.825 8.6
    endloop
  endfacet
  facet normal 0.7933533402912664 -0.6087614290086802 0
    outer loop
      vertex 78.56648392249427 5.9537587636143305 4.3
      vertex 78.65942222454179 6.074878316951444 8.6
      vertex 78.56648392249427 5.9537587636143305 8.6
    endloop
  endfacet
  facet normal 0.7372773368101015 -0.6755902076156848 0
    outer loop
      vertex 78.65942222454179 6.074878316951444 4.3
      vertex 78.76256313292355 6.187436867076459 8.6
      vertex 78.65942222454179 6.074878316951444 8.6
    endloop
  endfacet
  facet normal -0.8433914458128793 -0.537299608346834 0
    outer loop
      vertex 81.43351607750573 5.9537587636143305 4.3
      vertex 81.51554445662276 5.825 8.6
      vertex 81.43351607750573 5.9537587636143305 8.6
    endloop
  endfacet
  facet normal -0.7933533402912664 -0.6087614290086802 0
    outer loop
      vertex 81.34057777545821 6.074878316951444 4.3
      vertex 81.43351607750573 5.9537587636143305 8.6
      vertex 81.34057777545821 6.074878316951444 8.6
    endloop
  endfacet
  facet normal -0.7372773368101015 -0.6755902076156848 0
    outer loop
      vertex 81.23743686707645 6.187436867076459 4.3
      vertex 81.34057777545821 6.074878316951444 8.6
      vertex 81.23743686707645 6.187436867076459 8.6
    endloop
  endfacet
  facet normal -0.9537169507482245 -0.3007057995042811 0
    outer loop
      vertex 81.64446208637534 5.548535250819921 4.3
      vertex 81.69037019600587 5.402933328929412 8.6
      vertex 81.64446208637534 5.548535250819921 8.6
    endloop
  endfacet
  facet normal -0.9238795325112854 -0.38268343236509295 0
    outer loop
      vertex 81.58603862731414 5.689581958046224 4.3
      vertex 81.64446208637534 5.548535250819921 8.6
      vertex 81.58603862731414 5.689581958046224 8.6
    endloop
  endfacet
  facet normal -0.8870108331782058 -0.46174861323506444 0
    outer loop
      vertex 81.51554445662276 5.825 4.3
      vertex 81.58603862731414 5.689581958046224 8.6
      vertex 81.51554445662276 5.825 8.6
    endloop
  endfacet
  facet normal 0.6755902076156567 -0.7372773368101274 0
    outer loop
      vertex 78.76256313292355 6.187436867076459 4.3
      vertex 78.87512168304856 6.290577775458212 8.6
      vertex 78.76256313292355 6.187436867076459 8.6
    endloop
  endfacet
  facet normal 0.6087614290087279 -0.7933533402912295 0
    outer loop
      vertex 78.87512168304856 6.290577775458212 4.3
      vertex 78.99624123638567 6.383516077505735 8.6
      vertex 78.87512168304856 6.290577775458212 8.6
    endloop
  endfacet
  facet normal 0.537299608346831 -0.8433914458128812 0
    outer loop
      vertex 78.99624123638567 6.383516077505735 4.3
      vertex 79.125 6.4655444566227676 8.6
      vertex 78.99624123638567 6.383516077505735 8.6
    endloop
  endfacet
  facet normal 0.4617486132350536 -0.8870108331782115 0
    outer loop
      vertex 79.125 6.4655444566227676 4.3
      vertex 79.26041804195377 6.536038627314138 8.6
      vertex 79.125 6.4655444566227676 8.6
    endloop
  endfacet
  facet normal 0.3826834323650757 -0.9238795325112926 0
    outer loop
      vertex 79.26041804195377 6.536038627314138 4.3
      vertex 79.40146474918008 6.59446208637534 8.6
      vertex 79.26041804195377 6.536038627314138 8.6
    endloop
  endfacet
  facet normal 0.3007057995042608 -0.9537169507482307 0
    outer loop
      vertex 79.40146474918008 6.59446208637534 4.3
      vertex 79.5470666710706 6.64037019600587 8.6
      vertex 79.40146474918008 6.59446208637534 8.6
    endloop
  endfacet
  facet normal 0.21643961393810743 -0.9762960071199323 0
    outer loop
      vertex 79.5470666710706 6.64037019600587 4.3
      vertex 79.69611568908287 6.673413567771364 8.6
      vertex 79.5470666710706 6.64037019600587 8.6
    endloop
  endfacet
  facet normal 0.13052619222004566 -0.9914448613738112 0
    outer loop
      vertex 79.69611568908287 6.673413567771364 4.3
      vertex 79.8474774501916 6.6933407216605545 8.6
      vertex 79.69611568908287 6.673413567771364 8.6
    endloop
  endfacet
  facet normal 0.04361938736534018 -0.9990482215818575 0
    outer loop
      vertex 79.8474774501916 6.6933407216605545 4.3
      vertex 80 6.7 8.6
      vertex 79.8474774501916 6.6933407216605545 8.6
    endloop
  endfacet
  facet normal -0.04361938736534018 -0.9990482215818575 0
    outer loop
      vertex 80 6.7 4.3
      vertex 80.1525225498084 6.6933407216605545 8.6
      vertex 80 6.7 8.6
    endloop
  endfacet
  facet normal -0.21643961393810743 -0.9762960071199323 0
    outer loop
      vertex 80.30388431091713 6.673413567771364 4.3
      vertex 80.4529333289294 6.64037019600587 8.6
      vertex 80.30388431091713 6.673413567771364 8.6
    endloop
  endfacet
  facet normal -0.13052619222004566 -0.9914448613738112 0
    outer loop
      vertex 80.1525225498084 6.6933407216605545 4.3
      vertex 80.30388431091713 6.673413567771364 8.6
      vertex 80.1525225498084 6.6933407216605545 8.6
    endloop
  endfacet
  facet normal -0.3007057995042608 -0.9537169507482307 0
    outer loop
      vertex 80.4529333289294 6.64037019600587 4.3
      vertex 80.59853525081992 6.59446208637534 8.6
      vertex 80.4529333289294 6.64037019600587 8.6
    endloop
  endfacet
  facet normal -0.4617486132350536 -0.8870108331782115 0
    outer loop
      vertex 80.73958195804623 6.536038627314138 4.3
      vertex 80.875 6.4655444566227676 8.6
      vertex 80.73958195804623 6.536038627314138 8.6
    endloop
  endfacet
  facet normal -0.6087614290087279 -0.7933533402912295 0
    outer loop
      vertex 81.00375876361433 6.383516077505735 4.3
      vertex 81.12487831695144 6.290577775458212 8.6
      vertex 81.00375876361433 6.383516077505735 8.6
    endloop
  endfacet
  facet normal -0.537299608346831 -0.8433914458128812 0
    outer loop
      vertex 80.875 6.4655444566227676 4.3
      vertex 81.00375876361433 6.383516077505735 8.6
      vertex 80.875 6.4655444566227676 8.6
    endloop
  endfacet
  facet normal -0.6755902076156567 -0.7372773368101274 0
    outer loop
      vertex 81.12487831695144 6.290577775458212 4.3
      vertex 81.23743686707645 6.187436867076459 8.6
      vertex 81.12487831695144 6.290577775458212 8.6
    endloop
  endfacet
  facet normal -0.3826834323650757 -0.9238795325112926 0
    outer loop
      vertex 80.59853525081992 6.59446208637534 4.3
      vertex 80.73958195804623 6.536038627314138 8.6
      vertex 80.59853525081992 6.59446208637534 8.6
    endloop
  endfacet
  facet normal 0.3617334588262173 0.6948835091326301 -0.6215189566707868
    outer loop
      vertex 79.125 3.434455543377233 1.69
      vertex 78.69323947480001 2.1476430102599116 0
      vertex 78.4539705882353 2.272198508827705 0
    endloop
  endfacet
  facet normal 0.47690316982766484 0.6215123113078139 -0.6215189566707875
    outer loop
      vertex 78.87512168304856 3.6094222245417886 1.69
      vertex 78.2264679190122 2.4171336936440673 0
      vertex 78.01246289981336 2.5813455204382896 0
    endloop
  endfacet
  facet normal 0.5292567764042985 0.5775824193385601 -0.6215189566707889
    outer loop
      vertex 78.76256313292355 3.712563132923542 1.69
      vertex 78.01246289981336 2.5813455204382896 0
      vertex 77.81358423805464 2.763584238054655 0
    endloop
  endfacet
  facet normal 0.42092004216662565 0.6607121193086308 -0.6215189566707868
    outer loop
      vertex 78.99624123638567 3.5164839224942646 1.69
      vertex 78.4539705882353 2.272198508827705 0
      vertex 78.2264679190122 2.4171336936440673 0
    endloop
  endfacet
  facet normal 0.23557265972430091 0.7471410231604713 -0.6215189566707865
    outer loop
      vertex 79.40146474918008 3.3055379136246605 1.69
      vertex 79.1997162878933 1.9633005259479488 0
      vertex 78.94245359800507 2.0444151404934545 0
    endloop
  endfacet
  facet normal 0.2997938654435161 0.723766415869991 -0.6215189566707859
    outer loop
      vertex 79.26041804195377 3.363961372685863 1.69
      vertex 78.94245359800507 2.0444151404934545 0
      vertex 78.69323947480001 2.1476430102599116 0
    endloop
  endfacet
  facet normal 0.16955860382192445 0.7648294361286154 -0.6215189566707869
    outer loop
      vertex 79.5470666710706 3.2596298039941307 1.69
      vertex 79.46306962005517 1.9049164978184288 0
      vertex 79.1997162878933 1.9633005259479488 0
    endloop
  endfacet
  facet normal 0.10225410456217428 0.7766970352711825 -0.6215189566707867
    outer loop
      vertex 79.69611568908287 3.226586432228636 1.69
      vertex 79.73050931661585 1.8697073938122 0
      vertex 79.46306962005517 1.9049164978184288 0
    endloop
  endfacet
  facet normal 0.03417138982399692 0.7826535009928425 -0.6215189566707866
    outer loop
      vertex 79.8474774501916 3.2066592783394454 1.69
      vertex 80 1.8579411764705884 0
      vertex 79.73050931661585 1.8697073938122 0
    endloop
  endfacet
  facet normal -0.03417138982399616 0.7826535009928425 -0.6215189566707867
    outer loop
      vertex 80 3.2 1.69
      vertex 80.26949068338415 1.8697073938122 0
      vertex 80 1.8579411764705884 0
    endloop
  endfacet
  facet normal -0.10225410456217425 0.7766970352711825 -0.6215189566707867
    outer loop
      vertex 80.1525225498084 3.2066592783394454 1.69
      vertex 80.53693037994483 1.9049164978184288 0
      vertex 80.26949068338415 1.8697073938122 0
    endloop
  endfacet
  facet normal -0.16955860382192378 0.7648294361286159 -0.6215189566707868
    outer loop
      vertex 80.30388431091713 3.226586432228636 1.69
      vertex 80.8002837121067 1.9633005259479488 0
      vertex 80.53693037994483 1.9049164978184288 0
    endloop
  endfacet
  facet normal -0.23557265972429997 0.7471410231604708 -0.6215189566707872
    outer loop
      vertex 80.4529333289294 3.2596298039941307 1.69
      vertex 81.05754640199493 2.0444151404934545 0
      vertex 80.8002837121067 1.9633005259479488 0
    endloop
  endfacet
  facet normal -0.2997938654435156 0.7237664158699907 -0.6215189566707864
    outer loop
      vertex 80.59853525081992 3.3055379136246605 1.69
      vertex 81.30676052519999 2.1476430102599116 0
      vertex 81.05754640199493 2.0444151404934545 0
    endloop
  endfacet
  facet normal -0.3617334588262176 0.6948835091326308 -0.6215189566707857
    outer loop
      vertex 80.73958195804623 3.363961372685863 1.69
      vertex 81.5460294117647 2.272198508827705 0
      vertex 81.30676052519999 2.1476430102599116 0
    endloop
  endfacet
  facet normal -0.4209200421666256 0.660712119308631 -0.6215189566707869
    outer loop
      vertex 80.875 3.434455543377233 1.69
      vertex 81.7735320809878 2.4171336936440673 0
      vertex 81.5460294117647 2.272198508827705 0
    endloop
  endfacet
  facet normal -0.4769031698276657 0.6215123113078141 -0.6215189566707868
    outer loop
      vertex 81.00375876361433 3.5164839224942646 1.69
      vertex 81.98753710018664 2.5813455204382896 0
      vertex 81.7735320809878 2.4171336936440673 0
    endloop
  endfacet
  facet normal -0.5292567764042992 0.5775824193385606 -0.6215189566707879
    outer loop
      vertex 81.12487831695144 3.6094222245417886 1.69
      vertex 82.18641576194536 2.763584238054655 0
      vertex 81.98753710018664 2.5813455204382896 0
    endloop
  endfacet
  facet normal 0.6215123113078024 0.476903169827681 -0.621518956670787
    outer loop
      vertex 78.56648392249427 3.94624123638567 1.69
      vertex 77.6313455204383 2.962462899813357 0
      vertex 77.46713369364407 3.176467919012192 0
    endloop
  endfacet
  facet normal 0.6607121193086141 0.42092004216664836 -0.6215189566707893
    outer loop
      vertex 78.48445554337724 4.075 1.69
      vertex 77.46713369364407 3.176467919012192 0
      vertex 77.3221985088277 3.4039705882352944 0
    endloop
  endfacet
  facet normal 0.6948835091326357 0.3617334588262058 -0.6215189566707872
    outer loop
      vertex 78.41396137268586 4.210418041953776 1.69
      vertex 77.3221985088277 3.4039705882352944 0
      vertex 77.19764301025991 3.643239474800008 0
    endloop
  endfacet
  facet normal 0.7237664158699908 0.2997938654435149 -0.6215189566707866
    outer loop
      vertex 78.35553791362466 4.35146474918008 1.69
      vertex 77.19764301025991 3.643239474800008 0
      vertex 77.09441514049345 3.8924535980050723 0
    endloop
  endfacet
  facet normal 0.7471410231604648 0.23557265972431835 -0.6215189566707876
    outer loop
      vertex 78.30962980399413 4.497066671070589 1.69
      vertex 77.09441514049345 3.8924535980050723 0
      vertex 77.01330052594794 4.149716287893295 0
    endloop
  endfacet
  facet normal 0.7648294361286219 0.16955860382189455 -0.6215189566707875
    outer loop
      vertex 78.30962980399413 4.497066671070589 1.69
      vertex 77.01330052594794 4.149716287893295 0
      vertex 76.95491649781843 4.413069620055165 0
    endloop
  endfacet
  facet normal 0.5775824193385813 0.5292567764042807 -0.6215189566707843
    outer loop
      vertex 78.65942222454179 3.8251216830485566 1.69
      vertex 77.81358423805464 2.763584238054655 0
      vertex 77.6313455204383 2.962462899813357 0
    endloop
  endfacet
  facet normal 0.7766970352711843 0.10225410456217382 -0.6215189566707847
    outer loop
      vertex 78.25665927833944 4.797477450191598 1.69
      vertex 76.95491649781843 4.413069620055165 0
      vertex 76.9197073938122 4.6805093166158445 0
    endloop
  endfacet
  facet normal 0.7826535009928461 0.03417138982396871 -0.6215189566707837
    outer loop
      vertex 78.25 4.95 1.69
      vertex 76.9197073938122 4.6805093166158445 0
      vertex 76.9079411764706 4.95 0
    endloop
  endfacet
  facet normal 0.7826535009928458 -0.034171389823968695 -0.6215189566707839
    outer loop
      vertex 78.25665927833944 5.102522549808402 1.69
      vertex 76.9079411764706 4.95 0
      vertex 76.9197073938122 5.219490683384156 0
    endloop
  endfacet
  facet normal 0.7766970352711823 -0.10225410456217357 -0.6215189566707873
    outer loop
      vertex 78.27658643222864 5.253884310917128 1.69
      vertex 76.9197073938122 5.219490683384156 0
      vertex 76.95491649781843 5.486930379944836 0
    endloop
  endfacet
  facet normal 0.7648294361286219 -0.16955860382189455 -0.6215189566707875
    outer loop
      vertex 78.30962980399413 5.402933328929412 1.69
      vertex 76.95491649781843 5.486930379944836 0
      vertex 77.01330052594794 5.750283712106706 0
    endloop
  endfacet
  facet normal 0.7471410231604655 -0.2355726597243173 -0.621518956670787
    outer loop
      vertex 78.35553791362466 5.548535250819921 1.69
      vertex 77.01330052594794 5.750283712106706 0
      vertex 77.09441514049345 6.0075464019949285 0
    endloop
  endfacet
  facet normal 0.7237664158699905 -0.2997938654435155 -0.6215189566707868
    outer loop
      vertex 78.41396137268586 5.689581958046224 1.69
      vertex 77.09441514049345 6.0075464019949285 0
      vertex 77.19764301025991 6.256760525199992 0
    endloop
  endfacet
  facet normal -0.5775824193385792 0.5292567764042784 -0.6215189566707885
    outer loop
      vertex 81.23743686707645 3.712563132923542 1.69
      vertex 82.3686544795617 2.962462899813357 0
      vertex 82.18641576194536 2.763584238054655 0
    endloop
  endfacet
  facet normal -0.6215123113078043 0.47690316982768244 -0.6215189566707838
    outer loop
      vertex 81.34057777545821 3.8251216830485566 1.69
      vertex 82.53286630635593 3.176467919012192 0
      vertex 82.3686544795617 2.962462899813357 0
    endloop
  endfacet
  facet normal -0.6607121193086154 0.42092004216664886 -0.6215189566707876
    outer loop
      vertex 81.43351607750573 3.94624123638567 1.69
      vertex 82.6778014911723 3.4039705882352944 0
      vertex 82.53286630635593 3.176467919012192 0
    endloop
  endfacet
  facet normal -0.6948835091326344 0.3617334588262041 -0.6215189566707897
    outer loop
      vertex 81.51554445662276 4.075 1.69
      vertex 82.80235698974009 3.643239474800008 0
      vertex 82.6778014911723 3.4039705882352944 0
    endloop
  endfacet
  facet normal -0.7237664158699908 0.2997938654435145 -0.6215189566707867
    outer loop
      vertex 81.58603862731414 4.210418041953776 1.69
      vertex 82.90558485950655 3.8924535980050723 0
      vertex 82.80235698974009 3.643239474800008 0
    endloop
  endfacet
  facet normal -0.7471410231604654 0.2355726597243177 -0.6215189566707872
    outer loop
      vertex 81.64446208637534 4.35146474918008 1.69
      vertex 82.98669947405206 4.149716287893295 0
      vertex 82.90558485950655 3.8924535980050723 0
    endloop
  endfacet
  facet normal -0.7648294361286219 0.16955860382189455 -0.6215189566707875
    outer loop
      vertex 81.69037019600587 4.497066671070589 1.69
      vertex 83.04508350218157 4.413069620055165 0
      vertex 82.98669947405206 4.149716287893295 0
    endloop
  endfacet
  facet normal -0.7766970352711823 0.10225410456217357 -0.6215189566707873
    outer loop
      vertex 81.72341356777136 4.6461156890828725 1.69
      vertex 83.0802926061878 4.6805093166158445 0
      vertex 83.04508350218157 4.413069620055165 0
    endloop
  endfacet
  facet normal -0.7826535009928458 0.034171389823968695 -0.6215189566707839
    outer loop
      vertex 81.74334072166056 4.797477450191598 1.69
      vertex 83.0920588235294 4.95 0
      vertex 83.0802926061878 4.6805093166158445 0
    endloop
  endfacet
  facet normal -0.7826535009928461 -0.03417138982396871 -0.6215189566707837
    outer loop
      vertex 81.75 4.95 1.69
      vertex 83.0802926061878 5.219490683384156 0
      vertex 83.0920588235294 4.95 0
    endloop
  endfacet
  facet normal -0.7766970352711843 -0.10225410456217382 -0.6215189566707847
    outer loop
      vertex 81.74334072166056 5.102522549808402 1.69
      vertex 83.04508350218157 5.486930379944836 0
      vertex 83.0802926061878 5.219490683384156 0
    endloop
  endfacet
  facet normal -0.7648294361286213 -0.16955860382189522 -0.6215189566707878
    outer loop
      vertex 81.72341356777136 5.253884310917128 1.69
      vertex 82.98669947405206 5.750283712106706 0
      vertex 83.04508350218157 5.486930379944836 0
    endloop
  endfacet
  facet normal -0.7471410231604647 -0.23557265972431793 -0.6215189566707877
    outer loop
      vertex 81.69037019600587 5.402933328929412 1.69
      vertex 82.90558485950655 6.0075464019949285 0
      vertex 82.98669947405206 5.750283712106706 0
    endloop
  endfacet
  facet normal -0.7237664158699904 -0.29979386544351583 -0.6215189566707866
    outer loop
      vertex 81.64446208637534 5.548535250819921 1.69
      vertex 82.80235698974009 6.256760525199992 0
      vertex 82.90558485950655 6.0075464019949285 0
    endloop
  endfacet
  facet normal -0.6948835091326361 -0.3617334588262052 -0.6215189566707872
    outer loop
      vertex 81.58603862731414 5.689581958046224 1.69
      vertex 82.6778014911723 6.496029411764706 0
      vertex 82.80235698974009 6.256760525199992 0
    endloop
  endfacet
  facet normal 0.42092004216662643 0.6607121193086306 -0.6215189566707869
    outer loop
      vertex 78.99624123638567 3.5164839224942646 1.69
      vertex 79.125 3.434455543377233 1.69
      vertex 78.4539705882353 2.272198508827705 0
    endloop
  endfacet
  facet normal 0.3617334588262342 0.6948835091326226 -0.6215189566707855
    outer loop
      vertex 79.26041804195377 3.363961372685863 1.69
      vertex 78.69323947480001 2.1476430102599116 0
      vertex 79.125 3.434455543377233 1.69
    endloop
  endfacet
  facet normal 0.2997938654435066 0.7237664158699942 -0.6215189566707866
    outer loop
      vertex 79.26041804195377 3.363961372685863 1.69
      vertex 79.40146474918008 3.3055379136246605 1.69
      vertex 78.94245359800507 2.0444151404934545 0
    endloop
  endfacet
  facet normal 0.23557265972428917 0.7471410231604741 -0.6215189566707875
    outer loop
      vertex 79.40146474918008 3.3055379136246605 1.69
      vertex 79.5470666710706 3.2596298039941307 1.69
      vertex 79.1997162878933 1.9633005259479488 0
    endloop
  endfacet
  facet normal 0.16955860382192925 0.7648294361286148 -0.6215189566707866
    outer loop
      vertex 79.69611568908287 3.226586432228636 1.69
      vertex 79.46306962005517 1.9049164978184288 0
      vertex 79.5470666710706 3.2596298039941307 1.69
    endloop
  endfacet
  facet normal 0.10225410456217444 0.7766970352711825 -0.6215189566707866
    outer loop
      vertex 79.69611568908287 3.226586432228636 1.69
      vertex 79.8474774501916 3.2066592783394454 1.69
      vertex 79.73050931661585 1.8697073938122 0
    endloop
  endfacet
  facet normal 0.03417138982399659 0.7826535009928425 -0.6215189566707867
    outer loop
      vertex 79.8474774501916 3.2066592783394454 1.69
      vertex 80 3.2 1.69
      vertex 80 1.8579411764705884 0
    endloop
  endfacet
  facet normal -0.03417138982399659 0.7826535009928425 -0.6215189566707867
    outer loop
      vertex 80 3.2 1.69
      vertex 80.1525225498084 3.2066592783394454 1.69
      vertex 80.26949068338415 1.8697073938122 0
    endloop
  endfacet
  facet normal -0.10225410456217444 0.7766970352711825 -0.6215189566707866
    outer loop
      vertex 80.1525225498084 3.2066592783394454 1.69
      vertex 80.30388431091713 3.226586432228636 1.69
      vertex 80.53693037994483 1.9049164978184288 0
    endloop
  endfacet
  facet normal -0.16955860382192917 0.7648294361286144 -0.6215189566707872
    outer loop
      vertex 80.30388431091713 3.226586432228636 1.69
      vertex 80.4529333289294 3.2596298039941307 1.69
      vertex 80.8002837121067 1.9633005259479488 0
    endloop
  endfacet
  facet normal -0.2355726597242894 0.7471410231604749 -0.6215189566707863
    outer loop
      vertex 80.4529333289294 3.2596298039941307 1.69
      vertex 80.59853525081992 3.3055379136246605 1.69
      vertex 81.05754640199493 2.0444151404934545 0
    endloop
  endfacet
  facet normal -0.2997938654435069 0.7237664158699949 -0.6215189566707857
    outer loop
      vertex 80.59853525081992 3.3055379136246605 1.69
      vertex 80.73958195804623 3.363961372685863 1.69
      vertex 81.30676052519999 2.1476430102599116 0
    endloop
  endfacet
  facet normal -0.3617334588262335 0.6948835091326212 -0.6215189566707873
    outer loop
      vertex 80.73958195804623 3.363961372685863 1.69
      vertex 80.875 3.434455543377233 1.69
      vertex 81.5460294117647 2.272198508827705 0
    endloop
  endfacet
  facet normal 0.7237664158699891 0.2997938654435181 -0.6215189566707868
    outer loop
      vertex 78.41396137268586 4.210418041953776 1.69
      vertex 77.19764301025991 3.643239474800008 0
      vertex 78.35553791362466 4.35146474918008 1.69
    endloop
  endfacet
  facet normal 0.7471410231604689 0.23557265972430733 -0.6215189566707867
    outer loop
      vertex 78.35553791362466 4.35146474918008 1.69
      vertex 77.09441514049345 3.8924535980050723 0
      vertex 78.30962980399413 4.497066671070589 1.69
    endloop
  endfacet
  facet normal 0.7648294361286232 0.1695586038218853 -0.6215189566707882
    outer loop
      vertex 78.30962980399413 4.497066671070589 1.69
      vertex 76.95491649781843 4.413069620055165 0
      vertex 78.27658643222864 4.6461156890828725 1.69
    endloop
  endfacet
  facet normal 0.5775824193385278 0.5292567764043323 -0.6215189566707902
    outer loop
      vertex 78.76256313292355 3.712563132923542 1.69
      vertex 77.81358423805464 2.763584238054655 0
      vertex 78.65942222454179 3.8251216830485566 1.69
    endloop
  endfacet
  facet normal 0.4769031698276752 0.621512311307807 -0.6215189566707866
    outer loop
      vertex 78.99624123638567 3.5164839224942646 1.69
      vertex 78.2264679190122 2.4171336936440673 0
      vertex 78.87512168304856 3.6094222245417886 1.69
    endloop
  endfacet
  facet normal 0.5292567764043102 0.5775824193385506 -0.6215189566707877
    outer loop
      vertex 78.76256313292355 3.712563132923542 1.69
      vertex 78.87512168304856 3.6094222245417886 1.69
      vertex 78.01246289981336 2.5813455204382896 0
    endloop
  endfacet
  facet normal 0.6215123113078408 0.476903169827637 -0.6215189566707824
    outer loop
      vertex 78.56648392249427 3.94624123638567 1.69
      vertex 78.65942222454179 3.8251216830485566 1.69
      vertex 77.6313455204383 2.962462899813357 0
    endloop
  endfacet
  facet normal 0.6607121193086277 0.4209200421666301 -0.6215189566707875
    outer loop
      vertex 78.56648392249427 3.94624123638567 1.69
      vertex 77.46713369364407 3.176467919012192 0
      vertex 78.48445554337724 4.075 1.69
    endloop
  endfacet
  facet normal 0.6948835091326137 0.3617334588262425 -0.6215189566707905
    outer loop
      vertex 78.48445554337724 4.075 1.69
      vertex 77.3221985088277 3.4039705882352944 0
      vertex 78.41396137268586 4.210418041953776 1.69
    endloop
  endfacet
  facet normal 0.7766970352711754 0.1022541045622204 -0.6215189566707884
    outer loop
      vertex 78.27658643222864 4.6461156890828725 1.69
      vertex 76.95491649781843 4.413069620055165 0
      vertex 78.25665927833944 4.797477450191598 1.69
    endloop
  endfacet
  facet normal 0.7826535009928455 0.034171389823974815 -0.6215189566707842
    outer loop
      vertex 78.25665927833944 4.797477450191598 1.69
      vertex 76.9197073938122 4.6805093166158445 0
      vertex 78.25 4.95 1.69
    endloop
  endfacet
  facet normal 0.7826535009928459 -0.034171389823974836 -0.6215189566707835
    outer loop
      vertex 78.25 4.95 1.69
      vertex 76.9079411764706 4.95 0
      vertex 78.25665927833944 5.102522549808402 1.69
    endloop
  endfacet
  facet normal 0.776697035271179 -0.10225410456222085 -0.6215189566707837
    outer loop
      vertex 78.25665927833944 5.102522549808402 1.69
      vertex 76.9197073938122 5.219490683384156 0
      vertex 78.27658643222864 5.253884310917128 1.69
    endloop
  endfacet
  facet normal 0.7648294361286232 -0.1695586038218853 -0.6215189566707882
    outer loop
      vertex 78.27658643222864 5.253884310917128 1.69
      vertex 76.95491649781843 5.486930379944836 0
      vertex 78.30962980399413 5.402933328929412 1.69
    endloop
  endfacet
  facet normal 0.747141023160468 -0.23557265972430705 -0.6215189566707878
    outer loop
      vertex 78.30962980399413 5.402933328929412 1.69
      vertex 77.01330052594794 5.750283712106706 0
      vertex 78.35553791362466 5.548535250819921 1.69
    endloop
  endfacet
  facet normal 0.7237664158699894 -0.2997938654435182 -0.6215189566707866
    outer loop
      vertex 78.35553791362466 5.548535250819921 1.69
      vertex 77.09441514049345 6.0075464019949285 0
      vertex 78.41396137268586 5.689581958046224 1.69
    endloop
  endfacet
  facet normal 0.6948835091326167 -0.36173345882624414 -0.6215189566707863
    outer loop
      vertex 78.41396137268586 5.689581958046224 1.69
      vertex 77.19764301025991 6.256760525199992 0
      vertex 78.48445554337724 5.825 1.69
    endloop
  endfacet
  facet normal 0.6607121193086263 -0.4209200421666292 -0.6215189566707896
    outer loop
      vertex 78.48445554337724 5.825 1.69
      vertex 77.3221985088277 6.496029411764706 0
      vertex 78.56648392249427 5.9537587636143305 1.69
    endloop
  endfacet
  facet normal -0.4209200421666263 0.6607121193086305 -0.6215189566707869
    outer loop
      vertex 80.875 3.434455543377233 1.69
      vertex 81.00375876361433 3.5164839224942646 1.69
      vertex 81.7735320809878 2.4171336936440673 0
    endloop
  endfacet
  facet normal -0.4769031698276746 0.6215123113078064 -0.6215189566707877
    outer loop
      vertex 81.00375876361433 3.5164839224942646 1.69
      vertex 81.12487831695144 3.6094222245417886 1.69
      vertex 81.98753710018664 2.5813455204382896 0
    endloop
  endfacet
  facet normal -0.5292567764043096 0.5775824193385498 -0.6215189566707893
    outer loop
      vertex 81.12487831695144 3.6094222245417886 1.69
      vertex 81.23743686707645 3.712563132923542 1.69
      vertex 82.18641576194536 2.763584238054655 0
    endloop
  endfacet
  facet normal -0.5775824193385322 0.5292567764043363 -0.6215189566707828
    outer loop
      vertex 81.23743686707645 3.712563132923542 1.69
      vertex 81.34057777545821 3.8251216830485566 1.69
      vertex 82.3686544795617 2.962462899813357 0
    endloop
  endfacet
  facet normal -0.6215123113078371 0.47690316982763414 -0.6215189566707879
    outer loop
      vertex 81.34057777545821 3.8251216830485566 1.69
      vertex 81.43351607750573 3.94624123638567 1.69
      vertex 82.53286630635593 3.176467919012192 0
    endloop
  endfacet
  facet normal -0.6607121193086262 0.42092004216662915 -0.6215189566707896
    outer loop
      vertex 81.43351607750573 3.94624123638567 1.69
      vertex 81.51554445662276 4.075 1.69
      vertex 82.6778014911723 3.4039705882352944 0
    endloop
  endfacet
  facet normal -0.6948835091326167 0.36173345882624414 -0.6215189566707863
    outer loop
      vertex 81.51554445662276 4.075 1.69
      vertex 81.58603862731414 4.210418041953776 1.69
      vertex 82.80235698974009 3.643239474800008 0
    endloop
  endfacet
  facet normal -0.7237664158699896 0.29979386544351827 -0.6215189566707865
    outer loop
      vertex 81.58603862731414 4.210418041953776 1.69
      vertex 81.64446208637534 4.35146474918008 1.69
      vertex 82.90558485950655 3.8924535980050723 0
    endloop
  endfacet
  facet normal -0.747141023160468 0.23557265972430705 -0.6215189566707878
    outer loop
      vertex 81.64446208637534 4.35146474918008 1.69
      vertex 81.69037019600587 4.497066671070589 1.69
      vertex 82.98669947405206 4.149716287893295 0
    endloop
  endfacet
  facet normal -0.7648294361286232 0.1695586038218853 -0.6215189566707882
    outer loop
      vertex 81.69037019600587 4.497066671070589 1.69
      vertex 81.72341356777136 4.6461156890828725 1.69
      vertex 83.04508350218157 4.413069620055165 0
    endloop
  endfacet
  facet normal -0.776697035271179 0.10225410456222085 -0.6215189566707837
    outer loop
      vertex 81.72341356777136 4.6461156890828725 1.69
      vertex 81.74334072166056 4.797477450191598 1.69
      vertex 83.0802926061878 4.6805093166158445 0
    endloop
  endfacet
  facet normal -0.7826535009928459 0.034171389823974836 -0.6215189566707835
    outer loop
      vertex 81.74334072166056 4.797477450191598 1.69
      vertex 81.75 4.95 1.69
      vertex 83.0920588235294 4.95 0
    endloop
  endfacet
  facet normal -0.7826535009928454 -0.034171389823974815 -0.6215189566707842
    outer loop
      vertex 81.75 4.95 1.69
      vertex 81.74334072166056 5.102522549808402 1.69
      vertex 83.0802926061878 5.219490683384156 0
    endloop
  endfacet
  facet normal -0.7766970352711754 -0.1022541045622204 -0.6215189566707884
    outer loop
      vertex 81.74334072166056 5.102522549808402 1.69
      vertex 81.72341356777136 5.253884310917128 1.69
      vertex 83.04508350218157 5.486930379944836 0
    endloop
  endfacet
  facet normal -0.764829436128624 -0.16955860382188548 -0.6215189566707873
    outer loop
      vertex 81.72341356777136 5.253884310917128 1.69
      vertex 81.69037019600587 5.402933328929412 1.69
      vertex 82.98669947405206 5.750283712106706 0
    endloop
  endfacet
  facet normal -0.7471410231604689 -0.23557265972430733 -0.6215189566707867
    outer loop
      vertex 81.69037019600587 5.402933328929412 1.69
      vertex 81.64446208637534 5.548535250819921 1.69
      vertex 82.90558485950655 6.0075464019949285 0
    endloop
  endfacet
  facet normal -0.7237664158699892 -0.29979386544351816 -0.6215189566707869
    outer loop
      vertex 81.64446208637534 5.548535250819921 1.69
      vertex 81.58603862731414 5.689581958046224 1.69
      vertex 82.80235698974009 6.256760525199992 0
    endloop
  endfacet
  facet normal -0.6948835091326137 -0.3617334588262425 -0.6215189566707905
    outer loop
      vertex 81.51554445662276 5.825 1.69
      vertex 82.6778014911723 6.496029411764706 0
      vertex 81.58603862731414 5.689581958046224 1.69
    endloop
  endfacet
  facet normal 0.6948835091326347 -0.36173345882620356 -0.6215189566707897
    outer loop
      vertex 78.48445554337724 5.825 1.69
      vertex 77.19764301025991 6.256760525199992 0
      vertex 77.3221985088277 6.496029411764706 0
    endloop
  endfacet
  facet normal 0.660712119308615 -0.4209200421666495 -0.6215189566707876
    outer loop
      vertex 78.56648392249427 5.9537587636143305 1.69
      vertex 77.3221985088277 6.496029411764706 0
      vertex 77.46713369364407 6.723532080987808 0
    endloop
  endfacet
  facet normal 0.6215123113078047 -0.47690316982768244 -0.6215189566707835
    outer loop
      vertex 78.65942222454179 6.074878316951444 1.69
      vertex 77.46713369364407 6.723532080987808 0
      vertex 77.6313455204383 6.937537100186643 0
    endloop
  endfacet
  facet normal 0.5775824193385797 -0.5292567764042778 -0.6215189566707885
    outer loop
      vertex 78.76256313292355 6.187436867076459 1.69
      vertex 77.6313455204383 6.937537100186643 0
      vertex 77.81358423805464 7.136415761945345 0
    endloop
  endfacet
  facet normal 0.5292567764042992 -0.5775824193385606 -0.6215189566707879
    outer loop
      vertex 78.87512168304856 6.290577775458212 1.69
      vertex 77.81358423805464 7.136415761945345 0
      vertex 78.01246289981336 7.318654479561711 0
    endloop
  endfacet
  facet normal 0.4769031698276657 -0.6215123113078141 -0.621518956670787
    outer loop
      vertex 78.99624123638567 6.383516077505735 1.69
      vertex 78.01246289981336 7.318654479561711 0
      vertex 78.2264679190122 7.482866306355933 0
    endloop
  endfacet
  facet normal 0.4209200421666256 -0.660712119308631 -0.6215189566707869
    outer loop
      vertex 79.125 6.4655444566227676 1.69
      vertex 78.2264679190122 7.482866306355933 0
      vertex 78.4539705882353 7.627801491172296 0
    endloop
  endfacet
  facet normal 0.36173345882621555 -0.694883509132632 -0.6215189566707855
    outer loop
      vertex 79.26041804195377 6.536038627314138 1.69
      vertex 78.4539705882353 7.627801491172296 0
      vertex 78.69323947480001 7.752356989740088 0
    endloop
  endfacet
  facet normal 0.29979386544351727 -0.7237664158699901 -0.6215189566707864
    outer loop
      vertex 79.40146474918008 6.59446208637534 1.69
      vertex 78.69323947480001 7.752356989740088 0
      vertex 78.94245359800507 7.855584859506545 0
    endloop
  endfacet
  facet normal 0.23557265972430214 -0.7471410231604704 -0.621518956670787
    outer loop
      vertex 79.5470666710706 6.64037019600587 1.69
      vertex 78.94245359800507 7.855584859506545 0
      vertex 79.1997162878933 7.936699474052052 0
    endloop
  endfacet
  facet normal 0.16955860382192448 -0.7648294361286156 -0.6215189566707868
    outer loop
      vertex 79.69611568908287 6.673413567771364 1.69
      vertex 79.1997162878933 7.936699474052052 0
      vertex 79.46306962005517 7.995083502181572 0
    endloop
  endfacet
  facet normal 0.10225410456217648 -0.7766970352711821 -0.6215189566707872
    outer loop
      vertex 79.8474774501916 6.6933407216605545 1.69
      vertex 79.46306962005517 7.995083502181572 0
      vertex 79.73050931661585 8.030292606187801 0
    endloop
  endfacet
  facet normal 0.034171389823995396 -0.7826535009928423 -0.6215189566707869
    outer loop
      vertex 80 6.7 1.69
      vertex 79.73050931661585 8.030292606187801 0
      vertex 80 8.042058823529413 0
    endloop
  endfacet
  facet normal -0.03417138982399539 -0.7826535009928421 -0.6215189566707872
    outer loop
      vertex 80.1525225498084 6.6933407216605545 1.69
      vertex 80 8.042058823529413 0
      vertex 80.26949068338415 8.030292606187801 0
    endloop
  endfacet
  facet normal -0.10225410456217653 -0.7766970352711823 -0.6215189566707868
    outer loop
      vertex 80.30388431091713 6.673413567771364 1.69
      vertex 80.26949068338415 8.030292606187801 0
      vertex 80.53693037994483 7.995083502181572 0
    endloop
  endfacet
  facet normal -0.16955860382192522 -0.7648294361286154 -0.6215189566707869
    outer loop
      vertex 80.4529333289294 6.64037019600587 1.69
      vertex 80.53693037994483 7.995083502181572 0
      vertex 80.8002837121067 7.936699474052052 0
    endloop
  endfacet
  facet normal -0.36173345882621494 -0.6948835091326313 -0.6215189566707869
    outer loop
      vertex 80.875 6.4655444566227676 1.69
      vertex 81.30676052519999 7.752356989740088 0
      vertex 81.5460294117647 7.627801491172296 0
    endloop
  endfacet
  facet normal -0.42092004216662565 -0.6607121193086308 -0.621518956670787
    outer loop
      vertex 81.00375876361433 6.383516077505735 1.69
      vertex 81.5460294117647 7.627801491172296 0
      vertex 81.7735320809878 7.482866306355933 0
    endloop
  endfacet
  facet normal -0.23557265972430227 -0.7471410231604707 -0.6215189566707864
    outer loop
      vertex 80.59853525081992 6.59446208637534 1.69
      vertex 80.8002837121067 7.936699474052052 0
      vertex 81.05754640199493 7.855584859506545 0
    endloop
  endfacet
  facet normal -0.2997938654435168 -0.723766415869991 -0.6215189566707857
    outer loop
      vertex 80.73958195804623 6.536038627314138 1.69
      vertex 81.05754640199493 7.855584859506545 0
      vertex 81.30676052519999 7.752356989740088 0
    endloop
  endfacet
  facet normal -0.660712119308614 -0.420920042166649 -0.621518956670789
    outer loop
      vertex 81.51554445662276 5.825 1.69
      vertex 82.53286630635593 6.723532080987808 0
      vertex 82.6778014911723 6.496029411764706 0
    endloop
  endfacet
  facet normal -0.5292567764042985 -0.5775824193385601 -0.6215189566707889
    outer loop
      vertex 81.23743686707645 6.187436867076459 1.69
      vertex 81.98753710018664 7.318654479561711 0
      vertex 82.18641576194536 7.136415761945345 0
    endloop
  endfacet
  facet normal -0.6215123113078027 -0.4769031698276809 -0.6215189566707867
    outer loop
      vertex 81.43351607750573 5.9537587636143305 1.69
      vertex 82.3686544795617 6.937537100186643 0
      vertex 82.53286630635593 6.723532080987808 0
    endloop
  endfacet
  facet normal -0.5775824193385819 -0.5292567764042801 -0.6215189566707843
    outer loop
      vertex 81.34057777545821 6.074878316951444 1.69
      vertex 82.18641576194536 7.136415761945345 0
      vertex 82.3686544795617 6.937537100186643 0
    endloop
  endfacet
  facet normal -0.47690316982766523 -0.6215123113078139 -0.6215189566707872
    outer loop
      vertex 81.12487831695144 6.290577775458212 1.69
      vertex 81.7735320809878 7.482866306355933 0
      vertex 81.98753710018664 7.318654479561711 0
    endloop
  endfacet
  facet normal 0.6215123113078372 -0.4769031698276342 -0.6215189566707879
    outer loop
      vertex 78.56648392249427 5.9537587636143305 1.69
      vertex 77.46713369364407 6.723532080987808 0
      vertex 78.65942222454179 6.074878316951444 1.69
    endloop
  endfacet
  facet normal 0.5775824193385322 -0.5292567764043363 -0.6215189566707827
    outer loop
      vertex 78.65942222454179 6.074878316951444 1.69
      vertex 77.6313455204383 6.937537100186643 0
      vertex 78.76256313292355 6.187436867076459 1.69
    endloop
  endfacet
  facet normal 0.5292567764043107 -0.5775824193385486 -0.6215189566707893
    outer loop
      vertex 78.76256313292355 6.187436867076459 1.69
      vertex 77.81358423805464 7.136415761945345 0
      vertex 78.87512168304856 6.290577775458212 1.69
    endloop
  endfacet
  facet normal 0.47690316982767184 -0.6215123113078086 -0.6215189566707875
    outer loop
      vertex 78.87512168304856 6.290577775458212 1.69
      vertex 78.01246289981336 7.318654479561711 0
      vertex 78.99624123638567 6.383516077505735 1.69
    endloop
  endfacet
  facet normal 0.42092004216662793 -0.6607121193086294 -0.621518956670787
    outer loop
      vertex 78.99624123638567 6.383516077505735 1.69
      vertex 78.2264679190122 7.482866306355933 0
      vertex 79.125 6.4655444566227676 1.69
    endloop
  endfacet
  facet normal 0.36173345882623525 -0.6948835091326203 -0.6215189566707873
    outer loop
      vertex 79.125 6.4655444566227676 1.69
      vertex 78.4539705882353 7.627801491172296 0
      vertex 79.26041804195377 6.536038627314138 1.69
    endloop
  endfacet
  facet normal 0.2997938654435051 -0.723766415869996 -0.6215189566707853
    outer loop
      vertex 79.26041804195377 6.536038627314138 1.69
      vertex 78.69323947480001 7.752356989740088 0
      vertex 79.40146474918008 6.59446208637534 1.69
    endloop
  endfacet
  facet normal 0.23557265972429153 -0.7471410231604745 -0.6215189566707862
    outer loop
      vertex 79.40146474918008 6.59446208637534 1.69
      vertex 78.94245359800507 7.855584859506545 0
      vertex 79.5470666710706 6.64037019600587 1.69
    endloop
  endfacet
  facet normal 0.16955860382192703 -0.7648294361286151 -0.621518956670787
    outer loop
      vertex 79.5470666710706 6.64037019600587 1.69
      vertex 79.1997162878933 7.936699474052052 0
      vertex 79.69611568908287 6.673413567771364 1.69
    endloop
  endfacet
  facet normal 0.1022541045621722 -0.7766970352711828 -0.6215189566707867
    outer loop
      vertex 79.69611568908287 6.673413567771364 1.69
      vertex 79.46306962005517 7.995083502181572 0
      vertex 79.8474774501916 6.6933407216605545 1.69
    endloop
  endfacet
  facet normal -0.3617334588262361 -0.694883509132622 -0.621518956670785
    outer loop
      vertex 80.73958195804623 6.536038627314138 1.69
      vertex 81.30676052519999 7.752356989740088 0
      vertex 80.875 6.4655444566227676 1.69
    endloop
  endfacet
  facet normal -0.5292567764043116 -0.5775824193385496 -0.6215189566707876
    outer loop
      vertex 81.23743686707645 6.187436867076459 1.69
      vertex 81.12487831695144 6.290577775458212 1.69
      vertex 81.98753710018664 7.318654479561711 0
    endloop
  endfacet
  facet normal -0.4769031698276723 -0.6215123113078092 -0.6215189566707867
    outer loop
      vertex 81.12487831695144 6.290577775458212 1.69
      vertex 81.00375876361433 6.383516077505735 1.69
      vertex 81.7735320809878 7.482866306355933 0
    endloop
  endfacet
  facet normal -0.420920042166628 -0.6607121193086295 -0.6215189566707868
    outer loop
      vertex 81.00375876361433 6.383516077505735 1.69
      vertex 80.875 6.4655444566227676 1.69
      vertex 81.5460294117647 7.627801491172296 0
    endloop
  endfacet
  facet normal 0.034171389823998845 -0.782653500992842 -0.6215189566707872
    outer loop
      vertex 79.8474774501916 6.6933407216605545 1.69
      vertex 79.73050931661585 8.030292606187801 0
      vertex 80 6.7 1.69
    endloop
  endfacet
  facet normal -0.034171389823998866 -0.7826535009928424 -0.6215189566707868
    outer loop
      vertex 80.1525225498084 6.6933407216605545 1.69
      vertex 80 6.7 1.69
      vertex 80 8.042058823529413 0
    endloop
  endfacet
  facet normal -0.16955860382192706 -0.7648294361286152 -0.6215189566707868
    outer loop
      vertex 80.30388431091713 6.673413567771364 1.69
      vertex 80.53693037994483 7.995083502181572 0
      vertex 80.4529333289294 6.64037019600587 1.69
    endloop
  endfacet
  facet normal -0.10225410456217217 -0.7766970352711825 -0.6215189566707873
    outer loop
      vertex 80.1525225498084 6.6933407216605545 1.69
      vertex 80.26949068338415 8.030292606187801 0
      vertex 80.30388431091713 6.673413567771364 1.69
    endloop
  endfacet
  facet normal -0.29979386544350467 -0.7237664158699951 -0.6215189566707866
    outer loop
      vertex 80.59853525081992 6.59446208637534 1.69
      vertex 81.05754640199493 7.855584859506545 0
      vertex 80.73958195804623 6.536038627314138 1.69
    endloop
  endfacet
  facet normal -0.23557265972429126 -0.7471410231604736 -0.6215189566707874
    outer loop
      vertex 80.4529333289294 6.64037019600587 1.69
      vertex 80.8002837121067 7.936699474052052 0
      vertex 80.59853525081992 6.59446208637534 1.69
    endloop
  endfacet
  facet normal -0.6607121193086277 -0.4209200421666301 -0.6215189566707874
    outer loop
      vertex 81.51554445662276 5.825 1.69
      vertex 81.43351607750573 5.9537587636143305 1.69
      vertex 82.53286630635593 6.723532080987808 0
    endloop
  endfacet
  facet normal -0.6215123113078408 -0.476903169827637 -0.6215189566707822
    outer loop
      vertex 81.43351607750573 5.9537587636143305 1.69
      vertex 81.34057777545821 6.074878316951444 1.69
      vertex 82.3686544795617 6.937537100186643 0
    endloop
  endfacet
  facet normal -0.5775824193385278 -0.5292567764043323 -0.6215189566707902
    outer loop
      vertex 81.34057777545821 6.074878316951444 1.69
      vertex 81.23743686707645 6.187436867076459 1.69
      vertex 82.18641576194536 7.136415761945345 0
    endloop
  endfacet
  facet normal -1 0 0
    outer loop
      vertex -57 0.3999999985098839 0.39
      vertex -57 4.390000000000001 0
      vertex -57 0.3999999985098839 0
    endloop
  endfacet
  facet normal 1 0 0
    outer loop
      vertex -63 0.3999999985098839 0
      vertex -63 4.390000000000001 0
      vertex -63 4.390000000000001 8.6
    endloop
  endfacet
  facet normal 0 -1 0
    outer loop
      vertex -63 4.390000000000001 0
      vertex -57 4.390000000000001 0
      vertex -57 4.390000000000001 8.6
    endloop
  endfacet
  facet normal 1 0 0
    outer loop
      vertex -63 0.3999999985098839 0.39
      vertex -63 0 8.6
      vertex -63 0 0.39
    endloop
  endfacet
  facet normal 1 0 0
    outer loop
      vertex -63 0.3999999985098839 0.39
      vertex -63 0.3999999985098839 0
      vertex -63 4.390000000000001 8.6
    endloop
  endfacet
  facet normal -1 0 0
    outer loop
      vertex -57 0.3999999985098839 0.39
      vertex -57 0 0.39
      vertex -57 0 8.6
    endloop
  endfacet
  facet normal -1 0 0
    outer loop
      vertex -57 0.3999999985098839 0.39
      vertex -57 0 8.6
      vertex -57 4.390000000000001 0
    endloop
  endfacet
  facet normal 1 0 0
    outer loop
      vertex -63 0.3999999985098839 0.39
      vertex -63 4.390000000000001 8.6
      vertex -63 0 8.6
    endloop
  endfacet
  facet normal -1 0 0
    outer loop
      vertex -57 4.390000000000001 8.6
      vertex -57 4.390000000000001 0
      vertex -57 0 8.6
    endloop
  endfacet
  facet normal 0 -1 0
    outer loop
      vertex -63 4.390000000000001 0
      vertex -57 4.390000000000001 8.6
      vertex -63 4.390000000000001 8.6
    endloop
  endfacet
  facet normal -1 0 0
    outer loop
      vertex 63 0.3999999985098839 0.39
      vertex 63 4.390000000000001 0
      vertex 63 0.3999999985098839 0
    endloop
  endfacet
  facet normal 1 0 0
    outer loop
      vertex 57 0.3999999985098839 0
      vertex 57 4.390000000000001 0
      vertex 57 4.390000000000001 8.6
    endloop
  endfacet
  facet normal 0 -1 0
    outer loop
      vertex 57 4.390000000000001 0
      vertex 63 4.390000000000001 0
      vertex 63 4.390000000000001 8.6
    endloop
  endfacet
  facet normal 1 0 0
    outer loop
      vertex 57 0.3999999985098839 0.39
      vertex 57 0 8.6
      vertex 57 0 0.39
    endloop
  endfacet
  facet normal 1 0 0
    outer loop
      vertex 57 0.3999999985098839 0.39
      vertex 57 0.3999999985098839 0
      vertex 57 4.390000000000001 8.6
    endloop
  endfacet
  facet normal -1 0 0
    outer loop
      vertex 63 0.3999999985098839 0.39
      vertex 63 0 0.39
      vertex 63 0 8.6
    endloop
  endfacet
  facet normal -1 0 0
    outer loop
      vertex 63 0.3999999985098839 0.39
      vertex 63 0 8.6
      vertex 63 4.390000000000001 0
    endloop
  endfacet
  facet normal 1 0 0
    outer loop
      vertex 57 0.3999999985098839 0.39
      vertex 57 4.390000000000001 8.6
      vertex 57 0 8.6
    endloop
  endfacet
  facet normal 0 -1 0
    outer loop
      vertex 57 4.390000000000001 0
      vertex 63 4.390000000000001 8.6
      vertex 57 4.390000000000001 8.6
    endloop
  endfacet
  facet normal -1 0 0
    outer loop
      vertex 63 4.390000000000001 0
      vertex 63 0 8.6
      vertex 63 4.390000000000001 8.6
    endloop
  endfacet
  facet normal 0 1 0
    outer loop
      vertex -103.95 11 2
      vertex -69.73008827765682 11 2
      vertex -103.95 11 0
    endloop
  endfacet
  facet normal 1 0 0
    outer loop
      vertex -103.95 11 2
      vertex -103.95 11 0
      vertex -103.95 91.5 2
    endloop
  endfacet
  facet normal 1 0 0
    outer loop
      vertex -103.95 11 4.3
      vertex -103.95 91.5 4.3
      vertex -103.95 11 5.2
    endloop
  endfacet
  facet normal 0 1 0
    outer loop
      vertex -69.73008827765682 11 2
      vertex 83.15044860911523 11 2
      vertex -103.95 11 0
    endloop
  endfacet
  facet normal 0 1 0
    outer loop
      vertex -103.95 11 4.3
      vertex 103.95 11 5.2
      vertex -80.83881247600276 11 4.3
    endloop
  endfacet
  facet normal 0 1 0
    outer loop
      vertex -103.95 11 4.3
      vertex -103.95 11 5.2
      vertex 103.95 11 5.2
    endloop
  endfacet
  facet normal 1 0 0
    outer loop
      vertex -103.95 91.5 2
      vertex -103.95 11 0
      vertex -103.95 91.5 0
    endloop
  endfacet
  facet normal 0 -1 0
    outer loop
      vertex -103.95 91.5 2
      vertex -103.95 91.5 0
      vertex 103.95 91.5 2
    endloop
  endfacet
  facet normal 0 -1 0
    outer loop
      vertex -103.95 91.5 4.3
      vertex 103.95 91.5 4.3
      vertex -103.95 91.5 5.2
    endloop
  endfacet
  facet normal 1 0 0
    outer loop
      vertex -103.95 11 5.2
      vertex -103.95 91.5 4.3
      vertex -103.95 91.5 5.2
    endloop
  endfacet
  facet normal 0 1 0
    outer loop
      vertex 83.15044860911523 11 2
      vertex 103.95 11 0
      vertex -103.95 11 0
    endloop
  endfacet
  facet normal 0 1 0
    outer loop
      vertex -80.83881247600276 11 4.3
      vertex 103.95 11 5.2
      vertex 103.95 11 4.3
    endloop
  endfacet
  facet normal 0 1 0
    outer loop
      vertex 83.15044860911523 11 2
      vertex 103.95 11 2
      vertex 103.95 11 0
    endloop
  endfacet
  facet normal -1 0 0
    outer loop
      vertex 103.95 11 2
      vertex 103.95 91.5 0
      vertex 103.95 11 0
    endloop
  endfacet
  facet normal -1 0 0
    outer loop
      vertex 103.95 11 4.3
      vertex 103.95 11 5.2
      vertex 103.95 91.5 5.2
    endloop
  endfacet
  facet normal 0 -1 0
    outer loop
      vertex 103.95 91.5 2
      vertex -103.95 91.5 0
      vertex 103.95 91.5 0
    endloop
  endfacet
  facet normal -1 0 0
    outer loop
      vertex 103.95 11 2
      vertex 103.95 91.5 2
      vertex 103.95 91.5 0
    endloop
  endfacet
  facet normal -1 0 0
    outer loop
      vertex 103.95 11 4.3
      vertex 103.95 91.5 5.2
      vertex 103.95 91.5 4.3
    endloop
  endfacet
  facet normal 0 -1 0
    outer loop
      vertex -103.95 91.5 5.2
      vertex 103.95 91.5 4.3
      vertex 103.95 91.5 5.2
    endloop
  endfacet
  facet normal 0 0 1
    outer loop
      vertex -104.65 10.5 5.2
      vertex -103.95 11 5.2
      vertex -104.65 92 5.2
    endloop
  endfacet
  facet normal 1 0 0
    outer loop
      vertex -104.65 10.5 5.2
      vertex -104.65 92 9.500000000000005
      vertex -104.65 10.5 9.500000000000005
    endloop
  endfacet
  facet normal 0 0 1
    outer loop
      vertex -104.65 10.5 5.2
      vertex 103.95 11 5.2
      vertex -103.95 11 5.2
    endloop
  endfacet
  facet normal 0 1 0
    outer loop
      vertex -104.65 10.5 5.2
      vertex -104.65 10.5 9.500000000000005
      vertex 104.65 10.5 5.2
    endloop
  endfacet
  facet normal 0 0 1
    outer loop
      vertex -103.95 11 5.2
      vertex -103.95 91.5 5.2
      vertex -104.65 92 5.2
    endloop
  endfacet
  facet normal 1 0 0
    outer loop
      vertex -104.65 10.5 5.2
      vertex -104.65 92 5.2
      vertex -104.65 92 9.500000000000005
    endloop
  endfacet
  facet normal 0 0 1
    outer loop
      vertex -103.95 91.5 5.2
      vertex 104.65 92 5.2
      vertex -104.65 92 5.2
    endloop
  endfacet
  facet normal 0 -1 0
    outer loop
      vertex -104.65 92 5.2
      vertex 104.65 92 9.500000000000005
      vertex -104.65 92 9.500000000000005
    endloop
  endfacet
  facet normal 0 0 1
    outer loop
      vertex -104.65 10.5 5.2
      vertex 104.65 10.5 5.2
      vertex 103.95 11 5.2
    endloop
  endfacet
  facet normal 0 1 0
    outer loop
      vertex 104.65 10.5 5.2
      vertex -104.65 10.5 9.500000000000005
      vertex 104.65 10.5 9.500000000000005
    endloop
  endfacet
  facet normal 0 0 1
    outer loop
      vertex 104.65 10.5 5.2
      vertex 103.95 91.5 5.2
      vertex 103.95 11 5.2
    endloop
  endfacet
  facet normal -1 0 0
    outer loop
      vertex 104.65 10.5 5.2
      vertex 104.65 10.5 9.500000000000005
      vertex 104.65 92 5.2
    endloop
  endfacet
  facet normal 0 0 1
    outer loop
      vertex -103.95 91.5 5.2
      vertex 103.95 91.5 5.2
      vertex 104.65 92 5.2
    endloop
  endfacet
  facet normal 0 -1 0
    outer loop
      vertex -104.65 92 5.2
      vertex 104.65 92 5.2
      vertex 104.65 92 9.500000000000005
    endloop
  endfacet
  facet normal 0 0 1
    outer loop
      vertex 104.65 10.5 5.2
      vertex 104.65 92 5.2
      vertex 103.95 91.5 5.2
    endloop
  endfacet
  facet normal -1 0 0
    outer loop
      vertex 104.65 92 5.2
      vertex 104.65 10.5 9.500000000000005
      vertex 104.65 92 9.500000000000005
    endloop
  endfacet
  facet normal 0 0 1
    outer loop
      vertex -107.95 5.5 2
      vertex -81.6597651921768 5.5 2
      vertex -81.64446208637534 5.548535250819921 2
    endloop
  endfacet
  facet normal 0 0 1
    outer loop
      vertex -107.95 5.5 2
      vertex -81.64446208637534 5.548535250819921 2
      vertex -81.58603862731414 5.689581958046224 2
    endloop
  endfacet
  facet normal 0 0 1
    outer loop
      vertex -107.95 5.5 2
      vertex -81.58603862731414 5.689581958046224 2
      vertex -81.51554445662276 5.825 2
    endloop
  endfacet
  facet normal 0 0 1
    outer loop
      vertex -107.95 5.5 2
      vertex -81.51554445662276 5.825 2
      vertex -81.43351607750573 5.9537587636143305 2
    endloop
  endfacet
  facet normal 0 0 1
    outer loop
      vertex -107.95 5.5 2
      vertex -81.43351607750573 5.9537587636143305 2
      vertex -81.34057777545821 6.074878316951444 2
    endloop
  endfacet
  facet normal 0 0 1
    outer loop
      vertex -107.95 5.5 2
      vertex -81.34057777545821 6.074878316951444 2
      vertex -81.23743686707645 6.187436867076459 2
    endloop
  endfacet
  facet normal 0 0 1
    outer loop
      vertex -107.95 5.5 2
      vertex -81.23743686707645 6.187436867076459 2
      vertex -81.12487831695144 6.290577775458212 2
    endloop
  endfacet
  facet normal 0 0 1
    outer loop
      vertex -107.95 5.5 2
      vertex -81.12487831695144 6.290577775458212 2
      vertex -81.00375876361433 6.383516077505735 2
    endloop
  endfacet
  facet normal 0 0 1
    outer loop
      vertex -107.95 5.5 2
      vertex -81.00375876361433 6.383516077505735 2
      vertex -80.875 6.4655444566227676 2
    endloop
  endfacet
  facet normal 0 0 1
    outer loop
      vertex -107.95 5.5 2
      vertex -69.73008827765682 11 2
      vertex -103.95 11 2
    endloop
  endfacet
  facet normal 0 0 1
    outer loop
      vertex -107.95 5.5 2
      vertex -80.73958195804623 6.536038627314138 2
      vertex -80.59853525081992 6.59446208637534 2
    endloop
  endfacet
  facet normal 0 0 1
    outer loop
      vertex -107.95 5.5 2
      vertex -80.875 6.4655444566227676 2
      vertex -80.73958195804623 6.536038627314138 2
    endloop
  endfacet
  facet normal 0 0 1
    outer loop
      vertex -107.95 5.5 2
      vertex -80.59853525081992 6.59446208637534 2
      vertex -80.4529333289294 6.64037019600587 2
    endloop
  endfacet
  facet normal 0 0 1
    outer loop
      vertex -107.95 5.5 2
      vertex -80.4529333289294 6.64037019600587 2
      vertex -80.30388431091713 6.673413567771364 2
    endloop
  endfacet
  facet normal 0 0 1
    outer loop
      vertex -107.95 5.5 2
      vertex -80.30388431091713 6.673413567771364 2
      vertex -80.1525225498084 6.6933407216605545 2
    endloop
  endfacet
  facet normal 0 0 1
    outer loop
      vertex -107.95 5.5 2
      vertex -80.1525225498084 6.6933407216605545 2
      vertex -80 6.7 2
    endloop
  endfacet
  facet normal 0 0 1
    outer loop
      vertex -107.95 5.5 2
      vertex -80 6.7 2
      vertex -69.73008827765682 11 2
    endloop
  endfacet
  facet normal 0 0 1
    outer loop
      vertex -80 6.7 2
      vertex -79.8474774501916 6.6933407216605545 2
      vertex -69.73008827765682 11 2
    endloop
  endfacet
  facet normal 0 0 1
    outer loop
      vertex -79.5470666710706 6.64037019600587 2
      vertex -69.73008827765682 11 2
      vertex -79.69611568908287 6.673413567771364 2
    endloop
  endfacet
  facet normal 0 0 1
    outer loop
      vertex -79.8474774501916 6.6933407216605545 2
      vertex -79.69611568908287 6.673413567771364 2
      vertex -69.73008827765682 11 2
    endloop
  endfacet
  facet normal 0 0 1
    outer loop
      vertex -79.40146474918008 6.59446208637534 2
      vertex -79.26041804195377 6.536038627314138 2
      vertex -69.73008827765682 11 2
    endloop
  endfacet
  facet normal 0 0 1
    outer loop
      vertex -78.87512168304856 6.290577775458212 2
      vertex -69.73008827765682 11 2
      vertex -78.99624123638567 6.383516077505735 2
    endloop
  endfacet
  facet normal 0 0 1
    outer loop
      vertex -79.125 6.4655444566227676 2
      vertex -78.99624123638567 6.383516077505735 2
      vertex -69.73008827765682 11 2
    endloop
  endfacet
  facet normal 0 0 1
    outer loop
      vertex -79.125 6.4655444566227676 2
      vertex -69.73008827765682 11 2
      vertex -79.26041804195377 6.536038627314138 2
    endloop
  endfacet
  facet normal 0 0 1
    outer loop
      vertex -79.5470666710706 6.64037019600587 2
      vertex -79.40146474918008 6.59446208637534 2
      vertex -69.73008827765682 11 2
    endloop
  endfacet
  facet normal 0 1 0
    outer loop
      vertex -107.95 5.5 2
      vertex -107.95 5.5 4.3
      vertex -81.6597651921768 5.5 2
    endloop
  endfacet
  facet normal 0 1 0
    outer loop
      vertex -81.6597651921768 5.5 2
      vertex -107.95 5.5 4.3
      vertex -81.6597651921768 5.5 4.3
    endloop
  endfacet
  facet normal 0 0 -1
    outer loop
      vertex -107.95 5.5 4.3
      vertex -103.95 11 4.3
      vertex -81.6597651921768 5.5 4.3
    endloop
  endfacet
  facet normal 0 0 -1
    outer loop
      vertex -103.95 11 4.3
      vertex -81.64446208637534 5.548535250819921 4.3
      vertex -81.6597651921768 5.5 4.3
    endloop
  endfacet
  facet normal 0 0 -1
    outer loop
      vertex -103.95 11 4.3
      vertex -81.58603862731414 5.689581958046224 4.3
      vertex -81.64446208637534 5.548535250819921 4.3
    endloop
  endfacet
  facet normal 0 0 -1
    outer loop
      vertex -103.95 11 4.3
      vertex -81.51554445662276 5.825 4.3
      vertex -81.58603862731414 5.689581958046224 4.3
    endloop
  endfacet
  facet normal 0 0 -1
    outer loop
      vertex -103.95 11 4.3
      vertex -81.43351607750573 5.9537587636143305 4.3
      vertex -81.51554445662276 5.825 4.3
    endloop
  endfacet
  facet normal 0 0 -1
    outer loop
      vertex -103.95 11 4.3
      vertex -81.34057777545821 6.074878316951444 4.3
      vertex -81.43351607750573 5.9537587636143305 4.3
    endloop
  endfacet
  facet normal 0 0 -1
    outer loop
      vertex -103.95 11 4.3
      vertex -81.23743686707645 6.187436867076459 4.3
      vertex -81.34057777545821 6.074878316951444 4.3
    endloop
  endfacet
  facet normal 0 0 -1
    outer loop
      vertex -103.95 11 4.3
      vertex -81.12487831695144 6.290577775458212 4.3
      vertex -81.23743686707645 6.187436867076459 4.3
    endloop
  endfacet
  facet normal 0 0 -1
    outer loop
      vertex -103.95 11 4.3
      vertex -81.00375876361433 6.383516077505735 4.3
      vertex -81.12487831695144 6.290577775458212 4.3
    endloop
  endfacet
  facet normal 0 0 -1
    outer loop
      vertex -103.95 11 4.3
      vertex -80.875 6.4655444566227676 4.3
      vertex -81.00375876361433 6.383516077505735 4.3
    endloop
  endfacet
  facet normal 0 0 -1
    outer loop
      vertex -103.95 11 4.3
      vertex -80.73958195804623 6.536038627314138 4.3
      vertex -80.875 6.4655444566227676 4.3
    endloop
  endfacet
  facet normal 0 0 -1
    outer loop
      vertex -103.95 11 4.3
      vertex -80.59853525081992 6.59446208637534 4.3
      vertex -80.73958195804623 6.536038627314138 4.3
    endloop
  endfacet
  facet normal 0 0 -1
    outer loop
      vertex -103.95 11 4.3
      vertex -80.4529333289294 6.64037019600587 4.3
      vertex -80.59853525081992 6.59446208637534 4.3
    endloop
  endfacet
  facet normal 0 0 -1
    outer loop
      vertex -103.95 11 4.3
      vertex -80.30388431091713 6.673413567771364 4.3
      vertex -80.4529333289294 6.64037019600587 4.3
    endloop
  endfacet
  facet normal 0 0 -1
    outer loop
      vertex -103.95 11 4.3
      vertex -80.1525225498084 6.6933407216605545 4.3
      vertex -80.30388431091713 6.673413567771364 4.3
    endloop
  endfacet
  facet normal 0 0 -1
    outer loop
      vertex -103.95 11 4.3
      vertex -80 6.7 4.3
      vertex -80.1525225498084 6.6933407216605545 4.3
    endloop
  endfacet
  facet normal 0 0 -1
    outer loop
      vertex -103.95 11 4.3
      vertex -79.8474774501916 6.6933407216605545 4.3
      vertex -80 6.7 4.3
    endloop
  endfacet
  facet normal 0 0 -1
    outer loop
      vertex -103.95 11 4.3
      vertex -79.69611568908287 6.673413567771364 4.3
      vertex -79.8474774501916 6.6933407216605545 4.3
    endloop
  endfacet
  facet normal 0 0 -1
    outer loop
      vertex -103.95 11 4.3
      vertex -80.83881247600276 11 4.3
      vertex -79.69611568908287 6.673413567771364 4.3
    endloop
  endfacet
  facet normal 0 0 -1
    outer loop
      vertex -79.40146474918008 6.59446208637534 4.3
      vertex -80.83881247600276 11 4.3
      vertex -79.26041804195377 6.536038627314138 4.3
    endloop
  endfacet
  facet normal 0 0 -1
    outer loop
      vertex -79.5470666710706 6.64037019600587 4.3
      vertex -79.69611568908287 6.673413567771364 4.3
      vertex -80.83881247600276 11 4.3
    endloop
  endfacet
  facet normal 0 0 -1
    outer loop
      vertex -79.5470666710706 6.64037019600587 4.3
      vertex -80.83881247600276 11 4.3
      vertex -79.40146474918008 6.59446208637534 4.3
    endloop
  endfacet
  facet normal 0 0 -1
    outer loop
      vertex -79.125 6.4655444566227676 4.3
      vertex -80.83881247600276 11 4.3
      vertex -78.99624123638567 6.383516077505735 4.3
    endloop
  endfacet
  facet normal 0 0 -1
    outer loop
      vertex -79.125 6.4655444566227676 4.3
      vertex -79.26041804195377 6.536038627314138 4.3
      vertex -80.83881247600276 11 4.3
    endloop
  endfacet
  facet normal 0 0 1
    outer loop
      vertex -107.95 5.5 2
      vertex -103.95 11 2
      vertex -107.95 97 2
    endloop
  endfacet
  facet normal 1 0 0
    outer loop
      vertex -107.95 5.5 2
      vertex -107.95 97 2
      vertex -107.95 5.5 4.3
    endloop
  endfacet
  facet normal 0 0 -1
    outer loop
      vertex -107.95 5.5 4.3
      vertex -103.95 91.5 4.3
      vertex -103.95 11 4.3
    endloop
  endfacet
  facet normal 0 0 1
    outer loop
      vertex -78.35553791362466 5.548535250819921 2
      vertex -78.3402348078232 5.5 2
      vertex 78.35553791362466 5.548535250819921 2
    endloop
  endfacet
  facet normal 0 0 1
    outer loop
      vertex -78.41396137268586 5.689581958046224 2
      vertex -78.35553791362466 5.548535250819921 2
      vertex 78.41396137268586 5.689581958046224 2
    endloop
  endfacet
  facet normal 0 0 1
    outer loop
      vertex -78.41396137268586 5.689581958046224 2
      vertex 78.48445554337724 5.825 2
      vertex -78.48445554337724 5.825 2
    endloop
  endfacet
  facet normal 0 0 1
    outer loop
      vertex -78.48445554337724 5.825 2
      vertex 78.56648392249427 5.9537587636143305 2
      vertex -78.56648392249427 5.9537587636143305 2
    endloop
  endfacet
  facet normal 0 0 1
    outer loop
      vertex -78.65942222454179 6.074878316951444 2
      vertex -78.56648392249427 5.9537587636143305 2
      vertex 78.65942222454179 6.074878316951444 2
    endloop
  endfacet
  facet normal 0 0 1
    outer loop
      vertex -78.65942222454179 6.074878316951444 2
      vertex 78.76256313292355 6.187436867076459 2
      vertex -78.76256313292355 6.187436867076459 2
    endloop
  endfacet
  facet normal 0 0 1
    outer loop
      vertex -78.87512168304856 6.290577775458212 2
      vertex -78.76256313292355 6.187436867076459 2
      vertex 78.87512168304856 6.290577775458212 2
    endloop
  endfacet
  facet normal 0 0 1
    outer loop
      vertex -78.87512168304856 6.290577775458212 2
      vertex 78.99624123638567 6.383516077505735 2
      vertex -69.73008827765682 11 2
    endloop
  endfacet
  facet normal 0 1 0
    outer loop
      vertex -78.3402348078232 5.5 2
      vertex -78.3402348078232 5.5 4.3
      vertex 78.3402348078232 5.5 2
    endloop
  endfacet
  facet normal 0 0 -1
    outer loop
      vertex -78.35553791362466 5.548535250819921 4.3
      vertex 78.35553791362466 5.548535250819921 4.3
      vertex -78.3402348078232 5.5 4.3
    endloop
  endfacet
  facet normal 0 0 -1
    outer loop
      vertex -78.41396137268586 5.689581958046224 4.3
      vertex 78.35553791362466 5.548535250819921 4.3
      vertex -78.35553791362466 5.548535250819921 4.3
    endloop
  endfacet
  facet normal 0 0 -1
    outer loop
      vertex -78.41396137268586 5.689581958046224 4.3
      vertex -78.48445554337724 5.825 4.3
      vertex 78.41396137268586 5.689581958046224 4.3
    endloop
  endfacet
  facet normal 0 0 -1
    outer loop
      vertex -78.48445554337724 5.825 4.3
      vertex -78.56648392249427 5.9537587636143305 4.3
      vertex 78.48445554337724 5.825 4.3
    endloop
  endfacet
  facet normal 0 0 -1
    outer loop
      vertex -78.65942222454179 6.074878316951444 4.3
      vertex -78.76256313292355 6.187436867076459 4.3
      vertex 78.65942222454179 6.074878316951444 4.3
    endloop
  endfacet
  facet normal 0 0 -1
    outer loop
      vertex -78.65942222454179 6.074878316951444 4.3
      vertex 78.56648392249427 5.9537587636143305 4.3
      vertex -78.56648392249427 5.9537587636143305 4.3
    endloop
  endfacet
  facet normal 0 0 -1
    outer loop
      vertex -78.87512168304856 6.290577775458212 4.3
      vertex 78.76256313292355 6.187436867076459 4.3
      vertex -78.76256313292355 6.187436867076459 4.3
    endloop
  endfacet
  facet normal 0 0 -1
    outer loop
      vertex -78.87512168304856 6.290577775458212 4.3
      vertex -78.99624123638567 6.383516077505735 4.3
      vertex 78.87512168304856 6.290577775458212 4.3
    endloop
  endfacet
  facet normal 0 0 -1
    outer loop
      vertex -78.99624123638567 6.383516077505735 4.3
      vertex -80.83881247600276 11 4.3
      vertex 78.99624123638567 6.383516077505735 4.3
    endloop
  endfacet
  facet normal 0 0 1
    outer loop
      vertex -103.95 11 2
      vertex -103.95 91.5 2
      vertex -107.95 97 2
    endloop
  endfacet
  facet normal 1 0 0
    outer loop
      vertex -107.95 5.5 4.3
      vertex -107.95 97 2
      vertex -107.95 97 4.3
    endloop
  endfacet
  facet normal 0 0 -1
    outer loop
      vertex -107.95 5.5 4.3
      vertex -107.95 97 4.3
      vertex -103.95 91.5 4.3
    endloop
  endfacet
  facet normal 0 0 1
    outer loop
      vertex -103.95 91.5 2
      vertex -102.75 97 2
      vertex -107.95 97 2
    endloop
  endfacet
  facet normal 0 0 1
    outer loop
      vertex -103.95 91.5 2
      vertex 29.357142857142843 98.39999999999999 2
      vertex -102.75 97 2
    endloop
  endfacet
  facet normal 0 0 1
    outer loop
      vertex -102.75 97 2
      vertex 29.357142857142843 98.39999999999999 2
      vertex -102.75 98.39999999999999 2
    endloop
  endfacet
  facet normal 0 0 -1
    outer loop
      vertex -103.95 91.5 4.3
      vertex -107.95 97 4.3
      vertex -102.75 97 4.3
    endloop
  endfacet
  facet normal 0 0 -1
    outer loop
      vertex -103.95 91.5 4.3
      vertex -102.75 97 4.3
      vertex -55.044642857142854 98.39999999999999 4.3
    endloop
  endfacet
  facet normal 0 0 -1
    outer loop
      vertex -102.75 97 4.3
      vertex -102.75 98.39999999999999 4.3
      vertex -55.044642857142854 98.39999999999999 4.3
    endloop
  endfacet
  facet normal 0 0 -1
    outer loop
      vertex -103.95 91.5 4.3
      vertex -55.044642857142854 98.39999999999999 4.3
      vertex 103.95 91.5 4.3
    endloop
  endfacet
  facet normal 0 0 1
    outer loop
      vertex -78.3402348078232 5.5 2
      vertex 78.3402348078232 5.5 2
      vertex 78.35553791362466 5.548535250819921 2
    endloop
  endfacet
  facet normal 0 0 1
    outer loop
      vertex -78.35553791362466 5.548535250819921 2
      vertex 78.35553791362466 5.548535250819921 2
      vertex 78.41396137268586 5.689581958046224 2
    endloop
  endfacet
  facet normal 0 0 1
    outer loop
      vertex -78.41396137268586 5.689581958046224 2
      vertex 78.41396137268586 5.689581958046224 2
      vertex 78.48445554337724 5.825 2
    endloop
  endfacet
  facet normal 0 0 1
    outer loop
      vertex -78.48445554337724 5.825 2
      vertex 78.48445554337724 5.825 2
      vertex 78.56648392249427 5.9537587636143305 2
    endloop
  endfacet
  facet normal 0 0 1
    outer loop
      vertex -78.56648392249427 5.9537587636143305 2
      vertex 78.56648392249427 5.9537587636143305 2
      vertex 78.65942222454179 6.074878316951444 2
    endloop
  endfacet
  facet normal 0 0 1
    outer loop
      vertex -78.65942222454179 6.074878316951444 2
      vertex 78.65942222454179 6.074878316951444 2
      vertex 78.76256313292355 6.187436867076459 2
    endloop
  endfacet
  facet normal 0 0 1
    outer loop
      vertex -78.76256313292355 6.187436867076459 2
      vertex 78.76256313292355 6.187436867076459 2
      vertex 78.87512168304856 6.290577775458212 2
    endloop
  endfacet
  facet normal 0 0 1
    outer loop
      vertex -78.87512168304856 6.290577775458212 2
      vertex 78.87512168304856 6.290577775458212 2
      vertex 78.99624123638567 6.383516077505735 2
    endloop
  endfacet
  facet normal 0 0 1
    outer loop
      vertex -69.73008827765682 11 2
      vertex 78.99624123638567 6.383516077505735 2
      vertex 83.15044860911523 11 2
    endloop
  endfacet
  facet normal 0 1 0
    outer loop
      vertex -78.3402348078232 5.5 4.3
      vertex 78.3402348078232 5.5 4.3
      vertex 78.3402348078232 5.5 2
    endloop
  endfacet
  facet normal 0 0 -1
    outer loop
      vertex -78.3402348078232 5.5 4.3
      vertex 78.35553791362466 5.548535250819921 4.3
      vertex 78.3402348078232 5.5 4.3
    endloop
  endfacet
  facet normal 0 0 -1
    outer loop
      vertex -78.41396137268586 5.689581958046224 4.3
      vertex 78.41396137268586 5.689581958046224 4.3
      vertex 78.35553791362466 5.548535250819921 4.3
    endloop
  endfacet
  facet normal 0 0 -1
    outer loop
      vertex -78.48445554337724 5.825 4.3
      vertex 78.48445554337724 5.825 4.3
      vertex 78.41396137268586 5.689581958046224 4.3
    endloop
  endfacet
  facet normal 0 0 -1
    outer loop
      vertex -78.56648392249427 5.9537587636143305 4.3
      vertex 78.56648392249427 5.9537587636143305 4.3
      vertex 78.48445554337724 5.825 4.3
    endloop
  endfacet
  facet normal 0 0 -1
    outer loop
      vertex -78.65942222454179 6.074878316951444 4.3
      vertex 78.65942222454179 6.074878316951444 4.3
      vertex 78.56648392249427 5.9537587636143305 4.3
    endloop
  endfacet
  facet normal 0 0 -1
    outer loop
      vertex -78.76256313292355 6.187436867076459 4.3
      vertex 78.76256313292355 6.187436867076459 4.3
      vertex 78.65942222454179 6.074878316951444 4.3
    endloop
  endfacet
  facet normal 0 0 -1
    outer loop
      vertex -78.87512168304856 6.290577775458212 4.3
      vertex 78.87512168304856 6.290577775458212 4.3
      vertex 78.76256313292355 6.187436867076459 4.3
    endloop
  endfacet
  facet normal 0 0 -1
    outer loop
      vertex -78.99624123638567 6.383516077505735 4.3
      vertex 78.99624123638567 6.383516077505735 4.3
      vertex 78.87512168304856 6.290577775458212 4.3
    endloop
  endfacet
  facet normal 0 0 -1
    outer loop
      vertex -80.83881247600276 11 4.3
      vertex 79.125 6.4655444566227676 4.3
      vertex 78.99624123638567 6.383516077505735 4.3
    endloop
  endfacet
  facet normal 0 0 -1
    outer loop
      vertex -80.83881247600276 11 4.3
      vertex 79.26041804195377 6.536038627314138 4.3
      vertex 79.125 6.4655444566227676 4.3
    endloop
  endfacet
  facet normal 0 0 -1
    outer loop
      vertex -80.83881247600276 11 4.3
      vertex 79.40146474918008 6.59446208637534 4.3
      vertex 79.26041804195377 6.536038627314138 4.3
    endloop
  endfacet
  facet normal 0 0 -1
    outer loop
      vertex -80.83881247600276 11 4.3
      vertex 79.5470666710706 6.64037019600587 4.3
      vertex 79.40146474918008 6.59446208637534 4.3
    endloop
  endfacet
  facet normal 0 0 -1
    outer loop
      vertex -80.83881247600276 11 4.3
      vertex 79.69611568908287 6.673413567771364 4.3
      vertex 79.5470666710706 6.64037019600587 4.3
    endloop
  endfacet
  facet normal 0 0 -1
    outer loop
      vertex -80.83881247600276 11 4.3
      vertex 79.8474774501916 6.6933407216605545 4.3
      vertex 79.69611568908287 6.673413567771364 4.3
    endloop
  endfacet
  facet normal 0 0 -1
    outer loop
      vertex -80.83881247600276 11 4.3
      vertex 80 6.7 4.3
      vertex 79.8474774501916 6.6933407216605545 4.3
    endloop
  endfacet
  facet normal 0 0 -1
    outer loop
      vertex -80.83881247600276 11 4.3
      vertex 103.95 11 4.3
      vertex 80 6.7 4.3
    endloop
  endfacet
  facet normal 0 0 1
    outer loop
      vertex 81.64446208637534 5.548535250819921 2
      vertex 83.15044860911523 11 2
      vertex 81.58603862731414 5.689581958046224 2
    endloop
  endfacet
  facet normal 0 0 1
    outer loop
      vertex 81.64446208637534 5.548535250819921 2
      vertex 81.6597651921768 5.5 2
      vertex 83.15044860911523 11 2
    endloop
  endfacet
  facet normal 0 0 1
    outer loop
      vertex 81.51554445662276 5.825 2
      vertex 81.58603862731414 5.689581958046224 2
      vertex 83.15044860911523 11 2
    endloop
  endfacet
  facet normal 0 0 1
    outer loop
      vertex 81.51554445662276 5.825 2
      vertex 83.15044860911523 11 2
      vertex 81.43351607750573 5.9537587636143305 2
    endloop
  endfacet
  facet normal 0 0 1
    outer loop
      vertex 81.43351607750573 5.9537587636143305 2
      vertex 83.15044860911523 11 2
      vertex 81.34057777545821 6.074878316951444 2
    endloop
  endfacet
  facet normal 0 0 1
    outer loop
      vertex 78.99624123638567 6.383516077505735 2
      vertex 79.125 6.4655444566227676 2
      vertex 83.15044860911523 11 2
    endloop
  endfacet
  facet normal 0 0 1
    outer loop
      vertex 79.125 6.4655444566227676 2
      vertex 79.26041804195377 6.536038627314138 2
      vertex 83.15044860911523 11 2
    endloop
  endfacet
  facet normal 0 0 1
    outer loop
      vertex 79.26041804195377 6.536038627314138 2
      vertex 79.40146474918008 6.59446208637534 2
      vertex 83.15044860911523 11 2
    endloop
  endfacet
  facet normal 0 0 1
    outer loop
      vertex 79.40146474918008 6.59446208637534 2
      vertex 79.5470666710706 6.64037019600587 2
      vertex 83.15044860911523 11 2
    endloop
  endfacet
  facet normal 0 0 1
    outer loop
      vertex 79.5470666710706 6.64037019600587 2
      vertex 79.69611568908287 6.673413567771364 2
      vertex 83.15044860911523 11 2
    endloop
  endfacet
  facet normal 0 0 1
    outer loop
      vertex 79.69611568908287 6.673413567771364 2
      vertex 79.8474774501916 6.6933407216605545 2
      vertex 83.15044860911523 11 2
    endloop
  endfacet
  facet normal 0 0 1
    outer loop
      vertex 79.8474774501916 6.6933407216605545 2
      vertex 80 6.7 2
      vertex 83.15044860911523 11 2
    endloop
  endfacet
  facet normal 0 0 1
    outer loop
      vertex 80.1525225498084 6.6933407216605545 2
      vertex 80.30388431091713 6.673413567771364 2
      vertex 83.15044860911523 11 2
    endloop
  endfacet
  facet normal 0 0 1
    outer loop
      vertex 80.1525225498084 6.6933407216605545 2
      vertex 83.15044860911523 11 2
      vertex 80 6.7 2
    endloop
  endfacet
  facet normal 0 0 1
    outer loop
      vertex 80.4529333289294 6.64037019600587 2
      vertex 80.59853525081992 6.59446208637534 2
      vertex 83.15044860911523 11 2
    endloop
  endfacet
  facet normal 0 0 1
    outer loop
      vertex 80.30388431091713 6.673413567771364 2
      vertex 80.4529333289294 6.64037019600587 2
      vertex 83.15044860911523 11 2
    endloop
  endfacet
  facet normal 0 0 1
    outer loop
      vertex 81.34057777545821 6.074878316951444 2
      vertex 83.15044860911523 11 2
      vertex 81.23743686707645 6.187436867076459 2
    endloop
  endfacet
  facet normal 0 0 1
    outer loop
      vertex 81.23743686707645 6.187436867076459 2
      vertex 83.15044860911523 11 2
      vertex 81.12487831695144 6.290577775458212 2
    endloop
  endfacet
  facet normal 0 0 1
    outer loop
      vertex 81.00375876361433 6.383516077505735 2
      vertex 83.15044860911523 11 2
      vertex 80.875 6.4655444566227676 2
    endloop
  endfacet
  facet normal 0 0 1
    outer loop
      vertex 80.59853525081992 6.59446208637534 2
      vertex 80.73958195804623 6.536038627314138 2
      vertex 83.15044860911523 11 2
    endloop
  endfacet
  facet normal 0 0 1
    outer loop
      vertex 80.73958195804623 6.536038627314138 2
      vertex 80.875 6.4655444566227676 2
      vertex 83.15044860911523 11 2
    endloop
  endfacet
  facet normal 0 0 1
    outer loop
      vertex 81.12487831695144 6.290577775458212 2
      vertex 83.15044860911523 11 2
      vertex 81.00375876361433 6.383516077505735 2
    endloop
  endfacet
  facet normal 0 0 1
    outer loop
      vertex 81.6597651921768 5.5 2
      vertex 103.95 11 2
      vertex 83.15044860911523 11 2
    endloop
  endfacet
  facet normal 0 0 1
    outer loop
      vertex 81.6597651921768 5.5 2
      vertex 107.95 5.5 2
      vertex 103.95 11 2
    endloop
  endfacet
  facet normal 0 1 0
    outer loop
      vertex 81.6597651921768 5.5 2
      vertex 81.6597651921768 5.5 4.3
      vertex 107.95 5.5 2
    endloop
  endfacet
  facet normal 0 1 0
    outer loop
      vertex 107.95 5.5 2
      vertex 81.6597651921768 5.5 4.3
      vertex 107.95 5.5 4.3
    endloop
  endfacet
  facet normal 0 0 -1
    outer loop
      vertex 81.23743686707645 6.187436867076459 4.3
      vertex 81.12487831695144 6.290577775458212 4.3
      vertex 107.95 5.5 4.3
    endloop
  endfacet
  facet normal 0 0 -1
    outer loop
      vertex 81.12487831695144 6.290577775458212 4.3
      vertex 81.00375876361433 6.383516077505735 4.3
      vertex 107.95 5.5 4.3
    endloop
  endfacet
  facet normal 0 0 -1
    outer loop
      vertex 81.00375876361433 6.383516077505735 4.3
      vertex 80.875 6.4655444566227676 4.3
      vertex 107.95 5.5 4.3
    endloop
  endfacet
  facet normal 0 0 -1
    outer loop
      vertex 81.64446208637534 5.548535250819921 4.3
      vertex 107.95 5.5 4.3
      vertex 81.6597651921768 5.5 4.3
    endloop
  endfacet
  facet normal 0 0 -1
    outer loop
      vertex 81.51554445662276 5.825 4.3
      vertex 107.95 5.5 4.3
      vertex 81.58603862731414 5.689581958046224 4.3
    endloop
  endfacet
  facet normal 0 0 -1
    outer loop
      vertex 81.51554445662276 5.825 4.3
      vertex 81.43351607750573 5.9537587636143305 4.3
      vertex 107.95 5.5 4.3
    endloop
  endfacet
  facet normal 0 0 -1
    outer loop
      vertex 81.64446208637534 5.548535250819921 4.3
      vertex 81.58603862731414 5.689581958046224 4.3
      vertex 107.95 5.5 4.3
    endloop
  endfacet
  facet normal 0 0 -1
    outer loop
      vertex 81.43351607750573 5.9537587636143305 4.3
      vertex 81.34057777545821 6.074878316951444 4.3
      vertex 107.95 5.5 4.3
    endloop
  endfacet
  facet normal 0 0 -1
    outer loop
      vertex 81.34057777545821 6.074878316951444 4.3
      vertex 81.23743686707645 6.187436867076459 4.3
      vertex 107.95 5.5 4.3
    endloop
  endfacet
  facet normal 0 0 -1
    outer loop
      vertex 80.1525225498084 6.6933407216605545 4.3
      vertex 80 6.7 4.3
      vertex 107.95 5.5 4.3
    endloop
  endfacet
  facet normal 0 0 -1
    outer loop
      vertex 80.1525225498084 6.6933407216605545 4.3
      vertex 107.95 5.5 4.3
      vertex 80.30388431091713 6.673413567771364 4.3
    endloop
  endfacet
  facet normal 0 0 -1
    outer loop
      vertex 80.4529333289294 6.64037019600587 4.3
      vertex 107.95 5.5 4.3
      vertex 80.59853525081992 6.59446208637534 4.3
    endloop
  endfacet
  facet normal 0 0 -1
    outer loop
      vertex 80.30388431091713 6.673413567771364 4.3
      vertex 107.95 5.5 4.3
      vertex 80.4529333289294 6.64037019600587 4.3
    endloop
  endfacet
  facet normal 0 0 -1
    outer loop
      vertex 80.59853525081992 6.59446208637534 4.3
      vertex 107.95 5.5 4.3
      vertex 80.73958195804623 6.536038627314138 4.3
    endloop
  endfacet
  facet normal 0 0 -1
    outer loop
      vertex 80.73958195804623 6.536038627314138 4.3
      vertex 107.95 5.5 4.3
      vertex 80.875 6.4655444566227676 4.3
    endloop
  endfacet
  facet normal 0 0 -1
    outer loop
      vertex 80 6.7 4.3
      vertex 103.95 11 4.3
      vertex 107.95 5.5 4.3
    endloop
  endfacet
  facet normal 0 0 1
    outer loop
      vertex 107.95 5.5 2
      vertex 103.95 91.5 2
      vertex 103.95 11 2
    endloop
  endfacet
  facet normal -1 0 0
    outer loop
      vertex 107.95 5.5 2
      vertex 107.95 5.5 4.3
      vertex 107.95 97 4.3
    endloop
  endfacet
  facet normal 0 0 -1
    outer loop
      vertex 107.95 5.5 4.3
      vertex 103.95 11 4.3
      vertex 107.95 97 4.3
    endloop
  endfacet
  facet normal 0 0 1
    outer loop
      vertex -103.95 91.5 2
      vertex 103.95 91.5 2
      vertex 29.357142857142843 98.39999999999999 2
    endloop
  endfacet
  facet normal 0 0 -1
    outer loop
      vertex 103.95 91.5 4.3
      vertex -55.044642857142854 98.39999999999999 4.3
      vertex 102.75 97 4.3
    endloop
  endfacet
  facet normal 0 0 -1
    outer loop
      vertex 102.75 98.39999999999999 4.3
      vertex 102.75 97 4.3
      vertex -55.044642857142854 98.39999999999999 4.3
    endloop
  endfacet
  facet normal 0 0 1
    outer loop
      vertex 107.95 5.5 2
      vertex 107.95 97 2
      vertex 103.95 91.5 2
    endloop
  endfacet
  facet normal -1 0 0
    outer loop
      vertex 107.95 5.5 2
      vertex 107.95 97 4.3
      vertex 107.95 97 2
    endloop
  endfacet
  facet normal 0 0 -1
    outer loop
      vertex 103.95 11 4.3
      vertex 103.95 91.5 4.3
      vertex 107.95 97 4.3
    endloop
  endfacet
  facet normal 0 0 1
    outer loop
      vertex 103.95 91.5 2
      vertex 102.75 97 2
      vertex 29.357142857142843 98.39999999999999 2
    endloop
  endfacet
  facet normal 0 0 1
    outer loop
      vertex 29.357142857142843 98.39999999999999 2
      vertex 102.75 97 2
      vertex 102.75 98.39999999999999 2
    endloop
  endfacet
  facet normal 0 0 1
    outer loop
      vertex 103.95 91.5 2
      vertex 107.95 97 2
      vertex 102.75 97 2
    endloop
  endfacet
  facet normal 0 0 -1
    outer loop
      vertex 103.95 91.5 4.3
      vertex 102.75 97 4.3
      vertex 107.95 97 4.3
    endloop
  endfacet
  facet normal 0 -1 0
    outer loop
      vertex -110.54999999701977 0.3999999985098839 0.39
      vertex -110.54999999701977 0.3999999985098839 0
      vertex -63 0.3999999985098839 0
    endloop
  endfacet
  facet normal 0 0 -1
    outer loop
      vertex -110.54999999701977 0.3999999985098839 0.39
      vertex -63 0 0.39
      vertex -110.95 0 0.39
    endloop
  endfacet
  facet normal 0 -1 0
    outer loop
      vertex -110.54999999701977 0.3999999985098839 0.39
      vertex -63 0.3999999985098839 0
      vertex -63 0.3999999985098839 0.39
    endloop
  endfacet
  facet normal 0 0 -1
    outer loop
      vertex -110.54999999701977 0.3999999985098839 0.39
      vertex -63 0.3999999985098839 0.39
      vertex -63 0 0.39
    endloop
  endfacet
  facet normal -1 0 0
    outer loop
      vertex -110.54999999701977 0.3999999985098839 0.39
      vertex -110.54999999701977 96.60000000149012 0.39
      vertex -110.54999999701977 0.3999999985098839 0
    endloop
  endfacet
  facet normal 0 0 -1
    outer loop
      vertex -110.54999999701977 0.3999999985098839 0.39
      vertex -110.95 0 0.39
      vertex -110.54999999701977 96.60000000149012 0.39
    endloop
  endfacet
  facet normal 0 -1 0
    outer loop
      vertex -57 0.3999999985098839 0.39
      vertex -57 0.3999999985098839 0
      vertex 57 0.3999999985098839 0.39
    endloop
  endfacet
  facet normal 0 0 -1
    outer loop
      vertex -57 0.3999999985098839 0.39
      vertex 57 0 0.39
      vertex -57 0 0.39
    endloop
  endfacet
  facet normal -1 0 0
    outer loop
      vertex -110.54999999701977 96.60000000149012 0.39
      vertex -110.54999999701977 96.60000000149012 0
      vertex -110.54999999701977 0.3999999985098839 0
    endloop
  endfacet
  facet normal 0 0 -1
    outer loop
      vertex -110.54999999701977 96.60000000149012 0.39
      vertex -110.95 0 0.39
      vertex -110.95 97 0.39
    endloop
  endfacet
  facet normal 0 0 -1
    outer loop
      vertex -110.54999999701977 96.60000000149012 0.39
      vertex -110.95 97 0.39
      vertex -102.75 97 0.39
    endloop
  endfacet
  facet normal 0 0 -1
    outer loop
      vertex -110.54999999701977 96.60000000149012 0.39
      vertex -102.75 97 0.39
      vertex 35.05000003868835 98.39999999999999 0.39
    endloop
  endfacet
  facet normal 0 0 -1
    outer loop
      vertex -102.75 97 0.39
      vertex -102.75 98.39999999999999 0.39
      vertex 35.05000003868835 98.39999999999999 0.39
    endloop
  endfacet
  facet normal 0 1 0
    outer loop
      vertex -110.54999999701977 96.60000000149012 0.39
      vertex 110.54999999701977 96.60000000149012 0.39
      vertex -110.54999999701977 96.60000000149012 0
    endloop
  endfacet
  facet normal 0 -1 0
    outer loop
      vertex 57 0.3999999985098839 0.39
      vertex -57 0.3999999985098839 0
      vertex 57 0.3999999985098839 0
    endloop
  endfacet
  facet normal 0 0 -1
    outer loop
      vertex -57 0.3999999985098839 0.39
      vertex 57 0.3999999985098839 0.39
      vertex 57 0 0.39
    endloop
  endfacet
  facet normal 0 -1 0
    outer loop
      vertex 63 0.3999999985098839 0.39
      vertex 63 0.3999999985098839 0
      vertex 110.54999999701977 0.3999999985098839 0
    endloop
  endfacet
  facet normal 0 0 -1
    outer loop
      vertex 63 0.3999999985098839 0.39
      vertex 110.95 0 0.39
      vertex 63 0 0.39
    endloop
  endfacet
  facet normal 0 -1 0
    outer loop
      vertex 63 0.3999999985098839 0.39
      vertex 110.54999999701977 0.3999999985098839 0
      vertex 110.54999999701977 0.3999999985098839 0.39
    endloop
  endfacet
  facet normal 0 0 -1
    outer loop
      vertex 63 0.3999999985098839 0.39
      vertex 110.54999999701977 0.3999999985098839 0.39
      vertex 110.95 0 0.39
    endloop
  endfacet
  facet normal 1 0 0
    outer loop
      vertex 110.54999999701977 0.3999999985098839 0.39
      vertex 110.54999999701977 0.3999999985098839 0
      vertex 110.54999999701977 96.60000000149012 0.39
    endloop
  endfacet
  facet normal 0 0 -1
    outer loop
      vertex 110.54999999701977 0.3999999985098839 0.39
      vertex 110.95 97 0.39
      vertex 110.95 0 0.39
    endloop
  endfacet
  facet normal 0 0 -1
    outer loop
      vertex -110.54999999701977 96.60000000149012 0.39
      vertex 35.05000003868835 98.39999999999999 0.39
      vertex 110.54999999701977 96.60000000149012 0.39
    endloop
  endfacet
  facet normal 0 1 0
    outer loop
      vertex 110.54999999701977 96.60000000149012 0.39
      vertex 110.54999999701977 96.60000000149012 0
      vertex -110.54999999701977 96.60000000149012 0
    endloop
  endfacet
  facet normal 1 0 0
    outer loop
      vertex 110.54999999701977 96.60000000149012 0.39
      vertex 110.54999999701977 0.3999999985098839 0
      vertex 110.54999999701977 96.60000000149012 0
    endloop
  endfacet
  facet normal 0 0 -1
    outer loop
      vertex 110.54999999701977 0.3999999985098839 0.39
      vertex 110.54999999701977 96.60000000149012 0.39
      vertex 110.95 97 0.39
    endloop
  endfacet
  facet normal 0 0 -1
    outer loop
      vertex 35.05000003868835 98.39999999999999 0.39
      vertex 102.75 98.39999999999999 0.39
      vertex 102.75 97 0.39
    endloop
  endfacet
  facet normal 0 0 -1
    outer loop
      vertex 110.54999999701977 96.60000000149012 0.39
      vertex 35.05000003868835 98.39999999999999 0.39
      vertex 102.75 97 0.39
    endloop
  endfacet
  facet normal 0 0 -1
    outer loop
      vertex 110.54999999701977 96.60000000149012 0.39
      vertex 102.75 97 0.39
      vertex 110.95 97 0.39
    endloop
  endfacet
endsolid OpenSCAD_Model
