solid OpenSCAD_Model
  facet normal 0 -1 0
    outer loop
      vertex -23.8 -34 2.980232949312267e-9
      vertex -23.38461538514442 -34 1.8000000000000007
      vertex -23.8 -34 7.800000000000001
    endloop
  endfacet
  facet normal 0 -1 0
    outer loop
      vertex -23.38461538514442 -34 1.8000000000000007
      vertex -22 -34 1.8000000000000007
      vertex -22 -34 7.800000000000001
    endloop
  endfacet
  facet normal 0 -1 0
    outer loop
      vertex -23.38461538514442 -34 1.8000000000000007
      vertex -22 -34 7.800000000000001
      vertex -23.8 -34 7.800000000000001
    endloop
  endfacet
  facet normal -1 0 0
    outer loop
      vertex -23.8 -34 2.980232949312267e-9
      vertex -23.8 -34 7.800000000000001
      vertex -23.8 -0.8999999985098839 39.8
    endloop
  endfacet
  facet normal 1 0 0
    outer loop
      vertex -22 -34 1.8000000000000007
      vertex -22 -4.5 33.02967310994863
      vertex -22 -34 7.800000000000001
    endloop
  endfacet
  facet normal 0 -0.695059523707145 0.7189521948669443
    outer loop
      vertex -23.8 -34 7.800000000000001
      vertex -22 -34 7.800000000000001
      vertex -22 -4.5 36.31963746095174
    endloop
  endfacet
  facet normal -1 0 0
    outer loop
      vertex -23.8 -34 2.980232949312267e-9
      vertex -23.8 -2.294305745404184 6.523391822844033
      vertex -23.8 -2 6.335898384862246
    endloop
  endfacet
  facet normal -1 0 0
    outer loop
      vertex -23.8 -34 2.980232949312267e-9
      vertex -23.8 -2.8284271247461903 6.971572875253811
      vertex -23.8 -2.571150438746157 6.735822227524089
    endloop
  endfacet
  facet normal -1 0 0
    outer loop
      vertex -23.8 -34 2.980232949312267e-9
      vertex -23.8 -2.571150438746157 6.735822227524089
      vertex -23.8 -2.294305745404184 6.523391822844033
    endloop
  endfacet
  facet normal -1 0 0
    outer loop
      vertex -23.8 -34 2.980232949312267e-9
      vertex -23.8 -3.064177772475912 7.228849561253844
      vertex -23.8 -2.8284271247461903 6.971572875253811
    endloop
  endfacet
  facet normal -1 0 0
    outer loop
      vertex -23.8 -34 2.980232949312267e-9
      vertex -23.8 -3.276608177155967 7.5056942545958165
      vertex -23.8 -3.064177772475912 7.228849561253844
    endloop
  endfacet
  facet normal -1 0 0
    outer loop
      vertex -23.8 -34 2.980232949312267e-9
      vertex -23.8 -3.4641016151377544 7.800000000000001
      vertex -23.8 -3.276608177155967 7.5056942545958165
    endloop
  endfacet
  facet normal -1 0 0
    outer loop
      vertex -23.8 -34 2.980232949312267e-9
      vertex -23.8 -3.6252311481465997 8.109526953037204
      vertex -23.8 -3.4641016151377544 7.800000000000001
    endloop
  endfacet
  facet normal 1 0 0
    outer loop
      vertex -22 -34 1.8000000000000007
      vertex -22 -2.8284271247461903 6.971572875253811
      vertex -22 -3.064177772475912 7.228849561253844
    endloop
  endfacet
  facet normal 1 0 0
    outer loop
      vertex -22 -34 1.8000000000000007
      vertex -22 -2 6.335898384862246
      vertex -22 -2.294305745404184 6.523391822844033
    endloop
  endfacet
  facet normal 1 0 0
    outer loop
      vertex -22 -34 1.8000000000000007
      vertex -22 -2.571150438746157 6.735822227524089
      vertex -22 -2.8284271247461903 6.971572875253811
    endloop
  endfacet
  facet normal 1 0 0
    outer loop
      vertex -22 -34 1.8000000000000007
      vertex -22 -2.294305745404184 6.523391822844033
      vertex -22 -2.571150438746157 6.735822227524089
    endloop
  endfacet
  facet normal -1 0 0
    outer loop
      vertex -23.8 -34 2.980232949312267e-9
      vertex -23.8 -1.3680805733026749 6.041229516856367
      vertex -23.8 -1.035276180410083 5.936296694843728
    endloop
  endfacet
  facet normal -1 0 0
    outer loop
      vertex -23.8 -34 2.980232949312267e-9
      vertex -23.8 -1.035276180410083 5.936296694843728
      vertex -23.8 -0.6945927106677213 5.860768987951168
    endloop
  endfacet
  facet normal -1 0 0
    outer loop
      vertex -23.8 -34 2.980232949312267e-9
      vertex -23.8 -0.6945927106677213 5.860768987951168
      vertex -23.8 0 5.557359310984612
    endloop
  endfacet
  facet normal -1 0 0
    outer loop
      vertex -23.8 -34 2.980232949312267e-9
      vertex -23.8 -2 6.335898384862246
      vertex -23.8 -1.6904730469627978 6.1747688518534005
    endloop
  endfacet
  facet normal -1 0 0
    outer loop
      vertex -23.8 -34 2.980232949312267e-9
      vertex -23.8 -1.6904730469627978 6.1747688518534005
      vertex -23.8 -1.3680805733026749 6.041229516856367
    endloop
  endfacet
  facet normal 1 0 0
    outer loop
      vertex -22 -34 1.8000000000000007
      vertex -22 -0.9 1.8000000000000007
      vertex -22 -1.035276180410083 5.936296694843728
    endloop
  endfacet
  facet normal 1 0 0
    outer loop
      vertex -22 -34 1.8000000000000007
      vertex -22 -1.3680805733026749 6.041229516856367
      vertex -22 -1.6904730469627978 6.1747688518534005
    endloop
  endfacet
  facet normal 1 0 0
    outer loop
      vertex -22 -34 1.8000000000000007
      vertex -22 -1.035276180410083 5.936296694843728
      vertex -22 -1.3680805733026749 6.041229516856367
    endloop
  endfacet
  facet normal 1 0 0
    outer loop
      vertex -22 -34 1.8000000000000007
      vertex -22 -1.6904730469627978 6.1747688518534005
      vertex -22 -2 6.335898384862246
    endloop
  endfacet
  facet normal -1 0 0
    outer loop
      vertex -23.8 -34 2.980232949312267e-9
      vertex -23.8 -3.8637033051562732 8.764723819589918
      vertex -23.8 -3.7587704831436337 8.431919426697325
    endloop
  endfacet
  facet normal -1 0 0
    outer loop
      vertex -23.8 -34 2.980232949312267e-9
      vertex -23.8 -3.939231012048832 9.105407289332279
      vertex -23.8 -3.8637033051562732 8.764723819589918
    endloop
  endfacet
  facet normal -1 0 0
    outer loop
      vertex -23.8 -34 2.980232949312267e-9
      vertex -23.8 -3.984778792366982 9.451377029009368
      vertex -23.8 -3.939231012048832 9.105407289332279
    endloop
  endfacet
  facet normal -1 0 0
    outer loop
      vertex -23.8 -34 2.980232949312267e-9
      vertex -23.8 -4 9.8
      vertex -23.8 -3.984778792366982 9.451377029009368
    endloop
  endfacet
  facet normal -1 0 0
    outer loop
      vertex -23.8 -34 2.980232949312267e-9
      vertex -23.8 -3.984778792366982 10.148622970990633
      vertex -23.8 -4 9.8
    endloop
  endfacet
  facet normal -1 0 0
    outer loop
      vertex -23.8 -34 2.980232949312267e-9
      vertex -23.8 -3.7587704831436337 8.431919426697325
      vertex -23.8 -3.6252311481465997 8.109526953037204
    endloop
  endfacet
  facet normal -1 0 0
    outer loop
      vertex -23.8 -34 2.980232949312267e-9
      vertex -23.8 -3.939231012048832 10.494592710667723
      vertex -23.8 -3.984778792366982 10.148622970990633
    endloop
  endfacet
  facet normal 1 0 0
    outer loop
      vertex -22 -34 1.8000000000000007
      vertex -22 -3.7587704831436337 8.431919426697325
      vertex -22 -3.8637033051562732 8.764723819589918
    endloop
  endfacet
  facet normal 1 0 0
    outer loop
      vertex -22 -34 1.8000000000000007
      vertex -22 -3.8637033051562732 8.764723819589918
      vertex -22 -3.939231012048832 9.105407289332279
    endloop
  endfacet
  facet normal 1 0 0
    outer loop
      vertex -22 -34 1.8000000000000007
      vertex -22 -3.064177772475912 7.228849561253844
      vertex -22 -3.276608177155967 7.5056942545958165
    endloop
  endfacet
  facet normal 1 0 0
    outer loop
      vertex -22 -34 1.8000000000000007
      vertex -22 -3.276608177155967 7.5056942545958165
      vertex -22 -3.4641016151377544 7.800000000000001
    endloop
  endfacet
  facet normal 1 0 0
    outer loop
      vertex -22 -34 1.8000000000000007
      vertex -22 -3.4641016151377544 7.800000000000001
      vertex -22 -3.6252311481465997 8.109526953037204
    endloop
  endfacet
  facet normal 1 0 0
    outer loop
      vertex -22 -34 1.8000000000000007
      vertex -22 -3.6252311481465997 8.109526953037204
      vertex -22 -3.7587704831436337 8.431919426697325
    endloop
  endfacet
  facet normal 1 0 0
    outer loop
      vertex -22 -34 1.8000000000000007
      vertex -22 -3.939231012048832 9.105407289332279
      vertex -22 -3.984778792366982 9.451377029009368
    endloop
  endfacet
  facet normal 1 0 0
    outer loop
      vertex -22 -34 1.8000000000000007
      vertex -22 -3.984778792366982 9.451377029009368
      vertex -22 -4 9.8
    endloop
  endfacet
  facet normal 1 0 0
    outer loop
      vertex -22 -34 1.8000000000000007
      vertex -22 -4 9.8
      vertex -22 -3.984778792366982 10.148622970990633
    endloop
  endfacet
  facet normal 1 0 0
    outer loop
      vertex -22 -34 1.8000000000000007
      vertex -22 -3.984778792366982 10.148622970990633
      vertex -22 -3.939231012048832 10.494592710667723
    endloop
  endfacet
  facet normal 1 0 0
    outer loop
      vertex -22 -0.9 1.8000000000000007
      vertex -22 -0.9 5.906306687664088
      vertex -22 -1.035276180410083 5.936296694843728
    endloop
  endfacet
  facet normal -1 0 0
    outer loop
      vertex -23.8 -0.6945927106677213 5.860768987951168
      vertex -23.8 -0.34862297099063266 5.8152212076330185
      vertex -23.8 0 5.557359310984612
    endloop
  endfacet
  facet normal -1 0 0
    outer loop
      vertex -23.8 -0.34862297099063266 5.8152212076330185
      vertex -23.8 -0.25371826782159357 5.811077578806206
      vertex -23.8 0 5.557359310984612
    endloop
  endfacet
  facet normal 1 0 0
    outer loop
      vertex -22 -34 1.8000000000000007
      vertex -22 -3.939231012048832 10.494592710667723
      vertex -22 -4.5 33.02967310994863
    endloop
  endfacet
  facet normal -1 0 0
    outer loop
      vertex -23.8 -34 2.980232949312267e-9
      vertex -23.8 0.8999999985098839 39.8
      vertex -23.8 -3.939231012048832 10.494592710667723
    endloop
  endfacet
  facet normal 1 0 0
    outer loop
      vertex -22 -3.7587704831436337 11.168080573302676
      vertex -22 -3.6252311481465997 11.490473046962798
      vertex -22 -0.9 29.429673109948634
    endloop
  endfacet
  facet normal 1 0 0
    outer loop
      vertex -22 -3.939231012048832 10.494592710667723
      vertex -22 -3.8637033051562732 10.835276180410084
      vertex -22 -4.5 33.02967310994863
    endloop
  endfacet
  facet normal 1 0 0
    outer loop
      vertex -22 -3.8637033051562732 10.835276180410084
      vertex -22 -3.7587704831436337 11.168080573302676
      vertex -22 -4.5 33.02967310994863
    endloop
  endfacet
  facet normal 1 0 0
    outer loop
      vertex -22 -3.6252311481465997 11.490473046962798
      vertex -22 -3.4641016151377544 11.8
      vertex -22 -0.9 29.429673109948634
    endloop
  endfacet
  facet normal 1 0 0
    outer loop
      vertex -22 -3.4641016151377544 11.8
      vertex -22 -3.276608177155967 12.094305745404185
      vertex -22 -0.9 29.429673109948634
    endloop
  endfacet
  facet normal 1 0 0
    outer loop
      vertex -22 -3.276608177155967 12.094305745404185
      vertex -22 -3.064177772475912 12.371150438746158
      vertex -22 -0.9 29.429673109948634
    endloop
  endfacet
  facet normal 1 0 0
    outer loop
      vertex -22 -3.064177772475912 12.371150438746158
      vertex -22 -2.8284271247461903 12.62842712474619
      vertex -22 -0.9 29.429673109948634
    endloop
  endfacet
  facet normal 1 0 0
    outer loop
      vertex -22 -2.8284271247461903 12.62842712474619
      vertex -22 -2.571150438746157 12.864177772475912
      vertex -22 -0.9 29.429673109948634
    endloop
  endfacet
  facet normal 1 0 0
    outer loop
      vertex -22 -2.571150438746157 12.864177772475912
      vertex -22 -2.294305745404184 13.076608177155968
      vertex -22 -0.9 29.429673109948634
    endloop
  endfacet
  facet normal 1 0 0
    outer loop
      vertex -22 -2.294305745404184 13.076608177155968
      vertex -22 -2 13.264101615137754
      vertex -22 -0.9 29.429673109948634
    endloop
  endfacet
  facet normal 1 0 0
    outer loop
      vertex -22 -2 13.264101615137754
      vertex -22 -1.6904730469627978 13.425231148146601
      vertex -22 -0.9 29.429673109948634
    endloop
  endfacet
  facet normal -1 0 0
    outer loop
      vertex -23.8 -3.939231012048832 10.494592710667723
      vertex -23.8 0.8999999985098839 39.8
      vertex -23.8 -3.8637033051562732 10.835276180410084
    endloop
  endfacet
  facet normal -1 0 0
    outer loop
      vertex -23.8 -3.8637033051562732 10.835276180410084
      vertex -23.8 0.8999999985098839 39.8
      vertex -23.8 -3.7587704831436337 11.168080573302676
    endloop
  endfacet
  facet normal -1 0 0
    outer loop
      vertex -23.8 -3.7587704831436337 11.168080573302676
      vertex -23.8 0.8999999985098839 39.8
      vertex -23.8 -3.6252311481465997 11.490473046962798
    endloop
  endfacet
  facet normal -1 0 0
    outer loop
      vertex -23.8 -3.6252311481465997 11.490473046962798
      vertex -23.8 0.8999999985098839 39.8
      vertex -23.8 -3.4641016151377544 11.8
    endloop
  endfacet
  facet normal -1 0 0
    outer loop
      vertex -23.8 -3.4641016151377544 11.8
      vertex -23.8 0.8999999985098839 39.8
      vertex -23.8 -3.276608177155967 12.094305745404185
    endloop
  endfacet
  facet normal 1 0 0
    outer loop
      vertex -22 -1.6904730469627978 13.425231148146601
      vertex -22 -1.3680805733026749 13.558770483143634
      vertex -22 -0.9 29.429673109948634
    endloop
  endfacet
  facet normal 1 0 0
    outer loop
      vertex -22 -1.3680805733026749 13.558770483143634
      vertex -22 -1.035276180410083 13.663703305156274
      vertex -22 -0.9 29.429673109948634
    endloop
  endfacet
  facet normal 1 0 0
    outer loop
      vertex -22 -1.035276180410083 13.663703305156274
      vertex -22 -0.9 13.693693312335913
      vertex -22 -0.9 29.429673109948634
    endloop
  endfacet
  facet normal 1 0 0
    outer loop
      vertex -22 -34 7.800000000000001
      vertex -22 -4.5 33.02967310994863
      vertex -22 -4.5 36.31963746095174
    endloop
  endfacet
  facet normal -1 0 0
    outer loop
      vertex -23.8 -34 2.980232949312267e-9
      vertex -23.8 -0.8999999985098839 39.8
      vertex -23.8 0.8999999985098839 39.8
    endloop
  endfacet
  facet normal -2.7590474608435043e-15 -0.695059523707145 0.7189521948669444
    outer loop
      vertex -23.8 -34 7.800000000000001
      vertex -22.01 -4.5 36.31963746095174
      vertex -23.8 -0.8999999985098839 39.8
    endloop
  endfacet
  facet normal 0 -0.6950595237071473 0.7189521948669421
    outer loop
      vertex -23.8 -34 7.800000000000001
      vertex -22 -4.5 36.31963746095174
      vertex -22.01 -4.5 36.31963746095174
    endloop
  endfacet
  facet normal -1 0 0
    outer loop
      vertex -23.8 -3.276608177155967 12.094305745404185
      vertex -23.8 0.8999999985098839 39.8
      vertex -23.8 -3.064177772475912 12.371150438746158
    endloop
  endfacet
  facet normal -1 0 0
    outer loop
      vertex -23.8 -3.064177772475912 12.371150438746158
      vertex -23.8 0.8999999985098839 39.8
      vertex -23.8 -2.8284271247461903 12.62842712474619
    endloop
  endfacet
  facet normal -1 0 0
    outer loop
      vertex -23.8 -2.8284271247461903 12.62842712474619
      vertex -23.8 0.8999999985098839 39.8
      vertex -23.8 -2.571150438746157 12.864177772475912
    endloop
  endfacet
  facet normal -1 0 0
    outer loop
      vertex -23.8 -2.571150438746157 12.864177772475912
      vertex -23.8 0.8999999985098839 39.8
      vertex -23.8 -2.294305745404184 13.076608177155968
    endloop
  endfacet
  facet normal -1 0 0
    outer loop
      vertex -23.8 -2.294305745404184 13.076608177155968
      vertex -23.8 0.8999999985098839 39.8
      vertex -23.8 -2 13.264101615137754
    endloop
  endfacet
  facet normal -1 0 0
    outer loop
      vertex -23.8 -2 13.264101615137754
      vertex -23.8 0.8999999985098839 39.8
      vertex -23.8 -1.6904730469627978 13.425231148146601
    endloop
  endfacet
  facet normal -1 0 0
    outer loop
      vertex -23.8 -1.6904730469627978 13.425231148146601
      vertex -23.8 0.8999999985098839 39.8
      vertex -23.8 -1.3680805733026749 13.558770483143634
    endloop
  endfacet
  facet normal -1 0 0
    outer loop
      vertex -23.8 -1.3680805733026749 13.558770483143634
      vertex -23.8 0.8999999985098839 39.8
      vertex -23.8 -1.035276180410083 13.663703305156274
    endloop
  endfacet
  facet normal -1 0 0
    outer loop
      vertex -23.8 -1.035276180410083 13.663703305156274
      vertex -23.8 0.8999999985098839 39.8
      vertex -23.8 -0.6945927106677213 13.739231012048833
    endloop
  endfacet
  facet normal -1 0 0
    outer loop
      vertex -23.8 -0.6945927106677213 13.739231012048833
      vertex -23.8 0.8999999985098839 39.8
      vertex -23.8 -0.34862297099063266 13.784778792366982
    endloop
  endfacet
  facet normal 1 0 0
    outer loop
      vertex -22 -3.7587704831436337 11.168080573302676
      vertex -22 -0.9 29.429673109948634
      vertex -22 -4.5 33.02967310994863
    endloop
  endfacet
  facet normal -1.3873075009583596e-15 -0.6950595237071446 0.7189521948669447
    outer loop
      vertex -22.01 -4.5 36.31963746095174
      vertex -22.01 -0.8999999985098875 39.8
      vertex -23.8 -0.8999999985098839 39.8
    endloop
  endfacet
  facet normal 0 0 1
    outer loop
      vertex -23.8 -0.8999999985098839 39.8
      vertex -22.01 -0.8999999985098875 39.8
      vertex -22.01 0.8999999985098875 39.8
    endloop
  endfacet
  facet normal -1 0 0
    outer loop
      vertex -23.8 -34 2.980232949312267e-9
      vertex -23.8 0 5.557359310984612
      vertex -23.8 34 2.980232949312267e-9
    endloop
  endfacet
  facet normal 1 0 0
    outer loop
      vertex -22 0.9 1.8000000000000007
      vertex -22 1.035276180410083 5.936296694843728
      vertex -22 0.9 5.906306687664088
    endloop
  endfacet
  facet normal -1 0 0
    outer loop
      vertex -23.8 0 5.557359310984612
      vertex -23.8 0 5.800000000000001
      vertex -23.8 0.34862297099063266 5.8152212076330185
    endloop
  endfacet
  facet normal -1 0 0
    outer loop
      vertex -23.8 0 5.557359310984612
      vertex -23.8 0.34862297099063266 5.8152212076330185
      vertex -23.8 0.6945927106677213 5.860768987951168
    endloop
  endfacet
  facet normal -1 0 0
    outer loop
      vertex -23.8 0 5.557359310984612
      vertex -23.8 0.6945927106677213 5.860768987951168
      vertex -23.8 34 2.980232949312267e-9
    endloop
  endfacet
  facet normal -1 0 0
    outer loop
      vertex -23.8 0.6945927106677213 5.860768987951168
      vertex -23.8 1.035276180410083 5.936296694843728
      vertex -23.8 34 2.980232949312267e-9
    endloop
  endfacet
  facet normal -1 0 0
    outer loop
      vertex -23.8 1.035276180410083 5.936296694843728
      vertex -23.8 1.3680805733026749 6.041229516856367
      vertex -23.8 34 2.980232949312267e-9
    endloop
  endfacet
  facet normal -1 0 0
    outer loop
      vertex -23.8 1.3680805733026749 6.041229516856367
      vertex -23.8 1.6904730469627978 6.1747688518534005
      vertex -23.8 34 2.980232949312267e-9
    endloop
  endfacet
  facet normal -1 0 0
    outer loop
      vertex -23.8 1.6904730469627978 6.1747688518534005
      vertex -23.8 2 6.335898384862246
      vertex -23.8 34 2.980232949312267e-9
    endloop
  endfacet
  facet normal 1 0 0
    outer loop
      vertex -22 0.9 1.8000000000000007
      vertex -22 34 1.8000000000000007
      vertex -22 1.035276180410083 5.936296694843728
    endloop
  endfacet
  facet normal 1 0 0
    outer loop
      vertex -22 1.035276180410083 5.936296694843728
      vertex -22 34 1.8000000000000007
      vertex -22 1.3680805733026749 6.041229516856367
    endloop
  endfacet
  facet normal 1 0 0
    outer loop
      vertex -22 1.3680805733026749 6.041229516856367
      vertex -22 34 1.8000000000000007
      vertex -22 1.6904730469627978 6.1747688518534005
    endloop
  endfacet
  facet normal 1 0 0
    outer loop
      vertex -22 1.6904730469627978 6.1747688518534005
      vertex -22 34 1.8000000000000007
      vertex -22 2 6.335898384862246
    endloop
  endfacet
  facet normal -1 0 0
    outer loop
      vertex -23.8 2 6.335898384862246
      vertex -23.8 2.294305745404184 6.523391822844033
      vertex -23.8 34 2.980232949312267e-9
    endloop
  endfacet
  facet normal -1 0 0
    outer loop
      vertex -23.8 2.294305745404184 6.523391822844033
      vertex -23.8 2.571150438746157 6.735822227524089
      vertex -23.8 34 2.980232949312267e-9
    endloop
  endfacet
  facet normal -1 0 0
    outer loop
      vertex -23.8 2.571150438746157 6.735822227524089
      vertex -23.8 2.8284271247461903 6.971572875253811
      vertex -23.8 34 2.980232949312267e-9
    endloop
  endfacet
  facet normal -1 0 0
    outer loop
      vertex -23.8 2.8284271247461903 6.971572875253811
      vertex -23.8 3.064177772475912 7.228849561253844
      vertex -23.8 34 2.980232949312267e-9
    endloop
  endfacet
  facet normal -1 0 0
    outer loop
      vertex -23.8 3.064177772475912 7.228849561253844
      vertex -23.8 3.276608177155967 7.5056942545958165
      vertex -23.8 34 2.980232949312267e-9
    endloop
  endfacet
  facet normal -1 0 0
    outer loop
      vertex -23.8 3.276608177155967 7.5056942545958165
      vertex -23.8 3.4641016151377544 7.800000000000001
      vertex -23.8 34 2.980232949312267e-9
    endloop
  endfacet
  facet normal -1 0 0
    outer loop
      vertex -23.8 3.4641016151377544 7.800000000000001
      vertex -23.8 3.6252311481465997 8.109526953037204
      vertex -23.8 34 2.980232949312267e-9
    endloop
  endfacet
  facet normal 1 0 0
    outer loop
      vertex -22 2 6.335898384862246
      vertex -22 34 1.8000000000000007
      vertex -22 2.294305745404184 6.523391822844033
    endloop
  endfacet
  facet normal 1 0 0
    outer loop
      vertex -22 2.294305745404184 6.523391822844033
      vertex -22 34 1.8000000000000007
      vertex -22 2.571150438746157 6.735822227524089
    endloop
  endfacet
  facet normal 1 0 0
    outer loop
      vertex -22 2.571150438746157 6.735822227524089
      vertex -22 34 1.8000000000000007
      vertex -22 2.8284271247461903 6.971572875253811
    endloop
  endfacet
  facet normal 1 0 0
    outer loop
      vertex -22 2.8284271247461903 6.971572875253811
      vertex -22 34 1.8000000000000007
      vertex -22 3.064177772475912 7.228849561253844
    endloop
  endfacet
  facet normal -1 0 0
    outer loop
      vertex -23.8 2 13.264101615137754
      vertex -23.8 1.6904730469627978 13.425231148146601
      vertex -23.8 34 2.980232949312267e-9
    endloop
  endfacet
  facet normal -1 0 0
    outer loop
      vertex -23.8 3.6252311481465997 8.109526953037204
      vertex -23.8 3.7587704831436337 8.431919426697325
      vertex -23.8 34 2.980232949312267e-9
    endloop
  endfacet
  facet normal -1 0 0
    outer loop
      vertex -23.8 3.7587704831436337 8.431919426697325
      vertex -23.8 3.8637033051562732 8.764723819589918
      vertex -23.8 34 2.980232949312267e-9
    endloop
  endfacet
  facet normal -1 0 0
    outer loop
      vertex -23.8 3.8637033051562732 8.764723819589918
      vertex -23.8 3.939231012048832 9.105407289332279
      vertex -23.8 34 2.980232949312267e-9
    endloop
  endfacet
  facet normal -1 0 0
    outer loop
      vertex -23.8 3.939231012048832 9.105407289332279
      vertex -23.8 3.984778792366982 9.451377029009368
      vertex -23.8 34 2.980232949312267e-9
    endloop
  endfacet
  facet normal -1 0 0
    outer loop
      vertex -23.8 3.984778792366982 9.451377029009368
      vertex -23.8 4 9.8
      vertex -23.8 34 2.980232949312267e-9
    endloop
  endfacet
  facet normal -1 0 0
    outer loop
      vertex -23.8 4 9.8
      vertex -23.8 3.984778792366982 10.148622970990633
      vertex -23.8 34 2.980232949312267e-9
    endloop
  endfacet
  facet normal -1 0 0
    outer loop
      vertex -23.8 3.7587704831436337 11.168080573302676
      vertex -23.8 3.6252311481465997 11.490473046962798
      vertex -23.8 34 2.980232949312267e-9
    endloop
  endfacet
  facet normal -1 0 0
    outer loop
      vertex -23.8 3.6252311481465997 11.490473046962798
      vertex -23.8 3.4641016151377544 11.8
      vertex -23.8 34 2.980232949312267e-9
    endloop
  endfacet
  facet normal -1 0 0
    outer loop
      vertex -23.8 3.4641016151377544 11.8
      vertex -23.8 3.276608177155967 12.094305745404185
      vertex -23.8 34 2.980232949312267e-9
    endloop
  endfacet
  facet normal -1 0 0
    outer loop
      vertex -23.8 3.984778792366982 10.148622970990633
      vertex -23.8 3.939231012048832 10.494592710667723
      vertex -23.8 34 2.980232949312267e-9
    endloop
  endfacet
  facet normal -1 0 0
    outer loop
      vertex -23.8 3.939231012048832 10.494592710667723
      vertex -23.8 3.8637033051562732 10.835276180410084
      vertex -23.8 34 2.980232949312267e-9
    endloop
  endfacet
  facet normal -1 0 0
    outer loop
      vertex -23.8 3.8637033051562732 10.835276180410084
      vertex -23.8 3.7587704831436337 11.168080573302676
      vertex -23.8 34 2.980232949312267e-9
    endloop
  endfacet
  facet normal 1 0 0
    outer loop
      vertex -22 3.064177772475912 7.228849561253844
      vertex -22 34 1.8000000000000007
      vertex -22 3.276608177155967 7.5056942545958165
    endloop
  endfacet
  facet normal 1 0 0
    outer loop
      vertex -22 3.276608177155967 7.5056942545958165
      vertex -22 34 1.8000000000000007
      vertex -22 3.4641016151377544 7.800000000000001
    endloop
  endfacet
  facet normal 1 0 0
    outer loop
      vertex -22 3.4641016151377544 7.800000000000001
      vertex -22 34 1.8000000000000007
      vertex -22 3.6252311481465997 8.109526953037204
    endloop
  endfacet
  facet normal 1 0 0
    outer loop
      vertex -22 3.6252311481465997 8.109526953037204
      vertex -22 34 1.8000000000000007
      vertex -22 3.7587704831436337 8.431919426697325
    endloop
  endfacet
  facet normal 1 0 0
    outer loop
      vertex -22 3.7587704831436337 8.431919426697325
      vertex -22 34 1.8000000000000007
      vertex -22 3.8637033051562732 8.764723819589918
    endloop
  endfacet
  facet normal 1 0 0
    outer loop
      vertex -22 3.8637033051562732 8.764723819589918
      vertex -22 34 1.8000000000000007
      vertex -22 3.939231012048832 9.105407289332279
    endloop
  endfacet
  facet normal -1 0 0
    outer loop
      vertex -23.8 2.571150438746157 12.864177772475912
      vertex -23.8 2.294305745404184 13.076608177155968
      vertex -23.8 34 2.980232949312267e-9
    endloop
  endfacet
  facet normal -1 0 0
    outer loop
      vertex -23.8 2.8284271247461903 12.62842712474619
      vertex -23.8 2.571150438746157 12.864177772475912
      vertex -23.8 34 2.980232949312267e-9
    endloop
  endfacet
  facet normal -1 0 0
    outer loop
      vertex -23.8 3.064177772475912 12.371150438746158
      vertex -23.8 34 2.980232949312267e-9
      vertex -23.8 3.276608177155967 12.094305745404185
    endloop
  endfacet
  facet normal -1 0 0
    outer loop
      vertex -23.8 3.064177772475912 12.371150438746158
      vertex -23.8 2.8284271247461903 12.62842712474619
      vertex -23.8 34 2.980232949312267e-9
    endloop
  endfacet
  facet normal -1 0 0
    outer loop
      vertex -23.8 2 13.264101615137754
      vertex -23.8 34 2.980232949312267e-9
      vertex -23.8 2.294305745404184 13.076608177155968
    endloop
  endfacet
  facet normal 1 0 0
    outer loop
      vertex -22 3.939231012048832 9.105407289332279
      vertex -22 34 7.800000000000001
      vertex -22 3.984778792366982 9.451377029009368
    endloop
  endfacet
  facet normal 1 0 0
    outer loop
      vertex -22 3.984778792366982 9.451377029009368
      vertex -22 34 7.800000000000001
      vertex -22 4 9.8
    endloop
  endfacet
  facet normal 1 0 0
    outer loop
      vertex -22 4 9.8
      vertex -22 34 7.800000000000001
      vertex -22 3.984778792366982 10.148622970990633
    endloop
  endfacet
  facet normal 1 0 0
    outer loop
      vertex -22 3.7587704831436337 11.168080573302676
      vertex -22 34 7.800000000000001
      vertex -22 3.6252311481465997 11.490473046962798
    endloop
  endfacet
  facet normal 1 0 0
    outer loop
      vertex -22 3.6252311481465997 11.490473046962798
      vertex -22 34 7.800000000000001
      vertex -22 3.4641016151377544 11.8
    endloop
  endfacet
  facet normal 1 0 0
    outer loop
      vertex -22 3.4641016151377544 11.8
      vertex -22 34 7.800000000000001
      vertex -22 3.276608177155967 12.094305745404185
    endloop
  endfacet
  facet normal 1 0 0
    outer loop
      vertex -22 3.984778792366982 10.148622970990633
      vertex -22 34 7.800000000000001
      vertex -22 3.939231012048832 10.494592710667723
    endloop
  endfacet
  facet normal 1 0 0
    outer loop
      vertex -22 3.939231012048832 10.494592710667723
      vertex -22 34 7.800000000000001
      vertex -22 3.8637033051562732 10.835276180410084
    endloop
  endfacet
  facet normal 1 0 0
    outer loop
      vertex -22 3.8637033051562732 10.835276180410084
      vertex -22 34 7.800000000000001
      vertex -22 3.7587704831436337 11.168080573302676
    endloop
  endfacet
  facet normal 1 0 0
    outer loop
      vertex -22 0.9 13.693693312335913
      vertex -22 1.035276180410083 13.663703305156274
      vertex -22 0.9 29.429673109948634
    endloop
  endfacet
  facet normal 1 0 0
    outer loop
      vertex -22 1.035276180410083 13.663703305156274
      vertex -22 1.3680805733026749 13.558770483143634
      vertex -22 0.9 29.429673109948634
    endloop
  endfacet
  facet normal 1 0 0
    outer loop
      vertex -22 1.3680805733026749 13.558770483143634
      vertex -22 1.6904730469627978 13.425231148146601
      vertex -22 34 7.800000000000001
    endloop
  endfacet
  facet normal 1 0 0
    outer loop
      vertex -22 2 13.264101615137754
      vertex -22 34 7.800000000000001
      vertex -22 1.6904730469627978 13.425231148146601
    endloop
  endfacet
  facet normal 1 0 0
    outer loop
      vertex -22 2.571150438746157 12.864177772475912
      vertex -22 34 7.800000000000001
      vertex -22 2.294305745404184 13.076608177155968
    endloop
  endfacet
  facet normal 1 0 0
    outer loop
      vertex -22 2.8284271247461903 12.62842712474619
      vertex -22 34 7.800000000000001
      vertex -22 2.571150438746157 12.864177772475912
    endloop
  endfacet
  facet normal 1 0 0
    outer loop
      vertex -22 3.064177772475912 12.371150438746158
      vertex -22 3.276608177155967 12.094305745404185
      vertex -22 34 7.800000000000001
    endloop
  endfacet
  facet normal 1 0 0
    outer loop
      vertex -22 3.064177772475912 12.371150438746158
      vertex -22 34 7.800000000000001
      vertex -22 2.8284271247461903 12.62842712474619
    endloop
  endfacet
  facet normal 1 0 0
    outer loop
      vertex -22 2 13.264101615137754
      vertex -22 2.294305745404184 13.076608177155968
      vertex -22 34 7.800000000000001
    endloop
  endfacet
  facet normal -1 0 0
    outer loop
      vertex -23.8 1.6904730469627978 13.425231148146601
      vertex -23.8 0.8999999985098839 39.8
      vertex -23.8 34 2.980232949312267e-9
    endloop
  endfacet
  facet normal 1 0 0
    outer loop
      vertex -22 1.3680805733026749 13.558770483143634
      vertex -22 34 7.800000000000001
      vertex -22 0.9 29.429673109948634
    endloop
  endfacet
  facet normal 1 0 0
    outer loop
      vertex -22 3.939231012048832 9.105407289332279
      vertex -22 34 1.8000000000000007
      vertex -22 34 7.800000000000001
    endloop
  endfacet
  facet normal 0 1 0
    outer loop
      vertex -23.8 34 2.980232949312267e-9
      vertex -23.8 34 7.800000000000001
      vertex -22 34 2.980232949312267e-9
    endloop
  endfacet
  facet normal 0 1 0
    outer loop
      vertex -22 34 2.980232949312267e-9
      vertex -23.8 34 7.800000000000001
      vertex -22 34 1.8000000000000007
    endloop
  endfacet
  facet normal 0 1 0
    outer loop
      vertex -22 34 1.8000000000000007
      vertex -23.8 34 7.800000000000001
      vertex -22 34 7.800000000000001
    endloop
  endfacet
  facet normal -1 0 0
    outer loop
      vertex -23.8 34 2.980232949312267e-9
      vertex -23.8 0.8999999985098839 39.8
      vertex -23.8 34 7.800000000000001
    endloop
  endfacet
  facet normal 0 0.695059523707145 0.7189521948669444
    outer loop
      vertex -23.8 34 7.800000000000001
      vertex -23.8 0.8999999985098839 39.8
      vertex -22 34 7.800000000000001
    endloop
  endfacet
  facet normal -1 0 0
    outer loop
      vertex -23.8 -0.34862297099063266 13.784778792366982
      vertex -23.8 0.8999999985098839 39.8
      vertex -23.8 0 13.8
    endloop
  endfacet
  facet normal -1 0 0
    outer loop
      vertex -23.8 0 13.8
      vertex -23.8 0.8999999985098839 39.8
      vertex -23.8 0.34862297099063266 13.784778792366982
    endloop
  endfacet
  facet normal -1 0 0
    outer loop
      vertex -23.8 1.035276180410083 13.663703305156274
      vertex -23.8 0.6945927106677213 13.739231012048833
      vertex -23.8 0.8999999985098839 39.8
    endloop
  endfacet
  facet normal -1 0 0
    outer loop
      vertex -23.8 0.34862297099063266 13.784778792366982
      vertex -23.8 0.8999999985098839 39.8
      vertex -23.8 0.6945927106677213 13.739231012048833
    endloop
  endfacet
  facet normal -1 0 0
    outer loop
      vertex -23.8 1.035276180410083 13.663703305156274
      vertex -23.8 0.8999999985098839 39.8
      vertex -23.8 1.3680805733026749 13.558770483143634
    endloop
  endfacet
  facet normal -1 0 0
    outer loop
      vertex -23.8 1.3680805733026749 13.558770483143634
      vertex -23.8 0.8999999985098839 39.8
      vertex -23.8 1.6904730469627978 13.425231148146601
    endloop
  endfacet
  facet normal 1 0 0
    outer loop
      vertex -22 34 7.800000000000001
      vertex -22 4.5 33.02967310994863
      vertex -22 0.9 29.429673109948634
    endloop
  endfacet
  facet normal 1 0 0
    outer loop
      vertex -22 34 7.800000000000001
      vertex -22 4.5 36.31963746095174
      vertex -22 4.5 33.02967310994863
    endloop
  endfacet
  facet normal -3.0978567533006532e-15 0.695059523707145 0.7189521948669443
    outer loop
      vertex -22 34 7.800000000000001
      vertex -23.8 0.8999999985098839 39.8
      vertex -22.01 4.5 36.31963746095174
    endloop
  endfacet
  facet normal 0 0.6950595237071451 0.7189521948669443
    outer loop
      vertex -22 34 7.800000000000001
      vertex -22.01 4.5 36.31963746095174
      vertex -22 4.5 36.31963746095174
    endloop
  endfacet
  facet normal 0 0 1
    outer loop
      vertex -23.8 -0.8999999985098839 39.8
      vertex -22.01 0.8999999985098875 39.8
      vertex -23.8 0.8999999985098839 39.8
    endloop
  endfacet
  facet normal -1.3873075009583596e-15 0.6950595237071446 0.7189521948669447
    outer loop
      vertex -22.01 4.5 36.31963746095174
      vertex -23.8 0.8999999985098839 39.8
      vertex -22.01 0.8999999985098875 39.8
    endloop
  endfacet
  facet normal 0 -1 0
    outer loop
      vertex 22 -34 2.980232949312267e-9
      vertex 23.8 -34 2.980232949312267e-9
      vertex 23.8 -34 7.800000000000001
    endloop
  endfacet
  facet normal 0 -1 0
    outer loop
      vertex 22 -34 2.980232949312267e-9
      vertex 23.8 -34 7.800000000000001
      vertex 22 -34 1.8000000000000007
    endloop
  endfacet
  facet normal 0 -1 0
    outer loop
      vertex 22 -34 1.8000000000000007
      vertex 23.8 -34 7.800000000000001
      vertex 22 -34 7.800000000000001
    endloop
  endfacet
  facet normal -1 0 0
    outer loop
      vertex 22 -34 1.8000000000000007
      vertex 22 -34 7.800000000000001
      vertex 22 -3.939231012048832 9.105407289332279
    endloop
  endfacet
  facet normal 1 0 0
    outer loop
      vertex 23.8 -34 2.980232949312267e-9
      vertex 23.8 -0.8999999985098839 39.8
      vertex 23.8 -34 7.800000000000001
    endloop
  endfacet
  facet normal 0 -0.695059523707145 0.7189521948669444
    outer loop
      vertex 22 -34 7.800000000000001
      vertex 23.8 -34 7.800000000000001
      vertex 23.8 -0.8999999985098839 39.8
    endloop
  endfacet
  facet normal -1 0 0
    outer loop
      vertex 22 -34 1.8000000000000007
      vertex 22 -3.064177772475912 7.228849561253844
      vertex 22 -2.8284271247461903 6.971572875253811
    endloop
  endfacet
  facet normal -1 0 0
    outer loop
      vertex 22 -34 1.8000000000000007
      vertex 22 -2.294305745404184 6.523391822844033
      vertex 22 -2 6.335898384862246
    endloop
  endfacet
  facet normal -1 0 0
    outer loop
      vertex 22 -34 1.8000000000000007
      vertex 22 -2.8284271247461903 6.971572875253811
      vertex 22 -2.571150438746157 6.735822227524089
    endloop
  endfacet
  facet normal -1 0 0
    outer loop
      vertex 22 -34 1.8000000000000007
      vertex 22 -2.571150438746157 6.735822227524089
      vertex 22 -2.294305745404184 6.523391822844033
    endloop
  endfacet
  facet normal 1 0 0
    outer loop
      vertex 23.8 -34 2.980232949312267e-9
      vertex 23.8 -2 6.335898384862246
      vertex 23.8 -2.294305745404184 6.523391822844033
    endloop
  endfacet
  facet normal 1 0 0
    outer loop
      vertex 23.8 -34 2.980232949312267e-9
      vertex 23.8 -2.571150438746157 6.735822227524089
      vertex 23.8 -2.8284271247461903 6.971572875253811
    endloop
  endfacet
  facet normal 1 0 0
    outer loop
      vertex 23.8 -34 2.980232949312267e-9
      vertex 23.8 -2.294305745404184 6.523391822844033
      vertex 23.8 -2.571150438746157 6.735822227524089
    endloop
  endfacet
  facet normal 1 0 0
    outer loop
      vertex 23.8 -34 2.980232949312267e-9
      vertex 23.8 -2.8284271247461903 6.971572875253811
      vertex 23.8 -3.064177772475912 7.228849561253844
    endloop
  endfacet
  facet normal 1 0 0
    outer loop
      vertex 23.8 -34 2.980232949312267e-9
      vertex 23.8 -3.064177772475912 7.228849561253844
      vertex 23.8 -3.276608177155967 7.5056942545958165
    endloop
  endfacet
  facet normal 1 0 0
    outer loop
      vertex 23.8 -34 2.980232949312267e-9
      vertex 23.8 -3.276608177155967 7.5056942545958165
      vertex 23.8 -3.4641016151377544 7.800000000000001
    endloop
  endfacet
  facet normal 1 0 0
    outer loop
      vertex 23.8 -34 2.980232949312267e-9
      vertex 23.8 -3.4641016151377544 7.800000000000001
      vertex 23.8 -3.6252311481465997 8.109526953037204
    endloop
  endfacet
  facet normal -1 0 0
    outer loop
      vertex 22 -34 1.8000000000000007
      vertex 22 -1.035276180410083 5.936296694843728
      vertex 22 -0.9 1.8000000000000007
    endloop
  endfacet
  facet normal -1 0 0
    outer loop
      vertex 22 -34 1.8000000000000007
      vertex 22 -1.6904730469627978 6.1747688518534005
      vertex 22 -1.3680805733026749 6.041229516856367
    endloop
  endfacet
  facet normal -1 0 0
    outer loop
      vertex 22 -34 1.8000000000000007
      vertex 22 -1.3680805733026749 6.041229516856367
      vertex 22 -1.035276180410083 5.936296694843728
    endloop
  endfacet
  facet normal -1 0 0
    outer loop
      vertex 22 -34 1.8000000000000007
      vertex 22 -2 6.335898384862246
      vertex 22 -1.6904730469627978 6.1747688518534005
    endloop
  endfacet
  facet normal 1 0 0
    outer loop
      vertex 23.8 -34 2.980232949312267e-9
      vertex 23.8 -1.035276180410083 5.936296694843728
      vertex 23.8 -1.3680805733026749 6.041229516856367
    endloop
  endfacet
  facet normal 1 0 0
    outer loop
      vertex 23.8 -34 2.980232949312267e-9
      vertex 23.8 -0.6945927106677213 5.860768987951168
      vertex 23.8 -1.035276180410083 5.936296694843728
    endloop
  endfacet
  facet normal 1 0 0
    outer loop
      vertex 23.8 -34 2.980232949312267e-9
      vertex 23.8 0 5.557359310984612
      vertex 23.8 -0.6945927106677213 5.860768987951168
    endloop
  endfacet
  facet normal 1 0 0
    outer loop
      vertex 23.8 -34 2.980232949312267e-9
      vertex 23.8 -1.6904730469627978 6.1747688518534005
      vertex 23.8 -2 6.335898384862246
    endloop
  endfacet
  facet normal 1 0 0
    outer loop
      vertex 23.8 -34 2.980232949312267e-9
      vertex 23.8 -1.3680805733026749 6.041229516856367
      vertex 23.8 -1.6904730469627978 6.1747688518534005
    endloop
  endfacet
  facet normal -1 0 0
    outer loop
      vertex 22 -34 1.8000000000000007
      vertex 22 -3.8637033051562732 8.764723819589918
      vertex 22 -3.7587704831436337 8.431919426697325
    endloop
  endfacet
  facet normal -1 0 0
    outer loop
      vertex 22 -34 1.8000000000000007
      vertex 22 -3.939231012048832 9.105407289332279
      vertex 22 -3.8637033051562732 8.764723819589918
    endloop
  endfacet
  facet normal -1 0 0
    outer loop
      vertex 22 -34 1.8000000000000007
      vertex 22 -3.276608177155967 7.5056942545958165
      vertex 22 -3.064177772475912 7.228849561253844
    endloop
  endfacet
  facet normal -1 0 0
    outer loop
      vertex 22 -34 1.8000000000000007
      vertex 22 -3.4641016151377544 7.800000000000001
      vertex 22 -3.276608177155967 7.5056942545958165
    endloop
  endfacet
  facet normal -1 0 0
    outer loop
      vertex 22 -34 1.8000000000000007
      vertex 22 -3.6252311481465997 8.109526953037204
      vertex 22 -3.4641016151377544 7.800000000000001
    endloop
  endfacet
  facet normal -1 0 0
    outer loop
      vertex 22 -34 1.8000000000000007
      vertex 22 -3.7587704831436337 8.431919426697325
      vertex 22 -3.6252311481465997 8.109526953037204
    endloop
  endfacet
  facet normal 1 0 0
    outer loop
      vertex 23.8 -34 2.980232949312267e-9
      vertex 23.8 -3.7587704831436337 8.431919426697325
      vertex 23.8 -3.8637033051562732 8.764723819589918
    endloop
  endfacet
  facet normal 1 0 0
    outer loop
      vertex 23.8 -34 2.980232949312267e-9
      vertex 23.8 -3.8637033051562732 8.764723819589918
      vertex 23.8 -3.939231012048832 9.105407289332279
    endloop
  endfacet
  facet normal 1 0 0
    outer loop
      vertex 23.8 -34 2.980232949312267e-9
      vertex 23.8 -3.939231012048832 9.105407289332279
      vertex 23.8 -3.984778792366982 9.451377029009368
    endloop
  endfacet
  facet normal 1 0 0
    outer loop
      vertex 23.8 -34 2.980232949312267e-9
      vertex 23.8 -3.984778792366982 9.451377029009368
      vertex 23.8 -4 9.8
    endloop
  endfacet
  facet normal 1 0 0
    outer loop
      vertex 23.8 -34 2.980232949312267e-9
      vertex 23.8 -4 9.8
      vertex 23.8 -3.984778792366982 10.148622970990633
    endloop
  endfacet
  facet normal 1 0 0
    outer loop
      vertex 23.8 -34 2.980232949312267e-9
      vertex 23.8 -3.6252311481465997 8.109526953037204
      vertex 23.8 -3.7587704831436337 8.431919426697325
    endloop
  endfacet
  facet normal 1 0 0
    outer loop
      vertex 23.8 -34 2.980232949312267e-9
      vertex 23.8 -3.984778792366982 10.148622970990633
      vertex 23.8 -3.939231012048832 10.494592710667723
    endloop
  endfacet
  facet normal 1 0 0
    outer loop
      vertex 23.8 -34 2.980232949312267e-9
      vertex 23.8 -3.939231012048832 10.494592710667723
      vertex 23.8 -3.8637033051562732 10.835276180410084
    endloop
  endfacet
  facet normal 1 0 0
    outer loop
      vertex 23.8 -34 2.980232949312267e-9
      vertex 23.8 -3.8637033051562732 10.835276180410084
      vertex 23.8 -3.7587704831436337 11.168080573302676
    endloop
  endfacet
  facet normal 1 0 0
    outer loop
      vertex 23.8 -34 2.980232949312267e-9
      vertex 23.8 -3.7587704831436337 11.168080573302676
      vertex 23.8 -3.6252311481465997 11.490473046962798
    endloop
  endfacet
  facet normal 1 0 0
    outer loop
      vertex 23.8 -34 2.980232949312267e-9
      vertex 23.8 -3.6252311481465997 11.490473046962798
      vertex 23.8 -3.4641016151377544 11.8
    endloop
  endfacet
  facet normal 1 0 0
    outer loop
      vertex 23.8 -34 2.980232949312267e-9
      vertex 23.8 -3.4641016151377544 11.8
      vertex 23.8 -3.276608177155967 12.094305745404185
    endloop
  endfacet
  facet normal -1 0 0
    outer loop
      vertex 22 -34 7.800000000000001
      vertex 22 -3.984778792366982 9.451377029009368
      vertex 22 -3.939231012048832 9.105407289332279
    endloop
  endfacet
  facet normal -1 0 0
    outer loop
      vertex 22 -34 7.800000000000001
      vertex 22 -4 9.8
      vertex 22 -3.984778792366982 9.451377029009368
    endloop
  endfacet
  facet normal -1 0 0
    outer loop
      vertex 22 -34 7.800000000000001
      vertex 22 -3.984778792366982 10.148622970990633
      vertex 22 -4 9.8
    endloop
  endfacet
  facet normal -1 0 0
    outer loop
      vertex 22 -34 7.800000000000001
      vertex 22 -3.939231012048832 10.494592710667723
      vertex 22 -3.984778792366982 10.148622970990633
    endloop
  endfacet
  facet normal -1 0 0
    outer loop
      vertex 22 -34 7.800000000000001
      vertex 22 -3.8637033051562732 10.835276180410084
      vertex 22 -3.939231012048832 10.494592710667723
    endloop
  endfacet
  facet normal -1 0 0
    outer loop
      vertex 22 -34 7.800000000000001
      vertex 22 -3.7587704831436337 11.168080573302676
      vertex 22 -3.8637033051562732 10.835276180410084
    endloop
  endfacet
  facet normal -1 0 0
    outer loop
      vertex 22 -34 7.800000000000001
      vertex 22 -3.6252311481465997 11.490473046962798
      vertex 22 -3.7587704831436337 11.168080573302676
    endloop
  endfacet
  facet normal -1 0 0
    outer loop
      vertex 22 -34 7.800000000000001
      vertex 22 -3.4641016151377544 11.8
      vertex 22 -3.6252311481465997 11.490473046962798
    endloop
  endfacet
  facet normal -1 0 0
    outer loop
      vertex 22 -34 7.800000000000001
      vertex 22 -3.276608177155967 12.094305745404185
      vertex 22 -3.4641016151377544 11.8
    endloop
  endfacet
  facet normal 1 0 0
    outer loop
      vertex 23.8 -34 2.980232949312267e-9
      vertex 23.8 -3.276608177155967 12.094305745404185
      vertex 23.8 -3.064177772475912 12.371150438746158
    endloop
  endfacet
  facet normal 1 0 0
    outer loop
      vertex 23.8 -34 2.980232949312267e-9
      vertex 23.8 -3.064177772475912 12.371150438746158
      vertex 23.8 -2.8284271247461903 12.62842712474619
    endloop
  endfacet
  facet normal 1 0 0
    outer loop
      vertex 23.8 -34 2.980232949312267e-9
      vertex 23.8 -2.8284271247461903 12.62842712474619
      vertex 23.8 -2.571150438746157 12.864177772475912
    endloop
  endfacet
  facet normal 1 0 0
    outer loop
      vertex 23.8 -34 2.980232949312267e-9
      vertex 23.8 -2.571150438746157 12.864177772475912
      vertex 23.8 -2.294305745404184 13.076608177155968
    endloop
  endfacet
  facet normal 1 0 0
    outer loop
      vertex 23.8 -34 2.980232949312267e-9
      vertex 23.8 -2.294305745404184 13.076608177155968
      vertex 23.8 -2 13.264101615137754
    endloop
  endfacet
  facet normal 1 0 0
    outer loop
      vertex 23.8 -34 2.980232949312267e-9
      vertex 23.8 -2 13.264101615137754
      vertex 23.8 -1.6904730469627978 13.425231148146601
    endloop
  endfacet
  facet normal -1 0 0
    outer loop
      vertex 22 -0.9 1.8000000000000007
      vertex 22 -1.035276180410083 5.936296694843728
      vertex 22 -0.9 5.906306687664088
    endloop
  endfacet
  facet normal 1 0 0
    outer loop
      vertex 23.8 -0.6945927106677213 5.860768987951168
      vertex 23.8 0 5.557359310984612
      vertex 23.8 -0.34862297099063266 5.8152212076330185
    endloop
  endfacet
  facet normal 1 0 0
    outer loop
      vertex 23.8 -0.34862297099063266 5.8152212076330185
      vertex 23.8 0 5.557359310984612
      vertex 23.8 -0.2537182678215938 5.811077578806206
    endloop
  endfacet
  facet normal -1 0 0
    outer loop
      vertex 22 -34 7.800000000000001
      vertex 22 -3.064177772475912 12.371150438746158
      vertex 22 -3.276608177155967 12.094305745404185
    endloop
  endfacet
  facet normal -1 0 0
    outer loop
      vertex 22 -34 7.800000000000001
      vertex 22 -2.8284271247461903 12.62842712474619
      vertex 22 -3.064177772475912 12.371150438746158
    endloop
  endfacet
  facet normal -1 0 0
    outer loop
      vertex 22 -34 7.800000000000001
      vertex 22 -2.571150438746157 12.864177772475912
      vertex 22 -2.8284271247461903 12.62842712474619
    endloop
  endfacet
  facet normal -1 0 0
    outer loop
      vertex 22 -34 7.800000000000001
      vertex 22 -2.294305745404184 13.076608177155968
      vertex 22 -2.571150438746157 12.864177772475912
    endloop
  endfacet
  facet normal -1 0 0
    outer loop
      vertex 22 -34 7.800000000000001
      vertex 22 -2 13.264101615137754
      vertex 22 -2.294305745404184 13.076608177155968
    endloop
  endfacet
  facet normal -1 0 0
    outer loop
      vertex 22 -34 7.800000000000001
      vertex 22 -1.6904730469627978 13.425231148146601
      vertex 22 -2 13.264101615137754
    endloop
  endfacet
  facet normal -1 0 0
    outer loop
      vertex 22 -34 7.800000000000001
      vertex 22 -1.3680805733026749 13.558770483143634
      vertex 22 -1.6904730469627978 13.425231148146601
    endloop
  endfacet
  facet normal -1 0 0
    outer loop
      vertex 22 -34 7.800000000000001
      vertex 22 -0.9 29.429673109948634
      vertex 22 -1.3680805733026749 13.558770483143634
    endloop
  endfacet
  facet normal 1 0 0
    outer loop
      vertex 23.8 -34 2.980232949312267e-9
      vertex 23.8 -1.6904730469627978 13.425231148146601
      vertex 23.8 0.8999999985098839 39.8
    endloop
  endfacet
  facet normal -1 0 0
    outer loop
      vertex 22 -1.3680805733026749 13.558770483143634
      vertex 22 -0.9 29.429673109948634
      vertex 22 -1.035276180410083 13.663703305156274
    endloop
  endfacet
  facet normal -1 0 0
    outer loop
      vertex 22 -1.035276180410083 13.663703305156274
      vertex 22 -0.9 29.429673109948634
      vertex 22 -0.9 13.693693312335913
    endloop
  endfacet
  facet normal -1 0 0
    outer loop
      vertex 22 -34 7.800000000000001
      vertex 22 -4.5 33.02967310994863
      vertex 22 -0.9 29.429673109948634
    endloop
  endfacet
  facet normal -1 0 0
    outer loop
      vertex 22 -34 7.800000000000001
      vertex 22 -4.5 36.31963746095174
      vertex 22 -4.5 33.02967310994863
    endloop
  endfacet
  facet normal 1 0 0
    outer loop
      vertex 23.8 -34 2.980232949312267e-9
      vertex 23.8 0.8999999985098839 39.8
      vertex 23.8 -0.8999999985098839 39.8
    endloop
  endfacet
  facet normal 0 -0.6950595237071451 0.7189521948669443
    outer loop
      vertex 22 -34 7.800000000000001
      vertex 22.01 -4.5 36.31963746095174
      vertex 22 -4.5 36.31963746095174
    endloop
  endfacet
  facet normal 3.0978567533006532e-15 -0.695059523707145 0.7189521948669443
    outer loop
      vertex 22 -34 7.800000000000001
      vertex 23.8 -0.8999999985098839 39.8
      vertex 22.01 -4.5 36.31963746095174
    endloop
  endfacet
  facet normal 1 0 0
    outer loop
      vertex 23.8 -1.6904730469627978 13.425231148146601
      vertex 23.8 -1.3680805733026749 13.558770483143634
      vertex 23.8 0.8999999985098839 39.8
    endloop
  endfacet
  facet normal 1 0 0
    outer loop
      vertex 23.8 -1.3680805733026749 13.558770483143634
      vertex 23.8 -1.035276180410083 13.663703305156274
      vertex 23.8 0.8999999985098839 39.8
    endloop
  endfacet
  facet normal 1 0 0
    outer loop
      vertex 23.8 -1.035276180410083 13.663703305156274
      vertex 23.8 -0.6945927106677213 13.739231012048833
      vertex 23.8 0.8999999985098839 39.8
    endloop
  endfacet
  facet normal 1 0 0
    outer loop
      vertex 23.8 -0.6945927106677213 13.739231012048833
      vertex 23.8 -0.34862297099063266 13.784778792366982
      vertex 23.8 0.8999999985098839 39.8
    endloop
  endfacet
  facet normal 1.3873075009583596e-15 -0.6950595237071446 0.7189521948669447
    outer loop
      vertex 22.01 -4.5 36.31963746095174
      vertex 23.8 -0.8999999985098839 39.8
      vertex 22.01 -0.8999999985098875 39.8
    endloop
  endfacet
  facet normal 0 0 1
    outer loop
      vertex 22.01 -0.8999999985098875 39.8
      vertex 23.8 -0.8999999985098839 39.8
      vertex 23.8 0.8999999985098839 39.8
    endloop
  endfacet
  facet normal 1 0 0
    outer loop
      vertex 23.8 -34 2.980232949312267e-9
      vertex 23.8 34 2.980232949312267e-9
      vertex 23.8 0 5.557359310984612
    endloop
  endfacet
  facet normal -1 0 0
    outer loop
      vertex 22 0.9 1.8000000000000007
      vertex 22 0.9 5.906306687664088
      vertex 22 1.035276180410083 5.936296694843728
    endloop
  endfacet
  facet normal 1 0 0
    outer loop
      vertex 23.8 0 5.557359310984612
      vertex 23.8 0.34862297099063266 5.8152212076330185
      vertex 23.8 0 5.800000000000001
    endloop
  endfacet
  facet normal 1 0 0
    outer loop
      vertex 23.8 0 5.557359310984612
      vertex 23.8 0.6945927106677213 5.860768987951168
      vertex 23.8 0.34862297099063266 5.8152212076330185
    endloop
  endfacet
  facet normal -1 0 0
    outer loop
      vertex 22 0.9 1.8000000000000007
      vertex 22 1.035276180410083 5.936296694843728
      vertex 22 34 1.8000000000000007
    endloop
  endfacet
  facet normal -1 0 0
    outer loop
      vertex 22 1.035276180410083 5.936296694843728
      vertex 22 1.3680805733026749 6.041229516856367
      vertex 22 34 1.8000000000000007
    endloop
  endfacet
  facet normal -1 0 0
    outer loop
      vertex 22 1.3680805733026749 6.041229516856367
      vertex 22 1.6904730469627978 6.1747688518534005
      vertex 22 34 1.8000000000000007
    endloop
  endfacet
  facet normal -1 0 0
    outer loop
      vertex 22 1.6904730469627978 6.1747688518534005
      vertex 22 2 6.335898384862246
      vertex 22 34 1.8000000000000007
    endloop
  endfacet
  facet normal 1 0 0
    outer loop
      vertex 23.8 0 5.557359310984612
      vertex 23.8 34 2.980232949312267e-9
      vertex 23.8 0.6945927106677213 5.860768987951168
    endloop
  endfacet
  facet normal 1 0 0
    outer loop
      vertex 23.8 0.6945927106677213 5.860768987951168
      vertex 23.8 34 2.980232949312267e-9
      vertex 23.8 1.035276180410083 5.936296694843728
    endloop
  endfacet
  facet normal 1 0 0
    outer loop
      vertex 23.8 1.035276180410083 5.936296694843728
      vertex 23.8 34 2.980232949312267e-9
      vertex 23.8 1.3680805733026749 6.041229516856367
    endloop
  endfacet
  facet normal 1 0 0
    outer loop
      vertex 23.8 1.3680805733026749 6.041229516856367
      vertex 23.8 34 2.980232949312267e-9
      vertex 23.8 1.6904730469627978 6.1747688518534005
    endloop
  endfacet
  facet normal 1 0 0
    outer loop
      vertex 23.8 1.6904730469627978 6.1747688518534005
      vertex 23.8 34 2.980232949312267e-9
      vertex 23.8 2 6.335898384862246
    endloop
  endfacet
  facet normal -1 0 0
    outer loop
      vertex 22 2 6.335898384862246
      vertex 22 2.294305745404184 6.523391822844033
      vertex 22 34 1.8000000000000007
    endloop
  endfacet
  facet normal -1 0 0
    outer loop
      vertex 22 2.294305745404184 6.523391822844033
      vertex 22 2.571150438746157 6.735822227524089
      vertex 22 34 1.8000000000000007
    endloop
  endfacet
  facet normal -1 0 0
    outer loop
      vertex 22 2.571150438746157 6.735822227524089
      vertex 22 2.8284271247461903 6.971572875253811
      vertex 22 34 1.8000000000000007
    endloop
  endfacet
  facet normal -1 0 0
    outer loop
      vertex 22 2.8284271247461903 6.971572875253811
      vertex 22 3.064177772475912 7.228849561253844
      vertex 22 34 1.8000000000000007
    endloop
  endfacet
  facet normal 1 0 0
    outer loop
      vertex 23.8 2 6.335898384862246
      vertex 23.8 34 2.980232949312267e-9
      vertex 23.8 2.294305745404184 6.523391822844033
    endloop
  endfacet
  facet normal 1 0 0
    outer loop
      vertex 23.8 2.294305745404184 6.523391822844033
      vertex 23.8 34 2.980232949312267e-9
      vertex 23.8 2.571150438746157 6.735822227524089
    endloop
  endfacet
  facet normal 1 0 0
    outer loop
      vertex 23.8 2.571150438746157 6.735822227524089
      vertex 23.8 34 2.980232949312267e-9
      vertex 23.8 2.8284271247461903 6.971572875253811
    endloop
  endfacet
  facet normal 1 0 0
    outer loop
      vertex 23.8 2.8284271247461903 6.971572875253811
      vertex 23.8 34 2.980232949312267e-9
      vertex 23.8 3.064177772475912 7.228849561253844
    endloop
  endfacet
  facet normal 1 0 0
    outer loop
      vertex 23.8 3.064177772475912 7.228849561253844
      vertex 23.8 34 2.980232949312267e-9
      vertex 23.8 3.276608177155967 7.5056942545958165
    endloop
  endfacet
  facet normal 1 0 0
    outer loop
      vertex 23.8 3.276608177155967 7.5056942545958165
      vertex 23.8 34 2.980232949312267e-9
      vertex 23.8 3.4641016151377544 7.800000000000001
    endloop
  endfacet
  facet normal 1 0 0
    outer loop
      vertex 23.8 3.4641016151377544 7.800000000000001
      vertex 23.8 34 2.980232949312267e-9
      vertex 23.8 3.6252311481465997 8.109526953037204
    endloop
  endfacet
  facet normal -1 0 0
    outer loop
      vertex 22 3.064177772475912 7.228849561253844
      vertex 22 3.276608177155967 7.5056942545958165
      vertex 22 34 1.8000000000000007
    endloop
  endfacet
  facet normal -1 0 0
    outer loop
      vertex 22 3.276608177155967 7.5056942545958165
      vertex 22 3.4641016151377544 7.800000000000001
      vertex 22 34 1.8000000000000007
    endloop
  endfacet
  facet normal -1 0 0
    outer loop
      vertex 22 3.4641016151377544 7.800000000000001
      vertex 22 3.6252311481465997 8.109526953037204
      vertex 22 34 1.8000000000000007
    endloop
  endfacet
  facet normal -1 0 0
    outer loop
      vertex 22 3.6252311481465997 8.109526953037204
      vertex 22 3.7587704831436337 8.431919426697325
      vertex 22 34 1.8000000000000007
    endloop
  endfacet
  facet normal -1 0 0
    outer loop
      vertex 22 3.7587704831436337 8.431919426697325
      vertex 22 3.8637033051562732 8.764723819589918
      vertex 22 34 1.8000000000000007
    endloop
  endfacet
  facet normal -1 0 0
    outer loop
      vertex 22 3.8637033051562732 8.764723819589918
      vertex 22 3.939231012048832 9.105407289332279
      vertex 22 34 1.8000000000000007
    endloop
  endfacet
  facet normal -1 0 0
    outer loop
      vertex 22 3.939231012048832 9.105407289332279
      vertex 22 3.984778792366982 9.451377029009368
      vertex 22 34 1.8000000000000007
    endloop
  endfacet
  facet normal -1 0 0
    outer loop
      vertex 22 3.984778792366982 9.451377029009368
      vertex 22 4 9.8
      vertex 22 34 1.8000000000000007
    endloop
  endfacet
  facet normal -1 0 0
    outer loop
      vertex 22 4 9.8
      vertex 22 3.984778792366982 10.148622970990633
      vertex 22 34 1.8000000000000007
    endloop
  endfacet
  facet normal -1 0 0
    outer loop
      vertex 22 3.984778792366982 10.148622970990633
      vertex 22 3.939231012048832 10.494592710667723
      vertex 22 34 1.8000000000000007
    endloop
  endfacet
  facet normal 1 0 0
    outer loop
      vertex 23.8 3.6252311481465997 8.109526953037204
      vertex 23.8 34 2.980232949312267e-9
      vertex 23.8 3.7587704831436337 8.431919426697325
    endloop
  endfacet
  facet normal 1 0 0
    outer loop
      vertex 23.8 3.7587704831436337 8.431919426697325
      vertex 23.8 34 2.980232949312267e-9
      vertex 23.8 3.8637033051562732 8.764723819589918
    endloop
  endfacet
  facet normal 1 0 0
    outer loop
      vertex 23.8 3.8637033051562732 8.764723819589918
      vertex 23.8 34 2.980232949312267e-9
      vertex 23.8 3.939231012048832 9.105407289332279
    endloop
  endfacet
  facet normal 1 0 0
    outer loop
      vertex 23.8 3.939231012048832 9.105407289332279
      vertex 23.8 34 2.980232949312267e-9
      vertex 23.8 3.984778792366982 9.451377029009368
    endloop
  endfacet
  facet normal 1 0 0
    outer loop
      vertex 23.8 3.984778792366982 9.451377029009368
      vertex 23.8 34 2.980232949312267e-9
      vertex 23.8 4 9.8
    endloop
  endfacet
  facet normal 1 0 0
    outer loop
      vertex 23.8 4 9.8
      vertex 23.8 34 2.980232949312267e-9
      vertex 23.8 3.984778792366982 10.148622970990633
    endloop
  endfacet
  facet normal -1 0 0
    outer loop
      vertex 22 2 13.264101615137754
      vertex 22 1.6904730469627978 13.425231148146601
      vertex 22 0.9 29.429673109948634
    endloop
  endfacet
  facet normal -1 0 0
    outer loop
      vertex 22 2.8284271247461903 12.62842712474619
      vertex 22 2.571150438746157 12.864177772475912
      vertex 22 0.9 29.429673109948634
    endloop
  endfacet
  facet normal -1 0 0
    outer loop
      vertex 22 2 13.264101615137754
      vertex 22 0.9 29.429673109948634
      vertex 22 2.294305745404184 13.076608177155968
    endloop
  endfacet
  facet normal -1 0 0
    outer loop
      vertex 22 2.571150438746157 12.864177772475912
      vertex 22 2.294305745404184 13.076608177155968
      vertex 22 0.9 29.429673109948634
    endloop
  endfacet
  facet normal -1 0 0
    outer loop
      vertex 22 3.7587704831436337 11.168080573302676
      vertex 22 3.6252311481465997 11.490473046962798
      vertex 22 0.9 29.429673109948634
    endloop
  endfacet
  facet normal -1 0 0
    outer loop
      vertex 22 3.4641016151377544 11.8
      vertex 22 3.276608177155967 12.094305745404185
      vertex 22 0.9 29.429673109948634
    endloop
  endfacet
  facet normal -1 0 0
    outer loop
      vertex 22 3.064177772475912 12.371150438746158
      vertex 22 0.9 29.429673109948634
      vertex 22 3.276608177155967 12.094305745404185
    endloop
  endfacet
  facet normal -1 0 0
    outer loop
      vertex 22 3.6252311481465997 11.490473046962798
      vertex 22 3.4641016151377544 11.8
      vertex 22 0.9 29.429673109948634
    endloop
  endfacet
  facet normal -1 0 0
    outer loop
      vertex 22 3.064177772475912 12.371150438746158
      vertex 22 2.8284271247461903 12.62842712474619
      vertex 22 0.9 29.429673109948634
    endloop
  endfacet
  facet normal -1 0 0
    outer loop
      vertex 22 3.939231012048832 10.494592710667723
      vertex 22 3.8637033051562732 10.835276180410084
      vertex 22 4.5 33.02967310994863
    endloop
  endfacet
  facet normal -1 0 0
    outer loop
      vertex 22 3.8637033051562732 10.835276180410084
      vertex 22 3.7587704831436337 11.168080573302676
      vertex 22 4.5 33.02967310994863
    endloop
  endfacet
  facet normal -1 0 0
    outer loop
      vertex 22 0.9 13.693693312335913
      vertex 22 0.9 29.429673109948634
      vertex 22 1.035276180410083 13.663703305156274
    endloop
  endfacet
  facet normal -1 0 0
    outer loop
      vertex 22 1.035276180410083 13.663703305156274
      vertex 22 0.9 29.429673109948634
      vertex 22 1.3680805733026749 13.558770483143634
    endloop
  endfacet
  facet normal -1 0 0
    outer loop
      vertex 22 1.3680805733026749 13.558770483143634
      vertex 22 0.9 29.429673109948634
      vertex 22 1.6904730469627978 13.425231148146601
    endloop
  endfacet
  facet normal 1 0 0
    outer loop
      vertex 23.8 3.939231012048832 10.494592710667723
      vertex 23.8 0.8999999985098839 39.8
      vertex 23.8 3.8637033051562732 10.835276180410084
    endloop
  endfacet
  facet normal 1 0 0
    outer loop
      vertex 23.8 3.984778792366982 10.148622970990633
      vertex 23.8 0.8999999985098839 39.8
      vertex 23.8 3.939231012048832 10.494592710667723
    endloop
  endfacet
  facet normal 1 0 0
    outer loop
      vertex 23.8 3.8637033051562732 10.835276180410084
      vertex 23.8 0.8999999985098839 39.8
      vertex 23.8 3.7587704831436337 11.168080573302676
    endloop
  endfacet
  facet normal 1 0 0
    outer loop
      vertex 23.8 3.4641016151377544 11.8
      vertex 23.8 0.8999999985098839 39.8
      vertex 23.8 3.276608177155967 12.094305745404185
    endloop
  endfacet
  facet normal 1 0 0
    outer loop
      vertex 23.8 3.7587704831436337 11.168080573302676
      vertex 23.8 0.8999999985098839 39.8
      vertex 23.8 3.6252311481465997 11.490473046962798
    endloop
  endfacet
  facet normal 1 0 0
    outer loop
      vertex 23.8 3.6252311481465997 11.490473046962798
      vertex 23.8 0.8999999985098839 39.8
      vertex 23.8 3.4641016151377544 11.8
    endloop
  endfacet
  facet normal -1 0 0
    outer loop
      vertex 22 3.939231012048832 10.494592710667723
      vertex 22 4.5 33.02967310994863
      vertex 22 34 1.8000000000000007
    endloop
  endfacet
  facet normal 1 0 0
    outer loop
      vertex 23.8 3.984778792366982 10.148622970990633
      vertex 23.8 34 2.980232949312267e-9
      vertex 23.8 0.8999999985098839 39.8
    endloop
  endfacet
  facet normal 0 1 0
    outer loop
      vertex 22 34 1.8000000000000007
      vertex 22 34 7.800000000000001
      vertex 23.38461538514442 34 1.8000000000000007
    endloop
  endfacet
  facet normal 0 1 0
    outer loop
      vertex 23.8 34 2.980232949312267e-9
      vertex 23.38461538514442 34 1.8000000000000007
      vertex 23.8 34 7.800000000000001
    endloop
  endfacet
  facet normal 0 1 0
    outer loop
      vertex 23.38461538514442 34 1.8000000000000007
      vertex 22 34 7.800000000000001
      vertex 23.8 34 7.800000000000001
    endloop
  endfacet
  facet normal -1 0 0
    outer loop
      vertex 22 34 1.8000000000000007
      vertex 22 4.5 33.02967310994863
      vertex 22 34 7.800000000000001
    endloop
  endfacet
  facet normal 1 0 0
    outer loop
      vertex 23.8 34 2.980232949312267e-9
      vertex 23.8 34 7.800000000000001
      vertex 23.8 0.8999999985098839 39.8
    endloop
  endfacet
  facet normal 0 0.695059523707145 0.7189521948669443
    outer loop
      vertex 22 34 7.800000000000001
      vertex 22 4.5 36.31963746095174
      vertex 23.8 34 7.800000000000001
    endloop
  endfacet
  facet normal 1 0 0
    outer loop
      vertex 23.8 -0.34862297099063266 13.784778792366982
      vertex 23.8 0 13.8
      vertex 23.8 0.8999999985098839 39.8
    endloop
  endfacet
  facet normal 1 0 0
    outer loop
      vertex 23.8 0 13.8
      vertex 23.8 0.34862297099063266 13.784778792366982
      vertex 23.8 0.8999999985098839 39.8
    endloop
  endfacet
  facet normal 1 0 0
    outer loop
      vertex 23.8 1.035276180410083 13.663703305156274
      vertex 23.8 0.8999999985098839 39.8
      vertex 23.8 0.6945927106677213 13.739231012048833
    endloop
  endfacet
  facet normal 1 0 0
    outer loop
      vertex 23.8 0.34862297099063266 13.784778792366982
      vertex 23.8 0.6945927106677213 13.739231012048833
      vertex 23.8 0.8999999985098839 39.8
    endloop
  endfacet
  facet normal 1 0 0
    outer loop
      vertex 23.8 2 13.264101615137754
      vertex 23.8 2.294305745404184 13.076608177155968
      vertex 23.8 0.8999999985098839 39.8
    endloop
  endfacet
  facet normal 1 0 0
    outer loop
      vertex 23.8 2.8284271247461903 12.62842712474619
      vertex 23.8 0.8999999985098839 39.8
      vertex 23.8 2.571150438746157 12.864177772475912
    endloop
  endfacet
  facet normal 1 0 0
    outer loop
      vertex 23.8 2.571150438746157 12.864177772475912
      vertex 23.8 0.8999999985098839 39.8
      vertex 23.8 2.294305745404184 13.076608177155968
    endloop
  endfacet
  facet normal 1 0 0
    outer loop
      vertex 23.8 1.035276180410083 13.663703305156274
      vertex 23.8 1.3680805733026749 13.558770483143634
      vertex 23.8 0.8999999985098839 39.8
    endloop
  endfacet
  facet normal 1 0 0
    outer loop
      vertex 23.8 1.3680805733026749 13.558770483143634
      vertex 23.8 1.6904730469627978 13.425231148146601
      vertex 23.8 0.8999999985098839 39.8
    endloop
  endfacet
  facet normal 1 0 0
    outer loop
      vertex 23.8 2 13.264101615137754
      vertex 23.8 0.8999999985098839 39.8
      vertex 23.8 1.6904730469627978 13.425231148146601
    endloop
  endfacet
  facet normal 1 0 0
    outer loop
      vertex 23.8 3.064177772475912 12.371150438746158
      vertex 23.8 0.8999999985098839 39.8
      vertex 23.8 2.8284271247461903 12.62842712474619
    endloop
  endfacet
  facet normal 1 0 0
    outer loop
      vertex 23.8 3.064177772475912 12.371150438746158
      vertex 23.8 3.276608177155967 12.094305745404185
      vertex 23.8 0.8999999985098839 39.8
    endloop
  endfacet
  facet normal -1 0 0
    outer loop
      vertex 22 3.7587704831436337 11.168080573302676
      vertex 22 0.9 29.429673109948634
      vertex 22 4.5 33.02967310994863
    endloop
  endfacet
  facet normal -1 0 0
    outer loop
      vertex 22 34 7.800000000000001
      vertex 22 4.5 33.02967310994863
      vertex 22 4.5 36.31963746095174
    endloop
  endfacet
  facet normal 0 0.6950595237071473 0.7189521948669421
    outer loop
      vertex 23.8 34 7.800000000000001
      vertex 22 4.5 36.31963746095174
      vertex 22.01 4.5 36.31963746095174
    endloop
  endfacet
  facet normal 2.7590474608435043e-15 0.695059523707145 0.7189521948669444
    outer loop
      vertex 23.8 34 7.800000000000001
      vertex 22.01 4.5 36.31963746095174
      vertex 23.8 0.8999999985098839 39.8
    endloop
  endfacet
  facet normal 1.3873075009583596e-15 0.6950595237071446 0.7189521948669447
    outer loop
      vertex 22.01 4.5 36.31963746095174
      vertex 22.01 0.8999999985098875 39.8
      vertex 23.8 0.8999999985098839 39.8
    endloop
  endfacet
  facet normal 0 0 1
    outer loop
      vertex 22.01 -0.8999999985098875 39.8
      vertex 23.8 0.8999999985098839 39.8
      vertex 22.01 0.8999999985098875 39.8
    endloop
  endfacet
  facet normal 0 -1 0
    outer loop
      vertex -23.8 -34 0
      vertex -23.38461538514442 -34 1.8000000000000007
      vertex -23.8 -34 2.980232949312267e-9
    endloop
  endfacet
  facet normal 0 -1 0
    outer loop
      vertex -23.8 -34 0
      vertex -22 -34 1.8000000000000007
      vertex -23.38461538514442 -34 1.8000000000000007
    endloop
  endfacet
  facet normal -1 0 0
    outer loop
      vertex -23.8 -34 0
      vertex -23.8 -34 2.980232949312267e-9
      vertex -23.8 34 0
    endloop
  endfacet
  facet normal 0 -1 0
    outer loop
      vertex -23.8 -34 0
      vertex 22 -34 1.8000000000000007
      vertex -22 -34 1.8000000000000007
    endloop
  endfacet
  facet normal 0 0 1
    outer loop
      vertex -22 -34 1.8000000000000007
      vertex 22 -34 1.8000000000000007
      vertex -22 -0.9 1.8000000000000007
    endloop
  endfacet
  facet normal 0 0 -1
    outer loop
      vertex -23.8 -34 0
      vertex -23.8 34 0
      vertex 23.8 -34 0
    endloop
  endfacet
  facet normal -1 0 0
    outer loop
      vertex -23.8 -34 2.980232949312267e-9
      vertex -23.8 34 2.980232949312267e-9
      vertex -23.8 34 0
    endloop
  endfacet
  facet normal 0 1 0
    outer loop
      vertex -23.8 34 0
      vertex -23.8 34 2.980232949312267e-9
      vertex -22 34 2.980232949312267e-9
    endloop
  endfacet
  facet normal 0 0 1
    outer loop
      vertex -22 0.9 1.8000000000000007
      vertex 22 0.9 1.8000000000000007
      vertex -22 34 1.8000000000000007
    endloop
  endfacet
  facet normal 0 1 0
    outer loop
      vertex -23.8 34 0
      vertex -22 34 2.980232949312267e-9
      vertex 23.8 34 0
    endloop
  endfacet
  facet normal 0 1 0
    outer loop
      vertex -22 34 2.980232949312267e-9
      vertex -22 34 1.8000000000000007
      vertex 23.8 34 0
    endloop
  endfacet
  facet normal 0 -1 0
    outer loop
      vertex -23.8 -34 0
      vertex 22 -34 2.980232949312267e-9
      vertex 22 -34 1.8000000000000007
    endloop
  endfacet
  facet normal 0 -1 0
    outer loop
      vertex -23.8 -34 0
      vertex 23.8 -34 0
      vertex 22 -34 2.980232949312267e-9
    endloop
  endfacet
  facet normal 0 0 1
    outer loop
      vertex -22 -0.9 1.8000000000000007
      vertex 22 -34 1.8000000000000007
      vertex 22 -0.9 1.8000000000000007
    endloop
  endfacet
  facet normal 0 -1 0
    outer loop
      vertex 22 -34 2.980232949312267e-9
      vertex 23.8 -34 0
      vertex 23.8 -34 2.980232949312267e-9
    endloop
  endfacet
  facet normal 1 0 0
    outer loop
      vertex 23.8 -34 0
      vertex 23.8 34 2.980232949312267e-9
      vertex 23.8 -34 2.980232949312267e-9
    endloop
  endfacet
  facet normal 0 0 -1
    outer loop
      vertex -23.8 34 0
      vertex 23.8 34 0
      vertex 23.8 -34 0
    endloop
  endfacet
  facet normal 0 0 1
    outer loop
      vertex -22 34 1.8000000000000007
      vertex 22 0.9 1.8000000000000007
      vertex 22 34 1.8000000000000007
    endloop
  endfacet
  facet normal 0 1 0
    outer loop
      vertex -22 34 1.8000000000000007
      vertex 22 34 1.8000000000000007
      vertex 23.8 34 0
    endloop
  endfacet
  facet normal 1 0 0
    outer loop
      vertex 23.8 -34 0
      vertex 23.8 34 0
      vertex 23.8 34 2.980232949312267e-9
    endloop
  endfacet
  facet normal 0 1 0
    outer loop
      vertex 22 34 1.8000000000000007
      vertex 23.38461538514442 34 1.8000000000000007
      vertex 23.8 34 0
    endloop
  endfacet
  facet normal 0 1 0
    outer loop
      vertex 23.8 34 0
      vertex 23.38461538514442 34 1.8000000000000007
      vertex 23.8 34 2.980232949312267e-9
    endloop
  endfacet
  facet normal 0 -1 0
    outer loop
      vertex -22 -0.9 1.8000000000000007
      vertex 22 -0.9 5.906306687664088
      vertex -22 -0.9 5.906306687664088
    endloop
  endfacet
  facet normal 0 -1 0
    outer loop
      vertex -22 -0.9 13.693693312335913
      vertex 22 -0.9 29.429673109948634
      vertex -22 -0.9 29.429673109948634
    endloop
  endfacet
  facet normal 0 1 0
    outer loop
      vertex -22 0.9 1.8000000000000007
      vertex -22 0.9 5.906306687664088
      vertex 22 0.9 1.8000000000000007
    endloop
  endfacet
  facet normal 0 1 0
    outer loop
      vertex -22 0.9 13.693693312335913
      vertex -22 0.9 29.429673109948634
      vertex 22 0.9 13.693693312335913
    endloop
  endfacet
  facet normal 0 -1 0
    outer loop
      vertex -22 -0.9 1.8000000000000007
      vertex 22 -0.9 1.8000000000000007
      vertex 22 -0.9 5.906306687664088
    endloop
  endfacet
  facet normal 0 -1 0
    outer loop
      vertex -22 -0.9 13.693693312335913
      vertex 22 -0.9 13.693693312335913
      vertex 22 -0.9 29.429673109948634
    endloop
  endfacet
  facet normal 0 1 0
    outer loop
      vertex -22 0.9 5.906306687664088
      vertex 22 0.9 5.906306687664088
      vertex 22 0.9 1.8000000000000007
    endloop
  endfacet
  facet normal 0 1 0
    outer loop
      vertex -22 0.9 29.429673109948634
      vertex 22 0.9 29.429673109948634
      vertex 22 0.9 13.693693312335913
    endloop
  endfacet
  facet normal 0 -1 0
    outer loop
      vertex -22.01 -4.5 36.31963746095174
      vertex -22 -4.5 36.31963746095174
      vertex -22.01 -4.5 42.8
    endloop
  endfacet
  facet normal -1 0 0
    outer loop
      vertex -22.01 -4.5 36.31963746095174
      vertex -22.01 -4.5 42.8
      vertex -22.01 -0.8999999985098875 39.8
    endloop
  endfacet
  facet normal -1 0 0
    outer loop
      vertex -22.01 -4.5 42.8
      vertex -22.01 4.5 42.8
      vertex -22.01 -0.8999999985098875 39.8
    endloop
  endfacet
  facet normal 0 -0.7071067811865474 -0.7071067811865477
    outer loop
      vertex -22 -0.9 29.429673109948634
      vertex 22 -4.5 33.02967310994863
      vertex -22 -4.5 33.02967310994863
    endloop
  endfacet
  facet normal 0 -1 0
    outer loop
      vertex -22 -4.5 33.02967310994863
      vertex 22.01 -4.5 42.8
      vertex -22 -4.5 36.31963746095174
    endloop
  endfacet
  facet normal 0 -1 0
    outer loop
      vertex -22 -4.5 36.31963746095174
      vertex 22.01 -4.5 42.8
      vertex -22.01 -4.5 42.8
    endloop
  endfacet
  facet normal -1 0 0
    outer loop
      vertex -22.01 4.5 36.31963746095174
      vertex -22.01 0.8999999985098875 39.8
      vertex -22.01 4.5 42.8
    endloop
  endfacet
  facet normal -1 0 0
    outer loop
      vertex -22.01 -0.8999999985098875 39.8
      vertex -22.01 4.5 42.8
      vertex -22.01 0.8999999985098875 39.8
    endloop
  endfacet
  facet normal 0 1 0
    outer loop
      vertex -22.01 4.5 36.31963746095174
      vertex -22.01 4.5 42.8
      vertex -22 4.5 36.31963746095174
    endloop
  endfacet
  facet normal 0 0.7071067811865474 -0.7071067811865477
    outer loop
      vertex -22 0.9 29.429673109948634
      vertex -22 4.5 33.02967310994863
      vertex 22 0.9 29.429673109948634
    endloop
  endfacet
  facet normal 0 1 0
    outer loop
      vertex -22 4.5 33.02967310994863
      vertex -22 4.5 36.31963746095174
      vertex 22 4.5 33.02967310994863
    endloop
  endfacet
  facet normal 0 1 0
    outer loop
      vertex -22 4.5 36.31963746095174
      vertex -22.01 4.5 42.8
      vertex 22 4.5 33.02967310994863
    endloop
  endfacet
  facet normal 0 0 1
    outer loop
      vertex -22.01 -4.5 42.8
      vertex 22.01 4.5 42.8
      vertex -22.01 4.5 42.8
    endloop
  endfacet
  facet normal 0 -0.7071067811865474 -0.7071067811865477
    outer loop
      vertex -22 -0.9 29.429673109948634
      vertex 22 -0.9 29.429673109948634
      vertex 22 -4.5 33.02967310994863
    endloop
  endfacet
  facet normal 0 -1 0
    outer loop
      vertex -22 -4.5 33.02967310994863
      vertex 22 -4.5 33.02967310994863
      vertex 22 -4.5 36.31963746095174
    endloop
  endfacet
  facet normal 0 -1 0
    outer loop
      vertex -22 -4.5 33.02967310994863
      vertex 22 -4.5 36.31963746095174
      vertex 22.01 -4.5 42.8
    endloop
  endfacet
  facet normal 0 0 1
    outer loop
      vertex -22.01 -4.5 42.8
      vertex 22.01 -4.5 42.8
      vertex 22.01 4.5 42.8
    endloop
  endfacet
  facet normal 0 -1 0
    outer loop
      vertex 22.01 -4.5 36.31963746095174
      vertex 22.01 -4.5 42.8
      vertex 22 -4.5 36.31963746095174
    endloop
  endfacet
  facet normal 1 0 0
    outer loop
      vertex 22.01 -4.5 36.31963746095174
      vertex 22.01 -0.8999999985098875 39.8
      vertex 22.01 -4.5 42.8
    endloop
  endfacet
  facet normal 1 0 0
    outer loop
      vertex 22.01 -4.5 42.8
      vertex 22.01 -0.8999999985098875 39.8
      vertex 22.01 0.8999999985098875 39.8
    endloop
  endfacet
  facet normal 0 0.7071067811865474 -0.7071067811865477
    outer loop
      vertex -22 4.5 33.02967310994863
      vertex 22 4.5 33.02967310994863
      vertex 22 0.9 29.429673109948634
    endloop
  endfacet
  facet normal 0 1 0
    outer loop
      vertex -22.01 4.5 42.8
      vertex 22 4.5 36.31963746095174
      vertex 22 4.5 33.02967310994863
    endloop
  endfacet
  facet normal 0 1 0
    outer loop
      vertex -22.01 4.5 42.8
      vertex 22.01 4.5 42.8
      vertex 22 4.5 36.31963746095174
    endloop
  endfacet
  facet normal 1 0 0
    outer loop
      vertex 22.01 4.5 36.31963746095174
      vertex 22.01 4.5 42.8
      vertex 22.01 0.8999999985098875 39.8
    endloop
  endfacet
  facet normal 1 0 0
    outer loop
      vertex 22.01 -4.5 42.8
      vertex 22.01 0.8999999985098875 39.8
      vertex 22.01 4.5 42.8
    endloop
  endfacet
  facet normal 0 1 0
    outer loop
      vertex 22.01 4.5 36.31963746095174
      vertex 22 4.5 36.31963746095174
      vertex 22.01 4.5 42.8
    endloop
  endfacet
  facet normal -1 0 0
    outer loop
      vertex -23.8 -0.25371826782159357 5.811077578806206
      vertex -23.8 0 5.800000000000001
      vertex -23.8 0 5.557359310984612
    endloop
  endfacet
  facet normal 1 0 0
    outer loop
      vertex 23.8 -0.2537182678215938 5.811077578806206
      vertex 23.8 0 5.557359310984612
      vertex 23.8 0 5.800000000000001
    endloop
  endfacet
  facet normal 0 -0.6087614290087225 -0.7933533402912336
    outer loop
      vertex -24.7 -2.294305745404184 6.523391822844033
      vertex -23.8 -2.571150438746157 6.735822227524089
      vertex -24.7 -2.571150438746157 6.735822227524089
    endloop
  endfacet
  facet normal 0 -0.5372996083468228 -0.8433914458128864
    outer loop
      vertex -24.7 -2.294305745404184 6.523391822844033
      vertex -24.7 -2 6.335898384862246
      vertex -23.8 -2.294305745404184 6.523391822844033
    endloop
  endfacet
  facet normal 0 -0.6087614290087225 -0.7933533402912336
    outer loop
      vertex -24.7 -2.294305745404184 6.523391822844033
      vertex -23.8 -2.294305745404184 6.523391822844033
      vertex -23.8 -2.571150438746157 6.735822227524089
    endloop
  endfacet
  facet normal 0 -0.7933533402912348 -0.608761429008721
    outer loop
      vertex -24.7 -3.276608177155967 7.5056942545958165
      vertex -24.7 -3.064177772475912 7.228849561253844
      vertex -23.8 -3.276608177155967 7.5056942545958165
    endloop
  endfacet
  facet normal 0 -0.8870108331782219 -0.46174861323503336
    outer loop
      vertex -24.7 -3.4641016151377544 7.800000000000001
      vertex -23.8 -3.6252311481465997 8.109526953037204
      vertex -24.7 -3.6252311481465997 8.109526953037204
    endloop
  endfacet
  facet normal 0 -0.8433914458128858 -0.5372996083468236
    outer loop
      vertex -24.7 -3.276608177155967 7.5056942545958165
      vertex -23.8 -3.4641016151377544 7.800000000000001
      vertex -24.7 -3.4641016151377544 7.800000000000001
    endloop
  endfacet
  facet normal 0 -0.8433914458128858 -0.5372996083468236
    outer loop
      vertex -24.7 -3.276608177155967 7.5056942545958165
      vertex -23.8 -3.276608177155967 7.5056942545958165
      vertex -23.8 -3.4641016151377544 7.800000000000001
    endloop
  endfacet
  facet normal 0 -0.8870108331782219 -0.46174861323503336
    outer loop
      vertex -24.7 -3.4641016151377544 7.800000000000001
      vertex -23.8 -3.4641016151377544 7.800000000000001
      vertex -23.8 -3.6252311481465997 8.109526953037204
    endloop
  endfacet
  facet normal 0 -0.6755902076156591 -0.7372773368101251
    outer loop
      vertex -24.7 -2.8284271247461903 6.971572875253811
      vertex -24.7 -2.571150438746157 6.735822227524089
      vertex -23.8 -2.8284271247461903 6.971572875253811
    endloop
  endfacet
  facet normal 0 -0.7372773368101245 -0.6755902076156597
    outer loop
      vertex -24.7 -2.8284271247461903 6.971572875253811
      vertex -23.8 -3.064177772475912 7.228849561253844
      vertex -24.7 -3.064177772475912 7.228849561253844
    endloop
  endfacet
  facet normal 0 -0.6755902076156591 -0.7372773368101251
    outer loop
      vertex -24.7 -2.571150438746157 6.735822227524089
      vertex -23.8 -2.571150438746157 6.735822227524089
      vertex -23.8 -2.8284271247461903 6.971572875253811
    endloop
  endfacet
  facet normal 0 -0.7933533402912348 -0.608761429008721
    outer loop
      vertex -24.7 -3.064177772475912 7.228849561253844
      vertex -23.8 -3.064177772475912 7.228849561253844
      vertex -23.8 -3.276608177155967 7.5056942545958165
    endloop
  endfacet
  facet normal 0 -0.7372773368101245 -0.6755902076156597
    outer loop
      vertex -24.7 -2.8284271247461903 6.971572875253811
      vertex -23.8 -2.8284271247461903 6.971572875253811
      vertex -23.8 -3.064177772475912 7.228849561253844
    endloop
  endfacet
  facet normal 0 -0.3007057995042718 -0.9537169507482273
    outer loop
      vertex -24.7 -1.3680805733026749 6.041229516856367
      vertex -24.7 -1.035276180410083 5.936296694843728
      vertex -23.8 -1.3680805733026749 6.041229516856367
    endloop
  endfacet
  facet normal 0 -0.3007057995042718 -0.9537169507482273
    outer loop
      vertex -24.7 -1.035276180410083 5.936296694843728
      vertex -23.8 -1.035276180410083 5.936296694843728
      vertex -23.8 -1.3680805733026749 6.041229516856367
    endloop
  endfacet
  facet normal 0 -0.4617486132350352 -0.8870108331782209
    outer loop
      vertex -24.7 -2 6.335898384862246
      vertex -24.7 -1.6904730469627978 6.1747688518534005
      vertex -23.8 -2 6.335898384862246
    endloop
  endfacet
  facet normal 0 -0.3826834323650892 -0.923879532511287
    outer loop
      vertex -24.7 -1.6904730469627978 6.1747688518534005
      vertex -24.7 -1.3680805733026749 6.041229516856367
      vertex -23.8 -1.6904730469627978 6.1747688518534005
    endloop
  endfacet
  facet normal 0 -0.4617486132350352 -0.8870108331782209
    outer loop
      vertex -24.7 -1.6904730469627978 6.1747688518534005
      vertex -23.8 -1.6904730469627978 6.1747688518534005
      vertex -23.8 -2 6.335898384862246
    endloop
  endfacet
  facet normal 0 -0.5372996083468228 -0.8433914458128864
    outer loop
      vertex -23.8 -2.294305745404184 6.523391822844033
      vertex -24.7 -2 6.335898384862246
      vertex -23.8 -2 6.335898384862246
    endloop
  endfacet
  facet normal 0 -0.3826834323650892 -0.923879532511287
    outer loop
      vertex -24.7 -1.3680805733026749 6.041229516856367
      vertex -23.8 -1.3680805733026749 6.041229516856367
      vertex -23.8 -1.6904730469627978 6.1747688518534005
    endloop
  endfacet
  facet normal 0 -0.2164396139381046 -0.9762960071199329
    outer loop
      vertex -24.7 -1.035276180410083 5.936296694843728
      vertex -24.7 -0.6945927106677213 5.860768987951168
      vertex -23.8 -1.035276180410083 5.936296694843728
    endloop
  endfacet
  facet normal 0 -0.13052619222005094 -0.9914448613738106
    outer loop
      vertex -24.7 -0.6945927106677213 5.860768987951168
      vertex -24.7 -0.34862297099063266 5.8152212076330185
      vertex -23.8 -0.6945927106677213 5.860768987951168
    endloop
  endfacet
  facet normal -1.8227711143597657e-16 -0.043619387365335854 -0.9990482215818578
    outer loop
      vertex -24.7 -0.34862297099063266 5.8152212076330185
      vertex -24.7 0 5.800000000000001
      vertex -23.8 -0.25371826782159357 5.811077578806206
    endloop
  endfacet
  facet normal 0 -0.2164396139381046 -0.9762960071199329
    outer loop
      vertex -24.7 -0.6945927106677213 5.860768987951168
      vertex -23.8 -0.6945927106677213 5.860768987951168
      vertex -23.8 -1.035276180410083 5.936296694843728
    endloop
  endfacet
  facet normal 0 -0.13052619222005094 -0.9914448613738106
    outer loop
      vertex -24.7 -0.34862297099063266 5.8152212076330185
      vertex -23.8 -0.34862297099063266 5.8152212076330185
      vertex -23.8 -0.6945927106677213 5.860768987951168
    endloop
  endfacet
  facet normal 0 -0.04361938736533758 -0.9990482215818576
    outer loop
      vertex -24.7 -0.34862297099063266 5.8152212076330185
      vertex -23.8 -0.25371826782159357 5.811077578806206
      vertex -23.8 -0.34862297099063266 5.8152212076330185
    endloop
  endfacet
  facet normal 0 -0.04361938736533521 -0.9990482215818579
    outer loop
      vertex -23.8 -0.25371826782159357 5.811077578806206
      vertex -24.7 0 5.800000000000001
      vertex -23.8 0 5.800000000000001
    endloop
  endfacet
  facet normal -1 0 0
    outer loop
      vertex -24.7 -0.6945927106677213 5.860768987951168
      vertex -24.7 -0.27957356721162796 8.214459519088269
      vertex -24.7 -0.34862297099063266 5.8152212076330185
    endloop
  endfacet
  facet normal -1 0 0
    outer loop
      vertex -24.7 -0.34862297099063266 5.8152212076330185
      vertex -24.7 0 8.190000000596047
      vertex -24.7 0 5.800000000000001
    endloop
  endfacet
  facet normal -1 0 0
    outer loop
      vertex -24.7 -1.3680805733026749 6.041229516856367
      vertex -24.7 -1.0348880514502525 8.56666844636202
      vertex -24.7 -1.035276180410083 5.936296694843728
    endloop
  endfacet
  facet normal -1 0 0
    outer loop
      vertex -24.7 -1.6904730469627978 6.1747688518534005
      vertex -24.7 -1.3188347890973091 8.87654193788767
      vertex -24.7 -1.3680805733026749 6.041229516856367
    endloop
  endfacet
  facet normal -1 0 0
    outer loop
      vertex -24.7 -1.6904730469627978 6.1747688518534005
      vertex -24.7 -1.394300900399685 8.995000000298024
      vertex -24.7 -1.3188347890973091 8.87654193788767
    endloop
  endfacet
  facet normal -1 0 0
    outer loop
      vertex -24.7 -1.3680805733026749 6.041229516856367
      vertex -24.7 -1.2333315536379814 8.765111948549748
      vertex -24.7 -1.1384419202804565 8.661558079719544
    endloop
  endfacet
  facet normal -1 0 0
    outer loop
      vertex -24.7 -1.3680805733026749 6.041229516856367
      vertex -24.7 -1.1384419202804565 8.661558079719544
      vertex -24.7 -1.0348880514502525 8.56666844636202
    endloop
  endfacet
  facet normal -1 0 0
    outer loop
      vertex -24.7 -1.3680805733026749 6.041229516856367
      vertex -24.7 -1.3188347890973091 8.87654193788767
      vertex -24.7 -1.2333315536379814 8.765111948549748
    endloop
  endfacet
  facet normal -1 0 0
    outer loop
      vertex -24.7 -1.035276180410083 5.936296694843728
      vertex -24.7 -0.6804153993725777 8.340844462811948
      vertex -24.7 -0.6945927106677213 5.860768987951168
    endloop
  endfacet
  facet normal -1 0 0
    outer loop
      vertex -24.7 -1.035276180410083 5.936296694843728
      vertex -24.7 -1.0348880514502525 8.56666844636202
      vertex -24.7 -0.9234580621123314 8.481165210902692
    endloop
  endfacet
  facet normal -1 0 0
    outer loop
      vertex -24.7 -1.035276180410083 5.936296694843728
      vertex -24.7 -0.8049999997019768 8.405699099600316
      vertex -24.7 -0.6804153993725777 8.340844462811948
    endloop
  endfacet
  facet normal -1 0 0
    outer loop
      vertex -24.7 -1.035276180410083 5.936296694843728
      vertex -24.7 -0.9234580621123314 8.481165210902692
      vertex -24.7 -0.8049999997019768 8.405699099600316
    endloop
  endfacet
  facet normal -1 0 0
    outer loop
      vertex -24.7 -0.6945927106677213 5.860768987951168
      vertex -24.7 -0.6804153993725777 8.340844462811948
      vertex -24.7 -0.5506524294614792 8.287094879150391
    endloop
  endfacet
  facet normal -1 0 0
    outer loop
      vertex -24.7 -0.6945927106677213 5.860768987951168
      vertex -24.7 -0.5506524294614792 8.287094879150391
      vertex -24.7 -0.4166986644268036 8.244859422743321
    endloop
  endfacet
  facet normal -1 0 0
    outer loop
      vertex -24.7 -0.6945927106677213 5.860768987951168
      vertex -24.7 -0.4166986644268036 8.244859422743321
      vertex -24.7 -0.27957356721162796 8.214459519088269
    endloop
  endfacet
  facet normal -1 0 0
    outer loop
      vertex -24.7 -0.34862297099063266 5.8152212076330185
      vertex -24.7 -0.27957356721162796 8.214459519088269
      vertex -24.7 -0.14032074809074402 8.196126538515092
    endloop
  endfacet
  facet normal -1 0 0
    outer loop
      vertex -24.7 -0.34862297099063266 5.8152212076330185
      vertex -24.7 -0.14032074809074402 8.196126538515092
      vertex -24.7 0 8.190000000596047
    endloop
  endfacet
  facet normal 0 -0.9537169507482273 -0.30070579950427234
    outer loop
      vertex -24.7 -3.7587704831436337 8.431919426697325
      vertex -23.8 -3.8637033051562732 8.764723819589918
      vertex -24.7 -3.8637033051562732 8.764723819589918
    endloop
  endfacet
  facet normal 0 -0.923879532511286 -0.3826834323650917
    outer loop
      vertex -24.7 -3.7587704831436337 8.431919426697325
      vertex -24.7 -3.6252311481465997 8.109526953037204
      vertex -23.8 -3.7587704831436337 8.431919426697325
    endloop
  endfacet
  facet normal 0 -0.9537169507482273 -0.30070579950427234
    outer loop
      vertex -24.7 -3.7587704831436337 8.431919426697325
      vertex -23.8 -3.7587704831436337 8.431919426697325
      vertex -23.8 -3.8637033051562732 8.764723819589918
    endloop
  endfacet
  facet normal 0 -0.923879532511286 -0.3826834323650917
    outer loop
      vertex -24.7 -3.6252311481465997 8.109526953037204
      vertex -23.8 -3.6252311481465997 8.109526953037204
      vertex -23.8 -3.7587704831436337 8.431919426697325
    endloop
  endfacet
  facet normal 0 -0.9762960071199334 -0.21643961393810265
    outer loop
      vertex -24.7 -3.8637033051562732 8.764723819589918
      vertex -23.8 -3.939231012048832 9.105407289332279
      vertex -24.7 -3.939231012048832 9.105407289332279
    endloop
  endfacet
  facet normal 0 -0.9914448613738104 -0.13052619222005188
    outer loop
      vertex -24.7 -3.939231012048832 9.105407289332279
      vertex -23.8 -3.984778792366982 9.451377029009368
      vertex -24.7 -3.984778792366982 9.451377029009368
    endloop
  endfacet
  facet normal -1 0 0
    outer loop
      vertex -24.7 -3.7587704831436337 8.431919426697325
      vertex -24.7 -3.6252311481465997 11.490473046962798
      vertex -24.7 -3.6252311481465997 8.109526953037204
    endloop
  endfacet
  facet normal -1 0 0
    outer loop
      vertex -24.7 -3.4641016151377544 7.800000000000001
      vertex -24.7 -3.6252311481465997 8.109526953037204
      vertex -24.7 -3.4641016151377544 11.8
    endloop
  endfacet
  facet normal -1 0 0
    outer loop
      vertex -24.7 -3.276608177155967 7.5056942545958165
      vertex -24.7 -3.4641016151377544 7.800000000000001
      vertex -24.7 -3.276608177155967 12.094305745404185
    endloop
  endfacet
  facet normal 0 -0.9762960071199334 -0.21643961393810265
    outer loop
      vertex -24.7 -3.8637033051562732 8.764723819589918
      vertex -23.8 -3.8637033051562732 8.764723819589918
      vertex -23.8 -3.939231012048832 9.105407289332279
    endloop
  endfacet
  facet normal 0 -0.9914448613738104 -0.13052619222005188
    outer loop
      vertex -24.7 -3.939231012048832 9.105407289332279
      vertex -23.8 -3.939231012048832 9.105407289332279
      vertex -23.8 -3.984778792366982 9.451377029009368
    endloop
  endfacet
  facet normal -1 0 0
    outer loop
      vertex -24.7 -2.8284271247461903 6.971572875253811
      vertex -24.7 -2.571150438746157 12.864177772475912
      vertex -24.7 -2.571150438746157 6.735822227524089
    endloop
  endfacet
  facet normal -1 0 0
    outer loop
      vertex -24.7 -2.8284271247461903 6.971572875253811
      vertex -24.7 -3.064177772475912 7.228849561253844
      vertex -24.7 -2.8284271247461903 12.62842712474619
    endloop
  endfacet
  facet normal -1 0 0
    outer loop
      vertex -24.7 -3.276608177155967 7.5056942545958165
      vertex -24.7 -3.064177772475912 12.371150438746158
      vertex -24.7 -3.064177772475912 7.228849561253844
    endloop
  endfacet
  facet normal -1 0 0
    outer loop
      vertex -24.7 -2.294305745404184 6.523391822844033
      vertex -24.7 -2.571150438746157 6.735822227524089
      vertex -24.7 -2.294305745404184 13.076608177155968
    endloop
  endfacet
  facet normal -1 0 0
    outer loop
      vertex -24.7 -3.7587704831436337 8.431919426697325
      vertex -24.7 -3.8637033051562732 8.764723819589918
      vertex -24.7 -3.7587704831436337 11.168080573302676
    endloop
  endfacet
  facet normal -1 0 0
    outer loop
      vertex -24.7 -3.8637033051562732 8.764723819589918
      vertex -24.7 -3.939231012048832 9.105407289332279
      vertex -24.7 -3.8637033051562732 10.835276180410084
    endloop
  endfacet
  facet normal -1 0 0
    outer loop
      vertex -24.7 -3.939231012048832 9.105407289332279
      vertex -24.7 -3.984778792366982 9.451377029009368
      vertex -24.7 -3.939231012048832 10.494592710667723
    endloop
  endfacet
  facet normal 0 -0.9990482215818578 -0.04361938736533587
    outer loop
      vertex -24.7 -3.984778792366982 9.451377029009368
      vertex -23.8 -4 9.8
      vertex -24.7 -4 9.8
    endloop
  endfacet
  facet normal -1 0 0
    outer loop
      vertex -24.7 -3.984778792366982 9.451377029009368
      vertex -24.7 -4 9.8
      vertex -24.7 -3.984778792366982 10.148622970990633
    endloop
  endfacet
  facet normal 0 -0.9990482215818578 -0.04361938736533587
    outer loop
      vertex -24.7 -3.984778792366982 9.451377029009368
      vertex -23.8 -3.984778792366982 9.451377029009368
      vertex -23.8 -4 9.8
    endloop
  endfacet
  facet normal 0 -0.9990482215818578 0.04361938736533587
    outer loop
      vertex -24.7 -4 9.8
      vertex -23.8 -4 9.8
      vertex -23.8 -3.984778792366982 10.148622970990633
    endloop
  endfacet
  facet normal -1 0 0
    outer loop
      vertex -24.7 -3.984778792366982 9.451377029009368
      vertex -24.7 -3.984778792366982 10.148622970990633
      vertex -24.7 -3.939231012048832 10.494592710667723
    endloop
  endfacet
  facet normal -1 0 0
    outer loop
      vertex -24.7 -3.939231012048832 9.105407289332279
      vertex -24.7 -3.939231012048832 10.494592710667723
      vertex -24.7 -3.8637033051562732 10.835276180410084
    endloop
  endfacet
  facet normal -1 0 0
    outer loop
      vertex -24.7 -3.8637033051562732 8.764723819589918
      vertex -24.7 -3.8637033051562732 10.835276180410084
      vertex -24.7 -3.7587704831436337 11.168080573302676
    endloop
  endfacet
  facet normal 0 -0.9990482215818578 0.04361938736533587
    outer loop
      vertex -24.7 -4 9.8
      vertex -23.8 -3.984778792366982 10.148622970990633
      vertex -24.7 -3.984778792366982 10.148622970990633
    endloop
  endfacet
  facet normal 0 -0.9914448613738104 0.13052619222005188
    outer loop
      vertex -24.7 -3.984778792366982 10.148622970990633
      vertex -23.8 -3.939231012048832 10.494592710667723
      vertex -24.7 -3.939231012048832 10.494592710667723
    endloop
  endfacet
  facet normal -1 0 0
    outer loop
      vertex -24.7 -3.7587704831436337 8.431919426697325
      vertex -24.7 -3.7587704831436337 11.168080573302676
      vertex -24.7 -3.6252311481465997 11.490473046962798
    endloop
  endfacet
  facet normal -1 0 0
    outer loop
      vertex -24.7 -3.6252311481465997 8.109526953037204
      vertex -24.7 -3.6252311481465997 11.490473046962798
      vertex -24.7 -3.4641016151377544 11.8
    endloop
  endfacet
  facet normal -1 0 0
    outer loop
      vertex -24.7 -3.4641016151377544 7.800000000000001
      vertex -24.7 -3.4641016151377544 11.8
      vertex -24.7 -3.276608177155967 12.094305745404185
    endloop
  endfacet
  facet normal -1 0 0
    outer loop
      vertex -24.7 -3.276608177155967 7.5056942545958165
      vertex -24.7 -3.276608177155967 12.094305745404185
      vertex -24.7 -3.064177772475912 12.371150438746158
    endloop
  endfacet
  facet normal 0 -0.9914448613738104 0.13052619222005188
    outer loop
      vertex -24.7 -3.984778792366982 10.148622970990633
      vertex -23.8 -3.984778792366982 10.148622970990633
      vertex -23.8 -3.939231012048832 10.494592710667723
    endloop
  endfacet
  facet normal 0 -0.9762960071199334 0.21643961393810265
    outer loop
      vertex -24.7 -3.939231012048832 10.494592710667723
      vertex -23.8 -3.939231012048832 10.494592710667723
      vertex -23.8 -3.8637033051562732 10.835276180410084
    endloop
  endfacet
  facet normal -1 0 0
    outer loop
      vertex -24.7 -1.6904730469627978 6.1747688518534005
      vertex -24.7 -1.5855404809117317 9.520426432788373
      vertex -24.7 -1.5551405772566795 9.383301335573197
    endloop
  endfacet
  facet normal -1 0 0
    outer loop
      vertex -24.7 -1.6904730469627978 6.1747688518534005
      vertex -24.7 -1.603873461484909 9.659679251909257
      vertex -24.7 -1.5855404809117317 9.520426432788373
    endloop
  endfacet
  facet normal -1 0 0
    outer loop
      vertex -24.7 -2 6.335898384862246
      vertex -24.7 -1.6904730469627978 13.425231148146601
      vertex -24.7 -1.6904730469627978 6.1747688518534005
    endloop
  endfacet
  facet normal -1 0 0
    outer loop
      vertex -24.7 -1.6904730469627978 6.1747688518534005
      vertex -24.7 -1.6099999994039536 9.8
      vertex -24.7 -1.603873461484909 9.659679251909257
    endloop
  endfacet
  facet normal -1 0 0
    outer loop
      vertex -24.7 -1.6904730469627978 6.1747688518534005
      vertex -24.7 -1.4591555371880531 9.119584600627423
      vertex -24.7 -1.394300900399685 8.995000000298024
    endloop
  endfacet
  facet normal -1 0 0
    outer loop
      vertex -24.7 -1.6904730469627978 6.1747688518534005
      vertex -24.7 -1.5129051208496094 9.249347570538522
      vertex -24.7 -1.4591555371880531 9.119584600627423
    endloop
  endfacet
  facet normal -1 0 0
    outer loop
      vertex -24.7 -1.6904730469627978 6.1747688518534005
      vertex -24.7 -1.5551405772566795 9.383301335573197
      vertex -24.7 -1.5129051208496094 9.249347570538522
    endloop
  endfacet
  facet normal -1 0 0
    outer loop
      vertex -24.7 -2.294305745404184 6.523391822844033
      vertex -24.7 -2 13.264101615137754
      vertex -24.7 -2 6.335898384862246
    endloop
  endfacet
  facet normal -1 0 0
    outer loop
      vertex -24.7 -1.6904730469627978 6.1747688518534005
      vertex -24.7 -1.6904730469627978 13.425231148146601
      vertex -24.7 -1.6099999994039536 9.8
    endloop
  endfacet
  facet normal 0 -0.9762960071199334 0.21643961393810265
    outer loop
      vertex -24.7 -3.939231012048832 10.494592710667723
      vertex -23.8 -3.8637033051562732 10.835276180410084
      vertex -24.7 -3.8637033051562732 10.835276180410084
    endloop
  endfacet
  facet normal 0 -0.9537169507482273 0.30070579950427234
    outer loop
      vertex -24.7 -3.8637033051562732 10.835276180410084
      vertex -23.8 -3.7587704831436337 11.168080573302676
      vertex -24.7 -3.7587704831436337 11.168080573302676
    endloop
  endfacet
  facet normal 0 -0.9537169507482273 0.30070579950427234
    outer loop
      vertex -24.7 -3.8637033051562732 10.835276180410084
      vertex -23.8 -3.8637033051562732 10.835276180410084
      vertex -23.8 -3.7587704831436337 11.168080573302676
    endloop
  endfacet
  facet normal 0 -0.923879532511286 0.3826834323650917
    outer loop
      vertex -24.7 -3.7587704831436337 11.168080573302676
      vertex -23.8 -3.7587704831436337 11.168080573302676
      vertex -23.8 -3.6252311481465997 11.490473046962798
    endloop
  endfacet
  facet normal 0 -0.923879532511286 0.3826834323650917
    outer loop
      vertex -24.7 -3.7587704831436337 11.168080573302676
      vertex -23.8 -3.6252311481465997 11.490473046962798
      vertex -24.7 -3.6252311481465997 11.490473046962798
    endloop
  endfacet
  facet normal 0 -0.8870108331782219 0.46174861323503336
    outer loop
      vertex -24.7 -3.6252311481465997 11.490473046962798
      vertex -23.8 -3.4641016151377544 11.8
      vertex -24.7 -3.4641016151377544 11.8
    endloop
  endfacet
  facet normal 0 -0.8433914458128858 0.5372996083468236
    outer loop
      vertex -24.7 -3.4641016151377544 11.8
      vertex -23.8 -3.276608177155967 12.094305745404185
      vertex -24.7 -3.276608177155967 12.094305745404185
    endloop
  endfacet
  facet normal 0 -0.8870108331782219 0.46174861323503336
    outer loop
      vertex -24.7 -3.6252311481465997 11.490473046962798
      vertex -23.8 -3.6252311481465997 11.490473046962798
      vertex -23.8 -3.4641016151377544 11.8
    endloop
  endfacet
  facet normal 0 -0.8433914458128858 0.5372996083468236
    outer loop
      vertex -24.7 -3.4641016151377544 11.8
      vertex -23.8 -3.4641016151377544 11.8
      vertex -23.8 -3.276608177155967 12.094305745404185
    endloop
  endfacet
  facet normal -1 0 0
    outer loop
      vertex -24.7 -3.064177772475912 7.228849561253844
      vertex -24.7 -3.064177772475912 12.371150438746158
      vertex -24.7 -2.8284271247461903 12.62842712474619
    endloop
  endfacet
  facet normal -1 0 0
    outer loop
      vertex -24.7 -2.8284271247461903 6.971572875253811
      vertex -24.7 -2.8284271247461903 12.62842712474619
      vertex -24.7 -2.571150438746157 12.864177772475912
    endloop
  endfacet
  facet normal -1 0 0
    outer loop
      vertex -24.7 -2.571150438746157 6.735822227524089
      vertex -24.7 -2.571150438746157 12.864177772475912
      vertex -24.7 -2.294305745404184 13.076608177155968
    endloop
  endfacet
  facet normal -1 0 0
    outer loop
      vertex -24.7 -2.294305745404184 6.523391822844033
      vertex -24.7 -2.294305745404184 13.076608177155968
      vertex -24.7 -2 13.264101615137754
    endloop
  endfacet
  facet normal 0 -0.7933533402912348 0.608761429008721
    outer loop
      vertex -24.7 -3.276608177155967 12.094305745404185
      vertex -23.8 -3.276608177155967 12.094305745404185
      vertex -23.8 -3.064177772475912 12.371150438746158
    endloop
  endfacet
  facet normal 0 -0.7933533402912348 0.608761429008721
    outer loop
      vertex -24.7 -3.276608177155967 12.094305745404185
      vertex -23.8 -3.064177772475912 12.371150438746158
      vertex -24.7 -3.064177772475912 12.371150438746158
    endloop
  endfacet
  facet normal 0 -0.7372773368101245 0.6755902076156597
    outer loop
      vertex -24.7 -3.064177772475912 12.371150438746158
      vertex -23.8 -2.8284271247461903 12.62842712474619
      vertex -24.7 -2.8284271247461903 12.62842712474619
    endloop
  endfacet
  facet normal 0 -0.7372773368101245 0.6755902076156597
    outer loop
      vertex -24.7 -3.064177772475912 12.371150438746158
      vertex -23.8 -3.064177772475912 12.371150438746158
      vertex -23.8 -2.8284271247461903 12.62842712474619
    endloop
  endfacet
  facet normal 0 -0.6755902076156591 0.7372773368101251
    outer loop
      vertex -24.7 -2.8284271247461903 12.62842712474619
      vertex -23.8 -2.571150438746157 12.864177772475912
      vertex -24.7 -2.571150438746157 12.864177772475912
    endloop
  endfacet
  facet normal 0 -0.6087614290087225 0.7933533402912336
    outer loop
      vertex -24.7 -2.571150438746157 12.864177772475912
      vertex -23.8 -2.294305745404184 13.076608177155968
      vertex -24.7 -2.294305745404184 13.076608177155968
    endloop
  endfacet
  facet normal 0 -0.6755902076156591 0.7372773368101251
    outer loop
      vertex -24.7 -2.8284271247461903 12.62842712474619
      vertex -23.8 -2.8284271247461903 12.62842712474619
      vertex -23.8 -2.571150438746157 12.864177772475912
    endloop
  endfacet
  facet normal 0 -0.6087614290087225 0.7933533402912336
    outer loop
      vertex -24.7 -2.571150438746157 12.864177772475912
      vertex -23.8 -2.571150438746157 12.864177772475912
      vertex -23.8 -2.294305745404184 13.076608177155968
    endloop
  endfacet
  facet normal 0 -0.537299608346821 0.8433914458128876
    outer loop
      vertex -24.7 -2.294305745404184 13.076608177155968
      vertex -23.8 -2.294305745404184 13.076608177155968
      vertex -23.8 -2 13.264101615137754
    endloop
  endfacet
  facet normal -1 0 0
    outer loop
      vertex -24.7 -2 6.335898384862246
      vertex -24.7 -2 13.264101615137754
      vertex -24.7 -1.6904730469627978 13.425231148146601
    endloop
  endfacet
  facet normal -1 0 0
    outer loop
      vertex -24.7 -1.6904730469627978 13.425231148146601
      vertex -24.7 -1.603873461484909 9.940320748090745
      vertex -24.7 -1.6099999994039536 9.8
    endloop
  endfacet
  facet normal -1 0 0
    outer loop
      vertex -24.7 -1.6904730469627978 13.425231148146601
      vertex -24.7 -1.5855404809117317 10.079573567211629
      vertex -24.7 -1.603873461484909 9.940320748090745
    endloop
  endfacet
  facet normal -1 0 0
    outer loop
      vertex -24.7 -1.6904730469627978 13.425231148146601
      vertex -24.7 -1.5551405772566795 10.216698664426804
      vertex -24.7 -1.5855404809117317 10.079573567211629
    endloop
  endfacet
  facet normal -1 0 0
    outer loop
      vertex -24.7 -1.6904730469627978 13.425231148146601
      vertex -24.7 -1.5129051208496094 10.35065242946148
      vertex -24.7 -1.5551405772566795 10.216698664426804
    endloop
  endfacet
  facet normal -1 0 0
    outer loop
      vertex -24.7 -1.3680805733026749 13.558770483143634
      vertex -24.7 -1.4591555371880531 10.480415399372578
      vertex -24.7 -1.5129051208496094 10.35065242946148
    endloop
  endfacet
  facet normal -1 0 0
    outer loop
      vertex -24.7 -1.3680805733026749 13.558770483143634
      vertex -24.7 -1.394300900399685 10.604999999701977
      vertex -24.7 -1.4591555371880531 10.480415399372578
    endloop
  endfacet
  facet normal -1 0 0
    outer loop
      vertex -24.7 -1.3680805733026749 13.558770483143634
      vertex -24.7 -1.3188347890973091 10.723458062112332
      vertex -24.7 -1.394300900399685 10.604999999701977
    endloop
  endfacet
  facet normal -1 0 0
    outer loop
      vertex -24.7 -1.3680805733026749 13.558770483143634
      vertex -24.7 -1.2333315536379814 10.834888051450253
      vertex -24.7 -1.3188347890973091 10.723458062112332
    endloop
  endfacet
  facet normal -1 0 0
    outer loop
      vertex -24.7 -1.035276180410083 13.663703305156274
      vertex -24.7 -1.1384419202804565 10.938441920280457
      vertex -24.7 -1.2333315536379814 10.834888051450253
    endloop
  endfacet
  facet normal -1 0 0
    outer loop
      vertex -24.7 -1.6904730469627978 13.425231148146601
      vertex -24.7 -1.3680805733026749 13.558770483143634
      vertex -24.7 -1.5129051208496094 10.35065242946148
    endloop
  endfacet
  facet normal -1 0 0
    outer loop
      vertex -24.7 -1.3680805733026749 13.558770483143634
      vertex -24.7 -1.035276180410083 13.663703305156274
      vertex -24.7 -1.2333315536379814 10.834888051450253
    endloop
  endfacet
  facet normal 0 -0.537299608346821 0.8433914458128876
    outer loop
      vertex -24.7 -2.294305745404184 13.076608177155968
      vertex -23.8 -2 13.264101615137754
      vertex -24.7 -2 13.264101615137754
    endloop
  endfacet
  facet normal 0 -0.46174861323503724 0.88701083317822
    outer loop
      vertex -24.7 -2 13.264101615137754
      vertex -23.8 -1.6904730469627978 13.425231148146601
      vertex -24.7 -1.6904730469627978 13.425231148146601
    endloop
  endfacet
  facet normal 0 -0.46174861323503724 0.88701083317822
    outer loop
      vertex -24.7 -2 13.264101615137754
      vertex -23.8 -2 13.264101615137754
      vertex -23.8 -1.6904730469627978 13.425231148146601
    endloop
  endfacet
  facet normal -1 0 0
    outer loop
      vertex -24.7 0 13.8
      vertex -24.7 0 12.076883833110333
      vertex -24.7 -1.1384419202804565 10.938441920280457
    endloop
  endfacet
  facet normal -1 0 0
    outer loop
      vertex -24.7 -1.035276180410083 13.663703305156274
      vertex -24.7 -0.6945927106677213 13.739231012048833
      vertex -24.7 -1.1384419202804565 10.938441920280457
    endloop
  endfacet
  facet normal -1 0 0
    outer loop
      vertex -24.7 -0.6945927106677213 13.739231012048833
      vertex -24.7 -0.34862297099063266 13.784778792366982
      vertex -24.7 -1.1384419202804565 10.938441920280457
    endloop
  endfacet
  facet normal -1 0 0
    outer loop
      vertex -24.7 -0.34862297099063266 13.784778792366982
      vertex -24.7 0 13.8
      vertex -24.7 -1.1384419202804565 10.938441920280457
    endloop
  endfacet
  facet normal 0 -0.3826834323650892 0.923879532511287
    outer loop
      vertex -24.7 -1.6904730469627978 13.425231148146601
      vertex -23.8 -1.3680805733026749 13.558770483143634
      vertex -24.7 -1.3680805733026749 13.558770483143634
    endloop
  endfacet
  facet normal 0 -0.3007057995042718 0.9537169507482273
    outer loop
      vertex -24.7 -1.3680805733026749 13.558770483143634
      vertex -23.8 -1.035276180410083 13.663703305156274
      vertex -24.7 -1.035276180410083 13.663703305156274
    endloop
  endfacet
  facet normal 0 -0.3826834323650892 0.923879532511287
    outer loop
      vertex -24.7 -1.6904730469627978 13.425231148146601
      vertex -23.8 -1.6904730469627978 13.425231148146601
      vertex -23.8 -1.3680805733026749 13.558770483143634
    endloop
  endfacet
  facet normal 0 -0.3007057995042718 0.9537169507482273
    outer loop
      vertex -24.7 -1.3680805733026749 13.558770483143634
      vertex -23.8 -1.3680805733026749 13.558770483143634
      vertex -23.8 -1.035276180410083 13.663703305156274
    endloop
  endfacet
  facet normal 0 -0.2164396139381046 0.9762960071199329
    outer loop
      vertex -24.7 -1.035276180410083 13.663703305156274
      vertex -23.8 -0.6945927106677213 13.739231012048833
      vertex -24.7 -0.6945927106677213 13.739231012048833
    endloop
  endfacet
  facet normal 0 -0.1305261922200484 0.9914448613738107
    outer loop
      vertex -24.7 -0.6945927106677213 13.739231012048833
      vertex -23.8 -0.34862297099063266 13.784778792366982
      vertex -24.7 -0.34862297099063266 13.784778792366982
    endloop
  endfacet
  facet normal 0 -0.043619387365338394 0.9990482215818576
    outer loop
      vertex -24.7 -0.34862297099063266 13.784778792366982
      vertex -23.8 0 13.8
      vertex -24.7 0 13.8
    endloop
  endfacet
  facet normal 0 -0.2164396139381046 0.9762960071199329
    outer loop
      vertex -24.7 -1.035276180410083 13.663703305156274
      vertex -23.8 -1.035276180410083 13.663703305156274
      vertex -23.8 -0.6945927106677213 13.739231012048833
    endloop
  endfacet
  facet normal 0 -0.1305261922200484 0.9914448613738107
    outer loop
      vertex -24.7 -0.6945927106677213 13.739231012048833
      vertex -23.8 -0.6945927106677213 13.739231012048833
      vertex -23.8 -0.34862297099063266 13.784778792366982
    endloop
  endfacet
  facet normal 0 -0.043619387365338394 0.9990482215818576
    outer loop
      vertex -24.7 -0.34862297099063266 13.784778792366982
      vertex -23.8 -0.34862297099063266 13.784778792366982
      vertex -23.8 0 13.8
    endloop
  endfacet
  facet normal 0 -0.6087614290087225 -0.7933533402912336
    outer loop
      vertex -22 -2.294305745404184 6.523391822844033
      vertex 22 -2.571150438746157 6.735822227524089
      vertex -22 -2.571150438746157 6.735822227524089
    endloop
  endfacet
  facet normal 0 -0.5372996083468227 -0.8433914458128865
    outer loop
      vertex -22 -2.294305745404184 6.523391822844033
      vertex -22 -2 6.335898384862246
      vertex 22 -2.294305745404184 6.523391822844033
    endloop
  endfacet
  facet normal 0 -0.7933533402912348 -0.608761429008721
    outer loop
      vertex -22 -3.276608177155967 7.5056942545958165
      vertex -22 -3.064177772475912 7.228849561253844
      vertex 22 -3.276608177155967 7.5056942545958165
    endloop
  endfacet
  facet normal 0 -0.8870108331782219 -0.46174861323503336
    outer loop
      vertex -22 -3.4641016151377544 7.800000000000001
      vertex 22 -3.6252311481465997 8.109526953037204
      vertex -22 -3.6252311481465997 8.109526953037204
    endloop
  endfacet
  facet normal 0 -0.8433914458128858 -0.5372996083468237
    outer loop
      vertex -22 -3.276608177155967 7.5056942545958165
      vertex 22 -3.4641016151377544 7.800000000000001
      vertex -22 -3.4641016151377544 7.800000000000001
    endloop
  endfacet
  facet normal 0 -0.6755902076156591 -0.7372773368101251
    outer loop
      vertex -22 -2.8284271247461903 6.971572875253811
      vertex -22 -2.571150438746157 6.735822227524089
      vertex 22 -2.8284271247461903 6.971572875253811
    endloop
  endfacet
  facet normal 0 -0.7372773368101244 -0.6755902076156597
    outer loop
      vertex -22 -2.8284271247461903 6.971572875253811
      vertex 22 -3.064177772475912 7.228849561253844
      vertex -22 -3.064177772475912 7.228849561253844
    endloop
  endfacet
  facet normal 0 -0.30070579950427173 -0.9537169507482274
    outer loop
      vertex -22 -1.3680805733026749 6.041229516856367
      vertex -22 -1.035276180410083 5.936296694843728
      vertex 22 -1.3680805733026749 6.041229516856367
    endloop
  endfacet
  facet normal 0 -0.46174861323503513 -0.887010833178221
    outer loop
      vertex -22 -2 6.335898384862246
      vertex -22 -1.6904730469627978 6.1747688518534005
      vertex 22 -2 6.335898384862246
    endloop
  endfacet
  facet normal 0 -0.3826834323650893 -0.923879532511287
    outer loop
      vertex -22 -1.6904730469627978 6.1747688518534005
      vertex -22 -1.3680805733026749 6.041229516856367
      vertex 22 -1.6904730469627978 6.1747688518534005
    endloop
  endfacet
  facet normal 0 -0.21643961393810923 -0.9762960071199319
    outer loop
      vertex -22 -1.035276180410083 5.936296694843728
      vertex -22 -0.9 5.906306687664088
      vertex 22 -0.9 5.906306687664088
    endloop
  endfacet
  facet normal 0 -0.9537169507482273 -0.3007057995042724
    outer loop
      vertex -22 -3.7587704831436337 8.431919426697325
      vertex 22 -3.8637033051562732 8.764723819589918
      vertex -22 -3.8637033051562732 8.764723819589918
    endloop
  endfacet
  facet normal 0 -0.923879532511286 -0.3826834323650917
    outer loop
      vertex -22 -3.7587704831436337 8.431919426697325
      vertex -22 -3.6252311481465997 8.109526953037204
      vertex 22 -3.7587704831436337 8.431919426697325
    endloop
  endfacet
  facet normal 0 -0.9762960071199334 -0.21643961393810265
    outer loop
      vertex -22 -3.8637033051562732 8.764723819589918
      vertex 22 -3.939231012048832 9.105407289332279
      vertex -22 -3.939231012048832 9.105407289332279
    endloop
  endfacet
  facet normal 0 -0.9914448613738104 -0.13052619222005185
    outer loop
      vertex -22 -3.939231012048832 9.105407289332279
      vertex 22 -3.984778792366982 9.451377029009368
      vertex -22 -3.984778792366982 9.451377029009368
    endloop
  endfacet
  facet normal 0 -0.9990482215818577 -0.04361938736533587
    outer loop
      vertex -22 -3.984778792366982 9.451377029009368
      vertex 22 -4 9.8
      vertex -22 -4 9.8
    endloop
  endfacet
  facet normal 0 -0.9990482215818577 0.04361938736533587
    outer loop
      vertex -22 -4 9.8
      vertex 22 -3.984778792366982 10.148622970990633
      vertex -22 -3.984778792366982 10.148622970990633
    endloop
  endfacet
  facet normal 0 -0.9914448613738104 0.13052619222005185
    outer loop
      vertex -22 -3.984778792366982 10.148622970990633
      vertex 22 -3.939231012048832 10.494592710667723
      vertex -22 -3.939231012048832 10.494592710667723
    endloop
  endfacet
  facet normal 0 -0.9762960071199334 0.21643961393810265
    outer loop
      vertex -22 -3.939231012048832 10.494592710667723
      vertex 22 -3.8637033051562732 10.835276180410084
      vertex -22 -3.8637033051562732 10.835276180410084
    endloop
  endfacet
  facet normal 0 -0.9537169507482273 0.3007057995042724
    outer loop
      vertex -22 -3.8637033051562732 10.835276180410084
      vertex 22 -3.7587704831436337 11.168080573302676
      vertex -22 -3.7587704831436337 11.168080573302676
    endloop
  endfacet
  facet normal 0 -0.923879532511286 0.3826834323650917
    outer loop
      vertex -22 -3.7587704831436337 11.168080573302676
      vertex 22 -3.6252311481465997 11.490473046962798
      vertex -22 -3.6252311481465997 11.490473046962798
    endloop
  endfacet
  facet normal 0 -0.8870108331782219 0.46174861323503336
    outer loop
      vertex -22 -3.6252311481465997 11.490473046962798
      vertex 22 -3.4641016151377544 11.8
      vertex -22 -3.4641016151377544 11.8
    endloop
  endfacet
  facet normal 0 -0.8433914458128858 0.5372996083468237
    outer loop
      vertex -22 -3.4641016151377544 11.8
      vertex 22 -3.276608177155967 12.094305745404185
      vertex -22 -3.276608177155967 12.094305745404185
    endloop
  endfacet
  facet normal 0 -0.7933533402912348 0.608761429008721
    outer loop
      vertex -22 -3.276608177155967 12.094305745404185
      vertex 22 -3.064177772475912 12.371150438746158
      vertex -22 -3.064177772475912 12.371150438746158
    endloop
  endfacet
  facet normal 0 -0.7372773368101244 0.6755902076156597
    outer loop
      vertex -22 -3.064177772475912 12.371150438746158
      vertex 22 -2.8284271247461903 12.62842712474619
      vertex -22 -2.8284271247461903 12.62842712474619
    endloop
  endfacet
  facet normal 0 -0.6755902076156591 0.7372773368101251
    outer loop
      vertex -22 -2.8284271247461903 12.62842712474619
      vertex 22 -2.571150438746157 12.864177772475912
      vertex -22 -2.571150438746157 12.864177772475912
    endloop
  endfacet
  facet normal 0 -0.6087614290087225 0.7933533402912336
    outer loop
      vertex -22 -2.571150438746157 12.864177772475912
      vertex 22 -2.294305745404184 13.076608177155968
      vertex -22 -2.294305745404184 13.076608177155968
    endloop
  endfacet
  facet normal 0 -0.5372996083468209 0.8433914458128876
    outer loop
      vertex -22 -2.294305745404184 13.076608177155968
      vertex 22 -2 13.264101615137754
      vertex -22 -2 13.264101615137754
    endloop
  endfacet
  facet normal 0 -0.4617486132350372 0.88701083317822
    outer loop
      vertex -22 -2 13.264101615137754
      vertex 22 -1.6904730469627978 13.425231148146601
      vertex -22 -1.6904730469627978 13.425231148146601
    endloop
  endfacet
  facet normal 0 -0.3826834323650893 0.923879532511287
    outer loop
      vertex -22 -1.6904730469627978 13.425231148146601
      vertex 22 -1.3680805733026749 13.558770483143634
      vertex -22 -1.3680805733026749 13.558770483143634
    endloop
  endfacet
  facet normal 0 -0.30070579950427173 0.9537169507482274
    outer loop
      vertex -22 -1.3680805733026749 13.558770483143634
      vertex 22 -1.035276180410083 13.663703305156274
      vertex -22 -1.035276180410083 13.663703305156274
    endloop
  endfacet
  facet normal 0 -0.21643961393810923 0.9762960071199319
    outer loop
      vertex -22 -1.035276180410083 13.663703305156274
      vertex 22 -1.035276180410083 13.663703305156274
      vertex -22 -0.9 13.693693312335913
    endloop
  endfacet
  facet normal 0 0.043619387365335854 -0.9990482215818578
    outer loop
      vertex -24.7 0 5.800000000000001
      vertex -24.7 0.34862297099063266 5.8152212076330185
      vertex -23.8 0 5.800000000000001
    endloop
  endfacet
  facet normal 0 0.13052619222005094 -0.9914448613738106
    outer loop
      vertex -24.7 0.34862297099063266 5.8152212076330185
      vertex -24.7 0.6945927106677213 5.860768987951168
      vertex -23.8 0.34862297099063266 5.8152212076330185
    endloop
  endfacet
  facet normal 0 0.2164396139381046 -0.9762960071199329
    outer loop
      vertex -24.7 0.6945927106677213 5.860768987951168
      vertex -24.7 1.035276180410083 5.936296694843728
      vertex -23.8 0.6945927106677213 5.860768987951168
    endloop
  endfacet
  facet normal 0 0.043619387365335854 -0.9990482215818578
    outer loop
      vertex -24.7 0.34862297099063266 5.8152212076330185
      vertex -23.8 0.34862297099063266 5.8152212076330185
      vertex -23.8 0 5.800000000000001
    endloop
  endfacet
  facet normal 0 0.13052619222005094 -0.9914448613738106
    outer loop
      vertex -24.7 0.6945927106677213 5.860768987951168
      vertex -23.8 0.6945927106677213 5.860768987951168
      vertex -23.8 0.34862297099063266 5.8152212076330185
    endloop
  endfacet
  facet normal 0 0.2164396139381046 -0.9762960071199329
    outer loop
      vertex -24.7 1.035276180410083 5.936296694843728
      vertex -23.8 1.035276180410083 5.936296694843728
      vertex -23.8 0.6945927106677213 5.860768987951168
    endloop
  endfacet
  facet normal -1 0 0
    outer loop
      vertex -24.7 0 5.800000000000001
      vertex -24.7 0.14032074809074402 8.196126538515092
      vertex -24.7 0.34862297099063266 5.8152212076330185
    endloop
  endfacet
  facet normal -1 0 0
    outer loop
      vertex -24.7 0.34862297099063266 5.8152212076330185
      vertex -24.7 0.5506524294614792 8.287094879150391
      vertex -24.7 0.6945927106677213 5.860768987951168
    endloop
  endfacet
  facet normal 0 0.3007057995042718 -0.9537169507482273
    outer loop
      vertex -24.7 1.035276180410083 5.936296694843728
      vertex -24.7 1.3680805733026749 6.041229516856367
      vertex -23.8 1.035276180410083 5.936296694843728
    endloop
  endfacet
  facet normal 0 0.3007057995042718 -0.9537169507482273
    outer loop
      vertex -24.7 1.3680805733026749 6.041229516856367
      vertex -23.8 1.3680805733026749 6.041229516856367
      vertex -23.8 1.035276180410083 5.936296694843728
    endloop
  endfacet
  facet normal 0 0.3826834323650892 -0.923879532511287
    outer loop
      vertex -24.7 1.3680805733026749 6.041229516856367
      vertex -24.7 1.6904730469627978 6.1747688518534005
      vertex -23.8 1.3680805733026749 6.041229516856367
    endloop
  endfacet
  facet normal 0 0.4617486132350352 -0.8870108331782209
    outer loop
      vertex -24.7 1.6904730469627978 6.1747688518534005
      vertex -24.7 2 6.335898384862246
      vertex -23.8 1.6904730469627978 6.1747688518534005
    endloop
  endfacet
  facet normal 0 0.5372996083468228 -0.8433914458128864
    outer loop
      vertex -24.7 2 6.335898384862246
      vertex -24.7 2.294305745404184 6.523391822844033
      vertex -23.8 2 6.335898384862246
    endloop
  endfacet
  facet normal 0 0.3826834323650892 -0.923879532511287
    outer loop
      vertex -24.7 1.6904730469627978 6.1747688518534005
      vertex -23.8 1.6904730469627978 6.1747688518534005
      vertex -23.8 1.3680805733026749 6.041229516856367
    endloop
  endfacet
  facet normal 0 0.4617486132350352 -0.8870108331782209
    outer loop
      vertex -24.7 2 6.335898384862246
      vertex -23.8 2 6.335898384862246
      vertex -23.8 1.6904730469627978 6.1747688518534005
    endloop
  endfacet
  facet normal -1 0 0
    outer loop
      vertex -24.7 0.6945927106677213 5.860768987951168
      vertex -24.7 0.9234580621123314 8.481165210902692
      vertex -24.7 1.035276180410083 5.936296694843728
    endloop
  endfacet
  facet normal -1 0 0
    outer loop
      vertex -24.7 0 5.800000000000001
      vertex -24.7 0 8.190000000596047
      vertex -24.7 0.14032074809074402 8.196126538515092
    endloop
  endfacet
  facet normal -1 0 0
    outer loop
      vertex -24.7 0.34862297099063266 5.8152212076330185
      vertex -24.7 0.14032074809074402 8.196126538515092
      vertex -24.7 0.27957356721162796 8.214459519088269
    endloop
  endfacet
  facet normal -1 0 0
    outer loop
      vertex -24.7 0.34862297099063266 5.8152212076330185
      vertex -24.7 0.27957356721162796 8.214459519088269
      vertex -24.7 0.4166986644268036 8.244859422743321
    endloop
  endfacet
  facet normal -1 0 0
    outer loop
      vertex -24.7 0.34862297099063266 5.8152212076330185
      vertex -24.7 0.4166986644268036 8.244859422743321
      vertex -24.7 0.5506524294614792 8.287094879150391
    endloop
  endfacet
  facet normal -1 0 0
    outer loop
      vertex -24.7 0.6945927106677213 5.860768987951168
      vertex -24.7 0.5506524294614792 8.287094879150391
      vertex -24.7 0.6804153993725777 8.340844462811948
    endloop
  endfacet
  facet normal -1 0 0
    outer loop
      vertex -24.7 0.6945927106677213 5.860768987951168
      vertex -24.7 0.6804153993725777 8.340844462811948
      vertex -24.7 0.8049999997019768 8.405699099600316
    endloop
  endfacet
  facet normal -1 0 0
    outer loop
      vertex -24.7 0.6945927106677213 5.860768987951168
      vertex -24.7 0.8049999997019768 8.405699099600316
      vertex -24.7 0.9234580621123314 8.481165210902692
    endloop
  endfacet
  facet normal -1 0 0
    outer loop
      vertex -24.7 1.035276180410083 5.936296694843728
      vertex -24.7 0.9234580621123314 8.481165210902692
      vertex -24.7 1.0348880514502525 8.56666844636202
    endloop
  endfacet
  facet normal -1 0 0
    outer loop
      vertex -24.7 1.035276180410083 5.936296694843728
      vertex -24.7 1.2333315536379814 8.765111948549748
      vertex -24.7 1.3680805733026749 6.041229516856367
    endloop
  endfacet
  facet normal -1 0 0
    outer loop
      vertex -24.7 1.3680805733026749 6.041229516856367
      vertex -24.7 1.5129051208496094 9.249347570538522
      vertex -24.7 1.6904730469627978 6.1747688518534005
    endloop
  endfacet
  facet normal -1 0 0
    outer loop
      vertex -24.7 1.035276180410083 5.936296694843728
      vertex -24.7 1.0348880514502525 8.56666844636202
      vertex -24.7 1.1384419202804565 8.661558079719544
    endloop
  endfacet
  facet normal -1 0 0
    outer loop
      vertex -24.7 1.035276180410083 5.936296694843728
      vertex -24.7 1.1384419202804565 8.661558079719544
      vertex -24.7 1.2333315536379814 8.765111948549748
    endloop
  endfacet
  facet normal -1 0 0
    outer loop
      vertex -24.7 1.3680805733026749 6.041229516856367
      vertex -24.7 1.2333315536379814 8.765111948549748
      vertex -24.7 1.3188347890973091 8.87654193788767
    endloop
  endfacet
  facet normal -1 0 0
    outer loop
      vertex -24.7 1.3680805733026749 6.041229516856367
      vertex -24.7 1.3188347890973091 8.87654193788767
      vertex -24.7 1.394300900399685 8.995000000298024
    endloop
  endfacet
  facet normal 0 0.6087614290087225 -0.7933533402912336
    outer loop
      vertex -24.7 2.294305745404184 6.523391822844033
      vertex -24.7 2.571150438746157 6.735822227524089
      vertex -23.8 2.294305745404184 6.523391822844033
    endloop
  endfacet
  facet normal 0 0.5372996083468228 -0.8433914458128864
    outer loop
      vertex -23.8 2 6.335898384862246
      vertex -24.7 2.294305745404184 6.523391822844033
      vertex -23.8 2.294305745404184 6.523391822844033
    endloop
  endfacet
  facet normal 0 0.6087614290087225 -0.7933533402912336
    outer loop
      vertex -23.8 2.294305745404184 6.523391822844033
      vertex -24.7 2.571150438746157 6.735822227524089
      vertex -23.8 2.571150438746157 6.735822227524089
    endloop
  endfacet
  facet normal 0 0.6755902076156591 -0.7372773368101251
    outer loop
      vertex -24.7 2.571150438746157 6.735822227524089
      vertex -24.7 2.8284271247461903 6.971572875253811
      vertex -23.8 2.571150438746157 6.735822227524089
    endloop
  endfacet
  facet normal 0 0.7372773368101245 -0.6755902076156597
    outer loop
      vertex -24.7 2.8284271247461903 6.971572875253811
      vertex -24.7 3.064177772475912 7.228849561253844
      vertex -23.8 2.8284271247461903 6.971572875253811
    endloop
  endfacet
  facet normal 0 0.7933533402912348 -0.608761429008721
    outer loop
      vertex -24.7 3.064177772475912 7.228849561253844
      vertex -24.7 3.276608177155967 7.5056942545958165
      vertex -23.8 3.064177772475912 7.228849561253844
    endloop
  endfacet
  facet normal 0 0.6755902076156591 -0.7372773368101251
    outer loop
      vertex -24.7 2.8284271247461903 6.971572875253811
      vertex -23.8 2.8284271247461903 6.971572875253811
      vertex -23.8 2.571150438746157 6.735822227524089
    endloop
  endfacet
  facet normal 0 0.7372773368101245 -0.6755902076156597
    outer loop
      vertex -24.7 3.064177772475912 7.228849561253844
      vertex -23.8 3.064177772475912 7.228849561253844
      vertex -23.8 2.8284271247461903 6.971572875253811
    endloop
  endfacet
  facet normal 0 0.8433914458128858 -0.5372996083468236
    outer loop
      vertex -24.7 3.276608177155967 7.5056942545958165
      vertex -24.7 3.4641016151377544 7.800000000000001
      vertex -23.8 3.276608177155967 7.5056942545958165
    endloop
  endfacet
  facet normal 0 0.8870108331782219 -0.46174861323503336
    outer loop
      vertex -24.7 3.4641016151377544 7.800000000000001
      vertex -24.7 3.6252311481465997 8.109526953037204
      vertex -23.8 3.4641016151377544 7.800000000000001
    endloop
  endfacet
  facet normal 0 0.7933533402912348 -0.608761429008721
    outer loop
      vertex -24.7 3.276608177155967 7.5056942545958165
      vertex -23.8 3.276608177155967 7.5056942545958165
      vertex -23.8 3.064177772475912 7.228849561253844
    endloop
  endfacet
  facet normal 0 0.8433914458128858 -0.5372996083468236
    outer loop
      vertex -24.7 3.4641016151377544 7.800000000000001
      vertex -23.8 3.4641016151377544 7.800000000000001
      vertex -23.8 3.276608177155967 7.5056942545958165
    endloop
  endfacet
  facet normal 0 0.8870108331782219 -0.46174861323503336
    outer loop
      vertex -23.8 3.4641016151377544 7.800000000000001
      vertex -24.7 3.6252311481465997 8.109526953037204
      vertex -23.8 3.6252311481465997 8.109526953037204
    endloop
  endfacet
  facet normal -1 0 0
    outer loop
      vertex -24.7 1.3680805733026749 6.041229516856367
      vertex -24.7 1.394300900399685 8.995000000298024
      vertex -24.7 1.4591555371880531 9.119584600627423
    endloop
  endfacet
  facet normal -1 0 0
    outer loop
      vertex -24.7 1.3680805733026749 6.041229516856367
      vertex -24.7 1.4591555371880531 9.119584600627423
      vertex -24.7 1.5129051208496094 9.249347570538522
    endloop
  endfacet
  facet normal -1 0 0
    outer loop
      vertex -24.7 1.6904730469627978 6.1747688518534005
      vertex -24.7 1.5129051208496094 9.249347570538522
      vertex -24.7 1.5551405772566795 9.383301335573197
    endloop
  endfacet
  facet normal -1 0 0
    outer loop
      vertex -24.7 1.6904730469627978 6.1747688518534005
      vertex -24.7 1.5551405772566795 9.383301335573197
      vertex -24.7 1.5855404809117317 9.520426432788373
    endloop
  endfacet
  facet normal -1 0 0
    outer loop
      vertex -24.7 1.6904730469627978 6.1747688518534005
      vertex -24.7 1.5855404809117317 9.520426432788373
      vertex -24.7 1.603873461484909 9.659679251909257
    endloop
  endfacet
  facet normal -1 0 0
    outer loop
      vertex -24.7 1.6904730469627978 6.1747688518534005
      vertex -24.7 1.603873461484909 9.659679251909257
      vertex -24.7 1.6099999994039536 9.8
    endloop
  endfacet
  facet normal -1 0 0
    outer loop
      vertex -24.7 1.6904730469627978 6.1747688518534005
      vertex -24.7 2 13.264101615137754
      vertex -24.7 2 6.335898384862246
    endloop
  endfacet
  facet normal -1 0 0
    outer loop
      vertex -24.7 1.6904730469627978 6.1747688518534005
      vertex -24.7 1.6099999994039536 9.8
      vertex -24.7 1.6904730469627978 13.425231148146601
    endloop
  endfacet
  facet normal -1 0 0
    outer loop
      vertex -24.7 2 6.335898384862246
      vertex -24.7 2.294305745404184 13.076608177155968
      vertex -24.7 2.294305745404184 6.523391822844033
    endloop
  endfacet
  facet normal -1 0 0
    outer loop
      vertex -24.7 2.294305745404184 6.523391822844033
      vertex -24.7 2.571150438746157 12.864177772475912
      vertex -24.7 2.571150438746157 6.735822227524089
    endloop
  endfacet
  facet normal -1 0 0
    outer loop
      vertex -24.7 2.571150438746157 6.735822227524089
      vertex -24.7 2.8284271247461903 12.62842712474619
      vertex -24.7 2.8284271247461903 6.971572875253811
    endloop
  endfacet
  facet normal -1 0 0
    outer loop
      vertex -24.7 2.8284271247461903 6.971572875253811
      vertex -24.7 3.064177772475912 12.371150438746158
      vertex -24.7 3.064177772475912 7.228849561253844
    endloop
  endfacet
  facet normal 0 0.923879532511286 -0.3826834323650917
    outer loop
      vertex -24.7 3.6252311481465997 8.109526953037204
      vertex -24.7 3.7587704831436337 8.431919426697325
      vertex -23.8 3.6252311481465997 8.109526953037204
    endloop
  endfacet
  facet normal 0 0.9537169507482273 -0.30070579950427234
    outer loop
      vertex -24.7 3.7587704831436337 8.431919426697325
      vertex -24.7 3.8637033051562732 8.764723819589918
      vertex -23.8 3.7587704831436337 8.431919426697325
    endloop
  endfacet
  facet normal 0 0.923879532511286 -0.3826834323650917
    outer loop
      vertex -24.7 3.7587704831436337 8.431919426697325
      vertex -23.8 3.7587704831436337 8.431919426697325
      vertex -23.8 3.6252311481465997 8.109526953037204
    endloop
  endfacet
  facet normal 0 0.9537169507482273 -0.30070579950427234
    outer loop
      vertex -24.7 3.8637033051562732 8.764723819589918
      vertex -23.8 3.8637033051562732 8.764723819589918
      vertex -23.8 3.7587704831436337 8.431919426697325
    endloop
  endfacet
  facet normal -1 0 0
    outer loop
      vertex -24.7 3.064177772475912 7.228849561253844
      vertex -24.7 3.276608177155967 12.094305745404185
      vertex -24.7 3.276608177155967 7.5056942545958165
    endloop
  endfacet
  facet normal -1 0 0
    outer loop
      vertex -24.7 3.276608177155967 7.5056942545958165
      vertex -24.7 3.4641016151377544 11.8
      vertex -24.7 3.4641016151377544 7.800000000000001
    endloop
  endfacet
  facet normal -1 0 0
    outer loop
      vertex -24.7 3.4641016151377544 7.800000000000001
      vertex -24.7 3.6252311481465997 11.490473046962798
      vertex -24.7 3.6252311481465997 8.109526953037204
    endloop
  endfacet
  facet normal -1 0 0
    outer loop
      vertex -24.7 3.6252311481465997 8.109526953037204
      vertex -24.7 3.7587704831436337 11.168080573302676
      vertex -24.7 3.7587704831436337 8.431919426697325
    endloop
  endfacet
  facet normal 0 0.9762960071199334 -0.21643961393810265
    outer loop
      vertex -24.7 3.8637033051562732 8.764723819589918
      vertex -24.7 3.939231012048832 9.105407289332279
      vertex -23.8 3.8637033051562732 8.764723819589918
    endloop
  endfacet
  facet normal -1 0 0
    outer loop
      vertex -24.7 3.7587704831436337 8.431919426697325
      vertex -24.7 3.8637033051562732 10.835276180410084
      vertex -24.7 3.8637033051562732 8.764723819589918
    endloop
  endfacet
  facet normal 0 0.9914448613738104 -0.13052619222005188
    outer loop
      vertex -24.7 3.939231012048832 9.105407289332279
      vertex -24.7 3.984778792366982 9.451377029009368
      vertex -23.8 3.939231012048832 9.105407289332279
    endloop
  endfacet
  facet normal 0 0.9762960071199334 -0.21643961393810265
    outer loop
      vertex -24.7 3.939231012048832 9.105407289332279
      vertex -23.8 3.939231012048832 9.105407289332279
      vertex -23.8 3.8637033051562732 8.764723819589918
    endloop
  endfacet
  facet normal 0 0.9914448613738104 -0.13052619222005188
    outer loop
      vertex -23.8 3.939231012048832 9.105407289332279
      vertex -24.7 3.984778792366982 9.451377029009368
      vertex -23.8 3.984778792366982 9.451377029009368
    endloop
  endfacet
  facet normal -1 0 0
    outer loop
      vertex -24.7 2.8284271247461903 6.971572875253811
      vertex -24.7 2.8284271247461903 12.62842712474619
      vertex -24.7 3.064177772475912 12.371150438746158
    endloop
  endfacet
  facet normal -1 0 0
    outer loop
      vertex -24.7 3.064177772475912 7.228849561253844
      vertex -24.7 3.064177772475912 12.371150438746158
      vertex -24.7 3.276608177155967 12.094305745404185
    endloop
  endfacet
  facet normal -1 0 0
    outer loop
      vertex -24.7 3.8637033051562732 8.764723819589918
      vertex -24.7 3.939231012048832 10.494592710667723
      vertex -24.7 3.939231012048832 9.105407289332279
    endloop
  endfacet
  facet normal -1 0 0
    outer loop
      vertex -24.7 3.939231012048832 9.105407289332279
      vertex -24.7 3.984778792366982 10.148622970990633
      vertex -24.7 3.984778792366982 9.451377029009368
    endloop
  endfacet
  facet normal 0 0.9990482215818578 -0.04361938736533587
    outer loop
      vertex -24.7 3.984778792366982 9.451377029009368
      vertex -24.7 4 9.8
      vertex -23.8 3.984778792366982 9.451377029009368
    endloop
  endfacet
  facet normal -1 0 0
    outer loop
      vertex -24.7 3.939231012048832 9.105407289332279
      vertex -24.7 3.939231012048832 10.494592710667723
      vertex -24.7 3.984778792366982 10.148622970990633
    endloop
  endfacet
  facet normal -1 0 0
    outer loop
      vertex -24.7 3.984778792366982 9.451377029009368
      vertex -24.7 3.984778792366982 10.148622970990633
      vertex -24.7 4 9.8
    endloop
  endfacet
  facet normal 0 0.9990482215818578 0.04361938736533587
    outer loop
      vertex -24.7 4 9.8
      vertex -24.7 3.984778792366982 10.148622970990633
      vertex -23.8 4 9.8
    endloop
  endfacet
  facet normal 0 0.9990482215818578 -0.04361938736533587
    outer loop
      vertex -24.7 4 9.8
      vertex -23.8 4 9.8
      vertex -23.8 3.984778792366982 9.451377029009368
    endloop
  endfacet
  facet normal -1 0 0
    outer loop
      vertex -24.7 3.4641016151377544 7.800000000000001
      vertex -24.7 3.4641016151377544 11.8
      vertex -24.7 3.6252311481465997 11.490473046962798
    endloop
  endfacet
  facet normal -1 0 0
    outer loop
      vertex -24.7 3.6252311481465997 8.109526953037204
      vertex -24.7 3.6252311481465997 11.490473046962798
      vertex -24.7 3.7587704831436337 11.168080573302676
    endloop
  endfacet
  facet normal -1 0 0
    outer loop
      vertex -24.7 3.276608177155967 7.5056942545958165
      vertex -24.7 3.276608177155967 12.094305745404185
      vertex -24.7 3.4641016151377544 11.8
    endloop
  endfacet
  facet normal -1 0 0
    outer loop
      vertex -24.7 3.7587704831436337 8.431919426697325
      vertex -24.7 3.7587704831436337 11.168080573302676
      vertex -24.7 3.8637033051562732 10.835276180410084
    endloop
  endfacet
  facet normal -1 0 0
    outer loop
      vertex -24.7 3.8637033051562732 8.764723819589918
      vertex -24.7 3.8637033051562732 10.835276180410084
      vertex -24.7 3.939231012048832 10.494592710667723
    endloop
  endfacet
  facet normal 0 0.9914448613738104 0.13052619222005188
    outer loop
      vertex -24.7 3.984778792366982 10.148622970990633
      vertex -24.7 3.939231012048832 10.494592710667723
      vertex -23.8 3.984778792366982 10.148622970990633
    endloop
  endfacet
  facet normal 0 0.9762960071199334 0.21643961393810265
    outer loop
      vertex -24.7 3.939231012048832 10.494592710667723
      vertex -24.7 3.8637033051562732 10.835276180410084
      vertex -23.8 3.939231012048832 10.494592710667723
    endloop
  endfacet
  facet normal 0 0.9990482215818578 0.04361938736533587
    outer loop
      vertex -24.7 3.984778792366982 10.148622970990633
      vertex -23.8 3.984778792366982 10.148622970990633
      vertex -23.8 4 9.8
    endloop
  endfacet
  facet normal 0 0.9914448613738104 0.13052619222005188
    outer loop
      vertex -24.7 3.939231012048832 10.494592710667723
      vertex -23.8 3.939231012048832 10.494592710667723
      vertex -23.8 3.984778792366982 10.148622970990633
    endloop
  endfacet
  facet normal -1 0 0
    outer loop
      vertex -24.7 1.6904730469627978 13.425231148146601
      vertex -24.7 1.5551405772566795 10.216698664426804
      vertex -24.7 1.5129051208496094 10.35065242946148
    endloop
  endfacet
  facet normal -1 0 0
    outer loop
      vertex -24.7 1.6904730469627978 6.1747688518534005
      vertex -24.7 1.6904730469627978 13.425231148146601
      vertex -24.7 2 13.264101615137754
    endloop
  endfacet
  facet normal -1 0 0
    outer loop
      vertex -24.7 2 6.335898384862246
      vertex -24.7 2 13.264101615137754
      vertex -24.7 2.294305745404184 13.076608177155968
    endloop
  endfacet
  facet normal -1 0 0
    outer loop
      vertex -24.7 1.6904730469627978 13.425231148146601
      vertex -24.7 1.6099999994039536 9.8
      vertex -24.7 1.603873461484909 9.940320748090745
    endloop
  endfacet
  facet normal -1 0 0
    outer loop
      vertex -24.7 1.6904730469627978 13.425231148146601
      vertex -24.7 1.603873461484909 9.940320748090745
      vertex -24.7 1.5855404809117317 10.079573567211629
    endloop
  endfacet
  facet normal -1 0 0
    outer loop
      vertex -24.7 1.6904730469627978 13.425231148146601
      vertex -24.7 1.5855404809117317 10.079573567211629
      vertex -24.7 1.5551405772566795 10.216698664426804
    endloop
  endfacet
  facet normal -1 0 0
    outer loop
      vertex -24.7 1.6904730469627978 13.425231148146601
      vertex -24.7 1.5129051208496094 10.35065242946148
      vertex -24.7 1.4591555371880531 10.480415399372578
    endloop
  endfacet
  facet normal -1 0 0
    outer loop
      vertex -24.7 1.6904730469627978 13.425231148146601
      vertex -24.7 1.4591555371880531 10.480415399372578
      vertex -24.7 1.394300900399685 10.604999999701977
    endloop
  endfacet
  facet normal -1 0 0
    outer loop
      vertex -24.7 1.6904730469627978 13.425231148146601
      vertex -24.7 1.394300900399685 10.604999999701977
      vertex -24.7 1.3188347890973091 10.723458062112332
    endloop
  endfacet
  facet normal -1 0 0
    outer loop
      vertex -24.7 1.3680805733026749 13.558770483143634
      vertex -24.7 1.2333315536379814 10.834888051450253
      vertex -24.7 1.1384419202804565 10.938441920280457
    endloop
  endfacet
  facet normal -1 0 0
    outer loop
      vertex -24.7 1.3680805733026749 13.558770483143634
      vertex -24.7 1.3188347890973091 10.723458062112332
      vertex -24.7 1.2333315536379814 10.834888051450253
    endloop
  endfacet
  facet normal -1 0 0
    outer loop
      vertex -24.7 1.3680805733026749 13.558770483143634
      vertex -24.7 1.1384419202804565 10.938441920280457
      vertex -24.7 0 12.076883833110333
    endloop
  endfacet
  facet normal -1 0 0
    outer loop
      vertex -24.7 0 13.8
      vertex -24.7 0.34862297099063266 13.784778792366982
      vertex -24.7 0 12.076883833110333
    endloop
  endfacet
  facet normal -1 0 0
    outer loop
      vertex -24.7 0.34862297099063266 13.784778792366982
      vertex -24.7 0.6945927106677213 13.739231012048833
      vertex -24.7 0 12.076883833110333
    endloop
  endfacet
  facet normal -1 0 0
    outer loop
      vertex -24.7 1.035276180410083 13.663703305156274
      vertex -24.7 0 12.076883833110333
      vertex -24.7 0.6945927106677213 13.739231012048833
    endloop
  endfacet
  facet normal -1 0 0
    outer loop
      vertex -24.7 1.035276180410083 13.663703305156274
      vertex -24.7 1.3680805733026749 13.558770483143634
      vertex -24.7 0 12.076883833110333
    endloop
  endfacet
  facet normal -1 0 0
    outer loop
      vertex -24.7 1.3680805733026749 13.558770483143634
      vertex -24.7 1.6904730469627978 13.425231148146601
      vertex -24.7 1.3188347890973091 10.723458062112332
    endloop
  endfacet
  facet normal 0 0.46174861323503724 0.88701083317822
    outer loop
      vertex -24.7 2 13.264101615137754
      vertex -24.7 1.6904730469627978 13.425231148146601
      vertex -23.8 2 13.264101615137754
    endloop
  endfacet
  facet normal 0 0.46174861323503724 0.88701083317822
    outer loop
      vertex -23.8 2 13.264101615137754
      vertex -24.7 1.6904730469627978 13.425231148146601
      vertex -23.8 1.6904730469627978 13.425231148146601
    endloop
  endfacet
  facet normal 0 0.537299608346821 0.8433914458128876
    outer loop
      vertex -24.7 2 13.264101615137754
      vertex -23.8 2 13.264101615137754
      vertex -23.8 2.294305745404184 13.076608177155968
    endloop
  endfacet
  facet normal -1 0 0
    outer loop
      vertex -24.7 2.294305745404184 6.523391822844033
      vertex -24.7 2.294305745404184 13.076608177155968
      vertex -24.7 2.571150438746157 12.864177772475912
    endloop
  endfacet
  facet normal -1 0 0
    outer loop
      vertex -24.7 2.571150438746157 6.735822227524089
      vertex -24.7 2.571150438746157 12.864177772475912
      vertex -24.7 2.8284271247461903 12.62842712474619
    endloop
  endfacet
  facet normal 0 0.923879532511286 0.3826834323650917
    outer loop
      vertex -24.7 3.7587704831436337 11.168080573302676
      vertex -24.7 3.6252311481465997 11.490473046962798
      vertex -23.8 3.7587704831436337 11.168080573302676
    endloop
  endfacet
  facet normal 0 0.9537169507482273 0.30070579950427234
    outer loop
      vertex -24.7 3.8637033051562732 10.835276180410084
      vertex -24.7 3.7587704831436337 11.168080573302676
      vertex -23.8 3.8637033051562732 10.835276180410084
    endloop
  endfacet
  facet normal 0 0.9762960071199334 0.21643961393810265
    outer loop
      vertex -23.8 3.939231012048832 10.494592710667723
      vertex -24.7 3.8637033051562732 10.835276180410084
      vertex -23.8 3.8637033051562732 10.835276180410084
    endloop
  endfacet
  facet normal 0 0.9537169507482273 0.30070579950427234
    outer loop
      vertex -24.7 3.7587704831436337 11.168080573302676
      vertex -23.8 3.7587704831436337 11.168080573302676
      vertex -23.8 3.8637033051562732 10.835276180410084
    endloop
  endfacet
  facet normal 0 0.8870108331782219 0.46174861323503336
    outer loop
      vertex -24.7 3.6252311481465997 11.490473046962798
      vertex -24.7 3.4641016151377544 11.8
      vertex -23.8 3.6252311481465997 11.490473046962798
    endloop
  endfacet
  facet normal 0 0.8433914458128858 0.5372996083468236
    outer loop
      vertex -24.7 3.4641016151377544 11.8
      vertex -24.7 3.276608177155967 12.094305745404185
      vertex -23.8 3.4641016151377544 11.8
    endloop
  endfacet
  facet normal 0 0.923879532511286 0.3826834323650917
    outer loop
      vertex -24.7 3.6252311481465997 11.490473046962798
      vertex -23.8 3.6252311481465997 11.490473046962798
      vertex -23.8 3.7587704831436337 11.168080573302676
    endloop
  endfacet
  facet normal 0 0.8870108331782219 0.46174861323503336
    outer loop
      vertex -24.7 3.4641016151377544 11.8
      vertex -23.8 3.4641016151377544 11.8
      vertex -23.8 3.6252311481465997 11.490473046962798
    endloop
  endfacet
  facet normal 0 0.8433914458128858 0.5372996083468236
    outer loop
      vertex -23.8 3.4641016151377544 11.8
      vertex -24.7 3.276608177155967 12.094305745404185
      vertex -23.8 3.276608177155967 12.094305745404185
    endloop
  endfacet
  facet normal 0 0.7372773368101245 0.6755902076156597
    outer loop
      vertex -24.7 3.064177772475912 12.371150438746158
      vertex -24.7 2.8284271247461903 12.62842712474619
      vertex -23.8 3.064177772475912 12.371150438746158
    endloop
  endfacet
  facet normal 0 0.7933533402912348 0.608761429008721
    outer loop
      vertex -24.7 3.064177772475912 12.371150438746158
      vertex -23.8 3.064177772475912 12.371150438746158
      vertex -23.8 3.276608177155967 12.094305745404185
    endloop
  endfacet
  facet normal 0 0.7372773368101245 0.6755902076156597
    outer loop
      vertex -24.7 2.8284271247461903 12.62842712474619
      vertex -23.8 2.8284271247461903 12.62842712474619
      vertex -23.8 3.064177772475912 12.371150438746158
    endloop
  endfacet
  facet normal 0 0.6087614290087225 0.7933533402912336
    outer loop
      vertex -24.7 2.571150438746157 12.864177772475912
      vertex -24.7 2.294305745404184 13.076608177155968
      vertex -23.8 2.571150438746157 12.864177772475912
    endloop
  endfacet
  facet normal 0 0.537299608346821 0.8433914458128876
    outer loop
      vertex -24.7 2 13.264101615137754
      vertex -23.8 2.294305745404184 13.076608177155968
      vertex -24.7 2.294305745404184 13.076608177155968
    endloop
  endfacet
  facet normal 0 0.6755902076156591 0.7372773368101251
    outer loop
      vertex -24.7 2.8284271247461903 12.62842712474619
      vertex -24.7 2.571150438746157 12.864177772475912
      vertex -23.8 2.8284271247461903 12.62842712474619
    endloop
  endfacet
  facet normal 0 0.6087614290087225 0.7933533402912336
    outer loop
      vertex -24.7 2.294305745404184 13.076608177155968
      vertex -23.8 2.294305745404184 13.076608177155968
      vertex -23.8 2.571150438746157 12.864177772475912
    endloop
  endfacet
  facet normal 0 0.6755902076156591 0.7372773368101251
    outer loop
      vertex -24.7 2.571150438746157 12.864177772475912
      vertex -23.8 2.571150438746157 12.864177772475912
      vertex -23.8 2.8284271247461903 12.62842712474619
    endloop
  endfacet
  facet normal 0 0.7933533402912348 0.608761429008721
    outer loop
      vertex -24.7 3.064177772475912 12.371150438746158
      vertex -23.8 3.276608177155967 12.094305745404185
      vertex -24.7 3.276608177155967 12.094305745404185
    endloop
  endfacet
  facet normal 0 0.043619387365338394 0.9990482215818576
    outer loop
      vertex -24.7 0 13.8
      vertex -23.8 0.34862297099063266 13.784778792366982
      vertex -24.7 0.34862297099063266 13.784778792366982
    endloop
  endfacet
  facet normal 0 0.2164396139381046 0.9762960071199329
    outer loop
      vertex -24.7 1.035276180410083 13.663703305156274
      vertex -24.7 0.6945927106677213 13.739231012048833
      vertex -23.8 1.035276180410083 13.663703305156274
    endloop
  endfacet
  facet normal 0 0.1305261922200484 0.9914448613738107
    outer loop
      vertex -24.7 0.34862297099063266 13.784778792366982
      vertex -23.8 0.6945927106677213 13.739231012048833
      vertex -24.7 0.6945927106677213 13.739231012048833
    endloop
  endfacet
  facet normal 0 0.043619387365338394 0.9990482215818576
    outer loop
      vertex -24.7 0 13.8
      vertex -23.8 0 13.8
      vertex -23.8 0.34862297099063266 13.784778792366982
    endloop
  endfacet
  facet normal 0 0.1305261922200484 0.9914448613738107
    outer loop
      vertex -24.7 0.34862297099063266 13.784778792366982
      vertex -23.8 0.34862297099063266 13.784778792366982
      vertex -23.8 0.6945927106677213 13.739231012048833
    endloop
  endfacet
  facet normal 0 0.2164396139381046 0.9762960071199329
    outer loop
      vertex -24.7 0.6945927106677213 13.739231012048833
      vertex -23.8 0.6945927106677213 13.739231012048833
      vertex -23.8 1.035276180410083 13.663703305156274
    endloop
  endfacet
  facet normal 0 0.3007057995042718 0.9537169507482273
    outer loop
      vertex -24.7 1.035276180410083 13.663703305156274
      vertex -23.8 1.3680805733026749 13.558770483143634
      vertex -24.7 1.3680805733026749 13.558770483143634
    endloop
  endfacet
  facet normal 0 0.3826834323650892 0.923879532511287
    outer loop
      vertex -24.7 1.3680805733026749 13.558770483143634
      vertex -23.8 1.6904730469627978 13.425231148146601
      vertex -24.7 1.6904730469627978 13.425231148146601
    endloop
  endfacet
  facet normal 0 0.3007057995042718 0.9537169507482273
    outer loop
      vertex -24.7 1.035276180410083 13.663703305156274
      vertex -23.8 1.035276180410083 13.663703305156274
      vertex -23.8 1.3680805733026749 13.558770483143634
    endloop
  endfacet
  facet normal 0 0.3826834323650892 0.923879532511287
    outer loop
      vertex -24.7 1.3680805733026749 13.558770483143634
      vertex -23.8 1.3680805733026749 13.558770483143634
      vertex -23.8 1.6904730469627978 13.425231148146601
    endloop
  endfacet
  facet normal 0 0.21643961393810923 -0.9762960071199319
    outer loop
      vertex -22 0.9 5.906306687664088
      vertex -22 1.035276180410083 5.936296694843728
      vertex 22 1.035276180410083 5.936296694843728
    endloop
  endfacet
  facet normal 0 0.30070579950427173 -0.9537169507482274
    outer loop
      vertex -22 1.035276180410083 5.936296694843728
      vertex -22 1.3680805733026749 6.041229516856367
      vertex 22 1.035276180410083 5.936296694843728
    endloop
  endfacet
  facet normal 0 0.3826834323650893 -0.923879532511287
    outer loop
      vertex -22 1.3680805733026749 6.041229516856367
      vertex -22 1.6904730469627978 6.1747688518534005
      vertex 22 1.3680805733026749 6.041229516856367
    endloop
  endfacet
  facet normal 0 0.46174861323503513 -0.887010833178221
    outer loop
      vertex -22 1.6904730469627978 6.1747688518534005
      vertex -22 2 6.335898384862246
      vertex 22 1.6904730469627978 6.1747688518534005
    endloop
  endfacet
  facet normal 0 0.5372996083468227 -0.8433914458128865
    outer loop
      vertex -22 2 6.335898384862246
      vertex -22 2.294305745404184 6.523391822844033
      vertex 22 2 6.335898384862246
    endloop
  endfacet
  facet normal 0 0.6087614290087225 -0.7933533402912336
    outer loop
      vertex -22 2.294305745404184 6.523391822844033
      vertex -22 2.571150438746157 6.735822227524089
      vertex 22 2.294305745404184 6.523391822844033
    endloop
  endfacet
  facet normal 0 0.6755902076156591 -0.7372773368101251
    outer loop
      vertex -22 2.571150438746157 6.735822227524089
      vertex -22 2.8284271247461903 6.971572875253811
      vertex 22 2.571150438746157 6.735822227524089
    endloop
  endfacet
  facet normal 0 0.7372773368101244 -0.6755902076156597
    outer loop
      vertex -22 2.8284271247461903 6.971572875253811
      vertex -22 3.064177772475912 7.228849561253844
      vertex 22 2.8284271247461903 6.971572875253811
    endloop
  endfacet
  facet normal 0 0.7933533402912348 -0.608761429008721
    outer loop
      vertex -22 3.064177772475912 7.228849561253844
      vertex -22 3.276608177155967 7.5056942545958165
      vertex 22 3.064177772475912 7.228849561253844
    endloop
  endfacet
  facet normal 0 0.8433914458128858 -0.5372996083468237
    outer loop
      vertex -22 3.276608177155967 7.5056942545958165
      vertex -22 3.4641016151377544 7.800000000000001
      vertex 22 3.276608177155967 7.5056942545958165
    endloop
  endfacet
  facet normal 0 0.8870108331782219 -0.46174861323503336
    outer loop
      vertex -22 3.4641016151377544 7.800000000000001
      vertex -22 3.6252311481465997 8.109526953037204
      vertex 22 3.4641016151377544 7.800000000000001
    endloop
  endfacet
  facet normal 0 0.923879532511286 -0.3826834323650917
    outer loop
      vertex -22 3.6252311481465997 8.109526953037204
      vertex -22 3.7587704831436337 8.431919426697325
      vertex 22 3.6252311481465997 8.109526953037204
    endloop
  endfacet
  facet normal 0 0.9537169507482273 -0.3007057995042724
    outer loop
      vertex -22 3.7587704831436337 8.431919426697325
      vertex -22 3.8637033051562732 8.764723819589918
      vertex 22 3.7587704831436337 8.431919426697325
    endloop
  endfacet
  facet normal 0 0.9762960071199334 -0.21643961393810265
    outer loop
      vertex -22 3.8637033051562732 8.764723819589918
      vertex -22 3.939231012048832 9.105407289332279
      vertex 22 3.8637033051562732 8.764723819589918
    endloop
  endfacet
  facet normal 0 0.9914448613738104 -0.13052619222005185
    outer loop
      vertex -22 3.939231012048832 9.105407289332279
      vertex -22 3.984778792366982 9.451377029009368
      vertex 22 3.939231012048832 9.105407289332279
    endloop
  endfacet
  facet normal 0 0.9990482215818577 -0.04361938736533587
    outer loop
      vertex -22 3.984778792366982 9.451377029009368
      vertex -22 4 9.8
      vertex 22 3.984778792366982 9.451377029009368
    endloop
  endfacet
  facet normal 0 0.9990482215818577 0.04361938736533587
    outer loop
      vertex -22 4 9.8
      vertex -22 3.984778792366982 10.148622970990633
      vertex 22 4 9.8
    endloop
  endfacet
  facet normal 0 0.9914448613738104 0.13052619222005185
    outer loop
      vertex -22 3.984778792366982 10.148622970990633
      vertex -22 3.939231012048832 10.494592710667723
      vertex 22 3.984778792366982 10.148622970990633
    endloop
  endfacet
  facet normal 0 0.9762960071199334 0.21643961393810265
    outer loop
      vertex -22 3.939231012048832 10.494592710667723
      vertex -22 3.8637033051562732 10.835276180410084
      vertex 22 3.939231012048832 10.494592710667723
    endloop
  endfacet
  facet normal 0 0.4617486132350372 0.88701083317822
    outer loop
      vertex -22 2 13.264101615137754
      vertex -22 1.6904730469627978 13.425231148146601
      vertex 22 2 13.264101615137754
    endloop
  endfacet
  facet normal 0 0.923879532511286 0.3826834323650917
    outer loop
      vertex -22 3.7587704831436337 11.168080573302676
      vertex -22 3.6252311481465997 11.490473046962798
      vertex 22 3.7587704831436337 11.168080573302676
    endloop
  endfacet
  facet normal 0 0.9537169507482273 0.3007057995042724
    outer loop
      vertex -22 3.8637033051562732 10.835276180410084
      vertex -22 3.7587704831436337 11.168080573302676
      vertex 22 3.8637033051562732 10.835276180410084
    endloop
  endfacet
  facet normal 0 0.8870108331782219 0.46174861323503336
    outer loop
      vertex -22 3.6252311481465997 11.490473046962798
      vertex -22 3.4641016151377544 11.8
      vertex 22 3.6252311481465997 11.490473046962798
    endloop
  endfacet
  facet normal 0 0.8433914458128858 0.5372996083468237
    outer loop
      vertex -22 3.4641016151377544 11.8
      vertex -22 3.276608177155967 12.094305745404185
      vertex 22 3.4641016151377544 11.8
    endloop
  endfacet
  facet normal 0 0.7372773368101244 0.6755902076156597
    outer loop
      vertex -22 3.064177772475912 12.371150438746158
      vertex -22 2.8284271247461903 12.62842712474619
      vertex 22 3.064177772475912 12.371150438746158
    endloop
  endfacet
  facet normal 0 0.6087614290087225 0.7933533402912336
    outer loop
      vertex -22 2.571150438746157 12.864177772475912
      vertex -22 2.294305745404184 13.076608177155968
      vertex 22 2.571150438746157 12.864177772475912
    endloop
  endfacet
  facet normal 0 0.5372996083468209 0.8433914458128876
    outer loop
      vertex -22 2 13.264101615137754
      vertex 22 2.294305745404184 13.076608177155968
      vertex -22 2.294305745404184 13.076608177155968
    endloop
  endfacet
  facet normal 0 0.6755902076156591 0.7372773368101251
    outer loop
      vertex -22 2.8284271247461903 12.62842712474619
      vertex -22 2.571150438746157 12.864177772475912
      vertex 22 2.8284271247461903 12.62842712474619
    endloop
  endfacet
  facet normal 0 0.7933533402912348 0.608761429008721
    outer loop
      vertex -22 3.064177772475912 12.371150438746158
      vertex 22 3.276608177155967 12.094305745404185
      vertex -22 3.276608177155967 12.094305745404185
    endloop
  endfacet
  facet normal 0 0.21643961393810923 0.9762960071199319
    outer loop
      vertex -22 0.9 13.693693312335913
      vertex 22 0.9 13.693693312335913
      vertex -22 1.035276180410083 13.663703305156274
    endloop
  endfacet
  facet normal 0 0.30070579950427173 0.9537169507482274
    outer loop
      vertex -22 1.035276180410083 13.663703305156274
      vertex 22 1.3680805733026749 13.558770483143634
      vertex -22 1.3680805733026749 13.558770483143634
    endloop
  endfacet
  facet normal 0 0.3826834323650893 0.923879532511287
    outer loop
      vertex -22 1.3680805733026749 13.558770483143634
      vertex 22 1.6904730469627978 13.425231148146601
      vertex -22 1.6904730469627978 13.425231148146601
    endloop
  endfacet
  facet normal 0 -0.6087614290087225 -0.7933533402912336
    outer loop
      vertex -22 -2.294305745404184 6.523391822844033
      vertex 22 -2.294305745404184 6.523391822844033
      vertex 22 -2.571150438746157 6.735822227524089
    endloop
  endfacet
  facet normal 0 -0.8433914458128858 -0.5372996083468237
    outer loop
      vertex -22 -3.276608177155967 7.5056942545958165
      vertex 22 -3.276608177155967 7.5056942545958165
      vertex 22 -3.4641016151377544 7.800000000000001
    endloop
  endfacet
  facet normal 0 -0.8870108331782219 -0.46174861323503336
    outer loop
      vertex -22 -3.4641016151377544 7.800000000000001
      vertex 22 -3.4641016151377544 7.800000000000001
      vertex 22 -3.6252311481465997 8.109526953037204
    endloop
  endfacet
  facet normal 0 -0.6755902076156591 -0.7372773368101251
    outer loop
      vertex -22 -2.571150438746157 6.735822227524089
      vertex 22 -2.571150438746157 6.735822227524089
      vertex 22 -2.8284271247461903 6.971572875253811
    endloop
  endfacet
  facet normal 0 -0.7933533402912348 -0.608761429008721
    outer loop
      vertex -22 -3.064177772475912 7.228849561253844
      vertex 22 -3.064177772475912 7.228849561253844
      vertex 22 -3.276608177155967 7.5056942545958165
    endloop
  endfacet
  facet normal 0 -0.7372773368101244 -0.6755902076156597
    outer loop
      vertex -22 -2.8284271247461903 6.971572875253811
      vertex 22 -2.8284271247461903 6.971572875253811
      vertex 22 -3.064177772475912 7.228849561253844
    endloop
  endfacet
  facet normal 0 -0.30070579950427173 -0.9537169507482274
    outer loop
      vertex -22 -1.035276180410083 5.936296694843728
      vertex 22 -1.035276180410083 5.936296694843728
      vertex 22 -1.3680805733026749 6.041229516856367
    endloop
  endfacet
  facet normal 0 -0.46174861323503513 -0.887010833178221
    outer loop
      vertex -22 -1.6904730469627978 6.1747688518534005
      vertex 22 -1.6904730469627978 6.1747688518534005
      vertex 22 -2 6.335898384862246
    endloop
  endfacet
  facet normal 0 -0.5372996083468227 -0.8433914458128865
    outer loop
      vertex -22 -2 6.335898384862246
      vertex 22 -2 6.335898384862246
      vertex 22 -2.294305745404184 6.523391822844033
    endloop
  endfacet
  facet normal 0 -0.3826834323650893 -0.923879532511287
    outer loop
      vertex -22 -1.3680805733026749 6.041229516856367
      vertex 22 -1.3680805733026749 6.041229516856367
      vertex 22 -1.6904730469627978 6.1747688518534005
    endloop
  endfacet
  facet normal 0 -0.21643961393810923 -0.9762960071199319
    outer loop
      vertex -22 -1.035276180410083 5.936296694843728
      vertex 22 -0.9 5.906306687664088
      vertex 22 -1.035276180410083 5.936296694843728
    endloop
  endfacet
  facet normal 0 -0.9537169507482273 -0.3007057995042724
    outer loop
      vertex -22 -3.7587704831436337 8.431919426697325
      vertex 22 -3.7587704831436337 8.431919426697325
      vertex 22 -3.8637033051562732 8.764723819589918
    endloop
  endfacet
  facet normal 0 -0.923879532511286 -0.3826834323650917
    outer loop
      vertex -22 -3.6252311481465997 8.109526953037204
      vertex 22 -3.6252311481465997 8.109526953037204
      vertex 22 -3.7587704831436337 8.431919426697325
    endloop
  endfacet
  facet normal 0 -0.9762960071199334 -0.21643961393810265
    outer loop
      vertex -22 -3.8637033051562732 8.764723819589918
      vertex 22 -3.8637033051562732 8.764723819589918
      vertex 22 -3.939231012048832 9.105407289332279
    endloop
  endfacet
  facet normal 0 -0.9914448613738104 -0.13052619222005185
    outer loop
      vertex -22 -3.939231012048832 9.105407289332279
      vertex 22 -3.939231012048832 9.105407289332279
      vertex 22 -3.984778792366982 9.451377029009368
    endloop
  endfacet
  facet normal 0 -0.9990482215818577 -0.04361938736533587
    outer loop
      vertex -22 -3.984778792366982 9.451377029009368
      vertex 22 -3.984778792366982 9.451377029009368
      vertex 22 -4 9.8
    endloop
  endfacet
  facet normal 0 -0.9990482215818577 0.04361938736533587
    outer loop
      vertex -22 -4 9.8
      vertex 22 -4 9.8
      vertex 22 -3.984778792366982 10.148622970990633
    endloop
  endfacet
  facet normal 0 -0.9914448613738104 0.13052619222005185
    outer loop
      vertex -22 -3.984778792366982 10.148622970990633
      vertex 22 -3.984778792366982 10.148622970990633
      vertex 22 -3.939231012048832 10.494592710667723
    endloop
  endfacet
  facet normal 0 -0.9762960071199334 0.21643961393810265
    outer loop
      vertex -22 -3.939231012048832 10.494592710667723
      vertex 22 -3.939231012048832 10.494592710667723
      vertex 22 -3.8637033051562732 10.835276180410084
    endloop
  endfacet
  facet normal 0 -0.9537169507482273 0.3007057995042724
    outer loop
      vertex -22 -3.8637033051562732 10.835276180410084
      vertex 22 -3.8637033051562732 10.835276180410084
      vertex 22 -3.7587704831436337 11.168080573302676
    endloop
  endfacet
  facet normal 0 -0.923879532511286 0.3826834323650917
    outer loop
      vertex -22 -3.7587704831436337 11.168080573302676
      vertex 22 -3.7587704831436337 11.168080573302676
      vertex 22 -3.6252311481465997 11.490473046962798
    endloop
  endfacet
  facet normal 0 -0.8870108331782219 0.46174861323503336
    outer loop
      vertex -22 -3.6252311481465997 11.490473046962798
      vertex 22 -3.6252311481465997 11.490473046962798
      vertex 22 -3.4641016151377544 11.8
    endloop
  endfacet
  facet normal 0 -0.8433914458128858 0.5372996083468237
    outer loop
      vertex -22 -3.4641016151377544 11.8
      vertex 22 -3.4641016151377544 11.8
      vertex 22 -3.276608177155967 12.094305745404185
    endloop
  endfacet
  facet normal 0 -0.7933533402912348 0.608761429008721
    outer loop
      vertex -22 -3.276608177155967 12.094305745404185
      vertex 22 -3.276608177155967 12.094305745404185
      vertex 22 -3.064177772475912 12.371150438746158
    endloop
  endfacet
  facet normal 0 -0.7372773368101244 0.6755902076156597
    outer loop
      vertex -22 -3.064177772475912 12.371150438746158
      vertex 22 -3.064177772475912 12.371150438746158
      vertex 22 -2.8284271247461903 12.62842712474619
    endloop
  endfacet
  facet normal 0 -0.6755902076156591 0.7372773368101251
    outer loop
      vertex -22 -2.8284271247461903 12.62842712474619
      vertex 22 -2.8284271247461903 12.62842712474619
      vertex 22 -2.571150438746157 12.864177772475912
    endloop
  endfacet
  facet normal 0 -0.6087614290087225 0.7933533402912336
    outer loop
      vertex -22 -2.571150438746157 12.864177772475912
      vertex 22 -2.571150438746157 12.864177772475912
      vertex 22 -2.294305745404184 13.076608177155968
    endloop
  endfacet
  facet normal 0 -0.5372996083468209 0.8433914458128876
    outer loop
      vertex -22 -2.294305745404184 13.076608177155968
      vertex 22 -2.294305745404184 13.076608177155968
      vertex 22 -2 13.264101615137754
    endloop
  endfacet
  facet normal 0 -0.4617486132350372 0.88701083317822
    outer loop
      vertex -22 -2 13.264101615137754
      vertex 22 -2 13.264101615137754
      vertex 22 -1.6904730469627978 13.425231148146601
    endloop
  endfacet
  facet normal 0 -0.3826834323650893 0.923879532511287
    outer loop
      vertex -22 -1.6904730469627978 13.425231148146601
      vertex 22 -1.6904730469627978 13.425231148146601
      vertex 22 -1.3680805733026749 13.558770483143634
    endloop
  endfacet
  facet normal 0 -0.30070579950427173 0.9537169507482274
    outer loop
      vertex -22 -1.3680805733026749 13.558770483143634
      vertex 22 -1.3680805733026749 13.558770483143634
      vertex 22 -1.035276180410083 13.663703305156274
    endloop
  endfacet
  facet normal 0 -0.21643961393810923 0.9762960071199319
    outer loop
      vertex -22 -0.9 13.693693312335913
      vertex 22 -1.035276180410083 13.663703305156274
      vertex 22 -0.9 13.693693312335913
    endloop
  endfacet
  facet normal 0 -0.6087614290087225 -0.7933533402912336
    outer loop
      vertex 23.8 -2.294305745404184 6.523391822844033
      vertex 24.7 -2.571150438746157 6.735822227524089
      vertex 23.8 -2.571150438746157 6.735822227524089
    endloop
  endfacet
  facet normal 0 -0.5372996083468228 -0.8433914458128864
    outer loop
      vertex 23.8 -2.294305745404184 6.523391822844033
      vertex 23.8 -2 6.335898384862246
      vertex 24.7 -2.294305745404184 6.523391822844033
    endloop
  endfacet
  facet normal 0 -0.6087614290087225 -0.7933533402912336
    outer loop
      vertex 23.8 -2.294305745404184 6.523391822844033
      vertex 24.7 -2.294305745404184 6.523391822844033
      vertex 24.7 -2.571150438746157 6.735822227524089
    endloop
  endfacet
  facet normal 0 -0.7933533402912348 -0.608761429008721
    outer loop
      vertex 23.8 -3.276608177155967 7.5056942545958165
      vertex 23.8 -3.064177772475912 7.228849561253844
      vertex 24.7 -3.276608177155967 7.5056942545958165
    endloop
  endfacet
  facet normal 0 -0.8870108331782219 -0.46174861323503336
    outer loop
      vertex 23.8 -3.4641016151377544 7.800000000000001
      vertex 24.7 -3.6252311481465997 8.109526953037204
      vertex 23.8 -3.6252311481465997 8.109526953037204
    endloop
  endfacet
  facet normal 0 -0.8433914458128858 -0.5372996083468236
    outer loop
      vertex 23.8 -3.276608177155967 7.5056942545958165
      vertex 24.7 -3.4641016151377544 7.800000000000001
      vertex 23.8 -3.4641016151377544 7.800000000000001
    endloop
  endfacet
  facet normal 0 -0.8433914458128858 -0.5372996083468236
    outer loop
      vertex 23.8 -3.276608177155967 7.5056942545958165
      vertex 24.7 -3.276608177155967 7.5056942545958165
      vertex 24.7 -3.4641016151377544 7.800000000000001
    endloop
  endfacet
  facet normal 0 -0.8870108331782219 -0.46174861323503336
    outer loop
      vertex 23.8 -3.4641016151377544 7.800000000000001
      vertex 24.7 -3.4641016151377544 7.800000000000001
      vertex 24.7 -3.6252311481465997 8.109526953037204
    endloop
  endfacet
  facet normal 0 -0.6755902076156591 -0.7372773368101251
    outer loop
      vertex 23.8 -2.8284271247461903 6.971572875253811
      vertex 23.8 -2.571150438746157 6.735822227524089
      vertex 24.7 -2.8284271247461903 6.971572875253811
    endloop
  endfacet
  facet normal 0 -0.7372773368101245 -0.6755902076156597
    outer loop
      vertex 23.8 -2.8284271247461903 6.971572875253811
      vertex 24.7 -3.064177772475912 7.228849561253844
      vertex 23.8 -3.064177772475912 7.228849561253844
    endloop
  endfacet
  facet normal 0 -0.6755902076156591 -0.7372773368101251
    outer loop
      vertex 23.8 -2.571150438746157 6.735822227524089
      vertex 24.7 -2.571150438746157 6.735822227524089
      vertex 24.7 -2.8284271247461903 6.971572875253811
    endloop
  endfacet
  facet normal 0 -0.7933533402912348 -0.608761429008721
    outer loop
      vertex 23.8 -3.064177772475912 7.228849561253844
      vertex 24.7 -3.064177772475912 7.228849561253844
      vertex 24.7 -3.276608177155967 7.5056942545958165
    endloop
  endfacet
  facet normal 0 -0.7372773368101245 -0.6755902076156597
    outer loop
      vertex 23.8 -2.8284271247461903 6.971572875253811
      vertex 24.7 -2.8284271247461903 6.971572875253811
      vertex 24.7 -3.064177772475912 7.228849561253844
    endloop
  endfacet
  facet normal 0 -0.3007057995042718 -0.9537169507482273
    outer loop
      vertex 23.8 -1.3680805733026749 6.041229516856367
      vertex 23.8 -1.035276180410083 5.936296694843728
      vertex 24.7 -1.3680805733026749 6.041229516856367
    endloop
  endfacet
  facet normal 0 -0.3007057995042718 -0.9537169507482273
    outer loop
      vertex 23.8 -1.035276180410083 5.936296694843728
      vertex 24.7 -1.035276180410083 5.936296694843728
      vertex 24.7 -1.3680805733026749 6.041229516856367
    endloop
  endfacet
  facet normal 0 -0.4617486132350352 -0.8870108331782209
    outer loop
      vertex 23.8 -2 6.335898384862246
      vertex 23.8 -1.6904730469627978 6.1747688518534005
      vertex 24.7 -2 6.335898384862246
    endloop
  endfacet
  facet normal 0 -0.3826834323650892 -0.923879532511287
    outer loop
      vertex 23.8 -1.6904730469627978 6.1747688518534005
      vertex 23.8 -1.3680805733026749 6.041229516856367
      vertex 24.7 -1.6904730469627978 6.1747688518534005
    endloop
  endfacet
  facet normal 0 -0.4617486132350352 -0.8870108331782209
    outer loop
      vertex 23.8 -1.6904730469627978 6.1747688518534005
      vertex 24.7 -1.6904730469627978 6.1747688518534005
      vertex 24.7 -2 6.335898384862246
    endloop
  endfacet
  facet normal 0 -0.5372996083468228 -0.8433914458128864
    outer loop
      vertex 24.7 -2.294305745404184 6.523391822844033
      vertex 23.8 -2 6.335898384862246
      vertex 24.7 -2 6.335898384862246
    endloop
  endfacet
  facet normal 0 -0.3826834323650892 -0.923879532511287
    outer loop
      vertex 23.8 -1.3680805733026749 6.041229516856367
      vertex 24.7 -1.3680805733026749 6.041229516856367
      vertex 24.7 -1.6904730469627978 6.1747688518534005
    endloop
  endfacet
  facet normal 0 -0.2164396139381046 -0.9762960071199329
    outer loop
      vertex 23.8 -1.035276180410083 5.936296694843728
      vertex 23.8 -0.6945927106677213 5.860768987951168
      vertex 24.7 -1.035276180410083 5.936296694843728
    endloop
  endfacet
  facet normal 0 -0.13052619222005094 -0.9914448613738106
    outer loop
      vertex 23.8 -0.6945927106677213 5.860768987951168
      vertex 23.8 -0.34862297099063266 5.8152212076330185
      vertex 24.7 -0.6945927106677213 5.860768987951168
    endloop
  endfacet
  facet normal 0 -0.04361938736533768 -0.9990482215818576
    outer loop
      vertex 23.8 -0.34862297099063266 5.8152212076330185
      vertex 23.8 -0.2537182678215938 5.811077578806206
      vertex 24.7 -0.34862297099063266 5.8152212076330185
    endloop
  endfacet
  facet normal 0 -0.04361938736533517 -0.9990482215818578
    outer loop
      vertex 23.8 -0.2537182678215938 5.811077578806206
      vertex 23.8 0 5.800000000000001
      vertex 24.7 0 5.800000000000001
    endloop
  endfacet
  facet normal 0 -0.2164396139381046 -0.9762960071199329
    outer loop
      vertex 23.8 -0.6945927106677213 5.860768987951168
      vertex 24.7 -0.6945927106677213 5.860768987951168
      vertex 24.7 -1.035276180410083 5.936296694843728
    endloop
  endfacet
  facet normal 0 -0.13052619222005094 -0.9914448613738106
    outer loop
      vertex 23.8 -0.34862297099063266 5.8152212076330185
      vertex 24.7 -0.34862297099063266 5.8152212076330185
      vertex 24.7 -0.6945927106677213 5.860768987951168
    endloop
  endfacet
  facet normal 1.9332420909876303e-16 -0.043619387365335854 -0.9990482215818578
    outer loop
      vertex 23.8 -0.2537182678215938 5.811077578806206
      vertex 24.7 0 5.800000000000001
      vertex 24.7 -0.34862297099063266 5.8152212076330185
    endloop
  endfacet
  facet normal 1 0 0
    outer loop
      vertex 24.7 -0.6945927106677213 5.860768987951168
      vertex 24.7 -0.34862297099063266 5.8152212076330185
      vertex 24.7 -0.5506524294614792 8.287094879150391
    endloop
  endfacet
  facet normal 1 0 0
    outer loop
      vertex 24.7 -0.34862297099063266 5.8152212076330185
      vertex 24.7 0 5.800000000000001
      vertex 24.7 -0.14032074809074402 8.196126538515092
    endloop
  endfacet
  facet normal 1 0 0
    outer loop
      vertex 24.7 -1.3680805733026749 6.041229516856367
      vertex 24.7 -1.035276180410083 5.936296694843728
      vertex 24.7 -1.2333315536379814 8.765111948549748
    endloop
  endfacet
  facet normal 1 0 0
    outer loop
      vertex 24.7 -1.6904730469627978 6.1747688518534005
      vertex 24.7 -1.3680805733026749 6.041229516856367
      vertex 24.7 -1.5129051208496094 9.249347570538522
    endloop
  endfacet
  facet normal 1 0 0
    outer loop
      vertex 24.7 -1.3680805733026749 6.041229516856367
      vertex 24.7 -1.3188347890973091 8.87654193788767
      vertex 24.7 -1.394300900399685 8.995000000298024
    endloop
  endfacet
  facet normal 1 0 0
    outer loop
      vertex 24.7 -1.035276180410083 5.936296694843728
      vertex 24.7 -1.0348880514502525 8.56666844636202
      vertex 24.7 -1.1384419202804565 8.661558079719544
    endloop
  endfacet
  facet normal 1 0 0
    outer loop
      vertex 24.7 -1.035276180410083 5.936296694843728
      vertex 24.7 -1.1384419202804565 8.661558079719544
      vertex 24.7 -1.2333315536379814 8.765111948549748
    endloop
  endfacet
  facet normal 1 0 0
    outer loop
      vertex 24.7 -1.3680805733026749 6.041229516856367
      vertex 24.7 -1.2333315536379814 8.765111948549748
      vertex 24.7 -1.3188347890973091 8.87654193788767
    endloop
  endfacet
  facet normal 1 0 0
    outer loop
      vertex 24.7 -1.035276180410083 5.936296694843728
      vertex 24.7 -0.6945927106677213 5.860768987951168
      vertex 24.7 -0.9234580621123314 8.481165210902692
    endloop
  endfacet
  facet normal 1 0 0
    outer loop
      vertex 24.7 -1.035276180410083 5.936296694843728
      vertex 24.7 -0.9234580621123314 8.481165210902692
      vertex 24.7 -1.0348880514502525 8.56666844636202
    endloop
  endfacet
  facet normal 1 0 0
    outer loop
      vertex 24.7 -0.6945927106677213 5.860768987951168
      vertex 24.7 -0.8049999997019768 8.405699099600316
      vertex 24.7 -0.9234580621123314 8.481165210902692
    endloop
  endfacet
  facet normal 1 0 0
    outer loop
      vertex 24.7 -0.6945927106677213 5.860768987951168
      vertex 24.7 -0.5506524294614792 8.287094879150391
      vertex 24.7 -0.6804153993725777 8.340844462811948
    endloop
  endfacet
  facet normal 1 0 0
    outer loop
      vertex 24.7 -0.6945927106677213 5.860768987951168
      vertex 24.7 -0.6804153993725777 8.340844462811948
      vertex 24.7 -0.8049999997019768 8.405699099600316
    endloop
  endfacet
  facet normal 1 0 0
    outer loop
      vertex 24.7 -0.34862297099063266 5.8152212076330185
      vertex 24.7 -0.4166986644268036 8.244859422743321
      vertex 24.7 -0.5506524294614792 8.287094879150391
    endloop
  endfacet
  facet normal 1 0 0
    outer loop
      vertex 24.7 -0.34862297099063266 5.8152212076330185
      vertex 24.7 -0.27957356721162796 8.214459519088269
      vertex 24.7 -0.4166986644268036 8.244859422743321
    endloop
  endfacet
  facet normal 1 0 0
    outer loop
      vertex 24.7 -0.34862297099063266 5.8152212076330185
      vertex 24.7 -0.14032074809074402 8.196126538515092
      vertex 24.7 -0.27957356721162796 8.214459519088269
    endloop
  endfacet
  facet normal 1 0 0
    outer loop
      vertex 24.7 0 5.800000000000001
      vertex 24.7 0 8.190000000596047
      vertex 24.7 -0.14032074809074402 8.196126538515092
    endloop
  endfacet
  facet normal 0 -0.9537169507482273 -0.30070579950427234
    outer loop
      vertex 23.8 -3.7587704831436337 8.431919426697325
      vertex 24.7 -3.8637033051562732 8.764723819589918
      vertex 23.8 -3.8637033051562732 8.764723819589918
    endloop
  endfacet
  facet normal 0 -0.923879532511286 -0.3826834323650917
    outer loop
      vertex 23.8 -3.7587704831436337 8.431919426697325
      vertex 23.8 -3.6252311481465997 8.109526953037204
      vertex 24.7 -3.7587704831436337 8.431919426697325
    endloop
  endfacet
  facet normal 0 -0.9537169507482273 -0.30070579950427234
    outer loop
      vertex 23.8 -3.7587704831436337 8.431919426697325
      vertex 24.7 -3.7587704831436337 8.431919426697325
      vertex 24.7 -3.8637033051562732 8.764723819589918
    endloop
  endfacet
  facet normal 0 -0.923879532511286 -0.3826834323650917
    outer loop
      vertex 23.8 -3.6252311481465997 8.109526953037204
      vertex 24.7 -3.6252311481465997 8.109526953037204
      vertex 24.7 -3.7587704831436337 8.431919426697325
    endloop
  endfacet
  facet normal 0 -0.9762960071199334 -0.21643961393810265
    outer loop
      vertex 23.8 -3.8637033051562732 8.764723819589918
      vertex 24.7 -3.939231012048832 9.105407289332279
      vertex 23.8 -3.939231012048832 9.105407289332279
    endloop
  endfacet
  facet normal 0 -0.9914448613738104 -0.13052619222005188
    outer loop
      vertex 23.8 -3.939231012048832 9.105407289332279
      vertex 24.7 -3.984778792366982 9.451377029009368
      vertex 23.8 -3.984778792366982 9.451377029009368
    endloop
  endfacet
  facet normal 0 -0.9762960071199334 -0.21643961393810265
    outer loop
      vertex 23.8 -3.8637033051562732 8.764723819589918
      vertex 24.7 -3.8637033051562732 8.764723819589918
      vertex 24.7 -3.939231012048832 9.105407289332279
    endloop
  endfacet
  facet normal 0 -0.9914448613738104 -0.13052619222005188
    outer loop
      vertex 23.8 -3.939231012048832 9.105407289332279
      vertex 24.7 -3.939231012048832 9.105407289332279
      vertex 24.7 -3.984778792366982 9.451377029009368
    endloop
  endfacet
  facet normal 1 0 0
    outer loop
      vertex 24.7 -3.7587704831436337 8.431919426697325
      vertex 24.7 -3.8637033051562732 10.835276180410084
      vertex 24.7 -3.8637033051562732 8.764723819589918
    endloop
  endfacet
  facet normal 1 0 0
    outer loop
      vertex 24.7 -3.276608177155967 7.5056942545958165
      vertex 24.7 -3.064177772475912 7.228849561253844
      vertex 24.7 -3.276608177155967 12.094305745404185
    endloop
  endfacet
  facet normal 1 0 0
    outer loop
      vertex 24.7 -3.4641016151377544 7.800000000000001
      vertex 24.7 -3.6252311481465997 11.490473046962798
      vertex 24.7 -3.6252311481465997 8.109526953037204
    endloop
  endfacet
  facet normal 1 0 0
    outer loop
      vertex 24.7 -3.7587704831436337 8.431919426697325
      vertex 24.7 -3.6252311481465997 8.109526953037204
      vertex 24.7 -3.7587704831436337 11.168080573302676
    endloop
  endfacet
  facet normal 1 0 0
    outer loop
      vertex 24.7 -3.276608177155967 7.5056942545958165
      vertex 24.7 -3.4641016151377544 11.8
      vertex 24.7 -3.4641016151377544 7.800000000000001
    endloop
  endfacet
  facet normal 1 0 0
    outer loop
      vertex 24.7 -2.294305745404184 6.523391822844033
      vertex 24.7 -2 6.335898384862246
      vertex 24.7 -2.294305745404184 13.076608177155968
    endloop
  endfacet
  facet normal 1 0 0
    outer loop
      vertex 24.7 -2.8284271247461903 6.971572875253811
      vertex 24.7 -3.064177772475912 12.371150438746158
      vertex 24.7 -3.064177772475912 7.228849561253844
    endloop
  endfacet
  facet normal 1 0 0
    outer loop
      vertex 24.7 -2.8284271247461903 6.971572875253811
      vertex 24.7 -2.571150438746157 6.735822227524089
      vertex 24.7 -2.8284271247461903 12.62842712474619
    endloop
  endfacet
  facet normal 1 0 0
    outer loop
      vertex 24.7 -2.294305745404184 6.523391822844033
      vertex 24.7 -2.571150438746157 12.864177772475912
      vertex 24.7 -2.571150438746157 6.735822227524089
    endloop
  endfacet
  facet normal 0 -0.9990482215818578 -0.04361938736533587
    outer loop
      vertex 23.8 -3.984778792366982 9.451377029009368
      vertex 24.7 -4 9.8
      vertex 23.8 -4 9.8
    endloop
  endfacet
  facet normal 0 -0.9990482215818578 -0.04361938736533587
    outer loop
      vertex 23.8 -3.984778792366982 9.451377029009368
      vertex 24.7 -3.984778792366982 9.451377029009368
      vertex 24.7 -4 9.8
    endloop
  endfacet
  facet normal 1 0 0
    outer loop
      vertex 24.7 -3.8637033051562732 8.764723819589918
      vertex 24.7 -3.939231012048832 10.494592710667723
      vertex 24.7 -3.939231012048832 9.105407289332279
    endloop
  endfacet
  facet normal 1 0 0
    outer loop
      vertex 24.7 -3.939231012048832 9.105407289332279
      vertex 24.7 -3.984778792366982 10.148622970990633
      vertex 24.7 -3.984778792366982 9.451377029009368
    endloop
  endfacet
  facet normal 0 -0.9990482215818578 0.04361938736533587
    outer loop
      vertex 23.8 -4 9.8
      vertex 24.7 -4 9.8
      vertex 24.7 -3.984778792366982 10.148622970990633
    endloop
  endfacet
  facet normal 1 0 0
    outer loop
      vertex 24.7 -3.984778792366982 9.451377029009368
      vertex 24.7 -3.984778792366982 10.148622970990633
      vertex 24.7 -4 9.8
    endloop
  endfacet
  facet normal 1 0 0
    outer loop
      vertex 24.7 -3.939231012048832 9.105407289332279
      vertex 24.7 -3.939231012048832 10.494592710667723
      vertex 24.7 -3.984778792366982 10.148622970990633
    endloop
  endfacet
  facet normal 0 -0.9990482215818578 0.04361938736533587
    outer loop
      vertex 23.8 -4 9.8
      vertex 24.7 -3.984778792366982 10.148622970990633
      vertex 23.8 -3.984778792366982 10.148622970990633
    endloop
  endfacet
  facet normal 0 -0.9914448613738104 0.13052619222005188
    outer loop
      vertex 23.8 -3.984778792366982 10.148622970990633
      vertex 24.7 -3.939231012048832 10.494592710667723
      vertex 23.8 -3.939231012048832 10.494592710667723
    endloop
  endfacet
  facet normal 0 -0.9914448613738104 0.13052619222005188
    outer loop
      vertex 23.8 -3.984778792366982 10.148622970990633
      vertex 24.7 -3.984778792366982 10.148622970990633
      vertex 24.7 -3.939231012048832 10.494592710667723
    endloop
  endfacet
  facet normal 1 0 0
    outer loop
      vertex 24.7 -3.8637033051562732 8.764723819589918
      vertex 24.7 -3.8637033051562732 10.835276180410084
      vertex 24.7 -3.939231012048832 10.494592710667723
    endloop
  endfacet
  facet normal 1 0 0
    outer loop
      vertex 24.7 -3.7587704831436337 8.431919426697325
      vertex 24.7 -3.7587704831436337 11.168080573302676
      vertex 24.7 -3.8637033051562732 10.835276180410084
    endloop
  endfacet
  facet normal 0 -0.9762960071199334 0.21643961393810265
    outer loop
      vertex 23.8 -3.939231012048832 10.494592710667723
      vertex 24.7 -3.939231012048832 10.494592710667723
      vertex 24.7 -3.8637033051562732 10.835276180410084
    endloop
  endfacet
  facet normal 1 0 0
    outer loop
      vertex 24.7 -3.6252311481465997 8.109526953037204
      vertex 24.7 -3.6252311481465997 11.490473046962798
      vertex 24.7 -3.7587704831436337 11.168080573302676
    endloop
  endfacet
  facet normal 1 0 0
    outer loop
      vertex 24.7 -3.4641016151377544 7.800000000000001
      vertex 24.7 -3.4641016151377544 11.8
      vertex 24.7 -3.6252311481465997 11.490473046962798
    endloop
  endfacet
  facet normal 1 0 0
    outer loop
      vertex 24.7 -3.276608177155967 7.5056942545958165
      vertex 24.7 -3.276608177155967 12.094305745404185
      vertex 24.7 -3.4641016151377544 11.8
    endloop
  endfacet
  facet normal 1 0 0
    outer loop
      vertex 24.7 -3.064177772475912 7.228849561253844
      vertex 24.7 -3.064177772475912 12.371150438746158
      vertex 24.7 -3.276608177155967 12.094305745404185
    endloop
  endfacet
  facet normal 1 0 0
    outer loop
      vertex 24.7 -2.8284271247461903 6.971572875253811
      vertex 24.7 -2.8284271247461903 12.62842712474619
      vertex 24.7 -3.064177772475912 12.371150438746158
    endloop
  endfacet
  facet normal 1 0 0
    outer loop
      vertex 24.7 -2 6.335898384862246
      vertex 24.7 -1.6904730469627978 6.1747688518534005
      vertex 24.7 -2 13.264101615137754
    endloop
  endfacet
  facet normal 1 0 0
    outer loop
      vertex 24.7 -1.6904730469627978 6.1747688518534005
      vertex 24.7 -1.5551405772566795 9.383301335573197
      vertex 24.7 -1.5855404809117317 9.520426432788373
    endloop
  endfacet
  facet normal 1 0 0
    outer loop
      vertex 24.7 -1.6904730469627978 6.1747688518534005
      vertex 24.7 -1.5855404809117317 9.520426432788373
      vertex 24.7 -1.603873461484909 9.659679251909257
    endloop
  endfacet
  facet normal 1 0 0
    outer loop
      vertex 24.7 -1.6904730469627978 6.1747688518534005
      vertex 24.7 -1.603873461484909 9.659679251909257
      vertex 24.7 -1.6099999994039536 9.8
    endloop
  endfacet
  facet normal 1 0 0
    outer loop
      vertex 24.7 -1.3680805733026749 6.041229516856367
      vertex 24.7 -1.394300900399685 8.995000000298024
      vertex 24.7 -1.4591555371880531 9.119584600627423
    endloop
  endfacet
  facet normal 1 0 0
    outer loop
      vertex 24.7 -1.3680805733026749 6.041229516856367
      vertex 24.7 -1.4591555371880531 9.119584600627423
      vertex 24.7 -1.5129051208496094 9.249347570538522
    endloop
  endfacet
  facet normal 1 0 0
    outer loop
      vertex 24.7 -1.6904730469627978 6.1747688518534005
      vertex 24.7 -1.5129051208496094 9.249347570538522
      vertex 24.7 -1.5551405772566795 9.383301335573197
    endloop
  endfacet
  facet normal 1 0 0
    outer loop
      vertex 24.7 -1.6904730469627978 6.1747688518534005
      vertex 24.7 -1.6099999994039536 9.8
      vertex 24.7 -1.6904730469627978 13.425231148146601
    endloop
  endfacet
  facet normal 0 -0.9762960071199334 0.21643961393810265
    outer loop
      vertex 23.8 -3.939231012048832 10.494592710667723
      vertex 24.7 -3.8637033051562732 10.835276180410084
      vertex 23.8 -3.8637033051562732 10.835276180410084
    endloop
  endfacet
  facet normal 0 -0.9537169507482273 0.30070579950427234
    outer loop
      vertex 23.8 -3.8637033051562732 10.835276180410084
      vertex 24.7 -3.7587704831436337 11.168080573302676
      vertex 23.8 -3.7587704831436337 11.168080573302676
    endloop
  endfacet
  facet normal 0 -0.9537169507482273 0.30070579950427234
    outer loop
      vertex 23.8 -3.8637033051562732 10.835276180410084
      vertex 24.7 -3.8637033051562732 10.835276180410084
      vertex 24.7 -3.7587704831436337 11.168080573302676
    endloop
  endfacet
  facet normal 0 -0.923879532511286 0.3826834323650917
    outer loop
      vertex 23.8 -3.7587704831436337 11.168080573302676
      vertex 24.7 -3.7587704831436337 11.168080573302676
      vertex 24.7 -3.6252311481465997 11.490473046962798
    endloop
  endfacet
  facet normal 0 -0.923879532511286 0.3826834323650917
    outer loop
      vertex 23.8 -3.7587704831436337 11.168080573302676
      vertex 24.7 -3.6252311481465997 11.490473046962798
      vertex 23.8 -3.6252311481465997 11.490473046962798
    endloop
  endfacet
  facet normal 0 -0.8870108331782219 0.46174861323503336
    outer loop
      vertex 23.8 -3.6252311481465997 11.490473046962798
      vertex 24.7 -3.4641016151377544 11.8
      vertex 23.8 -3.4641016151377544 11.8
    endloop
  endfacet
  facet normal 0 -0.8433914458128858 0.5372996083468236
    outer loop
      vertex 23.8 -3.4641016151377544 11.8
      vertex 24.7 -3.276608177155967 12.094305745404185
      vertex 23.8 -3.276608177155967 12.094305745404185
    endloop
  endfacet
  facet normal 0 -0.8870108331782219 0.46174861323503336
    outer loop
      vertex 23.8 -3.6252311481465997 11.490473046962798
      vertex 24.7 -3.6252311481465997 11.490473046962798
      vertex 24.7 -3.4641016151377544 11.8
    endloop
  endfacet
  facet normal 0 -0.8433914458128858 0.5372996083468236
    outer loop
      vertex 23.8 -3.4641016151377544 11.8
      vertex 24.7 -3.4641016151377544 11.8
      vertex 24.7 -3.276608177155967 12.094305745404185
    endloop
  endfacet
  facet normal 1 0 0
    outer loop
      vertex 24.7 -2.571150438746157 6.735822227524089
      vertex 24.7 -2.571150438746157 12.864177772475912
      vertex 24.7 -2.8284271247461903 12.62842712474619
    endloop
  endfacet
  facet normal 1 0 0
    outer loop
      vertex 24.7 -2.294305745404184 6.523391822844033
      vertex 24.7 -2.294305745404184 13.076608177155968
      vertex 24.7 -2.571150438746157 12.864177772475912
    endloop
  endfacet
  facet normal 0 -0.7933533402912348 0.608761429008721
    outer loop
      vertex 23.8 -3.276608177155967 12.094305745404185
      vertex 24.7 -3.276608177155967 12.094305745404185
      vertex 24.7 -3.064177772475912 12.371150438746158
    endloop
  endfacet
  facet normal 0 -0.7933533402912348 0.608761429008721
    outer loop
      vertex 23.8 -3.276608177155967 12.094305745404185
      vertex 24.7 -3.064177772475912 12.371150438746158
      vertex 23.8 -3.064177772475912 12.371150438746158
    endloop
  endfacet
  facet normal 0 -0.7372773368101245 0.6755902076156597
    outer loop
      vertex 23.8 -3.064177772475912 12.371150438746158
      vertex 24.7 -2.8284271247461903 12.62842712474619
      vertex 23.8 -2.8284271247461903 12.62842712474619
    endloop
  endfacet
  facet normal 0 -0.7372773368101245 0.6755902076156597
    outer loop
      vertex 23.8 -3.064177772475912 12.371150438746158
      vertex 24.7 -3.064177772475912 12.371150438746158
      vertex 24.7 -2.8284271247461903 12.62842712474619
    endloop
  endfacet
  facet normal 0 -0.6755902076156591 0.7372773368101251
    outer loop
      vertex 23.8 -2.8284271247461903 12.62842712474619
      vertex 24.7 -2.571150438746157 12.864177772475912
      vertex 23.8 -2.571150438746157 12.864177772475912
    endloop
  endfacet
  facet normal 0 -0.6087614290087225 0.7933533402912336
    outer loop
      vertex 23.8 -2.571150438746157 12.864177772475912
      vertex 24.7 -2.294305745404184 13.076608177155968
      vertex 23.8 -2.294305745404184 13.076608177155968
    endloop
  endfacet
  facet normal 0 -0.6755902076156591 0.7372773368101251
    outer loop
      vertex 23.8 -2.8284271247461903 12.62842712474619
      vertex 24.7 -2.8284271247461903 12.62842712474619
      vertex 24.7 -2.571150438746157 12.864177772475912
    endloop
  endfacet
  facet normal 0 -0.6087614290087225 0.7933533402912336
    outer loop
      vertex 23.8 -2.571150438746157 12.864177772475912
      vertex 24.7 -2.571150438746157 12.864177772475912
      vertex 24.7 -2.294305745404184 13.076608177155968
    endloop
  endfacet
  facet normal 0 -0.537299608346821 0.8433914458128876
    outer loop
      vertex 23.8 -2.294305745404184 13.076608177155968
      vertex 24.7 -2.294305745404184 13.076608177155968
      vertex 24.7 -2 13.264101615137754
    endloop
  endfacet
  facet normal 1 0 0
    outer loop
      vertex 24.7 -2 6.335898384862246
      vertex 24.7 -2 13.264101615137754
      vertex 24.7 -2.294305745404184 13.076608177155968
    endloop
  endfacet
  facet normal 1 0 0
    outer loop
      vertex 24.7 -1.6904730469627978 6.1747688518534005
      vertex 24.7 -1.6904730469627978 13.425231148146601
      vertex 24.7 -2 13.264101615137754
    endloop
  endfacet
  facet normal 1 0 0
    outer loop
      vertex 24.7 -1.6904730469627978 13.425231148146601
      vertex 24.7 -1.6099999994039536 9.8
      vertex 24.7 -1.603873461484909 9.940320748090745
    endloop
  endfacet
  facet normal 1 0 0
    outer loop
      vertex 24.7 -1.6904730469627978 13.425231148146601
      vertex 24.7 -1.603873461484909 9.940320748090745
      vertex 24.7 -1.5855404809117317 10.079573567211629
    endloop
  endfacet
  facet normal 1 0 0
    outer loop
      vertex 24.7 -1.6904730469627978 13.425231148146601
      vertex 24.7 -1.5855404809117317 10.079573567211629
      vertex 24.7 -1.5551405772566795 10.216698664426804
    endloop
  endfacet
  facet normal 1 0 0
    outer loop
      vertex 24.7 -1.6904730469627978 13.425231148146601
      vertex 24.7 -1.5551405772566795 10.216698664426804
      vertex 24.7 -1.5129051208496094 10.35065242946148
    endloop
  endfacet
  facet normal 1 0 0
    outer loop
      vertex 24.7 -1.6904730469627978 13.425231148146601
      vertex 24.7 -1.5129051208496094 10.35065242946148
      vertex 24.7 -1.4591555371880531 10.480415399372578
    endloop
  endfacet
  facet normal 1 0 0
    outer loop
      vertex 24.7 -1.6904730469627978 13.425231148146601
      vertex 24.7 -1.4591555371880531 10.480415399372578
      vertex 24.7 -1.394300900399685 10.604999999701977
    endloop
  endfacet
  facet normal 1 0 0
    outer loop
      vertex 24.7 -1.6904730469627978 13.425231148146601
      vertex 24.7 -1.394300900399685 10.604999999701977
      vertex 24.7 -1.3188347890973091 10.723458062112332
    endloop
  endfacet
  facet normal 1 0 0
    outer loop
      vertex 24.7 -1.3680805733026749 13.558770483143634
      vertex 24.7 -1.3188347890973091 10.723458062112332
      vertex 24.7 -1.2333315536379814 10.834888051450253
    endloop
  endfacet
  facet normal 1 0 0
    outer loop
      vertex 24.7 -1.3680805733026749 13.558770483143634
      vertex 24.7 -1.2333315536379814 10.834888051450253
      vertex 24.7 -1.1384419202804565 10.938441920280457
    endloop
  endfacet
  facet normal 1 0 0
    outer loop
      vertex 24.7 -1.6904730469627978 13.425231148146601
      vertex 24.7 -1.3188347890973091 10.723458062112332
      vertex 24.7 -1.3680805733026749 13.558770483143634
    endloop
  endfacet
  facet normal 0 -0.537299608346821 0.8433914458128876
    outer loop
      vertex 23.8 -2.294305745404184 13.076608177155968
      vertex 24.7 -2 13.264101615137754
      vertex 23.8 -2 13.264101615137754
    endloop
  endfacet
  facet normal 0 -0.46174861323503724 0.88701083317822
    outer loop
      vertex 23.8 -2 13.264101615137754
      vertex 24.7 -1.6904730469627978 13.425231148146601
      vertex 23.8 -1.6904730469627978 13.425231148146601
    endloop
  endfacet
  facet normal 0 -0.46174861323503724 0.88701083317822
    outer loop
      vertex 23.8 -2 13.264101615137754
      vertex 24.7 -2 13.264101615137754
      vertex 24.7 -1.6904730469627978 13.425231148146601
    endloop
  endfacet
  facet normal 1 0 0
    outer loop
      vertex 24.7 -1.3680805733026749 13.558770483143634
      vertex 24.7 -1.1384419202804565 10.938441920280457
      vertex 24.7 0 12.076883833110333
    endloop
  endfacet
  facet normal 1 0 0
    outer loop
      vertex 24.7 -1.3680805733026749 13.558770483143634
      vertex 24.7 0 12.076883833110333
      vertex 24.7 -1.035276180410083 13.663703305156274
    endloop
  endfacet
  facet normal 1 0 0
    outer loop
      vertex 24.7 -1.035276180410083 13.663703305156274
      vertex 24.7 0 12.076883833110333
      vertex 24.7 -0.6945927106677213 13.739231012048833
    endloop
  endfacet
  facet normal 1 0 0
    outer loop
      vertex 24.7 -0.6945927106677213 13.739231012048833
      vertex 24.7 0 12.076883833110333
      vertex 24.7 -0.34862297099063266 13.784778792366982
    endloop
  endfacet
  facet normal 1 0 0
    outer loop
      vertex 24.7 -0.34862297099063266 13.784778792366982
      vertex 24.7 0 12.076883833110333
      vertex 24.7 0 13.8
    endloop
  endfacet
  facet normal 0 -0.3826834323650892 0.923879532511287
    outer loop
      vertex 23.8 -1.6904730469627978 13.425231148146601
      vertex 24.7 -1.3680805733026749 13.558770483143634
      vertex 23.8 -1.3680805733026749 13.558770483143634
    endloop
  endfacet
  facet normal 0 -0.3007057995042718 0.9537169507482273
    outer loop
      vertex 23.8 -1.3680805733026749 13.558770483143634
      vertex 24.7 -1.035276180410083 13.663703305156274
      vertex 23.8 -1.035276180410083 13.663703305156274
    endloop
  endfacet
  facet normal 0 -0.3826834323650892 0.923879532511287
    outer loop
      vertex 23.8 -1.6904730469627978 13.425231148146601
      vertex 24.7 -1.6904730469627978 13.425231148146601
      vertex 24.7 -1.3680805733026749 13.558770483143634
    endloop
  endfacet
  facet normal 0 -0.3007057995042718 0.9537169507482273
    outer loop
      vertex 23.8 -1.3680805733026749 13.558770483143634
      vertex 24.7 -1.3680805733026749 13.558770483143634
      vertex 24.7 -1.035276180410083 13.663703305156274
    endloop
  endfacet
  facet normal 0 -0.2164396139381046 0.9762960071199329
    outer loop
      vertex 23.8 -1.035276180410083 13.663703305156274
      vertex 24.7 -0.6945927106677213 13.739231012048833
      vertex 23.8 -0.6945927106677213 13.739231012048833
    endloop
  endfacet
  facet normal 0 -0.1305261922200484 0.9914448613738107
    outer loop
      vertex 23.8 -0.6945927106677213 13.739231012048833
      vertex 24.7 -0.34862297099063266 13.784778792366982
      vertex 23.8 -0.34862297099063266 13.784778792366982
    endloop
  endfacet
  facet normal 0 -0.043619387365338394 0.9990482215818576
    outer loop
      vertex 23.8 -0.34862297099063266 13.784778792366982
      vertex 24.7 0 13.8
      vertex 23.8 0 13.8
    endloop
  endfacet
  facet normal 0 -0.2164396139381046 0.9762960071199329
    outer loop
      vertex 23.8 -1.035276180410083 13.663703305156274
      vertex 24.7 -1.035276180410083 13.663703305156274
      vertex 24.7 -0.6945927106677213 13.739231012048833
    endloop
  endfacet
  facet normal 0 -0.1305261922200484 0.9914448613738107
    outer loop
      vertex 23.8 -0.6945927106677213 13.739231012048833
      vertex 24.7 -0.6945927106677213 13.739231012048833
      vertex 24.7 -0.34862297099063266 13.784778792366982
    endloop
  endfacet
  facet normal 0 -0.043619387365338394 0.9990482215818576
    outer loop
      vertex 23.8 -0.34862297099063266 13.784778792366982
      vertex 24.7 -0.34862297099063266 13.784778792366982
      vertex 24.7 0 13.8
    endloop
  endfacet
  facet normal 0 0.21643961393810923 -0.9762960071199319
    outer loop
      vertex -22 0.9 5.906306687664088
      vertex 22 1.035276180410083 5.936296694843728
      vertex 22 0.9 5.906306687664088
    endloop
  endfacet
  facet normal 0 0.30070579950427173 -0.9537169507482274
    outer loop
      vertex -22 1.3680805733026749 6.041229516856367
      vertex 22 1.3680805733026749 6.041229516856367
      vertex 22 1.035276180410083 5.936296694843728
    endloop
  endfacet
  facet normal 0 0.3826834323650893 -0.923879532511287
    outer loop
      vertex -22 1.6904730469627978 6.1747688518534005
      vertex 22 1.6904730469627978 6.1747688518534005
      vertex 22 1.3680805733026749 6.041229516856367
    endloop
  endfacet
  facet normal 0 0.46174861323503513 -0.887010833178221
    outer loop
      vertex -22 2 6.335898384862246
      vertex 22 2 6.335898384862246
      vertex 22 1.6904730469627978 6.1747688518534005
    endloop
  endfacet
  facet normal 0 0.5372996083468227 -0.8433914458128865
    outer loop
      vertex -22 2.294305745404184 6.523391822844033
      vertex 22 2.294305745404184 6.523391822844033
      vertex 22 2 6.335898384862246
    endloop
  endfacet
  facet normal 0 0.6087614290087225 -0.7933533402912336
    outer loop
      vertex -22 2.571150438746157 6.735822227524089
      vertex 22 2.571150438746157 6.735822227524089
      vertex 22 2.294305745404184 6.523391822844033
    endloop
  endfacet
  facet normal 0 0.6755902076156591 -0.7372773368101251
    outer loop
      vertex -22 2.8284271247461903 6.971572875253811
      vertex 22 2.8284271247461903 6.971572875253811
      vertex 22 2.571150438746157 6.735822227524089
    endloop
  endfacet
  facet normal 0 0.7372773368101244 -0.6755902076156597
    outer loop
      vertex -22 3.064177772475912 7.228849561253844
      vertex 22 3.064177772475912 7.228849561253844
      vertex 22 2.8284271247461903 6.971572875253811
    endloop
  endfacet
  facet normal 0 0.7933533402912348 -0.608761429008721
    outer loop
      vertex -22 3.276608177155967 7.5056942545958165
      vertex 22 3.276608177155967 7.5056942545958165
      vertex 22 3.064177772475912 7.228849561253844
    endloop
  endfacet
  facet normal 0 0.8433914458128858 -0.5372996083468237
    outer loop
      vertex -22 3.4641016151377544 7.800000000000001
      vertex 22 3.4641016151377544 7.800000000000001
      vertex 22 3.276608177155967 7.5056942545958165
    endloop
  endfacet
  facet normal 0 0.8870108331782219 -0.46174861323503336
    outer loop
      vertex -22 3.6252311481465997 8.109526953037204
      vertex 22 3.6252311481465997 8.109526953037204
      vertex 22 3.4641016151377544 7.800000000000001
    endloop
  endfacet
  facet normal 0 0.923879532511286 -0.3826834323650917
    outer loop
      vertex -22 3.7587704831436337 8.431919426697325
      vertex 22 3.7587704831436337 8.431919426697325
      vertex 22 3.6252311481465997 8.109526953037204
    endloop
  endfacet
  facet normal 0 0.9537169507482273 -0.3007057995042724
    outer loop
      vertex -22 3.8637033051562732 8.764723819589918
      vertex 22 3.8637033051562732 8.764723819589918
      vertex 22 3.7587704831436337 8.431919426697325
    endloop
  endfacet
  facet normal 0 0.9762960071199334 -0.21643961393810265
    outer loop
      vertex -22 3.939231012048832 9.105407289332279
      vertex 22 3.939231012048832 9.105407289332279
      vertex 22 3.8637033051562732 8.764723819589918
    endloop
  endfacet
  facet normal 0 0.9914448613738104 -0.13052619222005185
    outer loop
      vertex -22 3.984778792366982 9.451377029009368
      vertex 22 3.984778792366982 9.451377029009368
      vertex 22 3.939231012048832 9.105407289332279
    endloop
  endfacet
  facet normal 0 0.9990482215818577 -0.04361938736533587
    outer loop
      vertex -22 4 9.8
      vertex 22 4 9.8
      vertex 22 3.984778792366982 9.451377029009368
    endloop
  endfacet
  facet normal 0 0.9990482215818577 0.04361938736533587
    outer loop
      vertex -22 3.984778792366982 10.148622970990633
      vertex 22 3.984778792366982 10.148622970990633
      vertex 22 4 9.8
    endloop
  endfacet
  facet normal 0 0.9914448613738104 0.13052619222005185
    outer loop
      vertex -22 3.939231012048832 10.494592710667723
      vertex 22 3.939231012048832 10.494592710667723
      vertex 22 3.984778792366982 10.148622970990633
    endloop
  endfacet
  facet normal 0 0.4617486132350372 0.88701083317822
    outer loop
      vertex -22 1.6904730469627978 13.425231148146601
      vertex 22 1.6904730469627978 13.425231148146601
      vertex 22 2 13.264101615137754
    endloop
  endfacet
  facet normal 0 0.5372996083468209 0.8433914458128876
    outer loop
      vertex -22 2 13.264101615137754
      vertex 22 2 13.264101615137754
      vertex 22 2.294305745404184 13.076608177155968
    endloop
  endfacet
  facet normal 0 0.9762960071199334 0.21643961393810265
    outer loop
      vertex -22 3.8637033051562732 10.835276180410084
      vertex 22 3.8637033051562732 10.835276180410084
      vertex 22 3.939231012048832 10.494592710667723
    endloop
  endfacet
  facet normal 0 0.9537169507482273 0.3007057995042724
    outer loop
      vertex -22 3.7587704831436337 11.168080573302676
      vertex 22 3.7587704831436337 11.168080573302676
      vertex 22 3.8637033051562732 10.835276180410084
    endloop
  endfacet
  facet normal 0 0.923879532511286 0.3826834323650917
    outer loop
      vertex -22 3.6252311481465997 11.490473046962798
      vertex 22 3.6252311481465997 11.490473046962798
      vertex 22 3.7587704831436337 11.168080573302676
    endloop
  endfacet
  facet normal 0 0.8870108331782219 0.46174861323503336
    outer loop
      vertex -22 3.4641016151377544 11.8
      vertex 22 3.4641016151377544 11.8
      vertex 22 3.6252311481465997 11.490473046962798
    endloop
  endfacet
  facet normal 0 0.8433914458128858 0.5372996083468237
    outer loop
      vertex -22 3.276608177155967 12.094305745404185
      vertex 22 3.276608177155967 12.094305745404185
      vertex 22 3.4641016151377544 11.8
    endloop
  endfacet
  facet normal 0 0.7933533402912348 0.608761429008721
    outer loop
      vertex -22 3.064177772475912 12.371150438746158
      vertex 22 3.064177772475912 12.371150438746158
      vertex 22 3.276608177155967 12.094305745404185
    endloop
  endfacet
  facet normal 0 0.7372773368101244 0.6755902076156597
    outer loop
      vertex -22 2.8284271247461903 12.62842712474619
      vertex 22 2.8284271247461903 12.62842712474619
      vertex 22 3.064177772475912 12.371150438746158
    endloop
  endfacet
  facet normal 0 0.6087614290087225 0.7933533402912336
    outer loop
      vertex -22 2.294305745404184 13.076608177155968
      vertex 22 2.294305745404184 13.076608177155968
      vertex 22 2.571150438746157 12.864177772475912
    endloop
  endfacet
  facet normal 0 0.6755902076156591 0.7372773368101251
    outer loop
      vertex -22 2.571150438746157 12.864177772475912
      vertex 22 2.571150438746157 12.864177772475912
      vertex 22 2.8284271247461903 12.62842712474619
    endloop
  endfacet
  facet normal 0 0.21643961393810923 0.9762960071199319
    outer loop
      vertex -22 1.035276180410083 13.663703305156274
      vertex 22 0.9 13.693693312335913
      vertex 22 1.035276180410083 13.663703305156274
    endloop
  endfacet
  facet normal 0 0.30070579950427173 0.9537169507482274
    outer loop
      vertex -22 1.035276180410083 13.663703305156274
      vertex 22 1.035276180410083 13.663703305156274
      vertex 22 1.3680805733026749 13.558770483143634
    endloop
  endfacet
  facet normal 0 0.3826834323650893 0.923879532511287
    outer loop
      vertex -22 1.3680805733026749 13.558770483143634
      vertex 22 1.3680805733026749 13.558770483143634
      vertex 22 1.6904730469627978 13.425231148146601
    endloop
  endfacet
  facet normal 0 0.043619387365335854 -0.9990482215818578
    outer loop
      vertex 23.8 0 5.800000000000001
      vertex 23.8 0.34862297099063266 5.8152212076330185
      vertex 24.7 0 5.800000000000001
    endloop
  endfacet
  facet normal 0 0.13052619222005094 -0.9914448613738106
    outer loop
      vertex 23.8 0.34862297099063266 5.8152212076330185
      vertex 23.8 0.6945927106677213 5.860768987951168
      vertex 24.7 0.34862297099063266 5.8152212076330185
    endloop
  endfacet
  facet normal 0 0.2164396139381046 -0.9762960071199329
    outer loop
      vertex 23.8 0.6945927106677213 5.860768987951168
      vertex 23.8 1.035276180410083 5.936296694843728
      vertex 24.7 0.6945927106677213 5.860768987951168
    endloop
  endfacet
  facet normal 0 0.043619387365335854 -0.9990482215818578
    outer loop
      vertex 23.8 0.34862297099063266 5.8152212076330185
      vertex 24.7 0.34862297099063266 5.8152212076330185
      vertex 24.7 0 5.800000000000001
    endloop
  endfacet
  facet normal 0 0.13052619222005094 -0.9914448613738106
    outer loop
      vertex 23.8 0.6945927106677213 5.860768987951168
      vertex 24.7 0.6945927106677213 5.860768987951168
      vertex 24.7 0.34862297099063266 5.8152212076330185
    endloop
  endfacet
  facet normal 0 0.2164396139381046 -0.9762960071199329
    outer loop
      vertex 23.8 1.035276180410083 5.936296694843728
      vertex 24.7 1.035276180410083 5.936296694843728
      vertex 24.7 0.6945927106677213 5.860768987951168
    endloop
  endfacet
  facet normal 1 0 0
    outer loop
      vertex 24.7 0 5.800000000000001
      vertex 24.7 0.34862297099063266 5.8152212076330185
      vertex 24.7 0 8.190000000596047
    endloop
  endfacet
  facet normal 1 0 0
    outer loop
      vertex 24.7 0.34862297099063266 5.8152212076330185
      vertex 24.7 0.6945927106677213 5.860768987951168
      vertex 24.7 0.27957356721162796 8.214459519088269
    endloop
  endfacet
  facet normal 0 0.3007057995042718 -0.9537169507482273
    outer loop
      vertex 23.8 1.035276180410083 5.936296694843728
      vertex 23.8 1.3680805733026749 6.041229516856367
      vertex 24.7 1.035276180410083 5.936296694843728
    endloop
  endfacet
  facet normal 0 0.3007057995042718 -0.9537169507482273
    outer loop
      vertex 23.8 1.3680805733026749 6.041229516856367
      vertex 24.7 1.3680805733026749 6.041229516856367
      vertex 24.7 1.035276180410083 5.936296694843728
    endloop
  endfacet
  facet normal 0 0.3826834323650892 -0.923879532511287
    outer loop
      vertex 23.8 1.3680805733026749 6.041229516856367
      vertex 23.8 1.6904730469627978 6.1747688518534005
      vertex 24.7 1.3680805733026749 6.041229516856367
    endloop
  endfacet
  facet normal 0 0.4617486132350352 -0.8870108331782209
    outer loop
      vertex 23.8 1.6904730469627978 6.1747688518534005
      vertex 23.8 2 6.335898384862246
      vertex 24.7 1.6904730469627978 6.1747688518534005
    endloop
  endfacet
  facet normal 0 0.5372996083468228 -0.8433914458128864
    outer loop
      vertex 23.8 2 6.335898384862246
      vertex 23.8 2.294305745404184 6.523391822844033
      vertex 24.7 2 6.335898384862246
    endloop
  endfacet
  facet normal 0 0.3826834323650892 -0.923879532511287
    outer loop
      vertex 23.8 1.6904730469627978 6.1747688518534005
      vertex 24.7 1.6904730469627978 6.1747688518534005
      vertex 24.7 1.3680805733026749 6.041229516856367
    endloop
  endfacet
  facet normal 0 0.4617486132350352 -0.8870108331782209
    outer loop
      vertex 23.8 2 6.335898384862246
      vertex 24.7 2 6.335898384862246
      vertex 24.7 1.6904730469627978 6.1747688518534005
    endloop
  endfacet
  facet normal 1 0 0
    outer loop
      vertex 24.7 0.6945927106677213 5.860768987951168
      vertex 24.7 1.035276180410083 5.936296694843728
      vertex 24.7 0.6804153993725777 8.340844462811948
    endloop
  endfacet
  facet normal 1 0 0
    outer loop
      vertex 24.7 0.34862297099063266 5.8152212076330185
      vertex 24.7 0.14032074809074402 8.196126538515092
      vertex 24.7 0 8.190000000596047
    endloop
  endfacet
  facet normal 1 0 0
    outer loop
      vertex 24.7 0.34862297099063266 5.8152212076330185
      vertex 24.7 0.27957356721162796 8.214459519088269
      vertex 24.7 0.14032074809074402 8.196126538515092
    endloop
  endfacet
  facet normal 1 0 0
    outer loop
      vertex 24.7 0.6945927106677213 5.860768987951168
      vertex 24.7 0.4166986644268036 8.244859422743321
      vertex 24.7 0.27957356721162796 8.214459519088269
    endloop
  endfacet
  facet normal 1 0 0
    outer loop
      vertex 24.7 0.6945927106677213 5.860768987951168
      vertex 24.7 0.5506524294614792 8.287094879150391
      vertex 24.7 0.4166986644268036 8.244859422743321
    endloop
  endfacet
  facet normal 1 0 0
    outer loop
      vertex 24.7 0.6945927106677213 5.860768987951168
      vertex 24.7 0.6804153993725777 8.340844462811948
      vertex 24.7 0.5506524294614792 8.287094879150391
    endloop
  endfacet
  facet normal 1 0 0
    outer loop
      vertex 24.7 1.035276180410083 5.936296694843728
      vertex 24.7 0.8049999997019768 8.405699099600316
      vertex 24.7 0.6804153993725777 8.340844462811948
    endloop
  endfacet
  facet normal 1 0 0
    outer loop
      vertex 24.7 1.035276180410083 5.936296694843728
      vertex 24.7 0.9234580621123314 8.481165210902692
      vertex 24.7 0.8049999997019768 8.405699099600316
    endloop
  endfacet
  facet normal 1 0 0
    outer loop
      vertex 24.7 1.035276180410083 5.936296694843728
      vertex 24.7 1.0348880514502525 8.56666844636202
      vertex 24.7 0.9234580621123314 8.481165210902692
    endloop
  endfacet
  facet normal 1 0 0
    outer loop
      vertex 24.7 1.035276180410083 5.936296694843728
      vertex 24.7 1.3680805733026749 6.041229516856367
      vertex 24.7 1.0348880514502525 8.56666844636202
    endloop
  endfacet
  facet normal 1 0 0
    outer loop
      vertex 24.7 1.3680805733026749 6.041229516856367
      vertex 24.7 1.6904730469627978 6.1747688518534005
      vertex 24.7 1.3188347890973091 8.87654193788767
    endloop
  endfacet
  facet normal 1 0 0
    outer loop
      vertex 24.7 1.3680805733026749 6.041229516856367
      vertex 24.7 1.1384419202804565 8.661558079719544
      vertex 24.7 1.0348880514502525 8.56666844636202
    endloop
  endfacet
  facet normal 1 0 0
    outer loop
      vertex 24.7 1.3680805733026749 6.041229516856367
      vertex 24.7 1.2333315536379814 8.765111948549748
      vertex 24.7 1.1384419202804565 8.661558079719544
    endloop
  endfacet
  facet normal 1 0 0
    outer loop
      vertex 24.7 1.3680805733026749 6.041229516856367
      vertex 24.7 1.3188347890973091 8.87654193788767
      vertex 24.7 1.2333315536379814 8.765111948549748
    endloop
  endfacet
  facet normal 1 0 0
    outer loop
      vertex 24.7 1.6904730469627978 6.1747688518534005
      vertex 24.7 1.394300900399685 8.995000000298024
      vertex 24.7 1.3188347890973091 8.87654193788767
    endloop
  endfacet
  facet normal 0 0.6087614290087225 -0.7933533402912336
    outer loop
      vertex 23.8 2.294305745404184 6.523391822844033
      vertex 23.8 2.571150438746157 6.735822227524089
      vertex 24.7 2.294305745404184 6.523391822844033
    endloop
  endfacet
  facet normal 0 0.5372996083468228 -0.8433914458128864
    outer loop
      vertex 24.7 2 6.335898384862246
      vertex 23.8 2.294305745404184 6.523391822844033
      vertex 24.7 2.294305745404184 6.523391822844033
    endloop
  endfacet
  facet normal 0 0.6087614290087225 -0.7933533402912336
    outer loop
      vertex 24.7 2.294305745404184 6.523391822844033
      vertex 23.8 2.571150438746157 6.735822227524089
      vertex 24.7 2.571150438746157 6.735822227524089
    endloop
  endfacet
  facet normal 0 0.6755902076156591 -0.7372773368101251
    outer loop
      vertex 23.8 2.571150438746157 6.735822227524089
      vertex 23.8 2.8284271247461903 6.971572875253811
      vertex 24.7 2.571150438746157 6.735822227524089
    endloop
  endfacet
  facet normal 0 0.7372773368101245 -0.6755902076156597
    outer loop
      vertex 23.8 2.8284271247461903 6.971572875253811
      vertex 23.8 3.064177772475912 7.228849561253844
      vertex 24.7 2.8284271247461903 6.971572875253811
    endloop
  endfacet
  facet normal 0 0.7933533402912348 -0.608761429008721
    outer loop
      vertex 23.8 3.064177772475912 7.228849561253844
      vertex 23.8 3.276608177155967 7.5056942545958165
      vertex 24.7 3.064177772475912 7.228849561253844
    endloop
  endfacet
  facet normal 0 0.6755902076156591 -0.7372773368101251
    outer loop
      vertex 23.8 2.8284271247461903 6.971572875253811
      vertex 24.7 2.8284271247461903 6.971572875253811
      vertex 24.7 2.571150438746157 6.735822227524089
    endloop
  endfacet
  facet normal 0 0.7372773368101245 -0.6755902076156597
    outer loop
      vertex 23.8 3.064177772475912 7.228849561253844
      vertex 24.7 3.064177772475912 7.228849561253844
      vertex 24.7 2.8284271247461903 6.971572875253811
    endloop
  endfacet
  facet normal 0 0.8433914458128858 -0.5372996083468236
    outer loop
      vertex 23.8 3.276608177155967 7.5056942545958165
      vertex 23.8 3.4641016151377544 7.800000000000001
      vertex 24.7 3.276608177155967 7.5056942545958165
    endloop
  endfacet
  facet normal 0 0.8870108331782219 -0.46174861323503336
    outer loop
      vertex 23.8 3.4641016151377544 7.800000000000001
      vertex 23.8 3.6252311481465997 8.109526953037204
      vertex 24.7 3.4641016151377544 7.800000000000001
    endloop
  endfacet
  facet normal 0 0.7933533402912348 -0.608761429008721
    outer loop
      vertex 23.8 3.276608177155967 7.5056942545958165
      vertex 24.7 3.276608177155967 7.5056942545958165
      vertex 24.7 3.064177772475912 7.228849561253844
    endloop
  endfacet
  facet normal 0 0.8433914458128858 -0.5372996083468236
    outer loop
      vertex 23.8 3.4641016151377544 7.800000000000001
      vertex 24.7 3.4641016151377544 7.800000000000001
      vertex 24.7 3.276608177155967 7.5056942545958165
    endloop
  endfacet
  facet normal 0 0.8870108331782219 -0.46174861323503336
    outer loop
      vertex 24.7 3.4641016151377544 7.800000000000001
      vertex 23.8 3.6252311481465997 8.109526953037204
      vertex 24.7 3.6252311481465997 8.109526953037204
    endloop
  endfacet
  facet normal 1 0 0
    outer loop
      vertex 24.7 1.6904730469627978 6.1747688518534005
      vertex 24.7 1.4591555371880531 9.119584600627423
      vertex 24.7 1.394300900399685 8.995000000298024
    endloop
  endfacet
  facet normal 1 0 0
    outer loop
      vertex 24.7 1.6904730469627978 6.1747688518534005
      vertex 24.7 1.5129051208496094 9.249347570538522
      vertex 24.7 1.4591555371880531 9.119584600627423
    endloop
  endfacet
  facet normal 1 0 0
    outer loop
      vertex 24.7 1.6904730469627978 6.1747688518534005
      vertex 24.7 1.5551405772566795 9.383301335573197
      vertex 24.7 1.5129051208496094 9.249347570538522
    endloop
  endfacet
  facet normal 1 0 0
    outer loop
      vertex 24.7 1.6904730469627978 6.1747688518534005
      vertex 24.7 1.5855404809117317 9.520426432788373
      vertex 24.7 1.5551405772566795 9.383301335573197
    endloop
  endfacet
  facet normal 1 0 0
    outer loop
      vertex 24.7 1.6904730469627978 6.1747688518534005
      vertex 24.7 1.603873461484909 9.659679251909257
      vertex 24.7 1.5855404809117317 9.520426432788373
    endloop
  endfacet
  facet normal 1 0 0
    outer loop
      vertex 24.7 1.6904730469627978 6.1747688518534005
      vertex 24.7 1.6099999994039536 9.8
      vertex 24.7 1.603873461484909 9.659679251909257
    endloop
  endfacet
  facet normal 1 0 0
    outer loop
      vertex 24.7 1.6904730469627978 6.1747688518534005
      vertex 24.7 2 6.335898384862246
      vertex 24.7 1.6904730469627978 13.425231148146601
    endloop
  endfacet
  facet normal 1 0 0
    outer loop
      vertex 24.7 2 6.335898384862246
      vertex 24.7 2.294305745404184 6.523391822844033
      vertex 24.7 2 13.264101615137754
    endloop
  endfacet
  facet normal 1 0 0
    outer loop
      vertex 24.7 1.6904730469627978 6.1747688518534005
      vertex 24.7 1.6904730469627978 13.425231148146601
      vertex 24.7 1.6099999994039536 9.8
    endloop
  endfacet
  facet normal 1 0 0
    outer loop
      vertex 24.7 2.294305745404184 6.523391822844033
      vertex 24.7 2.571150438746157 6.735822227524089
      vertex 24.7 2.294305745404184 13.076608177155968
    endloop
  endfacet
  facet normal 1 0 0
    outer loop
      vertex 24.7 2.571150438746157 6.735822227524089
      vertex 24.7 2.8284271247461903 6.971572875253811
      vertex 24.7 2.571150438746157 12.864177772475912
    endloop
  endfacet
  facet normal 1 0 0
    outer loop
      vertex 24.7 2.8284271247461903 6.971572875253811
      vertex 24.7 3.064177772475912 7.228849561253844
      vertex 24.7 2.8284271247461903 12.62842712474619
    endloop
  endfacet
  facet normal 1 0 0
    outer loop
      vertex 24.7 3.064177772475912 7.228849561253844
      vertex 24.7 3.276608177155967 7.5056942545958165
      vertex 24.7 3.064177772475912 12.371150438746158
    endloop
  endfacet
  facet normal 0 0.923879532511286 -0.3826834323650917
    outer loop
      vertex 23.8 3.6252311481465997 8.109526953037204
      vertex 23.8 3.7587704831436337 8.431919426697325
      vertex 24.7 3.6252311481465997 8.109526953037204
    endloop
  endfacet
  facet normal 0 0.9537169507482273 -0.30070579950427234
    outer loop
      vertex 23.8 3.7587704831436337 8.431919426697325
      vertex 23.8 3.8637033051562732 8.764723819589918
      vertex 24.7 3.7587704831436337 8.431919426697325
    endloop
  endfacet
  facet normal 0 0.923879532511286 -0.3826834323650917
    outer loop
      vertex 23.8 3.7587704831436337 8.431919426697325
      vertex 24.7 3.7587704831436337 8.431919426697325
      vertex 24.7 3.6252311481465997 8.109526953037204
    endloop
  endfacet
  facet normal 0 0.9537169507482273 -0.30070579950427234
    outer loop
      vertex 23.8 3.8637033051562732 8.764723819589918
      vertex 24.7 3.8637033051562732 8.764723819589918
      vertex 24.7 3.7587704831436337 8.431919426697325
    endloop
  endfacet
  facet normal 0 0.9762960071199334 -0.21643961393810265
    outer loop
      vertex 23.8 3.8637033051562732 8.764723819589918
      vertex 23.8 3.939231012048832 9.105407289332279
      vertex 24.7 3.8637033051562732 8.764723819589918
    endloop
  endfacet
  facet normal 0 0.9914448613738104 -0.13052619222005188
    outer loop
      vertex 23.8 3.939231012048832 9.105407289332279
      vertex 23.8 3.984778792366982 9.451377029009368
      vertex 24.7 3.939231012048832 9.105407289332279
    endloop
  endfacet
  facet normal 1 0 0
    outer loop
      vertex 24.7 3.276608177155967 7.5056942545958165
      vertex 24.7 3.4641016151377544 7.800000000000001
      vertex 24.7 3.276608177155967 12.094305745404185
    endloop
  endfacet
  facet normal 1 0 0
    outer loop
      vertex 24.7 3.4641016151377544 7.800000000000001
      vertex 24.7 3.6252311481465997 8.109526953037204
      vertex 24.7 3.4641016151377544 11.8
    endloop
  endfacet
  facet normal 1 0 0
    outer loop
      vertex 24.7 3.6252311481465997 8.109526953037204
      vertex 24.7 3.7587704831436337 8.431919426697325
      vertex 24.7 3.6252311481465997 11.490473046962798
    endloop
  endfacet
  facet normal 0 0.9762960071199334 -0.21643961393810265
    outer loop
      vertex 23.8 3.939231012048832 9.105407289332279
      vertex 24.7 3.939231012048832 9.105407289332279
      vertex 24.7 3.8637033051562732 8.764723819589918
    endloop
  endfacet
  facet normal 0 0.9914448613738104 -0.13052619222005188
    outer loop
      vertex 24.7 3.939231012048832 9.105407289332279
      vertex 23.8 3.984778792366982 9.451377029009368
      vertex 24.7 3.984778792366982 9.451377029009368
    endloop
  endfacet
  facet normal 0 0.9990482215818578 -0.04361938736533587
    outer loop
      vertex 23.8 3.984778792366982 9.451377029009368
      vertex 23.8 4 9.8
      vertex 24.7 3.984778792366982 9.451377029009368
    endloop
  endfacet
  facet normal 0 0.9990482215818578 0.04361938736533587
    outer loop
      vertex 23.8 4 9.8
      vertex 23.8 3.984778792366982 10.148622970990633
      vertex 24.7 4 9.8
    endloop
  endfacet
  facet normal 0 0.9990482215818578 -0.04361938736533587
    outer loop
      vertex 23.8 4 9.8
      vertex 24.7 4 9.8
      vertex 24.7 3.984778792366982 9.451377029009368
    endloop
  endfacet
  facet normal 1 0 0
    outer loop
      vertex 24.7 3.7587704831436337 8.431919426697325
      vertex 24.7 3.8637033051562732 8.764723819589918
      vertex 24.7 3.7587704831436337 11.168080573302676
    endloop
  endfacet
  facet normal 1 0 0
    outer loop
      vertex 24.7 3.8637033051562732 8.764723819589918
      vertex 24.7 3.939231012048832 9.105407289332279
      vertex 24.7 3.8637033051562732 10.835276180410084
    endloop
  endfacet
  facet normal 1 0 0
    outer loop
      vertex 24.7 3.939231012048832 9.105407289332279
      vertex 24.7 3.984778792366982 9.451377029009368
      vertex 24.7 3.939231012048832 10.494592710667723
    endloop
  endfacet
  facet normal 1 0 0
    outer loop
      vertex 24.7 3.984778792366982 9.451377029009368
      vertex 24.7 4 9.8
      vertex 24.7 3.984778792366982 10.148622970990633
    endloop
  endfacet
  facet normal 0 0.9914448613738104 0.13052619222005188
    outer loop
      vertex 23.8 3.984778792366982 10.148622970990633
      vertex 23.8 3.939231012048832 10.494592710667723
      vertex 24.7 3.984778792366982 10.148622970990633
    endloop
  endfacet
  facet normal 0 0.9762960071199334 0.21643961393810265
    outer loop
      vertex 23.8 3.939231012048832 10.494592710667723
      vertex 23.8 3.8637033051562732 10.835276180410084
      vertex 24.7 3.939231012048832 10.494592710667723
    endloop
  endfacet
  facet normal 1 0 0
    outer loop
      vertex 24.7 3.7587704831436337 8.431919426697325
      vertex 24.7 3.7587704831436337 11.168080573302676
      vertex 24.7 3.6252311481465997 11.490473046962798
    endloop
  endfacet
  facet normal 1 0 0
    outer loop
      vertex 24.7 3.276608177155967 7.5056942545958165
      vertex 24.7 3.276608177155967 12.094305745404185
      vertex 24.7 3.064177772475912 12.371150438746158
    endloop
  endfacet
  facet normal 1 0 0
    outer loop
      vertex 24.7 3.4641016151377544 7.800000000000001
      vertex 24.7 3.4641016151377544 11.8
      vertex 24.7 3.276608177155967 12.094305745404185
    endloop
  endfacet
  facet normal 1 0 0
    outer loop
      vertex 24.7 3.6252311481465997 8.109526953037204
      vertex 24.7 3.6252311481465997 11.490473046962798
      vertex 24.7 3.4641016151377544 11.8
    endloop
  endfacet
  facet normal 0 0.9990482215818578 0.04361938736533587
    outer loop
      vertex 23.8 3.984778792366982 10.148622970990633
      vertex 24.7 3.984778792366982 10.148622970990633
      vertex 24.7 4 9.8
    endloop
  endfacet
  facet normal 1 0 0
    outer loop
      vertex 24.7 3.984778792366982 9.451377029009368
      vertex 24.7 3.984778792366982 10.148622970990633
      vertex 24.7 3.939231012048832 10.494592710667723
    endloop
  endfacet
  facet normal 1 0 0
    outer loop
      vertex 24.7 3.939231012048832 9.105407289332279
      vertex 24.7 3.939231012048832 10.494592710667723
      vertex 24.7 3.8637033051562732 10.835276180410084
    endloop
  endfacet
  facet normal 1 0 0
    outer loop
      vertex 24.7 3.8637033051562732 8.764723819589918
      vertex 24.7 3.8637033051562732 10.835276180410084
      vertex 24.7 3.7587704831436337 11.168080573302676
    endloop
  endfacet
  facet normal 0 0.9914448613738104 0.13052619222005188
    outer loop
      vertex 23.8 3.939231012048832 10.494592710667723
      vertex 24.7 3.939231012048832 10.494592710667723
      vertex 24.7 3.984778792366982 10.148622970990633
    endloop
  endfacet
  facet normal 1 0 0
    outer loop
      vertex 24.7 1.6904730469627978 13.425231148146601
      vertex 24.7 1.5129051208496094 10.35065242946148
      vertex 24.7 1.5551405772566795 10.216698664426804
    endloop
  endfacet
  facet normal 1 0 0
    outer loop
      vertex 24.7 2 6.335898384862246
      vertex 24.7 2 13.264101615137754
      vertex 24.7 1.6904730469627978 13.425231148146601
    endloop
  endfacet
  facet normal 1 0 0
    outer loop
      vertex 24.7 1.6904730469627978 13.425231148146601
      vertex 24.7 1.603873461484909 9.940320748090745
      vertex 24.7 1.6099999994039536 9.8
    endloop
  endfacet
  facet normal 1 0 0
    outer loop
      vertex 24.7 1.6904730469627978 13.425231148146601
      vertex 24.7 1.5855404809117317 10.079573567211629
      vertex 24.7 1.603873461484909 9.940320748090745
    endloop
  endfacet
  facet normal 1 0 0
    outer loop
      vertex 24.7 1.6904730469627978 13.425231148146601
      vertex 24.7 1.5551405772566795 10.216698664426804
      vertex 24.7 1.5855404809117317 10.079573567211629
    endloop
  endfacet
  facet normal 1 0 0
    outer loop
      vertex 24.7 1.3680805733026749 13.558770483143634
      vertex 24.7 1.4591555371880531 10.480415399372578
      vertex 24.7 1.5129051208496094 10.35065242946148
    endloop
  endfacet
  facet normal 1 0 0
    outer loop
      vertex 24.7 1.3680805733026749 13.558770483143634
      vertex 24.7 1.394300900399685 10.604999999701977
      vertex 24.7 1.4591555371880531 10.480415399372578
    endloop
  endfacet
  facet normal 1 0 0
    outer loop
      vertex 24.7 1.3680805733026749 13.558770483143634
      vertex 24.7 1.3188347890973091 10.723458062112332
      vertex 24.7 1.394300900399685 10.604999999701977
    endloop
  endfacet
  facet normal 1 0 0
    outer loop
      vertex 24.7 1.035276180410083 13.663703305156274
      vertex 24.7 1.1384419202804565 10.938441920280457
      vertex 24.7 1.2333315536379814 10.834888051450253
    endloop
  endfacet
  facet normal 1 0 0
    outer loop
      vertex 24.7 1.3680805733026749 13.558770483143634
      vertex 24.7 1.2333315536379814 10.834888051450253
      vertex 24.7 1.3188347890973091 10.723458062112332
    endloop
  endfacet
  facet normal 1 0 0
    outer loop
      vertex 24.7 0 13.8
      vertex 24.7 0 12.076883833110333
      vertex 24.7 1.1384419202804565 10.938441920280457
    endloop
  endfacet
  facet normal 1 0 0
    outer loop
      vertex 24.7 0 13.8
      vertex 24.7 1.1384419202804565 10.938441920280457
      vertex 24.7 0.34862297099063266 13.784778792366982
    endloop
  endfacet
  facet normal 1 0 0
    outer loop
      vertex 24.7 0.34862297099063266 13.784778792366982
      vertex 24.7 1.1384419202804565 10.938441920280457
      vertex 24.7 0.6945927106677213 13.739231012048833
    endloop
  endfacet
  facet normal 1 0 0
    outer loop
      vertex 24.7 1.035276180410083 13.663703305156274
      vertex 24.7 0.6945927106677213 13.739231012048833
      vertex 24.7 1.1384419202804565 10.938441920280457
    endloop
  endfacet
  facet normal 1 0 0
    outer loop
      vertex 24.7 1.035276180410083 13.663703305156274
      vertex 24.7 1.2333315536379814 10.834888051450253
      vertex 24.7 1.3680805733026749 13.558770483143634
    endloop
  endfacet
  facet normal 1 0 0
    outer loop
      vertex 24.7 1.3680805733026749 13.558770483143634
      vertex 24.7 1.5129051208496094 10.35065242946148
      vertex 24.7 1.6904730469627978 13.425231148146601
    endloop
  endfacet
  facet normal 0 0.46174861323503724 0.88701083317822
    outer loop
      vertex 23.8 2 13.264101615137754
      vertex 23.8 1.6904730469627978 13.425231148146601
      vertex 24.7 2 13.264101615137754
    endloop
  endfacet
  facet normal 0 0.46174861323503724 0.88701083317822
    outer loop
      vertex 24.7 2 13.264101615137754
      vertex 23.8 1.6904730469627978 13.425231148146601
      vertex 24.7 1.6904730469627978 13.425231148146601
    endloop
  endfacet
  facet normal 0 0.537299608346821 0.8433914458128876
    outer loop
      vertex 23.8 2 13.264101615137754
      vertex 24.7 2 13.264101615137754
      vertex 24.7 2.294305745404184 13.076608177155968
    endloop
  endfacet
  facet normal 1 0 0
    outer loop
      vertex 24.7 2.294305745404184 6.523391822844033
      vertex 24.7 2.294305745404184 13.076608177155968
      vertex 24.7 2 13.264101615137754
    endloop
  endfacet
  facet normal 1 0 0
    outer loop
      vertex 24.7 2.571150438746157 6.735822227524089
      vertex 24.7 2.571150438746157 12.864177772475912
      vertex 24.7 2.294305745404184 13.076608177155968
    endloop
  endfacet
  facet normal 1 0 0
    outer loop
      vertex 24.7 2.8284271247461903 6.971572875253811
      vertex 24.7 2.8284271247461903 12.62842712474619
      vertex 24.7 2.571150438746157 12.864177772475912
    endloop
  endfacet
  facet normal 1 0 0
    outer loop
      vertex 24.7 3.064177772475912 7.228849561253844
      vertex 24.7 3.064177772475912 12.371150438746158
      vertex 24.7 2.8284271247461903 12.62842712474619
    endloop
  endfacet
  facet normal 0 0.923879532511286 0.3826834323650917
    outer loop
      vertex 23.8 3.7587704831436337 11.168080573302676
      vertex 23.8 3.6252311481465997 11.490473046962798
      vertex 24.7 3.7587704831436337 11.168080573302676
    endloop
  endfacet
  facet normal 0 0.9537169507482273 0.30070579950427234
    outer loop
      vertex 23.8 3.8637033051562732 10.835276180410084
      vertex 23.8 3.7587704831436337 11.168080573302676
      vertex 24.7 3.8637033051562732 10.835276180410084
    endloop
  endfacet
  facet normal 0 0.9762960071199334 0.21643961393810265
    outer loop
      vertex 24.7 3.939231012048832 10.494592710667723
      vertex 23.8 3.8637033051562732 10.835276180410084
      vertex 24.7 3.8637033051562732 10.835276180410084
    endloop
  endfacet
  facet normal 0 0.9537169507482273 0.30070579950427234
    outer loop
      vertex 23.8 3.7587704831436337 11.168080573302676
      vertex 24.7 3.7587704831436337 11.168080573302676
      vertex 24.7 3.8637033051562732 10.835276180410084
    endloop
  endfacet
  facet normal 0 0.8870108331782219 0.46174861323503336
    outer loop
      vertex 23.8 3.6252311481465997 11.490473046962798
      vertex 23.8 3.4641016151377544 11.8
      vertex 24.7 3.6252311481465997 11.490473046962798
    endloop
  endfacet
  facet normal 0 0.8433914458128858 0.5372996083468236
    outer loop
      vertex 23.8 3.4641016151377544 11.8
      vertex 23.8 3.276608177155967 12.094305745404185
      vertex 24.7 3.4641016151377544 11.8
    endloop
  endfacet
  facet normal 0 0.923879532511286 0.3826834323650917
    outer loop
      vertex 23.8 3.6252311481465997 11.490473046962798
      vertex 24.7 3.6252311481465997 11.490473046962798
      vertex 24.7 3.7587704831436337 11.168080573302676
    endloop
  endfacet
  facet normal 0 0.8870108331782219 0.46174861323503336
    outer loop
      vertex 23.8 3.4641016151377544 11.8
      vertex 24.7 3.4641016151377544 11.8
      vertex 24.7 3.6252311481465997 11.490473046962798
    endloop
  endfacet
  facet normal 0 0.8433914458128858 0.5372996083468236
    outer loop
      vertex 24.7 3.4641016151377544 11.8
      vertex 23.8 3.276608177155967 12.094305745404185
      vertex 24.7 3.276608177155967 12.094305745404185
    endloop
  endfacet
  facet normal 0 0.7372773368101245 0.6755902076156597
    outer loop
      vertex 23.8 3.064177772475912 12.371150438746158
      vertex 23.8 2.8284271247461903 12.62842712474619
      vertex 24.7 3.064177772475912 12.371150438746158
    endloop
  endfacet
  facet normal 0 0.7933533402912348 0.608761429008721
    outer loop
      vertex 23.8 3.064177772475912 12.371150438746158
      vertex 24.7 3.064177772475912 12.371150438746158
      vertex 24.7 3.276608177155967 12.094305745404185
    endloop
  endfacet
  facet normal 0 0.7372773368101245 0.6755902076156597
    outer loop
      vertex 23.8 2.8284271247461903 12.62842712474619
      vertex 24.7 2.8284271247461903 12.62842712474619
      vertex 24.7 3.064177772475912 12.371150438746158
    endloop
  endfacet
  facet normal 0 0.6087614290087225 0.7933533402912336
    outer loop
      vertex 23.8 2.571150438746157 12.864177772475912
      vertex 23.8 2.294305745404184 13.076608177155968
      vertex 24.7 2.571150438746157 12.864177772475912
    endloop
  endfacet
  facet normal 0 0.537299608346821 0.8433914458128876
    outer loop
      vertex 23.8 2 13.264101615137754
      vertex 24.7 2.294305745404184 13.076608177155968
      vertex 23.8 2.294305745404184 13.076608177155968
    endloop
  endfacet
  facet normal 0 0.6755902076156591 0.7372773368101251
    outer loop
      vertex 23.8 2.8284271247461903 12.62842712474619
      vertex 23.8 2.571150438746157 12.864177772475912
      vertex 24.7 2.8284271247461903 12.62842712474619
    endloop
  endfacet
  facet normal 0 0.6087614290087225 0.7933533402912336
    outer loop
      vertex 23.8 2.294305745404184 13.076608177155968
      vertex 24.7 2.294305745404184 13.076608177155968
      vertex 24.7 2.571150438746157 12.864177772475912
    endloop
  endfacet
  facet normal 0 0.6755902076156591 0.7372773368101251
    outer loop
      vertex 23.8 2.571150438746157 12.864177772475912
      vertex 24.7 2.571150438746157 12.864177772475912
      vertex 24.7 2.8284271247461903 12.62842712474619
    endloop
  endfacet
  facet normal 0 0.7933533402912348 0.608761429008721
    outer loop
      vertex 23.8 3.064177772475912 12.371150438746158
      vertex 24.7 3.276608177155967 12.094305745404185
      vertex 23.8 3.276608177155967 12.094305745404185
    endloop
  endfacet
  facet normal 0 0.043619387365338394 0.9990482215818576
    outer loop
      vertex 23.8 0 13.8
      vertex 24.7 0.34862297099063266 13.784778792366982
      vertex 23.8 0.34862297099063266 13.784778792366982
    endloop
  endfacet
  facet normal 0 0.2164396139381046 0.9762960071199329
    outer loop
      vertex 23.8 1.035276180410083 13.663703305156274
      vertex 23.8 0.6945927106677213 13.739231012048833
      vertex 24.7 1.035276180410083 13.663703305156274
    endloop
  endfacet
  facet normal 0 0.1305261922200484 0.9914448613738107
    outer loop
      vertex 23.8 0.34862297099063266 13.784778792366982
      vertex 24.7 0.6945927106677213 13.739231012048833
      vertex 23.8 0.6945927106677213 13.739231012048833
    endloop
  endfacet
  facet normal 0 0.043619387365338394 0.9990482215818576
    outer loop
      vertex 23.8 0 13.8
      vertex 24.7 0 13.8
      vertex 24.7 0.34862297099063266 13.784778792366982
    endloop
  endfacet
  facet normal 0 0.1305261922200484 0.9914448613738107
    outer loop
      vertex 23.8 0.34862297099063266 13.784778792366982
      vertex 24.7 0.34862297099063266 13.784778792366982
      vertex 24.7 0.6945927106677213 13.739231012048833
    endloop
  endfacet
  facet normal 0 0.2164396139381046 0.9762960071199329
    outer loop
      vertex 23.8 0.6945927106677213 13.739231012048833
      vertex 24.7 0.6945927106677213 13.739231012048833
      vertex 24.7 1.035276180410083 13.663703305156274
    endloop
  endfacet
  facet normal 0 0.3007057995042718 0.9537169507482273
    outer loop
      vertex 23.8 1.035276180410083 13.663703305156274
      vertex 24.7 1.3680805733026749 13.558770483143634
      vertex 23.8 1.3680805733026749 13.558770483143634
    endloop
  endfacet
  facet normal 0 0.3826834323650892 0.923879532511287
    outer loop
      vertex 23.8 1.3680805733026749 13.558770483143634
      vertex 24.7 1.6904730469627978 13.425231148146601
      vertex 23.8 1.6904730469627978 13.425231148146601
    endloop
  endfacet
  facet normal 0 0.3007057995042718 0.9537169507482273
    outer loop
      vertex 23.8 1.035276180410083 13.663703305156274
      vertex 24.7 1.035276180410083 13.663703305156274
      vertex 24.7 1.3680805733026749 13.558770483143634
    endloop
  endfacet
  facet normal 0 0.3826834323650892 0.923879532511287
    outer loop
      vertex 23.8 1.3680805733026749 13.558770483143634
      vertex 24.7 1.3680805733026749 13.558770483143634
      vertex 24.7 1.6904730469627978 13.425231148146601
    endloop
  endfacet
  facet normal 0 0.6755901888776092 0.7372773539803839
    outer loop
      vertex -24.7 -1.0348880514502525 8.56666844636202
      vertex -24.7 -1.1384419202804565 8.661558079719544
      vertex 24.7 -1.1384419202804565 8.661558079719544
    endloop
  endfacet
  facet normal 0 0.8433914374635637 0.5372996214526339
    outer loop
      vertex -24.7 -1.3188347890973091 8.87654193788767
      vertex -24.7 -1.394300900399685 8.995000000298024
      vertex 24.7 -1.394300900399685 8.995000000298024
    endloop
  endfacet
  facet normal 0 0.7372773539803839 0.6755901888776092
    outer loop
      vertex -24.7 -1.1384419202804565 8.661558079719544
      vertex -24.7 -1.2333315536379814 8.765111948549748
      vertex 24.7 -1.2333315536379814 8.765111948549748
    endloop
  endfacet
  facet normal 0 0.7933533493342269 0.6087614172236642
    outer loop
      vertex -24.7 -1.2333315536379814 8.765111948549748
      vertex -24.7 -1.3188347890973091 8.87654193788767
      vertex 24.7 -1.3188347890973091 8.87654193788767
    endloop
  endfacet
  facet normal 0 0.8870108365295973 0.4617486067971011
    outer loop
      vertex -24.7 -1.394300900399685 8.995000000298024
      vertex -24.7 -1.4591555371880531 9.119584600627423
      vertex 24.7 -1.4591555371880531 9.119584600627423
    endloop
  endfacet
  facet normal 0 0.923879528406805 0.38268344227418527
    outer loop
      vertex -24.7 -1.4591555371880531 9.119584600627423
      vertex -24.7 -1.5129051208496094 9.249347570538522
      vertex 24.7 -1.5129051208496094 9.249347570538522
    endloop
  endfacet
  facet normal 0 0.953716957841939 0.3007057770058918
    outer loop
      vertex -24.7 -1.5129051208496094 9.249347570538522
      vertex -24.7 -1.5551405772566795 9.383301335573197
      vertex 24.7 -1.5551405772566795 9.383301335573197
    endloop
  endfacet
  facet normal 0 0.38268344227418527 0.923879528406805
    outer loop
      vertex -24.7 -0.5506524294614792 8.287094879150391
      vertex -24.7 -0.6804153993725777 8.340844462811948
      vertex 24.7 -0.6804153993725777 8.340844462811948
    endloop
  endfacet
  facet normal 0 0.5372996214526339 0.8433914374635637
    outer loop
      vertex -24.7 -0.8049999997019768 8.405699099600316
      vertex -24.7 -0.9234580621123314 8.481165210902692
      vertex 24.7 -0.9234580621123314 8.481165210902692
    endloop
  endfacet
  facet normal 0 0.6087614172236642 0.7933533493342269
    outer loop
      vertex -24.7 -0.9234580621123314 8.481165210902692
      vertex -24.7 -1.0348880514502525 8.56666844636202
      vertex 24.7 -1.0348880514502525 8.56666844636202
    endloop
  endfacet
  facet normal 0 0.4617486067971011 0.8870108365295973
    outer loop
      vertex -24.7 -0.6804153993725777 8.340844462811948
      vertex -24.7 -0.8049999997019768 8.405699099600316
      vertex 24.7 -0.8049999997019768 8.405699099600316
    endloop
  endfacet
  facet normal 0 0.3007057770058918 0.953716957841939
    outer loop
      vertex -24.7 -0.4166986644268036 8.244859422743321
      vertex -24.7 -0.5506524294614792 8.287094879150391
      vertex 24.7 -0.5506524294614792 8.287094879150391
    endloop
  endfacet
  facet normal 0 0.21643962403635317 0.976296004881205
    outer loop
      vertex -24.7 -0.27957356721162796 8.214459519088269
      vertex -24.7 -0.4166986644268036 8.244859422743321
      vertex 24.7 -0.4166986644268036 8.244859422743321
    endloop
  endfacet
  facet normal 0 0.13052618620017675 0.991444862166342
    outer loop
      vertex -24.7 -0.14032074809074402 8.196126538515092
      vertex -24.7 -0.27957356721162796 8.214459519088269
      vertex 24.7 -0.27957356721162796 8.214459519088269
    endloop
  endfacet
  facet normal 0 0.043619399785374414 0.9990482210395871
    outer loop
      vertex -24.7 0 8.190000000596047
      vertex -24.7 -0.14032074809074402 8.196126538515092
      vertex 24.7 -0.14032074809074402 8.196126538515092
    endloop
  endfacet
  facet normal 0 0.991444862166342 0.13052618620017675
    outer loop
      vertex -24.7 -1.5855404809117317 9.520426432788373
      vertex -24.7 -1.603873461484909 9.659679251909257
      vertex 24.7 -1.603873461484909 9.659679251909257
    endloop
  endfacet
  facet normal 0 0.9990482210395871 0.043619399785374414
    outer loop
      vertex -24.7 -1.603873461484909 9.659679251909257
      vertex -24.7 -1.6099999994039536 9.8
      vertex 24.7 -1.6099999994039536 9.8
    endloop
  endfacet
  facet normal 0 0.9990482210395871 -0.043619399785374414
    outer loop
      vertex -24.7 -1.6099999994039536 9.8
      vertex -24.7 -1.603873461484909 9.940320748090745
      vertex 24.7 -1.603873461484909 9.940320748090745
    endloop
  endfacet
  facet normal 0 0.976296004881205 0.21643962403635317
    outer loop
      vertex -24.7 -1.5551405772566795 9.383301335573197
      vertex -24.7 -1.5855404809117317 9.520426432788373
      vertex 24.7 -1.5855404809117317 9.520426432788373
    endloop
  endfacet
  facet normal 0 0.991444862166342 -0.13052618620017675
    outer loop
      vertex -24.7 -1.603873461484909 9.940320748090745
      vertex -24.7 -1.5855404809117317 10.079573567211629
      vertex 24.7 -1.5855404809117317 10.079573567211629
    endloop
  endfacet
  facet normal 0 0.976296004881205 -0.21643962403635317
    outer loop
      vertex -24.7 -1.5855404809117317 10.079573567211629
      vertex -24.7 -1.5551405772566795 10.216698664426804
      vertex 24.7 -1.5551405772566795 10.216698664426804
    endloop
  endfacet
  facet normal 0 0.953716957841939 -0.3007057770058918
    outer loop
      vertex -24.7 -1.5551405772566795 10.216698664426804
      vertex -24.7 -1.5129051208496094 10.35065242946148
      vertex 24.7 -1.5129051208496094 10.35065242946148
    endloop
  endfacet
  facet normal 0 0.923879528406805 -0.38268344227418527
    outer loop
      vertex -24.7 -1.5129051208496094 10.35065242946148
      vertex -24.7 -1.4591555371880531 10.480415399372578
      vertex 24.7 -1.4591555371880531 10.480415399372578
    endloop
  endfacet
  facet normal 0 0.8870108365295973 -0.4617486067971011
    outer loop
      vertex -24.7 -1.4591555371880531 10.480415399372578
      vertex -24.7 -1.394300900399685 10.604999999701977
      vertex 24.7 -1.394300900399685 10.604999999701977
    endloop
  endfacet
  facet normal 0 0.8433914374635637 -0.5372996214526339
    outer loop
      vertex -24.7 -1.394300900399685 10.604999999701977
      vertex -24.7 -1.3188347890973091 10.723458062112332
      vertex 24.7 -1.3188347890973091 10.723458062112332
    endloop
  endfacet
  facet normal 0 0.7933533493342269 -0.6087614172236642
    outer loop
      vertex -24.7 -1.3188347890973091 10.723458062112332
      vertex -24.7 -1.2333315536379814 10.834888051450253
      vertex 24.7 -1.2333315536379814 10.834888051450253
    endloop
  endfacet
  facet normal 0 0.7372773539803839 -0.6755901888776092
    outer loop
      vertex -24.7 -1.2333315536379814 10.834888051450253
      vertex -24.7 -1.1384419202804565 10.938441920280457
      vertex 24.7 -1.1384419202804565 10.938441920280457
    endloop
  endfacet
  facet normal 0 0.7071067788727026 -0.7071067835003924
    outer loop
      vertex -24.7 -1.1384419202804565 10.938441920280457
      vertex -24.7 0 12.076883833110333
      vertex 24.7 0 12.076883833110333
    endloop
  endfacet
  facet normal 0 -0.043619399785374414 0.9990482210395871
    outer loop
      vertex -24.7 0.14032074809074402 8.196126538515092
      vertex -24.7 0 8.190000000596047
      vertex 24.7 0 8.190000000596047
    endloop
  endfacet
  facet normal 0 -0.13052618620017675 0.991444862166342
    outer loop
      vertex -24.7 0.27957356721162796 8.214459519088269
      vertex -24.7 0.14032074809074402 8.196126538515092
      vertex 24.7 0.14032074809074402 8.196126538515092
    endloop
  endfacet
  facet normal 0 -0.21643962403635317 0.976296004881205
    outer loop
      vertex -24.7 0.4166986644268036 8.244859422743321
      vertex -24.7 0.27957356721162796 8.214459519088269
      vertex 24.7 0.27957356721162796 8.214459519088269
    endloop
  endfacet
  facet normal 0 -0.3007057770058918 0.953716957841939
    outer loop
      vertex -24.7 0.5506524294614792 8.287094879150391
      vertex -24.7 0.4166986644268036 8.244859422743321
      vertex 24.7 0.4166986644268036 8.244859422743321
    endloop
  endfacet
  facet normal 0 -0.38268344227418527 0.923879528406805
    outer loop
      vertex -24.7 0.6804153993725777 8.340844462811948
      vertex -24.7 0.5506524294614792 8.287094879150391
      vertex 24.7 0.5506524294614792 8.287094879150391
    endloop
  endfacet
  facet normal 0 -0.4617486067971011 0.8870108365295973
    outer loop
      vertex -24.7 0.8049999997019768 8.405699099600316
      vertex -24.7 0.6804153993725777 8.340844462811948
      vertex 24.7 0.6804153993725777 8.340844462811948
    endloop
  endfacet
  facet normal 0 -0.5372996214526339 0.8433914374635637
    outer loop
      vertex -24.7 0.9234580621123314 8.481165210902692
      vertex -24.7 0.8049999997019768 8.405699099600316
      vertex 24.7 0.8049999997019768 8.405699099600316
    endloop
  endfacet
  facet normal 0 -0.6087614172236642 0.7933533493342269
    outer loop
      vertex -24.7 1.0348880514502525 8.56666844636202
      vertex -24.7 0.9234580621123314 8.481165210902692
      vertex 24.7 0.9234580621123314 8.481165210902692
    endloop
  endfacet
  facet normal 0 -0.6755901888776092 0.7372773539803839
    outer loop
      vertex -24.7 1.1384419202804565 8.661558079719544
      vertex -24.7 1.0348880514502525 8.56666844636202
      vertex 24.7 1.0348880514502525 8.56666844636202
    endloop
  endfacet
  facet normal 0 -0.7372773539803839 0.6755901888776092
    outer loop
      vertex -24.7 1.2333315536379814 8.765111948549748
      vertex -24.7 1.1384419202804565 8.661558079719544
      vertex 24.7 1.1384419202804565 8.661558079719544
    endloop
  endfacet
  facet normal 0 -0.7933533493342269 0.6087614172236642
    outer loop
      vertex -24.7 1.3188347890973091 8.87654193788767
      vertex -24.7 1.2333315536379814 8.765111948549748
      vertex 24.7 1.2333315536379814 8.765111948549748
    endloop
  endfacet
  facet normal 0 -0.8433914374635637 0.5372996214526339
    outer loop
      vertex -24.7 1.394300900399685 8.995000000298024
      vertex -24.7 1.3188347890973091 8.87654193788767
      vertex 24.7 1.3188347890973091 8.87654193788767
    endloop
  endfacet
  facet normal 0 -0.8870108365295973 0.4617486067971011
    outer loop
      vertex -24.7 1.4591555371880531 9.119584600627423
      vertex -24.7 1.394300900399685 8.995000000298024
      vertex 24.7 1.394300900399685 8.995000000298024
    endloop
  endfacet
  facet normal 0 -0.923879528406805 0.38268344227418527
    outer loop
      vertex -24.7 1.5129051208496094 9.249347570538522
      vertex -24.7 1.4591555371880531 9.119584600627423
      vertex 24.7 1.4591555371880531 9.119584600627423
    endloop
  endfacet
  facet normal 0 -0.953716957841939 0.3007057770058918
    outer loop
      vertex -24.7 1.5551405772566795 9.383301335573197
      vertex -24.7 1.5129051208496094 9.249347570538522
      vertex 24.7 1.5129051208496094 9.249347570538522
    endloop
  endfacet
  facet normal 0 -0.976296004881205 0.21643962403635317
    outer loop
      vertex -24.7 1.5855404809117317 9.520426432788373
      vertex -24.7 1.5551405772566795 9.383301335573197
      vertex 24.7 1.5551405772566795 9.383301335573197
    endloop
  endfacet
  facet normal 0 -0.991444862166342 0.13052618620017675
    outer loop
      vertex -24.7 1.603873461484909 9.659679251909257
      vertex -24.7 1.5855404809117317 9.520426432788373
      vertex 24.7 1.5855404809117317 9.520426432788373
    endloop
  endfacet
  facet normal 0 -0.9990482210395871 0.043619399785374414
    outer loop
      vertex -24.7 1.6099999994039536 9.8
      vertex -24.7 1.603873461484909 9.659679251909257
      vertex 24.7 1.603873461484909 9.659679251909257
    endloop
  endfacet
  facet normal 0 -0.9990482210395871 -0.043619399785374414
    outer loop
      vertex -24.7 1.603873461484909 9.940320748090745
      vertex -24.7 1.6099999994039536 9.8
      vertex 24.7 1.6099999994039536 9.8
    endloop
  endfacet
  facet normal 0 -0.991444862166342 -0.13052618620017675
    outer loop
      vertex -24.7 1.5855404809117317 10.079573567211629
      vertex -24.7 1.603873461484909 9.940320748090745
      vertex 24.7 1.603873461484909 9.940320748090745
    endloop
  endfacet
  facet normal 0 -0.976296004881205 -0.21643962403635317
    outer loop
      vertex -24.7 1.5551405772566795 10.216698664426804
      vertex -24.7 1.5855404809117317 10.079573567211629
      vertex 24.7 1.5855404809117317 10.079573567211629
    endloop
  endfacet
  facet normal 0 -0.953716957841939 -0.3007057770058918
    outer loop
      vertex -24.7 1.5129051208496094 10.35065242946148
      vertex -24.7 1.5551405772566795 10.216698664426804
      vertex 24.7 1.5551405772566795 10.216698664426804
    endloop
  endfacet
  facet normal 0 -0.8870108365295973 -0.4617486067971011
    outer loop
      vertex -24.7 1.394300900399685 10.604999999701977
      vertex -24.7 1.4591555371880531 10.480415399372578
      vertex 24.7 1.4591555371880531 10.480415399372578
    endloop
  endfacet
  facet normal 0 -0.923879528406805 -0.38268344227418527
    outer loop
      vertex -24.7 1.4591555371880531 10.480415399372578
      vertex -24.7 1.5129051208496094 10.35065242946148
      vertex 24.7 1.5129051208496094 10.35065242946148
    endloop
  endfacet
  facet normal 0 -0.8433914374635637 -0.5372996214526339
    outer loop
      vertex -24.7 1.3188347890973091 10.723458062112332
      vertex -24.7 1.394300900399685 10.604999999701977
      vertex 24.7 1.394300900399685 10.604999999701977
    endloop
  endfacet
  facet normal 0 -0.7071067788727026 -0.7071067835003924
    outer loop
      vertex -24.7 0 12.076883833110333
      vertex -24.7 1.1384419202804565 10.938441920280457
      vertex 24.7 1.1384419202804565 10.938441920280457
    endloop
  endfacet
  facet normal 0 -0.7933533493342269 -0.6087614172236642
    outer loop
      vertex -24.7 1.2333315536379814 10.834888051450253
      vertex -24.7 1.3188347890973091 10.723458062112332
      vertex 24.7 1.3188347890973091 10.723458062112332
    endloop
  endfacet
  facet normal 0 -0.7372773539803839 -0.6755901888776092
    outer loop
      vertex -24.7 1.1384419202804565 10.938441920280457
      vertex -24.7 1.2333315536379814 10.834888051450253
      vertex 24.7 1.2333315536379814 10.834888051450253
    endloop
  endfacet
  facet normal 0 0.6755901888776092 0.7372773539803839
    outer loop
      vertex 24.7 -1.1384419202804565 8.661558079719544
      vertex 24.7 -1.0348880514502525 8.56666844636202
      vertex -24.7 -1.0348880514502525 8.56666844636202
    endloop
  endfacet
  facet normal 0 0.8433914374635637 0.5372996214526339
    outer loop
      vertex 24.7 -1.394300900399685 8.995000000298024
      vertex 24.7 -1.3188347890973091 8.87654193788767
      vertex -24.7 -1.3188347890973091 8.87654193788767
    endloop
  endfacet
  facet normal 0 0.7933533493342269 0.6087614172236642
    outer loop
      vertex -24.7 -1.2333315536379814 8.765111948549748
      vertex 24.7 -1.3188347890973091 8.87654193788767
      vertex 24.7 -1.2333315536379814 8.765111948549748
    endloop
  endfacet
  facet normal 0 0.7372773539803839 0.6755901888776092
    outer loop
      vertex 24.7 -1.2333315536379814 8.765111948549748
      vertex 24.7 -1.1384419202804565 8.661558079719544
      vertex -24.7 -1.1384419202804565 8.661558079719544
    endloop
  endfacet
  facet normal 0 0.923879528406805 0.38268344227418527
    outer loop
      vertex 24.7 -1.5129051208496094 9.249347570538522
      vertex 24.7 -1.4591555371880531 9.119584600627423
      vertex -24.7 -1.4591555371880531 9.119584600627423
    endloop
  endfacet
  facet normal 0 0.8870108365295973 0.4617486067971011
    outer loop
      vertex -24.7 -1.394300900399685 8.995000000298024
      vertex 24.7 -1.4591555371880531 9.119584600627423
      vertex 24.7 -1.394300900399685 8.995000000298024
    endloop
  endfacet
  facet normal 0 0.953716957841939 0.3007057770058918
    outer loop
      vertex -24.7 -1.5129051208496094 9.249347570538522
      vertex 24.7 -1.5551405772566795 9.383301335573197
      vertex 24.7 -1.5129051208496094 9.249347570538522
    endloop
  endfacet
  facet normal 0 0.38268344227418527 0.923879528406805
    outer loop
      vertex -24.7 -0.5506524294614792 8.287094879150391
      vertex 24.7 -0.6804153993725777 8.340844462811948
      vertex 24.7 -0.5506524294614792 8.287094879150391
    endloop
  endfacet
  facet normal 0 0.6087614172236642 0.7933533493342269
    outer loop
      vertex -24.7 -0.9234580621123314 8.481165210902692
      vertex 24.7 -1.0348880514502525 8.56666844636202
      vertex 24.7 -0.9234580621123314 8.481165210902692
    endloop
  endfacet
  facet normal 0 0.5372996214526339 0.8433914374635637
    outer loop
      vertex 24.7 -0.9234580621123314 8.481165210902692
      vertex 24.7 -0.8049999997019768 8.405699099600316
      vertex -24.7 -0.8049999997019768 8.405699099600316
    endloop
  endfacet
  facet normal 0 0.4617486067971011 0.8870108365295973
    outer loop
      vertex 24.7 -0.8049999997019768 8.405699099600316
      vertex 24.7 -0.6804153993725777 8.340844462811948
      vertex -24.7 -0.6804153993725777 8.340844462811948
    endloop
  endfacet
  facet normal 0 0.3007057770058918 0.953716957841939
    outer loop
      vertex 24.7 -0.5506524294614792 8.287094879150391
      vertex 24.7 -0.4166986644268036 8.244859422743321
      vertex -24.7 -0.4166986644268036 8.244859422743321
    endloop
  endfacet
  facet normal 0 0.21643962403635317 0.976296004881205
    outer loop
      vertex 24.7 -0.4166986644268036 8.244859422743321
      vertex 24.7 -0.27957356721162796 8.214459519088269
      vertex -24.7 -0.27957356721162796 8.214459519088269
    endloop
  endfacet
  facet normal 0 0.043619399785374414 0.9990482210395871
    outer loop
      vertex 24.7 -0.14032074809074402 8.196126538515092
      vertex 24.7 0 8.190000000596047
      vertex -24.7 0 8.190000000596047
    endloop
  endfacet
  facet normal 0 0.13052618620017675 0.991444862166342
    outer loop
      vertex -24.7 -0.14032074809074402 8.196126538515092
      vertex 24.7 -0.27957356721162796 8.214459519088269
      vertex 24.7 -0.14032074809074402 8.196126538515092
    endloop
  endfacet
  facet normal 0 0.9990482210395871 0.043619399785374414
    outer loop
      vertex -24.7 -1.603873461484909 9.659679251909257
      vertex 24.7 -1.6099999994039536 9.8
      vertex 24.7 -1.603873461484909 9.659679251909257
    endloop
  endfacet
  facet normal 0 0.9990482210395871 -0.043619399785374414
    outer loop
      vertex -24.7 -1.6099999994039536 9.8
      vertex 24.7 -1.603873461484909 9.940320748090745
      vertex 24.7 -1.6099999994039536 9.8
    endloop
  endfacet
  facet normal 0 0.991444862166342 -0.13052618620017675
    outer loop
      vertex -24.7 -1.603873461484909 9.940320748090745
      vertex 24.7 -1.5855404809117317 10.079573567211629
      vertex 24.7 -1.603873461484909 9.940320748090745
    endloop
  endfacet
  facet normal 0 0.976296004881205 0.21643962403635317
    outer loop
      vertex -24.7 -1.5551405772566795 9.383301335573197
      vertex 24.7 -1.5855404809117317 9.520426432788373
      vertex 24.7 -1.5551405772566795 9.383301335573197
    endloop
  endfacet
  facet normal 0 0.991444862166342 0.13052618620017675
    outer loop
      vertex -24.7 -1.5855404809117317 9.520426432788373
      vertex 24.7 -1.603873461484909 9.659679251909257
      vertex 24.7 -1.5855404809117317 9.520426432788373
    endloop
  endfacet
  facet normal 0 0.976296004881205 -0.21643962403635317
    outer loop
      vertex -24.7 -1.5855404809117317 10.079573567211629
      vertex 24.7 -1.5551405772566795 10.216698664426804
      vertex 24.7 -1.5855404809117317 10.079573567211629
    endloop
  endfacet
  facet normal 0 0.953716957841939 -0.3007057770058918
    outer loop
      vertex 24.7 -1.5129051208496094 10.35065242946148
      vertex 24.7 -1.5551405772566795 10.216698664426804
      vertex -24.7 -1.5551405772566795 10.216698664426804
    endloop
  endfacet
  facet normal 0 0.923879528406805 -0.38268344227418527
    outer loop
      vertex -24.7 -1.5129051208496094 10.35065242946148
      vertex 24.7 -1.4591555371880531 10.480415399372578
      vertex 24.7 -1.5129051208496094 10.35065242946148
    endloop
  endfacet
  facet normal 0 0.8870108365295973 -0.4617486067971011
    outer loop
      vertex -24.7 -1.4591555371880531 10.480415399372578
      vertex 24.7 -1.394300900399685 10.604999999701977
      vertex 24.7 -1.4591555371880531 10.480415399372578
    endloop
  endfacet
  facet normal 0 0.8433914374635637 -0.5372996214526339
    outer loop
      vertex 24.7 -1.3188347890973091 10.723458062112332
      vertex 24.7 -1.394300900399685 10.604999999701977
      vertex -24.7 -1.394300900399685 10.604999999701977
    endloop
  endfacet
  facet normal 0 0.7933533493342269 -0.6087614172236642
    outer loop
      vertex 24.7 -1.2333315536379814 10.834888051450253
      vertex 24.7 -1.3188347890973091 10.723458062112332
      vertex -24.7 -1.3188347890973091 10.723458062112332
    endloop
  endfacet
  facet normal 0 0.7372773539803839 -0.6755901888776092
    outer loop
      vertex -24.7 -1.2333315536379814 10.834888051450253
      vertex 24.7 -1.1384419202804565 10.938441920280457
      vertex 24.7 -1.2333315536379814 10.834888051450253
    endloop
  endfacet
  facet normal 0 0.7071067788727026 -0.7071067835003924
    outer loop
      vertex 24.7 0 12.076883833110333
      vertex 24.7 -1.1384419202804565 10.938441920280457
      vertex -24.7 -1.1384419202804565 10.938441920280457
    endloop
  endfacet
  facet normal 0 -0.043619399785374414 0.9990482210395871
    outer loop
      vertex -24.7 0.14032074809074402 8.196126538515092
      vertex 24.7 0 8.190000000596047
      vertex 24.7 0.14032074809074402 8.196126538515092
    endloop
  endfacet
  facet normal 0 -0.13052618620017675 0.991444862166342
    outer loop
      vertex 24.7 0.14032074809074402 8.196126538515092
      vertex 24.7 0.27957356721162796 8.214459519088269
      vertex -24.7 0.27957356721162796 8.214459519088269
    endloop
  endfacet
  facet normal 0 -0.21643962403635317 0.976296004881205
    outer loop
      vertex 24.7 0.27957356721162796 8.214459519088269
      vertex 24.7 0.4166986644268036 8.244859422743321
      vertex -24.7 0.4166986644268036 8.244859422743321
    endloop
  endfacet
  facet normal 0 -0.3007057770058918 0.953716957841939
    outer loop
      vertex -24.7 0.5506524294614792 8.287094879150391
      vertex 24.7 0.4166986644268036 8.244859422743321
      vertex 24.7 0.5506524294614792 8.287094879150391
    endloop
  endfacet
  facet normal 0 -0.38268344227418527 0.923879528406805
    outer loop
      vertex 24.7 0.5506524294614792 8.287094879150391
      vertex 24.7 0.6804153993725777 8.340844462811948
      vertex -24.7 0.6804153993725777 8.340844462811948
    endloop
  endfacet
  facet normal 0 -0.4617486067971011 0.8870108365295973
    outer loop
      vertex 24.7 0.6804153993725777 8.340844462811948
      vertex 24.7 0.8049999997019768 8.405699099600316
      vertex -24.7 0.8049999997019768 8.405699099600316
    endloop
  endfacet
  facet normal 0 -0.5372996214526339 0.8433914374635637
    outer loop
      vertex -24.7 0.9234580621123314 8.481165210902692
      vertex 24.7 0.8049999997019768 8.405699099600316
      vertex 24.7 0.9234580621123314 8.481165210902692
    endloop
  endfacet
  facet normal 0 -0.6087614172236642 0.7933533493342269
    outer loop
      vertex -24.7 1.0348880514502525 8.56666844636202
      vertex 24.7 0.9234580621123314 8.481165210902692
      vertex 24.7 1.0348880514502525 8.56666844636202
    endloop
  endfacet
  facet normal 0 -0.6755901888776092 0.7372773539803839
    outer loop
      vertex -24.7 1.1384419202804565 8.661558079719544
      vertex 24.7 1.0348880514502525 8.56666844636202
      vertex 24.7 1.1384419202804565 8.661558079719544
    endloop
  endfacet
  facet normal 0 -0.7372773539803839 0.6755901888776092
    outer loop
      vertex -24.7 1.2333315536379814 8.765111948549748
      vertex 24.7 1.1384419202804565 8.661558079719544
      vertex 24.7 1.2333315536379814 8.765111948549748
    endloop
  endfacet
  facet normal 0 -0.7933533493342269 0.6087614172236642
    outer loop
      vertex 24.7 1.2333315536379814 8.765111948549748
      vertex 24.7 1.3188347890973091 8.87654193788767
      vertex -24.7 1.3188347890973091 8.87654193788767
    endloop
  endfacet
  facet normal 0 -0.8433914374635637 0.5372996214526339
    outer loop
      vertex 24.7 1.3188347890973091 8.87654193788767
      vertex 24.7 1.394300900399685 8.995000000298024
      vertex -24.7 1.394300900399685 8.995000000298024
    endloop
  endfacet
  facet normal 0 -0.8870108365295973 0.4617486067971011
    outer loop
      vertex -24.7 1.4591555371880531 9.119584600627423
      vertex 24.7 1.394300900399685 8.995000000298024
      vertex 24.7 1.4591555371880531 9.119584600627423
    endloop
  endfacet
  facet normal 0 -0.923879528406805 0.38268344227418527
    outer loop
      vertex -24.7 1.5129051208496094 9.249347570538522
      vertex 24.7 1.4591555371880531 9.119584600627423
      vertex 24.7 1.5129051208496094 9.249347570538522
    endloop
  endfacet
  facet normal 0 -0.953716957841939 0.3007057770058918
    outer loop
      vertex 24.7 1.5129051208496094 9.249347570538522
      vertex 24.7 1.5551405772566795 9.383301335573197
      vertex -24.7 1.5551405772566795 9.383301335573197
    endloop
  endfacet
  facet normal 0 -0.976296004881205 0.21643962403635317
    outer loop
      vertex -24.7 1.5855404809117317 9.520426432788373
      vertex 24.7 1.5551405772566795 9.383301335573197
      vertex 24.7 1.5855404809117317 9.520426432788373
    endloop
  endfacet
  facet normal 0 -0.991444862166342 0.13052618620017675
    outer loop
      vertex -24.7 1.603873461484909 9.659679251909257
      vertex 24.7 1.5855404809117317 9.520426432788373
      vertex 24.7 1.603873461484909 9.659679251909257
    endloop
  endfacet
  facet normal 0 -0.9990482210395871 0.043619399785374414
    outer loop
      vertex -24.7 1.6099999994039536 9.8
      vertex 24.7 1.603873461484909 9.659679251909257
      vertex 24.7 1.6099999994039536 9.8
    endloop
  endfacet
  facet normal 0 -0.9990482210395871 -0.043619399785374414
    outer loop
      vertex -24.7 1.603873461484909 9.940320748090745
      vertex 24.7 1.6099999994039536 9.8
      vertex 24.7 1.603873461484909 9.940320748090745
    endloop
  endfacet
  facet normal 0 -0.991444862166342 -0.13052618620017675
    outer loop
      vertex -24.7 1.5855404809117317 10.079573567211629
      vertex 24.7 1.603873461484909 9.940320748090745
      vertex 24.7 1.5855404809117317 10.079573567211629
    endloop
  endfacet
  facet normal 0 -0.976296004881205 -0.21643962403635317
    outer loop
      vertex -24.7 1.5551405772566795 10.216698664426804
      vertex 24.7 1.5855404809117317 10.079573567211629
      vertex 24.7 1.5551405772566795 10.216698664426804
    endloop
  endfacet
  facet normal 0 -0.953716957841939 -0.3007057770058918
    outer loop
      vertex -24.7 1.5129051208496094 10.35065242946148
      vertex 24.7 1.5551405772566795 10.216698664426804
      vertex 24.7 1.5129051208496094 10.35065242946148
    endloop
  endfacet
  facet normal 0 -0.923879528406805 -0.38268344227418527
    outer loop
      vertex 24.7 1.5129051208496094 10.35065242946148
      vertex 24.7 1.4591555371880531 10.480415399372578
      vertex -24.7 1.4591555371880531 10.480415399372578
    endloop
  endfacet
  facet normal 0 -0.8870108365295973 -0.4617486067971011
    outer loop
      vertex -24.7 1.394300900399685 10.604999999701977
      vertex 24.7 1.4591555371880531 10.480415399372578
      vertex 24.7 1.394300900399685 10.604999999701977
    endloop
  endfacet
  facet normal 0 -0.8433914374635637 -0.5372996214526339
    outer loop
      vertex 24.7 1.394300900399685 10.604999999701977
      vertex 24.7 1.3188347890973091 10.723458062112332
      vertex -24.7 1.3188347890973091 10.723458062112332
    endloop
  endfacet
  facet normal 0 -0.7071067788727026 -0.7071067835003924
    outer loop
      vertex 24.7 1.1384419202804565 10.938441920280457
      vertex 24.7 0 12.076883833110333
      vertex -24.7 0 12.076883833110333
    endloop
  endfacet
  facet normal 0 -0.7933533493342269 -0.6087614172236642
    outer loop
      vertex -24.7 1.2333315536379814 10.834888051450253
      vertex 24.7 1.3188347890973091 10.723458062112332
      vertex 24.7 1.2333315536379814 10.834888051450253
    endloop
  endfacet
  facet normal 0 -0.7372773539803839 -0.6755901888776092
    outer loop
      vertex 24.7 1.2333315536379814 10.834888051450253
      vertex 24.7 1.1384419202804565 10.938441920280457
      vertex -24.7 1.1384419202804565 10.938441920280457
    endloop
  endfacet
endsolid OpenSCAD_Model
