solid OpenSCAD_Model
  facet normal 0.13052619882246197 -0.9914448605045866 0
    outer loop
      vertex 0.6077686250209808 -3.4468271359801292 0
      vertex 0.30504509806632996 -3.4866814464330673 3
      vertex 0.30504509806632996 -3.4866814464330673 0
    endloop
  endfacet
  facet normal 0.13052619882246197 -0.9914448605045866 0
    outer loop
      vertex 0.6077686250209808 -3.4468271359801292 0
      vertex 0.6077686250209808 -3.4468271359801292 3
      vertex 0.30504509806632996 -3.4866814464330673 3
    endloop
  endfacet
  facet normal 0.21643962459441043 -0.9762960047574868 0
    outer loop
      vertex 0.9058666601777077 -3.380740389227867 0
      vertex 0.6077686250209808 -3.4468271359801292 3
      vertex 0.6077686250209808 -3.4468271359801292 0
    endloop
  endfacet
  facet normal 0.21643962459441043 -0.9762960047574868 0
    outer loop
      vertex 0.9058666601777077 -3.380740389227867 0
      vertex 0.9058666601777077 -3.380740389227867 3
      vertex 0.6077686250209808 -3.4468271359801292 3
    endloop
  endfacet
  facet normal 0.300705793976064 -0.9537169524912645 0
    outer loop
      vertex 1.1970705017447472 -3.2889241725206375 0
      vertex 0.9058666601777077 -3.380740389227867 3
      vertex 0.9058666601777077 -3.380740389227867 0
    endloop
  endfacet
  facet normal 0.300705793976064 -0.9537169524912645 0
    outer loop
      vertex 1.1970705017447472 -3.2889241725206375 0
      vertex 1.1970705017447472 -3.2889241725206375 3
      vertex 0.9058666601777077 -3.380740389227867 3
    endloop
  endfacet
  facet normal 0.3826834364657549 -0.9238795308127357 0
    outer loop
      vertex 1.4791639149188995 -3.172077253460884 0
      vertex 1.1970705017447472 -3.2889241725206375 3
      vertex 1.1970705017447472 -3.2889241725206375 0
    endloop
  endfacet
  facet normal 0.3826834364657549 -0.9238795308127357 0
    outer loop
      vertex 1.4791639149188995 -3.172077253460884 0
      vertex 1.4791639149188995 -3.172077253460884 3
      vertex 1.1970705017447472 -3.2889241725206375 3
    endloop
  endfacet
  facet normal 0.461748614446953 -0.8870108325473367 0
    outer loop
      vertex 1.75 -3.031088910996914 0
      vertex 1.4791639149188995 -3.172077253460884 3
      vertex 1.4791639149188995 -3.172077253460884 0
    endloop
  endfacet
  facet normal 0.461748614446953 -0.8870108325473367 0
    outer loop
      vertex 1.75 -3.031088910996914 0
      vertex 1.75 -3.031088910996914 3
      vertex 1.4791639149188995 -3.172077253460884 3
    endloop
  endfacet
  facet normal 0.5372996069133539 -0.8433914467261069 0
    outer loop
      vertex 2.007517524063587 -2.867032155394554 0
      vertex 1.75 -3.031088910996914 3
      vertex 1.75 -3.031088910996914 0
    endloop
  endfacet
  facet normal 0.5372996069133539 -0.8433914467261069 0
    outer loop
      vertex 2.007517524063587 -2.867032155394554 0
      vertex 2.007517524063587 -2.867032155394554 3
      vertex 1.75 -3.031088910996914 3
    endloop
  endfacet
  facet normal 0.6087614313093537 -0.7933533385258974 0
    outer loop
      vertex 2.249756634235382 -2.6811555474996567 0
      vertex 2.007517524063587 -2.867032155394554 3
      vertex 2.007517524063587 -2.867032155394554 0
    endloop
  endfacet
  facet normal 0.6087614313093537 -0.7933533385258974 0
    outer loop
      vertex 2.249756634235382 -2.6811555474996567 0
      vertex 2.249756634235382 -2.6811555474996567 3
      vertex 2.007517524063587 -2.867032155394554 3
    endloop
  endfacet
  facet normal 0.6755901940655455 -0.7372773492265162 0
    outer loop
      vertex 2.47487373650074 -2.47487373650074 0
      vertex 2.249756634235382 -2.6811555474996567 3
      vertex 2.249756634235382 -2.6811555474996567 0
    endloop
  endfacet
  facet normal 0.6755901940655455 -0.7372773492265162 0
    outer loop
      vertex 2.47487373650074 -2.47487373650074 0
      vertex 2.47487373650074 -2.47487373650074 3
      vertex 2.249756634235382 -2.6811555474996567 3
    endloop
  endfacet
  facet normal 0.7372773492265162 -0.6755901940655455 0
    outer loop
      vertex 2.6811555474996567 -2.249756634235382 0
      vertex 2.47487373650074 -2.47487373650074 3
      vertex 2.47487373650074 -2.47487373650074 0
    endloop
  endfacet
  facet normal 0.7372773492265162 -0.6755901940655455 0
    outer loop
      vertex 2.6811555474996567 -2.249756634235382 0
      vertex 2.6811555474996567 -2.249756634235382 3
      vertex 2.47487373650074 -2.47487373650074 3
    endloop
  endfacet
  facet normal 0.7933533385258974 -0.6087614313093537 0
    outer loop
      vertex 2.867032155394554 -2.007517524063587 0
      vertex 2.6811555474996567 -2.249756634235382 3
      vertex 2.6811555474996567 -2.249756634235382 0
    endloop
  endfacet
  facet normal 0.7933533385258974 -0.6087614313093537 0
    outer loop
      vertex 2.867032155394554 -2.007517524063587 0
      vertex 2.867032155394554 -2.007517524063587 3
      vertex 2.6811555474996567 -2.249756634235382 3
    endloop
  endfacet
  facet normal 0.8433914467261069 -0.5372996069133539 0
    outer loop
      vertex 3.031088910996914 -1.75 0
      vertex 2.867032155394554 -2.007517524063587 3
      vertex 2.867032155394554 -2.007517524063587 0
    endloop
  endfacet
  facet normal 0.8433914467261069 -0.5372996069133539 0
    outer loop
      vertex 3.031088910996914 -1.75 0
      vertex 3.031088910996914 -1.75 3
      vertex 2.867032155394554 -2.007517524063587 3
    endloop
  endfacet
  facet normal 0.8870108325473367 -0.461748614446953 0
    outer loop
      vertex 3.172077253460884 -1.4791639149188995 0
      vertex 3.031088910996914 -1.75 3
      vertex 3.031088910996914 -1.75 0
    endloop
  endfacet
  facet normal 0.8870108325473367 -0.461748614446953 0
    outer loop
      vertex 3.172077253460884 -1.4791639149188995 0
      vertex 3.172077253460884 -1.4791639149188995 3
      vertex 3.031088910996914 -1.75 3
    endloop
  endfacet
  facet normal 0.9238795308127357 -0.3826834364657549 0
    outer loop
      vertex 3.2889241725206375 -1.1970705017447472 0
      vertex 3.172077253460884 -1.4791639149188995 3
      vertex 3.172077253460884 -1.4791639149188995 0
    endloop
  endfacet
  facet normal 0.9238795308127357 -0.3826834364657549 0
    outer loop
      vertex 3.2889241725206375 -1.1970705017447472 0
      vertex 3.2889241725206375 -1.1970705017447472 3
      vertex 3.172077253460884 -1.4791639149188995 3
    endloop
  endfacet
  facet normal 0.9537169524912645 -0.300705793976064 0
    outer loop
      vertex 3.380740389227867 -0.9058666601777077 0
      vertex 3.2889241725206375 -1.1970705017447472 3
      vertex 3.2889241725206375 -1.1970705017447472 0
    endloop
  endfacet
  facet normal 0.9537169524912645 -0.300705793976064 0
    outer loop
      vertex 3.380740389227867 -0.9058666601777077 0
      vertex 3.380740389227867 -0.9058666601777077 3
      vertex 3.2889241725206375 -1.1970705017447472 3
    endloop
  endfacet
  facet normal 0.9762960047574868 -0.21643962459441043 0
    outer loop
      vertex 3.4468271359801292 -0.6077686250209808 0
      vertex 3.380740389227867 -0.9058666601777077 3
      vertex 3.380740389227867 -0.9058666601777077 0
    endloop
  endfacet
  facet normal 0.9762960047574868 -0.21643962459441043 0
    outer loop
      vertex 3.4468271359801292 -0.6077686250209808 0
      vertex 3.4468271359801292 -0.6077686250209808 3
      vertex 3.380740389227867 -0.9058666601777077 3
    endloop
  endfacet
  facet normal 0.9914448605045866 -0.13052619882246197 0
    outer loop
      vertex 3.4866814464330673 -0.30504509806632996 0
      vertex 3.4468271359801292 -0.6077686250209808 3
      vertex 3.4468271359801292 -0.6077686250209808 0
    endloop
  endfacet
  facet normal 0.9914448605045866 -0.13052619882246197 0
    outer loop
      vertex 3.4866814464330673 -0.30504509806632996 0
      vertex 3.4866814464330673 -0.30504509806632996 3
      vertex 3.4468271359801292 -0.6077686250209808 3
    endloop
  endfacet
  facet normal 0.9990482220163385 -0.04361937741409037 0
    outer loop
      vertex 3.5 0 0
      vertex 3.4866814464330673 -0.30504509806632996 3
      vertex 3.4866814464330673 -0.30504509806632996 0
    endloop
  endfacet
  facet normal 0.9990482220163385 -0.04361937741409037 0
    outer loop
      vertex 3.5 0 0
      vertex 3.5 0 3
      vertex 3.4866814464330673 -0.30504509806632996 3
    endloop
  endfacet
  facet normal 0.9990482220163385 0.04361937741409037 0
    outer loop
      vertex 3.4866814464330673 0.30504509806632996 0
      vertex 3.5 0 3
      vertex 3.5 0 0
    endloop
  endfacet
  facet normal 0.9990482220163385 0.04361937741409037 0
    outer loop
      vertex 3.4866814464330673 0.30504509806632996 0
      vertex 3.4866814464330673 0.30504509806632996 3
      vertex 3.5 0 3
    endloop
  endfacet
  facet normal 0.9914448605045866 0.13052619882246197 0
    outer loop
      vertex 3.4468271359801292 0.6077686250209808 0
      vertex 3.4866814464330673 0.30504509806632996 3
      vertex 3.4866814464330673 0.30504509806632996 0
    endloop
  endfacet
  facet normal 0.9914448605045866 0.13052619882246197 0
    outer loop
      vertex 3.4468271359801292 0.6077686250209808 0
      vertex 3.4468271359801292 0.6077686250209808 3
      vertex 3.4866814464330673 0.30504509806632996 3
    endloop
  endfacet
  facet normal 0.9762960047574868 0.21643962459441043 0
    outer loop
      vertex 3.380740389227867 0.9058666601777077 0
      vertex 3.4468271359801292 0.6077686250209808 3
      vertex 3.4468271359801292 0.6077686250209808 0
    endloop
  endfacet
  facet normal 0.9762960047574868 0.21643962459441043 0
    outer loop
      vertex 3.380740389227867 0.9058666601777077 0
      vertex 3.380740389227867 0.9058666601777077 3
      vertex 3.4468271359801292 0.6077686250209808 3
    endloop
  endfacet
  facet normal 0.9537169524912645 0.300705793976064 0
    outer loop
      vertex 3.2889241725206375 1.1970705017447472 0
      vertex 3.380740389227867 0.9058666601777077 3
      vertex 3.380740389227867 0.9058666601777077 0
    endloop
  endfacet
  facet normal 0.9537169524912645 0.300705793976064 0
    outer loop
      vertex 3.2889241725206375 1.1970705017447472 0
      vertex 3.2889241725206375 1.1970705017447472 3
      vertex 3.380740389227867 0.9058666601777077 3
    endloop
  endfacet
  facet normal 0.9238795308127357 0.3826834364657549 0
    outer loop
      vertex 3.172077253460884 1.4791639149188995 0
      vertex 3.2889241725206375 1.1970705017447472 3
      vertex 3.2889241725206375 1.1970705017447472 0
    endloop
  endfacet
  facet normal 0.9238795308127357 0.3826834364657549 0
    outer loop
      vertex 3.172077253460884 1.4791639149188995 0
      vertex 3.172077253460884 1.4791639149188995 3
      vertex 3.2889241725206375 1.1970705017447472 3
    endloop
  endfacet
  facet normal 0.8870108325473367 0.461748614446953 0
    outer loop
      vertex 3.031088910996914 1.75 0
      vertex 3.172077253460884 1.4791639149188995 3
      vertex 3.172077253460884 1.4791639149188995 0
    endloop
  endfacet
  facet normal 0.8870108325473367 0.461748614446953 0
    outer loop
      vertex 3.031088910996914 1.75 0
      vertex 3.031088910996914 1.75 3
      vertex 3.172077253460884 1.4791639149188995 3
    endloop
  endfacet
  facet normal 0.8433914467261069 0.5372996069133539 0
    outer loop
      vertex 2.867032155394554 2.007517524063587 0
      vertex 3.031088910996914 1.75 3
      vertex 3.031088910996914 1.75 0
    endloop
  endfacet
  facet normal 0.8433914467261069 0.5372996069133539 0
    outer loop
      vertex 2.867032155394554 2.007517524063587 0
      vertex 2.867032155394554 2.007517524063587 3
      vertex 3.031088910996914 1.75 3
    endloop
  endfacet
  facet normal 0.7933533385258974 0.6087614313093537 0
    outer loop
      vertex 2.6811555474996567 2.249756634235382 0
      vertex 2.867032155394554 2.007517524063587 3
      vertex 2.867032155394554 2.007517524063587 0
    endloop
  endfacet
  facet normal 0.7933533385258974 0.6087614313093537 0
    outer loop
      vertex 2.6811555474996567 2.249756634235382 0
      vertex 2.6811555474996567 2.249756634235382 3
      vertex 2.867032155394554 2.007517524063587 3
    endloop
  endfacet
  facet normal 0.7372773492265162 0.6755901940655455 0
    outer loop
      vertex 2.47487373650074 2.47487373650074 0
      vertex 2.6811555474996567 2.249756634235382 3
      vertex 2.6811555474996567 2.249756634235382 0
    endloop
  endfacet
  facet normal 0.7372773492265162 0.6755901940655455 0
    outer loop
      vertex 2.47487373650074 2.47487373650074 0
      vertex 2.47487373650074 2.47487373650074 3
      vertex 2.6811555474996567 2.249756634235382 3
    endloop
  endfacet
  facet normal 0.6755901940655455 0.7372773492265162 0
    outer loop
      vertex 2.249756634235382 2.6811555474996567 0
      vertex 2.47487373650074 2.47487373650074 3
      vertex 2.47487373650074 2.47487373650074 0
    endloop
  endfacet
  facet normal 0.6755901940655455 0.7372773492265162 0
    outer loop
      vertex 2.249756634235382 2.6811555474996567 0
      vertex 2.249756634235382 2.6811555474996567 3
      vertex 2.47487373650074 2.47487373650074 3
    endloop
  endfacet
  facet normal 0.6087614313093537 0.7933533385258974 0
    outer loop
      vertex 2.007517524063587 2.867032155394554 0
      vertex 2.249756634235382 2.6811555474996567 3
      vertex 2.249756634235382 2.6811555474996567 0
    endloop
  endfacet
  facet normal 0.6087614313093537 0.7933533385258974 0
    outer loop
      vertex 2.007517524063587 2.867032155394554 0
      vertex 2.007517524063587 2.867032155394554 3
      vertex 2.249756634235382 2.6811555474996567 3
    endloop
  endfacet
  facet normal 0.5372996069133539 0.8433914467261069 0
    outer loop
      vertex 1.75 3.031088910996914 0
      vertex 2.007517524063587 2.867032155394554 3
      vertex 2.007517524063587 2.867032155394554 0
    endloop
  endfacet
  facet normal 0.5372996069133539 0.8433914467261069 0
    outer loop
      vertex 1.75 3.031088910996914 0
      vertex 1.75 3.031088910996914 3
      vertex 2.007517524063587 2.867032155394554 3
    endloop
  endfacet
  facet normal 0.461748614446953 0.8870108325473367 0
    outer loop
      vertex 1.4791639149188995 3.172077253460884 0
      vertex 1.75 3.031088910996914 3
      vertex 1.75 3.031088910996914 0
    endloop
  endfacet
  facet normal 0.461748614446953 0.8870108325473367 0
    outer loop
      vertex 1.4791639149188995 3.172077253460884 0
      vertex 1.4791639149188995 3.172077253460884 3
      vertex 1.75 3.031088910996914 3
    endloop
  endfacet
  facet normal 0.3826834364657549 0.9238795308127357 0
    outer loop
      vertex 1.1970705017447472 3.2889241725206375 0
      vertex 1.4791639149188995 3.172077253460884 3
      vertex 1.4791639149188995 3.172077253460884 0
    endloop
  endfacet
  facet normal 0.3826834364657549 0.9238795308127357 0
    outer loop
      vertex 1.1970705017447472 3.2889241725206375 0
      vertex 1.1970705017447472 3.2889241725206375 3
      vertex 1.4791639149188995 3.172077253460884 3
    endloop
  endfacet
  facet normal 0.300705793976064 0.9537169524912645 0
    outer loop
      vertex 0.9058666601777077 3.380740389227867 0
      vertex 1.1970705017447472 3.2889241725206375 3
      vertex 1.1970705017447472 3.2889241725206375 0
    endloop
  endfacet
  facet normal 0.300705793976064 0.9537169524912645 0
    outer loop
      vertex 0.9058666601777077 3.380740389227867 0
      vertex 0.9058666601777077 3.380740389227867 3
      vertex 1.1970705017447472 3.2889241725206375 3
    endloop
  endfacet
  facet normal 0.21643962459441043 0.9762960047574868 0
    outer loop
      vertex 0.6077686250209808 3.4468271359801292 0
      vertex 0.9058666601777077 3.380740389227867 3
      vertex 0.9058666601777077 3.380740389227867 0
    endloop
  endfacet
  facet normal 0.21643962459441043 0.9762960047574868 0
    outer loop
      vertex 0.6077686250209808 3.4468271359801292 0
      vertex 0.6077686250209808 3.4468271359801292 3
      vertex 0.9058666601777077 3.380740389227867 3
    endloop
  endfacet
  facet normal 0.13052619882246197 0.9914448605045866 0
    outer loop
      vertex 0.30504509806632996 3.4866814464330673 0
      vertex 0.6077686250209808 3.4468271359801292 3
      vertex 0.6077686250209808 3.4468271359801292 0
    endloop
  endfacet
  facet normal 0.13052619882246197 0.9914448605045866 0
    outer loop
      vertex 0.30504509806632996 3.4866814464330673 0
      vertex 0.30504509806632996 3.4866814464330673 3
      vertex 0.6077686250209808 3.4468271359801292 3
    endloop
  endfacet
  facet normal 0.04361937741409037 0.9990482220163385 0
    outer loop
      vertex 0 3.5 0
      vertex 0.30504509806632996 3.4866814464330673 3
      vertex 0.30504509806632996 3.4866814464330673 0
    endloop
  endfacet
  facet normal 0.04361937741409037 0.9990482220163385 0
    outer loop
      vertex 0 3.5 0
      vertex 0 3.5 3
      vertex 0.30504509806632996 3.4866814464330673 3
    endloop
  endfacet
  facet normal -0.04361937741409037 0.9990482220163385 0
    outer loop
      vertex -0.30504509806632996 3.4866814464330673 0
      vertex 0 3.5 3
      vertex 0 3.5 0
    endloop
  endfacet
  facet normal -0.04361937741409037 0.9990482220163385 0
    outer loop
      vertex -0.30504509806632996 3.4866814464330673 0
      vertex -0.30504509806632996 3.4866814464330673 3
      vertex 0 3.5 3
    endloop
  endfacet
  facet normal -0.13052619882246197 0.9914448605045866 0
    outer loop
      vertex -0.6077686250209808 3.4468271359801292 0
      vertex -0.30504509806632996 3.4866814464330673 3
      vertex -0.30504509806632996 3.4866814464330673 0
    endloop
  endfacet
  facet normal -0.13052619882246197 0.9914448605045866 0
    outer loop
      vertex -0.6077686250209808 3.4468271359801292 0
      vertex -0.6077686250209808 3.4468271359801292 3
      vertex -0.30504509806632996 3.4866814464330673 3
    endloop
  endfacet
  facet normal -0.21643962459441043 0.9762960047574868 0
    outer loop
      vertex -0.9058666601777077 3.380740389227867 0
      vertex -0.6077686250209808 3.4468271359801292 3
      vertex -0.6077686250209808 3.4468271359801292 0
    endloop
  endfacet
  facet normal -0.21643962459441043 0.9762960047574868 0
    outer loop
      vertex -0.9058666601777077 3.380740389227867 0
      vertex -0.9058666601777077 3.380740389227867 3
      vertex -0.6077686250209808 3.4468271359801292 3
    endloop
  endfacet
  facet normal -0.30070584398528105 0.9537169367234178 0
    outer loop
      vertex -1 3.3510602563619614 0
      vertex -0.9058666601777077 3.380740389227867 3
      vertex -0.9058666601777077 3.380740389227867 0
    endloop
  endfacet
  facet normal -0.30070584398528105 0.9537169367234178 0
    outer loop
      vertex -1 3.3510602563619614 0
      vertex -1 3.3510602563619614 3
      vertex -0.9058666601777077 3.380740389227867 3
    endloop
  endfacet
  facet normal 1 0 0
    outer loop
      vertex -1 12 0
      vertex -1 3.3510602563619614 3
      vertex -1 3.3510602563619614 0
    endloop
  endfacet
  facet normal 1 0 0
    outer loop
      vertex -1 12 0
      vertex -1 12 3
      vertex -1 3.3510602563619614 3
    endloop
  endfacet
  facet normal 0 1 0
    outer loop
      vertex -6.46000000089407 12 0
      vertex -1 12 3
      vertex -1 12 0
    endloop
  endfacet
  facet normal 0 1 0
    outer loop
      vertex -6.46000000089407 12 0
      vertex -6.46000000089407 12 3
      vertex -1 12 3
    endloop
  endfacet
  facet normal -1 0 0
    outer loop
      vertex -6.46000000089407 11 0
      vertex -6.46000000089407 12 3
      vertex -6.46000000089407 12 0
    endloop
  endfacet
  facet normal -1 0 0
    outer loop
      vertex -6.46000000089407 11 0
      vertex -6.46000000089407 11 3
      vertex -6.46000000089407 12 3
    endloop
  endfacet
  facet normal -0.7071067811865476 -0.7071067811865476 0
    outer loop
      vertex -5.060000002384186 9.600000001490116 0
      vertex -6.46000000089407 11 3
      vertex -6.46000000089407 11 0
    endloop
  endfacet
  facet normal -0.7071067811865476 -0.7071067811865476 0
    outer loop
      vertex -5.060000002384186 9.600000001490116 0
      vertex -5.060000002384186 9.600000001490116 3
      vertex -6.46000000089407 11 3
    endloop
  endfacet
  facet normal 0 -1 0
    outer loop
      vertex -3.7000000029802322 9.600000001490116 0
      vertex -5.060000002384186 9.600000001490116 3
      vertex -5.060000002384186 9.600000001490116 0
    endloop
  endfacet
  facet normal 0 -1 0
    outer loop
      vertex -3.7000000029802322 9.600000001490116 0
      vertex -3.7000000029802322 9.600000001490116 3
      vertex -5.060000002384186 9.600000001490116 3
    endloop
  endfacet
  facet normal -1 0 0
    outer loop
      vertex -3.7000000029802322 0 0
      vertex -3.7000000029802322 9.600000001490116 3
      vertex -3.7000000029802322 9.600000001490116 0
    endloop
  endfacet
  facet normal -1 0 0
    outer loop
      vertex -3.7000000029802322 0 0
      vertex -3.7000000029802322 0 3
      vertex -3.7000000029802322 9.600000001490116 3
    endloop
  endfacet
  facet normal 0 -1 0
    outer loop
      vertex -3.5 0 0
      vertex -3.7000000029802322 0 3
      vertex -3.7000000029802322 0 0
    endloop
  endfacet
  facet normal 0 -1 0
    outer loop
      vertex -3.5 0 0
      vertex -3.5 0 3
      vertex -3.7000000029802322 0 3
    endloop
  endfacet
  facet normal -0.9990482220163385 -0.04361937741409037 0
    outer loop
      vertex -3.4866814464330673 -0.30504509806632996 0
      vertex -3.5 0 3
      vertex -3.5 0 0
    endloop
  endfacet
  facet normal -0.9990482220163385 -0.04361937741409037 0
    outer loop
      vertex -3.4866814464330673 -0.30504509806632996 0
      vertex -3.4866814464330673 -0.30504509806632996 3
      vertex -3.5 0 3
    endloop
  endfacet
  facet normal -0.9914448605045866 -0.13052619882246197 0
    outer loop
      vertex -3.4468271359801292 -0.6077686250209808 0
      vertex -3.4866814464330673 -0.30504509806632996 3
      vertex -3.4866814464330673 -0.30504509806632996 0
    endloop
  endfacet
  facet normal -0.9914448605045866 -0.13052619882246197 0
    outer loop
      vertex -3.4468271359801292 -0.6077686250209808 0
      vertex -3.4468271359801292 -0.6077686250209808 3
      vertex -3.4866814464330673 -0.30504509806632996 3
    endloop
  endfacet
  facet normal -0.9762960047574868 -0.21643962459441043 0
    outer loop
      vertex -3.380740389227867 -0.9058666601777077 0
      vertex -3.4468271359801292 -0.6077686250209808 3
      vertex -3.4468271359801292 -0.6077686250209808 0
    endloop
  endfacet
  facet normal -0.9762960047574868 -0.21643962459441043 0
    outer loop
      vertex -3.380740389227867 -0.9058666601777077 0
      vertex -3.380740389227867 -0.9058666601777077 3
      vertex -3.4468271359801292 -0.6077686250209808 3
    endloop
  endfacet
  facet normal -0.9537169524912645 -0.300705793976064 0
    outer loop
      vertex -3.2889241725206375 -1.1970705017447472 0
      vertex -3.380740389227867 -0.9058666601777077 3
      vertex -3.380740389227867 -0.9058666601777077 0
    endloop
  endfacet
  facet normal -0.9537169524912645 -0.300705793976064 0
    outer loop
      vertex -3.2889241725206375 -1.1970705017447472 0
      vertex -3.2889241725206375 -1.1970705017447472 3
      vertex -3.380740389227867 -0.9058666601777077 3
    endloop
  endfacet
  facet normal -0.9238795308127357 -0.3826834364657549 0
    outer loop
      vertex -3.172077253460884 -1.4791639149188995 0
      vertex -3.2889241725206375 -1.1970705017447472 3
      vertex -3.2889241725206375 -1.1970705017447472 0
    endloop
  endfacet
  facet normal -0.9238795308127357 -0.3826834364657549 0
    outer loop
      vertex -3.172077253460884 -1.4791639149188995 0
      vertex -3.172077253460884 -1.4791639149188995 3
      vertex -3.2889241725206375 -1.1970705017447472 3
    endloop
  endfacet
  facet normal -0.8870108325473367 -0.461748614446953 0
    outer loop
      vertex -3.031088910996914 -1.75 0
      vertex -3.172077253460884 -1.4791639149188995 3
      vertex -3.172077253460884 -1.4791639149188995 0
    endloop
  endfacet
  facet normal -0.8870108325473367 -0.461748614446953 0
    outer loop
      vertex -3.031088910996914 -1.75 0
      vertex -3.031088910996914 -1.75 3
      vertex -3.172077253460884 -1.4791639149188995 3
    endloop
  endfacet
  facet normal -0.8433914467261069 -0.5372996069133539 0
    outer loop
      vertex -2.867032155394554 -2.007517524063587 0
      vertex -3.031088910996914 -1.75 3
      vertex -3.031088910996914 -1.75 0
    endloop
  endfacet
  facet normal -0.8433914467261069 -0.5372996069133539 0
    outer loop
      vertex -2.867032155394554 -2.007517524063587 0
      vertex -2.867032155394554 -2.007517524063587 3
      vertex -3.031088910996914 -1.75 3
    endloop
  endfacet
  facet normal -0.7933533385258974 -0.6087614313093537 0
    outer loop
      vertex -2.6811555474996567 -2.249756634235382 0
      vertex -2.867032155394554 -2.007517524063587 3
      vertex -2.867032155394554 -2.007517524063587 0
    endloop
  endfacet
  facet normal -0.7933533385258974 -0.6087614313093537 0
    outer loop
      vertex -2.6811555474996567 -2.249756634235382 0
      vertex -2.6811555474996567 -2.249756634235382 3
      vertex -2.867032155394554 -2.007517524063587 3
    endloop
  endfacet
  facet normal -0.7372773492265162 -0.6755901940655455 0
    outer loop
      vertex -2.47487373650074 -2.47487373650074 0
      vertex -2.6811555474996567 -2.249756634235382 3
      vertex -2.6811555474996567 -2.249756634235382 0
    endloop
  endfacet
  facet normal -0.7372773492265162 -0.6755901940655455 0
    outer loop
      vertex -2.47487373650074 -2.47487373650074 0
      vertex -2.47487373650074 -2.47487373650074 3
      vertex -2.6811555474996567 -2.249756634235382 3
    endloop
  endfacet
  facet normal -0.6755901940655455 -0.7372773492265162 0
    outer loop
      vertex -2.249756634235382 -2.6811555474996567 0
      vertex -2.47487373650074 -2.47487373650074 3
      vertex -2.47487373650074 -2.47487373650074 0
    endloop
  endfacet
  facet normal -0.6755901940655455 -0.7372773492265162 0
    outer loop
      vertex -2.249756634235382 -2.6811555474996567 0
      vertex -2.249756634235382 -2.6811555474996567 3
      vertex -2.47487373650074 -2.47487373650074 3
    endloop
  endfacet
  facet normal -0.6087614313093537 -0.7933533385258974 0
    outer loop
      vertex -2.007517524063587 -2.867032155394554 0
      vertex -2.249756634235382 -2.6811555474996567 3
      vertex -2.249756634235382 -2.6811555474996567 0
    endloop
  endfacet
  facet normal -0.6087614313093537 -0.7933533385258974 0
    outer loop
      vertex -2.007517524063587 -2.867032155394554 0
      vertex -2.007517524063587 -2.867032155394554 3
      vertex -2.249756634235382 -2.6811555474996567 3
    endloop
  endfacet
  facet normal -0.5372996069133539 -0.8433914467261069 0
    outer loop
      vertex -1.75 -3.031088910996914 0
      vertex -2.007517524063587 -2.867032155394554 3
      vertex -2.007517524063587 -2.867032155394554 0
    endloop
  endfacet
  facet normal -0.5372996069133539 -0.8433914467261069 0
    outer loop
      vertex -1.75 -3.031088910996914 0
      vertex -1.75 -3.031088910996914 3
      vertex -2.007517524063587 -2.867032155394554 3
    endloop
  endfacet
  facet normal -0.461748614446953 -0.8870108325473367 0
    outer loop
      vertex -1.4791639149188995 -3.172077253460884 0
      vertex -1.75 -3.031088910996914 3
      vertex -1.75 -3.031088910996914 0
    endloop
  endfacet
  facet normal -0.461748614446953 -0.8870108325473367 0
    outer loop
      vertex -1.4791639149188995 -3.172077253460884 0
      vertex -1.4791639149188995 -3.172077253460884 3
      vertex -1.75 -3.031088910996914 3
    endloop
  endfacet
  facet normal -0.3826834364657549 -0.9238795308127357 0
    outer loop
      vertex -1.1970705017447472 -3.2889241725206375 0
      vertex -1.4791639149188995 -3.172077253460884 3
      vertex -1.4791639149188995 -3.172077253460884 0
    endloop
  endfacet
  facet normal -0.3826834364657549 -0.9238795308127357 0
    outer loop
      vertex -1.1970705017447472 -3.2889241725206375 0
      vertex -1.1970705017447472 -3.2889241725206375 3
      vertex -1.4791639149188995 -3.172077253460884 3
    endloop
  endfacet
  facet normal -0.300705793976064 -0.9537169524912645 0
    outer loop
      vertex -0.9058666601777077 -3.380740389227867 0
      vertex -1.1970705017447472 -3.2889241725206375 3
      vertex -1.1970705017447472 -3.2889241725206375 0
    endloop
  endfacet
  facet normal -0.300705793976064 -0.9537169524912645 0
    outer loop
      vertex -0.9058666601777077 -3.380740389227867 0
      vertex -0.9058666601777077 -3.380740389227867 3
      vertex -1.1970705017447472 -3.2889241725206375 3
    endloop
  endfacet
  facet normal -0.21643962459441043 -0.9762960047574868 0
    outer loop
      vertex -0.6077686250209808 -3.4468271359801292 0
      vertex -0.9058666601777077 -3.380740389227867 3
      vertex -0.9058666601777077 -3.380740389227867 0
    endloop
  endfacet
  facet normal -0.21643962459441043 -0.9762960047574868 0
    outer loop
      vertex -0.6077686250209808 -3.4468271359801292 0
      vertex -0.6077686250209808 -3.4468271359801292 3
      vertex -0.9058666601777077 -3.380740389227867 3
    endloop
  endfacet
  facet normal -0.13052619882246197 -0.9914448605045866 0
    outer loop
      vertex -0.30504509806632996 -3.4866814464330673 0
      vertex -0.6077686250209808 -3.4468271359801292 3
      vertex -0.6077686250209808 -3.4468271359801292 0
    endloop
  endfacet
  facet normal -0.13052619882246197 -0.9914448605045866 0
    outer loop
      vertex -0.30504509806632996 -3.4866814464330673 0
      vertex -0.30504509806632996 -3.4866814464330673 3
      vertex -0.6077686250209808 -3.4468271359801292 3
    endloop
  endfacet
  facet normal -0.04361937741409037 -0.9990482220163385 0
    outer loop
      vertex 0 -3.5 0
      vertex -0.30504509806632996 -3.4866814464330673 3
      vertex -0.30504509806632996 -3.4866814464330673 0
    endloop
  endfacet
  facet normal -0.04361937741409037 -0.9990482220163385 0
    outer loop
      vertex 0 -3.5 0
      vertex 0 -3.5 3
      vertex -0.30504509806632996 -3.4866814464330673 3
    endloop
  endfacet
  facet normal 0.04361937741409037 -0.9990482220163385 0
    outer loop
      vertex 0.30504509806632996 -3.4866814464330673 0
      vertex 0 -3.5 3
      vertex 0 -3.5 0
    endloop
  endfacet
  facet normal 0.04361937741409037 -0.9990482220163385 0
    outer loop
      vertex 0.30504509806632996 -3.4866814464330673 0
      vertex 0.30504509806632996 -3.4866814464330673 3
      vertex 0 -3.5 3
    endloop
  endfacet
  facet normal 0.13052619829616904 0.9914448605738744 0
    outer loop
      vertex -0.31256671994924545 -1.772653952240944 0
      vertex -0.31256671994924545 -1.772653952240944 3
      vertex -0.15688033401966095 -1.7931504547595978 0
    endloop
  endfacet
  facet normal 0.13052619829616904 0.9914448605738744 0
    outer loop
      vertex -0.15688033401966095 -1.7931504547595978 3
      vertex -0.15688033401966095 -1.7931504547595978 0
      vertex -0.31256671994924545 -1.772653952240944 3
    endloop
  endfacet
  facet normal 0.2164395757925558 0.9762960155765967 0
    outer loop
      vertex -0.4658742845058441 -1.7386664897203445 0
      vertex -0.4658742845058441 -1.7386664897203445 3
      vertex -0.31256671994924545 -1.772653952240944 0
    endloop
  endfacet
  facet normal 0.2164395757925558 0.9762960155765967 0
    outer loop
      vertex -0.31256671994924545 -1.772653952240944 3
      vertex -0.31256671994924545 -1.772653952240944 0
      vertex -0.4658742845058441 -1.7386664897203445 3
    endloop
  endfacet
  facet normal 0.3007058362216677 0.9537169391712761 0
    outer loop
      vertex -0.6156362593173981 -1.691446714103222 0
      vertex -0.6156362593173981 -1.691446714103222 3
      vertex -0.4658742845058441 -1.7386664897203445 0
    endloop
  endfacet
  facet normal 0.3007058362216677 0.9537169391712761 0
    outer loop
      vertex -0.4658742845058441 -1.7386664897203445 3
      vertex -0.4658742845058441 -1.7386664897203445 0
      vertex -0.6156362593173981 -1.691446714103222 3
    endloop
  endfacet
  facet normal 0.38268340818201807 0.9238795425282427 0
    outer loop
      vertex -0.7607128694653511 -1.6313540190458298 0
      vertex -0.7607128694653511 -1.6313540190458298 3
      vertex -0.6156362593173981 -1.691446714103222 0
    endloop
  endfacet
  facet normal 0.38268340818201807 0.9238795425282427 0
    outer loop
      vertex -0.6156362593173981 -1.691446714103222 3
      vertex -0.6156362593173981 -1.691446714103222 0
      vertex -0.7607128694653511 -1.6313540190458298 3
    endloop
  endfacet
  facet normal 0.4617486155574171 0.8870108319692656 0
    outer loop
      vertex -0.8999999985098839 -1.558845728635788 0
      vertex -0.8999999985098839 -1.558845728635788 3
      vertex -0.7607128694653511 -1.6313540190458298 0
    endloop
  endfacet
  facet normal 0.4617486155574171 0.8870108319692656 0
    outer loop
      vertex -0.7607128694653511 -1.6313540190458298 3
      vertex -0.7607128694653511 -1.6313540190458298 0
      vertex -0.8999999985098839 -1.558845728635788 3
    endloop
  endfacet
  facet normal 0.5372996224197858 0.84339143684742 0
    outer loop
      vertex -1.0324375852942467 -1.4744736775755882 0
      vertex -1.0324375852942467 -1.4744736775755882 3
      vertex -0.8999999985098839 -1.558845728635788 0
    endloop
  endfacet
  facet normal 0.5372996224197858 0.84339143684742 0
    outer loop
      vertex -0.8999999985098839 -1.558845728635788 3
      vertex -0.8999999985098839 -1.558845728635788 0
      vertex -1.0324375852942467 -1.4744736775755882 3
    endloop
  endfacet
  facet normal 0.6087614248213178 0.7933533435043424 0
    outer loop
      vertex -1.1570177003741264 -1.3788799941539764 0
      vertex -1.1570177003741264 -1.3788799941539764 3
      vertex -1.0324375852942467 -1.4744736775755882 0
    endloop
  endfacet
  facet normal 0.6087614248213178 0.7933533435043424 0
    outer loop
      vertex -1.0324375852942467 -1.4744736775755882 3
      vertex -1.0324375852942467 -1.4744736775755882 0
      vertex -1.1570177003741264 -1.3788799941539764 3
    endloop
  endfacet
  facet normal 0.6755902110697027 0.7372773336450772 0
    outer loop
      vertex -1.2727922052145004 -1.2727922052145004 0
      vertex -1.2727922052145004 -1.2727922052145004 3
      vertex -1.1570177003741264 -1.3788799941539764 0
    endloop
  endfacet
  facet normal 0.6755902110697027 0.7372773336450772 0
    outer loop
      vertex -1.1570177003741264 -1.3788799941539764 3
      vertex -1.1570177003741264 -1.3788799941539764 0
      vertex -1.2727922052145004 -1.2727922052145004 3
    endloop
  endfacet
  facet normal 0.7372773336450772 0.6755902110697027 0
    outer loop
      vertex -1.3788799941539764 -1.1570177003741264 0
      vertex -1.3788799941539764 -1.1570177003741264 3
      vertex -1.2727922052145004 -1.2727922052145004 0
    endloop
  endfacet
  facet normal 0.7372773336450772 0.6755902110697027 0
    outer loop
      vertex -1.2727922052145004 -1.2727922052145004 3
      vertex -1.2727922052145004 -1.2727922052145004 0
      vertex -1.3788799941539764 -1.1570177003741264 3
    endloop
  endfacet
  facet normal 0.7933533435043424 0.6087614248213178 0
    outer loop
      vertex -1.4744736775755882 -1.0324375852942467 0
      vertex -1.4744736775755882 -1.0324375852942467 3
      vertex -1.3788799941539764 -1.1570177003741264 0
    endloop
  endfacet
  facet normal 0.7933533435043424 0.6087614248213178 0
    outer loop
      vertex -1.3788799941539764 -1.1570177003741264 3
      vertex -1.3788799941539764 -1.1570177003741264 0
      vertex -1.4744736775755882 -1.0324375852942467 3
    endloop
  endfacet
  facet normal 0.84339143684742 0.5372996224197858 0
    outer loop
      vertex -1.558845728635788 -0.8999999985098839 0
      vertex -1.558845728635788 -0.8999999985098839 3
      vertex -1.4744736775755882 -1.0324375852942467 0
    endloop
  endfacet
  facet normal 0.84339143684742 0.5372996224197858 0
    outer loop
      vertex -1.4744736775755882 -1.0324375852942467 3
      vertex -1.4744736775755882 -1.0324375852942467 0
      vertex -1.558845728635788 -0.8999999985098839 3
    endloop
  endfacet
  facet normal 0.8870108319692656 0.4617486155574171 0
    outer loop
      vertex -1.6313540190458298 -0.7607128694653511 0
      vertex -1.6313540190458298 -0.7607128694653511 3
      vertex -1.558845728635788 -0.8999999985098839 0
    endloop
  endfacet
  facet normal 0.8870108319692656 0.4617486155574171 0
    outer loop
      vertex -1.558845728635788 -0.8999999985098839 3
      vertex -1.558845728635788 -0.8999999985098839 0
      vertex -1.6313540190458298 -0.7607128694653511 3
    endloop
  endfacet
  facet normal 0.9238795425282427 0.38268340818201807 0
    outer loop
      vertex -1.691446714103222 -0.6156362593173981 0
      vertex -1.691446714103222 -0.6156362593173981 3
      vertex -1.6313540190458298 -0.7607128694653511 0
    endloop
  endfacet
  facet normal 0.9238795425282427 0.38268340818201807 0
    outer loop
      vertex -1.6313540190458298 -0.7607128694653511 3
      vertex -1.6313540190458298 -0.7607128694653511 0
      vertex -1.691446714103222 -0.6156362593173981 3
    endloop
  endfacet
  facet normal 0.9537169391712761 0.3007058362216677 0
    outer loop
      vertex -1.7386664897203445 -0.4658742845058441 0
      vertex -1.7386664897203445 -0.4658742845058441 3
      vertex -1.691446714103222 -0.6156362593173981 0
    endloop
  endfacet
  facet normal 0.9537169391712761 0.3007058362216677 0
    outer loop
      vertex -1.691446714103222 -0.6156362593173981 3
      vertex -1.691446714103222 -0.6156362593173981 0
      vertex -1.7386664897203445 -0.4658742845058441 3
    endloop
  endfacet
  facet normal 0.9762960155765967 0.2164395757925558 0
    outer loop
      vertex -1.772653952240944 -0.31256671994924545 0
      vertex -1.772653952240944 -0.31256671994924545 3
      vertex -1.7386664897203445 -0.4658742845058441 0
    endloop
  endfacet
  facet normal 0.9762960155765967 0.2164395757925558 0
    outer loop
      vertex -1.7386664897203445 -0.4658742845058441 3
      vertex -1.7386664897203445 -0.4658742845058441 0
      vertex -1.772653952240944 -0.31256671994924545 3
    endloop
  endfacet
  facet normal 0.9914448605738744 0.13052619829616904 0
    outer loop
      vertex -1.7931504547595978 -0.15688033401966095 0
      vertex -1.7931504547595978 -0.15688033401966095 3
      vertex -1.772653952240944 -0.31256671994924545 0
    endloop
  endfacet
  facet normal 0.9914448605738744 0.13052619829616904 0
    outer loop
      vertex -1.772653952240944 -0.31256671994924545 3
      vertex -1.772653952240944 -0.31256671994924545 0
      vertex -1.7931504547595978 -0.15688033401966095 3
    endloop
  endfacet
  facet normal 0.9990482218723951 0.04361938071093761 0
    outer loop
      vertex -1.7999999970197678 0 0
      vertex -1.7999999970197678 0 3
      vertex -1.7931504547595978 -0.15688033401966095 0
    endloop
  endfacet
  facet normal 0.9990482218723951 0.04361938071093761 0
    outer loop
      vertex -1.7931504547595978 -0.15688033401966095 3
      vertex -1.7931504547595978 -0.15688033401966095 0
      vertex -1.7999999970197678 0 3
    endloop
  endfacet
  facet normal 0.9990482218723951 -0.04361938071093761 0
    outer loop
      vertex -1.7931504547595978 0.15688033401966095 0
      vertex -1.7931504547595978 0.15688033401966095 3
      vertex -1.7999999970197678 0 0
    endloop
  endfacet
  facet normal 0.9990482218723951 -0.04361938071093761 0
    outer loop
      vertex -1.7999999970197678 0 3
      vertex -1.7999999970197678 0 0
      vertex -1.7931504547595978 0.15688033401966095 3
    endloop
  endfacet
  facet normal 0.9914448605738744 -0.13052619829616904 0
    outer loop
      vertex -1.772653952240944 0.31256671994924545 0
      vertex -1.772653952240944 0.31256671994924545 3
      vertex -1.7931504547595978 0.15688033401966095 0
    endloop
  endfacet
  facet normal 0.9914448605738744 -0.13052619829616904 0
    outer loop
      vertex -1.7931504547595978 0.15688033401966095 3
      vertex -1.7931504547595978 0.15688033401966095 0
      vertex -1.772653952240944 0.31256671994924545 3
    endloop
  endfacet
  facet normal 0.9762960155765967 -0.2164395757925558 0
    outer loop
      vertex -1.7386664897203445 0.4658742845058441 0
      vertex -1.7386664897203445 0.4658742845058441 3
      vertex -1.772653952240944 0.31256671994924545 0
    endloop
  endfacet
  facet normal 0.9762960155765967 -0.2164395757925558 0
    outer loop
      vertex -1.772653952240944 0.31256671994924545 3
      vertex -1.772653952240944 0.31256671994924545 0
      vertex -1.7386664897203445 0.4658742845058441 3
    endloop
  endfacet
  facet normal 0.9537169391712761 -0.3007058362216677 0
    outer loop
      vertex -1.691446714103222 0.6156362593173981 0
      vertex -1.691446714103222 0.6156362593173981 3
      vertex -1.7386664897203445 0.4658742845058441 0
    endloop
  endfacet
  facet normal 0.9537169391712761 -0.3007058362216677 0
    outer loop
      vertex -1.7386664897203445 0.4658742845058441 3
      vertex -1.7386664897203445 0.4658742845058441 0
      vertex -1.691446714103222 0.6156362593173981 3
    endloop
  endfacet
  facet normal 0.9238795425282427 -0.38268340818201807 0
    outer loop
      vertex -1.6313540190458298 0.7607128694653511 0
      vertex -1.6313540190458298 0.7607128694653511 3
      vertex -1.691446714103222 0.6156362593173981 0
    endloop
  endfacet
  facet normal 0.9238795425282427 -0.38268340818201807 0
    outer loop
      vertex -1.691446714103222 0.6156362593173981 3
      vertex -1.691446714103222 0.6156362593173981 0
      vertex -1.6313540190458298 0.7607128694653511 3
    endloop
  endfacet
  facet normal 0.8870108319692656 -0.4617486155574171 0
    outer loop
      vertex -1.558845728635788 0.8999999985098839 0
      vertex -1.558845728635788 0.8999999985098839 3
      vertex -1.6313540190458298 0.7607128694653511 0
    endloop
  endfacet
  facet normal 0.8870108319692656 -0.4617486155574171 0
    outer loop
      vertex -1.6313540190458298 0.7607128694653511 3
      vertex -1.6313540190458298 0.7607128694653511 0
      vertex -1.558845728635788 0.8999999985098839 3
    endloop
  endfacet
  facet normal 0.84339143684742 -0.5372996224197858 0
    outer loop
      vertex -1.4744736775755882 1.0324375852942467 0
      vertex -1.4744736775755882 1.0324375852942467 3
      vertex -1.558845728635788 0.8999999985098839 0
    endloop
  endfacet
  facet normal 0.84339143684742 -0.5372996224197858 0
    outer loop
      vertex -1.558845728635788 0.8999999985098839 3
      vertex -1.558845728635788 0.8999999985098839 0
      vertex -1.4744736775755882 1.0324375852942467 3
    endloop
  endfacet
  facet normal 0.7933533435043424 -0.6087614248213178 0
    outer loop
      vertex -1.3788799941539764 1.1570177003741264 0
      vertex -1.3788799941539764 1.1570177003741264 3
      vertex -1.4744736775755882 1.0324375852942467 0
    endloop
  endfacet
  facet normal 0.7933533435043424 -0.6087614248213178 0
    outer loop
      vertex -1.4744736775755882 1.0324375852942467 3
      vertex -1.4744736775755882 1.0324375852942467 0
      vertex -1.3788799941539764 1.1570177003741264 3
    endloop
  endfacet
  facet normal 0.7372773336450772 -0.6755902110697027 0
    outer loop
      vertex -1.2727922052145004 1.2727922052145004 0
      vertex -1.2727922052145004 1.2727922052145004 3
      vertex -1.3788799941539764 1.1570177003741264 0
    endloop
  endfacet
  facet normal 0.7372773336450772 -0.6755902110697027 0
    outer loop
      vertex -1.3788799941539764 1.1570177003741264 3
      vertex -1.3788799941539764 1.1570177003741264 0
      vertex -1.2727922052145004 1.2727922052145004 3
    endloop
  endfacet
  facet normal 0.6755902110697027 -0.7372773336450772 0
    outer loop
      vertex -1.1570177003741264 1.3788799941539764 0
      vertex -1.1570177003741264 1.3788799941539764 3
      vertex -1.2727922052145004 1.2727922052145004 0
    endloop
  endfacet
  facet normal 0.6755902110697027 -0.7372773336450772 0
    outer loop
      vertex -1.2727922052145004 1.2727922052145004 3
      vertex -1.2727922052145004 1.2727922052145004 0
      vertex -1.1570177003741264 1.3788799941539764 3
    endloop
  endfacet
  facet normal 0.6087614248213178 -0.7933533435043424 0
    outer loop
      vertex -1.0324375852942467 1.4744736775755882 0
      vertex -1.0324375852942467 1.4744736775755882 3
      vertex -1.1570177003741264 1.3788799941539764 0
    endloop
  endfacet
  facet normal 0.6087614248213178 -0.7933533435043424 0
    outer loop
      vertex -1.1570177003741264 1.3788799941539764 3
      vertex -1.1570177003741264 1.3788799941539764 0
      vertex -1.0324375852942467 1.4744736775755882 3
    endloop
  endfacet
  facet normal 0.5372996224197858 -0.84339143684742 0
    outer loop
      vertex -0.8999999985098839 1.558845728635788 0
      vertex -0.8999999985098839 1.558845728635788 3
      vertex -1.0324375852942467 1.4744736775755882 0
    endloop
  endfacet
  facet normal 0.5372996224197858 -0.84339143684742 0
    outer loop
      vertex -1.0324375852942467 1.4744736775755882 3
      vertex -1.0324375852942467 1.4744736775755882 0
      vertex -0.8999999985098839 1.558845728635788 3
    endloop
  endfacet
  facet normal 0.4617486155574171 -0.8870108319692656 0
    outer loop
      vertex -0.7607128694653511 1.6313540190458298 0
      vertex -0.7607128694653511 1.6313540190458298 3
      vertex -0.8999999985098839 1.558845728635788 0
    endloop
  endfacet
  facet normal 0.4617486155574171 -0.8870108319692656 0
    outer loop
      vertex -0.8999999985098839 1.558845728635788 3
      vertex -0.8999999985098839 1.558845728635788 0
      vertex -0.7607128694653511 1.6313540190458298 3
    endloop
  endfacet
  facet normal 0.38268340818201807 -0.9238795425282427 0
    outer loop
      vertex -0.6156362593173981 1.691446714103222 0
      vertex -0.6156362593173981 1.691446714103222 3
      vertex -0.7607128694653511 1.6313540190458298 0
    endloop
  endfacet
  facet normal 0.38268340818201807 -0.9238795425282427 0
    outer loop
      vertex -0.7607128694653511 1.6313540190458298 3
      vertex -0.7607128694653511 1.6313540190458298 0
      vertex -0.6156362593173981 1.691446714103222 3
    endloop
  endfacet
  facet normal 0.3007058362216677 -0.9537169391712761 0
    outer loop
      vertex -0.4658742845058441 1.7386664897203445 0
      vertex -0.4658742845058441 1.7386664897203445 3
      vertex -0.6156362593173981 1.691446714103222 0
    endloop
  endfacet
  facet normal 0.3007058362216677 -0.9537169391712761 0
    outer loop
      vertex -0.6156362593173981 1.691446714103222 3
      vertex -0.6156362593173981 1.691446714103222 0
      vertex -0.4658742845058441 1.7386664897203445 3
    endloop
  endfacet
  facet normal 0.2164395757925558 -0.9762960155765967 0
    outer loop
      vertex -0.31256671994924545 1.772653952240944 0
      vertex -0.31256671994924545 1.772653952240944 3
      vertex -0.4658742845058441 1.7386664897203445 0
    endloop
  endfacet
  facet normal 0.2164395757925558 -0.9762960155765967 0
    outer loop
      vertex -0.4658742845058441 1.7386664897203445 3
      vertex -0.4658742845058441 1.7386664897203445 0
      vertex -0.31256671994924545 1.772653952240944 3
    endloop
  endfacet
  facet normal 0.13052619829616904 -0.9914448605738744 0
    outer loop
      vertex -0.15688033401966095 1.7931504547595978 0
      vertex -0.15688033401966095 1.7931504547595978 3
      vertex -0.31256671994924545 1.772653952240944 0
    endloop
  endfacet
  facet normal 0.13052619829616904 -0.9914448605738744 0
    outer loop
      vertex -0.31256671994924545 1.772653952240944 3
      vertex -0.31256671994924545 1.772653952240944 0
      vertex -0.15688033401966095 1.7931504547595978 3
    endloop
  endfacet
  facet normal 0.04361938071093761 -0.9990482218723951 0
    outer loop
      vertex 0 1.7999999970197678 0
      vertex 0 1.7999999970197678 3
      vertex -0.15688033401966095 1.7931504547595978 0
    endloop
  endfacet
  facet normal 0.04361938071093761 -0.9990482218723951 0
    outer loop
      vertex -0.15688033401966095 1.7931504547595978 3
      vertex -0.15688033401966095 1.7931504547595978 0
      vertex 0 1.7999999970197678 3
    endloop
  endfacet
  facet normal -0.04361938071093761 -0.9990482218723951 0
    outer loop
      vertex 0.15688033401966095 1.7931504547595978 0
      vertex 0.15688033401966095 1.7931504547595978 3
      vertex 0 1.7999999970197678 0
    endloop
  endfacet
  facet normal -0.04361938071093761 -0.9990482218723951 0
    outer loop
      vertex 0 1.7999999970197678 3
      vertex 0 1.7999999970197678 0
      vertex 0.15688033401966095 1.7931504547595978 3
    endloop
  endfacet
  facet normal -0.13052619829616904 -0.9914448605738744 0
    outer loop
      vertex 0.31256671994924545 1.772653952240944 0
      vertex 0.31256671994924545 1.772653952240944 3
      vertex 0.15688033401966095 1.7931504547595978 0
    endloop
  endfacet
  facet normal -0.13052619829616904 -0.9914448605738744 0
    outer loop
      vertex 0.15688033401966095 1.7931504547595978 3
      vertex 0.15688033401966095 1.7931504547595978 0
      vertex 0.31256671994924545 1.772653952240944 3
    endloop
  endfacet
  facet normal -0.2164395757925558 -0.9762960155765967 0
    outer loop
      vertex 0.4658742845058441 1.7386664897203445 0
      vertex 0.4658742845058441 1.7386664897203445 3
      vertex 0.31256671994924545 1.772653952240944 0
    endloop
  endfacet
  facet normal -0.2164395757925558 -0.9762960155765967 0
    outer loop
      vertex 0.31256671994924545 1.772653952240944 3
      vertex 0.31256671994924545 1.772653952240944 0
      vertex 0.4658742845058441 1.7386664897203445 3
    endloop
  endfacet
  facet normal -0.3007058362216677 -0.9537169391712761 0
    outer loop
      vertex 0.6156362593173981 1.691446714103222 0
      vertex 0.6156362593173981 1.691446714103222 3
      vertex 0.4658742845058441 1.7386664897203445 0
    endloop
  endfacet
  facet normal -0.3007058362216677 -0.9537169391712761 0
    outer loop
      vertex 0.4658742845058441 1.7386664897203445 3
      vertex 0.4658742845058441 1.7386664897203445 0
      vertex 0.6156362593173981 1.691446714103222 3
    endloop
  endfacet
  facet normal -0.38268340818201807 -0.9238795425282427 0
    outer loop
      vertex 0.7607128694653511 1.6313540190458298 0
      vertex 0.7607128694653511 1.6313540190458298 3
      vertex 0.6156362593173981 1.691446714103222 0
    endloop
  endfacet
  facet normal -0.38268340818201807 -0.9238795425282427 0
    outer loop
      vertex 0.6156362593173981 1.691446714103222 3
      vertex 0.6156362593173981 1.691446714103222 0
      vertex 0.7607128694653511 1.6313540190458298 3
    endloop
  endfacet
  facet normal -0.4617486155574171 -0.8870108319692656 0
    outer loop
      vertex 0.8999999985098839 1.558845728635788 0
      vertex 0.8999999985098839 1.558845728635788 3
      vertex 0.7607128694653511 1.6313540190458298 0
    endloop
  endfacet
  facet normal -0.4617486155574171 -0.8870108319692656 0
    outer loop
      vertex 0.7607128694653511 1.6313540190458298 3
      vertex 0.7607128694653511 1.6313540190458298 0
      vertex 0.8999999985098839 1.558845728635788 3
    endloop
  endfacet
  facet normal -0.5372996224197858 -0.84339143684742 0
    outer loop
      vertex 1.0324375852942467 1.4744736775755882 0
      vertex 1.0324375852942467 1.4744736775755882 3
      vertex 0.8999999985098839 1.558845728635788 0
    endloop
  endfacet
  facet normal -0.5372996224197858 -0.84339143684742 0
    outer loop
      vertex 0.8999999985098839 1.558845728635788 3
      vertex 0.8999999985098839 1.558845728635788 0
      vertex 1.0324375852942467 1.4744736775755882 3
    endloop
  endfacet
  facet normal -0.6087614248213178 -0.7933533435043424 0
    outer loop
      vertex 1.1570177003741264 1.3788799941539764 0
      vertex 1.1570177003741264 1.3788799941539764 3
      vertex 1.0324375852942467 1.4744736775755882 0
    endloop
  endfacet
  facet normal -0.6087614248213178 -0.7933533435043424 0
    outer loop
      vertex 1.0324375852942467 1.4744736775755882 3
      vertex 1.0324375852942467 1.4744736775755882 0
      vertex 1.1570177003741264 1.3788799941539764 3
    endloop
  endfacet
  facet normal -0.6755902110697027 -0.7372773336450772 0
    outer loop
      vertex 1.2727922052145004 1.2727922052145004 0
      vertex 1.2727922052145004 1.2727922052145004 3
      vertex 1.1570177003741264 1.3788799941539764 0
    endloop
  endfacet
  facet normal -0.6755902110697027 -0.7372773336450772 0
    outer loop
      vertex 1.1570177003741264 1.3788799941539764 3
      vertex 1.1570177003741264 1.3788799941539764 0
      vertex 1.2727922052145004 1.2727922052145004 3
    endloop
  endfacet
  facet normal -0.7372773336450772 -0.6755902110697027 0
    outer loop
      vertex 1.3788799941539764 1.1570177003741264 0
      vertex 1.3788799941539764 1.1570177003741264 3
      vertex 1.2727922052145004 1.2727922052145004 0
    endloop
  endfacet
  facet normal -0.7372773336450772 -0.6755902110697027 0
    outer loop
      vertex 1.2727922052145004 1.2727922052145004 3
      vertex 1.2727922052145004 1.2727922052145004 0
      vertex 1.3788799941539764 1.1570177003741264 3
    endloop
  endfacet
  facet normal -0.7933533435043424 -0.6087614248213178 0
    outer loop
      vertex 1.4744736775755882 1.0324375852942467 0
      vertex 1.4744736775755882 1.0324375852942467 3
      vertex 1.3788799941539764 1.1570177003741264 0
    endloop
  endfacet
  facet normal -0.7933533435043424 -0.6087614248213178 0
    outer loop
      vertex 1.3788799941539764 1.1570177003741264 3
      vertex 1.3788799941539764 1.1570177003741264 0
      vertex 1.4744736775755882 1.0324375852942467 3
    endloop
  endfacet
  facet normal -0.84339143684742 -0.5372996224197858 0
    outer loop
      vertex 1.558845728635788 0.8999999985098839 0
      vertex 1.558845728635788 0.8999999985098839 3
      vertex 1.4744736775755882 1.0324375852942467 0
    endloop
  endfacet
  facet normal -0.84339143684742 -0.5372996224197858 0
    outer loop
      vertex 1.4744736775755882 1.0324375852942467 3
      vertex 1.4744736775755882 1.0324375852942467 0
      vertex 1.558845728635788 0.8999999985098839 3
    endloop
  endfacet
  facet normal -0.8870108319692656 -0.4617486155574171 0
    outer loop
      vertex 1.6313540190458298 0.7607128694653511 0
      vertex 1.6313540190458298 0.7607128694653511 3
      vertex 1.558845728635788 0.8999999985098839 0
    endloop
  endfacet
  facet normal -0.8870108319692656 -0.4617486155574171 0
    outer loop
      vertex 1.558845728635788 0.8999999985098839 3
      vertex 1.558845728635788 0.8999999985098839 0
      vertex 1.6313540190458298 0.7607128694653511 3
    endloop
  endfacet
  facet normal -0.9238795425282427 -0.38268340818201807 0
    outer loop
      vertex 1.691446714103222 0.6156362593173981 0
      vertex 1.691446714103222 0.6156362593173981 3
      vertex 1.6313540190458298 0.7607128694653511 0
    endloop
  endfacet
  facet normal -0.9238795425282427 -0.38268340818201807 0
    outer loop
      vertex 1.6313540190458298 0.7607128694653511 3
      vertex 1.6313540190458298 0.7607128694653511 0
      vertex 1.691446714103222 0.6156362593173981 3
    endloop
  endfacet
  facet normal -0.9537169391712761 -0.3007058362216677 0
    outer loop
      vertex 1.7386664897203445 0.4658742845058441 0
      vertex 1.7386664897203445 0.4658742845058441 3
      vertex 1.691446714103222 0.6156362593173981 0
    endloop
  endfacet
  facet normal -0.9537169391712761 -0.3007058362216677 0
    outer loop
      vertex 1.691446714103222 0.6156362593173981 3
      vertex 1.691446714103222 0.6156362593173981 0
      vertex 1.7386664897203445 0.4658742845058441 3
    endloop
  endfacet
  facet normal -0.9762960155765967 -0.2164395757925558 0
    outer loop
      vertex 1.772653952240944 0.31256671994924545 0
      vertex 1.772653952240944 0.31256671994924545 3
      vertex 1.7386664897203445 0.4658742845058441 0
    endloop
  endfacet
  facet normal -0.9762960155765967 -0.2164395757925558 0
    outer loop
      vertex 1.7386664897203445 0.4658742845058441 3
      vertex 1.7386664897203445 0.4658742845058441 0
      vertex 1.772653952240944 0.31256671994924545 3
    endloop
  endfacet
  facet normal -0.9914448605738744 -0.13052619829616904 0
    outer loop
      vertex 1.7931504547595978 0.15688033401966095 0
      vertex 1.7931504547595978 0.15688033401966095 3
      vertex 1.772653952240944 0.31256671994924545 0
    endloop
  endfacet
  facet normal -0.9914448605738744 -0.13052619829616904 0
    outer loop
      vertex 1.772653952240944 0.31256671994924545 3
      vertex 1.772653952240944 0.31256671994924545 0
      vertex 1.7931504547595978 0.15688033401966095 3
    endloop
  endfacet
  facet normal -0.9990482218723951 -0.04361938071093761 0
    outer loop
      vertex 1.7999999970197678 0 0
      vertex 1.7999999970197678 0 3
      vertex 1.7931504547595978 0.15688033401966095 0
    endloop
  endfacet
  facet normal -0.9990482218723951 -0.04361938071093761 0
    outer loop
      vertex 1.7931504547595978 0.15688033401966095 3
      vertex 1.7931504547595978 0.15688033401966095 0
      vertex 1.7999999970197678 0 3
    endloop
  endfacet
  facet normal -0.9990482218723951 0.04361938071093761 0
    outer loop
      vertex 1.7931504547595978 -0.15688033401966095 0
      vertex 1.7931504547595978 -0.15688033401966095 3
      vertex 1.7999999970197678 0 0
    endloop
  endfacet
  facet normal -0.9990482218723951 0.04361938071093761 0
    outer loop
      vertex 1.7999999970197678 0 3
      vertex 1.7999999970197678 0 0
      vertex 1.7931504547595978 -0.15688033401966095 3
    endloop
  endfacet
  facet normal -0.9914448605738744 0.13052619829616904 0
    outer loop
      vertex 1.772653952240944 -0.31256671994924545 0
      vertex 1.772653952240944 -0.31256671994924545 3
      vertex 1.7931504547595978 -0.15688033401966095 0
    endloop
  endfacet
  facet normal -0.9914448605738744 0.13052619829616904 0
    outer loop
      vertex 1.7931504547595978 -0.15688033401966095 3
      vertex 1.7931504547595978 -0.15688033401966095 0
      vertex 1.772653952240944 -0.31256671994924545 3
    endloop
  endfacet
  facet normal -0.9762960155765967 0.2164395757925558 0
    outer loop
      vertex 1.7386664897203445 -0.4658742845058441 0
      vertex 1.7386664897203445 -0.4658742845058441 3
      vertex 1.772653952240944 -0.31256671994924545 0
    endloop
  endfacet
  facet normal -0.9762960155765967 0.2164395757925558 0
    outer loop
      vertex 1.772653952240944 -0.31256671994924545 3
      vertex 1.772653952240944 -0.31256671994924545 0
      vertex 1.7386664897203445 -0.4658742845058441 3
    endloop
  endfacet
  facet normal -0.9537169391712761 0.3007058362216677 0
    outer loop
      vertex 1.691446714103222 -0.6156362593173981 0
      vertex 1.691446714103222 -0.6156362593173981 3
      vertex 1.7386664897203445 -0.4658742845058441 0
    endloop
  endfacet
  facet normal -0.9537169391712761 0.3007058362216677 0
    outer loop
      vertex 1.7386664897203445 -0.4658742845058441 3
      vertex 1.7386664897203445 -0.4658742845058441 0
      vertex 1.691446714103222 -0.6156362593173981 3
    endloop
  endfacet
  facet normal -0.9238795425282427 0.38268340818201807 0
    outer loop
      vertex 1.6313540190458298 -0.7607128694653511 0
      vertex 1.6313540190458298 -0.7607128694653511 3
      vertex 1.691446714103222 -0.6156362593173981 0
    endloop
  endfacet
  facet normal -0.9238795425282427 0.38268340818201807 0
    outer loop
      vertex 1.691446714103222 -0.6156362593173981 3
      vertex 1.691446714103222 -0.6156362593173981 0
      vertex 1.6313540190458298 -0.7607128694653511 3
    endloop
  endfacet
  facet normal -0.8870108319692656 0.4617486155574171 0
    outer loop
      vertex 1.558845728635788 -0.8999999985098839 0
      vertex 1.558845728635788 -0.8999999985098839 3
      vertex 1.6313540190458298 -0.7607128694653511 0
    endloop
  endfacet
  facet normal -0.8870108319692656 0.4617486155574171 0
    outer loop
      vertex 1.6313540190458298 -0.7607128694653511 3
      vertex 1.6313540190458298 -0.7607128694653511 0
      vertex 1.558845728635788 -0.8999999985098839 3
    endloop
  endfacet
  facet normal -0.84339143684742 0.5372996224197858 0
    outer loop
      vertex 1.4744736775755882 -1.0324375852942467 0
      vertex 1.4744736775755882 -1.0324375852942467 3
      vertex 1.558845728635788 -0.8999999985098839 0
    endloop
  endfacet
  facet normal -0.84339143684742 0.5372996224197858 0
    outer loop
      vertex 1.558845728635788 -0.8999999985098839 3
      vertex 1.558845728635788 -0.8999999985098839 0
      vertex 1.4744736775755882 -1.0324375852942467 3
    endloop
  endfacet
  facet normal -0.7933533435043424 0.6087614248213178 0
    outer loop
      vertex 1.3788799941539764 -1.1570177003741264 0
      vertex 1.3788799941539764 -1.1570177003741264 3
      vertex 1.4744736775755882 -1.0324375852942467 0
    endloop
  endfacet
  facet normal -0.7933533435043424 0.6087614248213178 0
    outer loop
      vertex 1.4744736775755882 -1.0324375852942467 3
      vertex 1.4744736775755882 -1.0324375852942467 0
      vertex 1.3788799941539764 -1.1570177003741264 3
    endloop
  endfacet
  facet normal -0.7372773336450772 0.6755902110697027 0
    outer loop
      vertex 1.2727922052145004 -1.2727922052145004 0
      vertex 1.2727922052145004 -1.2727922052145004 3
      vertex 1.3788799941539764 -1.1570177003741264 0
    endloop
  endfacet
  facet normal -0.7372773336450772 0.6755902110697027 0
    outer loop
      vertex 1.3788799941539764 -1.1570177003741264 3
      vertex 1.3788799941539764 -1.1570177003741264 0
      vertex 1.2727922052145004 -1.2727922052145004 3
    endloop
  endfacet
  facet normal -0.6755902110697027 0.7372773336450772 0
    outer loop
      vertex 1.1570177003741264 -1.3788799941539764 0
      vertex 1.1570177003741264 -1.3788799941539764 3
      vertex 1.2727922052145004 -1.2727922052145004 0
    endloop
  endfacet
  facet normal -0.6755902110697027 0.7372773336450772 0
    outer loop
      vertex 1.2727922052145004 -1.2727922052145004 3
      vertex 1.2727922052145004 -1.2727922052145004 0
      vertex 1.1570177003741264 -1.3788799941539764 3
    endloop
  endfacet
  facet normal -0.6087614248213178 0.7933533435043424 0
    outer loop
      vertex 1.0324375852942467 -1.4744736775755882 0
      vertex 1.0324375852942467 -1.4744736775755882 3
      vertex 1.1570177003741264 -1.3788799941539764 0
    endloop
  endfacet
  facet normal -0.6087614248213178 0.7933533435043424 0
    outer loop
      vertex 1.1570177003741264 -1.3788799941539764 3
      vertex 1.1570177003741264 -1.3788799941539764 0
      vertex 1.0324375852942467 -1.4744736775755882 3
    endloop
  endfacet
  facet normal -0.5372996224197858 0.84339143684742 0
    outer loop
      vertex 0.8999999985098839 -1.558845728635788 0
      vertex 0.8999999985098839 -1.558845728635788 3
      vertex 1.0324375852942467 -1.4744736775755882 0
    endloop
  endfacet
  facet normal -0.5372996224197858 0.84339143684742 0
    outer loop
      vertex 1.0324375852942467 -1.4744736775755882 3
      vertex 1.0324375852942467 -1.4744736775755882 0
      vertex 0.8999999985098839 -1.558845728635788 3
    endloop
  endfacet
  facet normal -0.4617486155574171 0.8870108319692656 0
    outer loop
      vertex 0.7607128694653511 -1.6313540190458298 0
      vertex 0.7607128694653511 -1.6313540190458298 3
      vertex 0.8999999985098839 -1.558845728635788 0
    endloop
  endfacet
  facet normal -0.4617486155574171 0.8870108319692656 0
    outer loop
      vertex 0.8999999985098839 -1.558845728635788 3
      vertex 0.8999999985098839 -1.558845728635788 0
      vertex 0.7607128694653511 -1.6313540190458298 3
    endloop
  endfacet
  facet normal -0.38268340818201807 0.9238795425282427 0
    outer loop
      vertex 0.6156362593173981 -1.691446714103222 0
      vertex 0.6156362593173981 -1.691446714103222 3
      vertex 0.7607128694653511 -1.6313540190458298 0
    endloop
  endfacet
  facet normal -0.38268340818201807 0.9238795425282427 0
    outer loop
      vertex 0.7607128694653511 -1.6313540190458298 3
      vertex 0.7607128694653511 -1.6313540190458298 0
      vertex 0.6156362593173981 -1.691446714103222 3
    endloop
  endfacet
  facet normal -0.3007058362216677 0.9537169391712761 0
    outer loop
      vertex 0.4658742845058441 -1.7386664897203445 0
      vertex 0.4658742845058441 -1.7386664897203445 3
      vertex 0.6156362593173981 -1.691446714103222 0
    endloop
  endfacet
  facet normal -0.3007058362216677 0.9537169391712761 0
    outer loop
      vertex 0.6156362593173981 -1.691446714103222 3
      vertex 0.6156362593173981 -1.691446714103222 0
      vertex 0.4658742845058441 -1.7386664897203445 3
    endloop
  endfacet
  facet normal -0.2164395757925558 0.9762960155765967 0
    outer loop
      vertex 0.31256671994924545 -1.772653952240944 0
      vertex 0.31256671994924545 -1.772653952240944 3
      vertex 0.4658742845058441 -1.7386664897203445 0
    endloop
  endfacet
  facet normal -0.2164395757925558 0.9762960155765967 0
    outer loop
      vertex 0.4658742845058441 -1.7386664897203445 3
      vertex 0.4658742845058441 -1.7386664897203445 0
      vertex 0.31256671994924545 -1.772653952240944 3
    endloop
  endfacet
  facet normal -0.13052619829616904 0.9914448605738744 0
    outer loop
      vertex 0.15688033401966095 -1.7931504547595978 0
      vertex 0.15688033401966095 -1.7931504547595978 3
      vertex 0.31256671994924545 -1.772653952240944 0
    endloop
  endfacet
  facet normal -0.13052619829616904 0.9914448605738744 0
    outer loop
      vertex 0.31256671994924545 -1.772653952240944 3
      vertex 0.31256671994924545 -1.772653952240944 0
      vertex 0.15688033401966095 -1.7931504547595978 3
    endloop
  endfacet
  facet normal -0.04361938071093761 0.9990482218723951 0
    outer loop
      vertex 0 -1.7999999970197678 0
      vertex 0 -1.7999999970197678 3
      vertex 0.15688033401966095 -1.7931504547595978 0
    endloop
  endfacet
  facet normal -0.04361938071093761 0.9990482218723951 0
    outer loop
      vertex 0.15688033401966095 -1.7931504547595978 3
      vertex 0.15688033401966095 -1.7931504547595978 0
      vertex 0 -1.7999999970197678 3
    endloop
  endfacet
  facet normal 0.04361938071093761 0.9990482218723951 0
    outer loop
      vertex -0.15688033401966095 -1.7931504547595978 0
      vertex -0.15688033401966095 -1.7931504547595978 3
      vertex 0 -1.7999999970197678 0
    endloop
  endfacet
  facet normal 0.04361938071093761 0.9990482218723951 0
    outer loop
      vertex 0 -1.7999999970197678 3
      vertex 0 -1.7999999970197678 0
      vertex -0.15688033401966095 -1.7931504547595978 3
    endloop
  endfacet
  facet normal 0 0 1
    outer loop
      vertex 3.4866814464330673 -0.30504509806632996 3
      vertex 3.5 0 3
      vertex 1.7999999970197678 0 3
    endloop
  endfacet
  facet normal 0 0 1
    outer loop
      vertex 3.4866814464330673 -0.30504509806632996 3
      vertex 1.7999999970197678 0 3
      vertex 1.7931504547595978 -0.15688033401966095 3
    endloop
  endfacet
  facet normal 0 0 1
    outer loop
      vertex 3.4468271359801292 -0.6077686250209808 3
      vertex 3.4866814464330673 -0.30504509806632996 3
      vertex 1.7931504547595978 -0.15688033401966095 3
    endloop
  endfacet
  facet normal 0 0 1
    outer loop
      vertex 3.4468271359801292 -0.6077686250209808 3
      vertex 1.7931504547595978 -0.15688033401966095 3
      vertex 1.772653952240944 -0.31256671994924545 3
    endloop
  endfacet
  facet normal 0 0 1
    outer loop
      vertex 1.7999999970197678 0 3
      vertex 3.5 0 3
      vertex 3.4866814464330673 0.30504509806632996 3
    endloop
  endfacet
  facet normal 0 0 1
    outer loop
      vertex 1.7931504547595978 0.15688033401966095 3
      vertex 1.7999999970197678 0 3
      vertex 3.4866814464330673 0.30504509806632996 3
    endloop
  endfacet
  facet normal 0 0 1
    outer loop
      vertex 1.7931504547595978 0.15688033401966095 3
      vertex 3.4866814464330673 0.30504509806632996 3
      vertex 3.4468271359801292 0.6077686250209808 3
    endloop
  endfacet
  facet normal 0 0 1
    outer loop
      vertex 1.772653952240944 0.31256671994924545 3
      vertex 1.7931504547595978 0.15688033401966095 3
      vertex 3.4468271359801292 0.6077686250209808 3
    endloop
  endfacet
  facet normal 0 0 1
    outer loop
      vertex 3.380740389227867 -0.9058666601777077 3
      vertex 3.4468271359801292 -0.6077686250209808 3
      vertex 1.772653952240944 -0.31256671994924545 3
    endloop
  endfacet
  facet normal 0 0 1
    outer loop
      vertex 3.380740389227867 -0.9058666601777077 3
      vertex 1.772653952240944 -0.31256671994924545 3
      vertex 1.7386664897203445 -0.4658742845058441 3
    endloop
  endfacet
  facet normal 0 0 1
    outer loop
      vertex 3.2889241725206375 -1.1970705017447472 3
      vertex 3.380740389227867 -0.9058666601777077 3
      vertex 1.7386664897203445 -0.4658742845058441 3
    endloop
  endfacet
  facet normal 0 0 1
    outer loop
      vertex 3.2889241725206375 -1.1970705017447472 3
      vertex 1.7386664897203445 -0.4658742845058441 3
      vertex 1.691446714103222 -0.6156362593173981 3
    endloop
  endfacet
  facet normal 0 0 1
    outer loop
      vertex 3.172077253460884 -1.4791639149188995 3
      vertex 3.2889241725206375 -1.1970705017447472 3
      vertex 1.691446714103222 -0.6156362593173981 3
    endloop
  endfacet
  facet normal 0 0 1
    outer loop
      vertex 3.172077253460884 -1.4791639149188995 3
      vertex 1.691446714103222 -0.6156362593173981 3
      vertex 1.6313540190458298 -0.7607128694653511 3
    endloop
  endfacet
  facet normal 0 0 1
    outer loop
      vertex 3.031088910996914 -1.75 3
      vertex 3.172077253460884 -1.4791639149188995 3
      vertex 1.6313540190458298 -0.7607128694653511 3
    endloop
  endfacet
  facet normal 0 0 1
    outer loop
      vertex 3.031088910996914 -1.75 3
      vertex 1.6313540190458298 -0.7607128694653511 3
      vertex 1.558845728635788 -0.8999999985098839 3
    endloop
  endfacet
  facet normal 0 0 1
    outer loop
      vertex 2.867032155394554 -2.007517524063587 3
      vertex 3.031088910996914 -1.75 3
      vertex 1.558845728635788 -0.8999999985098839 3
    endloop
  endfacet
  facet normal 0 0 1
    outer loop
      vertex 2.867032155394554 -2.007517524063587 3
      vertex 1.558845728635788 -0.8999999985098839 3
      vertex 1.4744736775755882 -1.0324375852942467 3
    endloop
  endfacet
  facet normal 0 0 1
    outer loop
      vertex 2.6811555474996567 -2.249756634235382 3
      vertex 2.867032155394554 -2.007517524063587 3
      vertex 1.4744736775755882 -1.0324375852942467 3
    endloop
  endfacet
  facet normal 0 0 1
    outer loop
      vertex 2.6811555474996567 -2.249756634235382 3
      vertex 1.4744736775755882 -1.0324375852942467 3
      vertex 1.3788799941539764 -1.1570177003741264 3
    endloop
  endfacet
  facet normal 0 0 1
    outer loop
      vertex 2.47487373650074 -2.47487373650074 3
      vertex 2.6811555474996567 -2.249756634235382 3
      vertex 1.3788799941539764 -1.1570177003741264 3
    endloop
  endfacet
  facet normal 0 0 1
    outer loop
      vertex 2.47487373650074 -2.47487373650074 3
      vertex 1.3788799941539764 -1.1570177003741264 3
      vertex 1.2727922052145004 -1.2727922052145004 3
    endloop
  endfacet
  facet normal 0 0 1
    outer loop
      vertex 2.249756634235382 -2.6811555474996567 3
      vertex 2.47487373650074 -2.47487373650074 3
      vertex 1.2727922052145004 -1.2727922052145004 3
    endloop
  endfacet
  facet normal 0 0 1
    outer loop
      vertex 2.249756634235382 -2.6811555474996567 3
      vertex 1.2727922052145004 -1.2727922052145004 3
      vertex 1.1570177003741264 -1.3788799941539764 3
    endloop
  endfacet
  facet normal 0 0 1
    outer loop
      vertex 2.007517524063587 -2.867032155394554 3
      vertex 2.249756634235382 -2.6811555474996567 3
      vertex 1.1570177003741264 -1.3788799941539764 3
    endloop
  endfacet
  facet normal 0 0 1
    outer loop
      vertex 2.007517524063587 -2.867032155394554 3
      vertex 1.1570177003741264 -1.3788799941539764 3
      vertex 1.0324375852942467 -1.4744736775755882 3
    endloop
  endfacet
  facet normal 0 0 1
    outer loop
      vertex 1.75 -3.031088910996914 3
      vertex 2.007517524063587 -2.867032155394554 3
      vertex 1.0324375852942467 -1.4744736775755882 3
    endloop
  endfacet
  facet normal 0 0 1
    outer loop
      vertex 1.75 -3.031088910996914 3
      vertex 1.0324375852942467 -1.4744736775755882 3
      vertex 0.8999999985098839 -1.558845728635788 3
    endloop
  endfacet
  facet normal 0 0 1
    outer loop
      vertex 1.4791639149188995 -3.172077253460884 3
      vertex 1.75 -3.031088910996914 3
      vertex 0.8999999985098839 -1.558845728635788 3
    endloop
  endfacet
  facet normal 0 0 1
    outer loop
      vertex 1.4791639149188995 -3.172077253460884 3
      vertex 0.8999999985098839 -1.558845728635788 3
      vertex 0.7607128694653511 -1.6313540190458298 3
    endloop
  endfacet
  facet normal 0 0 1
    outer loop
      vertex 1.1970705017447472 -3.2889241725206375 3
      vertex 1.4791639149188995 -3.172077253460884 3
      vertex 0.7607128694653511 -1.6313540190458298 3
    endloop
  endfacet
  facet normal 0 0 1
    outer loop
      vertex 1.1970705017447472 -3.2889241725206375 3
      vertex 0.7607128694653511 -1.6313540190458298 3
      vertex 0.6156362593173981 -1.691446714103222 3
    endloop
  endfacet
  facet normal 0 0 1
    outer loop
      vertex 0.9058666601777077 -3.380740389227867 3
      vertex 1.1970705017447472 -3.2889241725206375 3
      vertex 0.6156362593173981 -1.691446714103222 3
    endloop
  endfacet
  facet normal 0 0 1
    outer loop
      vertex 0.9058666601777077 -3.380740389227867 3
      vertex 0.6156362593173981 -1.691446714103222 3
      vertex 0.4658742845058441 -1.7386664897203445 3
    endloop
  endfacet
  facet normal 0 0 1
    outer loop
      vertex 0.6077686250209808 -3.4468271359801292 3
      vertex 0.9058666601777077 -3.380740389227867 3
      vertex 0.4658742845058441 -1.7386664897203445 3
    endloop
  endfacet
  facet normal 0 0 1
    outer loop
      vertex 0.6077686250209808 -3.4468271359801292 3
      vertex 0.4658742845058441 -1.7386664897203445 3
      vertex 0.31256671994924545 -1.772653952240944 3
    endloop
  endfacet
  facet normal 0 0 1
    outer loop
      vertex 0.30504509806632996 -3.4866814464330673 3
      vertex 0.6077686250209808 -3.4468271359801292 3
      vertex 0.31256671994924545 -1.772653952240944 3
    endloop
  endfacet
  facet normal 0 0 1
    outer loop
      vertex 0.30504509806632996 -3.4866814464330673 3
      vertex 0.31256671994924545 -1.772653952240944 3
      vertex 0.15688033401966095 -1.7931504547595978 3
    endloop
  endfacet
  facet normal 0 0 1
    outer loop
      vertex 0 -3.5 3
      vertex 0.30504509806632996 -3.4866814464330673 3
      vertex 0.15688033401966095 -1.7931504547595978 3
    endloop
  endfacet
  facet normal 0 0 1
    outer loop
      vertex 0 -3.5 3
      vertex 0.15688033401966095 -1.7931504547595978 3
      vertex 0 -1.7999999970197678 3
    endloop
  endfacet
  facet normal 0 0 1
    outer loop
      vertex -0.30504509806632996 -3.4866814464330673 3
      vertex 0 -3.5 3
      vertex 0 -1.7999999970197678 3
    endloop
  endfacet
  facet normal 0 0 1
    outer loop
      vertex -0.30504509806632996 -3.4866814464330673 3
      vertex 0 -1.7999999970197678 3
      vertex -0.15688033401966095 -1.7931504547595978 3
    endloop
  endfacet
  facet normal 0 0 1
    outer loop
      vertex -0.6077686250209808 -3.4468271359801292 3
      vertex -0.30504509806632996 -3.4866814464330673 3
      vertex -0.15688033401966095 -1.7931504547595978 3
    endloop
  endfacet
  facet normal 0 0 1
    outer loop
      vertex -0.6077686250209808 -3.4468271359801292 3
      vertex -0.15688033401966095 -1.7931504547595978 3
      vertex -0.31256671994924545 -1.772653952240944 3
    endloop
  endfacet
  facet normal 0 0 1
    outer loop
      vertex 1.772653952240944 0.31256671994924545 3
      vertex 3.4468271359801292 0.6077686250209808 3
      vertex 3.380740389227867 0.9058666601777077 3
    endloop
  endfacet
  facet normal 0 0 1
    outer loop
      vertex 1.7386664897203445 0.4658742845058441 3
      vertex 1.772653952240944 0.31256671994924545 3
      vertex 3.380740389227867 0.9058666601777077 3
    endloop
  endfacet
  facet normal 0 0 1
    outer loop
      vertex 1.7386664897203445 0.4658742845058441 3
      vertex 3.380740389227867 0.9058666601777077 3
      vertex 3.2889241725206375 1.1970705017447472 3
    endloop
  endfacet
  facet normal 0 0 1
    outer loop
      vertex 1.691446714103222 0.6156362593173981 3
      vertex 1.7386664897203445 0.4658742845058441 3
      vertex 3.2889241725206375 1.1970705017447472 3
    endloop
  endfacet
  facet normal 0 0 1
    outer loop
      vertex 1.691446714103222 0.6156362593173981 3
      vertex 3.2889241725206375 1.1970705017447472 3
      vertex 3.172077253460884 1.4791639149188995 3
    endloop
  endfacet
  facet normal 0 0 1
    outer loop
      vertex 1.6313540190458298 0.7607128694653511 3
      vertex 1.691446714103222 0.6156362593173981 3
      vertex 3.172077253460884 1.4791639149188995 3
    endloop
  endfacet
  facet normal 0 0 1
    outer loop
      vertex 1.6313540190458298 0.7607128694653511 3
      vertex 3.172077253460884 1.4791639149188995 3
      vertex 3.031088910996914 1.75 3
    endloop
  endfacet
  facet normal 0 0 1
    outer loop
      vertex 1.558845728635788 0.8999999985098839 3
      vertex 1.6313540190458298 0.7607128694653511 3
      vertex 3.031088910996914 1.75 3
    endloop
  endfacet
  facet normal 0 0 1
    outer loop
      vertex 1.558845728635788 0.8999999985098839 3
      vertex 3.031088910996914 1.75 3
      vertex 2.867032155394554 2.007517524063587 3
    endloop
  endfacet
  facet normal 0 0 1
    outer loop
      vertex 1.4744736775755882 1.0324375852942467 3
      vertex 1.558845728635788 0.8999999985098839 3
      vertex 2.867032155394554 2.007517524063587 3
    endloop
  endfacet
  facet normal 0 0 1
    outer loop
      vertex 1.4744736775755882 1.0324375852942467 3
      vertex 2.867032155394554 2.007517524063587 3
      vertex 2.6811555474996567 2.249756634235382 3
    endloop
  endfacet
  facet normal 0 0 1
    outer loop
      vertex 1.3788799941539764 1.1570177003741264 3
      vertex 1.4744736775755882 1.0324375852942467 3
      vertex 2.6811555474996567 2.249756634235382 3
    endloop
  endfacet
  facet normal 0 0 1
    outer loop
      vertex 1.3788799941539764 1.1570177003741264 3
      vertex 2.6811555474996567 2.249756634235382 3
      vertex 2.47487373650074 2.47487373650074 3
    endloop
  endfacet
  facet normal 0 0 1
    outer loop
      vertex 1.2727922052145004 1.2727922052145004 3
      vertex 1.3788799941539764 1.1570177003741264 3
      vertex 2.47487373650074 2.47487373650074 3
    endloop
  endfacet
  facet normal 0 0 1
    outer loop
      vertex 1.2727922052145004 1.2727922052145004 3
      vertex 2.47487373650074 2.47487373650074 3
      vertex 2.249756634235382 2.6811555474996567 3
    endloop
  endfacet
  facet normal 0 0 1
    outer loop
      vertex 1.1570177003741264 1.3788799941539764 3
      vertex 1.2727922052145004 1.2727922052145004 3
      vertex 2.249756634235382 2.6811555474996567 3
    endloop
  endfacet
  facet normal 0 0 1
    outer loop
      vertex 1.1570177003741264 1.3788799941539764 3
      vertex 2.249756634235382 2.6811555474996567 3
      vertex 2.007517524063587 2.867032155394554 3
    endloop
  endfacet
  facet normal 0 0 1
    outer loop
      vertex 1.0324375852942467 1.4744736775755882 3
      vertex 1.1570177003741264 1.3788799941539764 3
      vertex 2.007517524063587 2.867032155394554 3
    endloop
  endfacet
  facet normal 0 0 1
    outer loop
      vertex 1.0324375852942467 1.4744736775755882 3
      vertex 2.007517524063587 2.867032155394554 3
      vertex 1.75 3.031088910996914 3
    endloop
  endfacet
  facet normal 0 0 1
    outer loop
      vertex 0.8999999985098839 1.558845728635788 3
      vertex 1.0324375852942467 1.4744736775755882 3
      vertex 1.75 3.031088910996914 3
    endloop
  endfacet
  facet normal 0 0 1
    outer loop
      vertex 0.8999999985098839 1.558845728635788 3
      vertex 1.75 3.031088910996914 3
      vertex 1.4791639149188995 3.172077253460884 3
    endloop
  endfacet
  facet normal 0 0 1
    outer loop
      vertex 0.7607128694653511 1.6313540190458298 3
      vertex 0.8999999985098839 1.558845728635788 3
      vertex 1.4791639149188995 3.172077253460884 3
    endloop
  endfacet
  facet normal 0 0 1
    outer loop
      vertex 0.7607128694653511 1.6313540190458298 3
      vertex 1.4791639149188995 3.172077253460884 3
      vertex 1.1970705017447472 3.2889241725206375 3
    endloop
  endfacet
  facet normal 0 0 1
    outer loop
      vertex 0.6156362593173981 1.691446714103222 3
      vertex 0.7607128694653511 1.6313540190458298 3
      vertex 1.1970705017447472 3.2889241725206375 3
    endloop
  endfacet
  facet normal 0 0 1
    outer loop
      vertex 0.6156362593173981 1.691446714103222 3
      vertex 1.1970705017447472 3.2889241725206375 3
      vertex 0.9058666601777077 3.380740389227867 3
    endloop
  endfacet
  facet normal 0 0 1
    outer loop
      vertex 0.4658742845058441 1.7386664897203445 3
      vertex 0.6156362593173981 1.691446714103222 3
      vertex 0.9058666601777077 3.380740389227867 3
    endloop
  endfacet
  facet normal 0 0 1
    outer loop
      vertex 0.4658742845058441 1.7386664897203445 3
      vertex 0.9058666601777077 3.380740389227867 3
      vertex 0.6077686250209808 3.4468271359801292 3
    endloop
  endfacet
  facet normal 0 0 1
    outer loop
      vertex 0.31256671994924545 1.772653952240944 3
      vertex 0.4658742845058441 1.7386664897203445 3
      vertex 0.6077686250209808 3.4468271359801292 3
    endloop
  endfacet
  facet normal 0 0 1
    outer loop
      vertex 0.31256671994924545 1.772653952240944 3
      vertex 0.6077686250209808 3.4468271359801292 3
      vertex 0.30504509806632996 3.4866814464330673 3
    endloop
  endfacet
  facet normal 0 0 1
    outer loop
      vertex 0.15688033401966095 1.7931504547595978 3
      vertex 0.31256671994924545 1.772653952240944 3
      vertex 0.30504509806632996 3.4866814464330673 3
    endloop
  endfacet
  facet normal 0 0 1
    outer loop
      vertex 0.15688033401966095 1.7931504547595978 3
      vertex 0.30504509806632996 3.4866814464330673 3
      vertex 0 3.5 3
    endloop
  endfacet
  facet normal 0 0 1
    outer loop
      vertex 0 1.7999999970197678 3
      vertex 0.15688033401966095 1.7931504547595978 3
      vertex 0 3.5 3
    endloop
  endfacet
  facet normal 0 0 1
    outer loop
      vertex 0 1.7999999970197678 3
      vertex 0 3.5 3
      vertex -0.30504509806632996 3.4866814464330673 3
    endloop
  endfacet
  facet normal 0 0 1
    outer loop
      vertex -0.15688033401966095 1.7931504547595978 3
      vertex 0 1.7999999970197678 3
      vertex -0.30504509806632996 3.4866814464330673 3
    endloop
  endfacet
  facet normal 0 0 1
    outer loop
      vertex -0.15688033401966095 1.7931504547595978 3
      vertex -0.30504509806632996 3.4866814464330673 3
      vertex -0.6077686250209808 3.4468271359801292 3
    endloop
  endfacet
  facet normal 0 0 1
    outer loop
      vertex -0.31256671994924545 1.772653952240944 3
      vertex -0.15688033401966095 1.7931504547595978 3
      vertex -0.6077686250209808 3.4468271359801292 3
    endloop
  endfacet
  facet normal 0 0 1
    outer loop
      vertex -0.9058666601777077 -3.380740389227867 3
      vertex -0.6077686250209808 -3.4468271359801292 3
      vertex -0.31256671994924545 -1.772653952240944 3
    endloop
  endfacet
  facet normal 0 0 1
    outer loop
      vertex -0.9058666601777077 -3.380740389227867 3
      vertex -0.31256671994924545 -1.772653952240944 3
      vertex -0.4658742845058441 -1.7386664897203445 3
    endloop
  endfacet
  facet normal 0 0 1
    outer loop
      vertex -1.1970705017447472 -3.2889241725206375 3
      vertex -0.9058666601777077 -3.380740389227867 3
      vertex -0.4658742845058441 -1.7386664897203445 3
    endloop
  endfacet
  facet normal 0 0 1
    outer loop
      vertex -1.1970705017447472 -3.2889241725206375 3
      vertex -0.4658742845058441 -1.7386664897203445 3
      vertex -0.6156362593173981 -1.691446714103222 3
    endloop
  endfacet
  facet normal 0 0 1
    outer loop
      vertex -1.4791639149188995 -3.172077253460884 3
      vertex -1.1970705017447472 -3.2889241725206375 3
      vertex -0.6156362593173981 -1.691446714103222 3
    endloop
  endfacet
  facet normal 0 0 1
    outer loop
      vertex -1.4791639149188995 -3.172077253460884 3
      vertex -0.6156362593173981 -1.691446714103222 3
      vertex -0.7607128694653511 -1.6313540190458298 3
    endloop
  endfacet
  facet normal 0 0 1
    outer loop
      vertex -1.75 -3.031088910996914 3
      vertex -1.4791639149188995 -3.172077253460884 3
      vertex -0.7607128694653511 -1.6313540190458298 3
    endloop
  endfacet
  facet normal 0 0 1
    outer loop
      vertex -1.75 -3.031088910996914 3
      vertex -0.7607128694653511 -1.6313540190458298 3
      vertex -0.8999999985098839 -1.558845728635788 3
    endloop
  endfacet
  facet normal 0 0 1
    outer loop
      vertex -2.007517524063587 -2.867032155394554 3
      vertex -1.75 -3.031088910996914 3
      vertex -0.8999999985098839 -1.558845728635788 3
    endloop
  endfacet
  facet normal 0 0 1
    outer loop
      vertex -2.007517524063587 -2.867032155394554 3
      vertex -0.8999999985098839 -1.558845728635788 3
      vertex -1.0324375852942467 -1.4744736775755882 3
    endloop
  endfacet
  facet normal 0 0 1
    outer loop
      vertex -2.249756634235382 -2.6811555474996567 3
      vertex -2.007517524063587 -2.867032155394554 3
      vertex -1.0324375852942467 -1.4744736775755882 3
    endloop
  endfacet
  facet normal 0 0 1
    outer loop
      vertex -2.249756634235382 -2.6811555474996567 3
      vertex -1.0324375852942467 -1.4744736775755882 3
      vertex -1.1570177003741264 -1.3788799941539764 3
    endloop
  endfacet
  facet normal 0 0 1
    outer loop
      vertex -2.47487373650074 -2.47487373650074 3
      vertex -2.249756634235382 -2.6811555474996567 3
      vertex -1.1570177003741264 -1.3788799941539764 3
    endloop
  endfacet
  facet normal 0 0 1
    outer loop
      vertex -2.47487373650074 -2.47487373650074 3
      vertex -1.1570177003741264 -1.3788799941539764 3
      vertex -1.2727922052145004 -1.2727922052145004 3
    endloop
  endfacet
  facet normal 0 0 1
    outer loop
      vertex -2.6811555474996567 -2.249756634235382 3
      vertex -2.47487373650074 -2.47487373650074 3
      vertex -1.2727922052145004 -1.2727922052145004 3
    endloop
  endfacet
  facet normal 0 0 1
    outer loop
      vertex -2.6811555474996567 -2.249756634235382 3
      vertex -1.2727922052145004 -1.2727922052145004 3
      vertex -1.3788799941539764 -1.1570177003741264 3
    endloop
  endfacet
  facet normal 0 0 1
    outer loop
      vertex -2.867032155394554 -2.007517524063587 3
      vertex -2.6811555474996567 -2.249756634235382 3
      vertex -1.3788799941539764 -1.1570177003741264 3
    endloop
  endfacet
  facet normal 0 0 1
    outer loop
      vertex -2.867032155394554 -2.007517524063587 3
      vertex -1.3788799941539764 -1.1570177003741264 3
      vertex -1.4744736775755882 -1.0324375852942467 3
    endloop
  endfacet
  facet normal 0 0 1
    outer loop
      vertex -3.031088910996914 -1.75 3
      vertex -2.867032155394554 -2.007517524063587 3
      vertex -1.4744736775755882 -1.0324375852942467 3
    endloop
  endfacet
  facet normal 0 0 1
    outer loop
      vertex -3.031088910996914 -1.75 3
      vertex -1.4744736775755882 -1.0324375852942467 3
      vertex -1.558845728635788 -0.8999999985098839 3
    endloop
  endfacet
  facet normal 0 0 1
    outer loop
      vertex -3.172077253460884 -1.4791639149188995 3
      vertex -3.031088910996914 -1.75 3
      vertex -1.558845728635788 -0.8999999985098839 3
    endloop
  endfacet
  facet normal 0 0 1
    outer loop
      vertex -3.172077253460884 -1.4791639149188995 3
      vertex -1.558845728635788 -0.8999999985098839 3
      vertex -1.6313540190458298 -0.7607128694653511 3
    endloop
  endfacet
  facet normal 0 0 1
    outer loop
      vertex -3.2889241725206375 -1.1970705017447472 3
      vertex -3.172077253460884 -1.4791639149188995 3
      vertex -1.6313540190458298 -0.7607128694653511 3
    endloop
  endfacet
  facet normal 0 0 1
    outer loop
      vertex -3.2889241725206375 -1.1970705017447472 3
      vertex -1.6313540190458298 -0.7607128694653511 3
      vertex -1.691446714103222 -0.6156362593173981 3
    endloop
  endfacet
  facet normal 0 0 1
    outer loop
      vertex -3.380740389227867 -0.9058666601777077 3
      vertex -3.2889241725206375 -1.1970705017447472 3
      vertex -1.691446714103222 -0.6156362593173981 3
    endloop
  endfacet
  facet normal 0 0 1
    outer loop
      vertex -3.380740389227867 -0.9058666601777077 3
      vertex -1.691446714103222 -0.6156362593173981 3
      vertex -1.7386664897203445 -0.4658742845058441 3
    endloop
  endfacet
  facet normal 0 0 1
    outer loop
      vertex -3.4468271359801292 -0.6077686250209808 3
      vertex -3.380740389227867 -0.9058666601777077 3
      vertex -1.7386664897203445 -0.4658742845058441 3
    endloop
  endfacet
  facet normal 0 0 1
    outer loop
      vertex -3.4468271359801292 -0.6077686250209808 3
      vertex -1.7386664897203445 -0.4658742845058441 3
      vertex -1.772653952240944 -0.31256671994924545 3
    endloop
  endfacet
  facet normal 0 0 1
    outer loop
      vertex -3.4866814464330673 -0.30504509806632996 3
      vertex -3.4468271359801292 -0.6077686250209808 3
      vertex -1.772653952240944 -0.31256671994924545 3
    endloop
  endfacet
  facet normal 0 0 1
    outer loop
      vertex -3.4866814464330673 -0.30504509806632996 3
      vertex -1.772653952240944 -0.31256671994924545 3
      vertex -1.7931504547595978 -0.15688033401966095 3
    endloop
  endfacet
  facet normal 0 0 1
    outer loop
      vertex -3.5 0 3
      vertex -3.4866814464330673 -0.30504509806632996 3
      vertex -1.7931504547595978 -0.15688033401966095 3
    endloop
  endfacet
  facet normal 0 0 1
    outer loop
      vertex -3.5 0 3
      vertex -1.7931504547595978 -0.15688033401966095 3
      vertex -1.7999999970197678 0 3
    endloop
  endfacet
  facet normal 0 0 1
    outer loop
      vertex -0.31256671994924545 1.772653952240944 3
      vertex -0.6077686250209808 3.4468271359801292 3
      vertex -0.9058666601777077 3.380740389227867 3
    endloop
  endfacet
  facet normal 0 0 1
    outer loop
      vertex -0.4658742845058441 1.7386664897203445 3
      vertex -0.31256671994924545 1.772653952240944 3
      vertex -0.9058666601777077 3.380740389227867 3
    endloop
  endfacet
  facet normal 0 0 1
    outer loop
      vertex -0.4658742845058441 1.7386664897203445 3
      vertex -0.9058666601777077 3.380740389227867 3
      vertex -1 3.3510602563619614 3
    endloop
  endfacet
  facet normal 0 0 1
    outer loop
      vertex -0.6156362593173981 1.691446714103222 3
      vertex -0.4658742845058441 1.7386664897203445 3
      vertex -1 3.3510602563619614 3
    endloop
  endfacet
  facet normal 0 0 1
    outer loop
      vertex -3.5 0 3
      vertex -1.7999999970197678 0 3
      vertex -1.7931504547595978 0.15688033401966095 3
    endloop
  endfacet
  facet normal 0 0 1
    outer loop
      vertex -0.7607128694653511 1.6313540190458298 3
      vertex -0.6156362593173981 1.691446714103222 3
      vertex -1 3.3510602563619614 3
    endloop
  endfacet
  facet normal 0 0 1
    outer loop
      vertex -3.5 0 3
      vertex -1.7931504547595978 0.15688033401966095 3
      vertex -1.772653952240944 0.31256671994924545 3
    endloop
  endfacet
  facet normal 0 0 1
    outer loop
      vertex -0.8999999985098839 1.558845728635788 3
      vertex -0.7607128694653511 1.6313540190458298 3
      vertex -1 3.3510602563619614 3
    endloop
  endfacet
  facet normal 0 0 1
    outer loop
      vertex -3.5 0 3
      vertex -1.772653952240944 0.31256671994924545 3
      vertex -1.7386664897203445 0.4658742845058441 3
    endloop
  endfacet
  facet normal 0 0 1
    outer loop
      vertex -1.0324375852942467 1.4744736775755882 3
      vertex -0.8999999985098839 1.558845728635788 3
      vertex -1 3.3510602563619614 3
    endloop
  endfacet
  facet normal 0 0 1
    outer loop
      vertex -1 12 3
      vertex -6.46000000089407 12 3
      vertex -6.46000000089407 11 3
    endloop
  endfacet
  facet normal 0 0 1
    outer loop
      vertex -3.5 0 3
      vertex -1.7386664897203445 0.4658742845058441 3
      vertex -1.691446714103222 0.6156362593173981 3
    endloop
  endfacet
  facet normal 0 0 1
    outer loop
      vertex -3.7000000029802322 9.600000001490116 3
      vertex -3.7000000029802322 0 3
      vertex -3.5 0 3
    endloop
  endfacet
  facet normal 0 0 1
    outer loop
      vertex -1.1570177003741264 1.3788799941539764 3
      vertex -1.0324375852942467 1.4744736775755882 3
      vertex -1 3.3510602563619614 3
    endloop
  endfacet
  facet normal 0 0 1
    outer loop
      vertex -3.5 0 3
      vertex -1.691446714103222 0.6156362593173981 3
      vertex -1.6313540190458298 0.7607128694653511 3
    endloop
  endfacet
  facet normal 0 0 1
    outer loop
      vertex -1 12 3
      vertex -6.46000000089407 11 3
      vertex -5.060000002384186 9.600000001490116 3
    endloop
  endfacet
  facet normal 0 0 1
    outer loop
      vertex -1 12 3
      vertex -5.060000002384186 9.600000001490116 3
      vertex -3.7000000029802322 9.600000001490116 3
    endloop
  endfacet
  facet normal 0 0 1
    outer loop
      vertex -1 3.3510602563619614 3
      vertex -1 12 3
      vertex -3.7000000029802322 9.600000001490116 3
    endloop
  endfacet
  facet normal 0 0 1
    outer loop
      vertex -3.7000000029802322 9.600000001490116 3
      vertex -3.5 0 3
      vertex -1.6313540190458298 0.7607128694653511 3
    endloop
  endfacet
  facet normal 0 0 1
    outer loop
      vertex -3.7000000029802322 9.600000001490116 3
      vertex -1.6313540190458298 0.7607128694653511 3
      vertex -1.558845728635788 0.8999999985098839 3
    endloop
  endfacet
  facet normal 0 0 1
    outer loop
      vertex -1 3.3510602563619614 3
      vertex -3.7000000029802322 9.600000001490116 3
      vertex -1.558845728635788 0.8999999985098839 3
    endloop
  endfacet
  facet normal 0 0 1
    outer loop
      vertex -1 3.3510602563619614 3
      vertex -1.558845728635788 0.8999999985098839 3
      vertex -1.4744736775755882 1.0324375852942467 3
    endloop
  endfacet
  facet normal 0 0 1
    outer loop
      vertex -1 3.3510602563619614 3
      vertex -1.4744736775755882 1.0324375852942467 3
      vertex -1.3788799941539764 1.1570177003741264 3
    endloop
  endfacet
  facet normal 0 0 1
    outer loop
      vertex -1 3.3510602563619614 3
      vertex -1.3788799941539764 1.1570177003741264 3
      vertex -1.2727922052145004 1.2727922052145004 3
    endloop
  endfacet
  facet normal 0 0 1
    outer loop
      vertex -1.1570177003741264 1.3788799941539764 3
      vertex -1 3.3510602563619614 3
      vertex -1.2727922052145004 1.2727922052145004 3
    endloop
  endfacet
  facet normal 0 0 -1
    outer loop
      vertex 1.7999999970197678 0 0
      vertex 3.5 0 0
      vertex 3.4866814464330673 -0.30504509806632996 0
    endloop
  endfacet
  facet normal 0 0 -1
    outer loop
      vertex 1.7931504547595978 -0.15688033401966095 0
      vertex 1.7999999970197678 0 0
      vertex 3.4866814464330673 -0.30504509806632996 0
    endloop
  endfacet
  facet normal 0 0 -1
    outer loop
      vertex 1.7931504547595978 -0.15688033401966095 0
      vertex 3.4866814464330673 -0.30504509806632996 0
      vertex 3.4468271359801292 -0.6077686250209808 0
    endloop
  endfacet
  facet normal 0 0 -1
    outer loop
      vertex 1.772653952240944 -0.31256671994924545 0
      vertex 1.7931504547595978 -0.15688033401966095 0
      vertex 3.4468271359801292 -0.6077686250209808 0
    endloop
  endfacet
  facet normal 0 0 -1
    outer loop
      vertex 3.4866814464330673 0.30504509806632996 0
      vertex 3.5 0 0
      vertex 1.7999999970197678 0 0
    endloop
  endfacet
  facet normal 0 0 -1
    outer loop
      vertex 3.4866814464330673 0.30504509806632996 0
      vertex 1.7999999970197678 0 0
      vertex 1.7931504547595978 0.15688033401966095 0
    endloop
  endfacet
  facet normal 0 0 -1
    outer loop
      vertex 3.4468271359801292 0.6077686250209808 0
      vertex 3.4866814464330673 0.30504509806632996 0
      vertex 1.7931504547595978 0.15688033401966095 0
    endloop
  endfacet
  facet normal 0 0 -1
    outer loop
      vertex 3.4468271359801292 0.6077686250209808 0
      vertex 1.7931504547595978 0.15688033401966095 0
      vertex 1.772653952240944 0.31256671994924545 0
    endloop
  endfacet
  facet normal 0 0 -1
    outer loop
      vertex 1.772653952240944 -0.31256671994924545 0
      vertex 3.4468271359801292 -0.6077686250209808 0
      vertex 3.380740389227867 -0.9058666601777077 0
    endloop
  endfacet
  facet normal 0 0 -1
    outer loop
      vertex 1.7386664897203445 -0.4658742845058441 0
      vertex 1.772653952240944 -0.31256671994924545 0
      vertex 3.380740389227867 -0.9058666601777077 0
    endloop
  endfacet
  facet normal 0 0 -1
    outer loop
      vertex 1.7386664897203445 -0.4658742845058441 0
      vertex 3.380740389227867 -0.9058666601777077 0
      vertex 3.2889241725206375 -1.1970705017447472 0
    endloop
  endfacet
  facet normal 0 0 -1
    outer loop
      vertex 1.691446714103222 -0.6156362593173981 0
      vertex 1.7386664897203445 -0.4658742845058441 0
      vertex 3.2889241725206375 -1.1970705017447472 0
    endloop
  endfacet
  facet normal 0 0 -1
    outer loop
      vertex 1.691446714103222 -0.6156362593173981 0
      vertex 3.2889241725206375 -1.1970705017447472 0
      vertex 3.172077253460884 -1.4791639149188995 0
    endloop
  endfacet
  facet normal 0 0 -1
    outer loop
      vertex 1.6313540190458298 -0.7607128694653511 0
      vertex 1.691446714103222 -0.6156362593173981 0
      vertex 3.172077253460884 -1.4791639149188995 0
    endloop
  endfacet
  facet normal 0 0 -1
    outer loop
      vertex 1.6313540190458298 -0.7607128694653511 0
      vertex 3.172077253460884 -1.4791639149188995 0
      vertex 3.031088910996914 -1.75 0
    endloop
  endfacet
  facet normal 0 0 -1
    outer loop
      vertex 1.558845728635788 -0.8999999985098839 0
      vertex 1.6313540190458298 -0.7607128694653511 0
      vertex 3.031088910996914 -1.75 0
    endloop
  endfacet
  facet normal 0 0 -1
    outer loop
      vertex 1.558845728635788 -0.8999999985098839 0
      vertex 3.031088910996914 -1.75 0
      vertex 2.867032155394554 -2.007517524063587 0
    endloop
  endfacet
  facet normal 0 0 -1
    outer loop
      vertex 1.4744736775755882 -1.0324375852942467 0
      vertex 1.558845728635788 -0.8999999985098839 0
      vertex 2.867032155394554 -2.007517524063587 0
    endloop
  endfacet
  facet normal 0 0 -1
    outer loop
      vertex 1.4744736775755882 -1.0324375852942467 0
      vertex 2.867032155394554 -2.007517524063587 0
      vertex 2.6811555474996567 -2.249756634235382 0
    endloop
  endfacet
  facet normal 0 0 -1
    outer loop
      vertex 1.3788799941539764 -1.1570177003741264 0
      vertex 1.4744736775755882 -1.0324375852942467 0
      vertex 2.6811555474996567 -2.249756634235382 0
    endloop
  endfacet
  facet normal 0 0 -1
    outer loop
      vertex 1.3788799941539764 -1.1570177003741264 0
      vertex 2.6811555474996567 -2.249756634235382 0
      vertex 2.47487373650074 -2.47487373650074 0
    endloop
  endfacet
  facet normal 0 0 -1
    outer loop
      vertex 1.2727922052145004 -1.2727922052145004 0
      vertex 1.3788799941539764 -1.1570177003741264 0
      vertex 2.47487373650074 -2.47487373650074 0
    endloop
  endfacet
  facet normal 0 0 -1
    outer loop
      vertex 1.2727922052145004 -1.2727922052145004 0
      vertex 2.47487373650074 -2.47487373650074 0
      vertex 2.249756634235382 -2.6811555474996567 0
    endloop
  endfacet
  facet normal 0 0 -1
    outer loop
      vertex 1.1570177003741264 -1.3788799941539764 0
      vertex 1.2727922052145004 -1.2727922052145004 0
      vertex 2.249756634235382 -2.6811555474996567 0
    endloop
  endfacet
  facet normal 0 0 -1
    outer loop
      vertex 1.1570177003741264 -1.3788799941539764 0
      vertex 2.249756634235382 -2.6811555474996567 0
      vertex 2.007517524063587 -2.867032155394554 0
    endloop
  endfacet
  facet normal 0 0 -1
    outer loop
      vertex 1.0324375852942467 -1.4744736775755882 0
      vertex 1.1570177003741264 -1.3788799941539764 0
      vertex 2.007517524063587 -2.867032155394554 0
    endloop
  endfacet
  facet normal 0 0 -1
    outer loop
      vertex 1.0324375852942467 -1.4744736775755882 0
      vertex 2.007517524063587 -2.867032155394554 0
      vertex 1.75 -3.031088910996914 0
    endloop
  endfacet
  facet normal 0 0 -1
    outer loop
      vertex 0.8999999985098839 -1.558845728635788 0
      vertex 1.0324375852942467 -1.4744736775755882 0
      vertex 1.75 -3.031088910996914 0
    endloop
  endfacet
  facet normal 0 0 -1
    outer loop
      vertex 0.8999999985098839 -1.558845728635788 0
      vertex 1.75 -3.031088910996914 0
      vertex 1.4791639149188995 -3.172077253460884 0
    endloop
  endfacet
  facet normal 0 0 -1
    outer loop
      vertex 0.7607128694653511 -1.6313540190458298 0
      vertex 0.8999999985098839 -1.558845728635788 0
      vertex 1.4791639149188995 -3.172077253460884 0
    endloop
  endfacet
  facet normal 0 0 -1
    outer loop
      vertex 0.7607128694653511 -1.6313540190458298 0
      vertex 1.4791639149188995 -3.172077253460884 0
      vertex 1.1970705017447472 -3.2889241725206375 0
    endloop
  endfacet
  facet normal 0 0 -1
    outer loop
      vertex 0.6156362593173981 -1.691446714103222 0
      vertex 0.7607128694653511 -1.6313540190458298 0
      vertex 1.1970705017447472 -3.2889241725206375 0
    endloop
  endfacet
  facet normal 0 0 -1
    outer loop
      vertex 0.6156362593173981 -1.691446714103222 0
      vertex 1.1970705017447472 -3.2889241725206375 0
      vertex 0.9058666601777077 -3.380740389227867 0
    endloop
  endfacet
  facet normal 0 0 -1
    outer loop
      vertex 0.4658742845058441 -1.7386664897203445 0
      vertex 0.6156362593173981 -1.691446714103222 0
      vertex 0.9058666601777077 -3.380740389227867 0
    endloop
  endfacet
  facet normal 0 0 -1
    outer loop
      vertex 0.4658742845058441 -1.7386664897203445 0
      vertex 0.9058666601777077 -3.380740389227867 0
      vertex 0.6077686250209808 -3.4468271359801292 0
    endloop
  endfacet
  facet normal 0 0 -1
    outer loop
      vertex 0.31256671994924545 -1.772653952240944 0
      vertex 0.4658742845058441 -1.7386664897203445 0
      vertex 0.6077686250209808 -3.4468271359801292 0
    endloop
  endfacet
  facet normal 0 0 -1
    outer loop
      vertex 0.31256671994924545 -1.772653952240944 0
      vertex 0.6077686250209808 -3.4468271359801292 0
      vertex 0.30504509806632996 -3.4866814464330673 0
    endloop
  endfacet
  facet normal 0 0 -1
    outer loop
      vertex 0.15688033401966095 -1.7931504547595978 0
      vertex 0.31256671994924545 -1.772653952240944 0
      vertex 0.30504509806632996 -3.4866814464330673 0
    endloop
  endfacet
  facet normal 0 0 -1
    outer loop
      vertex 0.15688033401966095 -1.7931504547595978 0
      vertex 0.30504509806632996 -3.4866814464330673 0
      vertex 0 -3.5 0
    endloop
  endfacet
  facet normal 0 0 -1
    outer loop
      vertex 0 -1.7999999970197678 0
      vertex 0.15688033401966095 -1.7931504547595978 0
      vertex 0 -3.5 0
    endloop
  endfacet
  facet normal 0 0 -1
    outer loop
      vertex 0 -1.7999999970197678 0
      vertex 0 -3.5 0
      vertex -0.30504509806632996 -3.4866814464330673 0
    endloop
  endfacet
  facet normal 0 0 -1
    outer loop
      vertex -0.15688033401966095 -1.7931504547595978 0
      vertex 0 -1.7999999970197678 0
      vertex -0.30504509806632996 -3.4866814464330673 0
    endloop
  endfacet
  facet normal 0 0 -1
    outer loop
      vertex -0.15688033401966095 -1.7931504547595978 0
      vertex -0.30504509806632996 -3.4866814464330673 0
      vertex -0.6077686250209808 -3.4468271359801292 0
    endloop
  endfacet
  facet normal 0 0 -1
    outer loop
      vertex -0.31256671994924545 -1.772653952240944 0
      vertex -0.15688033401966095 -1.7931504547595978 0
      vertex -0.6077686250209808 -3.4468271359801292 0
    endloop
  endfacet
  facet normal 0 0 -1
    outer loop
      vertex 3.380740389227867 0.9058666601777077 0
      vertex 3.4468271359801292 0.6077686250209808 0
      vertex 1.772653952240944 0.31256671994924545 0
    endloop
  endfacet
  facet normal 0 0 -1
    outer loop
      vertex 3.380740389227867 0.9058666601777077 0
      vertex 1.772653952240944 0.31256671994924545 0
      vertex 1.7386664897203445 0.4658742845058441 0
    endloop
  endfacet
  facet normal 0 0 -1
    outer loop
      vertex 3.2889241725206375 1.1970705017447472 0
      vertex 3.380740389227867 0.9058666601777077 0
      vertex 1.7386664897203445 0.4658742845058441 0
    endloop
  endfacet
  facet normal 0 0 -1
    outer loop
      vertex 3.2889241725206375 1.1970705017447472 0
      vertex 1.7386664897203445 0.4658742845058441 0
      vertex 1.691446714103222 0.6156362593173981 0
    endloop
  endfacet
  facet normal 0 0 -1
    outer loop
      vertex 3.172077253460884 1.4791639149188995 0
      vertex 3.2889241725206375 1.1970705017447472 0
      vertex 1.691446714103222 0.6156362593173981 0
    endloop
  endfacet
  facet normal 0 0 -1
    outer loop
      vertex 3.172077253460884 1.4791639149188995 0
      vertex 1.691446714103222 0.6156362593173981 0
      vertex 1.6313540190458298 0.7607128694653511 0
    endloop
  endfacet
  facet normal 0 0 -1
    outer loop
      vertex 3.031088910996914 1.75 0
      vertex 3.172077253460884 1.4791639149188995 0
      vertex 1.6313540190458298 0.7607128694653511 0
    endloop
  endfacet
  facet normal 0 0 -1
    outer loop
      vertex 3.031088910996914 1.75 0
      vertex 1.6313540190458298 0.7607128694653511 0
      vertex 1.558845728635788 0.8999999985098839 0
    endloop
  endfacet
  facet normal 0 0 -1
    outer loop
      vertex 2.867032155394554 2.007517524063587 0
      vertex 3.031088910996914 1.75 0
      vertex 1.558845728635788 0.8999999985098839 0
    endloop
  endfacet
  facet normal 0 0 -1
    outer loop
      vertex 2.867032155394554 2.007517524063587 0
      vertex 1.558845728635788 0.8999999985098839 0
      vertex 1.4744736775755882 1.0324375852942467 0
    endloop
  endfacet
  facet normal 0 0 -1
    outer loop
      vertex 2.6811555474996567 2.249756634235382 0
      vertex 2.867032155394554 2.007517524063587 0
      vertex 1.4744736775755882 1.0324375852942467 0
    endloop
  endfacet
  facet normal 0 0 -1
    outer loop
      vertex 2.6811555474996567 2.249756634235382 0
      vertex 1.4744736775755882 1.0324375852942467 0
      vertex 1.3788799941539764 1.1570177003741264 0
    endloop
  endfacet
  facet normal 0 0 -1
    outer loop
      vertex 2.47487373650074 2.47487373650074 0
      vertex 2.6811555474996567 2.249756634235382 0
      vertex 1.3788799941539764 1.1570177003741264 0
    endloop
  endfacet
  facet normal 0 0 -1
    outer loop
      vertex 2.47487373650074 2.47487373650074 0
      vertex 1.3788799941539764 1.1570177003741264 0
      vertex 1.2727922052145004 1.2727922052145004 0
    endloop
  endfacet
  facet normal 0 0 -1
    outer loop
      vertex 2.249756634235382 2.6811555474996567 0
      vertex 2.47487373650074 2.47487373650074 0
      vertex 1.2727922052145004 1.2727922052145004 0
    endloop
  endfacet
  facet normal 0 0 -1
    outer loop
      vertex 2.249756634235382 2.6811555474996567 0
      vertex 1.2727922052145004 1.2727922052145004 0
      vertex 1.1570177003741264 1.3788799941539764 0
    endloop
  endfacet
  facet normal 0 0 -1
    outer loop
      vertex 2.007517524063587 2.867032155394554 0
      vertex 2.249756634235382 2.6811555474996567 0
      vertex 1.1570177003741264 1.3788799941539764 0
    endloop
  endfacet
  facet normal 0 0 -1
    outer loop
      vertex 2.007517524063587 2.867032155394554 0
      vertex 1.1570177003741264 1.3788799941539764 0
      vertex 1.0324375852942467 1.4744736775755882 0
    endloop
  endfacet
  facet normal 0 0 -1
    outer loop
      vertex 1.75 3.031088910996914 0
      vertex 2.007517524063587 2.867032155394554 0
      vertex 1.0324375852942467 1.4744736775755882 0
    endloop
  endfacet
  facet normal 0 0 -1
    outer loop
      vertex 1.75 3.031088910996914 0
      vertex 1.0324375852942467 1.4744736775755882 0
      vertex 0.8999999985098839 1.558845728635788 0
    endloop
  endfacet
  facet normal 0 0 -1
    outer loop
      vertex 1.4791639149188995 3.172077253460884 0
      vertex 1.75 3.031088910996914 0
      vertex 0.8999999985098839 1.558845728635788 0
    endloop
  endfacet
  facet normal 0 0 -1
    outer loop
      vertex 1.4791639149188995 3.172077253460884 0
      vertex 0.8999999985098839 1.558845728635788 0
      vertex 0.7607128694653511 1.6313540190458298 0
    endloop
  endfacet
  facet normal 0 0 -1
    outer loop
      vertex 1.1970705017447472 3.2889241725206375 0
      vertex 1.4791639149188995 3.172077253460884 0
      vertex 0.7607128694653511 1.6313540190458298 0
    endloop
  endfacet
  facet normal 0 0 -1
    outer loop
      vertex 1.1970705017447472 3.2889241725206375 0
      vertex 0.7607128694653511 1.6313540190458298 0
      vertex 0.6156362593173981 1.691446714103222 0
    endloop
  endfacet
  facet normal 0 0 -1
    outer loop
      vertex 0.9058666601777077 3.380740389227867 0
      vertex 1.1970705017447472 3.2889241725206375 0
      vertex 0.6156362593173981 1.691446714103222 0
    endloop
  endfacet
  facet normal 0 0 -1
    outer loop
      vertex 0.9058666601777077 3.380740389227867 0
      vertex 0.6156362593173981 1.691446714103222 0
      vertex 0.4658742845058441 1.7386664897203445 0
    endloop
  endfacet
  facet normal 0 0 -1
    outer loop
      vertex 0.6077686250209808 3.4468271359801292 0
      vertex 0.9058666601777077 3.380740389227867 0
      vertex 0.4658742845058441 1.7386664897203445 0
    endloop
  endfacet
  facet normal 0 0 -1
    outer loop
      vertex 0.6077686250209808 3.4468271359801292 0
      vertex 0.4658742845058441 1.7386664897203445 0
      vertex 0.31256671994924545 1.772653952240944 0
    endloop
  endfacet
  facet normal 0 0 -1
    outer loop
      vertex 0.30504509806632996 3.4866814464330673 0
      vertex 0.6077686250209808 3.4468271359801292 0
      vertex 0.31256671994924545 1.772653952240944 0
    endloop
  endfacet
  facet normal 0 0 -1
    outer loop
      vertex 0.30504509806632996 3.4866814464330673 0
      vertex 0.31256671994924545 1.772653952240944 0
      vertex 0.15688033401966095 1.7931504547595978 0
    endloop
  endfacet
  facet normal 0 0 -1
    outer loop
      vertex 0 3.5 0
      vertex 0.30504509806632996 3.4866814464330673 0
      vertex 0.15688033401966095 1.7931504547595978 0
    endloop
  endfacet
  facet normal 0 0 -1
    outer loop
      vertex 0 3.5 0
      vertex 0.15688033401966095 1.7931504547595978 0
      vertex 0 1.7999999970197678 0
    endloop
  endfacet
  facet normal 0 0 -1
    outer loop
      vertex -0.30504509806632996 3.4866814464330673 0
      vertex 0 3.5 0
      vertex 0 1.7999999970197678 0
    endloop
  endfacet
  facet normal 0 0 -1
    outer loop
      vertex -0.30504509806632996 3.4866814464330673 0
      vertex 0 1.7999999970197678 0
      vertex -0.15688033401966095 1.7931504547595978 0
    endloop
  endfacet
  facet normal 0 0 -1
    outer loop
      vertex -0.6077686250209808 3.4468271359801292 0
      vertex -0.30504509806632996 3.4866814464330673 0
      vertex -0.15688033401966095 1.7931504547595978 0
    endloop
  endfacet
  facet normal 0 0 -1
    outer loop
      vertex -0.6077686250209808 3.4468271359801292 0
      vertex -0.15688033401966095 1.7931504547595978 0
      vertex -0.31256671994924545 1.772653952240944 0
    endloop
  endfacet
  facet normal 0 0 -1
    outer loop
      vertex -0.31256671994924545 -1.772653952240944 0
      vertex -0.6077686250209808 -3.4468271359801292 0
      vertex -0.9058666601777077 -3.380740389227867 0
    endloop
  endfacet
  facet normal 0 0 -1
    outer loop
      vertex -0.4658742845058441 -1.7386664897203445 0
      vertex -0.31256671994924545 -1.772653952240944 0
      vertex -0.9058666601777077 -3.380740389227867 0
    endloop
  endfacet
  facet normal 0 0 -1
    outer loop
      vertex -0.4658742845058441 -1.7386664897203445 0
      vertex -0.9058666601777077 -3.380740389227867 0
      vertex -1.1970705017447472 -3.2889241725206375 0
    endloop
  endfacet
  facet normal 0 0 -1
    outer loop
      vertex -0.6156362593173981 -1.691446714103222 0
      vertex -0.4658742845058441 -1.7386664897203445 0
      vertex -1.1970705017447472 -3.2889241725206375 0
    endloop
  endfacet
  facet normal 0 0 -1
    outer loop
      vertex -0.6156362593173981 -1.691446714103222 0
      vertex -1.1970705017447472 -3.2889241725206375 0
      vertex -1.4791639149188995 -3.172077253460884 0
    endloop
  endfacet
  facet normal 0 0 -1
    outer loop
      vertex -0.7607128694653511 -1.6313540190458298 0
      vertex -0.6156362593173981 -1.691446714103222 0
      vertex -1.4791639149188995 -3.172077253460884 0
    endloop
  endfacet
  facet normal 0 0 -1
    outer loop
      vertex -0.7607128694653511 -1.6313540190458298 0
      vertex -1.4791639149188995 -3.172077253460884 0
      vertex -1.75 -3.031088910996914 0
    endloop
  endfacet
  facet normal 0 0 -1
    outer loop
      vertex -0.8999999985098839 -1.558845728635788 0
      vertex -0.7607128694653511 -1.6313540190458298 0
      vertex -1.75 -3.031088910996914 0
    endloop
  endfacet
  facet normal 0 0 -1
    outer loop
      vertex -0.8999999985098839 -1.558845728635788 0
      vertex -1.75 -3.031088910996914 0
      vertex -2.007517524063587 -2.867032155394554 0
    endloop
  endfacet
  facet normal 0 0 -1
    outer loop
      vertex -1.0324375852942467 -1.4744736775755882 0
      vertex -0.8999999985098839 -1.558845728635788 0
      vertex -2.007517524063587 -2.867032155394554 0
    endloop
  endfacet
  facet normal 0 0 -1
    outer loop
      vertex -1.0324375852942467 -1.4744736775755882 0
      vertex -2.007517524063587 -2.867032155394554 0
      vertex -2.249756634235382 -2.6811555474996567 0
    endloop
  endfacet
  facet normal 0 0 -1
    outer loop
      vertex -1.1570177003741264 -1.3788799941539764 0
      vertex -1.0324375852942467 -1.4744736775755882 0
      vertex -2.249756634235382 -2.6811555474996567 0
    endloop
  endfacet
  facet normal 0 0 -1
    outer loop
      vertex -1.1570177003741264 -1.3788799941539764 0
      vertex -2.249756634235382 -2.6811555474996567 0
      vertex -2.47487373650074 -2.47487373650074 0
    endloop
  endfacet
  facet normal 0 0 -1
    outer loop
      vertex -1.2727922052145004 -1.2727922052145004 0
      vertex -1.1570177003741264 -1.3788799941539764 0
      vertex -2.47487373650074 -2.47487373650074 0
    endloop
  endfacet
  facet normal 0 0 -1
    outer loop
      vertex -1.2727922052145004 -1.2727922052145004 0
      vertex -2.47487373650074 -2.47487373650074 0
      vertex -2.6811555474996567 -2.249756634235382 0
    endloop
  endfacet
  facet normal 0 0 -1
    outer loop
      vertex -1.3788799941539764 -1.1570177003741264 0
      vertex -1.2727922052145004 -1.2727922052145004 0
      vertex -2.6811555474996567 -2.249756634235382 0
    endloop
  endfacet
  facet normal 0 0 -1
    outer loop
      vertex -1.3788799941539764 -1.1570177003741264 0
      vertex -2.6811555474996567 -2.249756634235382 0
      vertex -2.867032155394554 -2.007517524063587 0
    endloop
  endfacet
  facet normal 0 0 -1
    outer loop
      vertex -1.4744736775755882 -1.0324375852942467 0
      vertex -1.3788799941539764 -1.1570177003741264 0
      vertex -2.867032155394554 -2.007517524063587 0
    endloop
  endfacet
  facet normal 0 0 -1
    outer loop
      vertex -1.4744736775755882 -1.0324375852942467 0
      vertex -2.867032155394554 -2.007517524063587 0
      vertex -3.031088910996914 -1.75 0
    endloop
  endfacet
  facet normal 0 0 -1
    outer loop
      vertex -1.558845728635788 -0.8999999985098839 0
      vertex -1.4744736775755882 -1.0324375852942467 0
      vertex -3.031088910996914 -1.75 0
    endloop
  endfacet
  facet normal 0 0 -1
    outer loop
      vertex -1.558845728635788 -0.8999999985098839 0
      vertex -3.031088910996914 -1.75 0
      vertex -3.172077253460884 -1.4791639149188995 0
    endloop
  endfacet
  facet normal 0 0 -1
    outer loop
      vertex -1.6313540190458298 -0.7607128694653511 0
      vertex -1.558845728635788 -0.8999999985098839 0
      vertex -3.172077253460884 -1.4791639149188995 0
    endloop
  endfacet
  facet normal 0 0 -1
    outer loop
      vertex -1.6313540190458298 -0.7607128694653511 0
      vertex -3.172077253460884 -1.4791639149188995 0
      vertex -3.2889241725206375 -1.1970705017447472 0
    endloop
  endfacet
  facet normal 0 0 -1
    outer loop
      vertex -1.691446714103222 -0.6156362593173981 0
      vertex -1.6313540190458298 -0.7607128694653511 0
      vertex -3.2889241725206375 -1.1970705017447472 0
    endloop
  endfacet
  facet normal 0 0 -1
    outer loop
      vertex -1.691446714103222 -0.6156362593173981 0
      vertex -3.2889241725206375 -1.1970705017447472 0
      vertex -3.380740389227867 -0.9058666601777077 0
    endloop
  endfacet
  facet normal 0 0 -1
    outer loop
      vertex -1.7386664897203445 -0.4658742845058441 0
      vertex -1.691446714103222 -0.6156362593173981 0
      vertex -3.380740389227867 -0.9058666601777077 0
    endloop
  endfacet
  facet normal 0 0 -1
    outer loop
      vertex -1.7386664897203445 -0.4658742845058441 0
      vertex -3.380740389227867 -0.9058666601777077 0
      vertex -3.4468271359801292 -0.6077686250209808 0
    endloop
  endfacet
  facet normal 0 0 -1
    outer loop
      vertex -1.772653952240944 -0.31256671994924545 0
      vertex -1.7386664897203445 -0.4658742845058441 0
      vertex -3.4468271359801292 -0.6077686250209808 0
    endloop
  endfacet
  facet normal 0 0 -1
    outer loop
      vertex -1.772653952240944 -0.31256671994924545 0
      vertex -3.4468271359801292 -0.6077686250209808 0
      vertex -3.4866814464330673 -0.30504509806632996 0
    endloop
  endfacet
  facet normal 0 0 -1
    outer loop
      vertex -1.7931504547595978 -0.15688033401966095 0
      vertex -1.772653952240944 -0.31256671994924545 0
      vertex -3.4866814464330673 -0.30504509806632996 0
    endloop
  endfacet
  facet normal 0 0 -1
    outer loop
      vertex -1.7931504547595978 -0.15688033401966095 0
      vertex -3.4866814464330673 -0.30504509806632996 0
      vertex -3.5 0 0
    endloop
  endfacet
  facet normal 0 0 -1
    outer loop
      vertex -1.7999999970197678 0 0
      vertex -1.7931504547595978 -0.15688033401966095 0
      vertex -3.5 0 0
    endloop
  endfacet
  facet normal 0 0 -1
    outer loop
      vertex -0.9058666601777077 3.380740389227867 0
      vertex -0.6077686250209808 3.4468271359801292 0
      vertex -0.31256671994924545 1.772653952240944 0
    endloop
  endfacet
  facet normal 0 0 -1
    outer loop
      vertex -0.9058666601777077 3.380740389227867 0
      vertex -0.31256671994924545 1.772653952240944 0
      vertex -0.4658742845058441 1.7386664897203445 0
    endloop
  endfacet
  facet normal 0 0 -1
    outer loop
      vertex -1 3.3510602563619614 0
      vertex -0.9058666601777077 3.380740389227867 0
      vertex -0.4658742845058441 1.7386664897203445 0
    endloop
  endfacet
  facet normal 0 0 -1
    outer loop
      vertex -1 3.3510602563619614 0
      vertex -0.4658742845058441 1.7386664897203445 0
      vertex -0.6156362593173981 1.691446714103222 0
    endloop
  endfacet
  facet normal 0 0 -1
    outer loop
      vertex -1.7931504547595978 0.15688033401966095 0
      vertex -1.7999999970197678 0 0
      vertex -3.5 0 0
    endloop
  endfacet
  facet normal 0 0 -1
    outer loop
      vertex -1 3.3510602563619614 0
      vertex -0.6156362593173981 1.691446714103222 0
      vertex -0.7607128694653511 1.6313540190458298 0
    endloop
  endfacet
  facet normal 0 0 -1
    outer loop
      vertex -1.772653952240944 0.31256671994924545 0
      vertex -1.7931504547595978 0.15688033401966095 0
      vertex -3.5 0 0
    endloop
  endfacet
  facet normal 0 0 -1
    outer loop
      vertex -1 3.3510602563619614 0
      vertex -0.7607128694653511 1.6313540190458298 0
      vertex -0.8999999985098839 1.558845728635788 0
    endloop
  endfacet
  facet normal 0 0 -1
    outer loop
      vertex -1.7386664897203445 0.4658742845058441 0
      vertex -1.772653952240944 0.31256671994924545 0
      vertex -3.5 0 0
    endloop
  endfacet
  facet normal 0 0 -1
    outer loop
      vertex -1 3.3510602563619614 0
      vertex -0.8999999985098839 1.558845728635788 0
      vertex -1.0324375852942467 1.4744736775755882 0
    endloop
  endfacet
  facet normal 0 0 -1
    outer loop
      vertex -6.46000000089407 11 0
      vertex -6.46000000089407 12 0
      vertex -1 12 0
    endloop
  endfacet
  facet normal 0 0 -1
    outer loop
      vertex -1.691446714103222 0.6156362593173981 0
      vertex -1.7386664897203445 0.4658742845058441 0
      vertex -3.5 0 0
    endloop
  endfacet
  facet normal 0 0 -1
    outer loop
      vertex -3.5 0 0
      vertex -3.7000000029802322 0 0
      vertex -3.7000000029802322 9.600000001490116 0
    endloop
  endfacet
  facet normal 0 0 -1
    outer loop
      vertex -1 3.3510602563619614 0
      vertex -1.0324375852942467 1.4744736775755882 0
      vertex -1.1570177003741264 1.3788799941539764 0
    endloop
  endfacet
  facet normal 0 0 -1
    outer loop
      vertex -1.6313540190458298 0.7607128694653511 0
      vertex -1.691446714103222 0.6156362593173981 0
      vertex -3.5 0 0
    endloop
  endfacet
  facet normal 0 0 -1
    outer loop
      vertex -5.060000002384186 9.600000001490116 0
      vertex -6.46000000089407 11 0
      vertex -1 12 0
    endloop
  endfacet
  facet normal 0 0 -1
    outer loop
      vertex -3.7000000029802322 9.600000001490116 0
      vertex -5.060000002384186 9.600000001490116 0
      vertex -1 12 0
    endloop
  endfacet
  facet normal 0 0 -1
    outer loop
      vertex -3.7000000029802322 9.600000001490116 0
      vertex -1 12 0
      vertex -1 3.3510602563619614 0
    endloop
  endfacet
  facet normal 0 0 -1
    outer loop
      vertex -1.6313540190458298 0.7607128694653511 0
      vertex -3.5 0 0
      vertex -3.7000000029802322 9.600000001490116 0
    endloop
  endfacet
  facet normal 0 0 -1
    outer loop
      vertex -1.558845728635788 0.8999999985098839 0
      vertex -1.6313540190458298 0.7607128694653511 0
      vertex -3.7000000029802322 9.600000001490116 0
    endloop
  endfacet
  facet normal 0 0 -1
    outer loop
      vertex -1.558845728635788 0.8999999985098839 0
      vertex -3.7000000029802322 9.600000001490116 0
      vertex -1 3.3510602563619614 0
    endloop
  endfacet
  facet normal 0 0 -1
    outer loop
      vertex -1.4744736775755882 1.0324375852942467 0
      vertex -1.558845728635788 0.8999999985098839 0
      vertex -1 3.3510602563619614 0
    endloop
  endfacet
  facet normal 0 0 -1
    outer loop
      vertex -1.3788799941539764 1.1570177003741264 0
      vertex -1.4744736775755882 1.0324375852942467 0
      vertex -1 3.3510602563619614 0
    endloop
  endfacet
  facet normal 0 0 -1
    outer loop
      vertex -1.2727922052145004 1.2727922052145004 0
      vertex -1.3788799941539764 1.1570177003741264 0
      vertex -1 3.3510602563619614 0
    endloop
  endfacet
  facet normal 0 0 -1
    outer loop
      vertex -1.2727922052145004 1.2727922052145004 0
      vertex -1 3.3510602563619614 0
      vertex -1.1570177003741264 1.3788799941539764 0
    endloop
  endfacet
endsolid OpenSCAD_Model
