solid OpenSCAD_Model
  facet normal -0.8870108331782217 -0.46174861323503397 0
    outer loop
      vertex -2.90018491851728 -1.3523784375702383 0
      vertex -2.7712812921102037 -1.6 0
      vertex -2.90018491851728 -1.3523784375702383 21
    endloop
  endfacet
  facet normal 0 0 -1
    outer loop
      vertex -2.90018491851728 -1.3523784375702383 0
      vertex -3.0070163865149073 -1.09446445864214 0
      vertex -2.90018491851728 1.3523784375702383 0
    endloop
  endfacet
  facet normal 0 0 -1
    outer loop
      vertex -3.0070163865149073 -1.09446445864214 0
      vertex -3.090962644125019 -0.8282209443280664 0
      vertex -3.0070163865149073 1.09446445864214 0
    endloop
  endfacet
  facet normal 0 0 -1
    outer loop
      vertex -3.090962644125019 -0.8282209443280664 0
      vertex -3.1513848096390658 -0.5556741685341771 0
      vertex -3.090962644125019 0.8282209443280664 0
    endloop
  endfacet
  facet normal 0 0 -1
    outer loop
      vertex -3.1513848096390658 -0.5556741685341771 0
      vertex -3.187823033893586 -0.2788983767925061 0
      vertex -3.1513848096390658 0.5556741685341771 0
    endloop
  endfacet
  facet normal -0.9238795325112862 -0.3826834323650911 0
    outer loop
      vertex -2.90018491851728 -1.3523784375702383 0
      vertex -3.0070163865149073 -1.09446445864214 21
      vertex -3.0070163865149073 -1.09446445864214 0
    endloop
  endfacet
  facet normal -0.9537169507482269 -0.30070579950427256 0
    outer loop
      vertex -3.0070163865149073 -1.09446445864214 0
      vertex -3.090962644125019 -0.8282209443280664 21
      vertex -3.090962644125019 -0.8282209443280664 0
    endloop
  endfacet
  facet normal -0.9762960071199336 -0.21643961393810154 0
    outer loop
      vertex -3.090962644125019 -0.8282209443280664 0
      vertex -3.1513848096390658 -0.5556741685341771 21
      vertex -3.1513848096390658 -0.5556741685341771 0
    endloop
  endfacet
  facet normal -0.9914448613738103 -0.13052619222005282 0
    outer loop
      vertex -3.1513848096390658 -0.5556741685341771 0
      vertex -3.187823033893586 -0.2788983767925061 21
      vertex -3.187823033893586 -0.2788983767925061 0
    endloop
  endfacet
  facet normal -0.9990482215818578 -0.04361938736533554 0
    outer loop
      vertex -3.187823033893586 -0.2788983767925061 0
      vertex -3.2 0 21
      vertex -3.2 0 0
    endloop
  endfacet
  facet normal -0.9238795325112862 -0.3826834323650911 0
    outer loop
      vertex -2.90018491851728 -1.3523784375702383 0
      vertex -2.90018491851728 -1.3523784375702383 21
      vertex -3.0070163865149073 -1.09446445864214 21
    endloop
  endfacet
  facet normal -0.9537169507482269 -0.30070579950427256 0
    outer loop
      vertex -3.0070163865149073 -1.09446445864214 0
      vertex -3.0070163865149073 -1.09446445864214 21
      vertex -3.090962644125019 -0.8282209443280664 21
    endloop
  endfacet
  facet normal -0.9762960071199336 -0.21643961393810154 0
    outer loop
      vertex -3.090962644125019 -0.8282209443280664 0
      vertex -3.090962644125019 -0.8282209443280664 21
      vertex -3.1513848096390658 -0.5556741685341771 21
    endloop
  endfacet
  facet normal -0.9914448613738103 -0.13052619222005282 0
    outer loop
      vertex -3.1513848096390658 -0.5556741685341771 0
      vertex -3.1513848096390658 -0.5556741685341771 21
      vertex -3.187823033893586 -0.2788983767925061 21
    endloop
  endfacet
  facet normal -0.9990482215818578 -0.04361938736533554 0
    outer loop
      vertex -3.187823033893586 -0.2788983767925061 0
      vertex -3.187823033893586 -0.2788983767925061 21
      vertex -3.2 0 21
    endloop
  endfacet
  facet normal 0 0 -1
    outer loop
      vertex -0.5556741685341771 -3.1513848096390658 0
      vertex -0.1995866508921372 -2.2812858586300973 0
      vertex -0.2788983767925061 -3.187823033893586 0
    endloop
  endfacet
  facet normal 0 0 -1
    outer loop
      vertex -0.2788983767925061 -3.187823033893586 0
      vertex 0 -2.29 0
      vertex 0 -3.2 0
    endloop
  endfacet
  facet normal -0.3826834323650911 -0.9238795325112862 0
    outer loop
      vertex -1.3523784375702383 -2.90018491851728 0
      vertex -1.09446445864214 -3.0070163865149073 0
      vertex -1.3523784375702383 -2.90018491851728 21
    endloop
  endfacet
  facet normal -0.30070579950427256 -0.9537169507482269 0
    outer loop
      vertex -1.09446445864214 -3.0070163865149073 0
      vertex -0.8282209443280664 -3.090962644125019 0
      vertex -1.09446445864214 -3.0070163865149073 21
    endloop
  endfacet
  facet normal -0.21643961393810154 -0.9762960071199336 0
    outer loop
      vertex -0.8282209443280664 -3.090962644125019 0
      vertex -0.5556741685341771 -3.1513848096390658 0
      vertex -0.8282209443280664 -3.090962644125019 21
    endloop
  endfacet
  facet normal -0.13052619222005282 -0.9914448613738103 0
    outer loop
      vertex -0.5556741685341771 -3.1513848096390658 0
      vertex -0.2788983767925061 -3.187823033893586 0
      vertex -0.5556741685341771 -3.1513848096390658 21
    endloop
  endfacet
  facet normal -0.04361938736533554 -0.9990482215818578 0
    outer loop
      vertex -0.2788983767925061 -3.187823033893586 0
      vertex 0 -3.2 0
      vertex -0.2788983767925061 -3.187823033893586 21
    endloop
  endfacet
  facet normal -0.46174861323503397 -0.8870108331782217 0
    outer loop
      vertex -1.3523784375702383 -2.90018491851728 0
      vertex -1.3523784375702383 -2.90018491851728 21
      vertex -1.6 -2.7712812921102037 21
    endloop
  endfacet
  facet normal -0.3826834323650911 -0.9238795325112862 0
    outer loop
      vertex -1.09446445864214 -3.0070163865149073 0
      vertex -1.09446445864214 -3.0070163865149073 21
      vertex -1.3523784375702383 -2.90018491851728 21
    endloop
  endfacet
  facet normal -0.30070579950427256 -0.9537169507482269 0
    outer loop
      vertex -0.8282209443280664 -3.090962644125019 0
      vertex -0.8282209443280664 -3.090962644125019 21
      vertex -1.09446445864214 -3.0070163865149073 21
    endloop
  endfacet
  facet normal -0.21643961393810154 -0.9762960071199336 0
    outer loop
      vertex -0.5556741685341771 -3.1513848096390658 0
      vertex -0.5556741685341771 -3.1513848096390658 21
      vertex -0.8282209443280664 -3.090962644125019 21
    endloop
  endfacet
  facet normal -0.13052619222005282 -0.9914448613738103 0
    outer loop
      vertex -0.2788983767925061 -3.187823033893586 0
      vertex -0.2788983767925061 -3.187823033893586 21
      vertex -0.5556741685341771 -3.1513848096390658 21
    endloop
  endfacet
  facet normal -0.04361938736533554 -0.9990482215818578 0
    outer loop
      vertex -0.2788983767925061 -3.187823033893586 21
      vertex 0 -3.2 0
      vertex 0 -3.2 21
    endloop
  endfacet
  facet normal 0 0 -1
    outer loop
      vertex -2.2627416997969525 -2.2627416997969525 0
      vertex -2.45134221798073 -2.0569203509969256 0
      vertex -2.255209754397956 -0.3976543268572704 0
    endloop
  endfacet
  facet normal 0 0 -1
    outer loop
      vertex -1.8354445963233474 -2.621286541724774 0
      vertex -2.0569203509969256 -2.45134221798073 0
      vertex -1.7542417747424595 -1.4719836261821746 0
    endloop
  endfacet
  facet normal 0 0 -1
    outer loop
      vertex -1.8354445963233474 -2.621286541724774 0
      vertex -1.4719836261821746 -1.7542417747424595 0
      vertex -1.6 -2.7712812921102037 0
    endloop
  endfacet
  facet normal 0 0 -1
    outer loop
      vertex -2.2627416997969525 -2.2627416997969525 0
      vertex -1.9831981746663643 -1.145 0
      vertex -2.0569203509969256 -2.45134221798073 0
    endloop
  endfacet
  facet normal 0 0 -1
    outer loop
      vertex -2.0569203509969256 -2.45134221798073 0
      vertex -1.9831981746663643 -1.145 0
      vertex -1.875858181421791 -1.3134900392438953 0
    endloop
  endfacet
  facet normal 0 0 -1
    outer loop
      vertex -2.2627416997969525 -2.2627416997969525 0
      vertex -2.075444832313928 -0.9677958193862017 0
      vertex -1.9831981746663643 -1.145 0
    endloop
  endfacet
  facet normal 0 0 -1
    outer loop
      vertex -2.0569203509969256 -2.45134221798073 0
      vertex -1.875858181421791 -1.3134900392438953 0
      vertex -1.7542417747424595 -1.4719836261821746 0
    endloop
  endfacet
  facet normal 0 0 -1
    outer loop
      vertex -1.8354445963233474 -2.621286541724774 0
      vertex -1.6192745289171937 -1.6192745289171937 0
      vertex -1.4719836261821746 -1.7542417747424595 0
    endloop
  endfacet
  facet normal 0 0 -1
    outer loop
      vertex -1.8354445963233474 -2.621286541724774 0
      vertex -1.7542417747424595 -1.4719836261821746 0
      vertex -1.6192745289171937 -1.6192745289171937 0
    endloop
  endfacet
  facet normal 0 0 -1
    outer loop
      vertex -1.6 -2.7712812921102037 0
      vertex -1.4719836261821746 -1.7542417747424595 0
      vertex -1.3134900392438953 -1.875858181421791 0
    endloop
  endfacet
  facet normal -0.6755902076156585 -0.7372773368101257 0
    outer loop
      vertex -2.2627416997969525 -2.2627416997969525 0
      vertex -2.0569203509969256 -2.45134221798073 0
      vertex -2.2627416997969525 -2.2627416997969525 21
    endloop
  endfacet
  facet normal -0.7933533402912348 -0.6087614290087211 0
    outer loop
      vertex -2.621286541724774 -1.8354445963233474 0
      vertex -2.45134221798073 -2.0569203509969256 0
      vertex -2.621286541724774 -1.8354445963233474 21
    endloop
  endfacet
  facet normal -0.8433914458128858 -0.5372996083468236 0
    outer loop
      vertex -2.621286541724774 -1.8354445963233474 0
      vertex -2.7712812921102037 -1.6 21
      vertex -2.7712812921102037 -1.6 0
    endloop
  endfacet
  facet normal -0.7372773368101257 -0.6755902076156585 0
    outer loop
      vertex -2.2627416997969525 -2.2627416997969525 0
      vertex -2.45134221798073 -2.0569203509969256 21
      vertex -2.45134221798073 -2.0569203509969256 0
    endloop
  endfacet
  facet normal -0.6087614290087211 -0.7933533402912348 0
    outer loop
      vertex -1.8354445963233474 -2.621286541724774 0
      vertex -2.0569203509969256 -2.45134221798073 21
      vertex -2.0569203509969256 -2.45134221798073 0
    endloop
  endfacet
  facet normal -0.5372996083468236 -0.8433914458128858 0
    outer loop
      vertex -1.8354445963233474 -2.621286541724774 0
      vertex -1.6 -2.7712812921102037 0
      vertex -1.8354445963233474 -2.621286541724774 21
    endloop
  endfacet
  facet normal -0.46174861323503397 -0.8870108331782217 0
    outer loop
      vertex -1.3523784375702383 -2.90018491851728 0
      vertex -1.6 -2.7712812921102037 21
      vertex -1.6 -2.7712812921102037 0
    endloop
  endfacet
  facet normal 0 0 -1
    outer loop
      vertex -2.2627416997969525 -2.2627416997969525 0
      vertex -2.15189610159973 -0.7832261282157813 0
      vertex -2.075444832313928 -0.9677958193862017 0
    endloop
  endfacet
  facet normal 0 0 -1
    outer loop
      vertex -2.2627416997969525 -2.2627416997969525 0
      vertex -2.255209754397956 -0.3976543268572704 0
      vertex -2.211970142201966 -0.5926956132847725 0
    endloop
  endfacet
  facet normal 0 0 -1
    outer loop
      vertex -2.2627416997969525 -2.2627416997969525 0
      vertex -2.211970142201966 -0.5926956132847725 0
      vertex -2.15189610159973 -0.7832261282157813 0
    endloop
  endfacet
  facet normal 0 0 -1
    outer loop
      vertex -2.45134221798073 -2.0569203509969256 0
      vertex -2.2812858586300973 -0.1995866508921372 0
      vertex -2.255209754397956 -0.3976543268572704 0
    endloop
  endfacet
  facet normal 0 0 -1
    outer loop
      vertex -2.45134221798073 -2.0569203509969256 0
      vertex -2.29 0 0
      vertex -2.2812858586300973 -0.1995866508921372 0
    endloop
  endfacet
  facet normal 0 0 -1
    outer loop
      vertex -2.90018491851728 -1.3523784375702383 0
      vertex -2.7712812921102037 1.6 0
      vertex -2.7712812921102037 -1.6 0
    endloop
  endfacet
  facet normal 0 0 -1
    outer loop
      vertex -2.621286541724774 -1.8354445963233474 0
      vertex -2.45134221798073 2.0569203509969256 0
      vertex -2.45134221798073 -2.0569203509969256 0
    endloop
  endfacet
  facet normal 0 0 -1
    outer loop
      vertex -2.621286541724774 -1.8354445963233474 0
      vertex -2.7712812921102037 -1.6 0
      vertex -2.621286541724774 1.8354445963233474 0
    endloop
  endfacet
  facet normal 0 0 -1
    outer loop
      vertex -2.45134221798073 -2.0569203509969256 0
      vertex -2.2812858586300973 0.1995866508921372 0
      vertex -2.29 0 0
    endloop
  endfacet
  facet normal 0 0 -1
    outer loop
      vertex -1.3523784375702383 -2.90018491851728 0
      vertex -1.6 -2.7712812921102037 0
      vertex -1.3134900392438953 -1.875858181421791 0
    endloop
  endfacet
  facet normal 0 0 -1
    outer loop
      vertex -1.3523784375702383 -2.90018491851728 0
      vertex -0.9677958193862016 -2.075444832313928 0
      vertex -1.09446445864214 -3.0070163865149073 0
    endloop
  endfacet
  facet normal 0 0 -1
    outer loop
      vertex -1.3523784375702383 -2.90018491851728 0
      vertex -1.3134900392438953 -1.875858181421791 0
      vertex -1.145 -1.9831981746663643 0
    endloop
  endfacet
  facet normal 0 0 -1
    outer loop
      vertex -1.3523784375702383 -2.90018491851728 0
      vertex -1.145 -1.9831981746663643 0
      vertex -0.9677958193862016 -2.075444832313928 0
    endloop
  endfacet
  facet normal 0 0 -1
    outer loop
      vertex -1.09446445864214 -3.0070163865149073 0
      vertex -0.7832261282157813 -2.15189610159973 0
      vertex -0.8282209443280664 -3.090962644125019 0
    endloop
  endfacet
  facet normal 0 0 -1
    outer loop
      vertex -1.09446445864214 -3.0070163865149073 0
      vertex -0.9677958193862016 -2.075444832313928 0
      vertex -0.7832261282157813 -2.15189610159973 0
    endloop
  endfacet
  facet normal 0 0 -1
    outer loop
      vertex -0.8282209443280664 -3.090962644125019 0
      vertex -0.7832261282157813 -2.15189610159973 0
      vertex -0.5926956132847725 -2.211970142201966 0
    endloop
  endfacet
  facet normal 0 0 -1
    outer loop
      vertex -0.8282209443280664 -3.090962644125019 0
      vertex -0.3976543268572704 -2.255209754397956 0
      vertex -0.5556741685341771 -3.1513848096390658 0
    endloop
  endfacet
  facet normal 0 0 -1
    outer loop
      vertex -0.8282209443280664 -3.090962644125019 0
      vertex -0.5926956132847725 -2.211970142201966 0
      vertex -0.3976543268572704 -2.255209754397956 0
    endloop
  endfacet
  facet normal 0 0 -1
    outer loop
      vertex -0.5556741685341771 -3.1513848096390658 0
      vertex -0.3976543268572704 -2.255209754397956 0
      vertex -0.1995866508921372 -2.2812858586300973 0
    endloop
  endfacet
  facet normal 0 0 -1
    outer loop
      vertex -0.2788983767925061 -3.187823033893586 0
      vertex -0.1995866508921372 -2.2812858586300973 0
      vertex 0 -2.29 0
    endloop
  endfacet
  facet normal -0.7372773368101257 -0.6755902076156585 0
    outer loop
      vertex -2.2627416997969525 -2.2627416997969525 0
      vertex -2.2627416997969525 -2.2627416997969525 21
      vertex -2.45134221798073 -2.0569203509969256 21
    endloop
  endfacet
  facet normal -0.7933533402912348 -0.6087614290087211 0
    outer loop
      vertex -2.45134221798073 -2.0569203509969256 0
      vertex -2.45134221798073 -2.0569203509969256 21
      vertex -2.621286541724774 -1.8354445963233474 21
    endloop
  endfacet
  facet normal -0.8870108331782217 -0.46174861323503397 0
    outer loop
      vertex -2.7712812921102037 -1.6 0
      vertex -2.7712812921102037 -1.6 21
      vertex -2.90018491851728 -1.3523784375702383 21
    endloop
  endfacet
  facet normal -0.8433914458128858 -0.5372996083468236 0
    outer loop
      vertex -2.621286541724774 -1.8354445963233474 0
      vertex -2.621286541724774 -1.8354445963233474 21
      vertex -2.7712812921102037 -1.6 21
    endloop
  endfacet
  facet normal -0.6087614290087211 -0.7933533402912348 0
    outer loop
      vertex -1.8354445963233474 -2.621286541724774 0
      vertex -1.8354445963233474 -2.621286541724774 21
      vertex -2.0569203509969256 -2.45134221798073 21
    endloop
  endfacet
  facet normal -0.6755902076156585 -0.7372773368101257 0
    outer loop
      vertex -2.0569203509969256 -2.45134221798073 0
      vertex -2.0569203509969256 -2.45134221798073 21
      vertex -2.2627416997969525 -2.2627416997969525 21
    endloop
  endfacet
  facet normal -0.5372996083468236 -0.8433914458128858 0
    outer loop
      vertex -1.6 -2.7712812921102037 0
      vertex -1.6 -2.7712812921102037 21
      vertex -1.8354445963233474 -2.621286541724774 21
    endloop
  endfacet
  facet normal 0 0 -1
    outer loop
      vertex -3.187823033893586 -0.2788983767925061 0
      vertex -3.2 0 0
      vertex -3.187823033893586 0.2788983767925061 0
    endloop
  endfacet
  facet normal 0 0 -1
    outer loop
      vertex -3.187823033893586 -0.2788983767925061 0
      vertex -3.187823033893586 0.2788983767925061 0
      vertex -3.1513848096390658 0.5556741685341771 0
    endloop
  endfacet
  facet normal 0 0 -1
    outer loop
      vertex -3.1513848096390658 -0.5556741685341771 0
      vertex -3.1513848096390658 0.5556741685341771 0
      vertex -3.090962644125019 0.8282209443280664 0
    endloop
  endfacet
  facet normal 0 0 -1
    outer loop
      vertex -3.090962644125019 -0.8282209443280664 0
      vertex -3.090962644125019 0.8282209443280664 0
      vertex -3.0070163865149073 1.09446445864214 0
    endloop
  endfacet
  facet normal 0 0 -1
    outer loop
      vertex -3.0070163865149073 -1.09446445864214 0
      vertex -3.0070163865149073 1.09446445864214 0
      vertex -2.90018491851728 1.3523784375702383 0
    endloop
  endfacet
  facet normal 0 0 -1
    outer loop
      vertex -2.90018491851728 -1.3523784375702383 0
      vertex -2.90018491851728 1.3523784375702383 0
      vertex -2.7712812921102037 1.6 0
    endloop
  endfacet
  facet normal -0.9990482215818578 0.04361938736533554 0
    outer loop
      vertex -3.2 0 0
      vertex -3.187823033893586 0.2788983767925061 21
      vertex -3.187823033893586 0.2788983767925061 0
    endloop
  endfacet
  facet normal -0.9914448613738103 0.13052619222005282 0
    outer loop
      vertex -3.187823033893586 0.2788983767925061 0
      vertex -3.1513848096390658 0.5556741685341771 21
      vertex -3.1513848096390658 0.5556741685341771 0
    endloop
  endfacet
  facet normal -0.9762960071199336 0.21643961393810154 0
    outer loop
      vertex -3.1513848096390658 0.5556741685341771 0
      vertex -3.090962644125019 0.8282209443280664 21
      vertex -3.090962644125019 0.8282209443280664 0
    endloop
  endfacet
  facet normal -0.9537169507482269 0.30070579950427256 0
    outer loop
      vertex -3.090962644125019 0.8282209443280664 0
      vertex -3.0070163865149073 1.09446445864214 21
      vertex -3.0070163865149073 1.09446445864214 0
    endloop
  endfacet
  facet normal -0.9238795325112862 0.3826834323650911 0
    outer loop
      vertex -3.0070163865149073 1.09446445864214 0
      vertex -2.90018491851728 1.3523784375702383 21
      vertex -2.90018491851728 1.3523784375702383 0
    endloop
  endfacet
  facet normal -0.9990482215818578 0.04361938736533554 0
    outer loop
      vertex -3.2 0 0
      vertex -3.2 0 21
      vertex -3.187823033893586 0.2788983767925061 21
    endloop
  endfacet
  facet normal -0.9914448613738103 0.13052619222005282 0
    outer loop
      vertex -3.187823033893586 0.2788983767925061 0
      vertex -3.187823033893586 0.2788983767925061 21
      vertex -3.1513848096390658 0.5556741685341771 21
    endloop
  endfacet
  facet normal -0.9762960071199336 0.21643961393810154 0
    outer loop
      vertex -3.1513848096390658 0.5556741685341771 0
      vertex -3.1513848096390658 0.5556741685341771 21
      vertex -3.090962644125019 0.8282209443280664 21
    endloop
  endfacet
  facet normal -0.9537169507482269 0.30070579950427256 0
    outer loop
      vertex -3.090962644125019 0.8282209443280664 0
      vertex -3.090962644125019 0.8282209443280664 21
      vertex -3.0070163865149073 1.09446445864214 21
    endloop
  endfacet
  facet normal -0.9238795325112862 0.3826834323650911 0
    outer loop
      vertex -3.0070163865149073 1.09446445864214 0
      vertex -3.0070163865149073 1.09446445864214 21
      vertex -2.90018491851728 1.3523784375702383 21
    endloop
  endfacet
  facet normal -0.8870108331782217 0.46174861323503397 0
    outer loop
      vertex -2.90018491851728 1.3523784375702383 0
      vertex -2.90018491851728 1.3523784375702383 21
      vertex -2.7712812921102037 1.6 21
    endloop
  endfacet
  facet normal 0 0 -1
    outer loop
      vertex -2.7712812921102037 -1.6 0
      vertex -2.7712812921102037 1.6 0
      vertex -2.621286541724774 1.8354445963233474 0
    endloop
  endfacet
  facet normal 0 0 -1
    outer loop
      vertex -2.621286541724774 -1.8354445963233474 0
      vertex -2.621286541724774 1.8354445963233474 0
      vertex -2.45134221798073 2.0569203509969256 0
    endloop
  endfacet
  facet normal 0 0 -1
    outer loop
      vertex -2.45134221798073 -2.0569203509969256 0
      vertex -2.2627416997969525 2.2627416997969525 0
      vertex -2.2812858586300973 0.1995866508921372 0
    endloop
  endfacet
  facet normal 0 0 -1
    outer loop
      vertex -2.45134221798073 -2.0569203509969256 0
      vertex -2.45134221798073 2.0569203509969256 0
      vertex -2.2627416997969525 2.2627416997969525 0
    endloop
  endfacet
  facet normal 0 0 -1
    outer loop
      vertex -2.2627416997969525 2.2627416997969525 0
      vertex -2.255209754397956 0.3976543268572704 0
      vertex -2.2812858586300973 0.1995866508921372 0
    endloop
  endfacet
  facet normal 0 0 -1
    outer loop
      vertex -2.2627416997969525 2.2627416997969525 0
      vertex -2.211970142201966 0.5926956132847725 0
      vertex -2.255209754397956 0.3976543268572704 0
    endloop
  endfacet
  facet normal 0 0 -1
    outer loop
      vertex -2.2627416997969525 2.2627416997969525 0
      vertex -2.15189610159973 0.7832261282157813 0
      vertex -2.211970142201966 0.5926956132847725 0
    endloop
  endfacet
  facet normal 0 0 -1
    outer loop
      vertex -2.0569203509969256 2.45134221798073 0
      vertex -2.075444832313928 0.9677958193862017 0
      vertex -2.15189610159973 0.7832261282157813 0
    endloop
  endfacet
  facet normal 0 0 -1
    outer loop
      vertex -2.2627416997969525 2.2627416997969525 0
      vertex -2.0569203509969256 2.45134221798073 0
      vertex -2.15189610159973 0.7832261282157813 0
    endloop
  endfacet
  facet normal 0 0 -1
    outer loop
      vertex -2.0569203509969256 2.45134221798073 0
      vertex -1.9831981746663643 1.145 0
      vertex -2.075444832313928 0.9677958193862017 0
    endloop
  endfacet
  facet normal 0 0 -1
    outer loop
      vertex -1.8354445963233474 2.621286541724774 0
      vertex -1.875858181421791 1.3134900392438953 0
      vertex -1.9831981746663643 1.145 0
    endloop
  endfacet
  facet normal 0 0 -1
    outer loop
      vertex -1.8354445963233474 2.621286541724774 0
      vertex -1.7542417747424595 1.4719836261821746 0
      vertex -1.875858181421791 1.3134900392438953 0
    endloop
  endfacet
  facet normal 0 0 -1
    outer loop
      vertex -2.0569203509969256 2.45134221798073 0
      vertex -1.8354445963233474 2.621286541724774 0
      vertex -1.9831981746663643 1.145 0
    endloop
  endfacet
  facet normal 0 0 -1
    outer loop
      vertex -1.6 2.7712812921102037 0
      vertex -1.6192745289171937 1.6192745289171937 0
      vertex -1.7542417747424595 1.4719836261821746 0
    endloop
  endfacet
  facet normal 0 0 -1
    outer loop
      vertex -1.6 2.7712812921102037 0
      vertex -1.4719836261821746 1.7542417747424595 0
      vertex -1.6192745289171937 1.6192745289171937 0
    endloop
  endfacet
  facet normal 0 0 -1
    outer loop
      vertex -1.8354445963233474 2.621286541724774 0
      vertex -1.6 2.7712812921102037 0
      vertex -1.7542417747424595 1.4719836261821746 0
    endloop
  endfacet
  facet normal 0 0 -1
    outer loop
      vertex -1.6 2.7712812921102037 0
      vertex -1.3523784375702383 2.90018491851728 0
      vertex -1.4719836261821746 1.7542417747424595 0
    endloop
  endfacet
  facet normal -0.8870108331782217 0.46174861323503397 0
    outer loop
      vertex -2.90018491851728 1.3523784375702383 0
      vertex -2.7712812921102037 1.6 21
      vertex -2.7712812921102037 1.6 0
    endloop
  endfacet
  facet normal -0.8433914458128858 0.5372996083468236 0
    outer loop
      vertex -2.7712812921102037 1.6 0
      vertex -2.621286541724774 1.8354445963233474 21
      vertex -2.621286541724774 1.8354445963233474 0
    endloop
  endfacet
  facet normal -0.7933533402912348 0.6087614290087211 0
    outer loop
      vertex -2.621286541724774 1.8354445963233474 0
      vertex -2.45134221798073 2.0569203509969256 21
      vertex -2.45134221798073 2.0569203509969256 0
    endloop
  endfacet
  facet normal -0.7372773368101257 0.6755902076156585 0
    outer loop
      vertex -2.45134221798073 2.0569203509969256 0
      vertex -2.2627416997969525 2.2627416997969525 21
      vertex -2.2627416997969525 2.2627416997969525 0
    endloop
  endfacet
  facet normal -0.6755902076156585 0.7372773368101257 0
    outer loop
      vertex -2.2627416997969525 2.2627416997969525 0
      vertex -2.0569203509969256 2.45134221798073 21
      vertex -2.0569203509969256 2.45134221798073 0
    endloop
  endfacet
  facet normal -0.6087614290087211 0.7933533402912348 0
    outer loop
      vertex -2.0569203509969256 2.45134221798073 0
      vertex -1.8354445963233474 2.621286541724774 21
      vertex -1.8354445963233474 2.621286541724774 0
    endloop
  endfacet
  facet normal -0.5372996083468236 0.8433914458128858 0
    outer loop
      vertex -1.8354445963233474 2.621286541724774 0
      vertex -1.6 2.7712812921102037 21
      vertex -1.6 2.7712812921102037 0
    endloop
  endfacet
  facet normal 0 0 -1
    outer loop
      vertex -1.3523784375702383 2.90018491851728 0
      vertex -1.3134900392438953 1.875858181421791 0
      vertex -1.4719836261821746 1.7542417747424595 0
    endloop
  endfacet
  facet normal 0 0 -1
    outer loop
      vertex -1.3523784375702383 2.90018491851728 0
      vertex -1.145 1.9831981746663643 0
      vertex -1.3134900392438953 1.875858181421791 0
    endloop
  endfacet
  facet normal 0 0 -1
    outer loop
      vertex -1.09446445864214 3.0070163865149073 0
      vertex -0.9677958193862016 2.075444832313928 0
      vertex -1.145 1.9831981746663643 0
    endloop
  endfacet
  facet normal 0 0 -1
    outer loop
      vertex -1.3523784375702383 2.90018491851728 0
      vertex -1.09446445864214 3.0070163865149073 0
      vertex -1.145 1.9831981746663643 0
    endloop
  endfacet
  facet normal 0 0 -1
    outer loop
      vertex -0.8282209443280664 3.090962644125019 0
      vertex -0.7832261282157813 2.15189610159973 0
      vertex -0.9677958193862016 2.075444832313928 0
    endloop
  endfacet
  facet normal 0 0 -1
    outer loop
      vertex -1.09446445864214 3.0070163865149073 0
      vertex -0.8282209443280664 3.090962644125019 0
      vertex -0.9677958193862016 2.075444832313928 0
    endloop
  endfacet
  facet normal 0 0 -1
    outer loop
      vertex -0.8282209443280664 3.090962644125019 0
      vertex -0.5556741685341771 3.1513848096390658 0
      vertex -0.7832261282157813 2.15189610159973 0
    endloop
  endfacet
  facet normal 0 0 -1
    outer loop
      vertex -0.5556741685341771 3.1513848096390658 0
      vertex -0.5926956132847725 2.211970142201966 0
      vertex -0.7832261282157813 2.15189610159973 0
    endloop
  endfacet
  facet normal 0 0 -1
    outer loop
      vertex -0.5556741685341771 3.1513848096390658 0
      vertex -0.3976543268572704 2.255209754397956 0
      vertex -0.5926956132847725 2.211970142201966 0
    endloop
  endfacet
  facet normal 0 0 -1
    outer loop
      vertex -0.2788983767925061 3.187823033893586 0
      vertex -0.1995866508921372 2.2812858586300973 0
      vertex -0.3976543268572704 2.255209754397956 0
    endloop
  endfacet
  facet normal 0 0 -1
    outer loop
      vertex 0 3.2 0
      vertex 0 2.29 0
      vertex -0.1995866508921372 2.2812858586300973 0
    endloop
  endfacet
  facet normal -0.8433914458128858 0.5372996083468236 0
    outer loop
      vertex -2.7712812921102037 1.6 0
      vertex -2.7712812921102037 1.6 21
      vertex -2.621286541724774 1.8354445963233474 21
    endloop
  endfacet
  facet normal -0.7933533402912348 0.6087614290087211 0
    outer loop
      vertex -2.621286541724774 1.8354445963233474 0
      vertex -2.621286541724774 1.8354445963233474 21
      vertex -2.45134221798073 2.0569203509969256 21
    endloop
  endfacet
  facet normal -0.7372773368101257 0.6755902076156585 0
    outer loop
      vertex -2.45134221798073 2.0569203509969256 0
      vertex -2.45134221798073 2.0569203509969256 21
      vertex -2.2627416997969525 2.2627416997969525 21
    endloop
  endfacet
  facet normal -0.6755902076156585 0.7372773368101257 0
    outer loop
      vertex -2.2627416997969525 2.2627416997969525 0
      vertex -2.2627416997969525 2.2627416997969525 21
      vertex -2.0569203509969256 2.45134221798073 21
    endloop
  endfacet
  facet normal -0.6087614290087211 0.7933533402912348 0
    outer loop
      vertex -2.0569203509969256 2.45134221798073 0
      vertex -2.0569203509969256 2.45134221798073 21
      vertex -1.8354445963233474 2.621286541724774 21
    endloop
  endfacet
  facet normal -0.5372996083468236 0.8433914458128858 0
    outer loop
      vertex -1.8354445963233474 2.621286541724774 0
      vertex -1.8354445963233474 2.621286541724774 21
      vertex -1.6 2.7712812921102037 21
    endloop
  endfacet
  facet normal -0.46174861323503397 0.8870108331782217 0
    outer loop
      vertex -1.6 2.7712812921102037 0
      vertex -1.6 2.7712812921102037 21
      vertex -1.3523784375702383 2.90018491851728 21
    endloop
  endfacet
  facet normal -0.46174861323503397 0.8870108331782217 0
    outer loop
      vertex -1.6 2.7712812921102037 0
      vertex -1.3523784375702383 2.90018491851728 21
      vertex -1.3523784375702383 2.90018491851728 0
    endloop
  endfacet
  facet normal 0 0 -1
    outer loop
      vertex -0.5556741685341771 3.1513848096390658 0
      vertex -0.2788983767925061 3.187823033893586 0
      vertex -0.3976543268572704 2.255209754397956 0
    endloop
  endfacet
  facet normal 0 0 -1
    outer loop
      vertex -0.2788983767925061 3.187823033893586 0
      vertex 0 3.2 0
      vertex -0.1995866508921372 2.2812858586300973 0
    endloop
  endfacet
  facet normal -0.3826834323650911 0.9238795325112862 0
    outer loop
      vertex -1.3523784375702383 2.90018491851728 0
      vertex -1.09446445864214 3.0070163865149073 21
      vertex -1.09446445864214 3.0070163865149073 0
    endloop
  endfacet
  facet normal -0.30070579950427256 0.9537169507482269 0
    outer loop
      vertex -1.09446445864214 3.0070163865149073 0
      vertex -0.8282209443280664 3.090962644125019 21
      vertex -0.8282209443280664 3.090962644125019 0
    endloop
  endfacet
  facet normal -0.21643961393810154 0.9762960071199336 0
    outer loop
      vertex -0.8282209443280664 3.090962644125019 0
      vertex -0.5556741685341771 3.1513848096390658 21
      vertex -0.5556741685341771 3.1513848096390658 0
    endloop
  endfacet
  facet normal -0.13052619222005282 0.9914448613738103 0
    outer loop
      vertex -0.5556741685341771 3.1513848096390658 0
      vertex -0.2788983767925061 3.187823033893586 21
      vertex -0.2788983767925061 3.187823033893586 0
    endloop
  endfacet
  facet normal -0.04361938736533554 0.9990482215818578 0
    outer loop
      vertex -0.2788983767925061 3.187823033893586 0
      vertex 0 3.2 21
      vertex 0 3.2 0
    endloop
  endfacet
  facet normal -0.3826834323650911 0.9238795325112862 0
    outer loop
      vertex -1.3523784375702383 2.90018491851728 0
      vertex -1.3523784375702383 2.90018491851728 21
      vertex -1.09446445864214 3.0070163865149073 21
    endloop
  endfacet
  facet normal -0.30070579950427256 0.9537169507482269 0
    outer loop
      vertex -1.09446445864214 3.0070163865149073 0
      vertex -1.09446445864214 3.0070163865149073 21
      vertex -0.8282209443280664 3.090962644125019 21
    endloop
  endfacet
  facet normal -0.21643961393810154 0.9762960071199336 0
    outer loop
      vertex -0.8282209443280664 3.090962644125019 0
      vertex -0.8282209443280664 3.090962644125019 21
      vertex -0.5556741685341771 3.1513848096390658 21
    endloop
  endfacet
  facet normal -0.13052619222005282 0.9914448613738103 0
    outer loop
      vertex -0.5556741685341771 3.1513848096390658 0
      vertex -0.5556741685341771 3.1513848096390658 21
      vertex -0.2788983767925061 3.187823033893586 21
    endloop
  endfacet
  facet normal -0.04361938736533554 0.9990482215818578 0
    outer loop
      vertex -0.2788983767925061 3.187823033893586 0
      vertex -0.2788983767925061 3.187823033893586 21
      vertex 0 3.2 21
    endloop
  endfacet
  facet normal 0 0 -1
    outer loop
      vertex 0 -3.2 0
      vertex 0.1995866508921372 -2.2812858586300973 0
      vertex 0.2788983767925061 -3.187823033893586 0
    endloop
  endfacet
  facet normal 0 0 -1
    outer loop
      vertex 0.2788983767925061 -3.187823033893586 0
      vertex 0.3976543268572704 -2.255209754397956 0
      vertex 0.5556741685341771 -3.1513848096390658 0
    endloop
  endfacet
  facet normal 0.04361938736533554 -0.9990482215818578 0
    outer loop
      vertex 0 -3.2 0
      vertex 0.2788983767925061 -3.187823033893586 0
      vertex 0 -3.2 21
    endloop
  endfacet
  facet normal 0.13052619222005282 -0.9914448613738103 0
    outer loop
      vertex 0.2788983767925061 -3.187823033893586 0
      vertex 0.5556741685341771 -3.1513848096390658 0
      vertex 0.2788983767925061 -3.187823033893586 21
    endloop
  endfacet
  facet normal 0.21643961393810154 -0.9762960071199336 0
    outer loop
      vertex 0.5556741685341771 -3.1513848096390658 0
      vertex 0.8282209443280664 -3.090962644125019 0
      vertex 0.5556741685341771 -3.1513848096390658 21
    endloop
  endfacet
  facet normal 0.30070579950427256 -0.9537169507482269 0
    outer loop
      vertex 0.8282209443280664 -3.090962644125019 0
      vertex 1.09446445864214 -3.0070163865149073 0
      vertex 0.8282209443280664 -3.090962644125019 21
    endloop
  endfacet
  facet normal 0.3826834323650911 -0.9238795325112862 0
    outer loop
      vertex 1.09446445864214 -3.0070163865149073 0
      vertex 1.3523784375702383 -2.90018491851728 0
      vertex 1.09446445864214 -3.0070163865149073 21
    endloop
  endfacet
  facet normal 0.46174861323503397 -0.8870108331782217 0
    outer loop
      vertex 1.3523784375702383 -2.90018491851728 0
      vertex 1.6 -2.7712812921102037 0
      vertex 1.3523784375702383 -2.90018491851728 21
    endloop
  endfacet
  facet normal 0.04361938736533554 -0.9990482215818578 0
    outer loop
      vertex 0.2788983767925061 -3.187823033893586 0
      vertex 0.2788983767925061 -3.187823033893586 21
      vertex 0 -3.2 21
    endloop
  endfacet
  facet normal 0.13052619222005282 -0.9914448613738103 0
    outer loop
      vertex 0.5556741685341771 -3.1513848096390658 0
      vertex 0.5556741685341771 -3.1513848096390658 21
      vertex 0.2788983767925061 -3.187823033893586 21
    endloop
  endfacet
  facet normal 0.21643961393810154 -0.9762960071199336 0
    outer loop
      vertex 0.8282209443280664 -3.090962644125019 0
      vertex 0.8282209443280664 -3.090962644125019 21
      vertex 0.5556741685341771 -3.1513848096390658 21
    endloop
  endfacet
  facet normal 0.30070579950427256 -0.9537169507482269 0
    outer loop
      vertex 1.09446445864214 -3.0070163865149073 0
      vertex 1.09446445864214 -3.0070163865149073 21
      vertex 0.8282209443280664 -3.090962644125019 21
    endloop
  endfacet
  facet normal 0.3826834323650911 -0.9238795325112862 0
    outer loop
      vertex 1.3523784375702383 -2.90018491851728 0
      vertex 1.3523784375702383 -2.90018491851728 21
      vertex 1.09446445864214 -3.0070163865149073 21
    endloop
  endfacet
  facet normal 0 0 -1
    outer loop
      vertex 0 -3.2 0
      vertex 0 -2.29 0
      vertex 0.1995866508921372 -2.2812858586300973 0
    endloop
  endfacet
  facet normal 0 0 -1
    outer loop
      vertex 0.2788983767925061 -3.187823033893586 0
      vertex 0.1995866508921372 -2.2812858586300973 0
      vertex 0.3976543268572704 -2.255209754397956 0
    endloop
  endfacet
  facet normal 0 0 -1
    outer loop
      vertex 0.5556741685341771 -3.1513848096390658 0
      vertex 0.3976543268572704 -2.255209754397956 0
      vertex 0.5926956132847725 -2.211970142201966 0
    endloop
  endfacet
  facet normal 0 0 -1
    outer loop
      vertex 0.5556741685341771 -3.1513848096390658 0
      vertex 0.5926956132847725 -2.211970142201966 0
      vertex 0.7832261282157813 -2.15189610159973 0
    endloop
  endfacet
  facet normal 0 0 -1
    outer loop
      vertex 0.5556741685341771 -3.1513848096390658 0
      vertex 0.7832261282157813 -2.15189610159973 0
      vertex 0.8282209443280664 -3.090962644125019 0
    endloop
  endfacet
  facet normal 0 0 -1
    outer loop
      vertex 0.8282209443280664 -3.090962644125019 0
      vertex 0.9677958193862016 -2.075444832313928 0
      vertex 1.09446445864214 -3.0070163865149073 0
    endloop
  endfacet
  facet normal 0 0 -1
    outer loop
      vertex 0.8282209443280664 -3.090962644125019 0
      vertex 0.7832261282157813 -2.15189610159973 0
      vertex 0.9677958193862016 -2.075444832313928 0
    endloop
  endfacet
  facet normal 0 0 -1
    outer loop
      vertex 1.09446445864214 -3.0070163865149073 0
      vertex 1.145 -1.9831981746663643 0
      vertex 1.3523784375702383 -2.90018491851728 0
    endloop
  endfacet
  facet normal 0 0 -1
    outer loop
      vertex 1.09446445864214 -3.0070163865149073 0
      vertex 0.9677958193862016 -2.075444832313928 0
      vertex 1.145 -1.9831981746663643 0
    endloop
  endfacet
  facet normal 0 0 -1
    outer loop
      vertex 1.3523784375702383 -2.90018491851728 0
      vertex 1.145 -1.9831981746663643 0
      vertex 1.3134900392438953 -1.875858181421791 0
    endloop
  endfacet
  facet normal 0 0 -1
    outer loop
      vertex 1.3523784375702383 -2.90018491851728 0
      vertex 1.3134900392438953 -1.875858181421791 0
      vertex 1.4719836261821746 -1.7542417747424595 0
    endloop
  endfacet
  facet normal 0 0 -1
    outer loop
      vertex 1.3523784375702383 -2.90018491851728 0
      vertex 1.4719836261821746 -1.7542417747424595 0
      vertex 1.6 -2.7712812921102037 0
    endloop
  endfacet
  facet normal 0 0 -1
    outer loop
      vertex 1.6 -2.7712812921102037 0
      vertex 1.7542417747424595 -1.4719836261821746 0
      vertex 1.8354445963233474 -2.621286541724774 0
    endloop
  endfacet
  facet normal 0 0 -1
    outer loop
      vertex 1.6 -2.7712812921102037 0
      vertex 1.4719836261821746 -1.7542417747424595 0
      vertex 1.6192745289171937 -1.6192745289171937 0
    endloop
  endfacet
  facet normal 0 0 -1
    outer loop
      vertex 1.6 -2.7712812921102037 0
      vertex 1.6192745289171937 -1.6192745289171937 0
      vertex 1.7542417747424595 -1.4719836261821746 0
    endloop
  endfacet
  facet normal 0 0 -1
    outer loop
      vertex 1.8354445963233474 -2.621286541724774 0
      vertex 1.9831981746663643 -1.145 0
      vertex 2.0569203509969256 -2.45134221798073 0
    endloop
  endfacet
  facet normal 0 0 -1
    outer loop
      vertex 1.8354445963233474 -2.621286541724774 0
      vertex 1.7542417747424595 -1.4719836261821746 0
      vertex 1.875858181421791 -1.3134900392438953 0
    endloop
  endfacet
  facet normal 0 0 -1
    outer loop
      vertex 1.8354445963233474 -2.621286541724774 0
      vertex 1.875858181421791 -1.3134900392438953 0
      vertex 1.9831981746663643 -1.145 0
    endloop
  endfacet
  facet normal 0 0 -1
    outer loop
      vertex 2.0569203509969256 -2.45134221798073 0
      vertex 1.9831981746663643 -1.145 0
      vertex 2.075444832313928 -0.9677958193862017 0
    endloop
  endfacet
  facet normal 0 0 -1
    outer loop
      vertex 2.0569203509969256 -2.45134221798073 0
      vertex 2.15189610159973 -0.7832261282157813 0
      vertex 2.2627416997969525 -2.2627416997969525 0
    endloop
  endfacet
  facet normal 0.5372996083468236 -0.8433914458128858 0
    outer loop
      vertex 1.6 -2.7712812921102037 0
      vertex 1.8354445963233474 -2.621286541724774 0
      vertex 1.6 -2.7712812921102037 21
    endloop
  endfacet
  facet normal 0.6087614290087211 -0.7933533402912348 0
    outer loop
      vertex 1.8354445963233474 -2.621286541724774 0
      vertex 2.0569203509969256 -2.45134221798073 0
      vertex 1.8354445963233474 -2.621286541724774 21
    endloop
  endfacet
  facet normal 0.6755902076156585 -0.7372773368101257 0
    outer loop
      vertex 2.0569203509969256 -2.45134221798073 0
      vertex 2.2627416997969525 -2.2627416997969525 0
      vertex 2.0569203509969256 -2.45134221798073 21
    endloop
  endfacet
  facet normal 0.7372773368101257 -0.6755902076156585 0
    outer loop
      vertex 2.2627416997969525 -2.2627416997969525 0
      vertex 2.45134221798073 -2.0569203509969256 0
      vertex 2.2627416997969525 -2.2627416997969525 21
    endloop
  endfacet
  facet normal 0.7933533402912348 -0.6087614290087211 0
    outer loop
      vertex 2.45134221798073 -2.0569203509969256 0
      vertex 2.621286541724774 -1.8354445963233474 0
      vertex 2.45134221798073 -2.0569203509969256 21
    endloop
  endfacet
  facet normal 0.8433914458128858 -0.5372996083468236 0
    outer loop
      vertex 2.621286541724774 -1.8354445963233474 0
      vertex 2.7712812921102037 -1.6 0
      vertex 2.621286541724774 -1.8354445963233474 21
    endloop
  endfacet
  facet normal 0.8870108331782217 -0.46174861323503397 0
    outer loop
      vertex 2.7712812921102037 -1.6 0
      vertex 2.90018491851728 -1.3523784375702383 0
      vertex 2.7712812921102037 -1.6 21
    endloop
  endfacet
  facet normal 0 0 -1
    outer loop
      vertex 2.0569203509969256 -2.45134221798073 0
      vertex 2.075444832313928 -0.9677958193862017 0
      vertex 2.15189610159973 -0.7832261282157813 0
    endloop
  endfacet
  facet normal 0 0 -1
    outer loop
      vertex 2.2627416997969525 -2.2627416997969525 0
      vertex 2.15189610159973 -0.7832261282157813 0
      vertex 2.211970142201966 -0.5926956132847725 0
    endloop
  endfacet
  facet normal 0 0 -1
    outer loop
      vertex 2.2627416997969525 -2.2627416997969525 0
      vertex 2.211970142201966 -0.5926956132847725 0
      vertex 2.255209754397956 -0.3976543268572704 0
    endloop
  endfacet
  facet normal 0 0 -1
    outer loop
      vertex 2.2627416997969525 -2.2627416997969525 0
      vertex 2.255209754397956 -0.3976543268572704 0
      vertex 2.2812858586300973 -0.1995866508921372 0
    endloop
  endfacet
  facet normal 0 0 -1
    outer loop
      vertex 2.2627416997969525 -2.2627416997969525 0
      vertex 2.45134221798073 2.0569203509969256 0
      vertex 2.45134221798073 -2.0569203509969256 0
    endloop
  endfacet
  facet normal 0 0 -1
    outer loop
      vertex 2.2627416997969525 -2.2627416997969525 0
      vertex 2.2812858586300973 -0.1995866508921372 0
      vertex 2.45134221798073 2.0569203509969256 0
    endloop
  endfacet
  facet normal 0 0 -1
    outer loop
      vertex 2.45134221798073 -2.0569203509969256 0
      vertex 2.621286541724774 1.8354445963233474 0
      vertex 2.621286541724774 -1.8354445963233474 0
    endloop
  endfacet
  facet normal 0 0 -1
    outer loop
      vertex 2.621286541724774 -1.8354445963233474 0
      vertex 2.7712812921102037 1.6 0
      vertex 2.7712812921102037 -1.6 0
    endloop
  endfacet
  facet normal 0.46174861323503397 -0.8870108331782217 0
    outer loop
      vertex 1.6 -2.7712812921102037 0
      vertex 1.6 -2.7712812921102037 21
      vertex 1.3523784375702383 -2.90018491851728 21
    endloop
  endfacet
  facet normal 0.5372996083468236 -0.8433914458128858 0
    outer loop
      vertex 1.8354445963233474 -2.621286541724774 0
      vertex 1.8354445963233474 -2.621286541724774 21
      vertex 1.6 -2.7712812921102037 21
    endloop
  endfacet
  facet normal 0.6087614290087211 -0.7933533402912348 0
    outer loop
      vertex 2.0569203509969256 -2.45134221798073 0
      vertex 2.0569203509969256 -2.45134221798073 21
      vertex 1.8354445963233474 -2.621286541724774 21
    endloop
  endfacet
  facet normal 0.6755902076156585 -0.7372773368101257 0
    outer loop
      vertex 2.2627416997969525 -2.2627416997969525 0
      vertex 2.2627416997969525 -2.2627416997969525 21
      vertex 2.0569203509969256 -2.45134221798073 21
    endloop
  endfacet
  facet normal 0.7372773368101257 -0.6755902076156585 0
    outer loop
      vertex 2.45134221798073 -2.0569203509969256 0
      vertex 2.45134221798073 -2.0569203509969256 21
      vertex 2.2627416997969525 -2.2627416997969525 21
    endloop
  endfacet
  facet normal 0.7933533402912348 -0.6087614290087211 0
    outer loop
      vertex 2.621286541724774 -1.8354445963233474 0
      vertex 2.621286541724774 -1.8354445963233474 21
      vertex 2.45134221798073 -2.0569203509969256 21
    endloop
  endfacet
  facet normal 0.8433914458128858 -0.5372996083468236 0
    outer loop
      vertex 2.7712812921102037 -1.6 0
      vertex 2.7712812921102037 -1.6 21
      vertex 2.621286541724774 -1.8354445963233474 21
    endloop
  endfacet
  facet normal 0 0 -1
    outer loop
      vertex 2.7712812921102037 -1.6 0
      vertex 2.90018491851728 1.3523784375702383 0
      vertex 2.90018491851728 -1.3523784375702383 0
    endloop
  endfacet
  facet normal 0 0 -1
    outer loop
      vertex 2.90018491851728 -1.3523784375702383 0
      vertex 3.0070163865149073 1.09446445864214 0
      vertex 3.0070163865149073 -1.09446445864214 0
    endloop
  endfacet
  facet normal 0 0 -1
    outer loop
      vertex 3.0070163865149073 -1.09446445864214 0
      vertex 3.090962644125019 0.8282209443280664 0
      vertex 3.090962644125019 -0.8282209443280664 0
    endloop
  endfacet
  facet normal 0 0 -1
    outer loop
      vertex 3.090962644125019 -0.8282209443280664 0
      vertex 3.1513848096390658 0.5556741685341771 0
      vertex 3.1513848096390658 -0.5556741685341771 0
    endloop
  endfacet
  facet normal 0 0 -1
    outer loop
      vertex 3.1513848096390658 -0.5556741685341771 0
      vertex 3.187823033893586 0.2788983767925061 0
      vertex 3.187823033893586 -0.2788983767925061 0
    endloop
  endfacet
  facet normal 0.9238795325112862 -0.3826834323650911 0
    outer loop
      vertex 2.90018491851728 -1.3523784375702383 0
      vertex 3.0070163865149073 -1.09446445864214 0
      vertex 2.90018491851728 -1.3523784375702383 21
    endloop
  endfacet
  facet normal 0.9537169507482269 -0.30070579950427256 0
    outer loop
      vertex 3.0070163865149073 -1.09446445864214 0
      vertex 3.090962644125019 -0.8282209443280664 0
      vertex 3.0070163865149073 -1.09446445864214 21
    endloop
  endfacet
  facet normal 0.9762960071199336 -0.21643961393810154 0
    outer loop
      vertex 3.090962644125019 -0.8282209443280664 0
      vertex 3.1513848096390658 -0.5556741685341771 0
      vertex 3.090962644125019 -0.8282209443280664 21
    endloop
  endfacet
  facet normal 0.9914448613738103 -0.13052619222005282 0
    outer loop
      vertex 3.1513848096390658 -0.5556741685341771 0
      vertex 3.187823033893586 -0.2788983767925061 0
      vertex 3.1513848096390658 -0.5556741685341771 21
    endloop
  endfacet
  facet normal 0.9990482215818578 -0.04361938736533554 0
    outer loop
      vertex 3.187823033893586 -0.2788983767925061 0
      vertex 3.2 0 0
      vertex 3.187823033893586 -0.2788983767925061 21
    endloop
  endfacet
  facet normal 0.8870108331782217 -0.46174861323503397 0
    outer loop
      vertex 2.90018491851728 -1.3523784375702383 0
      vertex 2.90018491851728 -1.3523784375702383 21
      vertex 2.7712812921102037 -1.6 21
    endloop
  endfacet
  facet normal 0.9238795325112862 -0.3826834323650911 0
    outer loop
      vertex 3.0070163865149073 -1.09446445864214 0
      vertex 3.0070163865149073 -1.09446445864214 21
      vertex 2.90018491851728 -1.3523784375702383 21
    endloop
  endfacet
  facet normal 0.9537169507482269 -0.30070579950427256 0
    outer loop
      vertex 3.090962644125019 -0.8282209443280664 0
      vertex 3.090962644125019 -0.8282209443280664 21
      vertex 3.0070163865149073 -1.09446445864214 21
    endloop
  endfacet
  facet normal 0.9762960071199336 -0.21643961393810154 0
    outer loop
      vertex 3.1513848096390658 -0.5556741685341771 0
      vertex 3.1513848096390658 -0.5556741685341771 21
      vertex 3.090962644125019 -0.8282209443280664 21
    endloop
  endfacet
  facet normal 0.9914448613738103 -0.13052619222005282 0
    outer loop
      vertex 3.187823033893586 -0.2788983767925061 0
      vertex 3.187823033893586 -0.2788983767925061 21
      vertex 3.1513848096390658 -0.5556741685341771 21
    endloop
  endfacet
  facet normal 0.9990482215818578 -0.04361938736533554 0
    outer loop
      vertex 3.187823033893586 -0.2788983767925061 21
      vertex 3.2 0 0
      vertex 3.2 0 21
    endloop
  endfacet
  facet normal 0 0 -1
    outer loop
      vertex 0.2788983767925061 3.187823033893586 0
      vertex 0.1995866508921372 2.2812858586300973 0
      vertex 0 2.29 0
    endloop
  endfacet
  facet normal 0 0 -1
    outer loop
      vertex 0.5556741685341771 3.1513848096390658 0
      vertex 0.3976543268572704 2.255209754397956 0
      vertex 0.1995866508921372 2.2812858586300973 0
    endloop
  endfacet
  facet normal 0 0 -1
    outer loop
      vertex 0.8282209443280664 3.090962644125019 0
      vertex 0.5926956132847725 2.211970142201966 0
      vertex 0.3976543268572704 2.255209754397956 0
    endloop
  endfacet
  facet normal 0 0 -1
    outer loop
      vertex 0.5556741685341771 3.1513848096390658 0
      vertex 0.8282209443280664 3.090962644125019 0
      vertex 0.3976543268572704 2.255209754397956 0
    endloop
  endfacet
  facet normal 0 0 -1
    outer loop
      vertex 0.8282209443280664 3.090962644125019 0
      vertex 0.7832261282157813 2.15189610159973 0
      vertex 0.5926956132847725 2.211970142201966 0
    endloop
  endfacet
  facet normal 0 0 -1
    outer loop
      vertex 1.09446445864214 3.0070163865149073 0
      vertex 0.9677958193862016 2.075444832313928 0
      vertex 0.7832261282157813 2.15189610159973 0
    endloop
  endfacet
  facet normal 0 0 -1
    outer loop
      vertex 0.8282209443280664 3.090962644125019 0
      vertex 1.09446445864214 3.0070163865149073 0
      vertex 0.7832261282157813 2.15189610159973 0
    endloop
  endfacet
  facet normal 0 0 -1
    outer loop
      vertex 1.3523784375702383 2.90018491851728 0
      vertex 1.145 1.9831981746663643 0
      vertex 0.9677958193862016 2.075444832313928 0
    endloop
  endfacet
  facet normal 0 0 -1
    outer loop
      vertex 1.3523784375702383 2.90018491851728 0
      vertex 1.3134900392438953 1.875858181421791 0
      vertex 1.145 1.9831981746663643 0
    endloop
  endfacet
  facet normal 0 0 -1
    outer loop
      vertex 1.09446445864214 3.0070163865149073 0
      vertex 1.3523784375702383 2.90018491851728 0
      vertex 0.9677958193862016 2.075444832313928 0
    endloop
  endfacet
  facet normal 0 0 -1
    outer loop
      vertex 1.6 2.7712812921102037 0
      vertex 1.3134900392438953 1.875858181421791 0
      vertex 1.3523784375702383 2.90018491851728 0
    endloop
  endfacet
  facet normal 0 0 -1
    outer loop
      vertex 2.45134221798073 2.0569203509969256 0
      vertex 2.2812858586300973 -0.1995866508921372 0
      vertex 2.29 0 0
    endloop
  endfacet
  facet normal 0 0 -1
    outer loop
      vertex 2.621286541724774 -1.8354445963233474 0
      vertex 2.621286541724774 1.8354445963233474 0
      vertex 2.7712812921102037 1.6 0
    endloop
  endfacet
  facet normal 0 0 -1
    outer loop
      vertex 2.45134221798073 -2.0569203509969256 0
      vertex 2.45134221798073 2.0569203509969256 0
      vertex 2.621286541724774 1.8354445963233474 0
    endloop
  endfacet
  facet normal 0 0 -1
    outer loop
      vertex 2.7712812921102037 -1.6 0
      vertex 2.7712812921102037 1.6 0
      vertex 2.90018491851728 1.3523784375702383 0
    endloop
  endfacet
  facet normal 0 0 -1
    outer loop
      vertex 2.45134221798073 2.0569203509969256 0
      vertex 2.29 0 0
      vertex 2.2812858586300973 0.1995866508921372 0
    endloop
  endfacet
  facet normal 0 0 -1
    outer loop
      vertex 2.45134221798073 2.0569203509969256 0
      vertex 2.2812858586300973 0.1995866508921372 0
      vertex 2.255209754397956 0.3976543268572704 0
    endloop
  endfacet
  facet normal 0 0 -1
    outer loop
      vertex 2.2627416997969525 2.2627416997969525 0
      vertex 2.211970142201966 0.5926956132847725 0
      vertex 2.15189610159973 0.7832261282157813 0
    endloop
  endfacet
  facet normal 0 0 -1
    outer loop
      vertex 2.2627416997969525 2.2627416997969525 0
      vertex 2.255209754397956 0.3976543268572704 0
      vertex 2.211970142201966 0.5926956132847725 0
    endloop
  endfacet
  facet normal 0 0 -1
    outer loop
      vertex 2.2627416997969525 2.2627416997969525 0
      vertex 2.15189610159973 0.7832261282157813 0
      vertex 2.075444832313928 0.9677958193862017 0
    endloop
  endfacet
  facet normal 0 0 -1
    outer loop
      vertex 1.6 2.7712812921102037 0
      vertex 1.4719836261821746 1.7542417747424595 0
      vertex 1.3134900392438953 1.875858181421791 0
    endloop
  endfacet
  facet normal 0 0 -1
    outer loop
      vertex 1.8354445963233474 2.621286541724774 0
      vertex 1.7542417747424595 1.4719836261821746 0
      vertex 1.6192745289171937 1.6192745289171937 0
    endloop
  endfacet
  facet normal 0 0 -1
    outer loop
      vertex 1.8354445963233474 2.621286541724774 0
      vertex 1.6192745289171937 1.6192745289171937 0
      vertex 1.4719836261821746 1.7542417747424595 0
    endloop
  endfacet
  facet normal 0 0 -1
    outer loop
      vertex 2.0569203509969256 2.45134221798073 0
      vertex 1.875858181421791 1.3134900392438953 0
      vertex 1.7542417747424595 1.4719836261821746 0
    endloop
  endfacet
  facet normal 0 0 -1
    outer loop
      vertex 2.2627416997969525 2.2627416997969525 0
      vertex 2.075444832313928 0.9677958193862017 0
      vertex 1.9831981746663643 1.145 0
    endloop
  endfacet
  facet normal 0 0 -1
    outer loop
      vertex 2.0569203509969256 2.45134221798073 0
      vertex 1.9831981746663643 1.145 0
      vertex 1.875858181421791 1.3134900392438953 0
    endloop
  endfacet
  facet normal 0 0 -1
    outer loop
      vertex 2.0569203509969256 2.45134221798073 0
      vertex 2.2627416997969525 2.2627416997969525 0
      vertex 1.9831981746663643 1.145 0
    endloop
  endfacet
  facet normal 0 0 -1
    outer loop
      vertex 1.6 2.7712812921102037 0
      vertex 1.8354445963233474 2.621286541724774 0
      vertex 1.4719836261821746 1.7542417747424595 0
    endloop
  endfacet
  facet normal 0 0 -1
    outer loop
      vertex 2.0569203509969256 2.45134221798073 0
      vertex 1.7542417747424595 1.4719836261821746 0
      vertex 1.8354445963233474 2.621286541724774 0
    endloop
  endfacet
  facet normal 0 0 -1
    outer loop
      vertex 2.45134221798073 2.0569203509969256 0
      vertex 2.255209754397956 0.3976543268572704 0
      vertex 2.2627416997969525 2.2627416997969525 0
    endloop
  endfacet
  facet normal 0.46174861323503397 0.8870108331782217 0
    outer loop
      vertex 1.6 2.7712812921102037 0
      vertex 1.3523784375702383 2.90018491851728 0
      vertex 1.6 2.7712812921102037 21
    endloop
  endfacet
  facet normal 0.5372996083468236 0.8433914458128858 0
    outer loop
      vertex 1.6 2.7712812921102037 0
      vertex 1.8354445963233474 2.621286541724774 21
      vertex 1.8354445963233474 2.621286541724774 0
    endloop
  endfacet
  facet normal 0.6087614290087211 0.7933533402912348 0
    outer loop
      vertex 2.0569203509969256 2.45134221798073 0
      vertex 1.8354445963233474 2.621286541724774 0
      vertex 2.0569203509969256 2.45134221798073 21
    endloop
  endfacet
  facet normal 0.7372773368101257 0.6755902076156585 0
    outer loop
      vertex 2.45134221798073 2.0569203509969256 0
      vertex 2.2627416997969525 2.2627416997969525 0
      vertex 2.45134221798073 2.0569203509969256 21
    endloop
  endfacet
  facet normal 0.8433914458128858 0.5372996083468236 0
    outer loop
      vertex 2.7712812921102037 1.6 0
      vertex 2.621286541724774 1.8354445963233474 0
      vertex 2.7712812921102037 1.6 21
    endloop
  endfacet
  facet normal 0.7933533402912348 0.6087614290087211 0
    outer loop
      vertex 2.45134221798073 2.0569203509969256 0
      vertex 2.621286541724774 1.8354445963233474 21
      vertex 2.621286541724774 1.8354445963233474 0
    endloop
  endfacet
  facet normal 0.6755902076156585 0.7372773368101257 0
    outer loop
      vertex 2.0569203509969256 2.45134221798073 0
      vertex 2.2627416997969525 2.2627416997969525 21
      vertex 2.2627416997969525 2.2627416997969525 0
    endloop
  endfacet
  facet normal 0.5372996083468236 0.8433914458128858 0
    outer loop
      vertex 1.6 2.7712812921102037 0
      vertex 1.6 2.7712812921102037 21
      vertex 1.8354445963233474 2.621286541724774 21
    endloop
  endfacet
  facet normal 0.6755902076156585 0.7372773368101257 0
    outer loop
      vertex 2.0569203509969256 2.45134221798073 0
      vertex 2.0569203509969256 2.45134221798073 21
      vertex 2.2627416997969525 2.2627416997969525 21
    endloop
  endfacet
  facet normal 0.6087614290087211 0.7933533402912348 0
    outer loop
      vertex 1.8354445963233474 2.621286541724774 0
      vertex 1.8354445963233474 2.621286541724774 21
      vertex 2.0569203509969256 2.45134221798073 21
    endloop
  endfacet
  facet normal 0.8433914458128858 0.5372996083468236 0
    outer loop
      vertex 2.621286541724774 1.8354445963233474 0
      vertex 2.621286541724774 1.8354445963233474 21
      vertex 2.7712812921102037 1.6 21
    endloop
  endfacet
  facet normal 0.8870108331782217 0.46174861323503397 0
    outer loop
      vertex 2.7712812921102037 1.6 0
      vertex 2.7712812921102037 1.6 21
      vertex 2.90018491851728 1.3523784375702383 21
    endloop
  endfacet
  facet normal 0.7933533402912348 0.6087614290087211 0
    outer loop
      vertex 2.45134221798073 2.0569203509969256 0
      vertex 2.45134221798073 2.0569203509969256 21
      vertex 2.621286541724774 1.8354445963233474 21
    endloop
  endfacet
  facet normal 0.7372773368101257 0.6755902076156585 0
    outer loop
      vertex 2.2627416997969525 2.2627416997969525 0
      vertex 2.2627416997969525 2.2627416997969525 21
      vertex 2.45134221798073 2.0569203509969256 21
    endloop
  endfacet
  facet normal 0 0 -1
    outer loop
      vertex 0 3.2 0
      vertex 0.2788983767925061 3.187823033893586 0
      vertex 0 2.29 0
    endloop
  endfacet
  facet normal 0 0 -1
    outer loop
      vertex 0.2788983767925061 3.187823033893586 0
      vertex 0.5556741685341771 3.1513848096390658 0
      vertex 0.1995866508921372 2.2812858586300973 0
    endloop
  endfacet
  facet normal 0.04361938736533554 0.9990482215818578 0
    outer loop
      vertex 0 3.2 0
      vertex 0.2788983767925061 3.187823033893586 21
      vertex 0.2788983767925061 3.187823033893586 0
    endloop
  endfacet
  facet normal 0.13052619222005282 0.9914448613738103 0
    outer loop
      vertex 0.2788983767925061 3.187823033893586 0
      vertex 0.5556741685341771 3.1513848096390658 21
      vertex 0.5556741685341771 3.1513848096390658 0
    endloop
  endfacet
  facet normal 0.21643961393810154 0.9762960071199336 0
    outer loop
      vertex 0.5556741685341771 3.1513848096390658 0
      vertex 0.8282209443280664 3.090962644125019 21
      vertex 0.8282209443280664 3.090962644125019 0
    endloop
  endfacet
  facet normal 0.30070579950427256 0.9537169507482269 0
    outer loop
      vertex 0.8282209443280664 3.090962644125019 0
      vertex 1.09446445864214 3.0070163865149073 21
      vertex 1.09446445864214 3.0070163865149073 0
    endloop
  endfacet
  facet normal 0.3826834323650911 0.9238795325112862 0
    outer loop
      vertex 1.09446445864214 3.0070163865149073 0
      vertex 1.3523784375702383 2.90018491851728 21
      vertex 1.3523784375702383 2.90018491851728 0
    endloop
  endfacet
  facet normal 0.04361938736533554 0.9990482215818578 0
    outer loop
      vertex 0 3.2 0
      vertex 0 3.2 21
      vertex 0.2788983767925061 3.187823033893586 21
    endloop
  endfacet
  facet normal 0.13052619222005282 0.9914448613738103 0
    outer loop
      vertex 0.2788983767925061 3.187823033893586 0
      vertex 0.2788983767925061 3.187823033893586 21
      vertex 0.5556741685341771 3.1513848096390658 21
    endloop
  endfacet
  facet normal 0.21643961393810154 0.9762960071199336 0
    outer loop
      vertex 0.5556741685341771 3.1513848096390658 0
      vertex 0.5556741685341771 3.1513848096390658 21
      vertex 0.8282209443280664 3.090962644125019 21
    endloop
  endfacet
  facet normal 0.30070579950427256 0.9537169507482269 0
    outer loop
      vertex 0.8282209443280664 3.090962644125019 0
      vertex 0.8282209443280664 3.090962644125019 21
      vertex 1.09446445864214 3.0070163865149073 21
    endloop
  endfacet
  facet normal 0.3826834323650911 0.9238795325112862 0
    outer loop
      vertex 1.09446445864214 3.0070163865149073 0
      vertex 1.09446445864214 3.0070163865149073 21
      vertex 1.3523784375702383 2.90018491851728 21
    endloop
  endfacet
  facet normal 0.46174861323503397 0.8870108331782217 0
    outer loop
      vertex 1.3523784375702383 2.90018491851728 0
      vertex 1.3523784375702383 2.90018491851728 21
      vertex 1.6 2.7712812921102037 21
    endloop
  endfacet
  facet normal 0 0 -1
    outer loop
      vertex 3.187823033893586 -0.2788983767925061 0
      vertex 3.187823033893586 0.2788983767925061 0
      vertex 3.2 0 0
    endloop
  endfacet
  facet normal 0 0 -1
    outer loop
      vertex 3.1513848096390658 -0.5556741685341771 0
      vertex 3.1513848096390658 0.5556741685341771 0
      vertex 3.187823033893586 0.2788983767925061 0
    endloop
  endfacet
  facet normal 0 0 -1
    outer loop
      vertex 3.090962644125019 -0.8282209443280664 0
      vertex 3.090962644125019 0.8282209443280664 0
      vertex 3.1513848096390658 0.5556741685341771 0
    endloop
  endfacet
  facet normal 0 0 -1
    outer loop
      vertex 3.0070163865149073 -1.09446445864214 0
      vertex 3.0070163865149073 1.09446445864214 0
      vertex 3.090962644125019 0.8282209443280664 0
    endloop
  endfacet
  facet normal 0 0 -1
    outer loop
      vertex 2.90018491851728 -1.3523784375702383 0
      vertex 2.90018491851728 1.3523784375702383 0
      vertex 3.0070163865149073 1.09446445864214 0
    endloop
  endfacet
  facet normal 0.9990482215818578 0.04361938736533554 0
    outer loop
      vertex 3.2 0 0
      vertex 3.187823033893586 0.2788983767925061 0
      vertex 3.2 0 21
    endloop
  endfacet
  facet normal 0.9914448613738103 0.13052619222005282 0
    outer loop
      vertex 3.187823033893586 0.2788983767925061 0
      vertex 3.1513848096390658 0.5556741685341771 0
      vertex 3.187823033893586 0.2788983767925061 21
    endloop
  endfacet
  facet normal 0.9762960071199336 0.21643961393810154 0
    outer loop
      vertex 3.1513848096390658 0.5556741685341771 0
      vertex 3.090962644125019 0.8282209443280664 0
      vertex 3.1513848096390658 0.5556741685341771 21
    endloop
  endfacet
  facet normal 0.9537169507482269 0.30070579950427256 0
    outer loop
      vertex 3.090962644125019 0.8282209443280664 0
      vertex 3.0070163865149073 1.09446445864214 0
      vertex 3.090962644125019 0.8282209443280664 21
    endloop
  endfacet
  facet normal 0.9238795325112862 0.3826834323650911 0
    outer loop
      vertex 3.0070163865149073 1.09446445864214 0
      vertex 2.90018491851728 1.3523784375702383 0
      vertex 3.0070163865149073 1.09446445864214 21
    endloop
  endfacet
  facet normal 0.8870108331782217 0.46174861323503397 0
    outer loop
      vertex 2.7712812921102037 1.6 0
      vertex 2.90018491851728 1.3523784375702383 21
      vertex 2.90018491851728 1.3523784375702383 0
    endloop
  endfacet
  facet normal 0.9990482215818578 0.04361938736533554 0
    outer loop
      vertex 3.187823033893586 0.2788983767925061 0
      vertex 3.187823033893586 0.2788983767925061 21
      vertex 3.2 0 21
    endloop
  endfacet
  facet normal 0.9914448613738103 0.13052619222005282 0
    outer loop
      vertex 3.1513848096390658 0.5556741685341771 0
      vertex 3.1513848096390658 0.5556741685341771 21
      vertex 3.187823033893586 0.2788983767925061 21
    endloop
  endfacet
  facet normal 0.9762960071199336 0.21643961393810154 0
    outer loop
      vertex 3.090962644125019 0.8282209443280664 0
      vertex 3.090962644125019 0.8282209443280664 21
      vertex 3.1513848096390658 0.5556741685341771 21
    endloop
  endfacet
  facet normal 0.9537169507482269 0.30070579950427256 0
    outer loop
      vertex 3.0070163865149073 1.09446445864214 0
      vertex 3.0070163865149073 1.09446445864214 21
      vertex 3.090962644125019 0.8282209443280664 21
    endloop
  endfacet
  facet normal 0.9238795325112862 0.3826834323650911 0
    outer loop
      vertex 2.90018491851728 1.3523784375702383 0
      vertex 2.90018491851728 1.3523784375702383 21
      vertex 3.0070163865149073 1.09446445864214 21
    endloop
  endfacet
  facet normal -0.5612525572486494 -0.4306642342490949 -0.7067700363771036
    outer loop
      vertex -4.358792881346984 -3.6574614991164074 23.49
      vertex -4.660975132004362 -3.2636499228374514 23.49
      vertex -2.45134221798073 -2.0569203509969256 21
    endloop
  endfacet
  facet normal -0.4779418103127178 -0.5215819606107076 -0.7067700363771036
    outer loop
      vertex -3.6574614991164074 -4.358792881346984 23.49
      vertex -4.023437584951455 -4.023437584951455 23.49
      vertex -2.0569203509969256 -2.45134221798073 21
    endloop
  endfacet
  facet normal -0.4306642342490949 -0.5612525572486494 -0.7067700363771034
    outer loop
      vertex -3.6574614991164074 -4.358792881346984 23.49
      vertex -1.8354445963233474 -2.621286541724774 21
      vertex -3.2636499228374514 -4.660975132004362 23.49
    endloop
  endfacet
  facet normal -0.5215819606107077 -0.4779418103127179 -0.7067700363771036
    outer loop
      vertex -4.358792881346984 -3.6574614991164074 23.49
      vertex -2.2627416997969525 -2.2627416997969525 21
      vertex -4.023437584951455 -4.023437584951455 23.49
    endloop
  endfacet
  facet normal -0.6275099292400772 -0.32666099305644236 -0.7067700363771036
    outer loop
      vertex -5.156891308238537 -2.4046979093045793 23.49
      vertex -2.7712812921102037 -1.6 21
      vertex -4.927684547533454 -2.8449999999999993 23.49
    endloop
  endfacet
  facet normal -0.6535924459854128 -0.27072685539176367 -0.7067700363771036
    outer loop
      vertex -2.90018491851728 -1.3523784375702383 21
      vertex -5.156891308238537 -2.4046979093045793 23.49
      vertex -5.346851012271818 -1.9460946155230545 23.49
    endloop
  endfacet
  facet normal -0.6747007295668913 -0.21273232288820684 -0.7067700363771037
    outer loop
      vertex -3.0070163865149073 -1.09446445864214 21
      vertex -5.346851012271818 -1.9460946155230545 23.49
      vertex -5.4961179515847975 -1.4726803666333426 23.49
    endloop
  endfacet
  facet normal -0.690674133200926 -0.15311876895618395 -0.7067700363771036
    outer loop
      vertex -3.090962644125019 -0.8282209443280664 21
      vertex -5.4961179515847975 -1.4726803666333426 23.49
      vertex -5.603556114639463 -0.9880581309248333 23.49
    endloop
  endfacet
  facet normal -0.7013910896408578 -0.09233988873676367 -0.7067700363771036
    outer loop
      vertex -3.1513848096390658 -0.5556741685341771 21
      vertex -5.603556114639463 -0.9880581309248333 23.49
      vertex -5.668347832142031 -0.49591617623417483 23.49
    endloop
  endfacet
  facet normal -0.7067700363771036 -0.030858246207708207 -0.7067700363771036
    outer loop
      vertex -3.187823033893586 -0.2788983767925061 21
      vertex -5.668347832142031 -0.49591617623417483 23.49
      vertex -5.689999999999999 0 23.49
    endloop
  endfacet
  facet normal -0.5966516830323697 -0.3801090433206616 -0.7067700363771034
    outer loop
      vertex -4.660975132004362 -3.2636499228374514 23.49
      vertex -4.927684547533454 -2.8449999999999993 23.49
      vertex -2.621286541724774 -1.8354445963233474 21
    endloop
  endfacet
  facet normal -0.6275099292400773 -0.32666099305644214 -0.7067700363771036
    outer loop
      vertex -2.90018491851728 -1.3523784375702383 21
      vertex -2.7712812921102037 -1.6 21
      vertex -5.156891308238537 -2.4046979093045793 23.49
    endloop
  endfacet
  facet normal -0.6535924459854129 -0.27072685539176367 -0.7067700363771037
    outer loop
      vertex -2.90018491851728 -1.3523784375702383 21
      vertex -5.346851012271818 -1.9460946155230545 23.49
      vertex -3.0070163865149073 -1.09446445864214 21
    endloop
  endfacet
  facet normal -0.5612525572486489 -0.4306642342490961 -0.7067700363771032
    outer loop
      vertex -4.660975132004362 -3.2636499228374514 23.49
      vertex -2.621286541724774 -1.8354445963233474 21
      vertex -2.45134221798073 -2.0569203509969256 21
    endloop
  endfacet
  facet normal -0.521581960610708 -0.47794181031271776 -0.7067700363771034
    outer loop
      vertex -4.358792881346984 -3.6574614991164074 23.49
      vertex -2.45134221798073 -2.0569203509969256 21
      vertex -2.2627416997969525 -2.2627416997969525 21
    endloop
  endfacet
  facet normal -0.5966516830323699 -0.3801090433206611 -0.7067700363771034
    outer loop
      vertex -4.927684547533454 -2.8449999999999993 23.49
      vertex -2.7712812921102037 -1.6 21
      vertex -2.621286541724774 -1.8354445963233474 21
    endloop
  endfacet
  facet normal -0.6906741332009261 -0.1531187689561833 -0.7067700363771037
    outer loop
      vertex -3.090962644125019 -0.8282209443280664 21
      vertex -5.603556114639463 -0.9880581309248333 23.49
      vertex -3.1513848096390658 -0.5556741685341771 21
    endloop
  endfacet
  facet normal -0.6747007295668913 -0.21273232288820698 -0.7067700363771036
    outer loop
      vertex -3.0070163865149073 -1.09446445864214 21
      vertex -5.4961179515847975 -1.4726803666333426 23.49
      vertex -3.090962644125019 -0.8282209443280664 21
    endloop
  endfacet
  facet normal -0.7013910896408577 -0.09233988873676485 -0.7067700363771034
    outer loop
      vertex -3.1513848096390658 -0.5556741685341771 21
      vertex -5.668347832142031 -0.49591617623417483 23.49
      vertex -3.187823033893586 -0.2788983767925061 21
    endloop
  endfacet
  facet normal -0.7067700363771036 -0.03085824620770739 -0.7067700363771037
    outer loop
      vertex -3.187823033893586 -0.2788983767925061 21
      vertex -5.689999999999999 0 23.49
      vertex -3.2 0 21
    endloop
  endfacet
  facet normal -0.3266609930564423 -0.6275099292400771 -0.7067700363771038
    outer loop
      vertex -1.3523784375702383 -2.90018491851728 21
      vertex -2.4046979093045793 -5.156891308238537 23.49
      vertex -2.8449999999999993 -4.927684547533454 23.49
    endloop
  endfacet
  facet normal -0.2707268553917637 -0.6535924459854128 -0.7067700363771037
    outer loop
      vertex -1.09446445864214 -3.0070163865149073 21
      vertex -1.9460946155230545 -5.346851012271818 23.49
      vertex -2.4046979093045793 -5.156891308238537 23.49
    endloop
  endfacet
  facet normal -0.3801090433206616 -0.5966516830323697 -0.7067700363771034
    outer loop
      vertex -3.2636499228374514 -4.660975132004362 23.49
      vertex -1.6 -2.7712812921102037 21
      vertex -2.8449999999999993 -4.927684547533454 23.49
    endloop
  endfacet
  facet normal -0.47794181031271726 -0.5215819606107084 -0.7067700363771033
    outer loop
      vertex -4.023437584951455 -4.023437584951455 23.49
      vertex -2.2627416997969525 -2.2627416997969525 21
      vertex -2.0569203509969256 -2.45134221798073 21
    endloop
  endfacet
  facet normal -0.43066423424909533 -0.5612525572486491 -0.7067700363771034
    outer loop
      vertex -3.6574614991164074 -4.358792881346984 23.49
      vertex -2.0569203509969256 -2.45134221798073 21
      vertex -1.8354445963233474 -2.621286541724774 21
    endloop
  endfacet
  facet normal -0.3801090433206612 -0.5966516830323696 -0.7067700363771038
    outer loop
      vertex -3.2636499228374514 -4.660975132004362 23.49
      vertex -1.8354445963233474 -2.621286541724774 21
      vertex -1.6 -2.7712812921102037 21
    endloop
  endfacet
  facet normal -0.27072685539176367 -0.6535924459854129 -0.7067700363771037
    outer loop
      vertex -1.3523784375702383 -2.90018491851728 21
      vertex -1.09446445864214 -3.0070163865149073 21
      vertex -2.4046979093045793 -5.156891308238537 23.49
    endloop
  endfacet
  facet normal -0.32666099305644214 -0.6275099292400774 -0.7067700363771034
    outer loop
      vertex -1.3523784375702383 -2.90018491851728 21
      vertex -2.8449999999999993 -4.927684547533454 23.49
      vertex -1.6 -2.7712812921102037 21
    endloop
  endfacet
  facet normal -0.21273232288820637 -0.6747007295668914 -0.7067700363771037
    outer loop
      vertex -0.8282209443280664 -3.090962644125019 21
      vertex -1.4726803666333426 -5.4961179515847975 23.49
      vertex -1.9460946155230545 -5.346851012271818 23.49
    endloop
  endfacet
  facet normal -0.15311876895618393 -0.690674133200926 -0.7067700363771034
    outer loop
      vertex -0.5556741685341771 -3.1513848096390658 21
      vertex -0.9880581309248333 -5.603556114639463 23.49
      vertex -1.4726803666333426 -5.4961179515847975 23.49
    endloop
  endfacet
  facet normal -0.09233988873676369 -0.7013910896408577 -0.7067700363771034
    outer loop
      vertex -0.2788983767925061 -3.187823033893586 21
      vertex -0.49591617623417483 -5.668347832142031 23.49
      vertex -0.9880581309248333 -5.603556114639463 23.49
    endloop
  endfacet
  facet normal -0.030858246207707798 -0.7067700363771036 -0.7067700363771036
    outer loop
      vertex -0.49591617623417483 -5.668347832142031 23.49
      vertex 0 -3.2 21
      vertex 0 -5.689999999999999 23.49
    endloop
  endfacet
  facet normal -0.21273232288820698 -0.6747007295668913 -0.7067700363771036
    outer loop
      vertex -1.09446445864214 -3.0070163865149073 21
      vertex -0.8282209443280664 -3.090962644125019 21
      vertex -1.9460946155230545 -5.346851012271818 23.49
    endloop
  endfacet
  facet normal -0.1531187689561833 -0.6906741332009261 -0.7067700363771034
    outer loop
      vertex -0.8282209443280664 -3.090962644125019 21
      vertex -0.5556741685341771 -3.1513848096390658 21
      vertex -1.4726803666333426 -5.4961179515847975 23.49
    endloop
  endfacet
  facet normal -0.09233988873676484 -0.7013910896408576 -0.7067700363771037
    outer loop
      vertex -0.5556741685341771 -3.1513848096390658 21
      vertex -0.2788983767925061 -3.187823033893586 21
      vertex -0.9880581309248333 -5.603556114639463 23.49
    endloop
  endfacet
  facet normal -0.03085824620770739 -0.7067700363771036 -0.7067700363771036
    outer loop
      vertex -0.2788983767925061 -3.187823033893586 21
      vertex 0 -3.2 21
      vertex -0.49591617623417483 -5.668347832142031 23.49
    endloop
  endfacet
  facet normal -0.7067700363771036 0.030858246207707697 -0.7067700363771036
    outer loop
      vertex -3.2 0 21
      vertex -5.689999999999999 0 23.49
      vertex -5.668347832142031 0.49591617623417483 23.49
    endloop
  endfacet
  facet normal -0.7013910896408578 0.09233988873676367 -0.7067700363771036
    outer loop
      vertex -3.187823033893586 0.2788983767925061 21
      vertex -5.668347832142031 0.49591617623417483 23.49
      vertex -5.603556114639463 0.9880581309248334 23.49
    endloop
  endfacet
  facet normal -0.690674133200926 0.15311876895618395 -0.7067700363771034
    outer loop
      vertex -3.1513848096390658 0.5556741685341771 21
      vertex -5.603556114639463 0.9880581309248334 23.49
      vertex -5.4961179515847975 1.4726803666333426 23.49
    endloop
  endfacet
  facet normal -0.6747007295668914 0.21273232288820637 -0.7067700363771037
    outer loop
      vertex -3.090962644125019 0.8282209443280664 21
      vertex -5.4961179515847975 1.4726803666333426 23.49
      vertex -5.346851012271818 1.9460946155230545 23.49
    endloop
  endfacet
  facet normal -0.6535924459854128 0.27072685539176394 -0.7067700363771034
    outer loop
      vertex -3.0070163865149073 1.09446445864214 21
      vertex -5.346851012271818 1.9460946155230545 23.49
      vertex -5.156891308238537 2.404697909304579 23.49
    endloop
  endfacet
  facet normal -0.6275099292400773 0.326660993056442 -0.7067700363771037
    outer loop
      vertex -2.90018491851728 1.3523784375702383 21
      vertex -5.156891308238537 2.404697909304579 23.49
      vertex -4.927684547533454 2.8449999999999993 23.49
    endloop
  endfacet
  facet normal -0.7067700363771036 0.03085824620770739 -0.7067700363771036
    outer loop
      vertex -3.2 0 21
      vertex -5.668347832142031 0.49591617623417483 23.49
      vertex -3.187823033893586 0.2788983767925061 21
    endloop
  endfacet
  facet normal -0.7013910896408576 0.09233988873676484 -0.7067700363771037
    outer loop
      vertex -3.187823033893586 0.2788983767925061 21
      vertex -5.603556114639463 0.9880581309248334 23.49
      vertex -3.1513848096390658 0.5556741685341771 21
    endloop
  endfacet
  facet normal -0.6906741332009261 0.1531187689561833 -0.7067700363771034
    outer loop
      vertex -3.1513848096390658 0.5556741685341771 21
      vertex -5.4961179515847975 1.4726803666333426 23.49
      vertex -3.090962644125019 0.8282209443280664 21
    endloop
  endfacet
  facet normal -0.6747007295668913 0.21273232288820698 -0.7067700363771036
    outer loop
      vertex -3.090962644125019 0.8282209443280664 21
      vertex -5.346851012271818 1.9460946155230545 23.49
      vertex -3.0070163865149073 1.09446445864214 21
    endloop
  endfacet
  facet normal -0.653592445985413 0.27072685539176367 -0.7067700363771036
    outer loop
      vertex -3.0070163865149073 1.09446445864214 21
      vertex -5.156891308238537 2.404697909304579 23.49
      vertex -2.90018491851728 1.3523784375702383 21
    endloop
  endfacet
  facet normal -0.5966516830323697 0.3801090433206616 -0.7067700363771034
    outer loop
      vertex -4.927684547533454 2.8449999999999993 23.49
      vertex -4.660975132004362 3.2636499228374514 23.49
      vertex -2.7712812921102037 1.6 21
    endloop
  endfacet
  facet normal -0.6275099292400774 0.32666099305644214 -0.7067700363771034
    outer loop
      vertex -2.90018491851728 1.3523784375702383 21
      vertex -4.927684547533454 2.8449999999999993 23.49
      vertex -2.7712812921102037 1.6 21
    endloop
  endfacet
  facet normal -0.5966516830323696 0.3801090433206612 -0.7067700363771038
    outer loop
      vertex -4.660975132004362 3.2636499228374514 23.49
      vertex -2.621286541724774 1.8354445963233474 21
      vertex -2.7712812921102037 1.6 21
    endloop
  endfacet
  facet normal -0.5612525572486491 0.43066423424909533 -0.7067700363771034
    outer loop
      vertex -4.358792881346984 3.6574614991164074 23.49
      vertex -2.45134221798073 2.0569203509969256 21
      vertex -2.621286541724774 1.8354445963233474 21
    endloop
  endfacet
  facet normal -0.5215819606107084 0.47794181031271726 -0.7067700363771033
    outer loop
      vertex -4.023437584951455 4.023437584951455 23.49
      vertex -2.2627416997969525 2.2627416997969525 21
      vertex -2.45134221798073 2.0569203509969256 21
    endloop
  endfacet
  facet normal -0.5612525572486494 0.4306642342490949 -0.7067700363771034
    outer loop
      vertex -4.660975132004362 3.2636499228374514 23.49
      vertex -4.358792881346984 3.6574614991164074 23.49
      vertex -2.621286541724774 1.8354445963233474 21
    endloop
  endfacet
  facet normal -0.5215819606107076 0.4779418103127178 -0.7067700363771036
    outer loop
      vertex -4.358792881346984 3.6574614991164074 23.49
      vertex -4.023437584951455 4.023437584951455 23.49
      vertex -2.45134221798073 2.0569203509969256 21
    endloop
  endfacet
  facet normal -0.4779418103127179 0.5215819606107077 -0.7067700363771036
    outer loop
      vertex -4.023437584951455 4.023437584951455 23.49
      vertex -3.6574614991164074 4.358792881346984 23.49
      vertex -2.2627416997969525 2.2627416997969525 21
    endloop
  endfacet
  facet normal -0.4306642342490949 0.5612525572486494 -0.7067700363771036
    outer loop
      vertex -3.6574614991164074 4.358792881346984 23.49
      vertex -3.2636499228374514 4.660975132004362 23.49
      vertex -2.0569203509969256 2.45134221798073 21
    endloop
  endfacet
  facet normal -0.47794181031271776 0.521581960610708 -0.7067700363771034
    outer loop
      vertex -3.6574614991164074 4.358792881346984 23.49
      vertex -2.0569203509969256 2.45134221798073 21
      vertex -2.2627416997969525 2.2627416997969525 21
    endloop
  endfacet
  facet normal -0.4306642342490961 0.5612525572486489 -0.7067700363771032
    outer loop
      vertex -3.2636499228374514 4.660975132004362 23.49
      vertex -1.8354445963233474 2.621286541724774 21
      vertex -2.0569203509969256 2.45134221798073 21
    endloop
  endfacet
  facet normal -0.3801090433206616 0.5966516830323697 -0.7067700363771034
    outer loop
      vertex -3.2636499228374514 4.660975132004362 23.49
      vertex -2.8449999999999993 4.927684547533454 23.49
      vertex -1.8354445963233474 2.621286541724774 21
    endloop
  endfacet
  facet normal -0.3801090433206613 0.5966516830323697 -0.7067700363771036
    outer loop
      vertex -1.8354445963233474 2.621286541724774 21
      vertex -2.8449999999999993 4.927684547533454 23.49
      vertex -1.6 2.7712812921102037 21
    endloop
  endfacet
  facet normal -0.32666099305644214 0.6275099292400773 -0.7067700363771036
    outer loop
      vertex -1.6 2.7712812921102037 21
      vertex -2.4046979093045793 5.156891308238537 23.49
      vertex -1.3523784375702383 2.90018491851728 21
    endloop
  endfacet
  facet normal -0.27072685539176367 0.6535924459854129 -0.7067700363771037
    outer loop
      vertex -1.3523784375702383 2.90018491851728 21
      vertex -1.9460946155230545 5.346851012271818 23.49
      vertex -1.09446445864214 3.0070163865149073 21
    endloop
  endfacet
  facet normal -0.3266609930564423 0.6275099292400772 -0.7067700363771036
    outer loop
      vertex -1.6 2.7712812921102037 21
      vertex -2.8449999999999993 4.927684547533454 23.49
      vertex -2.4046979093045793 5.156891308238537 23.49
    endloop
  endfacet
  facet normal -0.27072685539176367 0.6535924459854128 -0.7067700363771036
    outer loop
      vertex -1.3523784375702383 2.90018491851728 21
      vertex -2.4046979093045793 5.156891308238537 23.49
      vertex -1.9460946155230545 5.346851012271818 23.49
    endloop
  endfacet
  facet normal -0.21273232288820684 0.6747007295668913 -0.7067700363771037
    outer loop
      vertex -1.09446445864214 3.0070163865149073 21
      vertex -1.9460946155230545 5.346851012271818 23.49
      vertex -1.4726803666333426 5.4961179515847975 23.49
    endloop
  endfacet
  facet normal -0.21273232288820698 0.6747007295668913 -0.7067700363771036
    outer loop
      vertex -1.09446445864214 3.0070163865149073 21
      vertex -1.4726803666333426 5.4961179515847975 23.49
      vertex -0.8282209443280664 3.090962644125019 21
    endloop
  endfacet
  facet normal -0.1531187689561833 0.6906741332009261 -0.7067700363771037
    outer loop
      vertex -0.8282209443280664 3.090962644125019 21
      vertex -0.9880581309248333 5.603556114639463 23.49
      vertex -0.5556741685341771 3.1513848096390658 21
    endloop
  endfacet
  facet normal -0.09233988873676485 0.7013910896408577 -0.7067700363771034
    outer loop
      vertex -0.5556741685341771 3.1513848096390658 21
      vertex -0.49591617623417483 5.668347832142031 23.49
      vertex -0.2788983767925061 3.187823033893586 21
    endloop
  endfacet
  facet normal -0.03085824620770739 0.7067700363771036 -0.7067700363771037
    outer loop
      vertex -0.2788983767925061 3.187823033893586 21
      vertex 0 5.689999999999999 23.49
      vertex 0 3.2 21
    endloop
  endfacet
  facet normal -0.15311876895618395 0.690674133200926 -0.7067700363771036
    outer loop
      vertex -0.8282209443280664 3.090962644125019 21
      vertex -1.4726803666333426 5.4961179515847975 23.49
      vertex -0.9880581309248333 5.603556114639463 23.49
    endloop
  endfacet
  facet normal -0.09233988873676367 0.7013910896408578 -0.7067700363771036
    outer loop
      vertex -0.5556741685341771 3.1513848096390658 21
      vertex -0.9880581309248333 5.603556114639463 23.49
      vertex -0.49591617623417483 5.668347832142031 23.49
    endloop
  endfacet
  facet normal -0.030858246207708207 0.7067700363771036 -0.7067700363771036
    outer loop
      vertex -0.2788983767925061 3.187823033893586 21
      vertex -0.49591617623417483 5.668347832142031 23.49
      vertex 0 5.689999999999999 23.49
    endloop
  endfacet
  facet normal 0.030858246207708207 -0.7067700363771036 -0.7067700363771036
    outer loop
      vertex 0.2788983767925061 -3.187823033893586 21
      vertex 0.49591617623417483 -5.668347832142031 23.49
      vertex 0 -5.689999999999999 23.49
    endloop
  endfacet
  facet normal 0.09233988873676367 -0.7013910896408578 -0.7067700363771036
    outer loop
      vertex 0.5556741685341771 -3.1513848096390658 21
      vertex 0.9880581309248333 -5.603556114639463 23.49
      vertex 0.49591617623417483 -5.668347832142031 23.49
    endloop
  endfacet
  facet normal 0.15311876895618395 -0.690674133200926 -0.7067700363771036
    outer loop
      vertex 0.8282209443280664 -3.090962644125019 21
      vertex 1.4726803666333426 -5.4961179515847975 23.49
      vertex 0.9880581309248333 -5.603556114639463 23.49
    endloop
  endfacet
  facet normal 0.03085824620770739 -0.7067700363771036 -0.7067700363771036
    outer loop
      vertex 0 -3.2 21
      vertex 0.2788983767925061 -3.187823033893586 21
      vertex 0 -5.689999999999999 23.49
    endloop
  endfacet
  facet normal 0.09233988873676485 -0.7013910896408577 -0.7067700363771034
    outer loop
      vertex 0.2788983767925061 -3.187823033893586 21
      vertex 0.5556741685341771 -3.1513848096390658 21
      vertex 0.49591617623417483 -5.668347832142031 23.49
    endloop
  endfacet
  facet normal 0.1531187689561833 -0.6906741332009261 -0.7067700363771037
    outer loop
      vertex 0.5556741685341771 -3.1513848096390658 21
      vertex 0.8282209443280664 -3.090962644125019 21
      vertex 0.9880581309248333 -5.603556114639463 23.49
    endloop
  endfacet
  facet normal 0.21273232288820698 -0.6747007295668913 -0.7067700363771036
    outer loop
      vertex 0.8282209443280664 -3.090962644125019 21
      vertex 1.09446445864214 -3.0070163865149073 21
      vertex 1.4726803666333426 -5.4961179515847975 23.49
    endloop
  endfacet
  facet normal 0.21273232288820684 -0.6747007295668913 -0.7067700363771037
    outer loop
      vertex 1.09446445864214 -3.0070163865149073 21
      vertex 1.9460946155230545 -5.346851012271818 23.49
      vertex 1.4726803666333426 -5.4961179515847975 23.49
    endloop
  endfacet
  facet normal 0.27072685539176367 -0.6535924459854128 -0.7067700363771036
    outer loop
      vertex 1.3523784375702383 -2.90018491851728 21
      vertex 2.4046979093045793 -5.156891308238537 23.49
      vertex 1.9460946155230545 -5.346851012271818 23.49
    endloop
  endfacet
  facet normal 0.32666099305644236 -0.6275099292400772 -0.7067700363771036
    outer loop
      vertex 2.4046979093045793 -5.156891308238537 23.49
      vertex 1.6 -2.7712812921102037 21
      vertex 2.8449999999999993 -4.927684547533454 23.49
    endloop
  endfacet
  facet normal 0.27072685539176367 -0.6535924459854129 -0.7067700363771037
    outer loop
      vertex 1.09446445864214 -3.0070163865149073 21
      vertex 1.3523784375702383 -2.90018491851728 21
      vertex 1.9460946155230545 -5.346851012271818 23.49
    endloop
  endfacet
  facet normal 0.32666099305644214 -0.6275099292400773 -0.7067700363771036
    outer loop
      vertex 1.3523784375702383 -2.90018491851728 21
      vertex 1.6 -2.7712812921102037 21
      vertex 2.4046979093045793 -5.156891308238537 23.49
    endloop
  endfacet
  facet normal 0.3801090433206611 -0.5966516830323699 -0.7067700363771034
    outer loop
      vertex 2.8449999999999993 -4.927684547533454 23.49
      vertex 1.6 -2.7712812921102037 21
      vertex 1.8354445963233474 -2.621286541724774 21
    endloop
  endfacet
  facet normal 0.3801090433206616 -0.5966516830323697 -0.7067700363771034
    outer loop
      vertex 2.8449999999999993 -4.927684547533454 23.49
      vertex 1.8354445963233474 -2.621286541724774 21
      vertex 3.2636499228374514 -4.660975132004362 23.49
    endloop
  endfacet
  facet normal 0.4306642342490955 -0.5612525572486491 -0.7067700363771034
    outer loop
      vertex 1.8354445963233474 -2.621286541724774 21
      vertex 2.0569203509969256 -2.45134221798073 21
      vertex 3.2636499228374514 -4.660975132004362 23.49
    endloop
  endfacet
  facet normal 0.4779418103127173 -0.521581960610708 -0.7067700363771036
    outer loop
      vertex 2.0569203509969256 -2.45134221798073 21
      vertex 2.2627416997969525 -2.2627416997969525 21
      vertex 3.6574614991164074 -4.358792881346984 23.49
    endloop
  endfacet
  facet normal 0.4306642342490953 -0.5612525572486492 -0.7067700363771034
    outer loop
      vertex 2.0569203509969256 -2.45134221798073 21
      vertex 3.6574614991164074 -4.358792881346984 23.49
      vertex 3.2636499228374514 -4.660975132004362 23.49
    endloop
  endfacet
  facet normal 0.477941810312718 -0.5215819606107076 -0.7067700363771034
    outer loop
      vertex 2.2627416997969525 -2.2627416997969525 21
      vertex 4.023437584951455 -4.023437584951455 23.49
      vertex 3.6574614991164074 -4.358792881346984 23.49
    endloop
  endfacet
  facet normal 0.5215819606107077 -0.47794181031271765 -0.7067700363771036
    outer loop
      vertex 2.45134221798073 -2.0569203509969256 21
      vertex 4.358792881346984 -3.6574614991164074 23.49
      vertex 4.023437584951455 -4.023437584951455 23.49
    endloop
  endfacet
  facet normal 0.5612525572486494 -0.4306642342490949 -0.7067700363771034
    outer loop
      vertex 2.621286541724774 -1.8354445963233474 21
      vertex 4.660975132004362 -3.2636499228374514 23.49
      vertex 4.358792881346984 -3.6574614991164074 23.49
    endloop
  endfacet
  facet normal 0.5215819606107082 -0.4779418103127174 -0.7067700363771036
    outer loop
      vertex 2.2627416997969525 -2.2627416997969525 21
      vertex 2.45134221798073 -2.0569203509969256 21
      vertex 4.023437584951455 -4.023437584951455 23.49
    endloop
  endfacet
  facet normal 0.561252557248649 -0.43066423424909545 -0.7067700363771037
    outer loop
      vertex 2.45134221798073 -2.0569203509969256 21
      vertex 2.621286541724774 -1.8354445963233474 21
      vertex 4.358792881346984 -3.6574614991164074 23.49
    endloop
  endfacet
  facet normal 0.5966516830323697 -0.3801090433206613 -0.7067700363771034
    outer loop
      vertex 2.621286541724774 -1.8354445963233474 21
      vertex 2.7712812921102037 -1.6 21
      vertex 4.660975132004362 -3.2636499228374514 23.49
    endloop
  endfacet
  facet normal 0.6275099292400774 -0.32666099305644214 -0.7067700363771034
    outer loop
      vertex 2.7712812921102037 -1.6 21
      vertex 2.90018491851728 -1.3523784375702383 21
      vertex 4.927684547533454 -2.8449999999999993 23.49
    endloop
  endfacet
  facet normal 0.5966516830323695 -0.3801090433206616 -0.7067700363771034
    outer loop
      vertex 2.7712812921102037 -1.6 21
      vertex 4.927684547533454 -2.8449999999999993 23.49
      vertex 4.660975132004362 -3.2636499228374514 23.49
    endloop
  endfacet
  facet normal 0.653592445985413 -0.27072685539176367 -0.7067700363771036
    outer loop
      vertex 2.90018491851728 -1.3523784375702383 21
      vertex 3.0070163865149073 -1.09446445864214 21
      vertex 5.156891308238537 -2.404697909304579 23.49
    endloop
  endfacet
  facet normal 0.6747007295668913 -0.21273232288820698 -0.7067700363771036
    outer loop
      vertex 3.0070163865149073 -1.09446445864214 21
      vertex 3.090962644125019 -0.8282209443280664 21
      vertex 5.346851012271818 -1.9460946155230545 23.49
    endloop
  endfacet
  facet normal 0.6906741332009261 -0.1531187689561833 -0.7067700363771034
    outer loop
      vertex 3.090962644125019 -0.8282209443280664 21
      vertex 3.1513848096390658 -0.5556741685341771 21
      vertex 5.4961179515847975 -1.4726803666333426 23.49
    endloop
  endfacet
  facet normal 0.7013910896408576 -0.09233988873676484 -0.7067700363771037
    outer loop
      vertex 3.1513848096390658 -0.5556741685341771 21
      vertex 3.187823033893586 -0.2788983767925061 21
      vertex 5.603556114639463 -0.9880581309248334 23.49
    endloop
  endfacet
  facet normal 0.7067700363771036 -0.03085824620770739 -0.7067700363771036
    outer loop
      vertex 3.187823033893586 -0.2788983767925061 21
      vertex 3.2 0 21
      vertex 5.668347832142031 -0.49591617623417483 23.49
    endloop
  endfacet
  facet normal 0.6275099292400773 -0.326660993056442 -0.7067700363771037
    outer loop
      vertex 2.90018491851728 -1.3523784375702383 21
      vertex 5.156891308238537 -2.404697909304579 23.49
      vertex 4.927684547533454 -2.8449999999999993 23.49
    endloop
  endfacet
  facet normal 0.6535924459854128 -0.27072685539176394 -0.7067700363771034
    outer loop
      vertex 3.0070163865149073 -1.09446445864214 21
      vertex 5.346851012271818 -1.9460946155230545 23.49
      vertex 5.156891308238537 -2.404697909304579 23.49
    endloop
  endfacet
  facet normal 0.6747007295668914 -0.21273232288820637 -0.7067700363771037
    outer loop
      vertex 3.090962644125019 -0.8282209443280664 21
      vertex 5.4961179515847975 -1.4726803666333426 23.49
      vertex 5.346851012271818 -1.9460946155230545 23.49
    endloop
  endfacet
  facet normal 0.690674133200926 -0.15311876895618395 -0.7067700363771034
    outer loop
      vertex 3.1513848096390658 -0.5556741685341771 21
      vertex 5.603556114639463 -0.9880581309248334 23.49
      vertex 5.4961179515847975 -1.4726803666333426 23.49
    endloop
  endfacet
  facet normal 0.7013910896408578 -0.09233988873676367 -0.7067700363771036
    outer loop
      vertex 3.187823033893586 -0.2788983767925061 21
      vertex 5.668347832142031 -0.49591617623417483 23.49
      vertex 5.603556114639463 -0.9880581309248334 23.49
    endloop
  endfacet
  facet normal 0.7067700363771036 -0.030858246207707798 -0.7067700363771036
    outer loop
      vertex 5.668347832142031 -0.49591617623417483 23.49
      vertex 3.2 0 21
      vertex 5.689999999999999 0 23.49
    endloop
  endfacet
  facet normal 0.03085824620770739 0.7067700363771036 -0.7067700363771036
    outer loop
      vertex 0 3.2 21
      vertex 0.49591617623417483 5.668347832142031 23.49
      vertex 0.2788983767925061 3.187823033893586 21
    endloop
  endfacet
  facet normal 0.09233988873676484 0.7013910896408576 -0.7067700363771037
    outer loop
      vertex 0.2788983767925061 3.187823033893586 21
      vertex 0.9880581309248333 5.603556114639463 23.49
      vertex 0.5556741685341771 3.1513848096390658 21
    endloop
  endfacet
  facet normal 0.1531187689561833 0.6906741332009261 -0.7067700363771034
    outer loop
      vertex 0.5556741685341771 3.1513848096390658 21
      vertex 1.4726803666333426 5.4961179515847975 23.49
      vertex 0.8282209443280664 3.090962644125019 21
    endloop
  endfacet
  facet normal 0.21273232288820698 0.6747007295668913 -0.7067700363771036
    outer loop
      vertex 0.8282209443280664 3.090962644125019 21
      vertex 1.9460946155230545 5.346851012271818 23.49
      vertex 1.09446445864214 3.0070163865149073 21
    endloop
  endfacet
  facet normal 0.030858246207707697 0.7067700363771036 -0.7067700363771036
    outer loop
      vertex 0 3.2 21
      vertex 0 5.689999999999999 23.49
      vertex 0.49591617623417483 5.668347832142031 23.49
    endloop
  endfacet
  facet normal 0.09233988873676369 0.7013910896408577 -0.7067700363771034
    outer loop
      vertex 0.2788983767925061 3.187823033893586 21
      vertex 0.49591617623417483 5.668347832142031 23.49
      vertex 0.9880581309248333 5.603556114639463 23.49
    endloop
  endfacet
  facet normal 0.15311876895618393 0.690674133200926 -0.7067700363771034
    outer loop
      vertex 0.5556741685341771 3.1513848096390658 21
      vertex 0.9880581309248333 5.603556114639463 23.49
      vertex 1.4726803666333426 5.4961179515847975 23.49
    endloop
  endfacet
  facet normal 0.21273232288820637 0.6747007295668914 -0.7067700363771037
    outer loop
      vertex 0.8282209443280664 3.090962644125019 21
      vertex 1.4726803666333426 5.4961179515847975 23.49
      vertex 1.9460946155230545 5.346851012271818 23.49
    endloop
  endfacet
  facet normal 0.32666099305644214 0.6275099292400774 -0.7067700363771034
    outer loop
      vertex 1.6 2.7712812921102037 21
      vertex 1.3523784375702383 2.90018491851728 21
      vertex 2.8449999999999993 4.927684547533454 23.49
    endloop
  endfacet
  facet normal 0.27072685539176367 0.653592445985413 -0.7067700363771036
    outer loop
      vertex 1.09446445864214 3.0070163865149073 21
      vertex 2.4046979093045793 5.156891308238537 23.49
      vertex 1.3523784375702383 2.90018491851728 21
    endloop
  endfacet
  facet normal 0.3801090433206613 0.5966516830323697 -0.7067700363771034
    outer loop
      vertex 1.6 2.7712812921102037 21
      vertex 3.2636499228374514 4.660975132004362 23.49
      vertex 1.8354445963233474 2.621286541724774 21
    endloop
  endfacet
  facet normal 0.43066423424909545 0.561252557248649 -0.7067700363771037
    outer loop
      vertex 2.0569203509969256 2.45134221798073 21
      vertex 1.8354445963233474 2.621286541724774 21
      vertex 3.6574614991164074 4.358792881346984 23.49
    endloop
  endfacet
  facet normal 0.4779418103127174 0.5215819606107082 -0.7067700363771036
    outer loop
      vertex 2.0569203509969256 2.45134221798073 21
      vertex 4.023437584951455 4.023437584951455 23.49
      vertex 2.2627416997969525 2.2627416997969525 21
    endloop
  endfacet
  facet normal 0.3801090433206616 0.5966516830323695 -0.7067700363771034
    outer loop
      vertex 1.6 2.7712812921102037 21
      vertex 2.8449999999999993 4.927684547533454 23.49
      vertex 3.2636499228374514 4.660975132004362 23.49
    endloop
  endfacet
  facet normal 0.2707268553917637 0.6535924459854128 -0.7067700363771037
    outer loop
      vertex 1.09446445864214 3.0070163865149073 21
      vertex 1.9460946155230545 5.346851012271818 23.49
      vertex 2.4046979093045793 5.156891308238537 23.49
    endloop
  endfacet
  facet normal 0.3266609930564423 0.6275099292400771 -0.7067700363771038
    outer loop
      vertex 1.3523784375702383 2.90018491851728 21
      vertex 2.4046979093045793 5.156891308238537 23.49
      vertex 2.8449999999999993 4.927684547533454 23.49
    endloop
  endfacet
  facet normal 0.7067700363771036 0.03085824620770739 -0.7067700363771036
    outer loop
      vertex 3.2 0 21
      vertex 3.187823033893586 0.2788983767925061 21
      vertex 5.689999999999999 0 23.49
    endloop
  endfacet
  facet normal 0.7013910896408577 0.09233988873676485 -0.7067700363771034
    outer loop
      vertex 3.187823033893586 0.2788983767925061 21
      vertex 3.1513848096390658 0.5556741685341771 21
      vertex 5.668347832142031 0.49591617623417483 23.49
    endloop
  endfacet
  facet normal 0.6747007295668913 0.21273232288820698 -0.7067700363771036
    outer loop
      vertex 3.090962644125019 0.8282209443280664 21
      vertex 3.0070163865149073 1.09446445864214 21
      vertex 5.4961179515847975 1.4726803666333426 23.49
    endloop
  endfacet
  facet normal 0.6906741332009261 0.1531187689561833 -0.7067700363771037
    outer loop
      vertex 3.1513848096390658 0.5556741685341771 21
      vertex 3.090962644125019 0.8282209443280664 21
      vertex 5.603556114639463 0.9880581309248333 23.49
    endloop
  endfacet
  facet normal 0.5966516830323697 0.3801090433206613 -0.7067700363771036
    outer loop
      vertex 2.7712812921102037 1.6 21
      vertex 2.621286541724774 1.8354445963233474 21
      vertex 4.927684547533454 2.8449999999999993 23.49
    endloop
  endfacet
  facet normal 0.521581960610708 0.4779418103127173 -0.7067700363771036
    outer loop
      vertex 2.45134221798073 2.0569203509969256 21
      vertex 2.2627416997969525 2.2627416997969525 21
      vertex 4.358792881346984 3.6574614991164074 23.49
    endloop
  endfacet
  facet normal 0.561252557248649 0.43066423424909545 -0.7067700363771034
    outer loop
      vertex 2.45134221798073 2.0569203509969256 21
      vertex 4.660975132004362 3.2636499228374514 23.49
      vertex 2.621286541724774 1.8354445963233474 21
    endloop
  endfacet
  facet normal 0.6535924459854129 0.27072685539176367 -0.7067700363771037
    outer loop
      vertex 3.0070163865149073 1.09446445864214 21
      vertex 2.90018491851728 1.3523784375702383 21
      vertex 5.346851012271818 1.9460946155230545 23.49
    endloop
  endfacet
  facet normal 0.6275099292400773 0.32666099305644214 -0.7067700363771036
    outer loop
      vertex 2.7712812921102037 1.6 21
      vertex 5.156891308238537 2.4046979093045793 23.49
      vertex 2.90018491851728 1.3523784375702383 21
    endloop
  endfacet
  facet normal 0.5966516830323697 0.38010904332066153 -0.7067700363771033
    outer loop
      vertex 2.621286541724774 1.8354445963233474 21
      vertex 4.660975132004362 3.2636499228374514 23.49
      vertex 4.927684547533454 2.8449999999999993 23.49
    endloop
  endfacet
  facet normal 0.7067700363771036 0.030858246207708207 -0.7067700363771036
    outer loop
      vertex 3.187823033893586 0.2788983767925061 21
      vertex 5.668347832142031 0.49591617623417483 23.49
      vertex 5.689999999999999 0 23.49
    endloop
  endfacet
  facet normal 0.7013910896408578 0.09233988873676367 -0.7067700363771036
    outer loop
      vertex 3.1513848096390658 0.5556741685341771 21
      vertex 5.603556114639463 0.9880581309248333 23.49
      vertex 5.668347832142031 0.49591617623417483 23.49
    endloop
  endfacet
  facet normal 0.690674133200926 0.15311876895618395 -0.7067700363771036
    outer loop
      vertex 3.090962644125019 0.8282209443280664 21
      vertex 5.4961179515847975 1.4726803666333426 23.49
      vertex 5.603556114639463 0.9880581309248333 23.49
    endloop
  endfacet
  facet normal 0.6747007295668913 0.21273232288820684 -0.7067700363771037
    outer loop
      vertex 3.0070163865149073 1.09446445864214 21
      vertex 5.346851012271818 1.9460946155230545 23.49
      vertex 5.4961179515847975 1.4726803666333426 23.49
    endloop
  endfacet
  facet normal 0.6535924459854128 0.27072685539176367 -0.7067700363771036
    outer loop
      vertex 2.90018491851728 1.3523784375702383 21
      vertex 5.156891308238537 2.4046979093045793 23.49
      vertex 5.346851012271818 1.9460946155230545 23.49
    endloop
  endfacet
  facet normal 0.6275099292400772 0.3266609930564423 -0.7067700363771036
    outer loop
      vertex 2.7712812921102037 1.6 21
      vertex 4.927684547533454 2.8449999999999993 23.49
      vertex 5.156891308238537 2.4046979093045793 23.49
    endloop
  endfacet
  facet normal 0.5215819606107076 0.477941810312718 -0.7067700363771034
    outer loop
      vertex 2.2627416997969525 2.2627416997969525 21
      vertex 4.023437584951455 4.023437584951455 23.49
      vertex 4.358792881346984 3.6574614991164074 23.49
    endloop
  endfacet
  facet normal 0.4306642342490949 0.5612525572486494 -0.7067700363771034
    outer loop
      vertex 1.8354445963233474 2.621286541724774 21
      vertex 3.2636499228374514 4.660975132004362 23.49
      vertex 3.6574614991164074 4.358792881346984 23.49
    endloop
  endfacet
  facet normal 0.47794181031271765 0.5215819606107077 -0.7067700363771036
    outer loop
      vertex 2.0569203509969256 2.45134221798073 21
      vertex 3.6574614991164074 4.358792881346984 23.49
      vertex 4.023437584951455 4.023437584951455 23.49
    endloop
  endfacet
  facet normal 0.5612525572486492 0.4306642342490953 -0.7067700363771034
    outer loop
      vertex 2.45134221798073 2.0569203509969256 21
      vertex 4.358792881346984 3.6574614991164074 23.49
      vertex 4.660975132004362 3.2636499228374514 23.49
    endloop
  endfacet
  facet normal 0 0 -1
    outer loop
      vertex -4.669166652447253 -3.2693856872009626 23.49
      vertex -4.9363448015713 -2.85 23.49
      vertex -4.927684547533454 -2.8449999999999993 23.49
    endloop
  endfacet
  facet normal -0.8433914458128858 -0.5372996083468237 0
    outer loop
      vertex -4.669166652447253 -3.2693856872009626 23.49
      vertex -4.9363448015713 -2.85 24.689999999999998
      vertex -4.9363448015713 -2.85 23.49
    endloop
  endfacet
  facet normal 0 0 -1
    outer loop
      vertex -4.669166652447253 -3.2693856872009626 23.49
      vertex -4.927684547533454 -2.8449999999999993 23.49
      vertex -4.660975132004362 -3.2636499228374514 23.49
    endloop
  endfacet
  facet normal -0.8433914458128858 -0.5372996083468237 0
    outer loop
      vertex -4.669166652447253 -3.2693856872009626 23.49
      vertex -4.669166652447253 -3.2693856872009626 24.689999999999998
      vertex -4.9363448015713 -2.85 24.689999999999998
    endloop
  endfacet
  facet normal 0 0 -1
    outer loop
      vertex -4.366453325778175 -3.663889375213274 23.49
      vertex -4.669166652447253 -3.2693856872009626 23.49
      vertex -4.660975132004362 -3.2636499228374514 23.49
    endloop
  endfacet
  facet normal 0 0 -1
    outer loop
      vertex -4.366453325778175 -3.663889375213274 23.49
      vertex -4.660975132004362 -3.2636499228374514 23.49
      vertex -4.358792881346984 -3.6574614991164074 23.49
    endloop
  endfacet
  facet normal -0.7933533402912354 -0.6087614290087204 0
    outer loop
      vertex -4.366453325778175 -3.663889375213274 23.49
      vertex -4.669166652447253 -3.2693856872009626 24.689999999999998
      vertex -4.669166652447253 -3.2693856872009626 23.49
    endloop
  endfacet
  facet normal -0.7933533402912354 -0.6087614290087204 0
    outer loop
      vertex -4.366453325778175 -3.663889375213274 23.49
      vertex -4.366453325778175 -3.663889375213274 24.689999999999998
      vertex -4.669166652447253 -3.2693856872009626 24.689999999999998
    endloop
  endfacet
  facet normal 0 0 -1
    outer loop
      vertex -3.663889375213274 -4.366453325778175 23.49
      vertex -3.6574614991164074 -4.358792881346984 23.49
      vertex -3.2693856872009626 -4.669166652447253 23.49
    endloop
  endfacet
  facet normal 0 0 -1
    outer loop
      vertex -3.6574614991164074 -4.358792881346984 23.49
      vertex -3.2636499228374514 -4.660975132004362 23.49
      vertex -3.2693856872009626 -4.669166652447253 23.49
    endloop
  endfacet
  facet normal -0.6087614290087204 -0.7933533402912354 0
    outer loop
      vertex -3.663889375213274 -4.366453325778175 23.49
      vertex -3.2693856872009626 -4.669166652447253 23.49
      vertex -3.2693856872009626 -4.669166652447253 24.689999999999998
    endloop
  endfacet
  facet normal -0.6087614290087204 -0.7933533402912354 0
    outer loop
      vertex -3.663889375213274 -4.366453325778175 23.49
      vertex -3.2693856872009626 -4.669166652447253 24.689999999999998
      vertex -3.663889375213274 -4.366453325778175 24.689999999999998
    endloop
  endfacet
  facet normal 0 0 -1
    outer loop
      vertex -3.2693856872009626 -4.669166652447253 23.49
      vertex -3.2636499228374514 -4.660975132004362 23.49
      vertex -2.85 -4.9363448015713 23.49
    endloop
  endfacet
  facet normal 0 0 -1
    outer loop
      vertex -3.2636499228374514 -4.660975132004362 23.49
      vertex -2.8449999999999993 -4.927684547533454 23.49
      vertex -2.85 -4.9363448015713 23.49
    endloop
  endfacet
  facet normal -0.5372996083468237 -0.8433914458128858 0
    outer loop
      vertex -3.2693856872009626 -4.669166652447253 23.49
      vertex -2.85 -4.9363448015713 23.49
      vertex -2.85 -4.9363448015713 24.689999999999998
    endloop
  endfacet
  facet normal -0.5372996083468237 -0.8433914458128858 0
    outer loop
      vertex -3.2693856872009626 -4.669166652447253 23.49
      vertex -2.85 -4.9363448015713 24.689999999999998
      vertex -3.2693856872009626 -4.669166652447253 24.689999999999998
    endloop
  endfacet
  facet normal 0 0 -1
    outer loop
      vertex -4.366453325778175 -3.663889375213274 23.49
      vertex -4.358792881346984 -3.6574614991164074 23.49
      vertex -4.030508652763321 -4.030508652763321 23.49
    endloop
  endfacet
  facet normal 0 0 -1
    outer loop
      vertex -4.358792881346984 -3.6574614991164074 23.49
      vertex -4.023437584951455 -4.023437584951455 23.49
      vertex -4.030508652763321 -4.030508652763321 23.49
    endloop
  endfacet
  facet normal -0.7372773368101241 -0.6755902076156601 0
    outer loop
      vertex -4.366453325778175 -3.663889375213274 23.49
      vertex -4.030508652763321 -4.030508652763321 23.49
      vertex -4.366453325778175 -3.663889375213274 24.689999999999998
    endloop
  endfacet
  facet normal -0.7372773368101241 -0.6755902076156601 0
    outer loop
      vertex -4.366453325778175 -3.663889375213274 24.689999999999998
      vertex -4.030508652763321 -4.030508652763321 23.49
      vertex -4.030508652763321 -4.030508652763321 24.689999999999998
    endloop
  endfacet
  facet normal 0 0 -1
    outer loop
      vertex -3.663889375213274 -4.366453325778175 23.49
      vertex -4.030508652763321 -4.030508652763321 23.49
      vertex -4.023437584951455 -4.023437584951455 23.49
    endloop
  endfacet
  facet normal 0 0 -1
    outer loop
      vertex -3.663889375213274 -4.366453325778175 23.49
      vertex -4.023437584951455 -4.023437584951455 23.49
      vertex -3.6574614991164074 -4.358792881346984 23.49
    endloop
  endfacet
  facet normal -0.6755902076156601 -0.7372773368101241 0
    outer loop
      vertex -3.663889375213274 -4.366453325778175 23.49
      vertex -3.663889375213274 -4.366453325778175 24.689999999999998
      vertex -4.030508652763321 -4.030508652763321 23.49
    endloop
  endfacet
  facet normal -0.6755902076156601 -0.7372773368101241 0
    outer loop
      vertex -3.663889375213274 -4.366453325778175 24.689999999999998
      vertex -4.030508652763321 -4.030508652763321 24.689999999999998
      vertex -4.030508652763321 -4.030508652763321 23.49
    endloop
  endfacet
  facet normal 0 0 1
    outer loop
      vertex -3.663889375213274 -4.366453325778175 24.689999999999998
      vertex -3.7587704831436337 -1.3680805733026749 24.689999999999998
      vertex -4.030508652763321 -4.030508652763321 24.689999999999998
    endloop
  endfacet
  facet normal 0 0 1
    outer loop
      vertex -3.663889375213274 -4.366453325778175 24.689999999999998
      vertex -3.2693856872009626 -4.669166652447253 24.689999999999998
      vertex -3.276608177155967 -2.294305745404184 24.689999999999998
    endloop
  endfacet
  facet normal 0 0 1
    outer loop
      vertex -3.2693856872009626 -4.669166652447253 24.689999999999998
      vertex -2.85 -4.9363448015713 24.689999999999998
      vertex -2.8284271247461903 -2.8284271247461903 24.689999999999998
    endloop
  endfacet
  facet normal 0 0 1
    outer loop
      vertex -3.663889375213274 -4.366453325778175 24.689999999999998
      vertex -3.276608177155967 -2.294305745404184 24.689999999999998
      vertex -3.4641016151377544 -2 24.689999999999998
    endloop
  endfacet
  facet normal 0 0 1
    outer loop
      vertex -3.2693856872009626 -4.669166652447253 24.689999999999998
      vertex -2.8284271247461903 -2.8284271247461903 24.689999999999998
      vertex -3.064177772475912 -2.571150438746157 24.689999999999998
    endloop
  endfacet
  facet normal 0 0 1
    outer loop
      vertex -3.2693856872009626 -4.669166652447253 24.689999999999998
      vertex -3.064177772475912 -2.571150438746157 24.689999999999998
      vertex -3.276608177155967 -2.294305745404184 24.689999999999998
    endloop
  endfacet
  facet normal 0 0 -1
    outer loop
      vertex -5.156891308238537 -2.4046979093045793 23.49
      vertex -4.927684547533454 -2.8449999999999993 23.49
      vertex -4.9363448015713 -2.85 23.49
    endloop
  endfacet
  facet normal 0 0 -1
    outer loop
      vertex -5.165954386108905 -2.4089240919219868 23.49
      vertex -5.156891308238537 -2.4046979093045793 23.49
      vertex -4.9363448015713 -2.85 23.49
    endloop
  endfacet
  facet normal -0.8870108331782214 -0.4617486132350345 0
    outer loop
      vertex -5.165954386108905 -2.4089240919219868 23.49
      vertex -4.9363448015713 -2.85 23.49
      vertex -5.165954386108905 -2.4089240919219868 24.689999999999998
    endloop
  endfacet
  facet normal -0.8870108331782214 -0.4617486132350345 0
    outer loop
      vertex -5.165954386108905 -2.4089240919219868 24.689999999999998
      vertex -4.9363448015713 -2.85 23.49
      vertex -4.9363448015713 -2.85 24.689999999999998
    endloop
  endfacet
  facet normal 0 0 -1
    outer loop
      vertex -5.165954386108905 -2.4089240919219868 23.49
      vertex -5.346851012271818 -1.9460946155230545 23.49
      vertex -5.156891308238537 -2.4046979093045793 23.49
    endloop
  endfacet
  facet normal -0.9238795325112863 -0.3826834323650908 0
    outer loop
      vertex -5.165954386108905 -2.4089240919219868 23.49
      vertex -5.165954386108905 -2.4089240919219868 24.689999999999998
      vertex -5.356247938479679 -1.9495148169563117 24.689999999999998
    endloop
  endfacet
  facet normal 0 0 -1
    outer loop
      vertex -5.356247938479679 -1.9495148169563117 23.49
      vertex -5.4961179515847975 -1.4726803666333426 23.49
      vertex -5.346851012271818 -1.9460946155230545 23.49
    endloop
  endfacet
  facet normal -0.9537169507482272 -0.3007057995042723 0
    outer loop
      vertex -5.356247938479679 -1.9495148169563117 23.49
      vertex -5.356247938479679 -1.9495148169563117 24.689999999999998
      vertex -5.50577720984769 -1.4752685570843682 24.689999999999998
    endloop
  endfacet
  facet normal 0 0 -1
    outer loop
      vertex -5.356247938479679 -1.9495148169563117 23.49
      vertex -5.50577720984769 -1.4752685570843682 23.49
      vertex -5.4961179515847975 -1.4726803666333426 23.49
    endloop
  endfacet
  facet normal -0.9537169507482272 -0.3007057995042723 0
    outer loop
      vertex -5.356247938479679 -1.9495148169563117 23.49
      vertex -5.50577720984769 -1.4752685570843682 24.689999999999998
      vertex -5.50577720984769 -1.4752685570843682 23.49
    endloop
  endfacet
  facet normal 0 0 -1
    outer loop
      vertex -5.165954386108905 -2.4089240919219868 23.49
      vertex -5.356247938479679 -1.9495148169563117 23.49
      vertex -5.346851012271818 -1.9460946155230545 23.49
    endloop
  endfacet
  facet normal -0.9238795325112863 -0.3826834323650908 0
    outer loop
      vertex -5.165954386108905 -2.4089240919219868 23.49
      vertex -5.356247938479679 -1.9495148169563117 24.689999999999998
      vertex -5.356247938479679 -1.9495148169563117 23.49
    endloop
  endfacet
  facet normal 0 0 -1
    outer loop
      vertex -5.50577720984769 -1.4752685570843682 23.49
      vertex -5.603556114639463 -0.9880581309248333 23.49
      vertex -5.4961179515847975 -1.4726803666333426 23.49
    endloop
  endfacet
  facet normal 0 0 -1
    outer loop
      vertex -5.50577720984769 -1.4752685570843682 23.49
      vertex -5.613404192169586 -0.9897946127015029 23.49
      vertex -5.603556114639463 -0.9880581309248333 23.49
    endloop
  endfacet
  facet normal -0.9762960071199336 -0.21643961393810252 0
    outer loop
      vertex -5.50577720984769 -1.4752685570843682 23.49
      vertex -5.613404192169586 -0.9897946127015029 24.689999999999998
      vertex -5.613404192169586 -0.9897946127015029 23.49
    endloop
  endfacet
  facet normal -0.9762960071199336 -0.21643961393810252 0
    outer loop
      vertex -5.50577720984769 -1.4752685570843682 23.49
      vertex -5.50577720984769 -1.4752685570843682 24.689999999999998
      vertex -5.613404192169586 -0.9897946127015029 24.689999999999998
    endloop
  endfacet
  facet normal 0 0 -1
    outer loop
      vertex -5.613404192169586 -0.9897946127015029 23.49
      vertex -5.668347832142031 -0.49591617623417483 23.49
      vertex -5.603556114639463 -0.9880581309248333 23.49
    endloop
  endfacet
  facet normal -0.9914448613738105 -0.13052619222005177 0
    outer loop
      vertex -5.613404192169586 -0.9897946127015029 23.49
      vertex -5.613404192169586 -0.9897946127015029 24.689999999999998
      vertex -5.67830977912295 -0.4967877336616516 24.689999999999998
    endloop
  endfacet
  facet normal 0 0 1
    outer loop
      vertex -5.165954386108905 -2.4089240919219868 24.689999999999998
      vertex -5.356247938479679 1.9495148169563117 24.689999999999998
      vertex -5.356247938479679 -1.9495148169563117 24.689999999999998
    endloop
  endfacet
  facet normal 0 0 1
    outer loop
      vertex -5.165954386108905 -2.4089240919219868 24.689999999999998
      vertex -4.9363448015713 -2.85 24.689999999999998
      vertex -5.165954386108905 2.4089240919219868 24.689999999999998
    endloop
  endfacet
  facet normal 0 0 -1
    outer loop
      vertex -5.613404192169586 -0.9897946127015029 23.49
      vertex -5.67830977912295 -0.4967877336616516 23.49
      vertex -5.668347832142031 -0.49591617623417483 23.49
    endloop
  endfacet
  facet normal -0.9914448613738105 -0.13052619222005177 0
    outer loop
      vertex -5.613404192169586 -0.9897946127015029 23.49
      vertex -5.67830977912295 -0.4967877336616516 24.689999999999998
      vertex -5.67830977912295 -0.4967877336616516 23.49
    endloop
  endfacet
  facet normal 0 0 1
    outer loop
      vertex -5.50577720984769 -1.4752685570843682 24.689999999999998
      vertex -5.613404192169586 0.9897946127015029 24.689999999999998
      vertex -5.613404192169586 -0.9897946127015029 24.689999999999998
    endloop
  endfacet
  facet normal 0 0 1
    outer loop
      vertex -5.356247938479679 -1.9495148169563117 24.689999999999998
      vertex -5.50577720984769 1.4752685570843682 24.689999999999998
      vertex -5.50577720984769 -1.4752685570843682 24.689999999999998
    endloop
  endfacet
  facet normal 0 0 -1
    outer loop
      vertex -5.67830977912295 -0.4967877336616516 23.49
      vertex -5.689999999999999 0 23.49
      vertex -5.668347832142031 -0.49591617623417483 23.49
    endloop
  endfacet
  facet normal 0 0 -1
    outer loop
      vertex -5.67830977912295 -0.4967877336616516 23.49
      vertex -5.7 0 23.49
      vertex -5.689999999999999 0 23.49
    endloop
  endfacet
  facet normal -0.9990482215818578 -0.0436193873653359 0
    outer loop
      vertex -5.67830977912295 -0.4967877336616516 23.49
      vertex -5.7 0 24.689999999999998
      vertex -5.7 0 23.49
    endloop
  endfacet
  facet normal -0.9990482215818578 -0.0436193873653359 0
    outer loop
      vertex -5.67830977912295 -0.4967877336616516 23.49
      vertex -5.67830977912295 -0.4967877336616516 24.689999999999998
      vertex -5.7 0 24.689999999999998
    endloop
  endfacet
  facet normal 0 0 1
    outer loop
      vertex -5.613404192169586 -0.9897946127015029 24.689999999999998
      vertex -5.67830977912295 0.4967877336616516 24.689999999999998
      vertex -5.67830977912295 -0.4967877336616516 24.689999999999998
    endloop
  endfacet
  facet normal 0 0 1
    outer loop
      vertex -4.669166652447253 -3.2693856872009626 24.689999999999998
      vertex -4.9363448015713 2.85 24.689999999999998
      vertex -4.9363448015713 -2.85 24.689999999999998
    endloop
  endfacet
  facet normal 0 0 1
    outer loop
      vertex -4.366453325778175 -3.663889375213274 24.689999999999998
      vertex -4.669166652447253 3.2693856872009626 24.689999999999998
      vertex -4.669166652447253 -3.2693856872009626 24.689999999999998
    endloop
  endfacet
  facet normal 0 0 1
    outer loop
      vertex -3.663889375213274 -4.366453325778175 24.689999999999998
      vertex -3.4641016151377544 -2 24.689999999999998
      vertex -3.6252311481465997 -1.6904730469627978 24.689999999999998
    endloop
  endfacet
  facet normal 0 0 1
    outer loop
      vertex -4.030508652763321 -4.030508652763321 24.689999999999998
      vertex -3.7587704831436337 -1.3680805733026749 24.689999999999998
      vertex -3.8637033051562732 -1.035276180410083 24.689999999999998
    endloop
  endfacet
  facet normal 0 0 1
    outer loop
      vertex -3.663889375213274 -4.366453325778175 24.689999999999998
      vertex -3.6252311481465997 -1.6904730469627978 24.689999999999998
      vertex -3.7587704831436337 -1.3680805733026749 24.689999999999998
    endloop
  endfacet
  facet normal 0 0 1
    outer loop
      vertex -4.030508652763321 -4.030508652763321 24.689999999999998
      vertex -3.8637033051562732 -1.035276180410083 24.689999999999998
      vertex -3.939231012048832 -0.6945927106677213 24.689999999999998
    endloop
  endfacet
  facet normal 0 0 1
    outer loop
      vertex -4.030508652763321 -4.030508652763321 24.689999999999998
      vertex -3.939231012048832 -0.6945927106677213 24.689999999999998
      vertex -3.984778792366982 -0.34862297099063266 24.689999999999998
    endloop
  endfacet
  facet normal 0 0 1
    outer loop
      vertex -4.030508652763321 -4.030508652763321 24.689999999999998
      vertex -3.984778792366982 -0.34862297099063266 24.689999999999998
      vertex -4 0 24.689999999999998
    endloop
  endfacet
  facet normal 0 0 1
    outer loop
      vertex -4.366453325778175 -3.663889375213274 24.689999999999998
      vertex -4.030508652763321 -4.030508652763321 24.689999999999998
      vertex -4.366453325778175 3.663889375213274 24.689999999999998
    endloop
  endfacet
  facet normal 0 0 -1
    outer loop
      vertex -2.4089240919219868 -5.165954386108905 23.49
      vertex -2.85 -4.9363448015713 23.49
      vertex -2.8449999999999993 -4.927684547533454 23.49
    endloop
  endfacet
  facet normal 0 0 -1
    outer loop
      vertex -2.4089240919219868 -5.165954386108905 23.49
      vertex -2.8449999999999993 -4.927684547533454 23.49
      vertex -2.4046979093045793 -5.156891308238537 23.49
    endloop
  endfacet
  facet normal -0.4617486132350345 -0.8870108331782214 0
    outer loop
      vertex -2.4089240919219868 -5.165954386108905 23.49
      vertex -2.4089240919219868 -5.165954386108905 24.689999999999998
      vertex -2.85 -4.9363448015713 23.49
    endloop
  endfacet
  facet normal -0.4617486132350345 -0.8870108331782214 0
    outer loop
      vertex -2.4089240919219868 -5.165954386108905 24.689999999999998
      vertex -2.85 -4.9363448015713 24.689999999999998
      vertex -2.85 -4.9363448015713 23.49
    endloop
  endfacet
  facet normal 0 0 -1
    outer loop
      vertex -2.4089240919219868 -5.165954386108905 23.49
      vertex -2.4046979093045793 -5.156891308238537 23.49
      vertex -1.9495148169563117 -5.356247938479679 23.49
    endloop
  endfacet
  facet normal -0.3826834323650908 -0.9238795325112863 0
    outer loop
      vertex -2.4089240919219868 -5.165954386108905 23.49
      vertex -1.9495148169563117 -5.356247938479679 24.689999999999998
      vertex -2.4089240919219868 -5.165954386108905 24.689999999999998
    endloop
  endfacet
  facet normal 0 0 1
    outer loop
      vertex -2.4089240919219868 -5.165954386108905 24.689999999999998
      vertex -2.294305745404184 -3.276608177155967 24.689999999999998
      vertex -2.85 -4.9363448015713 24.689999999999998
    endloop
  endfacet
  facet normal 0 0 -1
    outer loop
      vertex -1.9495148169563117 -5.356247938479679 23.49
      vertex -1.9460946155230545 -5.346851012271818 23.49
      vertex -1.4752685570843682 -5.50577720984769 23.49
    endloop
  endfacet
  facet normal -0.3007057995042723 -0.9537169507482272 0
    outer loop
      vertex -1.9495148169563117 -5.356247938479679 23.49
      vertex -1.4752685570843682 -5.50577720984769 24.689999999999998
      vertex -1.9495148169563117 -5.356247938479679 24.689999999999998
    endloop
  endfacet
  facet normal 0 0 -1
    outer loop
      vertex -2.4046979093045793 -5.156891308238537 23.49
      vertex -1.9460946155230545 -5.346851012271818 23.49
      vertex -1.9495148169563117 -5.356247938479679 23.49
    endloop
  endfacet
  facet normal -0.3826834323650908 -0.9238795325112863 0
    outer loop
      vertex -2.4089240919219868 -5.165954386108905 23.49
      vertex -1.9495148169563117 -5.356247938479679 23.49
      vertex -1.9495148169563117 -5.356247938479679 24.689999999999998
    endloop
  endfacet
  facet normal 0 0 -1
    outer loop
      vertex -1.9460946155230545 -5.346851012271818 23.49
      vertex -1.4726803666333426 -5.4961179515847975 23.49
      vertex -1.4752685570843682 -5.50577720984769 23.49
    endloop
  endfacet
  facet normal -0.3007057995042723 -0.9537169507482272 0
    outer loop
      vertex -1.9495148169563117 -5.356247938479679 23.49
      vertex -1.4752685570843682 -5.50577720984769 23.49
      vertex -1.4752685570843682 -5.50577720984769 24.689999999999998
    endloop
  endfacet
  facet normal 0 0 1
    outer loop
      vertex -2.4089240919219868 -5.165954386108905 24.689999999999998
      vertex -1.9495148169563117 -5.356247938479679 24.689999999999998
      vertex -2 -3.4641016151377544 24.689999999999998
    endloop
  endfacet
  facet normal 0 0 1
    outer loop
      vertex -1.9495148169563117 -5.356247938479679 24.689999999999998
      vertex -1.4752685570843682 -5.50577720984769 24.689999999999998
      vertex -1.3680805733026749 -3.7587704831436337 24.689999999999998
    endloop
  endfacet
  facet normal 0 0 1
    outer loop
      vertex -2.85 -4.9363448015713 24.689999999999998
      vertex -2.571150438746157 -3.064177772475912 24.689999999999998
      vertex -2.8284271247461903 -2.8284271247461903 24.689999999999998
    endloop
  endfacet
  facet normal 0 0 1
    outer loop
      vertex -2.85 -4.9363448015713 24.689999999999998
      vertex -2.294305745404184 -3.276608177155967 24.689999999999998
      vertex -2.571150438746157 -3.064177772475912 24.689999999999998
    endloop
  endfacet
  facet normal 0 0 1
    outer loop
      vertex -2.4089240919219868 -5.165954386108905 24.689999999999998
      vertex -2 -3.4641016151377544 24.689999999999998
      vertex -2.294305745404184 -3.276608177155967 24.689999999999998
    endloop
  endfacet
  facet normal 0 0 1
    outer loop
      vertex -1.9495148169563117 -5.356247938479679 24.689999999999998
      vertex -1.6904730469627978 -3.6252311481465997 24.689999999999998
      vertex -2 -3.4641016151377544 24.689999999999998
    endloop
  endfacet
  facet normal 0 0 1
    outer loop
      vertex -1.9495148169563117 -5.356247938479679 24.689999999999998
      vertex -1.3680805733026749 -3.7587704831436337 24.689999999999998
      vertex -1.6904730469627978 -3.6252311481465997 24.689999999999998
    endloop
  endfacet
  facet normal 0 0 -1
    outer loop
      vertex -1.4752685570843682 -5.50577720984769 23.49
      vertex -1.4726803666333426 -5.4961179515847975 23.49
      vertex -0.9897946127015029 -5.613404192169586 23.49
    endloop
  endfacet
  facet normal 0 0 -1
    outer loop
      vertex -1.4726803666333426 -5.4961179515847975 23.49
      vertex -0.9880581309248333 -5.603556114639463 23.49
      vertex -0.9897946127015029 -5.613404192169586 23.49
    endloop
  endfacet
  facet normal -0.21643961393810252 -0.9762960071199336 0
    outer loop
      vertex -1.4752685570843682 -5.50577720984769 23.49
      vertex -0.9897946127015029 -5.613404192169586 23.49
      vertex -0.9897946127015029 -5.613404192169586 24.689999999999998
    endloop
  endfacet
  facet normal -0.21643961393810252 -0.9762960071199336 0
    outer loop
      vertex -1.4752685570843682 -5.50577720984769 23.49
      vertex -0.9897946127015029 -5.613404192169586 24.689999999999998
      vertex -1.4752685570843682 -5.50577720984769 24.689999999999998
    endloop
  endfacet
  facet normal 0 0 1
    outer loop
      vertex -1.4752685570843682 -5.50577720984769 24.689999999999998
      vertex -0.9897946127015029 -5.613404192169586 24.689999999999998
      vertex -1.035276180410083 -3.8637033051562732 24.689999999999998
    endloop
  endfacet
  facet normal 0 0 -1
    outer loop
      vertex -0.9897946127015029 -5.613404192169586 23.49
      vertex -0.9880581309248333 -5.603556114639463 23.49
      vertex -0.4967877336616516 -5.67830977912295 23.49
    endloop
  endfacet
  facet normal -0.13052619222005177 -0.9914448613738105 0
    outer loop
      vertex -0.9897946127015029 -5.613404192169586 23.49
      vertex -0.4967877336616516 -5.67830977912295 24.689999999999998
      vertex -0.9897946127015029 -5.613404192169586 24.689999999999998
    endloop
  endfacet
  facet normal 0 0 1
    outer loop
      vertex -1.4752685570843682 -5.50577720984769 24.689999999999998
      vertex -1.035276180410083 -3.8637033051562732 24.689999999999998
      vertex -1.3680805733026749 -3.7587704831436337 24.689999999999998
    endloop
  endfacet
  facet normal 0 0 1
    outer loop
      vertex -0.9897946127015029 -5.613404192169586 24.689999999999998
      vertex -0.6945927106677213 -3.939231012048832 24.689999999999998
      vertex -1.035276180410083 -3.8637033051562732 24.689999999999998
    endloop
  endfacet
  facet normal 0 0 -1
    outer loop
      vertex -0.9880581309248333 -5.603556114639463 23.49
      vertex -0.49591617623417483 -5.668347832142031 23.49
      vertex -0.4967877336616516 -5.67830977912295 23.49
    endloop
  endfacet
  facet normal -0.13052619222005177 -0.9914448613738105 0
    outer loop
      vertex -0.9897946127015029 -5.613404192169586 23.49
      vertex -0.4967877336616516 -5.67830977912295 23.49
      vertex -0.4967877336616516 -5.67830977912295 24.689999999999998
    endloop
  endfacet
  facet normal 0 0 1
    outer loop
      vertex -0.9897946127015029 -5.613404192169586 24.689999999999998
      vertex -0.4967877336616516 -5.67830977912295 24.689999999999998
      vertex -0.34862297099063266 -3.984778792366982 24.689999999999998
    endloop
  endfacet
  facet normal 0 0 -1
    outer loop
      vertex -0.4967877336616516 -5.67830977912295 23.49
      vertex -0.49591617623417483 -5.668347832142031 23.49
      vertex 0 -5.689999999999999 23.49
    endloop
  endfacet
  facet normal 0 0 -1
    outer loop
      vertex -0.4967877336616516 -5.67830977912295 23.49
      vertex 0 -5.689999999999999 23.49
      vertex 0 -5.7 23.49
    endloop
  endfacet
  facet normal -0.0436193873653359 -0.9990482215818578 0
    outer loop
      vertex -0.4967877336616516 -5.67830977912295 23.49
      vertex 0 -5.7 23.49
      vertex 0 -5.7 24.689999999999998
    endloop
  endfacet
  facet normal -0.0436193873653359 -0.9990482215818578 0
    outer loop
      vertex -0.4967877336616516 -5.67830977912295 23.49
      vertex 0 -5.7 24.689999999999998
      vertex -0.4967877336616516 -5.67830977912295 24.689999999999998
    endloop
  endfacet
  facet normal 0 0 1
    outer loop
      vertex -0.4967877336616516 -5.67830977912295 24.689999999999998
      vertex 0 -5.7 24.689999999999998
      vertex 0 -4 24.689999999999998
    endloop
  endfacet
  facet normal 0 0 1
    outer loop
      vertex -0.9897946127015029 -5.613404192169586 24.689999999999998
      vertex -0.34862297099063266 -3.984778792366982 24.689999999999998
      vertex -0.6945927106677213 -3.939231012048832 24.689999999999998
    endloop
  endfacet
  facet normal 0 0 1
    outer loop
      vertex -0.4967877336616516 -5.67830977912295 24.689999999999998
      vertex 0 -4 24.689999999999998
      vertex -0.34862297099063266 -3.984778792366982 24.689999999999998
    endloop
  endfacet
  facet normal 0 0 -1
    outer loop
      vertex -5.689999999999999 0 23.49
      vertex -5.7 0 23.49
      vertex -5.668347832142031 0.49591617623417483 23.49
    endloop
  endfacet
  facet normal 0 0 -1
    outer loop
      vertex -5.7 0 23.49
      vertex -5.67830977912295 0.4967877336616516 23.49
      vertex -5.668347832142031 0.49591617623417483 23.49
    endloop
  endfacet
  facet normal -0.9990482215818578 0.0436193873653359 0
    outer loop
      vertex -5.7 0 23.49
      vertex -5.67830977912295 0.4967877336616516 24.689999999999998
      vertex -5.67830977912295 0.4967877336616516 23.49
    endloop
  endfacet
  facet normal -0.9990482215818578 0.0436193873653359 0
    outer loop
      vertex -5.7 0 23.49
      vertex -5.7 0 24.689999999999998
      vertex -5.67830977912295 0.4967877336616516 24.689999999999998
    endloop
  endfacet
  facet normal 0 0 1
    outer loop
      vertex -5.67830977912295 -0.4967877336616516 24.689999999999998
      vertex -5.67830977912295 0.4967877336616516 24.689999999999998
      vertex -5.7 0 24.689999999999998
    endloop
  endfacet
  facet normal 0 0 1
    outer loop
      vertex -5.613404192169586 -0.9897946127015029 24.689999999999998
      vertex -5.613404192169586 0.9897946127015029 24.689999999999998
      vertex -5.67830977912295 0.4967877336616516 24.689999999999998
    endloop
  endfacet
  facet normal 0 0 1
    outer loop
      vertex -5.50577720984769 -1.4752685570843682 24.689999999999998
      vertex -5.50577720984769 1.4752685570843682 24.689999999999998
      vertex -5.613404192169586 0.9897946127015029 24.689999999999998
    endloop
  endfacet
  facet normal 0 0 -1
    outer loop
      vertex -5.67830977912295 0.4967877336616516 23.49
      vertex -5.603556114639463 0.9880581309248334 23.49
      vertex -5.668347832142031 0.49591617623417483 23.49
    endloop
  endfacet
  facet normal -0.9914448613738105 0.13052619222005177 0
    outer loop
      vertex -5.67830977912295 0.4967877336616516 23.49
      vertex -5.67830977912295 0.4967877336616516 24.689999999999998
      vertex -5.613404192169586 0.9897946127015029 24.689999999999998
    endloop
  endfacet
  facet normal 0 0 1
    outer loop
      vertex -5.356247938479679 -1.9495148169563117 24.689999999999998
      vertex -5.356247938479679 1.9495148169563117 24.689999999999998
      vertex -5.50577720984769 1.4752685570843682 24.689999999999998
    endloop
  endfacet
  facet normal 0 0 1
    outer loop
      vertex -5.165954386108905 -2.4089240919219868 24.689999999999998
      vertex -5.165954386108905 2.4089240919219868 24.689999999999998
      vertex -5.356247938479679 1.9495148169563117 24.689999999999998
    endloop
  endfacet
  facet normal 0 0 -1
    outer loop
      vertex -5.67830977912295 0.4967877336616516 23.49
      vertex -5.613404192169586 0.9897946127015029 23.49
      vertex -5.603556114639463 0.9880581309248334 23.49
    endloop
  endfacet
  facet normal -0.9914448613738105 0.13052619222005177 0
    outer loop
      vertex -5.67830977912295 0.4967877336616516 23.49
      vertex -5.613404192169586 0.9897946127015029 24.689999999999998
      vertex -5.613404192169586 0.9897946127015029 23.49
    endloop
  endfacet
  facet normal 0 0 -1
    outer loop
      vertex -5.613404192169586 0.9897946127015029 23.49
      vertex -5.4961179515847975 1.4726803666333426 23.49
      vertex -5.603556114639463 0.9880581309248334 23.49
    endloop
  endfacet
  facet normal 0 0 -1
    outer loop
      vertex -5.613404192169586 0.9897946127015029 23.49
      vertex -5.50577720984769 1.4752685570843682 23.49
      vertex -5.4961179515847975 1.4726803666333426 23.49
    endloop
  endfacet
  facet normal -0.9762960071199336 0.21643961393810252 0
    outer loop
      vertex -5.613404192169586 0.9897946127015029 23.49
      vertex -5.50577720984769 1.4752685570843682 24.689999999999998
      vertex -5.50577720984769 1.4752685570843682 23.49
    endloop
  endfacet
  facet normal -0.9762960071199336 0.21643961393810252 0
    outer loop
      vertex -5.613404192169586 0.9897946127015029 23.49
      vertex -5.613404192169586 0.9897946127015029 24.689999999999998
      vertex -5.50577720984769 1.4752685570843682 24.689999999999998
    endloop
  endfacet
  facet normal 0 0 1
    outer loop
      vertex -4.9363448015713 -2.85 24.689999999999998
      vertex -4.9363448015713 2.85 24.689999999999998
      vertex -5.165954386108905 2.4089240919219868 24.689999999999998
    endloop
  endfacet
  facet normal 0 0 1
    outer loop
      vertex -4.669166652447253 -3.2693856872009626 24.689999999999998
      vertex -4.669166652447253 3.2693856872009626 24.689999999999998
      vertex -4.9363448015713 2.85 24.689999999999998
    endloop
  endfacet
  facet normal 0 0 1
    outer loop
      vertex -4.366453325778175 -3.663889375213274 24.689999999999998
      vertex -4.366453325778175 3.663889375213274 24.689999999999998
      vertex -4.669166652447253 3.2693856872009626 24.689999999999998
    endloop
  endfacet
  facet normal 0 0 -1
    outer loop
      vertex -5.50577720984769 1.4752685570843682 23.49
      vertex -5.346851012271818 1.9460946155230545 23.49
      vertex -5.4961179515847975 1.4726803666333426 23.49
    endloop
  endfacet
  facet normal -0.9537169507482272 0.3007057995042723 0
    outer loop
      vertex -5.50577720984769 1.4752685570843682 23.49
      vertex -5.50577720984769 1.4752685570843682 24.689999999999998
      vertex -5.356247938479679 1.9495148169563117 24.689999999999998
    endloop
  endfacet
  facet normal 0 0 -1
    outer loop
      vertex -5.50577720984769 1.4752685570843682 23.49
      vertex -5.356247938479679 1.9495148169563117 23.49
      vertex -5.346851012271818 1.9460946155230545 23.49
    endloop
  endfacet
  facet normal -0.9537169507482272 0.3007057995042723 0
    outer loop
      vertex -5.50577720984769 1.4752685570843682 23.49
      vertex -5.356247938479679 1.9495148169563117 24.689999999999998
      vertex -5.356247938479679 1.9495148169563117 23.49
    endloop
  endfacet
  facet normal 0 0 -1
    outer loop
      vertex -5.356247938479679 1.9495148169563117 23.49
      vertex -5.156891308238537 2.404697909304579 23.49
      vertex -5.346851012271818 1.9460946155230545 23.49
    endloop
  endfacet
  facet normal -0.9238795325112863 0.3826834323650908 0
    outer loop
      vertex -5.356247938479679 1.9495148169563117 23.49
      vertex -5.356247938479679 1.9495148169563117 24.689999999999998
      vertex -5.165954386108905 2.4089240919219868 24.689999999999998
    endloop
  endfacet
  facet normal 0 0 -1
    outer loop
      vertex -5.356247938479679 1.9495148169563117 23.49
      vertex -5.165954386108905 2.4089240919219868 23.49
      vertex -5.156891308238537 2.404697909304579 23.49
    endloop
  endfacet
  facet normal -0.9238795325112863 0.3826834323650908 0
    outer loop
      vertex -5.356247938479679 1.9495148169563117 23.49
      vertex -5.165954386108905 2.4089240919219868 24.689999999999998
      vertex -5.165954386108905 2.4089240919219868 23.49
    endloop
  endfacet
  facet normal 0 0 -1
    outer loop
      vertex -5.165954386108905 2.4089240919219868 23.49
      vertex -4.927684547533454 2.8449999999999993 23.49
      vertex -5.156891308238537 2.404697909304579 23.49
    endloop
  endfacet
  facet normal 0 0 -1
    outer loop
      vertex -5.165954386108905 2.4089240919219868 23.49
      vertex -4.9363448015713 2.85 23.49
      vertex -4.927684547533454 2.8449999999999993 23.49
    endloop
  endfacet
  facet normal -0.8870108331782214 0.4617486132350345 0
    outer loop
      vertex -5.165954386108905 2.4089240919219868 23.49
      vertex -4.9363448015713 2.85 24.689999999999998
      vertex -4.9363448015713 2.85 23.49
    endloop
  endfacet
  facet normal -0.8870108331782214 0.4617486132350345 0
    outer loop
      vertex -5.165954386108905 2.4089240919219868 23.49
      vertex -5.165954386108905 2.4089240919219868 24.689999999999998
      vertex -4.9363448015713 2.85 24.689999999999998
    endloop
  endfacet
  facet normal 0 0 1
    outer loop
      vertex -4.030508652763321 -4.030508652763321 24.689999999999998
      vertex -4 0 24.689999999999998
      vertex -4.030508652763321 4.030508652763321 24.689999999999998
    endloop
  endfacet
  facet normal 0 0 1
    outer loop
      vertex -4.030508652763321 -4.030508652763321 24.689999999999998
      vertex -4.030508652763321 4.030508652763321 24.689999999999998
      vertex -4.366453325778175 3.663889375213274 24.689999999999998
    endloop
  endfacet
  facet normal 0 0 1
    outer loop
      vertex -4 0 24.689999999999998
      vertex -3.984778792366982 0.34862297099063266 24.689999999999998
      vertex -4.030508652763321 4.030508652763321 24.689999999999998
    endloop
  endfacet
  facet normal 0 0 1
    outer loop
      vertex -3.984778792366982 0.34862297099063266 24.689999999999998
      vertex -3.939231012048832 0.6945927106677213 24.689999999999998
      vertex -4.030508652763321 4.030508652763321 24.689999999999998
    endloop
  endfacet
  facet normal 0 0 1
    outer loop
      vertex -3.939231012048832 0.6945927106677213 24.689999999999998
      vertex -3.8637033051562732 1.035276180410083 24.689999999999998
      vertex -4.030508652763321 4.030508652763321 24.689999999999998
    endloop
  endfacet
  facet normal 0 0 1
    outer loop
      vertex -3.8637033051562732 1.035276180410083 24.689999999999998
      vertex -3.7587704831436337 1.3680805733026749 24.689999999999998
      vertex -4.030508652763321 4.030508652763321 24.689999999999998
    endloop
  endfacet
  facet normal 0 0 1
    outer loop
      vertex -3.7587704831436337 1.3680805733026749 24.689999999999998
      vertex -3.6252311481465997 1.6904730469627978 24.689999999999998
      vertex -3.663889375213274 4.366453325778175 24.689999999999998
    endloop
  endfacet
  facet normal 0 0 1
    outer loop
      vertex -3.6252311481465997 1.6904730469627978 24.689999999999998
      vertex -3.4641016151377544 2 24.689999999999998
      vertex -3.663889375213274 4.366453325778175 24.689999999999998
    endloop
  endfacet
  facet normal 0 0 -1
    outer loop
      vertex -4.927684547533454 2.8449999999999993 23.49
      vertex -4.9363448015713 2.85 23.49
      vertex -4.660975132004362 3.2636499228374514 23.49
    endloop
  endfacet
  facet normal 0 0 -1
    outer loop
      vertex -4.9363448015713 2.85 23.49
      vertex -4.669166652447253 3.2693856872009626 23.49
      vertex -4.660975132004362 3.2636499228374514 23.49
    endloop
  endfacet
  facet normal -0.8433914458128858 0.5372996083468237 0
    outer loop
      vertex -4.9363448015713 2.85 23.49
      vertex -4.669166652447253 3.2693856872009626 24.689999999999998
      vertex -4.669166652447253 3.2693856872009626 23.49
    endloop
  endfacet
  facet normal -0.8433914458128858 0.5372996083468237 0
    outer loop
      vertex -4.9363448015713 2.85 23.49
      vertex -4.9363448015713 2.85 24.689999999999998
      vertex -4.669166652447253 3.2693856872009626 24.689999999999998
    endloop
  endfacet
  facet normal 0 0 -1
    outer loop
      vertex -4.669166652447253 3.2693856872009626 23.49
      vertex -4.358792881346984 3.6574614991164074 23.49
      vertex -4.660975132004362 3.2636499228374514 23.49
    endloop
  endfacet
  facet normal 0 0 -1
    outer loop
      vertex -4.669166652447253 3.2693856872009626 23.49
      vertex -4.366453325778175 3.663889375213274 23.49
      vertex -4.358792881346984 3.6574614991164074 23.49
    endloop
  endfacet
  facet normal -0.7933533402912354 0.6087614290087204 0
    outer loop
      vertex -4.669166652447253 3.2693856872009626 23.49
      vertex -4.366453325778175 3.663889375213274 24.689999999999998
      vertex -4.366453325778175 3.663889375213274 23.49
    endloop
  endfacet
  facet normal -0.7933533402912354 0.6087614290087204 0
    outer loop
      vertex -4.669166652447253 3.2693856872009626 23.49
      vertex -4.669166652447253 3.2693856872009626 24.689999999999998
      vertex -4.366453325778175 3.663889375213274 24.689999999999998
    endloop
  endfacet
  facet normal 0 0 1
    outer loop
      vertex -3.7587704831436337 1.3680805733026749 24.689999999999998
      vertex -3.663889375213274 4.366453325778175 24.689999999999998
      vertex -4.030508652763321 4.030508652763321 24.689999999999998
    endloop
  endfacet
  facet normal 0 0 -1
    outer loop
      vertex -4.366453325778175 3.663889375213274 23.49
      vertex -4.023437584951455 4.023437584951455 23.49
      vertex -4.358792881346984 3.6574614991164074 23.49
    endloop
  endfacet
  facet normal 0 0 -1
    outer loop
      vertex -4.366453325778175 3.663889375213274 23.49
      vertex -4.030508652763321 4.030508652763321 23.49
      vertex -4.023437584951455 4.023437584951455 23.49
    endloop
  endfacet
  facet normal -0.7372773368101241 0.6755902076156601 0
    outer loop
      vertex -4.366453325778175 3.663889375213274 23.49
      vertex -4.030508652763321 4.030508652763321 24.689999999999998
      vertex -4.030508652763321 4.030508652763321 23.49
    endloop
  endfacet
  facet normal -0.7372773368101241 0.6755902076156601 0
    outer loop
      vertex -4.366453325778175 3.663889375213274 23.49
      vertex -4.366453325778175 3.663889375213274 24.689999999999998
      vertex -4.030508652763321 4.030508652763321 24.689999999999998
    endloop
  endfacet
  facet normal 0 0 -1
    outer loop
      vertex -4.030508652763321 4.030508652763321 23.49
      vertex -3.6574614991164074 4.358792881346984 23.49
      vertex -4.023437584951455 4.023437584951455 23.49
    endloop
  endfacet
  facet normal 0 0 -1
    outer loop
      vertex -4.030508652763321 4.030508652763321 23.49
      vertex -3.663889375213274 4.366453325778175 23.49
      vertex -3.6574614991164074 4.358792881346984 23.49
    endloop
  endfacet
  facet normal -0.6755902076156601 0.7372773368101241 0
    outer loop
      vertex -4.030508652763321 4.030508652763321 23.49
      vertex -4.030508652763321 4.030508652763321 24.689999999999998
      vertex -3.663889375213274 4.366453325778175 23.49
    endloop
  endfacet
  facet normal -0.6755902076156601 0.7372773368101241 0
    outer loop
      vertex -4.030508652763321 4.030508652763321 24.689999999999998
      vertex -3.663889375213274 4.366453325778175 24.689999999999998
      vertex -3.663889375213274 4.366453325778175 23.49
    endloop
  endfacet
  facet normal 0 0 1
    outer loop
      vertex -3.4641016151377544 2 24.689999999999998
      vertex -3.276608177155967 2.294305745404184 24.689999999999998
      vertex -3.663889375213274 4.366453325778175 24.689999999999998
    endloop
  endfacet
  facet normal 0 0 1
    outer loop
      vertex -3.276608177155967 2.294305745404184 24.689999999999998
      vertex -3.064177772475912 2.571150438746157 24.689999999999998
      vertex -3.2693856872009626 4.669166652447253 24.689999999999998
    endloop
  endfacet
  facet normal 0 0 1
    outer loop
      vertex -3.064177772475912 2.571150438746157 24.689999999999998
      vertex -2.8284271247461903 2.8284271247461903 24.689999999999998
      vertex -2.85 4.9363448015713 24.689999999999998
    endloop
  endfacet
  facet normal 0 0 1
    outer loop
      vertex -3.276608177155967 2.294305745404184 24.689999999999998
      vertex -3.2693856872009626 4.669166652447253 24.689999999999998
      vertex -3.663889375213274 4.366453325778175 24.689999999999998
    endloop
  endfacet
  facet normal 0 0 1
    outer loop
      vertex -3.064177772475912 2.571150438746157 24.689999999999998
      vertex -2.85 4.9363448015713 24.689999999999998
      vertex -3.2693856872009626 4.669166652447253 24.689999999999998
    endloop
  endfacet
  facet normal 0 0 -1
    outer loop
      vertex -3.6574614991164074 4.358792881346984 23.49
      vertex -3.663889375213274 4.366453325778175 23.49
      vertex -3.2636499228374514 4.660975132004362 23.49
    endloop
  endfacet
  facet normal 0 0 -1
    outer loop
      vertex -3.663889375213274 4.366453325778175 23.49
      vertex -3.2693856872009626 4.669166652447253 23.49
      vertex -3.2636499228374514 4.660975132004362 23.49
    endloop
  endfacet
  facet normal -0.6087614290087204 0.7933533402912354 0
    outer loop
      vertex -3.663889375213274 4.366453325778175 23.49
      vertex -3.663889375213274 4.366453325778175 24.689999999999998
      vertex -3.2693856872009626 4.669166652447253 23.49
    endloop
  endfacet
  facet normal -0.6087614290087204 0.7933533402912354 0
    outer loop
      vertex -3.663889375213274 4.366453325778175 24.689999999999998
      vertex -3.2693856872009626 4.669166652447253 24.689999999999998
      vertex -3.2693856872009626 4.669166652447253 23.49
    endloop
  endfacet
  facet normal 0 0 -1
    outer loop
      vertex -3.2636499228374514 4.660975132004362 23.49
      vertex -3.2693856872009626 4.669166652447253 23.49
      vertex -2.8449999999999993 4.927684547533454 23.49
    endloop
  endfacet
  facet normal -0.5372996083468237 0.8433914458128858 0
    outer loop
      vertex -3.2693856872009626 4.669166652447253 23.49
      vertex -3.2693856872009626 4.669166652447253 24.689999999999998
      vertex -2.85 4.9363448015713 23.49
    endloop
  endfacet
  facet normal 0 0 -1
    outer loop
      vertex -3.2693856872009626 4.669166652447253 23.49
      vertex -2.85 4.9363448015713 23.49
      vertex -2.8449999999999993 4.927684547533454 23.49
    endloop
  endfacet
  facet normal -0.5372996083468237 0.8433914458128858 0
    outer loop
      vertex -3.2693856872009626 4.669166652447253 24.689999999999998
      vertex -2.85 4.9363448015713 24.689999999999998
      vertex -2.85 4.9363448015713 23.49
    endloop
  endfacet
  facet normal 0 0 1
    outer loop
      vertex -2.8284271247461903 2.8284271247461903 24.689999999999998
      vertex -2.571150438746157 3.064177772475912 24.689999999999998
      vertex -2.85 4.9363448015713 24.689999999999998
    endloop
  endfacet
  facet normal 0 0 1
    outer loop
      vertex -2.571150438746157 3.064177772475912 24.689999999999998
      vertex -2.294305745404184 3.276608177155967 24.689999999999998
      vertex -2.4089240919219868 5.165954386108905 24.689999999999998
    endloop
  endfacet
  facet normal 0 0 1
    outer loop
      vertex -2.294305745404184 3.276608177155967 24.689999999999998
      vertex -2 3.4641016151377544 24.689999999999998
      vertex -2.4089240919219868 5.165954386108905 24.689999999999998
    endloop
  endfacet
  facet normal 0 0 1
    outer loop
      vertex -2 3.4641016151377544 24.689999999999998
      vertex -1.6904730469627978 3.6252311481465997 24.689999999999998
      vertex -1.9495148169563117 5.356247938479679 24.689999999999998
    endloop
  endfacet
  facet normal 0 0 1
    outer loop
      vertex -2.571150438746157 3.064177772475912 24.689999999999998
      vertex -2.4089240919219868 5.165954386108905 24.689999999999998
      vertex -2.85 4.9363448015713 24.689999999999998
    endloop
  endfacet
  facet normal 0 0 -1
    outer loop
      vertex -2.8449999999999993 4.927684547533454 23.49
      vertex -2.85 4.9363448015713 23.49
      vertex -2.4046979093045793 5.156891308238537 23.49
    endloop
  endfacet
  facet normal -0.4617486132350345 0.8870108331782214 0
    outer loop
      vertex -2.85 4.9363448015713 23.49
      vertex -2.85 4.9363448015713 24.689999999999998
      vertex -2.4089240919219868 5.165954386108905 23.49
    endloop
  endfacet
  facet normal 0 0 -1
    outer loop
      vertex -2.85 4.9363448015713 23.49
      vertex -2.4089240919219868 5.165954386108905 23.49
      vertex -2.4046979093045793 5.156891308238537 23.49
    endloop
  endfacet
  facet normal -0.4617486132350345 0.8870108331782214 0
    outer loop
      vertex -2.85 4.9363448015713 24.689999999999998
      vertex -2.4089240919219868 5.165954386108905 24.689999999999998
      vertex -2.4089240919219868 5.165954386108905 23.49
    endloop
  endfacet
  facet normal 0 0 -1
    outer loop
      vertex -2.4046979093045793 5.156891308238537 23.49
      vertex -2.4089240919219868 5.165954386108905 23.49
      vertex -1.9460946155230545 5.346851012271818 23.49
    endloop
  endfacet
  facet normal -0.3826834323650908 0.9238795325112863 0
    outer loop
      vertex -2.4089240919219868 5.165954386108905 23.49
      vertex -2.4089240919219868 5.165954386108905 24.689999999999998
      vertex -1.9495148169563117 5.356247938479679 23.49
    endloop
  endfacet
  facet normal 0 0 1
    outer loop
      vertex -2 3.4641016151377544 24.689999999999998
      vertex -1.9495148169563117 5.356247938479679 24.689999999999998
      vertex -2.4089240919219868 5.165954386108905 24.689999999999998
    endloop
  endfacet
  facet normal 0 0 1
    outer loop
      vertex -1.6904730469627978 3.6252311481465997 24.689999999999998
      vertex -1.3680805733026749 3.7587704831436337 24.689999999999998
      vertex -1.4752685570843682 5.50577720984769 24.689999999999998
    endloop
  endfacet
  facet normal 0 0 1
    outer loop
      vertex -1.6904730469627978 3.6252311481465997 24.689999999999998
      vertex -1.4752685570843682 5.50577720984769 24.689999999999998
      vertex -1.9495148169563117 5.356247938479679 24.689999999999998
    endloop
  endfacet
  facet normal 0 0 -1
    outer loop
      vertex -2.4089240919219868 5.165954386108905 23.49
      vertex -1.9495148169563117 5.356247938479679 23.49
      vertex -1.9460946155230545 5.346851012271818 23.49
    endloop
  endfacet
  facet normal -0.3826834323650908 0.9238795325112863 0
    outer loop
      vertex -2.4089240919219868 5.165954386108905 24.689999999999998
      vertex -1.9495148169563117 5.356247938479679 24.689999999999998
      vertex -1.9495148169563117 5.356247938479679 23.49
    endloop
  endfacet
  facet normal 0 0 -1
    outer loop
      vertex -1.9495148169563117 5.356247938479679 23.49
      vertex -1.4726803666333426 5.4961179515847975 23.49
      vertex -1.9460946155230545 5.346851012271818 23.49
    endloop
  endfacet
  facet normal -0.3007057995042723 0.9537169507482272 0
    outer loop
      vertex -1.9495148169563117 5.356247938479679 23.49
      vertex -1.9495148169563117 5.356247938479679 24.689999999999998
      vertex -1.4752685570843682 5.50577720984769 23.49
    endloop
  endfacet
  facet normal 0 0 -1
    outer loop
      vertex -1.9495148169563117 5.356247938479679 23.49
      vertex -1.4752685570843682 5.50577720984769 23.49
      vertex -1.4726803666333426 5.4961179515847975 23.49
    endloop
  endfacet
  facet normal -0.3007057995042723 0.9537169507482272 0
    outer loop
      vertex -1.9495148169563117 5.356247938479679 24.689999999999998
      vertex -1.4752685570843682 5.50577720984769 24.689999999999998
      vertex -1.4752685570843682 5.50577720984769 23.49
    endloop
  endfacet
  facet normal 0 0 1
    outer loop
      vertex -1.4752685570843682 5.50577720984769 24.689999999999998
      vertex -1.3680805733026749 3.7587704831436337 24.689999999999998
      vertex -1.035276180410083 3.8637033051562732 24.689999999999998
    endloop
  endfacet
  facet normal 0 0 1
    outer loop
      vertex -1.035276180410083 3.8637033051562732 24.689999999999998
      vertex -0.6945927106677213 3.939231012048832 24.689999999999998
      vertex -0.9897946127015029 5.613404192169586 24.689999999999998
    endloop
  endfacet
  facet normal 0 0 1
    outer loop
      vertex -1.4752685570843682 5.50577720984769 24.689999999999998
      vertex -1.035276180410083 3.8637033051562732 24.689999999999998
      vertex -0.9897946127015029 5.613404192169586 24.689999999999998
    endloop
  endfacet
  facet normal 0 0 -1
    outer loop
      vertex -1.4726803666333426 5.4961179515847975 23.49
      vertex -1.4752685570843682 5.50577720984769 23.49
      vertex -0.9880581309248333 5.603556114639463 23.49
    endloop
  endfacet
  facet normal -0.21643961393810252 0.9762960071199336 0
    outer loop
      vertex -1.4752685570843682 5.50577720984769 23.49
      vertex -1.4752685570843682 5.50577720984769 24.689999999999998
      vertex -0.9897946127015029 5.613404192169586 23.49
    endloop
  endfacet
  facet normal 0 0 -1
    outer loop
      vertex -1.4752685570843682 5.50577720984769 23.49
      vertex -0.9897946127015029 5.613404192169586 23.49
      vertex -0.9880581309248333 5.603556114639463 23.49
    endloop
  endfacet
  facet normal -0.21643961393810252 0.9762960071199336 0
    outer loop
      vertex -1.4752685570843682 5.50577720984769 24.689999999999998
      vertex -0.9897946127015029 5.613404192169586 24.689999999999998
      vertex -0.9897946127015029 5.613404192169586 23.49
    endloop
  endfacet
  facet normal 0 0 1
    outer loop
      vertex -0.6945927106677213 3.939231012048832 24.689999999999998
      vertex -0.4967877336616516 5.67830977912295 24.689999999999998
      vertex -0.9897946127015029 5.613404192169586 24.689999999999998
    endloop
  endfacet
  facet normal 0 0 -1
    outer loop
      vertex -0.9880581309248333 5.603556114639463 23.49
      vertex -0.9897946127015029 5.613404192169586 23.49
      vertex -0.49591617623417483 5.668347832142031 23.49
    endloop
  endfacet
  facet normal -0.13052619222005177 0.9914448613738105 0
    outer loop
      vertex -0.9897946127015029 5.613404192169586 23.49
      vertex -0.9897946127015029 5.613404192169586 24.689999999999998
      vertex -0.4967877336616516 5.67830977912295 23.49
    endloop
  endfacet
  facet normal 0 0 1
    outer loop
      vertex -0.6945927106677213 3.939231012048832 24.689999999999998
      vertex -0.34862297099063266 3.984778792366982 24.689999999999998
      vertex -0.4967877336616516 5.67830977912295 24.689999999999998
    endloop
  endfacet
  facet normal 0 0 1
    outer loop
      vertex -0.34862297099063266 3.984778792366982 24.689999999999998
      vertex 0 4 24.689999999999998
      vertex 0 5.7 24.689999999999998
    endloop
  endfacet
  facet normal 0 0 -1
    outer loop
      vertex -0.9897946127015029 5.613404192169586 23.49
      vertex -0.4967877336616516 5.67830977912295 23.49
      vertex -0.49591617623417483 5.668347832142031 23.49
    endloop
  endfacet
  facet normal -0.13052619222005177 0.9914448613738105 0
    outer loop
      vertex -0.9897946127015029 5.613404192169586 24.689999999999998
      vertex -0.4967877336616516 5.67830977912295 24.689999999999998
      vertex -0.4967877336616516 5.67830977912295 23.49
    endloop
  endfacet
  facet normal 0 0 1
    outer loop
      vertex -0.34862297099063266 3.984778792366982 24.689999999999998
      vertex 0 5.7 24.689999999999998
      vertex -0.4967877336616516 5.67830977912295 24.689999999999998
    endloop
  endfacet
  facet normal 0 0 -1
    outer loop
      vertex -0.49591617623417483 5.668347832142031 23.49
      vertex -0.4967877336616516 5.67830977912295 23.49
      vertex 0 5.689999999999999 23.49
    endloop
  endfacet
  facet normal -0.0436193873653359 0.9990482215818578 0
    outer loop
      vertex -0.4967877336616516 5.67830977912295 23.49
      vertex -0.4967877336616516 5.67830977912295 24.689999999999998
      vertex 0 5.7 23.49
    endloop
  endfacet
  facet normal 0 0 -1
    outer loop
      vertex -0.4967877336616516 5.67830977912295 23.49
      vertex 0 5.7 23.49
      vertex 0 5.689999999999999 23.49
    endloop
  endfacet
  facet normal -0.0436193873653359 0.9990482215818578 0
    outer loop
      vertex -0.4967877336616516 5.67830977912295 24.689999999999998
      vertex 0 5.7 24.689999999999998
      vertex 0 5.7 23.49
    endloop
  endfacet
  facet normal 0 0 -1
    outer loop
      vertex 0 -5.7 23.49
      vertex 0 -5.689999999999999 23.49
      vertex 0.4967877336616516 -5.67830977912295 23.49
    endloop
  endfacet
  facet normal 0 0 -1
    outer loop
      vertex 0 -5.689999999999999 23.49
      vertex 0.49591617623417483 -5.668347832142031 23.49
      vertex 0.4967877336616516 -5.67830977912295 23.49
    endloop
  endfacet
  facet normal 0.0436193873653359 -0.9990482215818578 0
    outer loop
      vertex 0 -5.7 23.49
      vertex 0.4967877336616516 -5.67830977912295 23.49
      vertex 0.4967877336616516 -5.67830977912295 24.689999999999998
    endloop
  endfacet
  facet normal 0.0436193873653359 -0.9990482215818578 0
    outer loop
      vertex 0 -5.7 23.49
      vertex 0.4967877336616516 -5.67830977912295 24.689999999999998
      vertex 0 -5.7 24.689999999999998
    endloop
  endfacet
  facet normal 0 0 1
    outer loop
      vertex 0 -5.7 24.689999999999998
      vertex 0.4967877336616516 -5.67830977912295 24.689999999999998
      vertex 0.34862297099063266 -3.984778792366982 24.689999999999998
    endloop
  endfacet
  facet normal 0 0 -1
    outer loop
      vertex 0.4967877336616516 -5.67830977912295 23.49
      vertex 0.49591617623417483 -5.668347832142031 23.49
      vertex 0.9897946127015029 -5.613404192169586 23.49
    endloop
  endfacet
  facet normal 0.13052619222005177 -0.9914448613738105 0
    outer loop
      vertex 0.4967877336616516 -5.67830977912295 23.49
      vertex 0.9897946127015029 -5.613404192169586 24.689999999999998
      vertex 0.4967877336616516 -5.67830977912295 24.689999999999998
    endloop
  endfacet
  facet normal 0 0 1
    outer loop
      vertex 0 -5.7 24.689999999999998
      vertex 0.34862297099063266 -3.984778792366982 24.689999999999998
      vertex 0 -4 24.689999999999998
    endloop
  endfacet
  facet normal 0 0 1
    outer loop
      vertex 0.4967877336616516 -5.67830977912295 24.689999999999998
      vertex 0.6945927106677213 -3.939231012048832 24.689999999999998
      vertex 0.34862297099063266 -3.984778792366982 24.689999999999998
    endloop
  endfacet
  facet normal 0 0 -1
    outer loop
      vertex 0.49591617623417483 -5.668347832142031 23.49
      vertex 0.9880581309248333 -5.603556114639463 23.49
      vertex 0.9897946127015029 -5.613404192169586 23.49
    endloop
  endfacet
  facet normal 0.13052619222005177 -0.9914448613738105 0
    outer loop
      vertex 0.4967877336616516 -5.67830977912295 23.49
      vertex 0.9897946127015029 -5.613404192169586 23.49
      vertex 0.9897946127015029 -5.613404192169586 24.689999999999998
    endloop
  endfacet
  facet normal 0 0 1
    outer loop
      vertex 0.4967877336616516 -5.67830977912295 24.689999999999998
      vertex 0.9897946127015029 -5.613404192169586 24.689999999999998
      vertex 0.6945927106677213 -3.939231012048832 24.689999999999998
    endloop
  endfacet
  facet normal 0 0 -1
    outer loop
      vertex 0.9897946127015029 -5.613404192169586 23.49
      vertex 0.9880581309248333 -5.603556114639463 23.49
      vertex 1.4752685570843682 -5.50577720984769 23.49
    endloop
  endfacet
  facet normal 0 0 -1
    outer loop
      vertex 0.9880581309248333 -5.603556114639463 23.49
      vertex 1.4726803666333426 -5.4961179515847975 23.49
      vertex 1.4752685570843682 -5.50577720984769 23.49
    endloop
  endfacet
  facet normal 0.21643961393810252 -0.9762960071199336 0
    outer loop
      vertex 0.9897946127015029 -5.613404192169586 23.49
      vertex 1.4752685570843682 -5.50577720984769 23.49
      vertex 1.4752685570843682 -5.50577720984769 24.689999999999998
    endloop
  endfacet
  facet normal 0.21643961393810252 -0.9762960071199336 0
    outer loop
      vertex 0.9897946127015029 -5.613404192169586 23.49
      vertex 1.4752685570843682 -5.50577720984769 24.689999999999998
      vertex 0.9897946127015029 -5.613404192169586 24.689999999999998
    endloop
  endfacet
  facet normal 0 0 1
    outer loop
      vertex 0.9897946127015029 -5.613404192169586 24.689999999999998
      vertex 1.4752685570843682 -5.50577720984769 24.689999999999998
      vertex 1.035276180410083 -3.8637033051562732 24.689999999999998
    endloop
  endfacet
  facet normal 0 0 1
    outer loop
      vertex 0.9897946127015029 -5.613404192169586 24.689999999999998
      vertex 1.035276180410083 -3.8637033051562732 24.689999999999998
      vertex 0.6945927106677213 -3.939231012048832 24.689999999999998
    endloop
  endfacet
  facet normal 0 0 1
    outer loop
      vertex 1.035276180410083 -3.8637033051562732 24.689999999999998
      vertex 1.4752685570843682 -5.50577720984769 24.689999999999998
      vertex 1.3680805733026749 -3.7587704831436337 24.689999999999998
    endloop
  endfacet
  facet normal 0 0 -1
    outer loop
      vertex 1.4752685570843682 -5.50577720984769 23.49
      vertex 1.4726803666333426 -5.4961179515847975 23.49
      vertex 1.9495148169563117 -5.356247938479679 23.49
    endloop
  endfacet
  facet normal 0.3007057995042723 -0.9537169507482272 0
    outer loop
      vertex 1.4752685570843682 -5.50577720984769 23.49
      vertex 1.9495148169563117 -5.356247938479679 24.689999999999998
      vertex 1.4752685570843682 -5.50577720984769 24.689999999999998
    endloop
  endfacet
  facet normal 0 0 -1
    outer loop
      vertex 1.4726803666333426 -5.4961179515847975 23.49
      vertex 1.9460946155230545 -5.346851012271818 23.49
      vertex 1.9495148169563117 -5.356247938479679 23.49
    endloop
  endfacet
  facet normal 0.3007057995042723 -0.9537169507482272 0
    outer loop
      vertex 1.4752685570843682 -5.50577720984769 23.49
      vertex 1.9495148169563117 -5.356247938479679 23.49
      vertex 1.9495148169563117 -5.356247938479679 24.689999999999998
    endloop
  endfacet
  facet normal 0 0 -1
    outer loop
      vertex 1.9460946155230545 -5.346851012271818 23.49
      vertex 2.4089240919219868 -5.165954386108905 23.49
      vertex 1.9495148169563117 -5.356247938479679 23.49
    endloop
  endfacet
  facet normal 0.3826834323650908 -0.9238795325112863 0
    outer loop
      vertex 1.9495148169563117 -5.356247938479679 23.49
      vertex 2.4089240919219868 -5.165954386108905 24.689999999999998
      vertex 1.9495148169563117 -5.356247938479679 24.689999999999998
    endloop
  endfacet
  facet normal 0 0 1
    outer loop
      vertex 1.4752685570843682 -5.50577720984769 24.689999999999998
      vertex 1.9495148169563117 -5.356247938479679 24.689999999999998
      vertex 1.6904730469627978 -3.6252311481465997 24.689999999999998
    endloop
  endfacet
  facet normal 0 0 1
    outer loop
      vertex 1.3680805733026749 -3.7587704831436337 24.689999999999998
      vertex 1.4752685570843682 -5.50577720984769 24.689999999999998
      vertex 1.6904730469627978 -3.6252311481465997 24.689999999999998
    endloop
  endfacet
  facet normal 0 0 1
    outer loop
      vertex 1.9495148169563117 -5.356247938479679 24.689999999999998
      vertex 2.4089240919219868 -5.165954386108905 24.689999999999998
      vertex 2 -3.4641016151377544 24.689999999999998
    endloop
  endfacet
  facet normal 0 0 -1
    outer loop
      vertex 1.9460946155230545 -5.346851012271818 23.49
      vertex 2.4046979093045793 -5.156891308238537 23.49
      vertex 2.4089240919219868 -5.165954386108905 23.49
    endloop
  endfacet
  facet normal 0.3826834323650908 -0.9238795325112863 0
    outer loop
      vertex 1.9495148169563117 -5.356247938479679 23.49
      vertex 2.4089240919219868 -5.165954386108905 23.49
      vertex 2.4089240919219868 -5.165954386108905 24.689999999999998
    endloop
  endfacet
  facet normal 0 0 -1
    outer loop
      vertex 2.4089240919219868 -5.165954386108905 23.49
      vertex 2.4046979093045793 -5.156891308238537 23.49
      vertex 2.85 -4.9363448015713 23.49
    endloop
  endfacet
  facet normal 0 0 -1
    outer loop
      vertex 2.4046979093045793 -5.156891308238537 23.49
      vertex 2.8449999999999993 -4.927684547533454 23.49
      vertex 2.85 -4.9363448015713 23.49
    endloop
  endfacet
  facet normal 0.4617486132350345 -0.8870108331782214 0
    outer loop
      vertex 2.4089240919219868 -5.165954386108905 23.49
      vertex 2.85 -4.9363448015713 23.49
      vertex 2.85 -4.9363448015713 24.689999999999998
    endloop
  endfacet
  facet normal 0.4617486132350345 -0.8870108331782214 0
    outer loop
      vertex 2.4089240919219868 -5.165954386108905 23.49
      vertex 2.85 -4.9363448015713 24.689999999999998
      vertex 2.4089240919219868 -5.165954386108905 24.689999999999998
    endloop
  endfacet
  facet normal 0 0 1
    outer loop
      vertex 2.4089240919219868 -5.165954386108905 24.689999999999998
      vertex 2.85 -4.9363448015713 24.689999999999998
      vertex 2.571150438746157 -3.064177772475912 24.689999999999998
    endloop
  endfacet
  facet normal 0 0 1
    outer loop
      vertex 1.9495148169563117 -5.356247938479679 24.689999999999998
      vertex 2 -3.4641016151377544 24.689999999999998
      vertex 1.6904730469627978 -3.6252311481465997 24.689999999999998
    endloop
  endfacet
  facet normal 0 0 1
    outer loop
      vertex 2.4089240919219868 -5.165954386108905 24.689999999999998
      vertex 2.294305745404184 -3.276608177155967 24.689999999999998
      vertex 2 -3.4641016151377544 24.689999999999998
    endloop
  endfacet
  facet normal 0 0 1
    outer loop
      vertex 2.4089240919219868 -5.165954386108905 24.689999999999998
      vertex 2.571150438746157 -3.064177772475912 24.689999999999998
      vertex 2.294305745404184 -3.276608177155967 24.689999999999998
    endloop
  endfacet
  facet normal 0 0 1
    outer loop
      vertex 2.571150438746157 -3.064177772475912 24.689999999999998
      vertex 2.85 -4.9363448015713 24.689999999999998
      vertex 2.8284271247461903 -2.8284271247461903 24.689999999999998
    endloop
  endfacet
  facet normal 0 0 -1
    outer loop
      vertex 2.8449999999999993 -4.927684547533454 23.49
      vertex 3.2693856872009626 -4.669166652447253 23.49
      vertex 2.85 -4.9363448015713 23.49
    endloop
  endfacet
  facet normal 0 0 -1
    outer loop
      vertex 2.8449999999999993 -4.927684547533454 23.49
      vertex 3.2636499228374514 -4.660975132004362 23.49
      vertex 3.2693856872009626 -4.669166652447253 23.49
    endloop
  endfacet
  facet normal 0.5372996083468237 -0.8433914458128858 0
    outer loop
      vertex 2.85 -4.9363448015713 23.49
      vertex 3.2693856872009626 -4.669166652447253 23.49
      vertex 3.2693856872009626 -4.669166652447253 24.689999999999998
    endloop
  endfacet
  facet normal 0.5372996083468237 -0.8433914458128858 0
    outer loop
      vertex 2.85 -4.9363448015713 23.49
      vertex 3.2693856872009626 -4.669166652447253 24.689999999999998
      vertex 2.85 -4.9363448015713 24.689999999999998
    endloop
  endfacet
  facet normal 0 0 -1
    outer loop
      vertex 3.2693856872009626 -4.669166652447253 23.49
      vertex 3.2636499228374514 -4.660975132004362 23.49
      vertex 3.663889375213274 -4.366453325778175 23.49
    endloop
  endfacet
  facet normal 0 0 -1
    outer loop
      vertex 3.2636499228374514 -4.660975132004362 23.49
      vertex 3.6574614991164074 -4.358792881346984 23.49
      vertex 3.663889375213274 -4.366453325778175 23.49
    endloop
  endfacet
  facet normal 0.6087614290087204 -0.7933533402912354 0
    outer loop
      vertex 3.2693856872009626 -4.669166652447253 23.49
      vertex 3.663889375213274 -4.366453325778175 23.49
      vertex 3.663889375213274 -4.366453325778175 24.689999999999998
    endloop
  endfacet
  facet normal 0.6087614290087204 -0.7933533402912354 0
    outer loop
      vertex 3.2693856872009626 -4.669166652447253 23.49
      vertex 3.663889375213274 -4.366453325778175 24.689999999999998
      vertex 3.2693856872009626 -4.669166652447253 24.689999999999998
    endloop
  endfacet
  facet normal 0 0 1
    outer loop
      vertex 2.85 -4.9363448015713 24.689999999999998
      vertex 3.2693856872009626 -4.669166652447253 24.689999999999998
      vertex 3.064177772475912 -2.571150438746157 24.689999999999998
    endloop
  endfacet
  facet normal 0 0 1
    outer loop
      vertex 3.2693856872009626 -4.669166652447253 24.689999999999998
      vertex 3.663889375213274 -4.366453325778175 24.689999999999998
      vertex 3.276608177155967 -2.294305745404184 24.689999999999998
    endloop
  endfacet
  facet normal 0 0 1
    outer loop
      vertex 2.8284271247461903 -2.8284271247461903 24.689999999999998
      vertex 2.85 -4.9363448015713 24.689999999999998
      vertex 3.064177772475912 -2.571150438746157 24.689999999999998
    endloop
  endfacet
  facet normal 0 0 1
    outer loop
      vertex 3.2693856872009626 -4.669166652447253 24.689999999999998
      vertex 3.276608177155967 -2.294305745404184 24.689999999999998
      vertex 3.064177772475912 -2.571150438746157 24.689999999999998
    endloop
  endfacet
  facet normal 0 0 1
    outer loop
      vertex 3.663889375213274 -4.366453325778175 24.689999999999998
      vertex 3.4641016151377544 -2 24.689999999999998
      vertex 3.276608177155967 -2.294305745404184 24.689999999999998
    endloop
  endfacet
  facet normal 0 0 -1
    outer loop
      vertex 3.663889375213274 -4.366453325778175 23.49
      vertex 3.6574614991164074 -4.358792881346984 23.49
      vertex 4.030508652763321 -4.030508652763321 23.49
    endloop
  endfacet
  facet normal 0 0 -1
    outer loop
      vertex 3.6574614991164074 -4.358792881346984 23.49
      vertex 4.023437584951455 -4.023437584951455 23.49
      vertex 4.030508652763321 -4.030508652763321 23.49
    endloop
  endfacet
  facet normal 0.6755902076156601 -0.7372773368101241 0
    outer loop
      vertex 3.663889375213274 -4.366453325778175 23.49
      vertex 4.030508652763321 -4.030508652763321 23.49
      vertex 4.030508652763321 -4.030508652763321 24.689999999999998
    endloop
  endfacet
  facet normal 0.6755902076156601 -0.7372773368101241 0
    outer loop
      vertex 3.663889375213274 -4.366453325778175 23.49
      vertex 4.030508652763321 -4.030508652763321 24.689999999999998
      vertex 3.663889375213274 -4.366453325778175 24.689999999999998
    endloop
  endfacet
  facet normal 0 0 -1
    outer loop
      vertex 4.023437584951455 -4.023437584951455 23.49
      vertex 4.366453325778175 -3.663889375213274 23.49
      vertex 4.030508652763321 -4.030508652763321 23.49
    endloop
  endfacet
  facet normal 0 0 -1
    outer loop
      vertex 4.023437584951455 -4.023437584951455 23.49
      vertex 4.358792881346984 -3.6574614991164074 23.49
      vertex 4.366453325778175 -3.663889375213274 23.49
    endloop
  endfacet
  facet normal 0.7372773368101241 -0.6755902076156601 0
    outer loop
      vertex 4.030508652763321 -4.030508652763321 23.49
      vertex 4.366453325778175 -3.663889375213274 23.49
      vertex 4.030508652763321 -4.030508652763321 24.689999999999998
    endloop
  endfacet
  facet normal 0.7372773368101241 -0.6755902076156601 0
    outer loop
      vertex 4.030508652763321 -4.030508652763321 24.689999999999998
      vertex 4.366453325778175 -3.663889375213274 23.49
      vertex 4.366453325778175 -3.663889375213274 24.689999999999998
    endloop
  endfacet
  facet normal 0 0 1
    outer loop
      vertex 3.663889375213274 -4.366453325778175 24.689999999999998
      vertex 4.030508652763321 -4.030508652763321 24.689999999999998
      vertex 3.7587704831436337 -1.3680805733026749 24.689999999999998
    endloop
  endfacet
  facet normal 0 0 -1
    outer loop
      vertex 4.358792881346984 -3.6574614991164074 23.49
      vertex 4.669166652447253 -3.2693856872009626 23.49
      vertex 4.366453325778175 -3.663889375213274 23.49
    endloop
  endfacet
  facet normal 0 0 -1
    outer loop
      vertex 4.358792881346984 -3.6574614991164074 23.49
      vertex 4.660975132004362 -3.2636499228374514 23.49
      vertex 4.669166652447253 -3.2693856872009626 23.49
    endloop
  endfacet
  facet normal 0.7933533402912354 -0.6087614290087204 0
    outer loop
      vertex 4.366453325778175 -3.663889375213274 23.49
      vertex 4.669166652447253 -3.2693856872009626 23.49
      vertex 4.366453325778175 -3.663889375213274 24.689999999999998
    endloop
  endfacet
  facet normal 0.7933533402912354 -0.6087614290087204 0
    outer loop
      vertex 4.366453325778175 -3.663889375213274 24.689999999999998
      vertex 4.669166652447253 -3.2693856872009626 23.49
      vertex 4.669166652447253 -3.2693856872009626 24.689999999999998
    endloop
  endfacet
  facet normal 0 0 -1
    outer loop
      vertex 4.660975132004362 -3.2636499228374514 23.49
      vertex 4.9363448015713 -2.85 23.49
      vertex 4.669166652447253 -3.2693856872009626 23.49
    endloop
  endfacet
  facet normal 0.8433914458128858 -0.5372996083468237 0
    outer loop
      vertex 4.669166652447253 -3.2693856872009626 23.49
      vertex 4.9363448015713 -2.85 23.49
      vertex 4.669166652447253 -3.2693856872009626 24.689999999999998
    endloop
  endfacet
  facet normal 0 0 -1
    outer loop
      vertex 4.660975132004362 -3.2636499228374514 23.49
      vertex 4.927684547533454 -2.8449999999999993 23.49
      vertex 4.9363448015713 -2.85 23.49
    endloop
  endfacet
  facet normal 0.8433914458128858 -0.5372996083468237 0
    outer loop
      vertex 4.669166652447253 -3.2693856872009626 24.689999999999998
      vertex 4.9363448015713 -2.85 23.49
      vertex 4.9363448015713 -2.85 24.689999999999998
    endloop
  endfacet
  facet normal 0 0 1
    outer loop
      vertex 3.663889375213274 -4.366453325778175 24.689999999999998
      vertex 3.6252311481465997 -1.6904730469627978 24.689999999999998
      vertex 3.4641016151377544 -2 24.689999999999998
    endloop
  endfacet
  facet normal 0 0 1
    outer loop
      vertex 3.663889375213274 -4.366453325778175 24.689999999999998
      vertex 3.7587704831436337 -1.3680805733026749 24.689999999999998
      vertex 3.6252311481465997 -1.6904730469627978 24.689999999999998
    endloop
  endfacet
  facet normal 0 0 1
    outer loop
      vertex 4.030508652763321 -4.030508652763321 24.689999999999998
      vertex 3.8637033051562732 -1.035276180410083 24.689999999999998
      vertex 3.7587704831436337 -1.3680805733026749 24.689999999999998
    endloop
  endfacet
  facet normal 0 0 1
    outer loop
      vertex 4.030508652763321 -4.030508652763321 24.689999999999998
      vertex 3.939231012048832 -0.6945927106677213 24.689999999999998
      vertex 3.8637033051562732 -1.035276180410083 24.689999999999998
    endloop
  endfacet
  facet normal 0 0 1
    outer loop
      vertex 4.030508652763321 -4.030508652763321 24.689999999999998
      vertex 3.984778792366982 -0.34862297099063266 24.689999999999998
      vertex 3.939231012048832 -0.6945927106677213 24.689999999999998
    endloop
  endfacet
  facet normal 0 0 1
    outer loop
      vertex 4.030508652763321 -4.030508652763321 24.689999999999998
      vertex 4 0 24.689999999999998
      vertex 3.984778792366982 -0.34862297099063266 24.689999999999998
    endloop
  endfacet
  facet normal 0 0 1
    outer loop
      vertex 4.030508652763321 -4.030508652763321 24.689999999999998
      vertex 4.366453325778175 -3.663889375213274 24.689999999999998
      vertex 4.030508652763321 4.030508652763321 24.689999999999998
    endloop
  endfacet
  facet normal 0 0 -1
    outer loop
      vertex 4.927684547533454 -2.8449999999999993 23.49
      vertex 5.165954386108905 -2.4089240919219868 23.49
      vertex 4.9363448015713 -2.85 23.49
    endloop
  endfacet
  facet normal 0.8870108331782214 -0.4617486132350345 0
    outer loop
      vertex 4.9363448015713 -2.85 23.49
      vertex 5.165954386108905 -2.4089240919219868 23.49
      vertex 4.9363448015713 -2.85 24.689999999999998
    endloop
  endfacet
  facet normal 0 0 -1
    outer loop
      vertex 4.927684547533454 -2.8449999999999993 23.49
      vertex 5.156891308238537 -2.404697909304579 23.49
      vertex 5.165954386108905 -2.4089240919219868 23.49
    endloop
  endfacet
  facet normal 0.8870108331782214 -0.4617486132350345 0
    outer loop
      vertex 4.9363448015713 -2.85 24.689999999999998
      vertex 5.165954386108905 -2.4089240919219868 23.49
      vertex 5.165954386108905 -2.4089240919219868 24.689999999999998
    endloop
  endfacet
  facet normal 0 0 -1
    outer loop
      vertex 5.156891308238537 -2.404697909304579 23.49
      vertex 5.356247938479679 -1.9495148169563117 23.49
      vertex 5.165954386108905 -2.4089240919219868 23.49
    endloop
  endfacet
  facet normal 0.9238795325112863 -0.3826834323650908 0
    outer loop
      vertex 5.165954386108905 -2.4089240919219868 23.49
      vertex 5.356247938479679 -1.9495148169563117 23.49
      vertex 5.165954386108905 -2.4089240919219868 24.689999999999998
    endloop
  endfacet
  facet normal 0 0 -1
    outer loop
      vertex 5.156891308238537 -2.404697909304579 23.49
      vertex 5.346851012271818 -1.9460946155230545 23.49
      vertex 5.356247938479679 -1.9495148169563117 23.49
    endloop
  endfacet
  facet normal 0.9238795325112863 -0.3826834323650908 0
    outer loop
      vertex 5.165954386108905 -2.4089240919219868 24.689999999999998
      vertex 5.356247938479679 -1.9495148169563117 23.49
      vertex 5.356247938479679 -1.9495148169563117 24.689999999999998
    endloop
  endfacet
  facet normal 0 0 -1
    outer loop
      vertex 5.346851012271818 -1.9460946155230545 23.49
      vertex 5.50577720984769 -1.4752685570843682 23.49
      vertex 5.356247938479679 -1.9495148169563117 23.49
    endloop
  endfacet
  facet normal 0.9537169507482272 -0.3007057995042723 0
    outer loop
      vertex 5.356247938479679 -1.9495148169563117 23.49
      vertex 5.50577720984769 -1.4752685570843682 23.49
      vertex 5.356247938479679 -1.9495148169563117 24.689999999999998
    endloop
  endfacet
  facet normal 0 0 -1
    outer loop
      vertex 5.346851012271818 -1.9460946155230545 23.49
      vertex 5.4961179515847975 -1.4726803666333426 23.49
      vertex 5.50577720984769 -1.4752685570843682 23.49
    endloop
  endfacet
  facet normal 0.9537169507482272 -0.3007057995042723 0
    outer loop
      vertex 5.356247938479679 -1.9495148169563117 24.689999999999998
      vertex 5.50577720984769 -1.4752685570843682 23.49
      vertex 5.50577720984769 -1.4752685570843682 24.689999999999998
    endloop
  endfacet
  facet normal 0 0 1
    outer loop
      vertex 4.366453325778175 -3.663889375213274 24.689999999999998
      vertex 4.669166652447253 -3.2693856872009626 24.689999999999998
      vertex 4.366453325778175 3.663889375213274 24.689999999999998
    endloop
  endfacet
  facet normal 0 0 1
    outer loop
      vertex 4.669166652447253 -3.2693856872009626 24.689999999999998
      vertex 4.9363448015713 -2.85 24.689999999999998
      vertex 4.669166652447253 3.2693856872009626 24.689999999999998
    endloop
  endfacet
  facet normal 0 0 1
    outer loop
      vertex 4.9363448015713 -2.85 24.689999999999998
      vertex 5.165954386108905 -2.4089240919219868 24.689999999999998
      vertex 4.9363448015713 2.85 24.689999999999998
    endloop
  endfacet
  facet normal 0 0 -1
    outer loop
      vertex 5.4961179515847975 -1.4726803666333426 23.49
      vertex 5.613404192169586 -0.9897946127015029 23.49
      vertex 5.50577720984769 -1.4752685570843682 23.49
    endloop
  endfacet
  facet normal 0.9762960071199336 -0.21643961393810252 0
    outer loop
      vertex 5.50577720984769 -1.4752685570843682 23.49
      vertex 5.613404192169586 -0.9897946127015029 23.49
      vertex 5.50577720984769 -1.4752685570843682 24.689999999999998
    endloop
  endfacet
  facet normal 0 0 -1
    outer loop
      vertex 5.4961179515847975 -1.4726803666333426 23.49
      vertex 5.603556114639463 -0.9880581309248334 23.49
      vertex 5.613404192169586 -0.9897946127015029 23.49
    endloop
  endfacet
  facet normal 0.9762960071199336 -0.21643961393810252 0
    outer loop
      vertex 5.50577720984769 -1.4752685570843682 24.689999999999998
      vertex 5.613404192169586 -0.9897946127015029 23.49
      vertex 5.613404192169586 -0.9897946127015029 24.689999999999998
    endloop
  endfacet
  facet normal 0 0 -1
    outer loop
      vertex 5.603556114639463 -0.9880581309248334 23.49
      vertex 5.67830977912295 -0.4967877336616516 23.49
      vertex 5.613404192169586 -0.9897946127015029 23.49
    endloop
  endfacet
  facet normal 0.9914448613738105 -0.13052619222005177 0
    outer loop
      vertex 5.613404192169586 -0.9897946127015029 23.49
      vertex 5.67830977912295 -0.4967877336616516 23.49
      vertex 5.613404192169586 -0.9897946127015029 24.689999999999998
    endloop
  endfacet
  facet normal 0 0 1
    outer loop
      vertex 5.165954386108905 -2.4089240919219868 24.689999999999998
      vertex 5.356247938479679 -1.9495148169563117 24.689999999999998
      vertex 5.165954386108905 2.4089240919219868 24.689999999999998
    endloop
  endfacet
  facet normal 0 0 -1
    outer loop
      vertex 5.603556114639463 -0.9880581309248334 23.49
      vertex 5.668347832142031 -0.49591617623417483 23.49
      vertex 5.67830977912295 -0.4967877336616516 23.49
    endloop
  endfacet
  facet normal 0 0 1
    outer loop
      vertex 5.356247938479679 -1.9495148169563117 24.689999999999998
      vertex 5.50577720984769 -1.4752685570843682 24.689999999999998
      vertex 5.356247938479679 1.9495148169563117 24.689999999999998
    endloop
  endfacet
  facet normal 0.9914448613738105 -0.13052619222005177 0
    outer loop
      vertex 5.613404192169586 -0.9897946127015029 24.689999999999998
      vertex 5.67830977912295 -0.4967877336616516 23.49
      vertex 5.67830977912295 -0.4967877336616516 24.689999999999998
    endloop
  endfacet
  facet normal 0 0 -1
    outer loop
      vertex 5.668347832142031 -0.49591617623417483 23.49
      vertex 5.7 0 23.49
      vertex 5.67830977912295 -0.4967877336616516 23.49
    endloop
  endfacet
  facet normal 0.9990482215818578 -0.0436193873653359 0
    outer loop
      vertex 5.67830977912295 -0.4967877336616516 23.49
      vertex 5.7 0 23.49
      vertex 5.67830977912295 -0.4967877336616516 24.689999999999998
    endloop
  endfacet
  facet normal 0 0 -1
    outer loop
      vertex 5.668347832142031 -0.49591617623417483 23.49
      vertex 5.689999999999999 0 23.49
      vertex 5.7 0 23.49
    endloop
  endfacet
  facet normal 0 0 1
    outer loop
      vertex 5.50577720984769 -1.4752685570843682 24.689999999999998
      vertex 5.613404192169586 -0.9897946127015029 24.689999999999998
      vertex 5.50577720984769 1.4752685570843682 24.689999999999998
    endloop
  endfacet
  facet normal 0.9990482215818578 -0.0436193873653359 0
    outer loop
      vertex 5.67830977912295 -0.4967877336616516 24.689999999999998
      vertex 5.7 0 23.49
      vertex 5.7 0 24.689999999999998
    endloop
  endfacet
  facet normal 0 0 1
    outer loop
      vertex 5.613404192169586 -0.9897946127015029 24.689999999999998
      vertex 5.67830977912295 -0.4967877336616516 24.689999999999998
      vertex 5.613404192169586 0.9897946127015029 24.689999999999998
    endloop
  endfacet
  facet normal 0 0 1
    outer loop
      vertex 0 4 24.689999999999998
      vertex 0.34862297099063266 3.984778792366982 24.689999999999998
      vertex 0.4967877336616516 5.67830977912295 24.689999999999998
    endloop
  endfacet
  facet normal 0 0 1
    outer loop
      vertex 0.34862297099063266 3.984778792366982 24.689999999999998
      vertex 0.6945927106677213 3.939231012048832 24.689999999999998
      vertex 0.9897946127015029 5.613404192169586 24.689999999999998
    endloop
  endfacet
  facet normal 0 0 1
    outer loop
      vertex 0 4 24.689999999999998
      vertex 0.4967877336616516 5.67830977912295 24.689999999999998
      vertex 0 5.7 24.689999999999998
    endloop
  endfacet
  facet normal 0 0 -1
    outer loop
      vertex 0 5.7 23.49
      vertex 0.4967877336616516 5.67830977912295 23.49
      vertex 0 5.689999999999999 23.49
    endloop
  endfacet
  facet normal 0.0436193873653359 0.9990482215818578 0
    outer loop
      vertex 0 5.7 23.49
      vertex 0 5.7 24.689999999999998
      vertex 0.4967877336616516 5.67830977912295 23.49
    endloop
  endfacet
  facet normal 0 0 -1
    outer loop
      vertex 0 5.689999999999999 23.49
      vertex 0.4967877336616516 5.67830977912295 23.49
      vertex 0.49591617623417483 5.668347832142031 23.49
    endloop
  endfacet
  facet normal 0.0436193873653359 0.9990482215818578 0
    outer loop
      vertex 0 5.7 24.689999999999998
      vertex 0.4967877336616516 5.67830977912295 24.689999999999998
      vertex 0.4967877336616516 5.67830977912295 23.49
    endloop
  endfacet
  facet normal 0 0 1
    outer loop
      vertex 0.34862297099063266 3.984778792366982 24.689999999999998
      vertex 0.9897946127015029 5.613404192169586 24.689999999999998
      vertex 0.4967877336616516 5.67830977912295 24.689999999999998
    endloop
  endfacet
  facet normal 0 0 -1
    outer loop
      vertex 0.49591617623417483 5.668347832142031 23.49
      vertex 0.4967877336616516 5.67830977912295 23.49
      vertex 0.9880581309248333 5.603556114639463 23.49
    endloop
  endfacet
  facet normal 0.13052619222005177 0.9914448613738105 0
    outer loop
      vertex 0.4967877336616516 5.67830977912295 23.49
      vertex 0.4967877336616516 5.67830977912295 24.689999999999998
      vertex 0.9897946127015029 5.613404192169586 23.49
    endloop
  endfacet
  facet normal 0 0 1
    outer loop
      vertex 0.6945927106677213 3.939231012048832 24.689999999999998
      vertex 1.035276180410083 3.8637033051562732 24.689999999999998
      vertex 0.9897946127015029 5.613404192169586 24.689999999999998
    endloop
  endfacet
  facet normal 0 0 1
    outer loop
      vertex 1.035276180410083 3.8637033051562732 24.689999999999998
      vertex 1.3680805733026749 3.7587704831436337 24.689999999999998
      vertex 1.4752685570843682 5.50577720984769 24.689999999999998
    endloop
  endfacet
  facet normal 0 0 -1
    outer loop
      vertex 0.4967877336616516 5.67830977912295 23.49
      vertex 0.9897946127015029 5.613404192169586 23.49
      vertex 0.9880581309248333 5.603556114639463 23.49
    endloop
  endfacet
  facet normal 0.13052619222005177 0.9914448613738105 0
    outer loop
      vertex 0.4967877336616516 5.67830977912295 24.689999999999998
      vertex 0.9897946127015029 5.613404192169586 24.689999999999998
      vertex 0.9897946127015029 5.613404192169586 23.49
    endloop
  endfacet
  facet normal 0 0 1
    outer loop
      vertex 1.035276180410083 3.8637033051562732 24.689999999999998
      vertex 1.4752685570843682 5.50577720984769 24.689999999999998
      vertex 0.9897946127015029 5.613404192169586 24.689999999999998
    endloop
  endfacet
  facet normal 0 0 -1
    outer loop
      vertex 0.9880581309248333 5.603556114639463 23.49
      vertex 0.9897946127015029 5.613404192169586 23.49
      vertex 1.4726803666333426 5.4961179515847975 23.49
    endloop
  endfacet
  facet normal 0.21643961393810252 0.9762960071199336 0
    outer loop
      vertex 0.9897946127015029 5.613404192169586 23.49
      vertex 0.9897946127015029 5.613404192169586 24.689999999999998
      vertex 1.4752685570843682 5.50577720984769 23.49
    endloop
  endfacet
  facet normal 0 0 -1
    outer loop
      vertex 0.9897946127015029 5.613404192169586 23.49
      vertex 1.4752685570843682 5.50577720984769 23.49
      vertex 1.4726803666333426 5.4961179515847975 23.49
    endloop
  endfacet
  facet normal 0.21643961393810252 0.9762960071199336 0
    outer loop
      vertex 0.9897946127015029 5.613404192169586 24.689999999999998
      vertex 1.4752685570843682 5.50577720984769 24.689999999999998
      vertex 1.4752685570843682 5.50577720984769 23.49
    endloop
  endfacet
  facet normal 0 0 1
    outer loop
      vertex 1.3680805733026749 3.7587704831436337 24.689999999999998
      vertex 1.6904730469627978 3.6252311481465997 24.689999999999998
      vertex 1.9495148169563117 5.356247938479679 24.689999999999998
    endloop
  endfacet
  facet normal 0 0 1
    outer loop
      vertex 2 3.4641016151377544 24.689999999999998
      vertex 1.9495148169563117 5.356247938479679 24.689999999999998
      vertex 1.6904730469627978 3.6252311481465997 24.689999999999998
    endloop
  endfacet
  facet normal 0 0 1
    outer loop
      vertex 2 3.4641016151377544 24.689999999999998
      vertex 2.294305745404184 3.276608177155967 24.689999999999998
      vertex 2.4089240919219868 5.165954386108905 24.689999999999998
    endloop
  endfacet
  facet normal 0 0 1
    outer loop
      vertex 2.294305745404184 3.276608177155967 24.689999999999998
      vertex 2.571150438746157 3.064177772475912 24.689999999999998
      vertex 2.85 4.9363448015713 24.689999999999998
    endloop
  endfacet
  facet normal 0 0 1
    outer loop
      vertex 2.8284271247461903 2.8284271247461903 24.689999999999998
      vertex 2.85 4.9363448015713 24.689999999999998
      vertex 2.571150438746157 3.064177772475912 24.689999999999998
    endloop
  endfacet
  facet normal 0 0 1
    outer loop
      vertex 1.3680805733026749 3.7587704831436337 24.689999999999998
      vertex 1.9495148169563117 5.356247938479679 24.689999999999998
      vertex 1.4752685570843682 5.50577720984769 24.689999999999998
    endloop
  endfacet
  facet normal 0 0 1
    outer loop
      vertex 2 3.4641016151377544 24.689999999999998
      vertex 2.4089240919219868 5.165954386108905 24.689999999999998
      vertex 1.9495148169563117 5.356247938479679 24.689999999999998
    endloop
  endfacet
  facet normal 0 0 -1
    outer loop
      vertex 1.4726803666333426 5.4961179515847975 23.49
      vertex 1.4752685570843682 5.50577720984769 23.49
      vertex 1.9460946155230545 5.346851012271818 23.49
    endloop
  endfacet
  facet normal 0.3007057995042723 0.9537169507482272 0
    outer loop
      vertex 1.4752685570843682 5.50577720984769 23.49
      vertex 1.4752685570843682 5.50577720984769 24.689999999999998
      vertex 1.9495148169563117 5.356247938479679 23.49
    endloop
  endfacet
  facet normal 0 0 -1
    outer loop
      vertex 1.9460946155230545 5.346851012271818 23.49
      vertex 1.9495148169563117 5.356247938479679 23.49
      vertex 2.4046979093045793 5.156891308238537 23.49
    endloop
  endfacet
  facet normal 0.3826834323650908 0.9238795325112863 0
    outer loop
      vertex 1.9495148169563117 5.356247938479679 23.49
      vertex 1.9495148169563117 5.356247938479679 24.689999999999998
      vertex 2.4089240919219868 5.165954386108905 23.49
    endloop
  endfacet
  facet normal 0 0 -1
    outer loop
      vertex 1.4752685570843682 5.50577720984769 23.49
      vertex 1.9495148169563117 5.356247938479679 23.49
      vertex 1.9460946155230545 5.346851012271818 23.49
    endloop
  endfacet
  facet normal 0.3007057995042723 0.9537169507482272 0
    outer loop
      vertex 1.4752685570843682 5.50577720984769 24.689999999999998
      vertex 1.9495148169563117 5.356247938479679 24.689999999999998
      vertex 1.9495148169563117 5.356247938479679 23.49
    endloop
  endfacet
  facet normal 0 0 1
    outer loop
      vertex 2.294305745404184 3.276608177155967 24.689999999999998
      vertex 2.85 4.9363448015713 24.689999999999998
      vertex 2.4089240919219868 5.165954386108905 24.689999999999998
    endloop
  endfacet
  facet normal 0 0 -1
    outer loop
      vertex 1.9495148169563117 5.356247938479679 23.49
      vertex 2.4089240919219868 5.165954386108905 23.49
      vertex 2.4046979093045793 5.156891308238537 23.49
    endloop
  endfacet
  facet normal 0.3826834323650908 0.9238795325112863 0
    outer loop
      vertex 1.9495148169563117 5.356247938479679 24.689999999999998
      vertex 2.4089240919219868 5.165954386108905 24.689999999999998
      vertex 2.4089240919219868 5.165954386108905 23.49
    endloop
  endfacet
  facet normal 0 0 -1
    outer loop
      vertex 2.8449999999999993 4.927684547533454 23.49
      vertex 2.4046979093045793 5.156891308238537 23.49
      vertex 2.4089240919219868 5.165954386108905 23.49
    endloop
  endfacet
  facet normal 0.4617486132350345 0.8870108331782214 0
    outer loop
      vertex 2.4089240919219868 5.165954386108905 23.49
      vertex 2.4089240919219868 5.165954386108905 24.689999999999998
      vertex 2.85 4.9363448015713 23.49
    endloop
  endfacet
  facet normal 0 0 -1
    outer loop
      vertex 2.8449999999999993 4.927684547533454 23.49
      vertex 2.4089240919219868 5.165954386108905 23.49
      vertex 2.85 4.9363448015713 23.49
    endloop
  endfacet
  facet normal 0.4617486132350345 0.8870108331782214 0
    outer loop
      vertex 2.4089240919219868 5.165954386108905 24.689999999999998
      vertex 2.85 4.9363448015713 24.689999999999998
      vertex 2.85 4.9363448015713 23.49
    endloop
  endfacet
  facet normal 0 0 1
    outer loop
      vertex 4.030508652763321 -4.030508652763321 24.689999999999998
      vertex 4.030508652763321 4.030508652763321 24.689999999999998
      vertex 4 0 24.689999999999998
    endloop
  endfacet
  facet normal 0 0 1
    outer loop
      vertex 4.366453325778175 -3.663889375213274 24.689999999999998
      vertex 4.366453325778175 3.663889375213274 24.689999999999998
      vertex 4.030508652763321 4.030508652763321 24.689999999999998
    endloop
  endfacet
  facet normal 0 0 1
    outer loop
      vertex 4 0 24.689999999999998
      vertex 4.030508652763321 4.030508652763321 24.689999999999998
      vertex 3.984778792366982 0.34862297099063266 24.689999999999998
    endloop
  endfacet
  facet normal 0 0 1
    outer loop
      vertex 3.984778792366982 0.34862297099063266 24.689999999999998
      vertex 4.030508652763321 4.030508652763321 24.689999999999998
      vertex 3.939231012048832 0.6945927106677213 24.689999999999998
    endloop
  endfacet
  facet normal 0 0 1
    outer loop
      vertex 3.939231012048832 0.6945927106677213 24.689999999999998
      vertex 4.030508652763321 4.030508652763321 24.689999999999998
      vertex 3.8637033051562732 1.035276180410083 24.689999999999998
    endloop
  endfacet
  facet normal 0 0 1
    outer loop
      vertex 3.7587704831436337 1.3680805733026749 24.689999999999998
      vertex 3.663889375213274 4.366453325778175 24.689999999999998
      vertex 3.6252311481465997 1.6904730469627978 24.689999999999998
    endloop
  endfacet
  facet normal 0 0 1
    outer loop
      vertex 3.8637033051562732 1.035276180410083 24.689999999999998
      vertex 4.030508652763321 4.030508652763321 24.689999999999998
      vertex 3.7587704831436337 1.3680805733026749 24.689999999999998
    endloop
  endfacet
  facet normal 0 0 1
    outer loop
      vertex 3.4641016151377544 2 24.689999999999998
      vertex 3.6252311481465997 1.6904730469627978 24.689999999999998
      vertex 3.663889375213274 4.366453325778175 24.689999999999998
    endloop
  endfacet
  facet normal 0 0 1
    outer loop
      vertex 4.669166652447253 -3.2693856872009626 24.689999999999998
      vertex 4.669166652447253 3.2693856872009626 24.689999999999998
      vertex 4.366453325778175 3.663889375213274 24.689999999999998
    endloop
  endfacet
  facet normal 0 0 1
    outer loop
      vertex 4.9363448015713 -2.85 24.689999999999998
      vertex 4.9363448015713 2.85 24.689999999999998
      vertex 4.669166652447253 3.2693856872009626 24.689999999999998
    endloop
  endfacet
  facet normal 0 0 -1
    outer loop
      vertex 5.689999999999999 0 23.49
      vertex 5.67830977912295 0.4967877336616516 23.49
      vertex 5.7 0 23.49
    endloop
  endfacet
  facet normal 0.9990482215818578 0.0436193873653359 0
    outer loop
      vertex 5.7 0 23.49
      vertex 5.67830977912295 0.4967877336616516 23.49
      vertex 5.7 0 24.689999999999998
    endloop
  endfacet
  facet normal 0 0 -1
    outer loop
      vertex 5.689999999999999 0 23.49
      vertex 5.668347832142031 0.49591617623417483 23.49
      vertex 5.67830977912295 0.4967877336616516 23.49
    endloop
  endfacet
  facet normal 0 0 1
    outer loop
      vertex 5.67830977912295 -0.4967877336616516 24.689999999999998
      vertex 5.7 0 24.689999999999998
      vertex 5.67830977912295 0.4967877336616516 24.689999999999998
    endloop
  endfacet
  facet normal 0.9990482215818578 0.0436193873653359 0
    outer loop
      vertex 5.7 0 24.689999999999998
      vertex 5.67830977912295 0.4967877336616516 23.49
      vertex 5.67830977912295 0.4967877336616516 24.689999999999998
    endloop
  endfacet
  facet normal 0 0 1
    outer loop
      vertex 5.67830977912295 -0.4967877336616516 24.689999999999998
      vertex 5.67830977912295 0.4967877336616516 24.689999999999998
      vertex 5.613404192169586 0.9897946127015029 24.689999999999998
    endloop
  endfacet
  facet normal 0 0 -1
    outer loop
      vertex 5.668347832142031 0.49591617623417483 23.49
      vertex 5.613404192169586 0.9897946127015029 23.49
      vertex 5.67830977912295 0.4967877336616516 23.49
    endloop
  endfacet
  facet normal 0.9914448613738105 0.13052619222005177 0
    outer loop
      vertex 5.67830977912295 0.4967877336616516 23.49
      vertex 5.613404192169586 0.9897946127015029 23.49
      vertex 5.67830977912295 0.4967877336616516 24.689999999999998
    endloop
  endfacet
  facet normal 0 0 1
    outer loop
      vertex 5.50577720984769 -1.4752685570843682 24.689999999999998
      vertex 5.50577720984769 1.4752685570843682 24.689999999999998
      vertex 5.356247938479679 1.9495148169563117 24.689999999999998
    endloop
  endfacet
  facet normal 0 0 1
    outer loop
      vertex 5.613404192169586 -0.9897946127015029 24.689999999999998
      vertex 5.613404192169586 0.9897946127015029 24.689999999999998
      vertex 5.50577720984769 1.4752685570843682 24.689999999999998
    endloop
  endfacet
  facet normal 0 0 1
    outer loop
      vertex 5.165954386108905 -2.4089240919219868 24.689999999999998
      vertex 5.165954386108905 2.4089240919219868 24.689999999999998
      vertex 4.9363448015713 2.85 24.689999999999998
    endloop
  endfacet
  facet normal 0 0 1
    outer loop
      vertex 5.356247938479679 -1.9495148169563117 24.689999999999998
      vertex 5.356247938479679 1.9495148169563117 24.689999999999998
      vertex 5.165954386108905 2.4089240919219868 24.689999999999998
    endloop
  endfacet
  facet normal 0 0 -1
    outer loop
      vertex 5.668347832142031 0.49591617623417483 23.49
      vertex 5.603556114639463 0.9880581309248333 23.49
      vertex 5.613404192169586 0.9897946127015029 23.49
    endloop
  endfacet
  facet normal 0.9914448613738105 0.13052619222005177 0
    outer loop
      vertex 5.67830977912295 0.4967877336616516 24.689999999999998
      vertex 5.613404192169586 0.9897946127015029 23.49
      vertex 5.613404192169586 0.9897946127015029 24.689999999999998
    endloop
  endfacet
  facet normal 0 0 -1
    outer loop
      vertex 5.603556114639463 0.9880581309248333 23.49
      vertex 5.50577720984769 1.4752685570843682 23.49
      vertex 5.613404192169586 0.9897946127015029 23.49
    endloop
  endfacet
  facet normal 0.9762960071199336 0.21643961393810252 0
    outer loop
      vertex 5.613404192169586 0.9897946127015029 23.49
      vertex 5.50577720984769 1.4752685570843682 23.49
      vertex 5.613404192169586 0.9897946127015029 24.689999999999998
    endloop
  endfacet
  facet normal 0 0 -1
    outer loop
      vertex 5.603556114639463 0.9880581309248333 23.49
      vertex 5.4961179515847975 1.4726803666333426 23.49
      vertex 5.50577720984769 1.4752685570843682 23.49
    endloop
  endfacet
  facet normal 0.9762960071199336 0.21643961393810252 0
    outer loop
      vertex 5.613404192169586 0.9897946127015029 24.689999999999998
      vertex 5.50577720984769 1.4752685570843682 23.49
      vertex 5.50577720984769 1.4752685570843682 24.689999999999998
    endloop
  endfacet
  facet normal 0 0 -1
    outer loop
      vertex 5.346851012271818 1.9460946155230545 23.49
      vertex 5.165954386108905 2.4089240919219868 23.49
      vertex 5.356247938479679 1.9495148169563117 23.49
    endloop
  endfacet
  facet normal 0.9238795325112863 0.3826834323650908 0
    outer loop
      vertex 5.356247938479679 1.9495148169563117 23.49
      vertex 5.165954386108905 2.4089240919219868 23.49
      vertex 5.356247938479679 1.9495148169563117 24.689999999999998
    endloop
  endfacet
  facet normal 0 0 -1
    outer loop
      vertex 5.4961179515847975 1.4726803666333426 23.49
      vertex 5.356247938479679 1.9495148169563117 23.49
      vertex 5.50577720984769 1.4752685570843682 23.49
    endloop
  endfacet
  facet normal 0.9537169507482272 0.3007057995042723 0
    outer loop
      vertex 5.50577720984769 1.4752685570843682 23.49
      vertex 5.356247938479679 1.9495148169563117 23.49
      vertex 5.50577720984769 1.4752685570843682 24.689999999999998
    endloop
  endfacet
  facet normal 0 0 -1
    outer loop
      vertex 5.4961179515847975 1.4726803666333426 23.49
      vertex 5.346851012271818 1.9460946155230545 23.49
      vertex 5.356247938479679 1.9495148169563117 23.49
    endloop
  endfacet
  facet normal 0.9537169507482272 0.3007057995042723 0
    outer loop
      vertex 5.50577720984769 1.4752685570843682 24.689999999999998
      vertex 5.356247938479679 1.9495148169563117 23.49
      vertex 5.356247938479679 1.9495148169563117 24.689999999999998
    endloop
  endfacet
  facet normal 0 0 -1
    outer loop
      vertex 5.346851012271818 1.9460946155230545 23.49
      vertex 5.156891308238537 2.4046979093045793 23.49
      vertex 5.165954386108905 2.4089240919219868 23.49
    endloop
  endfacet
  facet normal 0.9238795325112863 0.3826834323650908 0
    outer loop
      vertex 5.356247938479679 1.9495148169563117 24.689999999999998
      vertex 5.165954386108905 2.4089240919219868 23.49
      vertex 5.165954386108905 2.4089240919219868 24.689999999999998
    endloop
  endfacet
  facet normal 0 0 -1
    outer loop
      vertex 5.156891308238537 2.4046979093045793 23.49
      vertex 4.9363448015713 2.85 23.49
      vertex 5.165954386108905 2.4089240919219868 23.49
    endloop
  endfacet
  facet normal 0.8870108331782214 0.4617486132350345 0
    outer loop
      vertex 5.165954386108905 2.4089240919219868 23.49
      vertex 4.9363448015713 2.85 23.49
      vertex 5.165954386108905 2.4089240919219868 24.689999999999998
    endloop
  endfacet
  facet normal 0 0 -1
    outer loop
      vertex 4.927684547533454 2.8449999999999993 23.49
      vertex 4.9363448015713 2.85 23.49
      vertex 5.156891308238537 2.4046979093045793 23.49
    endloop
  endfacet
  facet normal 0.8870108331782214 0.4617486132350345 0
    outer loop
      vertex 5.165954386108905 2.4089240919219868 24.689999999999998
      vertex 4.9363448015713 2.85 23.49
      vertex 4.9363448015713 2.85 24.689999999999998
    endloop
  endfacet
  facet normal 0 0 1
    outer loop
      vertex 3.064177772475912 2.571150438746157 24.689999999999998
      vertex 3.276608177155967 2.294305745404184 24.689999999999998
      vertex 3.2693856872009626 4.669166652447253 24.689999999999998
    endloop
  endfacet
  facet normal 0 0 1
    outer loop
      vertex 2.8284271247461903 2.8284271247461903 24.689999999999998
      vertex 3.064177772475912 2.571150438746157 24.689999999999998
      vertex 3.2693856872009626 4.669166652447253 24.689999999999998
    endloop
  endfacet
  facet normal 0 0 1
    outer loop
      vertex 3.4641016151377544 2 24.689999999999998
      vertex 3.663889375213274 4.366453325778175 24.689999999999998
      vertex 3.276608177155967 2.294305745404184 24.689999999999998
    endloop
  endfacet
  facet normal 0 0 1
    outer loop
      vertex 2.8284271247461903 2.8284271247461903 24.689999999999998
      vertex 3.2693856872009626 4.669166652447253 24.689999999999998
      vertex 2.85 4.9363448015713 24.689999999999998
    endloop
  endfacet
  facet normal 0 0 1
    outer loop
      vertex 3.276608177155967 2.294305745404184 24.689999999999998
      vertex 3.663889375213274 4.366453325778175 24.689999999999998
      vertex 3.2693856872009626 4.669166652447253 24.689999999999998
    endloop
  endfacet
  facet normal 0 0 1
    outer loop
      vertex 3.7587704831436337 1.3680805733026749 24.689999999999998
      vertex 4.030508652763321 4.030508652763321 24.689999999999998
      vertex 3.663889375213274 4.366453325778175 24.689999999999998
    endloop
  endfacet
  facet normal 0 0 -1
    outer loop
      vertex 4.023437584951455 4.023437584951455 23.49
      vertex 3.6574614991164074 4.358792881346984 23.49
      vertex 3.663889375213274 4.366453325778175 23.49
    endloop
  endfacet
  facet normal 0 0 -1
    outer loop
      vertex 4.023437584951455 4.023437584951455 23.49
      vertex 3.663889375213274 4.366453325778175 23.49
      vertex 4.030508652763321 4.030508652763321 23.49
    endloop
  endfacet
  facet normal 0.6755902076156601 0.7372773368101241 0
    outer loop
      vertex 4.030508652763321 4.030508652763321 23.49
      vertex 3.663889375213274 4.366453325778175 23.49
      vertex 3.663889375213274 4.366453325778175 24.689999999999998
    endloop
  endfacet
  facet normal 0.6755902076156601 0.7372773368101241 0
    outer loop
      vertex 4.030508652763321 4.030508652763321 23.49
      vertex 3.663889375213274 4.366453325778175 24.689999999999998
      vertex 4.030508652763321 4.030508652763321 24.689999999999998
    endloop
  endfacet
  facet normal 0 0 -1
    outer loop
      vertex 4.023437584951455 4.023437584951455 23.49
      vertex 4.030508652763321 4.030508652763321 23.49
      vertex 4.358792881346984 3.6574614991164074 23.49
    endloop
  endfacet
  facet normal 0 0 -1
    outer loop
      vertex 4.030508652763321 4.030508652763321 23.49
      vertex 4.366453325778175 3.663889375213274 23.49
      vertex 4.358792881346984 3.6574614991164074 23.49
    endloop
  endfacet
  facet normal 0.7372773368101241 0.6755902076156601 0
    outer loop
      vertex 4.030508652763321 4.030508652763321 23.49
      vertex 4.366453325778175 3.663889375213274 24.689999999999998
      vertex 4.366453325778175 3.663889375213274 23.49
    endloop
  endfacet
  facet normal 0.7372773368101241 0.6755902076156601 0
    outer loop
      vertex 4.030508652763321 4.030508652763321 23.49
      vertex 4.030508652763321 4.030508652763321 24.689999999999998
      vertex 4.366453325778175 3.663889375213274 24.689999999999998
    endloop
  endfacet
  facet normal 0 0 -1
    outer loop
      vertex 2.8449999999999993 4.927684547533454 23.49
      vertex 2.85 4.9363448015713 23.49
      vertex 3.2636499228374514 4.660975132004362 23.49
    endloop
  endfacet
  facet normal 0.5372996083468237 0.8433914458128858 0
    outer loop
      vertex 2.85 4.9363448015713 23.49
      vertex 2.85 4.9363448015713 24.689999999999998
      vertex 3.2693856872009626 4.669166652447253 23.49
    endloop
  endfacet
  facet normal 0 0 -1
    outer loop
      vertex 2.85 4.9363448015713 23.49
      vertex 3.2693856872009626 4.669166652447253 23.49
      vertex 3.2636499228374514 4.660975132004362 23.49
    endloop
  endfacet
  facet normal 0.5372996083468237 0.8433914458128858 0
    outer loop
      vertex 2.85 4.9363448015713 24.689999999999998
      vertex 3.2693856872009626 4.669166652447253 24.689999999999998
      vertex 3.2693856872009626 4.669166652447253 23.49
    endloop
  endfacet
  facet normal 0 0 -1
    outer loop
      vertex 3.2636499228374514 4.660975132004362 23.49
      vertex 3.2693856872009626 4.669166652447253 23.49
      vertex 3.6574614991164074 4.358792881346984 23.49
    endloop
  endfacet
  facet normal 0 0 -1
    outer loop
      vertex 3.2693856872009626 4.669166652447253 23.49
      vertex 3.663889375213274 4.366453325778175 23.49
      vertex 3.6574614991164074 4.358792881346984 23.49
    endloop
  endfacet
  facet normal 0.6087614290087204 0.7933533402912354 0
    outer loop
      vertex 3.2693856872009626 4.669166652447253 23.49
      vertex 3.2693856872009626 4.669166652447253 24.689999999999998
      vertex 3.663889375213274 4.366453325778175 23.49
    endloop
  endfacet
  facet normal 0.6087614290087204 0.7933533402912354 0
    outer loop
      vertex 3.2693856872009626 4.669166652447253 24.689999999999998
      vertex 3.663889375213274 4.366453325778175 24.689999999999998
      vertex 3.663889375213274 4.366453325778175 23.49
    endloop
  endfacet
  facet normal 0 0 -1
    outer loop
      vertex 4.660975132004362 3.2636499228374514 23.49
      vertex 4.358792881346984 3.6574614991164074 23.49
      vertex 4.366453325778175 3.663889375213274 23.49
    endloop
  endfacet
  facet normal 0 0 -1
    outer loop
      vertex 4.660975132004362 3.2636499228374514 23.49
      vertex 4.366453325778175 3.663889375213274 23.49
      vertex 4.669166652447253 3.2693856872009626 23.49
    endloop
  endfacet
  facet normal 0.7933533402912354 0.6087614290087204 0
    outer loop
      vertex 4.669166652447253 3.2693856872009626 23.49
      vertex 4.366453325778175 3.663889375213274 23.49
      vertex 4.669166652447253 3.2693856872009626 24.689999999999998
    endloop
  endfacet
  facet normal 0.7933533402912354 0.6087614290087204 0
    outer loop
      vertex 4.669166652447253 3.2693856872009626 24.689999999999998
      vertex 4.366453325778175 3.663889375213274 23.49
      vertex 4.366453325778175 3.663889375213274 24.689999999999998
    endloop
  endfacet
  facet normal 0 0 -1
    outer loop
      vertex 4.927684547533454 2.8449999999999993 23.49
      vertex 4.660975132004362 3.2636499228374514 23.49
      vertex 4.669166652447253 3.2693856872009626 23.49
    endloop
  endfacet
  facet normal 0 0 -1
    outer loop
      vertex 4.927684547533454 2.8449999999999993 23.49
      vertex 4.669166652447253 3.2693856872009626 23.49
      vertex 4.9363448015713 2.85 23.49
    endloop
  endfacet
  facet normal 0.8433914458128858 0.5372996083468237 0
    outer loop
      vertex 4.9363448015713 2.85 23.49
      vertex 4.669166652447253 3.2693856872009626 23.49
      vertex 4.9363448015713 2.85 24.689999999999998
    endloop
  endfacet
  facet normal 0.8433914458128858 0.5372996083468237 0
    outer loop
      vertex 4.9363448015713 2.85 24.689999999999998
      vertex 4.669166652447253 3.2693856872009626 23.49
      vertex 4.669166652447253 3.2693856872009626 24.689999999999998
    endloop
  endfacet
  facet normal -0.8870108331782216 -0.4617486132350342 0
    outer loop
      vertex -3.6252311481465997 -1.6904730469627978 24.689999999999998
      vertex -3.4641016151377544 -2 24.689999999999998
      vertex -3.6252311481465997 -1.6904730469627978 28.689999999999998
    endloop
  endfacet
  facet normal -0.9238795325112864 -0.38268343236509034 0
    outer loop
      vertex -3.6252311481465997 -1.6904730469627978 24.689999999999998
      vertex -3.7587704831436337 -1.3680805733026749 28.689999999999998
      vertex -3.7587704831436337 -1.3680805733026749 24.689999999999998
    endloop
  endfacet
  facet normal -0.9238795325112864 -0.38268343236509034 0
    outer loop
      vertex -3.6252311481465997 -1.6904730469627978 24.689999999999998
      vertex -3.6252311481465997 -1.6904730469627978 28.689999999999998
      vertex -3.7587704831436337 -1.3680805733026749 28.689999999999998
    endloop
  endfacet
  facet normal -0.7372773368101251 -0.6755902076156591 0
    outer loop
      vertex -3.064177772475912 -2.571150438746157 24.689999999999998
      vertex -2.8284271247461903 -2.8284271247461903 24.689999999999998
      vertex -3.064177772475912 -2.571150438746157 28.689999999999998
    endloop
  endfacet
  facet normal -0.7933533402912348 -0.608761429008721 0
    outer loop
      vertex -3.276608177155967 -2.294305745404184 24.689999999999998
      vertex -3.064177772475912 -2.571150438746157 24.689999999999998
      vertex -3.276608177155967 -2.294305745404184 28.689999999999998
    endloop
  endfacet
  facet normal -0.8433914458128858 -0.5372996083468236 0
    outer loop
      vertex -3.276608177155967 -2.294305745404184 24.689999999999998
      vertex -3.276608177155967 -2.294305745404184 28.689999999999998
      vertex -3.4641016151377544 -2 28.689999999999998
    endloop
  endfacet
  facet normal -0.7372773368101251 -0.6755902076156591 0
    outer loop
      vertex -3.064177772475912 -2.571150438746157 28.689999999999998
      vertex -2.8284271247461903 -2.8284271247461903 24.689999999999998
      vertex -2.8284271247461903 -2.8284271247461903 28.689999999999998
    endloop
  endfacet
  facet normal -0.7933533402912348 -0.608761429008721 0
    outer loop
      vertex -3.064177772475912 -2.571150438746157 24.689999999999998
      vertex -3.064177772475912 -2.571150438746157 28.689999999999998
      vertex -3.276608177155967 -2.294305745404184 28.689999999999998
    endloop
  endfacet
  facet normal -0.8433914458128858 -0.5372996083468236 0
    outer loop
      vertex -3.276608177155967 -2.294305745404184 24.689999999999998
      vertex -3.4641016151377544 -2 28.689999999999998
      vertex -3.4641016151377544 -2 24.689999999999998
    endloop
  endfacet
  facet normal -0.8870108331782216 -0.4617486132350342 0
    outer loop
      vertex -3.4641016151377544 -2 24.689999999999998
      vertex -3.4641016151377544 -2 28.689999999999998
      vertex -3.6252311481465997 -1.6904730469627978 28.689999999999998
    endloop
  endfacet
  facet normal -0.9537169507482269 -0.3007057995042729 0
    outer loop
      vertex -3.7587704831436337 -1.3680805733026749 24.689999999999998
      vertex -3.8637033051562732 -1.035276180410083 28.689999999999998
      vertex -3.8637033051562732 -1.035276180410083 24.689999999999998
    endloop
  endfacet
  facet normal -0.9762960071199335 -0.21643961393810218 0
    outer loop
      vertex -3.8637033051562732 -1.035276180410083 24.689999999999998
      vertex -3.939231012048832 -0.6945927106677213 28.689999999999998
      vertex -3.939231012048832 -0.6945927106677213 24.689999999999998
    endloop
  endfacet
  facet normal -0.9537169507482269 -0.3007057995042729 0
    outer loop
      vertex -3.7587704831436337 -1.3680805733026749 24.689999999999998
      vertex -3.7587704831436337 -1.3680805733026749 28.689999999999998
      vertex -3.8637033051562732 -1.035276180410083 28.689999999999998
    endloop
  endfacet
  facet normal -0.9762960071199335 -0.21643961393810218 0
    outer loop
      vertex -3.8637033051562732 -1.035276180410083 24.689999999999998
      vertex -3.8637033051562732 -1.035276180410083 28.689999999999998
      vertex -3.939231012048832 -0.6945927106677213 28.689999999999998
    endloop
  endfacet
  facet normal -0.9914448613738103 -0.13052619222005218 0
    outer loop
      vertex -3.939231012048832 -0.6945927106677213 24.689999999999998
      vertex -3.984778792366982 -0.34862297099063266 28.689999999999998
      vertex -3.984778792366982 -0.34862297099063266 24.689999999999998
    endloop
  endfacet
  facet normal -0.9990482215818578 -0.04361938736533586 0
    outer loop
      vertex -3.984778792366982 -0.34862297099063266 24.689999999999998
      vertex -4 0 28.689999999999998
      vertex -4 0 24.689999999999998
    endloop
  endfacet
  facet normal -0.9914448613738103 -0.13052619222005218 0
    outer loop
      vertex -3.939231012048832 -0.6945927106677213 24.689999999999998
      vertex -3.939231012048832 -0.6945927106677213 28.689999999999998
      vertex -3.984778792366982 -0.34862297099063266 28.689999999999998
    endloop
  endfacet
  facet normal -0.9990482215818578 -0.04361938736533586 0
    outer loop
      vertex -3.984778792366982 -0.34862297099063266 24.689999999999998
      vertex -3.984778792366982 -0.34862297099063266 28.689999999999998
      vertex -4 0 28.689999999999998
    endloop
  endfacet
  facet normal 0 0 1
    outer loop
      vertex -3.939231012048832 -0.6945927106677213 28.689999999999998
      vertex -3.984778792366982 0.34862297099063266 28.689999999999998
      vertex -3.984778792366982 -0.34862297099063266 28.689999999999998
    endloop
  endfacet
  facet normal 0 0 1
    outer loop
      vertex -3.7587704831436337 -1.3680805733026749 28.689999999999998
      vertex -3.8637033051562732 1.035276180410083 28.689999999999998
      vertex -3.8637033051562732 -1.035276180410083 28.689999999999998
    endloop
  endfacet
  facet normal 0 0 1
    outer loop
      vertex -3.6252311481465997 -1.6904730469627978 28.689999999999998
      vertex -3.7587704831436337 1.3680805733026749 28.689999999999998
      vertex -3.7587704831436337 -1.3680805733026749 28.689999999999998
    endloop
  endfacet
  facet normal 0 0 1
    outer loop
      vertex -3.6252311481465997 -1.6904730469627978 28.689999999999998
      vertex -3.4641016151377544 -2 28.689999999999998
      vertex -3.6252311481465997 1.6904730469627978 28.689999999999998
    endloop
  endfacet
  facet normal 0 0 1
    outer loop
      vertex -3.8637033051562732 -1.035276180410083 28.689999999999998
      vertex -3.939231012048832 0.6945927106677213 28.689999999999998
      vertex -3.939231012048832 -0.6945927106677213 28.689999999999998
    endloop
  endfacet
  facet normal 0 0 1
    outer loop
      vertex -3.276608177155967 -2.294305745404184 28.689999999999998
      vertex -3.4641016151377544 2 28.689999999999998
      vertex -3.4641016151377544 -2 28.689999999999998
    endloop
  endfacet
  facet normal 0 0 1
    outer loop
      vertex -3.276608177155967 -2.294305745404184 28.689999999999998
      vertex -3.064177772475912 -2.571150438746157 28.689999999999998
      vertex -3.276608177155967 2.294305745404184 28.689999999999998
    endloop
  endfacet
  facet normal 0 0 1
    outer loop
      vertex -3.064177772475912 -2.571150438746157 28.689999999999998
      vertex -2.8284271247461903 -2.8284271247461903 28.689999999999998
      vertex -3.064177772475912 2.571150438746157 28.689999999999998
    endloop
  endfacet
  facet normal -0.6755902076156591 -0.7372773368101251 0
    outer loop
      vertex -2.571150438746157 -3.064177772475912 24.689999999999998
      vertex -2.571150438746157 -3.064177772475912 28.689999999999998
      vertex -2.8284271247461903 -2.8284271247461903 24.689999999999998
    endloop
  endfacet
  facet normal -0.608761429008721 -0.7933533402912348 0
    outer loop
      vertex -2.571150438746157 -3.064177772475912 24.689999999999998
      vertex -2.294305745404184 -3.276608177155967 24.689999999999998
      vertex -2.294305745404184 -3.276608177155967 28.689999999999998
    endloop
  endfacet
  facet normal -0.6755902076156591 -0.7372773368101251 0
    outer loop
      vertex -2.571150438746157 -3.064177772475912 28.689999999999998
      vertex -2.8284271247461903 -2.8284271247461903 28.689999999999998
      vertex -2.8284271247461903 -2.8284271247461903 24.689999999999998
    endloop
  endfacet
  facet normal -0.5372996083468236 -0.8433914458128858 0
    outer loop
      vertex -2.294305745404184 -3.276608177155967 24.689999999999998
      vertex -2 -3.4641016151377544 28.689999999999998
      vertex -2.294305745404184 -3.276608177155967 28.689999999999998
    endloop
  endfacet
  facet normal -0.608761429008721 -0.7933533402912348 0
    outer loop
      vertex -2.571150438746157 -3.064177772475912 24.689999999999998
      vertex -2.294305745404184 -3.276608177155967 28.689999999999998
      vertex -2.571150438746157 -3.064177772475912 28.689999999999998
    endloop
  endfacet
  facet normal -0.4617486132350342 -0.8870108331782216 0
    outer loop
      vertex -1.6904730469627978 -3.6252311481465997 24.689999999999998
      vertex -1.6904730469627978 -3.6252311481465997 28.689999999999998
      vertex -2 -3.4641016151377544 24.689999999999998
    endloop
  endfacet
  facet normal -0.38268343236509034 -0.9238795325112864 0
    outer loop
      vertex -1.6904730469627978 -3.6252311481465997 24.689999999999998
      vertex -1.3680805733026749 -3.7587704831436337 24.689999999999998
      vertex -1.3680805733026749 -3.7587704831436337 28.689999999999998
    endloop
  endfacet
  facet normal -0.38268343236509034 -0.9238795325112864 0
    outer loop
      vertex -1.6904730469627978 -3.6252311481465997 24.689999999999998
      vertex -1.3680805733026749 -3.7587704831436337 28.689999999999998
      vertex -1.6904730469627978 -3.6252311481465997 28.689999999999998
    endloop
  endfacet
  facet normal -0.5372996083468236 -0.8433914458128858 0
    outer loop
      vertex -2.294305745404184 -3.276608177155967 24.689999999999998
      vertex -2 -3.4641016151377544 24.689999999999998
      vertex -2 -3.4641016151377544 28.689999999999998
    endloop
  endfacet
  facet normal -0.4617486132350342 -0.8870108331782216 0
    outer loop
      vertex -2 -3.4641016151377544 24.689999999999998
      vertex -1.6904730469627978 -3.6252311481465997 28.689999999999998
      vertex -2 -3.4641016151377544 28.689999999999998
    endloop
  endfacet
  facet normal -0.3007057995042729 -0.9537169507482269 0
    outer loop
      vertex -1.3680805733026749 -3.7587704831436337 24.689999999999998
      vertex -1.035276180410083 -3.8637033051562732 24.689999999999998
      vertex -1.035276180410083 -3.8637033051562732 28.689999999999998
    endloop
  endfacet
  facet normal -0.21643961393810218 -0.9762960071199335 0
    outer loop
      vertex -1.035276180410083 -3.8637033051562732 24.689999999999998
      vertex -0.6945927106677213 -3.939231012048832 24.689999999999998
      vertex -0.6945927106677213 -3.939231012048832 28.689999999999998
    endloop
  endfacet
  facet normal -0.3007057995042729 -0.9537169507482269 0
    outer loop
      vertex -1.3680805733026749 -3.7587704831436337 24.689999999999998
      vertex -1.035276180410083 -3.8637033051562732 28.689999999999998
      vertex -1.3680805733026749 -3.7587704831436337 28.689999999999998
    endloop
  endfacet
  facet normal -0.21643961393810218 -0.9762960071199335 0
    outer loop
      vertex -1.035276180410083 -3.8637033051562732 24.689999999999998
      vertex -0.6945927106677213 -3.939231012048832 28.689999999999998
      vertex -1.035276180410083 -3.8637033051562732 28.689999999999998
    endloop
  endfacet
  facet normal 0 0 1
    outer loop
      vertex -1.3680805733026749 -3.7587704831436337 28.689999999999998
      vertex -1.035276180410083 -3.8637033051562732 28.689999999999998
      vertex -1.2020815280171309 -1.2020815280171309 28.689999999999998
    endloop
  endfacet
  facet normal 0 0 1
    outer loop
      vertex -1.035276180410083 -3.8637033051562732 28.689999999999998
      vertex -0.6945927106677213 -3.939231012048832 28.689999999999998
      vertex -0.85 -1.4722431864335457 28.689999999999998
    endloop
  endfacet
  facet normal -0.13052619222005218 -0.9914448613738103 0
    outer loop
      vertex -0.6945927106677213 -3.939231012048832 24.689999999999998
      vertex -0.34862297099063266 -3.984778792366982 24.689999999999998
      vertex -0.34862297099063266 -3.984778792366982 28.689999999999998
    endloop
  endfacet
  facet normal -0.04361938736533586 -0.9990482215818578 0
    outer loop
      vertex -0.34862297099063266 -3.984778792366982 24.689999999999998
      vertex 0 -4 24.689999999999998
      vertex 0 -4 28.689999999999998
    endloop
  endfacet
  facet normal -0.13052619222005218 -0.9914448613738103 0
    outer loop
      vertex -0.6945927106677213 -3.939231012048832 24.689999999999998
      vertex -0.34862297099063266 -3.984778792366982 28.689999999999998
      vertex -0.6945927106677213 -3.939231012048832 28.689999999999998
    endloop
  endfacet
  facet normal -0.04361938736533586 -0.9990482215818578 0
    outer loop
      vertex -0.34862297099063266 -3.984778792366982 24.689999999999998
      vertex 0 -4 28.689999999999998
      vertex -0.34862297099063266 -3.984778792366982 28.689999999999998
    endloop
  endfacet
  facet normal 0 0 1
    outer loop
      vertex -0.6945927106677213 -3.939231012048832 28.689999999999998
      vertex -0.34862297099063266 -3.984778792366982 28.689999999999998
      vertex -0.5814342436536368 -1.5974774553360442 28.689999999999998
    endloop
  endfacet
  facet normal 0 0 1
    outer loop
      vertex -0.34862297099063266 -3.984778792366982 28.689999999999998
      vertex 0 -4 28.689999999999998
      vertex -0.14816476267101888 -1.6935309867559674 28.689999999999998
    endloop
  endfacet
  facet normal 0 0 1
    outer loop
      vertex -1.6904730469627978 -3.6252311481465997 28.689999999999998
      vertex -1.3680805733026749 -3.7587704831436337 28.689999999999998
      vertex -1.5407232379623048 -0.718451044959189 28.689999999999998
    endloop
  endfacet
  facet normal 0 0 1
    outer loop
      vertex -1.6904730469627978 -3.6252311481465997 28.689999999999998
      vertex -1.5407232379623048 -0.718451044959189 28.689999999999998
      vertex -1.5974774553360442 -0.5814342436536368 28.689999999999998
    endloop
  endfacet
  facet normal 0 0 1
    outer loop
      vertex -1.6904730469627978 -3.6252311481465997 28.689999999999998
      vertex -1.5974774553360442 -0.5814342436536368 28.689999999999998
      vertex -1.6420739046914161 -0.43999237667428526 28.689999999999998
    endloop
  endfacet
  facet normal 0 0 1
    outer loop
      vertex -1.6904730469627978 -3.6252311481465997 28.689999999999998
      vertex -1.6420739046914161 -0.43999237667428526 28.689999999999998
      vertex -1.6741731801207536 -0.29520190203378155 28.689999999999998
    endloop
  endfacet
  facet normal 0 0 1
    outer loop
      vertex -1.3680805733026749 -3.7587704831436337 28.689999999999998
      vertex -1.4722431864335457 -0.85 28.689999999999998
      vertex -1.5407232379623048 -0.718451044959189 28.689999999999998
    endloop
  endfacet
  facet normal 0 0 1
    outer loop
      vertex -2.571150438746157 -3.064177772475912 28.689999999999998
      vertex -2.8284271247461903 2.8284271247461903 28.689999999999998
      vertex -2.8284271247461903 -2.8284271247461903 28.689999999999998
    endloop
  endfacet
  facet normal 0 0 1
    outer loop
      vertex -2.571150438746157 -3.064177772475912 28.689999999999998
      vertex -2.294305745404184 -3.276608177155967 28.689999999999998
      vertex -2.571150438746157 3.064177772475912 28.689999999999998
    endloop
  endfacet
  facet normal 0 0 1
    outer loop
      vertex -2.294305745404184 -3.276608177155967 28.689999999999998
      vertex -2 -3.4641016151377544 28.689999999999998
      vertex -2.294305745404184 3.276608177155967 28.689999999999998
    endloop
  endfacet
  facet normal 0 0 1
    outer loop
      vertex -1.6904730469627978 -3.6252311481465997 28.689999999999998
      vertex -2 3.4641016151377544 28.689999999999998
      vertex -2 -3.4641016151377544 28.689999999999998
    endloop
  endfacet
  facet normal 0 0 1
    outer loop
      vertex -1.6904730469627978 -3.6252311481465997 28.689999999999998
      vertex -1.6741731801207536 -0.29520190203378155 28.689999999999998
      vertex -1.6935309867559674 -0.14816476267101888 28.689999999999998
    endloop
  endfacet
  facet normal 0 0 1
    outer loop
      vertex -1.6904730469627978 -3.6252311481465997 28.689999999999998
      vertex -1.6935309867559674 -0.14816476267101888 28.689999999999998
      vertex -2 3.4641016151377544 28.689999999999998
    endloop
  endfacet
  facet normal 0 0 1
    outer loop
      vertex -1.035276180410083 -3.8637033051562732 28.689999999999998
      vertex -0.9750799417967783 -1.392558475291286 28.689999999999998
      vertex -1.0927389364671167 -1.3022755533022625 28.689999999999998
    endloop
  endfacet
  facet normal 0 0 1
    outer loop
      vertex -1.035276180410083 -3.8637033051562732 28.689999999999998
      vertex -0.85 -1.4722431864335457 28.689999999999998
      vertex -0.9750799417967783 -1.392558475291286 28.689999999999998
    endloop
  endfacet
  facet normal 0 0 1
    outer loop
      vertex -0.6945927106677213 -3.939231012048832 28.689999999999998
      vertex -0.718451044959189 -1.5407232379623048 28.689999999999998
      vertex -0.85 -1.4722431864335457 28.689999999999998
    endloop
  endfacet
  facet normal 0 0 1
    outer loop
      vertex -1.3680805733026749 -3.7587704831436337 28.689999999999998
      vertex -1.2020815280171309 -1.2020815280171309 28.689999999999998
      vertex -1.3022755533022625 -1.0927389364671167 28.689999999999998
    endloop
  endfacet
  facet normal 0 0 1
    outer loop
      vertex -1.3680805733026749 -3.7587704831436337 28.689999999999998
      vertex -1.3022755533022625 -1.0927389364671167 28.689999999999998
      vertex -1.392558475291286 -0.9750799417967783 28.689999999999998
    endloop
  endfacet
  facet normal 0 0 1
    outer loop
      vertex -1.3680805733026749 -3.7587704831436337 28.689999999999998
      vertex -1.392558475291286 -0.9750799417967783 28.689999999999998
      vertex -1.4722431864335457 -0.85 28.689999999999998
    endloop
  endfacet
  facet normal 0 0 1
    outer loop
      vertex -1.035276180410083 -3.8637033051562732 28.689999999999998
      vertex -1.0927389364671167 -1.3022755533022625 28.689999999999998
      vertex -1.2020815280171309 -1.2020815280171309 28.689999999999998
    endloop
  endfacet
  facet normal 0 0 1
    outer loop
      vertex -0.6945927106677213 -3.939231012048832 28.689999999999998
      vertex -0.5814342436536368 -1.5974774553360442 28.689999999999998
      vertex -0.718451044959189 -1.5407232379623048 28.689999999999998
    endloop
  endfacet
  facet normal 0 0 1
    outer loop
      vertex -0.34862297099063266 -3.984778792366982 28.689999999999998
      vertex -0.43999237667428526 -1.6420739046914161 28.689999999999998
      vertex -0.5814342436536368 -1.5974774553360442 28.689999999999998
    endloop
  endfacet
  facet normal 0 0 1
    outer loop
      vertex -0.34862297099063266 -3.984778792366982 28.689999999999998
      vertex -0.29520190203378155 -1.6741731801207536 28.689999999999998
      vertex -0.43999237667428526 -1.6420739046914161 28.689999999999998
    endloop
  endfacet
  facet normal 0 0 1
    outer loop
      vertex -0.34862297099063266 -3.984778792366982 28.689999999999998
      vertex -0.14816476267101888 -1.6935309867559674 28.689999999999998
      vertex -0.29520190203378155 -1.6741731801207536 28.689999999999998
    endloop
  endfacet
  facet normal 0 0 1
    outer loop
      vertex 0 -4 28.689999999999998
      vertex 0 -1.7 28.689999999999998
      vertex -0.14816476267101888 -1.6935309867559674 28.689999999999998
    endloop
  endfacet
  facet normal -0.9990482215818578 0.04361938736533586 0
    outer loop
      vertex -4 0 24.689999999999998
      vertex -3.984778792366982 0.34862297099063266 28.689999999999998
      vertex -3.984778792366982 0.34862297099063266 24.689999999999998
    endloop
  endfacet
  facet normal -0.9914448613738103 0.13052619222005218 0
    outer loop
      vertex -3.984778792366982 0.34862297099063266 24.689999999999998
      vertex -3.939231012048832 0.6945927106677213 28.689999999999998
      vertex -3.939231012048832 0.6945927106677213 24.689999999999998
    endloop
  endfacet
  facet normal -0.9990482215818578 0.04361938736533586 0
    outer loop
      vertex -4 0 24.689999999999998
      vertex -4 0 28.689999999999998
      vertex -3.984778792366982 0.34862297099063266 28.689999999999998
    endloop
  endfacet
  facet normal 0 0 1
    outer loop
      vertex -3.984778792366982 -0.34862297099063266 28.689999999999998
      vertex -3.984778792366982 0.34862297099063266 28.689999999999998
      vertex -4 0 28.689999999999998
    endloop
  endfacet
  facet normal 0 0 1
    outer loop
      vertex -3.939231012048832 -0.6945927106677213 28.689999999999998
      vertex -3.939231012048832 0.6945927106677213 28.689999999999998
      vertex -3.984778792366982 0.34862297099063266 28.689999999999998
    endloop
  endfacet
  facet normal -0.9914448613738103 0.13052619222005218 0
    outer loop
      vertex -3.984778792366982 0.34862297099063266 24.689999999999998
      vertex -3.984778792366982 0.34862297099063266 28.689999999999998
      vertex -3.939231012048832 0.6945927106677213 28.689999999999998
    endloop
  endfacet
  facet normal 0 0 1
    outer loop
      vertex -3.8637033051562732 -1.035276180410083 28.689999999999998
      vertex -3.8637033051562732 1.035276180410083 28.689999999999998
      vertex -3.939231012048832 0.6945927106677213 28.689999999999998
    endloop
  endfacet
  facet normal 0 0 1
    outer loop
      vertex -3.7587704831436337 -1.3680805733026749 28.689999999999998
      vertex -3.7587704831436337 1.3680805733026749 28.689999999999998
      vertex -3.8637033051562732 1.035276180410083 28.689999999999998
    endloop
  endfacet
  facet normal 0 0 1
    outer loop
      vertex -3.6252311481465997 -1.6904730469627978 28.689999999999998
      vertex -3.6252311481465997 1.6904730469627978 28.689999999999998
      vertex -3.7587704831436337 1.3680805733026749 28.689999999999998
    endloop
  endfacet
  facet normal -0.9762960071199335 0.21643961393810218 0
    outer loop
      vertex -3.939231012048832 0.6945927106677213 24.689999999999998
      vertex -3.8637033051562732 1.035276180410083 28.689999999999998
      vertex -3.8637033051562732 1.035276180410083 24.689999999999998
    endloop
  endfacet
  facet normal -0.9537169507482269 0.3007057995042729 0
    outer loop
      vertex -3.8637033051562732 1.035276180410083 24.689999999999998
      vertex -3.7587704831436337 1.3680805733026749 28.689999999999998
      vertex -3.7587704831436337 1.3680805733026749 24.689999999999998
    endloop
  endfacet
  facet normal -0.9762960071199335 0.21643961393810218 0
    outer loop
      vertex -3.939231012048832 0.6945927106677213 24.689999999999998
      vertex -3.939231012048832 0.6945927106677213 28.689999999999998
      vertex -3.8637033051562732 1.035276180410083 28.689999999999998
    endloop
  endfacet
  facet normal -0.9537169507482269 0.3007057995042729 0
    outer loop
      vertex -3.8637033051562732 1.035276180410083 24.689999999999998
      vertex -3.8637033051562732 1.035276180410083 28.689999999999998
      vertex -3.7587704831436337 1.3680805733026749 28.689999999999998
    endloop
  endfacet
  facet normal 0 0 1
    outer loop
      vertex -3.4641016151377544 -2 28.689999999999998
      vertex -3.4641016151377544 2 28.689999999999998
      vertex -3.6252311481465997 1.6904730469627978 28.689999999999998
    endloop
  endfacet
  facet normal 0 0 1
    outer loop
      vertex -3.276608177155967 -2.294305745404184 28.689999999999998
      vertex -3.276608177155967 2.294305745404184 28.689999999999998
      vertex -3.4641016151377544 2 28.689999999999998
    endloop
  endfacet
  facet normal 0 0 1
    outer loop
      vertex -3.064177772475912 -2.571150438746157 28.689999999999998
      vertex -3.064177772475912 2.571150438746157 28.689999999999998
      vertex -3.276608177155967 2.294305745404184 28.689999999999998
    endloop
  endfacet
  facet normal 0 0 1
    outer loop
      vertex -2.8284271247461903 -2.8284271247461903 28.689999999999998
      vertex -2.8284271247461903 2.8284271247461903 28.689999999999998
      vertex -3.064177772475912 2.571150438746157 28.689999999999998
    endloop
  endfacet
  facet normal -0.9238795325112864 0.38268343236509034 0
    outer loop
      vertex -3.7587704831436337 1.3680805733026749 24.689999999999998
      vertex -3.6252311481465997 1.6904730469627978 28.689999999999998
      vertex -3.6252311481465997 1.6904730469627978 24.689999999999998
    endloop
  endfacet
  facet normal -0.9238795325112864 0.38268343236509034 0
    outer loop
      vertex -3.7587704831436337 1.3680805733026749 24.689999999999998
      vertex -3.7587704831436337 1.3680805733026749 28.689999999999998
      vertex -3.6252311481465997 1.6904730469627978 28.689999999999998
    endloop
  endfacet
  facet normal -0.8870108331782216 0.4617486132350342 0
    outer loop
      vertex -3.6252311481465997 1.6904730469627978 24.689999999999998
      vertex -3.6252311481465997 1.6904730469627978 28.689999999999998
      vertex -3.4641016151377544 2 28.689999999999998
    endloop
  endfacet
  facet normal -0.8870108331782216 0.4617486132350342 0
    outer loop
      vertex -3.6252311481465997 1.6904730469627978 24.689999999999998
      vertex -3.4641016151377544 2 28.689999999999998
      vertex -3.4641016151377544 2 24.689999999999998
    endloop
  endfacet
  facet normal -0.8433914458128858 0.5372996083468236 0
    outer loop
      vertex -3.4641016151377544 2 24.689999999999998
      vertex -3.4641016151377544 2 28.689999999999998
      vertex -3.276608177155967 2.294305745404184 28.689999999999998
    endloop
  endfacet
  facet normal -0.8433914458128858 0.5372996083468236 0
    outer loop
      vertex -3.4641016151377544 2 24.689999999999998
      vertex -3.276608177155967 2.294305745404184 28.689999999999998
      vertex -3.276608177155967 2.294305745404184 24.689999999999998
    endloop
  endfacet
  facet normal -0.7933533402912348 0.608761429008721 0
    outer loop
      vertex -3.276608177155967 2.294305745404184 24.689999999999998
      vertex -3.064177772475912 2.571150438746157 28.689999999999998
      vertex -3.064177772475912 2.571150438746157 24.689999999999998
    endloop
  endfacet
  facet normal -0.7372773368101251 0.6755902076156591 0
    outer loop
      vertex -3.064177772475912 2.571150438746157 24.689999999999998
      vertex -2.8284271247461903 2.8284271247461903 28.689999999999998
      vertex -2.8284271247461903 2.8284271247461903 24.689999999999998
    endloop
  endfacet
  facet normal -0.7933533402912348 0.608761429008721 0
    outer loop
      vertex -3.276608177155967 2.294305745404184 24.689999999999998
      vertex -3.276608177155967 2.294305745404184 28.689999999999998
      vertex -3.064177772475912 2.571150438746157 28.689999999999998
    endloop
  endfacet
  facet normal -0.7372773368101251 0.6755902076156591 0
    outer loop
      vertex -3.064177772475912 2.571150438746157 24.689999999999998
      vertex -3.064177772475912 2.571150438746157 28.689999999999998
      vertex -2.8284271247461903 2.8284271247461903 28.689999999999998
    endloop
  endfacet
  facet normal 0 0 1
    outer loop
      vertex -2.571150438746157 -3.064177772475912 28.689999999999998
      vertex -2.571150438746157 3.064177772475912 28.689999999999998
      vertex -2.8284271247461903 2.8284271247461903 28.689999999999998
    endloop
  endfacet
  facet normal 0 0 1
    outer loop
      vertex -2.294305745404184 -3.276608177155967 28.689999999999998
      vertex -2.294305745404184 3.276608177155967 28.689999999999998
      vertex -2.571150438746157 3.064177772475912 28.689999999999998
    endloop
  endfacet
  facet normal 0 0 1
    outer loop
      vertex -2 -3.4641016151377544 28.689999999999998
      vertex -2 3.4641016151377544 28.689999999999998
      vertex -2.294305745404184 3.276608177155967 28.689999999999998
    endloop
  endfacet
  facet normal 0 0 1
    outer loop
      vertex -2 3.4641016151377544 28.689999999999998
      vertex -1.6935309867559674 -0.14816476267101888 28.689999999999998
      vertex -1.7 0 28.689999999999998
    endloop
  endfacet
  facet normal 0 0 1
    outer loop
      vertex -2 3.4641016151377544 28.689999999999998
      vertex -1.7 0 28.689999999999998
      vertex -1.6935309867559674 0.14816476267101888 28.689999999999998
    endloop
  endfacet
  facet normal 0 0 1
    outer loop
      vertex -2 3.4641016151377544 28.689999999999998
      vertex -1.6935309867559674 0.14816476267101888 28.689999999999998
      vertex -1.6741731801207536 0.29520190203378155 28.689999999999998
    endloop
  endfacet
  facet normal 0 0 1
    outer loop
      vertex -1.6904730469627978 3.6252311481465997 28.689999999999998
      vertex -1.6741731801207536 0.29520190203378155 28.689999999999998
      vertex -1.6420739046914161 0.43999237667428526 28.689999999999998
    endloop
  endfacet
  facet normal 0 0 1
    outer loop
      vertex -1.6904730469627978 3.6252311481465997 28.689999999999998
      vertex -1.6420739046914161 0.43999237667428526 28.689999999999998
      vertex -1.5974774553360442 0.5814342436536368 28.689999999999998
    endloop
  endfacet
  facet normal 0 0 1
    outer loop
      vertex -1.6904730469627978 3.6252311481465997 28.689999999999998
      vertex -1.5974774553360442 0.5814342436536368 28.689999999999998
      vertex -1.5407232379623048 0.718451044959189 28.689999999999998
    endloop
  endfacet
  facet normal 0 0 1
    outer loop
      vertex -1.6904730469627978 3.6252311481465997 28.689999999999998
      vertex -1.5407232379623048 0.718451044959189 28.689999999999998
      vertex -1.4722431864335457 0.85 28.689999999999998
    endloop
  endfacet
  facet normal 0 0 1
    outer loop
      vertex -1.6904730469627978 3.6252311481465997 28.689999999999998
      vertex -1.4722431864335457 0.85 28.689999999999998
      vertex -1.392558475291286 0.9750799417967783 28.689999999999998
    endloop
  endfacet
  facet normal 0 0 1
    outer loop
      vertex -1.6904730469627978 3.6252311481465997 28.689999999999998
      vertex -1.392558475291286 0.9750799417967783 28.689999999999998
      vertex -1.3022755533022625 1.0927389364671167 28.689999999999998
    endloop
  endfacet
  facet normal 0 0 1
    outer loop
      vertex -2 3.4641016151377544 28.689999999999998
      vertex -1.6741731801207536 0.29520190203378155 28.689999999999998
      vertex -1.6904730469627978 3.6252311481465997 28.689999999999998
    endloop
  endfacet
  facet normal 0 0 1
    outer loop
      vertex -1.6904730469627978 3.6252311481465997 28.689999999999998
      vertex -1.3022755533022625 1.0927389364671167 28.689999999999998
      vertex -1.3680805733026749 3.7587704831436337 28.689999999999998
    endloop
  endfacet
  facet normal 0 0 1
    outer loop
      vertex -1.3680805733026749 3.7587704831436337 28.689999999999998
      vertex -1.3022755533022625 1.0927389364671167 28.689999999999998
      vertex -1.2020815280171309 1.2020815280171309 28.689999999999998
    endloop
  endfacet
  facet normal 0 0 1
    outer loop
      vertex -1.3680805733026749 3.7587704831436337 28.689999999999998
      vertex -1.2020815280171309 1.2020815280171309 28.689999999999998
      vertex -1.0927389364671167 1.3022755533022625 28.689999999999998
    endloop
  endfacet
  facet normal 0 0 1
    outer loop
      vertex -1.3680805733026749 3.7587704831436337 28.689999999999998
      vertex -1.0927389364671167 1.3022755533022625 28.689999999999998
      vertex -0.9750799417967783 1.392558475291286 28.689999999999998
    endloop
  endfacet
  facet normal 0 0 1
    outer loop
      vertex -1.035276180410083 3.8637033051562732 28.689999999999998
      vertex -0.9750799417967783 1.392558475291286 28.689999999999998
      vertex -0.85 1.4722431864335457 28.689999999999998
    endloop
  endfacet
  facet normal 0 0 1
    outer loop
      vertex -1.035276180410083 3.8637033051562732 28.689999999999998
      vertex -0.85 1.4722431864335457 28.689999999999998
      vertex -0.718451044959189 1.5407232379623048 28.689999999999998
    endloop
  endfacet
  facet normal 0 0 1
    outer loop
      vertex -1.035276180410083 3.8637033051562732 28.689999999999998
      vertex -0.718451044959189 1.5407232379623048 28.689999999999998
      vertex -0.5814342436536368 1.5974774553360442 28.689999999999998
    endloop
  endfacet
  facet normal 0 0 1
    outer loop
      vertex -0.6945927106677213 3.939231012048832 28.689999999999998
      vertex -0.5814342436536368 1.5974774553360442 28.689999999999998
      vertex -0.43999237667428526 1.6420739046914161 28.689999999999998
    endloop
  endfacet
  facet normal 0 0 1
    outer loop
      vertex -0.6945927106677213 3.939231012048832 28.689999999999998
      vertex -0.43999237667428526 1.6420739046914161 28.689999999999998
      vertex -0.29520190203378155 1.6741731801207536 28.689999999999998
    endloop
  endfacet
  facet normal 0 0 1
    outer loop
      vertex -0.34862297099063266 3.984778792366982 28.689999999999998
      vertex -0.29520190203378155 1.6741731801207536 28.689999999999998
      vertex -0.14816476267101888 1.6935309867559674 28.689999999999998
    endloop
  endfacet
  facet normal 0 0 1
    outer loop
      vertex 0 4 28.689999999999998
      vertex -0.14816476267101888 1.6935309867559674 28.689999999999998
      vertex 0 1.7 28.689999999999998
    endloop
  endfacet
  facet normal -0.6755902076156591 0.7372773368101251 0
    outer loop
      vertex -2.8284271247461903 2.8284271247461903 24.689999999999998
      vertex -2.8284271247461903 2.8284271247461903 28.689999999999998
      vertex -2.571150438746157 3.064177772475912 24.689999999999998
    endloop
  endfacet
  facet normal -0.608761429008721 0.7933533402912348 0
    outer loop
      vertex -2.571150438746157 3.064177772475912 24.689999999999998
      vertex -2.571150438746157 3.064177772475912 28.689999999999998
      vertex -2.294305745404184 3.276608177155967 24.689999999999998
    endloop
  endfacet
  facet normal -0.5372996083468236 0.8433914458128858 0
    outer loop
      vertex -2.294305745404184 3.276608177155967 24.689999999999998
      vertex -2.294305745404184 3.276608177155967 28.689999999999998
      vertex -2 3.4641016151377544 24.689999999999998
    endloop
  endfacet
  facet normal -0.6755902076156591 0.7372773368101251 0
    outer loop
      vertex -2.8284271247461903 2.8284271247461903 28.689999999999998
      vertex -2.571150438746157 3.064177772475912 28.689999999999998
      vertex -2.571150438746157 3.064177772475912 24.689999999999998
    endloop
  endfacet
  facet normal -0.608761429008721 0.7933533402912348 0
    outer loop
      vertex -2.294305745404184 3.276608177155967 24.689999999999998
      vertex -2.571150438746157 3.064177772475912 28.689999999999998
      vertex -2.294305745404184 3.276608177155967 28.689999999999998
    endloop
  endfacet
  facet normal -0.4617486132350342 0.8870108331782216 0
    outer loop
      vertex -2 3.4641016151377544 24.689999999999998
      vertex -2 3.4641016151377544 28.689999999999998
      vertex -1.6904730469627978 3.6252311481465997 24.689999999999998
    endloop
  endfacet
  facet normal -0.5372996083468236 0.8433914458128858 0
    outer loop
      vertex -2 3.4641016151377544 24.689999999999998
      vertex -2.294305745404184 3.276608177155967 28.689999999999998
      vertex -2 3.4641016151377544 28.689999999999998
    endloop
  endfacet
  facet normal -0.38268343236509034 0.9238795325112864 0
    outer loop
      vertex -1.6904730469627978 3.6252311481465997 24.689999999999998
      vertex -1.6904730469627978 3.6252311481465997 28.689999999999998
      vertex -1.3680805733026749 3.7587704831436337 24.689999999999998
    endloop
  endfacet
  facet normal -0.4617486132350342 0.8870108331782216 0
    outer loop
      vertex -1.6904730469627978 3.6252311481465997 24.689999999999998
      vertex -2 3.4641016151377544 28.689999999999998
      vertex -1.6904730469627978 3.6252311481465997 28.689999999999998
    endloop
  endfacet
  facet normal -0.38268343236509034 0.9238795325112864 0
    outer loop
      vertex -1.6904730469627978 3.6252311481465997 28.689999999999998
      vertex -1.3680805733026749 3.7587704831436337 28.689999999999998
      vertex -1.3680805733026749 3.7587704831436337 24.689999999999998
    endloop
  endfacet
  facet normal 0 0 1
    outer loop
      vertex -1.3680805733026749 3.7587704831436337 28.689999999999998
      vertex -0.9750799417967783 1.392558475291286 28.689999999999998
      vertex -1.035276180410083 3.8637033051562732 28.689999999999998
    endloop
  endfacet
  facet normal 0 0 1
    outer loop
      vertex -1.035276180410083 3.8637033051562732 28.689999999999998
      vertex -0.5814342436536368 1.5974774553360442 28.689999999999998
      vertex -0.6945927106677213 3.939231012048832 28.689999999999998
    endloop
  endfacet
  facet normal -0.3007057995042729 0.9537169507482269 0
    outer loop
      vertex -1.3680805733026749 3.7587704831436337 24.689999999999998
      vertex -1.3680805733026749 3.7587704831436337 28.689999999999998
      vertex -1.035276180410083 3.8637033051562732 24.689999999999998
    endloop
  endfacet
  facet normal -0.21643961393810218 0.9762960071199335 0
    outer loop
      vertex -1.035276180410083 3.8637033051562732 24.689999999999998
      vertex -1.035276180410083 3.8637033051562732 28.689999999999998
      vertex -0.6945927106677213 3.939231012048832 24.689999999999998
    endloop
  endfacet
  facet normal -0.3007057995042729 0.9537169507482269 0
    outer loop
      vertex -1.035276180410083 3.8637033051562732 24.689999999999998
      vertex -1.3680805733026749 3.7587704831436337 28.689999999999998
      vertex -1.035276180410083 3.8637033051562732 28.689999999999998
    endloop
  endfacet
  facet normal -0.21643961393810218 0.9762960071199335 0
    outer loop
      vertex -0.6945927106677213 3.939231012048832 24.689999999999998
      vertex -1.035276180410083 3.8637033051562732 28.689999999999998
      vertex -0.6945927106677213 3.939231012048832 28.689999999999998
    endloop
  endfacet
  facet normal 0 0 1
    outer loop
      vertex -0.6945927106677213 3.939231012048832 28.689999999999998
      vertex -0.29520190203378155 1.6741731801207536 28.689999999999998
      vertex -0.34862297099063266 3.984778792366982 28.689999999999998
    endloop
  endfacet
  facet normal 0 0 1
    outer loop
      vertex -0.34862297099063266 3.984778792366982 28.689999999999998
      vertex -0.14816476267101888 1.6935309867559674 28.689999999999998
      vertex 0 4 28.689999999999998
    endloop
  endfacet
  facet normal -0.13052619222005218 0.9914448613738103 0
    outer loop
      vertex -0.6945927106677213 3.939231012048832 24.689999999999998
      vertex -0.6945927106677213 3.939231012048832 28.689999999999998
      vertex -0.34862297099063266 3.984778792366982 24.689999999999998
    endloop
  endfacet
  facet normal -0.04361938736533586 0.9990482215818578 0
    outer loop
      vertex -0.34862297099063266 3.984778792366982 24.689999999999998
      vertex -0.34862297099063266 3.984778792366982 28.689999999999998
      vertex 0 4 24.689999999999998
    endloop
  endfacet
  facet normal -0.13052619222005218 0.9914448613738103 0
    outer loop
      vertex -0.34862297099063266 3.984778792366982 24.689999999999998
      vertex -0.6945927106677213 3.939231012048832 28.689999999999998
      vertex -0.34862297099063266 3.984778792366982 28.689999999999998
    endloop
  endfacet
  facet normal -0.04361938736533586 0.9990482215818578 0
    outer loop
      vertex -0.34862297099063266 3.984778792366982 28.689999999999998
      vertex 0 4 28.689999999999998
      vertex 0 4 24.689999999999998
    endloop
  endfacet
  facet normal 0.04361938736533586 -0.9990482215818578 0
    outer loop
      vertex 0 -4 24.689999999999998
      vertex 0.34862297099063266 -3.984778792366982 24.689999999999998
      vertex 0.34862297099063266 -3.984778792366982 28.689999999999998
    endloop
  endfacet
  facet normal 0.13052619222005218 -0.9914448613738103 0
    outer loop
      vertex 0.34862297099063266 -3.984778792366982 24.689999999999998
      vertex 0.6945927106677213 -3.939231012048832 24.689999999999998
      vertex 0.6945927106677213 -3.939231012048832 28.689999999999998
    endloop
  endfacet
  facet normal 0.04361938736533586 -0.9990482215818578 0
    outer loop
      vertex 0 -4 24.689999999999998
      vertex 0.34862297099063266 -3.984778792366982 28.689999999999998
      vertex 0 -4 28.689999999999998
    endloop
  endfacet
  facet normal 0.13052619222005218 -0.9914448613738103 0
    outer loop
      vertex 0.34862297099063266 -3.984778792366982 24.689999999999998
      vertex 0.6945927106677213 -3.939231012048832 28.689999999999998
      vertex 0.34862297099063266 -3.984778792366982 28.689999999999998
    endloop
  endfacet
  facet normal 0 0 1
    outer loop
      vertex 0 -4 28.689999999999998
      vertex 0.34862297099063266 -3.984778792366982 28.689999999999998
      vertex 0.14816476267101888 -1.6935309867559674 28.689999999999998
    endloop
  endfacet
  facet normal 0 0 1
    outer loop
      vertex 0.34862297099063266 -3.984778792366982 28.689999999999998
      vertex 0.6945927106677213 -3.939231012048832 28.689999999999998
      vertex 0.29520190203378155 -1.6741731801207536 28.689999999999998
    endloop
  endfacet
  facet normal 0.21643961393810218 -0.9762960071199335 0
    outer loop
      vertex 0.6945927106677213 -3.939231012048832 24.689999999999998
      vertex 1.035276180410083 -3.8637033051562732 24.689999999999998
      vertex 1.035276180410083 -3.8637033051562732 28.689999999999998
    endloop
  endfacet
  facet normal 0.3007057995042729 -0.9537169507482269 0
    outer loop
      vertex 1.035276180410083 -3.8637033051562732 24.689999999999998
      vertex 1.3680805733026749 -3.7587704831436337 24.689999999999998
      vertex 1.3680805733026749 -3.7587704831436337 28.689999999999998
    endloop
  endfacet
  facet normal 0.21643961393810218 -0.9762960071199335 0
    outer loop
      vertex 0.6945927106677213 -3.939231012048832 24.689999999999998
      vertex 1.035276180410083 -3.8637033051562732 28.689999999999998
      vertex 0.6945927106677213 -3.939231012048832 28.689999999999998
    endloop
  endfacet
  facet normal 0.3007057995042729 -0.9537169507482269 0
    outer loop
      vertex 1.035276180410083 -3.8637033051562732 24.689999999999998
      vertex 1.3680805733026749 -3.7587704831436337 28.689999999999998
      vertex 1.035276180410083 -3.8637033051562732 28.689999999999998
    endloop
  endfacet
  facet normal 0 0 1
    outer loop
      vertex 0.6945927106677213 -3.939231012048832 28.689999999999998
      vertex 1.035276180410083 -3.8637033051562732 28.689999999999998
      vertex 0.5814342436536368 -1.5974774553360442 28.689999999999998
    endloop
  endfacet
  facet normal 0 0 1
    outer loop
      vertex 1.035276180410083 -3.8637033051562732 28.689999999999998
      vertex 1.3680805733026749 -3.7587704831436337 28.689999999999998
      vertex 0.9750799417967783 -1.392558475291286 28.689999999999998
    endloop
  endfacet
  facet normal 0.38268343236509034 -0.9238795325112864 0
    outer loop
      vertex 1.3680805733026749 -3.7587704831436337 24.689999999999998
      vertex 1.6904730469627978 -3.6252311481465997 24.689999999999998
      vertex 1.6904730469627978 -3.6252311481465997 28.689999999999998
    endloop
  endfacet
  facet normal 0.38268343236509034 -0.9238795325112864 0
    outer loop
      vertex 1.3680805733026749 -3.7587704831436337 24.689999999999998
      vertex 1.6904730469627978 -3.6252311481465997 28.689999999999998
      vertex 1.3680805733026749 -3.7587704831436337 28.689999999999998
    endloop
  endfacet
  facet normal 0.4617486132350342 -0.8870108331782216 0
    outer loop
      vertex 1.6904730469627978 -3.6252311481465997 24.689999999999998
      vertex 2 -3.4641016151377544 28.689999999999998
      vertex 1.6904730469627978 -3.6252311481465997 28.689999999999998
    endloop
  endfacet
  facet normal 0.4617486132350342 -0.8870108331782216 0
    outer loop
      vertex 1.6904730469627978 -3.6252311481465997 24.689999999999998
      vertex 2 -3.4641016151377544 24.689999999999998
      vertex 2 -3.4641016151377544 28.689999999999998
    endloop
  endfacet
  facet normal 0.5372996083468236 -0.8433914458128858 0
    outer loop
      vertex 2 -3.4641016151377544 24.689999999999998
      vertex 2.294305745404184 -3.276608177155967 28.689999999999998
      vertex 2 -3.4641016151377544 28.689999999999998
    endloop
  endfacet
  facet normal 0.5372996083468236 -0.8433914458128858 0
    outer loop
      vertex 2 -3.4641016151377544 24.689999999999998
      vertex 2.294305745404184 -3.276608177155967 24.689999999999998
      vertex 2.294305745404184 -3.276608177155967 28.689999999999998
    endloop
  endfacet
  facet normal 0.608761429008721 -0.7933533402912348 0
    outer loop
      vertex 2.294305745404184 -3.276608177155967 24.689999999999998
      vertex 2.571150438746157 -3.064177772475912 24.689999999999998
      vertex 2.571150438746157 -3.064177772475912 28.689999999999998
    endloop
  endfacet
  facet normal 0.6755902076156591 -0.7372773368101251 0
    outer loop
      vertex 2.571150438746157 -3.064177772475912 24.689999999999998
      vertex 2.8284271247461903 -2.8284271247461903 24.689999999999998
      vertex 2.8284271247461903 -2.8284271247461903 28.689999999999998
    endloop
  endfacet
  facet normal 0.608761429008721 -0.7933533402912348 0
    outer loop
      vertex 2.294305745404184 -3.276608177155967 24.689999999999998
      vertex 2.571150438746157 -3.064177772475912 28.689999999999998
      vertex 2.294305745404184 -3.276608177155967 28.689999999999998
    endloop
  endfacet
  facet normal 0.6755902076156591 -0.7372773368101251 0
    outer loop
      vertex 2.571150438746157 -3.064177772475912 24.689999999999998
      vertex 2.8284271247461903 -2.8284271247461903 28.689999999999998
      vertex 2.571150438746157 -3.064177772475912 28.689999999999998
    endloop
  endfacet
  facet normal 0 0 1
    outer loop
      vertex 0 -4 28.689999999999998
      vertex 0.14816476267101888 -1.6935309867559674 28.689999999999998
      vertex 0 -1.7 28.689999999999998
    endloop
  endfacet
  facet normal 0 0 1
    outer loop
      vertex 0.34862297099063266 -3.984778792366982 28.689999999999998
      vertex 0.29520190203378155 -1.6741731801207536 28.689999999999998
      vertex 0.14816476267101888 -1.6935309867559674 28.689999999999998
    endloop
  endfacet
  facet normal 0 0 1
    outer loop
      vertex 0.6945927106677213 -3.939231012048832 28.689999999999998
      vertex 0.43999237667428526 -1.6420739046914161 28.689999999999998
      vertex 0.29520190203378155 -1.6741731801207536 28.689999999999998
    endloop
  endfacet
  facet normal 0 0 1
    outer loop
      vertex 0.6945927106677213 -3.939231012048832 28.689999999999998
      vertex 0.5814342436536368 -1.5974774553360442 28.689999999999998
      vertex 0.43999237667428526 -1.6420739046914161 28.689999999999998
    endloop
  endfacet
  facet normal 0 0 1
    outer loop
      vertex 1.035276180410083 -3.8637033051562732 28.689999999999998
      vertex 0.718451044959189 -1.5407232379623048 28.689999999999998
      vertex 0.5814342436536368 -1.5974774553360442 28.689999999999998
    endloop
  endfacet
  facet normal 0 0 1
    outer loop
      vertex 1.035276180410083 -3.8637033051562732 28.689999999999998
      vertex 0.85 -1.4722431864335457 28.689999999999998
      vertex 0.718451044959189 -1.5407232379623048 28.689999999999998
    endloop
  endfacet
  facet normal 0 0 1
    outer loop
      vertex 1.035276180410083 -3.8637033051562732 28.689999999999998
      vertex 0.9750799417967783 -1.392558475291286 28.689999999999998
      vertex 0.85 -1.4722431864335457 28.689999999999998
    endloop
  endfacet
  facet normal 0 0 1
    outer loop
      vertex 1.3680805733026749 -3.7587704831436337 28.689999999999998
      vertex 1.0927389364671167 -1.3022755533022625 28.689999999999998
      vertex 0.9750799417967783 -1.392558475291286 28.689999999999998
    endloop
  endfacet
  facet normal 0 0 1
    outer loop
      vertex 1.3680805733026749 -3.7587704831436337 28.689999999999998
      vertex 1.2020815280171309 -1.2020815280171309 28.689999999999998
      vertex 1.0927389364671167 -1.3022755533022625 28.689999999999998
    endloop
  endfacet
  facet normal 0 0 1
    outer loop
      vertex 1.3680805733026749 -3.7587704831436337 28.689999999999998
      vertex 1.3022755533022625 -1.0927389364671167 28.689999999999998
      vertex 1.2020815280171309 -1.2020815280171309 28.689999999999998
    endloop
  endfacet
  facet normal 0 0 1
    outer loop
      vertex 1.3680805733026749 -3.7587704831436337 28.689999999999998
      vertex 1.6904730469627978 -3.6252311481465997 28.689999999999998
      vertex 1.3022755533022625 -1.0927389364671167 28.689999999999998
    endloop
  endfacet
  facet normal 0 0 1
    outer loop
      vertex 1.6904730469627978 -3.6252311481465997 28.689999999999998
      vertex 2 -3.4641016151377544 28.689999999999998
      vertex 1.6741731801207536 -0.29520190203378155 28.689999999999998
    endloop
  endfacet
  facet normal 0 0 1
    outer loop
      vertex 1.6904730469627978 -3.6252311481465997 28.689999999999998
      vertex 1.392558475291286 -0.9750799417967783 28.689999999999998
      vertex 1.3022755533022625 -1.0927389364671167 28.689999999999998
    endloop
  endfacet
  facet normal 0 0 1
    outer loop
      vertex 1.6904730469627978 -3.6252311481465997 28.689999999999998
      vertex 1.4722431864335457 -0.85 28.689999999999998
      vertex 1.392558475291286 -0.9750799417967783 28.689999999999998
    endloop
  endfacet
  facet normal 0 0 1
    outer loop
      vertex 1.6904730469627978 -3.6252311481465997 28.689999999999998
      vertex 1.5407232379623048 -0.718451044959189 28.689999999999998
      vertex 1.4722431864335457 -0.85 28.689999999999998
    endloop
  endfacet
  facet normal 0 0 1
    outer loop
      vertex 1.6904730469627978 -3.6252311481465997 28.689999999999998
      vertex 1.5974774553360442 -0.5814342436536368 28.689999999999998
      vertex 1.5407232379623048 -0.718451044959189 28.689999999999998
    endloop
  endfacet
  facet normal 0 0 1
    outer loop
      vertex 1.6904730469627978 -3.6252311481465997 28.689999999999998
      vertex 1.6420739046914161 -0.43999237667428526 28.689999999999998
      vertex 1.5974774553360442 -0.5814342436536368 28.689999999999998
    endloop
  endfacet
  facet normal 0 0 1
    outer loop
      vertex 1.6904730469627978 -3.6252311481465997 28.689999999999998
      vertex 1.6741731801207536 -0.29520190203378155 28.689999999999998
      vertex 1.6420739046914161 -0.43999237667428526 28.689999999999998
    endloop
  endfacet
  facet normal 0 0 1
    outer loop
      vertex 2 -3.4641016151377544 28.689999999999998
      vertex 1.6935309867559674 -0.14816476267101888 28.689999999999998
      vertex 1.6741731801207536 -0.29520190203378155 28.689999999999998
    endloop
  endfacet
  facet normal 0 0 1
    outer loop
      vertex 2 -3.4641016151377544 28.689999999999998
      vertex 1.7 0 28.689999999999998
      vertex 1.6935309867559674 -0.14816476267101888 28.689999999999998
    endloop
  endfacet
  facet normal 0 0 1
    outer loop
      vertex 2 -3.4641016151377544 28.689999999999998
      vertex 1.6935309867559674 0.14816476267101888 28.689999999999998
      vertex 1.7 0 28.689999999999998
    endloop
  endfacet
  facet normal 0 0 1
    outer loop
      vertex 2 -3.4641016151377544 28.689999999999998
      vertex 2.294305745404184 -3.276608177155967 28.689999999999998
      vertex 2 3.4641016151377544 28.689999999999998
    endloop
  endfacet
  facet normal 0 0 1
    outer loop
      vertex 2.294305745404184 -3.276608177155967 28.689999999999998
      vertex 2.571150438746157 -3.064177772475912 28.689999999999998
      vertex 2.294305745404184 3.276608177155967 28.689999999999998
    endloop
  endfacet
  facet normal 0 0 1
    outer loop
      vertex 2.571150438746157 -3.064177772475912 28.689999999999998
      vertex 2.8284271247461903 -2.8284271247461903 28.689999999999998
      vertex 2.571150438746157 3.064177772475912 28.689999999999998
    endloop
  endfacet
  facet normal 0.7372773368101251 -0.6755902076156591 0
    outer loop
      vertex 2.8284271247461903 -2.8284271247461903 24.689999999999998
      vertex 3.064177772475912 -2.571150438746157 24.689999999999998
      vertex 2.8284271247461903 -2.8284271247461903 28.689999999999998
    endloop
  endfacet
  facet normal 0.7933533402912348 -0.608761429008721 0
    outer loop
      vertex 3.064177772475912 -2.571150438746157 24.689999999999998
      vertex 3.276608177155967 -2.294305745404184 24.689999999999998
      vertex 3.064177772475912 -2.571150438746157 28.689999999999998
    endloop
  endfacet
  facet normal 0.8433914458128858 -0.5372996083468236 0
    outer loop
      vertex 3.276608177155967 -2.294305745404184 24.689999999999998
      vertex 3.4641016151377544 -2 24.689999999999998
      vertex 3.276608177155967 -2.294305745404184 28.689999999999998
    endloop
  endfacet
  facet normal 0.7372773368101251 -0.6755902076156591 0
    outer loop
      vertex 2.8284271247461903 -2.8284271247461903 28.689999999999998
      vertex 3.064177772475912 -2.571150438746157 24.689999999999998
      vertex 3.064177772475912 -2.571150438746157 28.689999999999998
    endloop
  endfacet
  facet normal 0.7933533402912348 -0.608761429008721 0
    outer loop
      vertex 3.276608177155967 -2.294305745404184 24.689999999999998
      vertex 3.276608177155967 -2.294305745404184 28.689999999999998
      vertex 3.064177772475912 -2.571150438746157 28.689999999999998
    endloop
  endfacet
  facet normal 0.8870108331782216 -0.4617486132350342 0
    outer loop
      vertex 3.4641016151377544 -2 24.689999999999998
      vertex 3.6252311481465997 -1.6904730469627978 24.689999999999998
      vertex 3.4641016151377544 -2 28.689999999999998
    endloop
  endfacet
  facet normal 0.8433914458128858 -0.5372996083468236 0
    outer loop
      vertex 3.4641016151377544 -2 24.689999999999998
      vertex 3.4641016151377544 -2 28.689999999999998
      vertex 3.276608177155967 -2.294305745404184 28.689999999999998
    endloop
  endfacet
  facet normal 0.9238795325112864 -0.38268343236509034 0
    outer loop
      vertex 3.6252311481465997 -1.6904730469627978 24.689999999999998
      vertex 3.7587704831436337 -1.3680805733026749 24.689999999999998
      vertex 3.6252311481465997 -1.6904730469627978 28.689999999999998
    endloop
  endfacet
  facet normal 0.8870108331782216 -0.4617486132350342 0
    outer loop
      vertex 3.6252311481465997 -1.6904730469627978 24.689999999999998
      vertex 3.6252311481465997 -1.6904730469627978 28.689999999999998
      vertex 3.4641016151377544 -2 28.689999999999998
    endloop
  endfacet
  facet normal 0.9238795325112864 -0.38268343236509034 0
    outer loop
      vertex 3.6252311481465997 -1.6904730469627978 28.689999999999998
      vertex 3.7587704831436337 -1.3680805733026749 24.689999999999998
      vertex 3.7587704831436337 -1.3680805733026749 28.689999999999998
    endloop
  endfacet
  facet normal 0 0 1
    outer loop
      vertex 2.8284271247461903 -2.8284271247461903 28.689999999999998
      vertex 3.064177772475912 -2.571150438746157 28.689999999999998
      vertex 2.8284271247461903 2.8284271247461903 28.689999999999998
    endloop
  endfacet
  facet normal 0 0 1
    outer loop
      vertex 3.064177772475912 -2.571150438746157 28.689999999999998
      vertex 3.276608177155967 -2.294305745404184 28.689999999999998
      vertex 3.064177772475912 2.571150438746157 28.689999999999998
    endloop
  endfacet
  facet normal 0 0 1
    outer loop
      vertex 3.276608177155967 -2.294305745404184 28.689999999999998
      vertex 3.4641016151377544 -2 28.689999999999998
      vertex 3.276608177155967 2.294305745404184 28.689999999999998
    endloop
  endfacet
  facet normal 0 0 1
    outer loop
      vertex 3.4641016151377544 -2 28.689999999999998
      vertex 3.6252311481465997 -1.6904730469627978 28.689999999999998
      vertex 3.4641016151377544 2 28.689999999999998
    endloop
  endfacet
  facet normal 0.9537169507482269 -0.3007057995042729 0
    outer loop
      vertex 3.7587704831436337 -1.3680805733026749 24.689999999999998
      vertex 3.8637033051562732 -1.035276180410083 24.689999999999998
      vertex 3.7587704831436337 -1.3680805733026749 28.689999999999998
    endloop
  endfacet
  facet normal 0.9762960071199335 -0.21643961393810218 0
    outer loop
      vertex 3.8637033051562732 -1.035276180410083 24.689999999999998
      vertex 3.939231012048832 -0.6945927106677213 24.689999999999998
      vertex 3.8637033051562732 -1.035276180410083 28.689999999999998
    endloop
  endfacet
  facet normal 0.9537169507482269 -0.3007057995042729 0
    outer loop
      vertex 3.8637033051562732 -1.035276180410083 24.689999999999998
      vertex 3.8637033051562732 -1.035276180410083 28.689999999999998
      vertex 3.7587704831436337 -1.3680805733026749 28.689999999999998
    endloop
  endfacet
  facet normal 0.9762960071199335 -0.21643961393810218 0
    outer loop
      vertex 3.939231012048832 -0.6945927106677213 24.689999999999998
      vertex 3.939231012048832 -0.6945927106677213 28.689999999999998
      vertex 3.8637033051562732 -1.035276180410083 28.689999999999998
    endloop
  endfacet
  facet normal 0.9914448613738103 -0.13052619222005218 0
    outer loop
      vertex 3.939231012048832 -0.6945927106677213 24.689999999999998
      vertex 3.984778792366982 -0.34862297099063266 24.689999999999998
      vertex 3.939231012048832 -0.6945927106677213 28.689999999999998
    endloop
  endfacet
  facet normal 0.9990482215818578 -0.04361938736533586 0
    outer loop
      vertex 3.984778792366982 -0.34862297099063266 24.689999999999998
      vertex 4 0 24.689999999999998
      vertex 3.984778792366982 -0.34862297099063266 28.689999999999998
    endloop
  endfacet
  facet normal 0 0 1
    outer loop
      vertex 3.6252311481465997 -1.6904730469627978 28.689999999999998
      vertex 3.7587704831436337 -1.3680805733026749 28.689999999999998
      vertex 3.6252311481465997 1.6904730469627978 28.689999999999998
    endloop
  endfacet
  facet normal 0 0 1
    outer loop
      vertex 3.7587704831436337 -1.3680805733026749 28.689999999999998
      vertex 3.8637033051562732 -1.035276180410083 28.689999999999998
      vertex 3.7587704831436337 1.3680805733026749 28.689999999999998
    endloop
  endfacet
  facet normal 0 0 1
    outer loop
      vertex 3.8637033051562732 -1.035276180410083 28.689999999999998
      vertex 3.939231012048832 -0.6945927106677213 28.689999999999998
      vertex 3.8637033051562732 1.035276180410083 28.689999999999998
    endloop
  endfacet
  facet normal 0.9914448613738103 -0.13052619222005218 0
    outer loop
      vertex 3.984778792366982 -0.34862297099063266 24.689999999999998
      vertex 3.984778792366982 -0.34862297099063266 28.689999999999998
      vertex 3.939231012048832 -0.6945927106677213 28.689999999999998
    endloop
  endfacet
  facet normal 0.9990482215818578 -0.04361938736533586 0
    outer loop
      vertex 3.984778792366982 -0.34862297099063266 28.689999999999998
      vertex 4 0 24.689999999999998
      vertex 4 0 28.689999999999998
    endloop
  endfacet
  facet normal 0 0 1
    outer loop
      vertex 3.939231012048832 -0.6945927106677213 28.689999999999998
      vertex 3.984778792366982 -0.34862297099063266 28.689999999999998
      vertex 3.939231012048832 0.6945927106677213 28.689999999999998
    endloop
  endfacet
  facet normal 0 0 1
    outer loop
      vertex 0 4 28.689999999999998
      vertex 0 1.7 28.689999999999998
      vertex 0.14816476267101888 1.6935309867559674 28.689999999999998
    endloop
  endfacet
  facet normal 0 0 1
    outer loop
      vertex 0.34862297099063266 3.984778792366982 28.689999999999998
      vertex 0.14816476267101888 1.6935309867559674 28.689999999999998
      vertex 0.29520190203378155 1.6741731801207536 28.689999999999998
    endloop
  endfacet
  facet normal 0 0 1
    outer loop
      vertex 0.34862297099063266 3.984778792366982 28.689999999999998
      vertex 0.29520190203378155 1.6741731801207536 28.689999999999998
      vertex 0.43999237667428526 1.6420739046914161 28.689999999999998
    endloop
  endfacet
  facet normal 0 0 1
    outer loop
      vertex 0.34862297099063266 3.984778792366982 28.689999999999998
      vertex 0.43999237667428526 1.6420739046914161 28.689999999999998
      vertex 0.5814342436536368 1.5974774553360442 28.689999999999998
    endloop
  endfacet
  facet normal 0 0 1
    outer loop
      vertex 0.6945927106677213 3.939231012048832 28.689999999999998
      vertex 0.5814342436536368 1.5974774553360442 28.689999999999998
      vertex 0.718451044959189 1.5407232379623048 28.689999999999998
    endloop
  endfacet
  facet normal 0 0 1
    outer loop
      vertex 1.035276180410083 3.8637033051562732 28.689999999999998
      vertex 1.0927389364671167 1.3022755533022625 28.689999999999998
      vertex 1.2020815280171309 1.2020815280171309 28.689999999999998
    endloop
  endfacet
  facet normal 0 0 1
    outer loop
      vertex 1.3680805733026749 3.7587704831436337 28.689999999999998
      vertex 1.392558475291286 0.9750799417967783 28.689999999999998
      vertex 1.4722431864335457 0.85 28.689999999999998
    endloop
  endfacet
  facet normal 0 0 1
    outer loop
      vertex 1.3680805733026749 3.7587704831436337 28.689999999999998
      vertex 1.3022755533022625 1.0927389364671167 28.689999999999998
      vertex 1.392558475291286 0.9750799417967783 28.689999999999998
    endloop
  endfacet
  facet normal 0 0 1
    outer loop
      vertex 1.3680805733026749 3.7587704831436337 28.689999999999998
      vertex 1.2020815280171309 1.2020815280171309 28.689999999999998
      vertex 1.3022755533022625 1.0927389364671167 28.689999999999998
    endloop
  endfacet
  facet normal 0 0 1
    outer loop
      vertex 0.6945927106677213 3.939231012048832 28.689999999999998
      vertex 0.718451044959189 1.5407232379623048 28.689999999999998
      vertex 0.85 1.4722431864335457 28.689999999999998
    endloop
  endfacet
  facet normal 0 0 1
    outer loop
      vertex 1.035276180410083 3.8637033051562732 28.689999999999998
      vertex 0.85 1.4722431864335457 28.689999999999998
      vertex 0.9750799417967783 1.392558475291286 28.689999999999998
    endloop
  endfacet
  facet normal 0 0 1
    outer loop
      vertex 1.035276180410083 3.8637033051562732 28.689999999999998
      vertex 0.9750799417967783 1.392558475291286 28.689999999999998
      vertex 1.0927389364671167 1.3022755533022625 28.689999999999998
    endloop
  endfacet
  facet normal 0 0 1
    outer loop
      vertex 2 -3.4641016151377544 28.689999999999998
      vertex 1.6904730469627978 3.6252311481465997 28.689999999999998
      vertex 1.6935309867559674 0.14816476267101888 28.689999999999998
    endloop
  endfacet
  facet normal 0 0 1
    outer loop
      vertex 1.6904730469627978 3.6252311481465997 28.689999999999998
      vertex 1.6741731801207536 0.29520190203378155 28.689999999999998
      vertex 1.6935309867559674 0.14816476267101888 28.689999999999998
    endloop
  endfacet
  facet normal 0 0 1
    outer loop
      vertex 2 -3.4641016151377544 28.689999999999998
      vertex 2 3.4641016151377544 28.689999999999998
      vertex 1.6904730469627978 3.6252311481465997 28.689999999999998
    endloop
  endfacet
  facet normal 0 0 1
    outer loop
      vertex 2.294305745404184 -3.276608177155967 28.689999999999998
      vertex 2.294305745404184 3.276608177155967 28.689999999999998
      vertex 2 3.4641016151377544 28.689999999999998
    endloop
  endfacet
  facet normal 0 0 1
    outer loop
      vertex 2.571150438746157 -3.064177772475912 28.689999999999998
      vertex 2.571150438746157 3.064177772475912 28.689999999999998
      vertex 2.294305745404184 3.276608177155967 28.689999999999998
    endloop
  endfacet
  facet normal 0 0 1
    outer loop
      vertex 2.8284271247461903 -2.8284271247461903 28.689999999999998
      vertex 2.8284271247461903 2.8284271247461903 28.689999999999998
      vertex 2.571150438746157 3.064177772475912 28.689999999999998
    endloop
  endfacet
  facet normal 0 0 1
    outer loop
      vertex 1.3680805733026749 3.7587704831436337 28.689999999999998
      vertex 1.4722431864335457 0.85 28.689999999999998
      vertex 1.5407232379623048 0.718451044959189 28.689999999999998
    endloop
  endfacet
  facet normal 0 0 1
    outer loop
      vertex 1.6904730469627978 3.6252311481465997 28.689999999999998
      vertex 1.6420739046914161 0.43999237667428526 28.689999999999998
      vertex 1.6741731801207536 0.29520190203378155 28.689999999999998
    endloop
  endfacet
  facet normal 0 0 1
    outer loop
      vertex 1.6904730469627978 3.6252311481465997 28.689999999999998
      vertex 1.5974774553360442 0.5814342436536368 28.689999999999998
      vertex 1.6420739046914161 0.43999237667428526 28.689999999999998
    endloop
  endfacet
  facet normal 0 0 1
    outer loop
      vertex 1.6904730469627978 3.6252311481465997 28.689999999999998
      vertex 1.5407232379623048 0.718451044959189 28.689999999999998
      vertex 1.5974774553360442 0.5814342436536368 28.689999999999998
    endloop
  endfacet
  facet normal 0 0 1
    outer loop
      vertex 1.3680805733026749 3.7587704831436337 28.689999999999998
      vertex 1.5407232379623048 0.718451044959189 28.689999999999998
      vertex 1.6904730469627978 3.6252311481465997 28.689999999999998
    endloop
  endfacet
  facet normal 0 0 1
    outer loop
      vertex 0 4 28.689999999999998
      vertex 0.14816476267101888 1.6935309867559674 28.689999999999998
      vertex 0.34862297099063266 3.984778792366982 28.689999999999998
    endloop
  endfacet
  facet normal 0 0 1
    outer loop
      vertex 0.34862297099063266 3.984778792366982 28.689999999999998
      vertex 0.5814342436536368 1.5974774553360442 28.689999999999998
      vertex 0.6945927106677213 3.939231012048832 28.689999999999998
    endloop
  endfacet
  facet normal 0.04361938736533586 0.9990482215818578 0
    outer loop
      vertex 0 4 24.689999999999998
      vertex 0 4 28.689999999999998
      vertex 0.34862297099063266 3.984778792366982 24.689999999999998
    endloop
  endfacet
  facet normal 0.13052619222005218 0.9914448613738103 0
    outer loop
      vertex 0.34862297099063266 3.984778792366982 24.689999999999998
      vertex 0.34862297099063266 3.984778792366982 28.689999999999998
      vertex 0.6945927106677213 3.939231012048832 24.689999999999998
    endloop
  endfacet
  facet normal 0.04361938736533586 0.9990482215818578 0
    outer loop
      vertex 0.34862297099063266 3.984778792366982 24.689999999999998
      vertex 0 4 28.689999999999998
      vertex 0.34862297099063266 3.984778792366982 28.689999999999998
    endloop
  endfacet
  facet normal 0.13052619222005218 0.9914448613738103 0
    outer loop
      vertex 0.6945927106677213 3.939231012048832 24.689999999999998
      vertex 0.34862297099063266 3.984778792366982 28.689999999999998
      vertex 0.6945927106677213 3.939231012048832 28.689999999999998
    endloop
  endfacet
  facet normal 0 0 1
    outer loop
      vertex 0.6945927106677213 3.939231012048832 28.689999999999998
      vertex 0.85 1.4722431864335457 28.689999999999998
      vertex 1.035276180410083 3.8637033051562732 28.689999999999998
    endloop
  endfacet
  facet normal 0 0 1
    outer loop
      vertex 1.035276180410083 3.8637033051562732 28.689999999999998
      vertex 1.2020815280171309 1.2020815280171309 28.689999999999998
      vertex 1.3680805733026749 3.7587704831436337 28.689999999999998
    endloop
  endfacet
  facet normal 0.21643961393810218 0.9762960071199335 0
    outer loop
      vertex 0.6945927106677213 3.939231012048832 24.689999999999998
      vertex 0.6945927106677213 3.939231012048832 28.689999999999998
      vertex 1.035276180410083 3.8637033051562732 24.689999999999998
    endloop
  endfacet
  facet normal 0.3007057995042729 0.9537169507482269 0
    outer loop
      vertex 1.035276180410083 3.8637033051562732 24.689999999999998
      vertex 1.035276180410083 3.8637033051562732 28.689999999999998
      vertex 1.3680805733026749 3.7587704831436337 24.689999999999998
    endloop
  endfacet
  facet normal 0.21643961393810218 0.9762960071199335 0
    outer loop
      vertex 1.035276180410083 3.8637033051562732 24.689999999999998
      vertex 0.6945927106677213 3.939231012048832 28.689999999999998
      vertex 1.035276180410083 3.8637033051562732 28.689999999999998
    endloop
  endfacet
  facet normal 0.3007057995042729 0.9537169507482269 0
    outer loop
      vertex 1.3680805733026749 3.7587704831436337 24.689999999999998
      vertex 1.035276180410083 3.8637033051562732 28.689999999999998
      vertex 1.3680805733026749 3.7587704831436337 28.689999999999998
    endloop
  endfacet
  facet normal 0.5372996083468236 0.8433914458128858 0
    outer loop
      vertex 2 3.4641016151377544 24.689999999999998
      vertex 2 3.4641016151377544 28.689999999999998
      vertex 2.294305745404184 3.276608177155967 24.689999999999998
    endloop
  endfacet
  facet normal 0.4617486132350342 0.8870108331782216 0
    outer loop
      vertex 2 3.4641016151377544 24.689999999999998
      vertex 1.6904730469627978 3.6252311481465997 28.689999999999998
      vertex 2 3.4641016151377544 28.689999999999998
    endloop
  endfacet
  facet normal 0.38268343236509034 0.9238795325112864 0
    outer loop
      vertex 1.3680805733026749 3.7587704831436337 24.689999999999998
      vertex 1.3680805733026749 3.7587704831436337 28.689999999999998
      vertex 1.6904730469627978 3.6252311481465997 24.689999999999998
    endloop
  endfacet
  facet normal 0.4617486132350342 0.8870108331782216 0
    outer loop
      vertex 2 3.4641016151377544 24.689999999999998
      vertex 1.6904730469627978 3.6252311481465997 24.689999999999998
      vertex 1.6904730469627978 3.6252311481465997 28.689999999999998
    endloop
  endfacet
  facet normal 0.38268343236509034 0.9238795325112864 0
    outer loop
      vertex 1.3680805733026749 3.7587704831436337 28.689999999999998
      vertex 1.6904730469627978 3.6252311481465997 28.689999999999998
      vertex 1.6904730469627978 3.6252311481465997 24.689999999999998
    endloop
  endfacet
  facet normal 0.608761429008721 0.7933533402912348 0
    outer loop
      vertex 2.294305745404184 3.276608177155967 24.689999999999998
      vertex 2.294305745404184 3.276608177155967 28.689999999999998
      vertex 2.571150438746157 3.064177772475912 24.689999999999998
    endloop
  endfacet
  facet normal 0.6755902076156591 0.7372773368101251 0
    outer loop
      vertex 2.8284271247461903 2.8284271247461903 24.689999999999998
      vertex 2.571150438746157 3.064177772475912 24.689999999999998
      vertex 2.571150438746157 3.064177772475912 28.689999999999998
    endloop
  endfacet
  facet normal 0.608761429008721 0.7933533402912348 0
    outer loop
      vertex 2.571150438746157 3.064177772475912 24.689999999999998
      vertex 2.294305745404184 3.276608177155967 28.689999999999998
      vertex 2.571150438746157 3.064177772475912 28.689999999999998
    endloop
  endfacet
  facet normal 0.5372996083468236 0.8433914458128858 0
    outer loop
      vertex 2.294305745404184 3.276608177155967 24.689999999999998
      vertex 2 3.4641016151377544 28.689999999999998
      vertex 2.294305745404184 3.276608177155967 28.689999999999998
    endloop
  endfacet
  facet normal 0.6755902076156591 0.7372773368101251 0
    outer loop
      vertex 2.8284271247461903 2.8284271247461903 24.689999999999998
      vertex 2.571150438746157 3.064177772475912 28.689999999999998
      vertex 2.8284271247461903 2.8284271247461903 28.689999999999998
    endloop
  endfacet
  facet normal 0 0 1
    outer loop
      vertex 3.064177772475912 -2.571150438746157 28.689999999999998
      vertex 3.064177772475912 2.571150438746157 28.689999999999998
      vertex 2.8284271247461903 2.8284271247461903 28.689999999999998
    endloop
  endfacet
  facet normal 0 0 1
    outer loop
      vertex 3.276608177155967 -2.294305745404184 28.689999999999998
      vertex 3.276608177155967 2.294305745404184 28.689999999999998
      vertex 3.064177772475912 2.571150438746157 28.689999999999998
    endloop
  endfacet
  facet normal 0 0 1
    outer loop
      vertex 3.4641016151377544 -2 28.689999999999998
      vertex 3.4641016151377544 2 28.689999999999998
      vertex 3.276608177155967 2.294305745404184 28.689999999999998
    endloop
  endfacet
  facet normal 0.9990482215818578 0.04361938736533586 0
    outer loop
      vertex 4 0 24.689999999999998
      vertex 3.984778792366982 0.34862297099063266 24.689999999999998
      vertex 4 0 28.689999999999998
    endloop
  endfacet
  facet normal 0.9914448613738103 0.13052619222005218 0
    outer loop
      vertex 3.984778792366982 0.34862297099063266 24.689999999999998
      vertex 3.939231012048832 0.6945927106677213 24.689999999999998
      vertex 3.984778792366982 0.34862297099063266 28.689999999999998
    endloop
  endfacet
  facet normal 0 0 1
    outer loop
      vertex 3.939231012048832 -0.6945927106677213 28.689999999999998
      vertex 3.939231012048832 0.6945927106677213 28.689999999999998
      vertex 3.8637033051562732 1.035276180410083 28.689999999999998
    endloop
  endfacet
  facet normal 0 0 1
    outer loop
      vertex 3.6252311481465997 -1.6904730469627978 28.689999999999998
      vertex 3.6252311481465997 1.6904730469627978 28.689999999999998
      vertex 3.4641016151377544 2 28.689999999999998
    endloop
  endfacet
  facet normal 0 0 1
    outer loop
      vertex 3.7587704831436337 -1.3680805733026749 28.689999999999998
      vertex 3.7587704831436337 1.3680805733026749 28.689999999999998
      vertex 3.6252311481465997 1.6904730469627978 28.689999999999998
    endloop
  endfacet
  facet normal 0 0 1
    outer loop
      vertex 3.8637033051562732 -1.035276180410083 28.689999999999998
      vertex 3.8637033051562732 1.035276180410083 28.689999999999998
      vertex 3.7587704831436337 1.3680805733026749 28.689999999999998
    endloop
  endfacet
  facet normal 0.9990482215818578 0.04361938736533586 0
    outer loop
      vertex 3.984778792366982 0.34862297099063266 24.689999999999998
      vertex 3.984778792366982 0.34862297099063266 28.689999999999998
      vertex 4 0 28.689999999999998
    endloop
  endfacet
  facet normal 0 0 1
    outer loop
      vertex 3.984778792366982 -0.34862297099063266 28.689999999999998
      vertex 4 0 28.689999999999998
      vertex 3.984778792366982 0.34862297099063266 28.689999999999998
    endloop
  endfacet
  facet normal 0 0 1
    outer loop
      vertex 3.984778792366982 -0.34862297099063266 28.689999999999998
      vertex 3.984778792366982 0.34862297099063266 28.689999999999998
      vertex 3.939231012048832 0.6945927106677213 28.689999999999998
    endloop
  endfacet
  facet normal 0.9914448613738103 0.13052619222005218 0
    outer loop
      vertex 3.939231012048832 0.6945927106677213 24.689999999999998
      vertex 3.939231012048832 0.6945927106677213 28.689999999999998
      vertex 3.984778792366982 0.34862297099063266 28.689999999999998
    endloop
  endfacet
  facet normal 0.9762960071199335 0.21643961393810218 0
    outer loop
      vertex 3.939231012048832 0.6945927106677213 24.689999999999998
      vertex 3.8637033051562732 1.035276180410083 24.689999999999998
      vertex 3.939231012048832 0.6945927106677213 28.689999999999998
    endloop
  endfacet
  facet normal 0.9537169507482269 0.3007057995042729 0
    outer loop
      vertex 3.8637033051562732 1.035276180410083 24.689999999999998
      vertex 3.7587704831436337 1.3680805733026749 24.689999999999998
      vertex 3.8637033051562732 1.035276180410083 28.689999999999998
    endloop
  endfacet
  facet normal 0.9762960071199335 0.21643961393810218 0
    outer loop
      vertex 3.8637033051562732 1.035276180410083 24.689999999999998
      vertex 3.8637033051562732 1.035276180410083 28.689999999999998
      vertex 3.939231012048832 0.6945927106677213 28.689999999999998
    endloop
  endfacet
  facet normal 0.9537169507482269 0.3007057995042729 0
    outer loop
      vertex 3.7587704831436337 1.3680805733026749 24.689999999999998
      vertex 3.7587704831436337 1.3680805733026749 28.689999999999998
      vertex 3.8637033051562732 1.035276180410083 28.689999999999998
    endloop
  endfacet
  facet normal 0.8433914458128858 0.5372996083468236 0
    outer loop
      vertex 3.4641016151377544 2 24.689999999999998
      vertex 3.276608177155967 2.294305745404184 24.689999999999998
      vertex 3.4641016151377544 2 28.689999999999998
    endloop
  endfacet
  facet normal 0.8870108331782216 0.4617486132350342 0
    outer loop
      vertex 3.4641016151377544 2 24.689999999999998
      vertex 3.4641016151377544 2 28.689999999999998
      vertex 3.6252311481465997 1.6904730469627978 28.689999999999998
    endloop
  endfacet
  facet normal 0.7933533402912348 0.608761429008721 0
    outer loop
      vertex 3.064177772475912 2.571150438746157 24.689999999999998
      vertex 3.276608177155967 2.294305745404184 28.689999999999998
      vertex 3.276608177155967 2.294305745404184 24.689999999999998
    endloop
  endfacet
  facet normal 0.7372773368101251 0.6755902076156591 0
    outer loop
      vertex 2.8284271247461903 2.8284271247461903 24.689999999999998
      vertex 3.064177772475912 2.571150438746157 28.689999999999998
      vertex 3.064177772475912 2.571150438746157 24.689999999999998
    endloop
  endfacet
  facet normal 0.7933533402912348 0.608761429008721 0
    outer loop
      vertex 3.064177772475912 2.571150438746157 24.689999999999998
      vertex 3.064177772475912 2.571150438746157 28.689999999999998
      vertex 3.276608177155967 2.294305745404184 28.689999999999998
    endloop
  endfacet
  facet normal 0.7372773368101251 0.6755902076156591 0
    outer loop
      vertex 2.8284271247461903 2.8284271247461903 24.689999999999998
      vertex 2.8284271247461903 2.8284271247461903 28.689999999999998
      vertex 3.064177772475912 2.571150438746157 28.689999999999998
    endloop
  endfacet
  facet normal 0.8433914458128858 0.5372996083468236 0
    outer loop
      vertex 3.276608177155967 2.294305745404184 24.689999999999998
      vertex 3.276608177155967 2.294305745404184 28.689999999999998
      vertex 3.4641016151377544 2 28.689999999999998
    endloop
  endfacet
  facet normal 0.9238795325112864 0.38268343236509034 0
    outer loop
      vertex 3.7587704831436337 1.3680805733026749 24.689999999999998
      vertex 3.6252311481465997 1.6904730469627978 24.689999999999998
      vertex 3.7587704831436337 1.3680805733026749 28.689999999999998
    endloop
  endfacet
  facet normal 0.8870108331782216 0.4617486132350342 0
    outer loop
      vertex 3.4641016151377544 2 24.689999999999998
      vertex 3.6252311481465997 1.6904730469627978 28.689999999999998
      vertex 3.6252311481465997 1.6904730469627978 24.689999999999998
    endloop
  endfacet
  facet normal 0.9238795325112864 0.38268343236509034 0
    outer loop
      vertex 3.7587704831436337 1.3680805733026749 28.689999999999998
      vertex 3.6252311481465997 1.6904730469627978 24.689999999999998
      vertex 3.6252311481465997 1.6904730469627978 28.689999999999998
    endloop
  endfacet
  facet normal 0.8433914458128856 0.5372996083468239 0
    outer loop
      vertex -1.4722431864335457 -0.85 0.59
      vertex -1.4722431864335457 -0.85 28.689999999999998
      vertex -1.392558475291286 -0.9750799417967783 0.59
    endloop
  endfacet
  facet normal 0.887010833178222 0.46174861323503336 0
    outer loop
      vertex -1.4722431864335457 -0.85 0.59
      vertex -1.5407232379623048 -0.718451044959189 0.59
      vertex -1.5407232379623048 -0.718451044959189 28.689999999999998
    endloop
  endfacet
  facet normal 0.9537169507482268 0.3007057995042734 0
    outer loop
      vertex -1.5974774553360442 -0.5814342436536368 0.59
      vertex -1.6420739046914161 -0.43999237667428526 0.59
      vertex -1.6420739046914161 -0.43999237667428526 28.689999999999998
    endloop
  endfacet
  facet normal 0.9238795325112864 0.3826834323650905 0
    outer loop
      vertex -1.5974774553360442 -0.5814342436536368 0.59
      vertex -1.5974774553360442 -0.5814342436536368 28.689999999999998
      vertex -1.5407232379623048 -0.718451044959189 0.59
    endloop
  endfacet
  facet normal 0.9762960071199338 0.2164396139381018 0
    outer loop
      vertex -1.6420739046914161 -0.43999237667428526 0.59
      vertex -1.6741731801207536 -0.29520190203378155 0.59
      vertex -1.6741731801207536 -0.29520190203378155 28.689999999999998
    endloop
  endfacet
  facet normal 0.9914448613738104 0.13052619222005227 0
    outer loop
      vertex -1.6741731801207536 -0.29520190203378155 0.59
      vertex -1.6935309867559674 -0.14816476267101888 0.59
      vertex -1.6935309867559674 -0.14816476267101888 28.689999999999998
    endloop
  endfacet
  facet normal 0.9990482215818579 0.043619387365336014 0
    outer loop
      vertex -1.6935309867559674 -0.14816476267101888 0.59
      vertex -1.7 0 0.59
      vertex -1.7 0 28.689999999999998
    endloop
  endfacet
  facet normal 0.46174861323503336 0.887010833178222 0
    outer loop
      vertex -0.85 -1.4722431864335457 0.59
      vertex -0.85 -1.4722431864335457 28.689999999999998
      vertex -0.718451044959189 -1.5407232379623048 0.59
    endloop
  endfacet
  facet normal 0.3826834323650905 0.9238795325112864 0
    outer loop
      vertex -0.5814342436536368 -1.5974774553360442 0.59
      vertex -0.718451044959189 -1.5407232379623048 0.59
      vertex -0.718451044959189 -1.5407232379623048 28.689999999999998
    endloop
  endfacet
  facet normal 0.3007057995042734 0.9537169507482268 0
    outer loop
      vertex -0.5814342436536368 -1.5974774553360442 0.59
      vertex -0.5814342436536368 -1.5974774553360442 28.689999999999998
      vertex -0.43999237667428526 -1.6420739046914161 0.59
    endloop
  endfacet
  facet normal 0.2164396139381018 0.9762960071199338 0
    outer loop
      vertex -0.43999237667428526 -1.6420739046914161 0.59
      vertex -0.43999237667428526 -1.6420739046914161 28.689999999999998
      vertex -0.29520190203378155 -1.6741731801207536 0.59
    endloop
  endfacet
  facet normal 0.13052619222005227 0.9914448613738104 0
    outer loop
      vertex -0.29520190203378155 -1.6741731801207536 0.59
      vertex -0.29520190203378155 -1.6741731801207536 28.689999999999998
      vertex -0.14816476267101888 -1.6935309867559674 0.59
    endloop
  endfacet
  facet normal 0.043619387365336014 0.9990482215818579 0
    outer loop
      vertex -0.14816476267101888 -1.6935309867559674 0.59
      vertex -0.14816476267101888 -1.6935309867559674 28.689999999999998
      vertex 0 -1.7 0.59
    endloop
  endfacet
  facet normal 0.7372773368101254 0.6755902076156588 0
    outer loop
      vertex -1.2020815280171309 -1.2020815280171309 0.59
      vertex -1.3022755533022625 -1.0927389364671167 0.59
      vertex -1.3022755533022625 -1.0927389364671167 28.689999999999998
    endloop
  endfacet
  facet normal 0.6755902076156588 0.7372773368101254 0
    outer loop
      vertex -1.2020815280171309 -1.2020815280171309 0.59
      vertex -1.2020815280171309 -1.2020815280171309 28.689999999999998
      vertex -1.0927389364671167 -1.3022755533022625 0.59
    endloop
  endfacet
  facet normal 0.7933533402912345 0.6087614290087213 0
    outer loop
      vertex -1.3022755533022625 -1.0927389364671167 0.59
      vertex -1.392558475291286 -0.9750799417967783 0.59
      vertex -1.392558475291286 -0.9750799417967783 28.689999999999998
    endloop
  endfacet
  facet normal 0.6087614290087213 0.7933533402912345 0
    outer loop
      vertex -1.0927389364671167 -1.3022755533022625 0.59
      vertex -1.0927389364671167 -1.3022755533022625 28.689999999999998
      vertex -0.9750799417967783 -1.392558475291286 0.59
    endloop
  endfacet
  facet normal 0.5372996083468239 0.8433914458128856 0
    outer loop
      vertex -0.9750799417967783 -1.392558475291286 0.59
      vertex -0.9750799417967783 -1.392558475291286 28.689999999999998
      vertex -0.85 -1.4722431864335457 0.59
    endloop
  endfacet
  facet normal 0.887010833178222 0.46174861323503336 0
    outer loop
      vertex -1.4722431864335457 -0.85 0.59
      vertex -1.5407232379623048 -0.718451044959189 28.689999999999998
      vertex -1.4722431864335457 -0.85 28.689999999999998
    endloop
  endfacet
  facet normal 0.9537169507482268 0.3007057995042734 0
    outer loop
      vertex -1.5974774553360442 -0.5814342436536368 0.59
      vertex -1.6420739046914161 -0.43999237667428526 28.689999999999998
      vertex -1.5974774553360442 -0.5814342436536368 28.689999999999998
    endloop
  endfacet
  facet normal 0.9762960071199338 0.2164396139381018 0
    outer loop
      vertex -1.6420739046914161 -0.43999237667428526 0.59
      vertex -1.6741731801207536 -0.29520190203378155 28.689999999999998
      vertex -1.6420739046914161 -0.43999237667428526 28.689999999999998
    endloop
  endfacet
  facet normal 0.9238795325112864 0.3826834323650905 0
    outer loop
      vertex -1.5407232379623048 -0.718451044959189 0.59
      vertex -1.5974774553360442 -0.5814342436536368 28.689999999999998
      vertex -1.5407232379623048 -0.718451044959189 28.689999999999998
    endloop
  endfacet
  facet normal 0.9914448613738104 0.13052619222005227 0
    outer loop
      vertex -1.6741731801207536 -0.29520190203378155 0.59
      vertex -1.6935309867559674 -0.14816476267101888 28.689999999999998
      vertex -1.6741731801207536 -0.29520190203378155 28.689999999999998
    endloop
  endfacet
  facet normal 0.9990482215818579 0.043619387365336014 0
    outer loop
      vertex -1.6935309867559674 -0.14816476267101888 0.59
      vertex -1.7 0 28.689999999999998
      vertex -1.6935309867559674 -0.14816476267101888 28.689999999999998
    endloop
  endfacet
  facet normal 0.5372996083468239 0.8433914458128856 0
    outer loop
      vertex -0.85 -1.4722431864335457 0.59
      vertex -0.9750799417967783 -1.392558475291286 28.689999999999998
      vertex -0.85 -1.4722431864335457 28.689999999999998
    endloop
  endfacet
  facet normal 0.46174861323503336 0.887010833178222 0
    outer loop
      vertex -0.718451044959189 -1.5407232379623048 0.59
      vertex -0.85 -1.4722431864335457 28.689999999999998
      vertex -0.718451044959189 -1.5407232379623048 28.689999999999998
    endloop
  endfacet
  facet normal 0.3826834323650905 0.9238795325112864 0
    outer loop
      vertex -0.5814342436536368 -1.5974774553360442 0.59
      vertex -0.718451044959189 -1.5407232379623048 28.689999999999998
      vertex -0.5814342436536368 -1.5974774553360442 28.689999999999998
    endloop
  endfacet
  facet normal 0.3007057995042734 0.9537169507482268 0
    outer loop
      vertex -0.43999237667428526 -1.6420739046914161 0.59
      vertex -0.5814342436536368 -1.5974774553360442 28.689999999999998
      vertex -0.43999237667428526 -1.6420739046914161 28.689999999999998
    endloop
  endfacet
  facet normal 0.2164396139381018 0.9762960071199338 0
    outer loop
      vertex -0.29520190203378155 -1.6741731801207536 0.59
      vertex -0.43999237667428526 -1.6420739046914161 28.689999999999998
      vertex -0.29520190203378155 -1.6741731801207536 28.689999999999998
    endloop
  endfacet
  facet normal 0.13052619222005227 0.9914448613738104 0
    outer loop
      vertex -0.14816476267101888 -1.6935309867559674 0.59
      vertex -0.29520190203378155 -1.6741731801207536 28.689999999999998
      vertex -0.14816476267101888 -1.6935309867559674 28.689999999999998
    endloop
  endfacet
  facet normal 0.043619387365336014 0.9990482215818579 0
    outer loop
      vertex 0 -1.7 0.59
      vertex -0.14816476267101888 -1.6935309867559674 28.689999999999998
      vertex 0 -1.7 28.689999999999998
    endloop
  endfacet
  facet normal 0.6755902076156588 0.7372773368101254 0
    outer loop
      vertex -1.0927389364671167 -1.3022755533022625 0.59
      vertex -1.2020815280171309 -1.2020815280171309 28.689999999999998
      vertex -1.0927389364671167 -1.3022755533022625 28.689999999999998
    endloop
  endfacet
  facet normal 0.7372773368101254 0.6755902076156588 0
    outer loop
      vertex -1.2020815280171309 -1.2020815280171309 0.59
      vertex -1.3022755533022625 -1.0927389364671167 28.689999999999998
      vertex -1.2020815280171309 -1.2020815280171309 28.689999999999998
    endloop
  endfacet
  facet normal 0.8433914458128856 0.5372996083468239 0
    outer loop
      vertex -1.392558475291286 -0.9750799417967783 0.59
      vertex -1.4722431864335457 -0.85 28.689999999999998
      vertex -1.392558475291286 -0.9750799417967783 28.689999999999998
    endloop
  endfacet
  facet normal 0.7933533402912345 0.6087614290087213 0
    outer loop
      vertex -1.3022755533022625 -1.0927389364671167 0.59
      vertex -1.392558475291286 -0.9750799417967783 28.689999999999998
      vertex -1.3022755533022625 -1.0927389364671167 28.689999999999998
    endloop
  endfacet
  facet normal 0.6087614290087213 0.7933533402912345 0
    outer loop
      vertex -0.9750799417967783 -1.392558475291286 0.59
      vertex -1.0927389364671167 -1.3022755533022625 28.689999999999998
      vertex -0.9750799417967783 -1.392558475291286 28.689999999999998
    endloop
  endfacet
  facet normal 0.9990482215818579 -0.043619387365336014 0
    outer loop
      vertex -1.7 0 0.59
      vertex -1.6935309867559674 0.14816476267101888 0.59
      vertex -1.6935309867559674 0.14816476267101888 28.689999999999998
    endloop
  endfacet
  facet normal 0.9914448613738104 -0.13052619222005227 0
    outer loop
      vertex -1.6935309867559674 0.14816476267101888 0.59
      vertex -1.6741731801207536 0.29520190203378155 0.59
      vertex -1.6741731801207536 0.29520190203378155 28.689999999999998
    endloop
  endfacet
  facet normal 0.9762960071199338 -0.2164396139381018 0
    outer loop
      vertex -1.6741731801207536 0.29520190203378155 0.59
      vertex -1.6420739046914161 0.43999237667428526 0.59
      vertex -1.6420739046914161 0.43999237667428526 28.689999999999998
    endloop
  endfacet
  facet normal 0.9537169507482268 -0.3007057995042734 0
    outer loop
      vertex -1.6420739046914161 0.43999237667428526 0.59
      vertex -1.5974774553360442 0.5814342436536368 0.59
      vertex -1.5974774553360442 0.5814342436536368 28.689999999999998
    endloop
  endfacet
  facet normal 0.9238795325112864 -0.3826834323650905 0
    outer loop
      vertex -1.5974774553360442 0.5814342436536368 0.59
      vertex -1.5407232379623048 0.718451044959189 0.59
      vertex -1.5407232379623048 0.718451044959189 28.689999999999998
    endloop
  endfacet
  facet normal 0.887010833178222 -0.46174861323503336 0
    outer loop
      vertex -1.5407232379623048 0.718451044959189 0.59
      vertex -1.4722431864335457 0.85 0.59
      vertex -1.4722431864335457 0.85 28.689999999999998
    endloop
  endfacet
  facet normal 0.8433914458128856 -0.5372996083468239 0
    outer loop
      vertex -1.4722431864335457 0.85 0.59
      vertex -1.392558475291286 0.9750799417967783 0.59
      vertex -1.392558475291286 0.9750799417967783 28.689999999999998
    endloop
  endfacet
  facet normal 0.7933533402912345 -0.6087614290087213 0
    outer loop
      vertex -1.392558475291286 0.9750799417967783 0.59
      vertex -1.3022755533022625 1.0927389364671167 0.59
      vertex -1.3022755533022625 1.0927389364671167 28.689999999999998
    endloop
  endfacet
  facet normal 0.7372773368101254 -0.6755902076156588 0
    outer loop
      vertex -1.3022755533022625 1.0927389364671167 0.59
      vertex -1.2020815280171309 1.2020815280171309 0.59
      vertex -1.2020815280171309 1.2020815280171309 28.689999999999998
    endloop
  endfacet
  facet normal 0.6755902076156588 -0.7372773368101254 0
    outer loop
      vertex -1.2020815280171309 1.2020815280171309 0.59
      vertex -1.0927389364671167 1.3022755533022625 0.59
      vertex -1.0927389364671167 1.3022755533022625 28.689999999999998
    endloop
  endfacet
  facet normal 0.6087614290087213 -0.7933533402912345 0
    outer loop
      vertex -1.0927389364671167 1.3022755533022625 0.59
      vertex -0.9750799417967783 1.392558475291286 0.59
      vertex -0.9750799417967783 1.392558475291286 28.689999999999998
    endloop
  endfacet
  facet normal 0.5372996083468239 -0.8433914458128856 0
    outer loop
      vertex -0.9750799417967783 1.392558475291286 0.59
      vertex -0.85 1.4722431864335457 0.59
      vertex -0.85 1.4722431864335457 28.689999999999998
    endloop
  endfacet
  facet normal 0.46174861323503336 -0.887010833178222 0
    outer loop
      vertex -0.85 1.4722431864335457 0.59
      vertex -0.718451044959189 1.5407232379623048 0.59
      vertex -0.718451044959189 1.5407232379623048 28.689999999999998
    endloop
  endfacet
  facet normal 0.3826834323650905 -0.9238795325112864 0
    outer loop
      vertex -0.718451044959189 1.5407232379623048 0.59
      vertex -0.5814342436536368 1.5974774553360442 0.59
      vertex -0.5814342436536368 1.5974774553360442 28.689999999999998
    endloop
  endfacet
  facet normal 0.3007057995042734 -0.9537169507482268 0
    outer loop
      vertex -0.5814342436536368 1.5974774553360442 0.59
      vertex -0.43999237667428526 1.6420739046914161 0.59
      vertex -0.43999237667428526 1.6420739046914161 28.689999999999998
    endloop
  endfacet
  facet normal 0.2164396139381018 -0.9762960071199338 0
    outer loop
      vertex -0.43999237667428526 1.6420739046914161 0.59
      vertex -0.29520190203378155 1.6741731801207536 0.59
      vertex -0.29520190203378155 1.6741731801207536 28.689999999999998
    endloop
  endfacet
  facet normal 0.13052619222005227 -0.9914448613738104 0
    outer loop
      vertex -0.29520190203378155 1.6741731801207536 0.59
      vertex -0.14816476267101888 1.6935309867559674 0.59
      vertex -0.14816476267101888 1.6935309867559674 28.689999999999998
    endloop
  endfacet
  facet normal 0.043619387365336014 -0.9990482215818579 0
    outer loop
      vertex -0.14816476267101888 1.6935309867559674 0.59
      vertex 0 1.7 0.59
      vertex 0 1.7 28.689999999999998
    endloop
  endfacet
  facet normal 0.9990482215818579 -0.043619387365336014 0
    outer loop
      vertex -1.7 0 0.59
      vertex -1.6935309867559674 0.14816476267101888 28.689999999999998
      vertex -1.7 0 28.689999999999998
    endloop
  endfacet
  facet normal 0.9914448613738104 -0.13052619222005227 0
    outer loop
      vertex -1.6935309867559674 0.14816476267101888 0.59
      vertex -1.6741731801207536 0.29520190203378155 28.689999999999998
      vertex -1.6935309867559674 0.14816476267101888 28.689999999999998
    endloop
  endfacet
  facet normal 0.9762960071199338 -0.2164396139381018 0
    outer loop
      vertex -1.6741731801207536 0.29520190203378155 0.59
      vertex -1.6420739046914161 0.43999237667428526 28.689999999999998
      vertex -1.6741731801207536 0.29520190203378155 28.689999999999998
    endloop
  endfacet
  facet normal 0.9537169507482268 -0.3007057995042734 0
    outer loop
      vertex -1.6420739046914161 0.43999237667428526 0.59
      vertex -1.5974774553360442 0.5814342436536368 28.689999999999998
      vertex -1.6420739046914161 0.43999237667428526 28.689999999999998
    endloop
  endfacet
  facet normal 0.9238795325112864 -0.3826834323650905 0
    outer loop
      vertex -1.5974774553360442 0.5814342436536368 0.59
      vertex -1.5407232379623048 0.718451044959189 28.689999999999998
      vertex -1.5974774553360442 0.5814342436536368 28.689999999999998
    endloop
  endfacet
  facet normal 0.887010833178222 -0.46174861323503336 0
    outer loop
      vertex -1.5407232379623048 0.718451044959189 0.59
      vertex -1.4722431864335457 0.85 28.689999999999998
      vertex -1.5407232379623048 0.718451044959189 28.689999999999998
    endloop
  endfacet
  facet normal 0.8433914458128856 -0.5372996083468239 0
    outer loop
      vertex -1.4722431864335457 0.85 0.59
      vertex -1.392558475291286 0.9750799417967783 28.689999999999998
      vertex -1.4722431864335457 0.85 28.689999999999998
    endloop
  endfacet
  facet normal 0.7933533402912345 -0.6087614290087213 0
    outer loop
      vertex -1.392558475291286 0.9750799417967783 0.59
      vertex -1.3022755533022625 1.0927389364671167 28.689999999999998
      vertex -1.392558475291286 0.9750799417967783 28.689999999999998
    endloop
  endfacet
  facet normal 0.7372773368101254 -0.6755902076156588 0
    outer loop
      vertex -1.3022755533022625 1.0927389364671167 0.59
      vertex -1.2020815280171309 1.2020815280171309 28.689999999999998
      vertex -1.3022755533022625 1.0927389364671167 28.689999999999998
    endloop
  endfacet
  facet normal 0.6755902076156588 -0.7372773368101254 0
    outer loop
      vertex -1.2020815280171309 1.2020815280171309 0.59
      vertex -1.0927389364671167 1.3022755533022625 28.689999999999998
      vertex -1.2020815280171309 1.2020815280171309 28.689999999999998
    endloop
  endfacet
  facet normal 0.6087614290087213 -0.7933533402912345 0
    outer loop
      vertex -1.0927389364671167 1.3022755533022625 0.59
      vertex -0.9750799417967783 1.392558475291286 28.689999999999998
      vertex -1.0927389364671167 1.3022755533022625 28.689999999999998
    endloop
  endfacet
  facet normal 0.5372996083468239 -0.8433914458128856 0
    outer loop
      vertex -0.9750799417967783 1.392558475291286 0.59
      vertex -0.85 1.4722431864335457 28.689999999999998
      vertex -0.9750799417967783 1.392558475291286 28.689999999999998
    endloop
  endfacet
  facet normal 0.46174861323503336 -0.887010833178222 0
    outer loop
      vertex -0.85 1.4722431864335457 0.59
      vertex -0.718451044959189 1.5407232379623048 28.689999999999998
      vertex -0.85 1.4722431864335457 28.689999999999998
    endloop
  endfacet
  facet normal 0.3826834323650905 -0.9238795325112864 0
    outer loop
      vertex -0.718451044959189 1.5407232379623048 0.59
      vertex -0.5814342436536368 1.5974774553360442 28.689999999999998
      vertex -0.718451044959189 1.5407232379623048 28.689999999999998
    endloop
  endfacet
  facet normal 0.3007057995042734 -0.9537169507482268 0
    outer loop
      vertex -0.5814342436536368 1.5974774553360442 0.59
      vertex -0.43999237667428526 1.6420739046914161 28.689999999999998
      vertex -0.5814342436536368 1.5974774553360442 28.689999999999998
    endloop
  endfacet
  facet normal 0.2164396139381018 -0.9762960071199338 0
    outer loop
      vertex -0.43999237667428526 1.6420739046914161 0.59
      vertex -0.29520190203378155 1.6741731801207536 28.689999999999998
      vertex -0.43999237667428526 1.6420739046914161 28.689999999999998
    endloop
  endfacet
  facet normal 0.13052619222005227 -0.9914448613738104 0
    outer loop
      vertex -0.29520190203378155 1.6741731801207536 0.59
      vertex -0.14816476267101888 1.6935309867559674 28.689999999999998
      vertex -0.29520190203378155 1.6741731801207536 28.689999999999998
    endloop
  endfacet
  facet normal 0.043619387365336014 -0.9990482215818579 0
    outer loop
      vertex -0.14816476267101888 1.6935309867559674 0.59
      vertex 0 1.7 28.689999999999998
      vertex -0.14816476267101888 1.6935309867559674 28.689999999999998
    endloop
  endfacet
  facet normal -0.043619387365336014 0.9990482215818579 0
    outer loop
      vertex 0 -1.7 0.59
      vertex 0 -1.7 28.689999999999998
      vertex 0.14816476267101888 -1.6935309867559674 0.59
    endloop
  endfacet
  facet normal -0.13052619222005227 0.9914448613738104 0
    outer loop
      vertex 0.14816476267101888 -1.6935309867559674 0.59
      vertex 0.14816476267101888 -1.6935309867559674 28.689999999999998
      vertex 0.29520190203378155 -1.6741731801207536 0.59
    endloop
  endfacet
  facet normal -0.2164396139381018 0.9762960071199338 0
    outer loop
      vertex 0.29520190203378155 -1.6741731801207536 0.59
      vertex 0.29520190203378155 -1.6741731801207536 28.689999999999998
      vertex 0.43999237667428526 -1.6420739046914161 0.59
    endloop
  endfacet
  facet normal -0.3007057995042734 0.9537169507482268 0
    outer loop
      vertex 0.43999237667428526 -1.6420739046914161 0.59
      vertex 0.43999237667428526 -1.6420739046914161 28.689999999999998
      vertex 0.5814342436536368 -1.5974774553360442 0.59
    endloop
  endfacet
  facet normal -0.3826834323650905 0.9238795325112864 0
    outer loop
      vertex 0.5814342436536368 -1.5974774553360442 0.59
      vertex 0.5814342436536368 -1.5974774553360442 28.689999999999998
      vertex 0.718451044959189 -1.5407232379623048 0.59
    endloop
  endfacet
  facet normal -0.46174861323503336 0.887010833178222 0
    outer loop
      vertex 0.718451044959189 -1.5407232379623048 0.59
      vertex 0.718451044959189 -1.5407232379623048 28.689999999999998
      vertex 0.85 -1.4722431864335457 0.59
    endloop
  endfacet
  facet normal -0.5372996083468239 0.8433914458128856 0
    outer loop
      vertex 0.85 -1.4722431864335457 0.59
      vertex 0.85 -1.4722431864335457 28.689999999999998
      vertex 0.9750799417967783 -1.392558475291286 0.59
    endloop
  endfacet
  facet normal -0.6087614290087213 0.7933533402912345 0
    outer loop
      vertex 0.9750799417967783 -1.392558475291286 0.59
      vertex 0.9750799417967783 -1.392558475291286 28.689999999999998
      vertex 1.0927389364671167 -1.3022755533022625 0.59
    endloop
  endfacet
  facet normal -0.6755902076156588 0.7372773368101254 0
    outer loop
      vertex 1.0927389364671167 -1.3022755533022625 0.59
      vertex 1.0927389364671167 -1.3022755533022625 28.689999999999998
      vertex 1.2020815280171309 -1.2020815280171309 0.59
    endloop
  endfacet
  facet normal -0.7372773368101254 0.6755902076156588 0
    outer loop
      vertex 1.2020815280171309 -1.2020815280171309 0.59
      vertex 1.2020815280171309 -1.2020815280171309 28.689999999999998
      vertex 1.3022755533022625 -1.0927389364671167 0.59
    endloop
  endfacet
  facet normal -0.7933533402912345 0.6087614290087213 0
    outer loop
      vertex 1.3022755533022625 -1.0927389364671167 0.59
      vertex 1.3022755533022625 -1.0927389364671167 28.689999999999998
      vertex 1.392558475291286 -0.9750799417967783 0.59
    endloop
  endfacet
  facet normal -0.8433914458128856 0.5372996083468239 0
    outer loop
      vertex 1.392558475291286 -0.9750799417967783 0.59
      vertex 1.392558475291286 -0.9750799417967783 28.689999999999998
      vertex 1.4722431864335457 -0.85 0.59
    endloop
  endfacet
  facet normal -0.887010833178222 0.46174861323503336 0
    outer loop
      vertex 1.4722431864335457 -0.85 0.59
      vertex 1.4722431864335457 -0.85 28.689999999999998
      vertex 1.5407232379623048 -0.718451044959189 0.59
    endloop
  endfacet
  facet normal -0.9238795325112864 0.3826834323650905 0
    outer loop
      vertex 1.5407232379623048 -0.718451044959189 0.59
      vertex 1.5407232379623048 -0.718451044959189 28.689999999999998
      vertex 1.5974774553360442 -0.5814342436536368 0.59
    endloop
  endfacet
  facet normal -0.9537169507482268 0.3007057995042734 0
    outer loop
      vertex 1.5974774553360442 -0.5814342436536368 0.59
      vertex 1.5974774553360442 -0.5814342436536368 28.689999999999998
      vertex 1.6420739046914161 -0.43999237667428526 0.59
    endloop
  endfacet
  facet normal -0.9762960071199338 0.2164396139381018 0
    outer loop
      vertex 1.6420739046914161 -0.43999237667428526 0.59
      vertex 1.6420739046914161 -0.43999237667428526 28.689999999999998
      vertex 1.6741731801207536 -0.29520190203378155 0.59
    endloop
  endfacet
  facet normal -0.9914448613738104 0.13052619222005227 0
    outer loop
      vertex 1.6741731801207536 -0.29520190203378155 0.59
      vertex 1.6741731801207536 -0.29520190203378155 28.689999999999998
      vertex 1.6935309867559674 -0.14816476267101888 0.59
    endloop
  endfacet
  facet normal -0.9990482215818579 0.043619387365336014 0
    outer loop
      vertex 1.6935309867559674 -0.14816476267101888 0.59
      vertex 1.6935309867559674 -0.14816476267101888 28.689999999999998
      vertex 1.7 0 0.59
    endloop
  endfacet
  facet normal -0.043619387365336014 0.9990482215818579 0
    outer loop
      vertex 0.14816476267101888 -1.6935309867559674 0.59
      vertex 0 -1.7 28.689999999999998
      vertex 0.14816476267101888 -1.6935309867559674 28.689999999999998
    endloop
  endfacet
  facet normal -0.13052619222005227 0.9914448613738104 0
    outer loop
      vertex 0.29520190203378155 -1.6741731801207536 0.59
      vertex 0.14816476267101888 -1.6935309867559674 28.689999999999998
      vertex 0.29520190203378155 -1.6741731801207536 28.689999999999998
    endloop
  endfacet
  facet normal -0.2164396139381018 0.9762960071199338 0
    outer loop
      vertex 0.43999237667428526 -1.6420739046914161 0.59
      vertex 0.29520190203378155 -1.6741731801207536 28.689999999999998
      vertex 0.43999237667428526 -1.6420739046914161 28.689999999999998
    endloop
  endfacet
  facet normal -0.3007057995042734 0.9537169507482268 0
    outer loop
      vertex 0.5814342436536368 -1.5974774553360442 0.59
      vertex 0.43999237667428526 -1.6420739046914161 28.689999999999998
      vertex 0.5814342436536368 -1.5974774553360442 28.689999999999998
    endloop
  endfacet
  facet normal -0.3826834323650905 0.9238795325112864 0
    outer loop
      vertex 0.718451044959189 -1.5407232379623048 0.59
      vertex 0.5814342436536368 -1.5974774553360442 28.689999999999998
      vertex 0.718451044959189 -1.5407232379623048 28.689999999999998
    endloop
  endfacet
  facet normal -0.46174861323503336 0.887010833178222 0
    outer loop
      vertex 0.85 -1.4722431864335457 0.59
      vertex 0.718451044959189 -1.5407232379623048 28.689999999999998
      vertex 0.85 -1.4722431864335457 28.689999999999998
    endloop
  endfacet
  facet normal -0.5372996083468239 0.8433914458128856 0
    outer loop
      vertex 0.9750799417967783 -1.392558475291286 0.59
      vertex 0.85 -1.4722431864335457 28.689999999999998
      vertex 0.9750799417967783 -1.392558475291286 28.689999999999998
    endloop
  endfacet
  facet normal -0.6087614290087213 0.7933533402912345 0
    outer loop
      vertex 1.0927389364671167 -1.3022755533022625 0.59
      vertex 0.9750799417967783 -1.392558475291286 28.689999999999998
      vertex 1.0927389364671167 -1.3022755533022625 28.689999999999998
    endloop
  endfacet
  facet normal -0.6755902076156588 0.7372773368101254 0
    outer loop
      vertex 1.2020815280171309 -1.2020815280171309 0.59
      vertex 1.0927389364671167 -1.3022755533022625 28.689999999999998
      vertex 1.2020815280171309 -1.2020815280171309 28.689999999999998
    endloop
  endfacet
  facet normal -0.7372773368101254 0.6755902076156588 0
    outer loop
      vertex 1.3022755533022625 -1.0927389364671167 0.59
      vertex 1.2020815280171309 -1.2020815280171309 28.689999999999998
      vertex 1.3022755533022625 -1.0927389364671167 28.689999999999998
    endloop
  endfacet
  facet normal -0.7933533402912345 0.6087614290087213 0
    outer loop
      vertex 1.392558475291286 -0.9750799417967783 0.59
      vertex 1.3022755533022625 -1.0927389364671167 28.689999999999998
      vertex 1.392558475291286 -0.9750799417967783 28.689999999999998
    endloop
  endfacet
  facet normal -0.8433914458128856 0.5372996083468239 0
    outer loop
      vertex 1.4722431864335457 -0.85 0.59
      vertex 1.392558475291286 -0.9750799417967783 28.689999999999998
      vertex 1.4722431864335457 -0.85 28.689999999999998
    endloop
  endfacet
  facet normal -0.887010833178222 0.46174861323503336 0
    outer loop
      vertex 1.5407232379623048 -0.718451044959189 0.59
      vertex 1.4722431864335457 -0.85 28.689999999999998
      vertex 1.5407232379623048 -0.718451044959189 28.689999999999998
    endloop
  endfacet
  facet normal -0.9238795325112864 0.3826834323650905 0
    outer loop
      vertex 1.5974774553360442 -0.5814342436536368 0.59
      vertex 1.5407232379623048 -0.718451044959189 28.689999999999998
      vertex 1.5974774553360442 -0.5814342436536368 28.689999999999998
    endloop
  endfacet
  facet normal -0.9537169507482268 0.3007057995042734 0
    outer loop
      vertex 1.6420739046914161 -0.43999237667428526 0.59
      vertex 1.5974774553360442 -0.5814342436536368 28.689999999999998
      vertex 1.6420739046914161 -0.43999237667428526 28.689999999999998
    endloop
  endfacet
  facet normal -0.9762960071199338 0.2164396139381018 0
    outer loop
      vertex 1.6741731801207536 -0.29520190203378155 0.59
      vertex 1.6420739046914161 -0.43999237667428526 28.689999999999998
      vertex 1.6741731801207536 -0.29520190203378155 28.689999999999998
    endloop
  endfacet
  facet normal -0.9914448613738104 0.13052619222005227 0
    outer loop
      vertex 1.6935309867559674 -0.14816476267101888 0.59
      vertex 1.6741731801207536 -0.29520190203378155 28.689999999999998
      vertex 1.6935309867559674 -0.14816476267101888 28.689999999999998
    endloop
  endfacet
  facet normal -0.9990482215818579 0.043619387365336014 0
    outer loop
      vertex 1.7 0 0.59
      vertex 1.6935309867559674 -0.14816476267101888 28.689999999999998
      vertex 1.7 0 28.689999999999998
    endloop
  endfacet
  facet normal -0.5372996083468239 -0.8433914458128856 0
    outer loop
      vertex 0.85 1.4722431864335457 0.59
      vertex 0.9750799417967783 1.392558475291286 0.59
      vertex 0.9750799417967783 1.392558475291286 28.689999999999998
    endloop
  endfacet
  facet normal -0.6087614290087213 -0.7933533402912345 0
    outer loop
      vertex 0.9750799417967783 1.392558475291286 0.59
      vertex 1.0927389364671167 1.3022755533022625 0.59
      vertex 1.0927389364671167 1.3022755533022625 28.689999999999998
    endloop
  endfacet
  facet normal -0.7933533402912345 -0.6087614290087213 0
    outer loop
      vertex 1.392558475291286 0.9750799417967783 0.59
      vertex 1.392558475291286 0.9750799417967783 28.689999999999998
      vertex 1.3022755533022625 1.0927389364671167 0.59
    endloop
  endfacet
  facet normal -0.6755902076156588 -0.7372773368101254 0
    outer loop
      vertex 1.0927389364671167 1.3022755533022625 0.59
      vertex 1.2020815280171309 1.2020815280171309 0.59
      vertex 1.2020815280171309 1.2020815280171309 28.689999999999998
    endloop
  endfacet
  facet normal -0.7372773368101254 -0.6755902076156588 0
    outer loop
      vertex 1.3022755533022625 1.0927389364671167 0.59
      vertex 1.3022755533022625 1.0927389364671167 28.689999999999998
      vertex 1.2020815280171309 1.2020815280171309 0.59
    endloop
  endfacet
  facet normal -0.043619387365336014 -0.9990482215818579 0
    outer loop
      vertex 0 1.7 0.59
      vertex 0.14816476267101888 1.6935309867559674 0.59
      vertex 0.14816476267101888 1.6935309867559674 28.689999999999998
    endloop
  endfacet
  facet normal -0.13052619222005227 -0.9914448613738104 0
    outer loop
      vertex 0.14816476267101888 1.6935309867559674 0.59
      vertex 0.29520190203378155 1.6741731801207536 0.59
      vertex 0.29520190203378155 1.6741731801207536 28.689999999999998
    endloop
  endfacet
  facet normal -0.2164396139381018 -0.9762960071199338 0
    outer loop
      vertex 0.29520190203378155 1.6741731801207536 0.59
      vertex 0.43999237667428526 1.6420739046914161 0.59
      vertex 0.43999237667428526 1.6420739046914161 28.689999999999998
    endloop
  endfacet
  facet normal -0.3007057995042734 -0.9537169507482268 0
    outer loop
      vertex 0.43999237667428526 1.6420739046914161 0.59
      vertex 0.5814342436536368 1.5974774553360442 0.59
      vertex 0.5814342436536368 1.5974774553360442 28.689999999999998
    endloop
  endfacet
  facet normal -0.3826834323650905 -0.9238795325112864 0
    outer loop
      vertex 0.718451044959189 1.5407232379623048 0.59
      vertex 0.718451044959189 1.5407232379623048 28.689999999999998
      vertex 0.5814342436536368 1.5974774553360442 0.59
    endloop
  endfacet
  facet normal -0.46174861323503336 -0.887010833178222 0
    outer loop
      vertex 0.718451044959189 1.5407232379623048 0.59
      vertex 0.85 1.4722431864335457 0.59
      vertex 0.85 1.4722431864335457 28.689999999999998
    endloop
  endfacet
  facet normal -0.9990482215818579 -0.043619387365336014 0
    outer loop
      vertex 1.7 0 0.59
      vertex 1.7 0 28.689999999999998
      vertex 1.6935309867559674 0.14816476267101888 0.59
    endloop
  endfacet
  facet normal -0.9914448613738104 -0.13052619222005227 0
    outer loop
      vertex 1.6935309867559674 0.14816476267101888 0.59
      vertex 1.6935309867559674 0.14816476267101888 28.689999999999998
      vertex 1.6741731801207536 0.29520190203378155 0.59
    endloop
  endfacet
  facet normal -0.9762960071199338 -0.2164396139381018 0
    outer loop
      vertex 1.6741731801207536 0.29520190203378155 0.59
      vertex 1.6741731801207536 0.29520190203378155 28.689999999999998
      vertex 1.6420739046914161 0.43999237667428526 0.59
    endloop
  endfacet
  facet normal -0.9238795325112864 -0.3826834323650905 0
    outer loop
      vertex 1.5407232379623048 0.718451044959189 0.59
      vertex 1.5974774553360442 0.5814342436536368 0.59
      vertex 1.5974774553360442 0.5814342436536368 28.689999999999998
    endloop
  endfacet
  facet normal -0.9537169507482268 -0.3007057995042734 0
    outer loop
      vertex 1.6420739046914161 0.43999237667428526 0.59
      vertex 1.6420739046914161 0.43999237667428526 28.689999999999998
      vertex 1.5974774553360442 0.5814342436536368 0.59
    endloop
  endfacet
  facet normal -0.887010833178222 -0.46174861323503336 0
    outer loop
      vertex 1.5407232379623048 0.718451044959189 0.59
      vertex 1.5407232379623048 0.718451044959189 28.689999999999998
      vertex 1.4722431864335457 0.85 0.59
    endloop
  endfacet
  facet normal -0.8433914458128856 -0.5372996083468239 0
    outer loop
      vertex 1.392558475291286 0.9750799417967783 0.59
      vertex 1.4722431864335457 0.85 0.59
      vertex 1.4722431864335457 0.85 28.689999999999998
    endloop
  endfacet
  facet normal -0.6087614290087213 -0.7933533402912345 0
    outer loop
      vertex 0.9750799417967783 1.392558475291286 0.59
      vertex 1.0927389364671167 1.3022755533022625 28.689999999999998
      vertex 0.9750799417967783 1.392558475291286 28.689999999999998
    endloop
  endfacet
  facet normal -0.7933533402912345 -0.6087614290087213 0
    outer loop
      vertex 1.3022755533022625 1.0927389364671167 0.59
      vertex 1.392558475291286 0.9750799417967783 28.689999999999998
      vertex 1.3022755533022625 1.0927389364671167 28.689999999999998
    endloop
  endfacet
  facet normal -0.8433914458128856 -0.5372996083468239 0
    outer loop
      vertex 1.392558475291286 0.9750799417967783 0.59
      vertex 1.4722431864335457 0.85 28.689999999999998
      vertex 1.392558475291286 0.9750799417967783 28.689999999999998
    endloop
  endfacet
  facet normal -0.7372773368101254 -0.6755902076156588 0
    outer loop
      vertex 1.2020815280171309 1.2020815280171309 0.59
      vertex 1.3022755533022625 1.0927389364671167 28.689999999999998
      vertex 1.2020815280171309 1.2020815280171309 28.689999999999998
    endloop
  endfacet
  facet normal -0.6755902076156588 -0.7372773368101254 0
    outer loop
      vertex 1.0927389364671167 1.3022755533022625 0.59
      vertex 1.2020815280171309 1.2020815280171309 28.689999999999998
      vertex 1.0927389364671167 1.3022755533022625 28.689999999999998
    endloop
  endfacet
  facet normal -0.043619387365336014 -0.9990482215818579 0
    outer loop
      vertex 0 1.7 0.59
      vertex 0.14816476267101888 1.6935309867559674 28.689999999999998
      vertex 0 1.7 28.689999999999998
    endloop
  endfacet
  facet normal -0.13052619222005227 -0.9914448613738104 0
    outer loop
      vertex 0.14816476267101888 1.6935309867559674 0.59
      vertex 0.29520190203378155 1.6741731801207536 28.689999999999998
      vertex 0.14816476267101888 1.6935309867559674 28.689999999999998
    endloop
  endfacet
  facet normal -0.2164396139381018 -0.9762960071199338 0
    outer loop
      vertex 0.29520190203378155 1.6741731801207536 0.59
      vertex 0.43999237667428526 1.6420739046914161 28.689999999999998
      vertex 0.29520190203378155 1.6741731801207536 28.689999999999998
    endloop
  endfacet
  facet normal -0.3007057995042734 -0.9537169507482268 0
    outer loop
      vertex 0.43999237667428526 1.6420739046914161 0.59
      vertex 0.5814342436536368 1.5974774553360442 28.689999999999998
      vertex 0.43999237667428526 1.6420739046914161 28.689999999999998
    endloop
  endfacet
  facet normal -0.3826834323650905 -0.9238795325112864 0
    outer loop
      vertex 0.5814342436536368 1.5974774553360442 0.59
      vertex 0.718451044959189 1.5407232379623048 28.689999999999998
      vertex 0.5814342436536368 1.5974774553360442 28.689999999999998
    endloop
  endfacet
  facet normal -0.46174861323503336 -0.887010833178222 0
    outer loop
      vertex 0.718451044959189 1.5407232379623048 0.59
      vertex 0.85 1.4722431864335457 28.689999999999998
      vertex 0.718451044959189 1.5407232379623048 28.689999999999998
    endloop
  endfacet
  facet normal -0.5372996083468239 -0.8433914458128856 0
    outer loop
      vertex 0.85 1.4722431864335457 0.59
      vertex 0.9750799417967783 1.392558475291286 28.689999999999998
      vertex 0.85 1.4722431864335457 28.689999999999998
    endloop
  endfacet
  facet normal -0.9990482215818579 -0.043619387365336014 0
    outer loop
      vertex 1.6935309867559674 0.14816476267101888 0.59
      vertex 1.7 0 28.689999999999998
      vertex 1.6935309867559674 0.14816476267101888 28.689999999999998
    endloop
  endfacet
  facet normal -0.9914448613738104 -0.13052619222005227 0
    outer loop
      vertex 1.6741731801207536 0.29520190203378155 0.59
      vertex 1.6935309867559674 0.14816476267101888 28.689999999999998
      vertex 1.6741731801207536 0.29520190203378155 28.689999999999998
    endloop
  endfacet
  facet normal -0.9238795325112864 -0.3826834323650905 0
    outer loop
      vertex 1.5407232379623048 0.718451044959189 0.59
      vertex 1.5974774553360442 0.5814342436536368 28.689999999999998
      vertex 1.5407232379623048 0.718451044959189 28.689999999999998
    endloop
  endfacet
  facet normal -0.9762960071199338 -0.2164396139381018 0
    outer loop
      vertex 1.6420739046914161 0.43999237667428526 0.59
      vertex 1.6741731801207536 0.29520190203378155 28.689999999999998
      vertex 1.6420739046914161 0.43999237667428526 28.689999999999998
    endloop
  endfacet
  facet normal -0.9537169507482268 -0.3007057995042734 0
    outer loop
      vertex 1.5974774553360442 0.5814342436536368 0.59
      vertex 1.6420739046914161 0.43999237667428526 28.689999999999998
      vertex 1.5974774553360442 0.5814342436536368 28.689999999999998
    endloop
  endfacet
  facet normal -0.887010833178222 -0.46174861323503336 0
    outer loop
      vertex 1.4722431864335457 0.85 0.59
      vertex 1.5407232379623048 0.718451044959189 28.689999999999998
      vertex 1.4722431864335457 0.85 28.689999999999998
    endloop
  endfacet
  facet normal 0.47794181031271776 0.5215819606107078 -0.7067700363771034
    outer loop
      vertex -1.2020815280171309 -1.2020815280171309 0.59
      vertex -1.4719836261821746 -1.7542417747424595 0
      vertex -1.6192745289171937 -1.6192745289171937 0
    endloop
  endfacet
  facet normal 0.6275099292400775 0.3266609930564418 -0.7067700363771036
    outer loop
      vertex -1.5407232379623048 -0.718451044959189 0.59
      vertex -1.9831981746663643 -1.145 0
      vertex -2.075444832313928 -0.9677958193862017 0
    endloop
  endfacet
  facet normal 0.6535924459854129 0.27072685539176355 -0.7067700363771036
    outer loop
      vertex -1.5974774553360442 -0.5814342436536368 0.59
      vertex -2.075444832313928 -0.9677958193862017 0
      vertex -2.15189610159973 -0.7832261282157813 0
    endloop
  endfacet
  facet normal 0.5612525572486493 0.4306642342490954 -0.7067700363771033
    outer loop
      vertex -1.392558475291286 -0.9750799417967783 0.59
      vertex -1.7542417747424595 -1.4719836261821746 0
      vertex -1.875858181421791 -1.3134900392438953 0
    endloop
  endfacet
  facet normal 0.5966516830323693 0.3801090433206619 -0.7067700363771036
    outer loop
      vertex -1.4722431864335457 -0.85 0.59
      vertex -1.875858181421791 -1.3134900392438953 0
      vertex -1.9831981746663643 -1.145 0
    endloop
  endfacet
  facet normal 0.5215819606107078 0.4779418103127181 -0.7067700363771034
    outer loop
      vertex -1.3022755533022625 -1.0927389364671167 0.59
      vertex -1.6192745289171937 -1.6192745289171937 0
      vertex -1.7542417747424595 -1.4719836261821746 0
    endloop
  endfacet
  facet normal 0.561252557248649 0.4306642342490956 -0.7067700363771033
    outer loop
      vertex -1.3022755533022625 -1.0927389364671167 0.59
      vertex -1.7542417747424595 -1.4719836261821746 0
      vertex -1.392558475291286 -0.9750799417967783 0.59
    endloop
  endfacet
  facet normal 0.6275099292400776 0.32666099305644164 -0.7067700363771034
    outer loop
      vertex -1.4722431864335457 -0.85 0.59
      vertex -1.9831981746663643 -1.145 0
      vertex -1.5407232379623048 -0.718451044959189 0.59
    endloop
  endfacet
  facet normal 0.6535924459854131 0.2707268553917633 -0.7067700363771034
    outer loop
      vertex -1.5974774553360442 -0.5814342436536368 0.59
      vertex -1.5407232379623048 -0.718451044959189 0.59
      vertex -2.075444832313928 -0.9677958193862017 0
    endloop
  endfacet
  facet normal 0.5966516830323698 0.3801090433206616 -0.7067700363771034
    outer loop
      vertex -1.4722431864335457 -0.85 0.59
      vertex -1.392558475291286 -0.9750799417967783 0.59
      vertex -1.875858181421791 -1.3134900392438953 0
    endloop
  endfacet
  facet normal 0.6747007295668914 0.21273232288820706 -0.7067700363771033
    outer loop
      vertex -1.6420739046914161 -0.43999237667428526 0.59
      vertex -2.15189610159973 -0.7832261282157813 0
      vertex -2.211970142201966 -0.5926956132847725 0
    endloop
  endfacet
  facet normal 0.6906741332009265 0.15311876895618287 -0.7067700363771034
    outer loop
      vertex -1.6741731801207536 -0.29520190203378155 0.59
      vertex -2.211970142201966 -0.5926956132847725 0
      vertex -2.255209754397956 -0.3976543268572704 0
    endloop
  endfacet
  facet normal 0.6747007295668911 0.21273232288820756 -0.7067700363771036
    outer loop
      vertex -1.5974774553360442 -0.5814342436536368 0.59
      vertex -2.15189610159973 -0.7832261282157813 0
      vertex -1.6420739046914161 -0.43999237667428526 0.59
    endloop
  endfacet
  facet normal 0.6906741332009263 0.15311876895618345 -0.7067700363771034
    outer loop
      vertex -1.6420739046914161 -0.43999237667428526 0.59
      vertex -2.211970142201966 -0.5926956132847725 0
      vertex -1.6741731801207536 -0.29520190203378155 0.59
    endloop
  endfacet
  facet normal 0.7013910896408576 0.09233988873676602 -0.7067700363771034
    outer loop
      vertex -1.6935309867559674 -0.14816476267101888 0.59
      vertex -2.255209754397956 -0.3976543268572704 0
      vertex -2.2812858586300973 -0.1995866508921372 0
    endloop
  endfacet
  facet normal 0.7067700363771036 0.030858246207707808 -0.7067700363771037
    outer loop
      vertex -1.7 0 0.59
      vertex -2.2812858586300973 -0.1995866508921372 0
      vertex -2.29 0 0
    endloop
  endfacet
  facet normal 0.701391089640858 0.09233988873676449 -0.7067700363771033
    outer loop
      vertex -1.6741731801207536 -0.29520190203378155 0.59
      vertex -2.255209754397956 -0.3976543268572704 0
      vertex -1.6935309867559674 -0.14816476267101888 0.59
    endloop
  endfacet
  facet normal 0.7067700363771034 0.03085824620770771 -0.7067700363771036
    outer loop
      vertex -1.6935309867559674 -0.14816476267101888 0.59
      vertex -2.2812858586300973 -0.1995866508921372 0
      vertex -1.7 0 0.59
    endloop
  endfacet
  facet normal 0.43066423424909533 0.5612525572486492 -0.7067700363771033
    outer loop
      vertex -1.0927389364671167 -1.3022755533022625 0.59
      vertex -1.3134900392438953 -1.875858181421791 0
      vertex -1.4719836261821746 -1.7542417747424595 0
    endloop
  endfacet
  facet normal 0.380109043320662 0.5966516830323694 -0.7067700363771034
    outer loop
      vertex -0.9750799417967783 -1.392558475291286 0.59
      vertex -1.145 -1.9831981746663643 0
      vertex -1.3134900392438953 -1.875858181421791 0
    endloop
  endfacet
  facet normal 0.43066423424909567 0.5612525572486491 -0.7067700363771033
    outer loop
      vertex -1.0927389364671167 -1.3022755533022625 0.59
      vertex -0.9750799417967783 -1.392558475291286 0.59
      vertex -1.3134900392438953 -1.875858181421791 0
    endloop
  endfacet
  facet normal 0.32666099305644164 0.6275099292400776 -0.7067700363771034
    outer loop
      vertex -0.85 -1.4722431864335457 0.59
      vertex -0.9677958193862016 -2.075444832313928 0
      vertex -1.145 -1.9831981746663643 0
    endloop
  endfacet
  facet normal 0.2707268553917637 0.6535924459854129 -0.7067700363771034
    outer loop
      vertex -0.718451044959189 -1.5407232379623048 0.59
      vertex -0.7832261282157813 -2.15189610159973 0
      vertex -0.9677958193862016 -2.075444832313928 0
    endloop
  endfacet
  facet normal 0.38010904332066153 0.5966516830323697 -0.7067700363771034
    outer loop
      vertex -0.9750799417967783 -1.392558475291286 0.59
      vertex -0.85 -1.4722431864335457 0.59
      vertex -1.145 -1.9831981746663643 0
    endloop
  endfacet
  facet normal 0.32666099305644164 0.6275099292400776 -0.7067700363771034
    outer loop
      vertex -0.85 -1.4722431864335457 0.59
      vertex -0.718451044959189 -1.5407232379623048 0.59
      vertex -0.9677958193862016 -2.075444832313928 0
    endloop
  endfacet
  facet normal 0.21273232288820704 0.6747007295668913 -0.7067700363771036
    outer loop
      vertex -0.5814342436536368 -1.5974774553360442 0.59
      vertex -0.5926956132847725 -2.211970142201966 0
      vertex -0.7832261282157813 -2.15189610159973 0
    endloop
  endfacet
  facet normal 0.2127323228882076 0.6747007295668912 -0.7067700363771034
    outer loop
      vertex -0.5814342436536368 -1.5974774553360442 0.59
      vertex -0.43999237667428526 -1.6420739046914161 0.59
      vertex -0.5926956132847725 -2.211970142201966 0
    endloop
  endfacet
  facet normal 0.15311876895618282 0.6906741332009264 -0.7067700363771033
    outer loop
      vertex -0.43999237667428526 -1.6420739046914161 0.59
      vertex -0.3976543268572704 -2.255209754397956 0
      vertex -0.5926956132847725 -2.211970142201966 0
    endloop
  endfacet
  facet normal 0.15311876895618345 0.6906741332009264 -0.7067700363771033
    outer loop
      vertex -0.43999237667428526 -1.6420739046914161 0.59
      vertex -0.29520190203378155 -1.6741731801207536 0.59
      vertex -0.3976543268572704 -2.255209754397956 0
    endloop
  endfacet
  facet normal 0.2707268553917633 0.6535924459854131 -0.7067700363771034
    outer loop
      vertex -0.5814342436536368 -1.5974774553360442 0.59
      vertex -0.7832261282157813 -2.15189610159973 0
      vertex -0.718451044959189 -1.5407232379623048 0.59
    endloop
  endfacet
  facet normal 0.09233988873676605 0.7013910896408576 -0.7067700363771033
    outer loop
      vertex -0.29520190203378155 -1.6741731801207536 0.59
      vertex -0.1995866508921372 -2.2812858586300973 0
      vertex -0.3976543268572704 -2.255209754397956 0
    endloop
  endfacet
  facet normal 0.09233988873676446 0.7013910896408577 -0.7067700363771037
    outer loop
      vertex -0.29520190203378155 -1.6741731801207536 0.59
      vertex -0.14816476267101888 -1.6935309867559674 0.59
      vertex -0.1995866508921372 -2.2812858586300973 0
    endloop
  endfacet
  facet normal 0.030858246207707808 0.7067700363771034 -0.7067700363771037
    outer loop
      vertex -0.14816476267101888 -1.6935309867559674 0.59
      vertex 0 -2.29 0
      vertex -0.1995866508921372 -2.2812858586300973 0
    endloop
  endfacet
  facet normal 0.03085824620770771 0.7067700363771034 -0.7067700363771036
    outer loop
      vertex -0.14816476267101888 -1.6935309867559674 0.59
      vertex 0 -1.7 0.59
      vertex 0 -2.29 0
    endloop
  endfacet
  facet normal 0.521581960610708 0.4779418103127177 -0.7067700363771034
    outer loop
      vertex -1.2020815280171309 -1.2020815280171309 0.59
      vertex -1.6192745289171937 -1.6192745289171937 0
      vertex -1.3022755533022625 -1.0927389364671167 0.59
    endloop
  endfacet
  facet normal 0.4779418103127177 0.521581960610708 -0.7067700363771034
    outer loop
      vertex -1.2020815280171309 -1.2020815280171309 0.59
      vertex -1.0927389364671167 -1.3022755533022625 0.59
      vertex -1.4719836261821746 -1.7542417747424595 0
    endloop
  endfacet
  facet normal 0.7067700363771034 -0.030858246207707808 -0.7067700363771037
    outer loop
      vertex -1.6935309867559674 0.14816476267101888 0.59
      vertex -2.29 0 0
      vertex -2.2812858586300973 0.1995866508921372 0
    endloop
  endfacet
  facet normal 0.7013910896408576 -0.09233988873676605 -0.7067700363771033
    outer loop
      vertex -1.6741731801207536 0.29520190203378155 0.59
      vertex -2.2812858586300973 0.1995866508921372 0
      vertex -2.255209754397956 0.3976543268572704 0
    endloop
  endfacet
  facet normal 0.7067700363771034 -0.03085824620770771 -0.7067700363771036
    outer loop
      vertex -1.7 0 0.59
      vertex -2.29 0 0
      vertex -1.6935309867559674 0.14816476267101888 0.59
    endloop
  endfacet
  facet normal 0.7013910896408577 -0.09233988873676446 -0.7067700363771037
    outer loop
      vertex -1.6935309867559674 0.14816476267101888 0.59
      vertex -2.2812858586300973 0.1995866508921372 0
      vertex -1.6741731801207536 0.29520190203378155 0.59
    endloop
  endfacet
  facet normal 0.6906741332009264 -0.15311876895618282 -0.7067700363771033
    outer loop
      vertex -1.6420739046914161 0.43999237667428526 0.59
      vertex -2.255209754397956 0.3976543268572704 0
      vertex -2.211970142201966 0.5926956132847725 0
    endloop
  endfacet
  facet normal 0.6747007295668913 -0.21273232288820704 -0.7067700363771036
    outer loop
      vertex -1.5974774553360442 0.5814342436536368 0.59
      vertex -2.211970142201966 0.5926956132847725 0
      vertex -2.15189610159973 0.7832261282157813 0
    endloop
  endfacet
  facet normal 0.6906741332009264 -0.15311876895618345 -0.7067700363771033
    outer loop
      vertex -1.6741731801207536 0.29520190203378155 0.59
      vertex -2.255209754397956 0.3976543268572704 0
      vertex -1.6420739046914161 0.43999237667428526 0.59
    endloop
  endfacet
  facet normal 0.6747007295668912 -0.2127323228882076 -0.7067700363771034
    outer loop
      vertex -1.6420739046914161 0.43999237667428526 0.59
      vertex -2.211970142201966 0.5926956132847725 0
      vertex -1.5974774553360442 0.5814342436536368 0.59
    endloop
  endfacet
  facet normal 0.6535924459854131 -0.2707268553917633 -0.7067700363771034
    outer loop
      vertex -1.5974774553360442 0.5814342436536368 0.59
      vertex -2.15189610159973 0.7832261282157813 0
      vertex -1.5407232379623048 0.718451044959189 0.59
    endloop
  endfacet
  facet normal 0.653592445985413 -0.2707268553917636 -0.7067700363771034
    outer loop
      vertex -1.5407232379623048 0.718451044959189 0.59
      vertex -2.15189610159973 0.7832261282157813 0
      vertex -2.075444832313928 0.9677958193862017 0
    endloop
  endfacet
  facet normal 0.6275099292400775 -0.32666099305644175 -0.7067700363771033
    outer loop
      vertex -1.4722431864335457 0.85 0.59
      vertex -2.075444832313928 0.9677958193862017 0
      vertex -1.9831981746663643 1.145 0
    endloop
  endfacet
  facet normal 0.6275099292400776 -0.32666099305644164 -0.7067700363771034
    outer loop
      vertex -1.5407232379623048 0.718451044959189 0.59
      vertex -2.075444832313928 0.9677958193862017 0
      vertex -1.4722431864335457 0.85 0.59
    endloop
  endfacet
  facet normal 0.5966516830323696 -0.38010904332066153 -0.7067700363771034
    outer loop
      vertex -1.4722431864335457 0.85 0.59
      vertex -1.9831981746663643 1.145 0
      vertex -1.392558475291286 0.9750799417967783 0.59
    endloop
  endfacet
  facet normal 0.5966516830323694 -0.380109043320662 -0.7067700363771034
    outer loop
      vertex -1.392558475291286 0.9750799417967783 0.59
      vertex -1.9831981746663643 1.145 0
      vertex -1.875858181421791 1.3134900392438953 0
    endloop
  endfacet
  facet normal 0.5612525572486492 -0.43066423424909533 -0.7067700363771033
    outer loop
      vertex -1.3022755533022625 1.0927389364671167 0.59
      vertex -1.875858181421791 1.3134900392438953 0
      vertex -1.7542417747424595 1.4719836261821746 0
    endloop
  endfacet
  facet normal 0.5612525572486491 -0.43066423424909567 -0.7067700363771033
    outer loop
      vertex -1.392558475291286 0.9750799417967783 0.59
      vertex -1.875858181421791 1.3134900392438953 0
      vertex -1.3022755533022625 1.0927389364671167 0.59
    endloop
  endfacet
  facet normal 0.5215819606107078 -0.47794181031271776 -0.7067700363771034
    outer loop
      vertex -1.2020815280171309 1.2020815280171309 0.59
      vertex -1.7542417747424595 1.4719836261821746 0
      vertex -1.6192745289171937 1.6192745289171937 0
    endloop
  endfacet
  facet normal 0.521581960610708 -0.4779418103127177 -0.7067700363771034
    outer loop
      vertex -1.3022755533022625 1.0927389364671167 0.59
      vertex -1.7542417747424595 1.4719836261821746 0
      vertex -1.2020815280171309 1.2020815280171309 0.59
    endloop
  endfacet
  facet normal 0.4779418103127177 -0.521581960610708 -0.7067700363771034
    outer loop
      vertex -1.2020815280171309 1.2020815280171309 0.59
      vertex -1.6192745289171937 1.6192745289171937 0
      vertex -1.0927389364671167 1.3022755533022625 0.59
    endloop
  endfacet
  facet normal 0.4779418103127181 -0.5215819606107078 -0.7067700363771034
    outer loop
      vertex -1.0927389364671167 1.3022755533022625 0.59
      vertex -1.6192745289171937 1.6192745289171937 0
      vertex -1.4719836261821746 1.7542417747424595 0
    endloop
  endfacet
  facet normal 0.4306642342490954 -0.5612525572486493 -0.7067700363771033
    outer loop
      vertex -0.9750799417967783 1.392558475291286 0.59
      vertex -1.4719836261821746 1.7542417747424595 0
      vertex -1.3134900392438953 1.875858181421791 0
    endloop
  endfacet
  facet normal 0.4306642342490956 -0.561252557248649 -0.7067700363771033
    outer loop
      vertex -1.0927389364671167 1.3022755533022625 0.59
      vertex -1.4719836261821746 1.7542417747424595 0
      vertex -0.9750799417967783 1.392558475291286 0.59
    endloop
  endfacet
  facet normal 0.3801090433206619 -0.5966516830323693 -0.7067700363771036
    outer loop
      vertex -0.85 1.4722431864335457 0.59
      vertex -1.3134900392438953 1.875858181421791 0
      vertex -1.145 1.9831981746663643 0
    endloop
  endfacet
  facet normal 0.3801090433206616 -0.5966516830323698 -0.7067700363771034
    outer loop
      vertex -0.9750799417967783 1.392558475291286 0.59
      vertex -1.3134900392438953 1.875858181421791 0
      vertex -0.85 1.4722431864335457 0.59
    endloop
  endfacet
  facet normal 0.32666099305644164 -0.6275099292400776 -0.7067700363771034
    outer loop
      vertex -0.85 1.4722431864335457 0.59
      vertex -1.145 1.9831981746663643 0
      vertex -0.718451044959189 1.5407232379623048 0.59
    endloop
  endfacet
  facet normal 0.27072685539176333 -0.6535924459854132 -0.7067700363771034
    outer loop
      vertex -0.718451044959189 1.5407232379623048 0.59
      vertex -0.9677958193862016 2.075444832313928 0
      vertex -0.5814342436536368 1.5974774553360442 0.59
    endloop
  endfacet
  facet normal 0.32666099305644164 -0.6275099292400776 -0.7067700363771036
    outer loop
      vertex -0.718451044959189 1.5407232379623048 0.59
      vertex -1.145 1.9831981746663643 0
      vertex -0.9677958193862016 2.075444832313928 0
    endloop
  endfacet
  facet normal 0.2707268553917637 -0.6535924459854129 -0.7067700363771037
    outer loop
      vertex -0.5814342436536368 1.5974774553360442 0.59
      vertex -0.9677958193862016 2.075444832313928 0
      vertex -0.7832261282157813 2.15189610159973 0
    endloop
  endfacet
  facet normal 0.21273232288820756 -0.6747007295668911 -0.7067700363771036
    outer loop
      vertex -0.5814342436536368 1.5974774553360442 0.59
      vertex -0.7832261282157813 2.15189610159973 0
      vertex -0.43999237667428526 1.6420739046914161 0.59
    endloop
  endfacet
  facet normal 0.21273232288820706 -0.6747007295668914 -0.7067700363771033
    outer loop
      vertex -0.43999237667428526 1.6420739046914161 0.59
      vertex -0.7832261282157813 2.15189610159973 0
      vertex -0.5926956132847725 2.211970142201966 0
    endloop
  endfacet
  facet normal 0.15311876895618345 -0.6906741332009263 -0.7067700363771034
    outer loop
      vertex -0.43999237667428526 1.6420739046914161 0.59
      vertex -0.5926956132847725 2.211970142201966 0
      vertex -0.29520190203378155 1.6741731801207536 0.59
    endloop
  endfacet
  facet normal 0.15311876895618287 -0.6906741332009265 -0.7067700363771034
    outer loop
      vertex -0.29520190203378155 1.6741731801207536 0.59
      vertex -0.5926956132847725 2.211970142201966 0
      vertex -0.3976543268572704 2.255209754397956 0
    endloop
  endfacet
  facet normal 0.09233988873676449 -0.701391089640858 -0.7067700363771033
    outer loop
      vertex -0.29520190203378155 1.6741731801207536 0.59
      vertex -0.3976543268572704 2.255209754397956 0
      vertex -0.14816476267101888 1.6935309867559674 0.59
    endloop
  endfacet
  facet normal 0.09233988873676602 -0.7013910896408576 -0.7067700363771034
    outer loop
      vertex -0.14816476267101888 1.6935309867559674 0.59
      vertex -0.3976543268572704 2.255209754397956 0
      vertex -0.1995866508921372 2.2812858586300973 0
    endloop
  endfacet
  facet normal 0.03085824620770771 -0.7067700363771034 -0.7067700363771036
    outer loop
      vertex -0.14816476267101888 1.6935309867559674 0.59
      vertex -0.1995866508921372 2.2812858586300973 0
      vertex 0 1.7 0.59
    endloop
  endfacet
  facet normal 0.030858246207707808 -0.7067700363771036 -0.7067700363771037
    outer loop
      vertex 0 1.7 0.59
      vertex -0.1995866508921372 2.2812858586300973 0
      vertex 0 2.29 0
    endloop
  endfacet
  facet normal -0.030858246207707808 0.7067700363771036 -0.7067700363771037
    outer loop
      vertex 0 -1.7 0.59
      vertex 0.1995866508921372 -2.2812858586300973 0
      vertex 0 -2.29 0
    endloop
  endfacet
  facet normal -0.03085824620770771 0.7067700363771034 -0.7067700363771036
    outer loop
      vertex 0 -1.7 0.59
      vertex 0.14816476267101888 -1.6935309867559674 0.59
      vertex 0.1995866508921372 -2.2812858586300973 0
    endloop
  endfacet
  facet normal -0.09233988873676602 0.7013910896408576 -0.7067700363771034
    outer loop
      vertex 0.14816476267101888 -1.6935309867559674 0.59
      vertex 0.3976543268572704 -2.255209754397956 0
      vertex 0.1995866508921372 -2.2812858586300973 0
    endloop
  endfacet
  facet normal -0.09233988873676449 0.701391089640858 -0.7067700363771033
    outer loop
      vertex 0.14816476267101888 -1.6935309867559674 0.59
      vertex 0.29520190203378155 -1.6741731801207536 0.59
      vertex 0.3976543268572704 -2.255209754397956 0
    endloop
  endfacet
  facet normal -0.15311876895618287 0.6906741332009265 -0.7067700363771034
    outer loop
      vertex 0.29520190203378155 -1.6741731801207536 0.59
      vertex 0.5926956132847725 -2.211970142201966 0
      vertex 0.3976543268572704 -2.255209754397956 0
    endloop
  endfacet
  facet normal -0.15311876895618345 0.6906741332009263 -0.7067700363771034
    outer loop
      vertex 0.29520190203378155 -1.6741731801207536 0.59
      vertex 0.43999237667428526 -1.6420739046914161 0.59
      vertex 0.5926956132847725 -2.211970142201966 0
    endloop
  endfacet
  facet normal -0.21273232288820706 0.6747007295668914 -0.7067700363771033
    outer loop
      vertex 0.43999237667428526 -1.6420739046914161 0.59
      vertex 0.7832261282157813 -2.15189610159973 0
      vertex 0.5926956132847725 -2.211970142201966 0
    endloop
  endfacet
  facet normal -0.21273232288820756 0.6747007295668911 -0.7067700363771036
    outer loop
      vertex 0.43999237667428526 -1.6420739046914161 0.59
      vertex 0.5814342436536368 -1.5974774553360442 0.59
      vertex 0.7832261282157813 -2.15189610159973 0
    endloop
  endfacet
  facet normal -0.2707268553917637 0.6535924459854129 -0.7067700363771037
    outer loop
      vertex 0.5814342436536368 -1.5974774553360442 0.59
      vertex 0.9677958193862016 -2.075444832313928 0
      vertex 0.7832261282157813 -2.15189610159973 0
    endloop
  endfacet
  facet normal -0.32666099305644164 0.6275099292400776 -0.7067700363771036
    outer loop
      vertex 0.718451044959189 -1.5407232379623048 0.59
      vertex 1.145 -1.9831981746663643 0
      vertex 0.9677958193862016 -2.075444832313928 0
    endloop
  endfacet
  facet normal -0.2707268553917633 0.6535924459854131 -0.7067700363771034
    outer loop
      vertex 0.5814342436536368 -1.5974774553360442 0.59
      vertex 0.718451044959189 -1.5407232379623048 0.59
      vertex 0.9677958193862016 -2.075444832313928 0
    endloop
  endfacet
  facet normal -0.32666099305644164 0.6275099292400776 -0.7067700363771034
    outer loop
      vertex 0.718451044959189 -1.5407232379623048 0.59
      vertex 0.85 -1.4722431864335457 0.59
      vertex 1.145 -1.9831981746663643 0
    endloop
  endfacet
  facet normal -0.3801090433206616 0.5966516830323698 -0.7067700363771034
    outer loop
      vertex 0.85 -1.4722431864335457 0.59
      vertex 0.9750799417967783 -1.392558475291286 0.59
      vertex 1.3134900392438953 -1.875858181421791 0
    endloop
  endfacet
  facet normal -0.3801090433206619 0.5966516830323693 -0.7067700363771036
    outer loop
      vertex 0.85 -1.4722431864335457 0.59
      vertex 1.3134900392438953 -1.875858181421791 0
      vertex 1.145 -1.9831981746663643 0
    endloop
  endfacet
  facet normal -0.4306642342490956 0.561252557248649 -0.7067700363771033
    outer loop
      vertex 0.9750799417967783 -1.392558475291286 0.59
      vertex 1.0927389364671167 -1.3022755533022625 0.59
      vertex 1.4719836261821746 -1.7542417747424595 0
    endloop
  endfacet
  facet normal -0.4306642342490954 0.5612525572486493 -0.7067700363771033
    outer loop
      vertex 0.9750799417967783 -1.392558475291286 0.59
      vertex 1.4719836261821746 -1.7542417747424595 0
      vertex 1.3134900392438953 -1.875858181421791 0
    endloop
  endfacet
  facet normal -0.4779418103127181 0.5215819606107078 -0.7067700363771034
    outer loop
      vertex 1.0927389364671167 -1.3022755533022625 0.59
      vertex 1.6192745289171937 -1.6192745289171937 0
      vertex 1.4719836261821746 -1.7542417747424595 0
    endloop
  endfacet
  facet normal -0.4779418103127177 0.521581960610708 -0.7067700363771034
    outer loop
      vertex 1.0927389364671167 -1.3022755533022625 0.59
      vertex 1.2020815280171309 -1.2020815280171309 0.59
      vertex 1.6192745289171937 -1.6192745289171937 0
    endloop
  endfacet
  facet normal -0.521581960610708 0.4779418103127177 -0.7067700363771034
    outer loop
      vertex 1.2020815280171309 -1.2020815280171309 0.59
      vertex 1.3022755533022625 -1.0927389364671167 0.59
      vertex 1.7542417747424595 -1.4719836261821746 0
    endloop
  endfacet
  facet normal -0.5215819606107078 0.47794181031271776 -0.7067700363771034
    outer loop
      vertex 1.2020815280171309 -1.2020815280171309 0.59
      vertex 1.7542417747424595 -1.4719836261821746 0
      vertex 1.6192745289171937 -1.6192745289171937 0
    endloop
  endfacet
  facet normal -0.5612525572486491 0.43066423424909567 -0.7067700363771033
    outer loop
      vertex 1.3022755533022625 -1.0927389364671167 0.59
      vertex 1.392558475291286 -0.9750799417967783 0.59
      vertex 1.875858181421791 -1.3134900392438953 0
    endloop
  endfacet
  facet normal -0.5612525572486492 0.43066423424909533 -0.7067700363771033
    outer loop
      vertex 1.3022755533022625 -1.0927389364671167 0.59
      vertex 1.875858181421791 -1.3134900392438953 0
      vertex 1.7542417747424595 -1.4719836261821746 0
    endloop
  endfacet
  facet normal -0.5966516830323694 0.380109043320662 -0.7067700363771034
    outer loop
      vertex 1.392558475291286 -0.9750799417967783 0.59
      vertex 1.9831981746663643 -1.145 0
      vertex 1.875858181421791 -1.3134900392438953 0
    endloop
  endfacet
  facet normal -0.5966516830323697 0.38010904332066153 -0.7067700363771034
    outer loop
      vertex 1.392558475291286 -0.9750799417967783 0.59
      vertex 1.4722431864335457 -0.85 0.59
      vertex 1.9831981746663643 -1.145 0
    endloop
  endfacet
  facet normal -0.6275099292400776 0.32666099305644164 -0.7067700363771034
    outer loop
      vertex 1.4722431864335457 -0.85 0.59
      vertex 1.5407232379623048 -0.718451044959189 0.59
      vertex 2.075444832313928 -0.9677958193862017 0
    endloop
  endfacet
  facet normal -0.6275099292400775 0.32666099305644175 -0.7067700363771033
    outer loop
      vertex 1.4722431864335457 -0.85 0.59
      vertex 2.075444832313928 -0.9677958193862017 0
      vertex 1.9831981746663643 -1.145 0
    endloop
  endfacet
  facet normal -0.653592445985413 0.2707268553917636 -0.7067700363771034
    outer loop
      vertex 1.5407232379623048 -0.718451044959189 0.59
      vertex 2.15189610159973 -0.7832261282157813 0
      vertex 2.075444832313928 -0.9677958193862017 0
    endloop
  endfacet
  facet normal -0.6535924459854131 0.2707268553917633 -0.7067700363771036
    outer loop
      vertex 1.5407232379623048 -0.718451044959189 0.59
      vertex 1.5974774553360442 -0.5814342436536368 0.59
      vertex 2.15189610159973 -0.7832261282157813 0
    endloop
  endfacet
  facet normal -0.6747007295668912 0.2127323228882076 -0.7067700363771034
    outer loop
      vertex 1.5974774553360442 -0.5814342436536368 0.59
      vertex 1.6420739046914161 -0.43999237667428526 0.59
      vertex 2.211970142201966 -0.5926956132847725 0
    endloop
  endfacet
  facet normal -0.6906741332009264 0.15311876895618345 -0.7067700363771033
    outer loop
      vertex 1.6420739046914161 -0.43999237667428526 0.59
      vertex 1.6741731801207536 -0.29520190203378155 0.59
      vertex 2.255209754397956 -0.3976543268572704 0
    endloop
  endfacet
  facet normal -0.6747007295668913 0.21273232288820704 -0.7067700363771036
    outer loop
      vertex 1.5974774553360442 -0.5814342436536368 0.59
      vertex 2.211970142201966 -0.5926956132847725 0
      vertex 2.15189610159973 -0.7832261282157813 0
    endloop
  endfacet
  facet normal -0.6906741332009264 0.15311876895618282 -0.7067700363771033
    outer loop
      vertex 1.6420739046914161 -0.43999237667428526 0.59
      vertex 2.255209754397956 -0.3976543268572704 0
      vertex 2.211970142201966 -0.5926956132847725 0
    endloop
  endfacet
  facet normal -0.7013910896408577 0.09233988873676446 -0.7067700363771037
    outer loop
      vertex 1.6741731801207536 -0.29520190203378155 0.59
      vertex 1.6935309867559674 -0.14816476267101888 0.59
      vertex 2.2812858586300973 -0.1995866508921372 0
    endloop
  endfacet
  facet normal -0.7067700363771034 0.03085824620770771 -0.7067700363771036
    outer loop
      vertex 1.6935309867559674 -0.14816476267101888 0.59
      vertex 1.7 0 0.59
      vertex 2.29 0 0
    endloop
  endfacet
  facet normal -0.7013910896408576 0.09233988873676605 -0.7067700363771033
    outer loop
      vertex 1.6741731801207536 -0.29520190203378155 0.59
      vertex 2.2812858586300973 -0.1995866508921372 0
      vertex 2.255209754397956 -0.3976543268572704 0
    endloop
  endfacet
  facet normal -0.7067700363771034 0.030858246207707808 -0.7067700363771037
    outer loop
      vertex 1.6935309867559674 -0.14816476267101888 0.59
      vertex 2.29 0 0
      vertex 2.2812858586300973 -0.1995866508921372 0
    endloop
  endfacet
  facet normal -0.4779418103127177 -0.521581960610708 -0.7067700363771034
    outer loop
      vertex 1.0927389364671167 1.3022755533022625 0.59
      vertex 1.4719836261821746 1.7542417747424595 0
      vertex 1.2020815280171309 1.2020815280171309 0.59
    endloop
  endfacet
  facet normal -0.521581960610708 -0.4779418103127177 -0.7067700363771034
    outer loop
      vertex 1.3022755533022625 1.0927389364671167 0.59
      vertex 1.2020815280171309 1.2020815280171309 0.59
      vertex 1.6192745289171937 1.6192745289171937 0
    endloop
  endfacet
  facet normal -0.03085824620770771 -0.7067700363771034 -0.7067700363771036
    outer loop
      vertex 0 1.7 0.59
      vertex 0 2.29 0
      vertex 0.14816476267101888 1.6935309867559674 0.59
    endloop
  endfacet
  facet normal -0.030858246207707808 -0.7067700363771034 -0.7067700363771037
    outer loop
      vertex 0.14816476267101888 1.6935309867559674 0.59
      vertex 0 2.29 0
      vertex 0.1995866508921372 2.2812858586300973 0
    endloop
  endfacet
  facet normal -0.09233988873676446 -0.7013910896408577 -0.7067700363771037
    outer loop
      vertex 0.14816476267101888 1.6935309867559674 0.59
      vertex 0.1995866508921372 2.2812858586300973 0
      vertex 0.29520190203378155 1.6741731801207536 0.59
    endloop
  endfacet
  facet normal -0.09233988873676605 -0.7013910896408576 -0.7067700363771033
    outer loop
      vertex 0.29520190203378155 1.6741731801207536 0.59
      vertex 0.1995866508921372 2.2812858586300973 0
      vertex 0.3976543268572704 2.255209754397956 0
    endloop
  endfacet
  facet normal -0.2707268553917633 -0.6535924459854131 -0.7067700363771036
    outer loop
      vertex 0.718451044959189 1.5407232379623048 0.59
      vertex 0.5814342436536368 1.5974774553360442 0.59
      vertex 0.7832261282157813 2.15189610159973 0
    endloop
  endfacet
  facet normal -0.15311876895618345 -0.6906741332009264 -0.7067700363771033
    outer loop
      vertex 0.29520190203378155 1.6741731801207536 0.59
      vertex 0.3976543268572704 2.255209754397956 0
      vertex 0.43999237667428526 1.6420739046914161 0.59
    endloop
  endfacet
  facet normal -0.15311876895618282 -0.6906741332009264 -0.7067700363771033
    outer loop
      vertex 0.43999237667428526 1.6420739046914161 0.59
      vertex 0.3976543268572704 2.255209754397956 0
      vertex 0.5926956132847725 2.211970142201966 0
    endloop
  endfacet
  facet normal -0.2127323228882076 -0.6747007295668912 -0.7067700363771034
    outer loop
      vertex 0.43999237667428526 1.6420739046914161 0.59
      vertex 0.5926956132847725 2.211970142201966 0
      vertex 0.5814342436536368 1.5974774553360442 0.59
    endloop
  endfacet
  facet normal -0.21273232288820704 -0.6747007295668913 -0.7067700363771036
    outer loop
      vertex 0.5814342436536368 1.5974774553360442 0.59
      vertex 0.5926956132847725 2.211970142201966 0
      vertex 0.7832261282157813 2.15189610159973 0
    endloop
  endfacet
  facet normal -0.32666099305644164 -0.6275099292400776 -0.7067700363771034
    outer loop
      vertex 0.718451044959189 1.5407232379623048 0.59
      vertex 0.9677958193862016 2.075444832313928 0
      vertex 0.85 1.4722431864335457 0.59
    endloop
  endfacet
  facet normal -0.38010904332066153 -0.5966516830323696 -0.7067700363771034
    outer loop
      vertex 0.85 1.4722431864335457 0.59
      vertex 1.145 1.9831981746663643 0
      vertex 0.9750799417967783 1.392558475291286 0.59
    endloop
  endfacet
  facet normal -0.2707268553917637 -0.6535924459854129 -0.7067700363771034
    outer loop
      vertex 0.718451044959189 1.5407232379623048 0.59
      vertex 0.7832261282157813 2.15189610159973 0
      vertex 0.9677958193862016 2.075444832313928 0
    endloop
  endfacet
  facet normal -0.32666099305644164 -0.6275099292400776 -0.7067700363771034
    outer loop
      vertex 0.85 1.4722431864335457 0.59
      vertex 0.9677958193862016 2.075444832313928 0
      vertex 1.145 1.9831981746663643 0
    endloop
  endfacet
  facet normal -0.43066423424909567 -0.5612525572486491 -0.7067700363771033
    outer loop
      vertex 0.9750799417967783 1.392558475291286 0.59
      vertex 1.3134900392438953 1.875858181421791 0
      vertex 1.0927389364671167 1.3022755533022625 0.59
    endloop
  endfacet
  facet normal -0.380109043320662 -0.5966516830323694 -0.7067700363771034
    outer loop
      vertex 0.9750799417967783 1.392558475291286 0.59
      vertex 1.145 1.9831981746663643 0
      vertex 1.3134900392438953 1.875858181421791 0
    endloop
  endfacet
  facet normal -0.43066423424909533 -0.5612525572486492 -0.7067700363771033
    outer loop
      vertex 1.0927389364671167 1.3022755533022625 0.59
      vertex 1.3134900392438953 1.875858181421791 0
      vertex 1.4719836261821746 1.7542417747424595 0
    endloop
  endfacet
  facet normal -0.7067700363771034 -0.03085824620770771 -0.7067700363771036
    outer loop
      vertex 1.7 0 0.59
      vertex 1.6935309867559674 0.14816476267101888 0.59
      vertex 2.2812858586300973 0.1995866508921372 0
    endloop
  endfacet
  facet normal -0.701391089640858 -0.09233988873676449 -0.7067700363771033
    outer loop
      vertex 1.6935309867559674 0.14816476267101888 0.59
      vertex 1.6741731801207536 0.29520190203378155 0.59
      vertex 2.255209754397956 0.3976543268572704 0
    endloop
  endfacet
  facet normal -0.7067700363771036 -0.030858246207707808 -0.7067700363771037
    outer loop
      vertex 1.7 0 0.59
      vertex 2.2812858586300973 0.1995866508921372 0
      vertex 2.29 0 0
    endloop
  endfacet
  facet normal -0.7013910896408576 -0.09233988873676602 -0.7067700363771034
    outer loop
      vertex 1.6935309867559674 0.14816476267101888 0.59
      vertex 2.255209754397956 0.3976543268572704 0
      vertex 2.2812858586300973 0.1995866508921372 0
    endloop
  endfacet
  facet normal -0.6906741332009263 -0.15311876895618345 -0.7067700363771034
    outer loop
      vertex 1.6741731801207536 0.29520190203378155 0.59
      vertex 1.6420739046914161 0.43999237667428526 0.59
      vertex 2.211970142201966 0.5926956132847725 0
    endloop
  endfacet
  facet normal -0.6747007295668911 -0.21273232288820756 -0.7067700363771036
    outer loop
      vertex 1.6420739046914161 0.43999237667428526 0.59
      vertex 1.5974774553360442 0.5814342436536368 0.59
      vertex 2.15189610159973 0.7832261282157813 0
    endloop
  endfacet
  facet normal -0.6906741332009265 -0.15311876895618287 -0.7067700363771034
    outer loop
      vertex 1.6741731801207536 0.29520190203378155 0.59
      vertex 2.211970142201966 0.5926956132847725 0
      vertex 2.255209754397956 0.3976543268572704 0
    endloop
  endfacet
  facet normal -0.6747007295668914 -0.21273232288820706 -0.7067700363771033
    outer loop
      vertex 1.6420739046914161 0.43999237667428526 0.59
      vertex 2.15189610159973 0.7832261282157813 0
      vertex 2.211970142201966 0.5926956132847725 0
    endloop
  endfacet
  facet normal -0.5966516830323698 -0.3801090433206616 -0.7067700363771034
    outer loop
      vertex 1.392558475291286 0.9750799417967783 0.59
      vertex 1.875858181421791 1.3134900392438953 0
      vertex 1.4722431864335457 0.85 0.59
    endloop
  endfacet
  facet normal -0.6535924459854131 -0.2707268553917633 -0.7067700363771034
    outer loop
      vertex 1.5407232379623048 0.718451044959189 0.59
      vertex 2.075444832313928 0.9677958193862017 0
      vertex 1.5974774553360442 0.5814342436536368 0.59
    endloop
  endfacet
  facet normal -0.6275099292400776 -0.32666099305644164 -0.7067700363771034
    outer loop
      vertex 1.5407232379623048 0.718451044959189 0.59
      vertex 1.4722431864335457 0.85 0.59
      vertex 1.9831981746663643 1.145 0
    endloop
  endfacet
  facet normal -0.561252557248649 -0.4306642342490956 -0.7067700363771033
    outer loop
      vertex 1.392558475291286 0.9750799417967783 0.59
      vertex 1.3022755533022625 1.0927389364671167 0.59
      vertex 1.7542417747424595 1.4719836261821746 0
    endloop
  endfacet
  facet normal -0.5215819606107078 -0.4779418103127181 -0.7067700363771034
    outer loop
      vertex 1.3022755533022625 1.0927389364671167 0.59
      vertex 1.6192745289171937 1.6192745289171937 0
      vertex 1.7542417747424595 1.4719836261821746 0
    endloop
  endfacet
  facet normal -0.5966516830323693 -0.3801090433206619 -0.7067700363771036
    outer loop
      vertex 1.4722431864335457 0.85 0.59
      vertex 1.875858181421791 1.3134900392438953 0
      vertex 1.9831981746663643 1.145 0
    endloop
  endfacet
  facet normal -0.5612525572486493 -0.4306642342490954 -0.7067700363771033
    outer loop
      vertex 1.392558475291286 0.9750799417967783 0.59
      vertex 1.7542417747424595 1.4719836261821746 0
      vertex 1.875858181421791 1.3134900392438953 0
    endloop
  endfacet
  facet normal -0.6535924459854129 -0.27072685539176355 -0.7067700363771036
    outer loop
      vertex 1.5974774553360442 0.5814342436536368 0.59
      vertex 2.075444832313928 0.9677958193862017 0
      vertex 2.15189610159973 0.7832261282157813 0
    endloop
  endfacet
  facet normal -0.6275099292400775 -0.3266609930564418 -0.7067700363771036
    outer loop
      vertex 1.5407232379623048 0.718451044959189 0.59
      vertex 1.9831981746663643 1.145 0
      vertex 2.075444832313928 0.9677958193862017 0
    endloop
  endfacet
  facet normal -0.47794181031271776 -0.5215819606107078 -0.7067700363771034
    outer loop
      vertex 1.2020815280171309 1.2020815280171309 0.59
      vertex 1.4719836261821746 1.7542417747424595 0
      vertex 1.6192745289171937 1.6192745289171937 0
    endloop
  endfacet
endsolid OpenSCAD_Model
