solid OpenSCAD_Model
  facet normal 0 0 -1
    outer loop
      vertex -3.9067272022366524 -3.581547513604164 0
      vertex -3.8731193393468857 -3.2298747301101685 0
      vertex -3.581547513604164 -3.9067272022366524 0
    endloop
  endfacet
  facet normal 0 0 -1
    outer loop
      vertex -3.581547513604164 -3.9067272022366524 0
      vertex -3.8731193393468857 -3.2298747301101685 0
      vertex -3.2298747301101685 -3.8731193393468857 0
    endloop
  endfacet
  facet normal 0 0 -1
    outer loop
      vertex -3.8731193393468857 -3.2298747301101685 0
      vertex -3.8071091547608376 -2.9007196128368378 0
      vertex -3.2298747301101685 -3.8731193393468857 0
    endloop
  endfacet
  facet normal 0 0 -1
    outer loop
      vertex -3.8071091547608376 -2.9007196128368378 0
      vertex -2.9007196128368378 -3.8071091547608376 0
      vertex -3.2298747301101685 -3.8731193393468857 0
    endloop
  endfacet
  facet normal -0.7071067811865476 -0.7071067811865476 0
    outer loop
      vertex -3.9067272022366524 -3.581547513604164 0
      vertex -3.581547513604164 -3.9067272022366524 0
      vertex -3.9067272022366524 -3.581547513604164 4.700000000000003
    endloop
  endfacet
  facet normal -0.9954646384453822 0.09513229527770604 0
    outer loop
      vertex -3.9067272022366524 -3.581547513604164 0
      vertex -3.8731193393468857 -3.2298747301101685 4.700000000000003
      vertex -3.8731193393468857 -3.2298747301101685 0
    endloop
  endfacet
  facet normal 0.09513229527770604 -0.9954646384453822 0
    outer loop
      vertex -3.581547513604164 -3.9067272022366524 0
      vertex -3.2298747301101685 -3.8731193393468857 0
      vertex -3.581547513604164 -3.9067272022366524 4.700000000000003
    endloop
  endfacet
  facet normal 0 0 -1
    outer loop
      vertex -3.8071091547608376 -2.9007196128368378 0
      vertex -3.7104908749461174 -2.5976120084524155 0
      vertex -2.9007196128368378 -3.8071091547608376 0
    endloop
  endfacet
  facet normal -0.9804779106339382 0.19662926221421692 0
    outer loop
      vertex -3.8731193393468857 -3.2298747301101685 0
      vertex -3.8071091547608376 -2.9007196128368378 4.700000000000003
      vertex -3.8071091547608376 -2.9007196128368378 0
    endloop
  endfacet
  facet normal -0.9527667578850161 0.30370298824554737 0
    outer loop
      vertex -3.8071091547608376 -2.9007196128368378 0
      vertex -3.7104908749461174 -2.5976120084524155 4.700000000000003
      vertex -3.7104908749461174 -2.5976120084524155 0
    endloop
  endfacet
  facet normal 0 0 -1
    outer loop
      vertex -2.9007196128368378 -3.8071091547608376 0
      vertex -3.7104908749461174 -2.5976120084524155 0
      vertex -2.5976120084524155 -3.7104908749461174 0
    endloop
  endfacet
  facet normal 0.19662926221421692 -0.9804779106339382 0
    outer loop
      vertex -3.2298747301101685 -3.8731193393468857 0
      vertex -2.9007196128368378 -3.8071091547608376 0
      vertex -3.2298747301101685 -3.8731193393468857 4.700000000000003
    endloop
  endfacet
  facet normal 0.30370298824554737 -0.9527667578850161 0
    outer loop
      vertex -2.9007196128368378 -3.8071091547608376 0
      vertex -2.5976120084524155 -3.7104908749461174 0
      vertex -2.9007196128368378 -3.8071091547608376 4.700000000000003
    endloop
  endfacet
  facet normal 0 0 -1
    outer loop
      vertex -3.7104908749461174 -2.5976120084524155 0
      vertex -3.5847478732466698 -2.324640966951847 0
      vertex -2.5976120084524155 -3.7104908749461174 0
    endloop
  endfacet
  facet normal 0 0 -1
    outer loop
      vertex -3.5847478732466698 -2.324640966951847 0
      vertex -3.4303479120135307 -2.087604947388172 0
      vertex -2.324640966951847 -3.5847478732466698 0
    endloop
  endfacet
  facet normal 0 0 -1
    outer loop
      vertex -3.5847478732466698 -2.324640966951847 0
      vertex -2.324640966951847 -3.5847478732466698 0
      vertex -2.5976120084524155 -3.7104908749461174 0
    endloop
  endfacet
  facet normal -0.7071067811865476 -0.7071067811865476 0
    outer loop
      vertex -3.581547513604164 -3.9067272022366524 0
      vertex -3.581547513604164 -3.9067272022366524 4.700000000000003
      vertex -3.9067272022366524 -3.581547513604164 4.700000000000003
    endloop
  endfacet
  facet normal -0.9954646384453822 0.09513229527770604 0
    outer loop
      vertex -3.9067272022366524 -3.581547513604164 0
      vertex -3.9067272022366524 -3.581547513604164 4.700000000000003
      vertex -3.8731193393468857 -3.2298747301101685 4.700000000000003
    endloop
  endfacet
  facet normal 0.09513229527770604 -0.9954646384453822 0
    outer loop
      vertex -3.2298747301101685 -3.8731193393468857 0
      vertex -3.2298747301101685 -3.8731193393468857 4.700000000000003
      vertex -3.581547513604164 -3.9067272022366524 4.700000000000003
    endloop
  endfacet
  facet normal -0.9804779106339382 0.19662926221421692 0
    outer loop
      vertex -3.8731193393468857 -3.2298747301101685 0
      vertex -3.8731193393468857 -3.2298747301101685 4.700000000000003
      vertex -3.8071091547608376 -2.9007196128368378 4.700000000000003
    endloop
  endfacet
  facet normal -0.9527667578850161 0.30370298824554737 0
    outer loop
      vertex -3.8071091547608376 -2.9007196128368378 0
      vertex -3.8071091547608376 -2.9007196128368378 4.700000000000003
      vertex -3.7104908749461174 -2.5976120084524155 4.700000000000003
    endloop
  endfacet
  facet normal 0.19662926221421692 -0.9804779106339382 0
    outer loop
      vertex -2.9007196128368378 -3.8071091547608376 0
      vertex -2.9007196128368378 -3.8071091547608376 4.700000000000003
      vertex -3.2298747301101685 -3.8731193393468857 4.700000000000003
    endloop
  endfacet
  facet normal 0.30370298824554737 -0.9527667578850161 0
    outer loop
      vertex -2.9007196128368378 -3.8071091547608376 4.700000000000003
      vertex -2.5976120084524155 -3.7104908749461174 0
      vertex -2.5976120084524155 -3.7104908749461174 4.700000000000003
    endloop
  endfacet
  facet normal 0 0 1
    outer loop
      vertex -3.9067272022366524 -3.581547513604164 4.700000000000003
      vertex -3.581547513604164 -3.9067272022366524 4.700000000000003
      vertex -3.8731193393468857 -3.2298747301101685 4.700000000000003
    endloop
  endfacet
  facet normal 0 0 1
    outer loop
      vertex -3.581547513604164 -3.9067272022366524 4.700000000000003
      vertex -3.2298747301101685 -3.8731193393468857 4.700000000000003
      vertex -3.8731193393468857 -3.2298747301101685 4.700000000000003
    endloop
  endfacet
  facet normal 0 0 1
    outer loop
      vertex -3.8731193393468857 -3.2298747301101685 4.700000000000003
      vertex -3.2298747301101685 -3.8731193393468857 4.700000000000003
      vertex -3.8071091547608376 -2.9007196128368378 4.700000000000003
    endloop
  endfacet
  facet normal 0 0 1
    outer loop
      vertex -3.8071091547608376 -2.9007196128368378 4.700000000000003
      vertex -3.2298747301101685 -3.8731193393468857 4.700000000000003
      vertex -2.9007196128368378 -3.8071091547608376 4.700000000000003
    endloop
  endfacet
  facet normal 0 0 1
    outer loop
      vertex -3.8071091547608376 -2.9007196128368378 4.700000000000003
      vertex -2.9007196128368378 -3.8071091547608376 4.700000000000003
      vertex -3.7104908749461174 -2.5976120084524155 4.700000000000003
    endloop
  endfacet
  facet normal 0 0 1
    outer loop
      vertex -2.9007196128368378 -3.8071091547608376 4.700000000000003
      vertex -2.5976120084524155 -3.7104908749461174 4.700000000000003
      vertex -3.7104908749461174 -2.5976120084524155 4.700000000000003
    endloop
  endfacet
  facet normal 0 0 1
    outer loop
      vertex -3.7104908749461174 -2.5976120084524155 4.700000000000003
      vertex -2.5976120084524155 -3.7104908749461174 4.700000000000003
      vertex -3.5847478732466698 -2.324640966951847 4.700000000000003
    endloop
  endfacet
  facet normal 0 0 1
    outer loop
      vertex -3.5847478732466698 -2.324640966951847 4.700000000000003
      vertex -2.324640966951847 -3.5847478732466698 4.700000000000003
      vertex -3.4303479120135307 -2.087604947388172 4.700000000000003
    endloop
  endfacet
  facet normal 0 0 1
    outer loop
      vertex -3.5847478732466698 -2.324640966951847 4.700000000000003
      vertex -2.5976120084524155 -3.7104908749461174 4.700000000000003
      vertex -2.324640966951847 -3.5847478732466698 4.700000000000003
    endloop
  endfacet
  facet normal -0.45895739818864534 -0.8884582751305259 0
    outer loop
      vertex -4.74315121024847 -0.6409141942858696 0
      vertex -4.460502326488495 -0.786924198269844 0
      vertex -4.74315121024847 -0.6409141942858696 4.700000000000003
    endloop
  endfacet
  facet normal 0 0 -1
    outer loop
      vertex -5.02257527410984 -0.45484262704849243 0
      vertex -5.295009829103947 -0.22993676364421844 0
      vertex -5.02257527410984 0.45484262704849243 0
    endloop
  endfacet
  facet normal 0 0 -1
    outer loop
      vertex -5.02257527410984 -0.45484262704849243 0
      vertex -4.74315121024847 0.6409141942858696 0
      vertex -4.74315121024847 -0.6409141942858696 0
    endloop
  endfacet
  facet normal -0.6366311109596808 -0.7711684826017221 0
    outer loop
      vertex -5.02257527410984 -0.45484262704849243 0
      vertex -5.295009829103947 -0.22993676364421844 4.700000000000003
      vertex -5.295009829103947 -0.22993676364421844 0
    endloop
  endfacet
  facet normal -0.5542646976396998 -0.8323404621609912 0
    outer loop
      vertex -5.02257527410984 -0.45484262704849243 0
      vertex -4.74315121024847 -0.6409141942858696 0
      vertex -5.02257527410984 -0.45484262704849243 4.700000000000003
    endloop
  endfacet
  facet normal -0.3463958876176446 -0.9380884228267525 0
    outer loop
      vertex -4.460502326488495 -0.786924198269844 0
      vertex -4.178568921983242 -0.8910301327705383 0
      vertex -4.460502326488495 -0.786924198269844 4.700000000000003
    endloop
  endfacet
  facet normal -0.2065573619045079 -0.978434492566084 0
    outer loop
      vertex -4.178568921983242 -0.8910301327705383 0
      vertex -3.901781886816025 -0.9494626596570015 0
      vertex -4.178568921983242 -0.8910301327705383 4.700000000000003
    endloop
  endfacet
  facet normal 0 0 -1
    outer loop
      vertex -4.74315121024847 -0.6409141942858696 0
      vertex -4.460502326488495 0.786924198269844 0
      vertex -4.460502326488495 -0.786924198269844 0
    endloop
  endfacet
  facet normal 0 0 -1
    outer loop
      vertex -4.460502326488495 -0.786924198269844 0
      vertex -4.178568921983242 0.8910301327705383 0
      vertex -4.178568921983242 -0.8910301327705383 0
    endloop
  endfacet
  facet normal 0 0 -1
    outer loop
      vertex -4.178568921983242 -0.8910301327705383 0
      vertex -3.901781886816025 0.9494626596570015 0
      vertex -3.901781886816025 -0.9494626596570015 0
    endloop
  endfacet
  facet normal -0.6366311109596808 -0.7711684826017221 0
    outer loop
      vertex -5.02257527410984 -0.45484262704849243 0
      vertex -5.02257527410984 -0.45484262704849243 4.700000000000003
      vertex -5.295009829103947 -0.22993676364421844 4.700000000000003
    endloop
  endfacet
  facet normal -1 0 0
    outer loop
      vertex -5.295009829103947 -0.22993676364421844 0
      vertex -5.295009829103947 -0.22993676364421844 4.700000000000003
      vertex -5.295009829103947 0.22993676364421844 4.700000000000003
    endloop
  endfacet
  facet normal -0.5542646976396998 -0.8323404621609912 0
    outer loop
      vertex -4.74315121024847 -0.6409141942858696 0
      vertex -4.74315121024847 -0.6409141942858696 4.700000000000003
      vertex -5.02257527410984 -0.45484262704849243 4.700000000000003
    endloop
  endfacet
  facet normal -0.45895739818864534 -0.8884582751305259 0
    outer loop
      vertex -4.460502326488495 -0.786924198269844 0
      vertex -4.460502326488495 -0.786924198269844 4.700000000000003
      vertex -4.74315121024847 -0.6409141942858696 4.700000000000003
    endloop
  endfacet
  facet normal -0.3463958876176446 -0.9380884228267525 0
    outer loop
      vertex -4.178568921983242 -0.8910301327705383 0
      vertex -4.178568921983242 -0.8910301327705383 4.700000000000003
      vertex -4.460502326488495 -0.786924198269844 4.700000000000003
    endloop
  endfacet
  facet normal -0.2065573619045079 -0.978434492566084 0
    outer loop
      vertex -3.901781886816025 -0.9494626596570015 0
      vertex -3.901781886816025 -0.9494626596570015 4.700000000000003
      vertex -4.178568921983242 -0.8910301327705383 4.700000000000003
    endloop
  endfacet
  facet normal -0.9082675807655537 0.41838977249723536 0
    outer loop
      vertex -3.7104908749461174 -2.5976120084524155 0
      vertex -3.5847478732466698 -2.324640966951847 4.700000000000003
      vertex -3.5847478732466698 -2.324640966951847 0
    endloop
  endfacet
  facet normal -0.8379157571913802 0.5457995821273556 0
    outer loop
      vertex -3.5847478732466698 -2.324640966951847 0
      vertex -3.4303479120135307 -2.087604947388172 4.700000000000003
      vertex -3.4303479120135307 -2.087604947388172 0
    endloop
  endfacet
  facet normal 0 0 -1
    outer loop
      vertex -3.4303479120135307 -2.087604947388172 0
      vertex -3.242431655526161 -1.9013133570551872 0
      vertex -2.087604947388172 -3.4303479120135307 0
    endloop
  endfacet
  facet normal 0 0 -1
    outer loop
      vertex -3.242431655526161 -1.9013133570551872 0
      vertex -2.8466820493340492 -1.6692517176270485 0
      vertex -1.9013133570551872 -3.242431655526161 0
    endloop
  endfacet
  facet normal -0.7040301609270091 0.7101700729438616 0
    outer loop
      vertex -3.4303479120135307 -2.087604947388172 0
      vertex -3.242431655526161 -1.9013133570551872 4.700000000000003
      vertex -3.242431655526161 -1.9013133570551872 0
    endloop
  endfacet
  facet normal -0.505833850379525 0.8626309267642939 0
    outer loop
      vertex -3.242431655526161 -1.9013133570551872 0
      vertex -2.8466820493340492 -1.6692517176270485 4.700000000000003
      vertex -2.8466820493340492 -1.6692517176270485 0
    endloop
  endfacet
  facet normal -0.9082675807655537 0.41838977249723536 0
    outer loop
      vertex -3.7104908749461174 -2.5976120084524155 0
      vertex -3.7104908749461174 -2.5976120084524155 4.700000000000003
      vertex -3.5847478732466698 -2.324640966951847 4.700000000000003
    endloop
  endfacet
  facet normal -0.8379157571913802 0.5457995821273556 0
    outer loop
      vertex -3.5847478732466698 -2.324640966951847 0
      vertex -3.5847478732466698 -2.324640966951847 4.700000000000003
      vertex -3.4303479120135307 -2.087604947388172 4.700000000000003
    endloop
  endfacet
  facet normal -0.7040301609270091 0.7101700729438616 0
    outer loop
      vertex -3.4303479120135307 -2.087604947388172 0
      vertex -3.4303479120135307 -2.087604947388172 4.700000000000003
      vertex -3.242431655526161 -1.9013133570551872 4.700000000000003
    endloop
  endfacet
  facet normal -0.505833850379525 0.8626309267642939 0
    outer loop
      vertex -3.242431655526161 -1.9013133570551872 0
      vertex -3.242431655526161 -1.9013133570551872 4.700000000000003
      vertex -2.8466820493340492 -1.6692517176270485 4.700000000000003
    endloop
  endfacet
  facet normal -0.9238795312085417 -0.38268343551019474 0
    outer loop
      vertex -2.8466820493340492 -1.6692517176270485 0
      vertex -2.8466820493340492 -1.6692517176270485 4.700000000000003
      vertex -3.1932473927736282 -0.8325689733028412 4.700000000000003
    endloop
  endfacet
  facet normal 0.004341573528391143 -0.9999905753252366 0
    outer loop
      vertex -3.901781886816025 -0.9494626596570015 0
      vertex -3.6371769830584526 -0.9483138471841812 0
      vertex -3.901781886816025 -0.9494626596570015 4.700000000000003
    endloop
  endfacet
  facet normal 0.25229363685351247 -0.9676507225250378 0
    outer loop
      vertex -3.6371769830584526 -0.9483138471841812 0
      vertex -3.1932473927736282 -0.8325689733028412 0
      vertex -3.6371769830584526 -0.9483138471841812 4.700000000000003
    endloop
  endfacet
  facet normal 0 0 -1
    outer loop
      vertex -3.901781886816025 -0.9494626596570015 0
      vertex -3.6371769830584526 0.9483138471841812 0
      vertex -3.6371769830584526 -0.9483138471841812 0
    endloop
  endfacet
  facet normal 0 0 -1
    outer loop
      vertex -3.6371769830584526 -0.9483138471841812 0
      vertex -3.1932473927736282 0.8325689733028412 0
      vertex -3.1932473927736282 -0.8325689733028412 0
    endloop
  endfacet
  facet normal -0.9238795312085417 -0.38268343551019474 0
    outer loop
      vertex -2.8466820493340492 -1.6692517176270485 0
      vertex -3.1932473927736282 -0.8325689733028412 4.700000000000003
      vertex -3.1932473927736282 -0.8325689733028412 0
    endloop
  endfacet
  facet normal 0 0 -1
    outer loop
      vertex -2.8466820493340492 -1.6692517176270485 0
      vertex -3.1932473927736282 -0.8325689733028412 0
      vertex -2.8466820493340492 1.6692517176270485 0
    endloop
  endfacet
  facet normal 0.004341573528391143 -0.9999905753252366 0
    outer loop
      vertex -3.6371769830584526 -0.9483138471841812 0
      vertex -3.6371769830584526 -0.9483138471841812 4.700000000000003
      vertex -3.901781886816025 -0.9494626596570015 4.700000000000003
    endloop
  endfacet
  facet normal 0.25229363685351247 -0.9676507225250378 0
    outer loop
      vertex -3.1932473927736282 -0.8325689733028412 0
      vertex -3.1932473927736282 -0.8325689733028412 4.700000000000003
      vertex -3.6371769830584526 -0.9483138471841812 4.700000000000003
    endloop
  endfacet
  facet normal 0 0 1
    outer loop
      vertex -5.02257527410984 -0.45484262704849243 4.700000000000003
      vertex -5.02257527410984 0.45484262704849243 4.700000000000003
      vertex -5.295009829103947 -0.22993676364421844 4.700000000000003
    endloop
  endfacet
  facet normal 0 0 1
    outer loop
      vertex -5.02257527410984 -0.45484262704849243 4.700000000000003
      vertex -4.74315121024847 -0.6409141942858696 4.700000000000003
      vertex -4.74315121024847 0.6409141942858696 4.700000000000003
    endloop
  endfacet
  facet normal 0 0 1
    outer loop
      vertex -4.74315121024847 -0.6409141942858696 4.700000000000003
      vertex -4.460502326488495 -0.786924198269844 4.700000000000003
      vertex -4.460502326488495 0.786924198269844 4.700000000000003
    endloop
  endfacet
  facet normal 0 0 1
    outer loop
      vertex -4.460502326488495 -0.786924198269844 4.700000000000003
      vertex -4.178568921983242 -0.8910301327705383 4.700000000000003
      vertex -4.178568921983242 0.8910301327705383 4.700000000000003
    endloop
  endfacet
  facet normal 0 0 1
    outer loop
      vertex -4.178568921983242 -0.8910301327705383 4.700000000000003
      vertex -3.901781886816025 -0.9494626596570015 4.700000000000003
      vertex -3.901781886816025 0.9494626596570015 4.700000000000003
    endloop
  endfacet
  facet normal 0 0 1
    outer loop
      vertex -3.4303479120135307 -2.087604947388172 4.700000000000003
      vertex -2.087604947388172 -3.4303479120135307 4.700000000000003
      vertex -3.242431655526161 -1.9013133570551872 4.700000000000003
    endloop
  endfacet
  facet normal 0 0 1
    outer loop
      vertex -3.242431655526161 -1.9013133570551872 4.700000000000003
      vertex -1.9013133570551872 -3.242431655526161 4.700000000000003
      vertex -2.8466820493340492 -1.6692517176270485 4.700000000000003
    endloop
  endfacet
  facet normal 0 0 1
    outer loop
      vertex -2.8466820493340492 -1.6692517176270485 4.700000000000003
      vertex -2.5393713372958744 -1.7780869526882426 4.700000000000003
      vertex -2.6846787517317594 -1.5499999999999998 4.700000000000003
    endloop
  endfacet
  facet normal 0 0 1
    outer loop
      vertex -2.8466820493340492 -1.6692517176270485 4.700000000000003
      vertex -2.8095541398136143 -1.3101166113961682 4.700000000000003
      vertex -2.9130471244363156 -1.060262444309573 4.700000000000003
    endloop
  endfacet
  facet normal 0 0 1
    outer loop
      vertex -2.8466820493340492 -1.6692517176270485 4.700000000000003
      vertex -2.6846787517317594 -1.5499999999999998 4.700000000000003
      vertex -2.8095541398136143 -1.3101166113961682 4.700000000000003
    endloop
  endfacet
  facet normal 0 0 1
    outer loop
      vertex -3.901781886816025 -0.9494626596570015 4.700000000000003
      vertex -3.6371769830584526 -0.9483138471841812 4.700000000000003
      vertex -3.6371769830584526 0.9483138471841812 4.700000000000003
    endloop
  endfacet
  facet normal 0 0 1
    outer loop
      vertex -3.6371769830584526 -0.9483138471841812 4.700000000000003
      vertex -3.1932473927736282 -0.8325689733028412 4.700000000000003
      vertex -3.1932473927736282 0.8325689733028412 4.700000000000003
    endloop
  endfacet
  facet normal 0 0 1
    outer loop
      vertex -2.8466820493340492 -1.6692517176270485 4.700000000000003
      vertex -2.9130471244363156 -1.060262444309573 4.700000000000003
      vertex -3.1932473927736282 -0.8325689733028412 4.700000000000003
    endloop
  endfacet
  facet normal 0 0 1
    outer loop
      vertex -3.1932473927736282 -0.8325689733028412 4.700000000000003
      vertex -2.9130471244363156 -1.060262444309573 4.700000000000003
      vertex -2.9943700614961113 -0.8023390398178142 4.700000000000003
    endloop
  endfacet
  facet normal 0 0 1
    outer loop
      vertex -3.1932473927736282 -0.8325689733028412 4.700000000000003
      vertex -2.9943700614961113 -0.8023390398178142 4.700000000000003
      vertex -3.0529040343378444 -0.538309350767484 4.700000000000003
    endloop
  endfacet
  facet normal 0 0 1
    outer loop
      vertex -3.1932473927736282 -0.8325689733028412 4.700000000000003
      vertex -3.0529040343378444 -0.538309350767484 4.700000000000003
      vertex -3.0882035640844108 -0.2701828025177403 4.700000000000003
    endloop
  endfacet
  facet normal 0 0 1
    outer loop
      vertex -3.1932473927736282 -0.8325689733028412 4.700000000000003
      vertex -3.0882035640844108 -0.2701828025177403 4.700000000000003
      vertex -3.0999999999999996 0 4.700000000000003
    endloop
  endfacet
  facet normal 0 0 1
    outer loop
      vertex -3.1932473927736282 -0.8325689733028412 4.700000000000003
      vertex -3.0999999999999996 0 4.700000000000003
      vertex -3.0882035640844108 0.2701828025177403 4.700000000000003
    endloop
  endfacet
  facet normal 0.41838977249723536 -0.9082675807655537 0
    outer loop
      vertex -2.5976120084524155 -3.7104908749461174 0
      vertex -2.324640966951847 -3.5847478732466698 0
      vertex -2.5976120084524155 -3.7104908749461174 4.700000000000003
    endloop
  endfacet
  facet normal 0.5457995821273556 -0.8379157571913802 0
    outer loop
      vertex -2.324640966951847 -3.5847478732466698 0
      vertex -2.087604947388172 -3.4303479120135307 0
      vertex -2.324640966951847 -3.5847478732466698 4.700000000000003
    endloop
  endfacet
  facet normal 0.7101700729438616 -0.7040301609270091 0
    outer loop
      vertex -2.087604947388172 -3.4303479120135307 0
      vertex -1.9013133570551872 -3.242431655526161 0
      vertex -2.087604947388172 -3.4303479120135307 4.700000000000003
    endloop
  endfacet
  facet normal 0 0 -1
    outer loop
      vertex -3.4303479120135307 -2.087604947388172 0
      vertex -2.087604947388172 -3.4303479120135307 0
      vertex -2.324640966951847 -3.5847478732466698 0
    endloop
  endfacet
  facet normal 0 0 -1
    outer loop
      vertex -3.242431655526161 -1.9013133570551872 0
      vertex -1.9013133570551872 -3.242431655526161 0
      vertex -2.087604947388172 -3.4303479120135307 0
    endloop
  endfacet
  facet normal 0.8626309267642939 -0.505833850379525 0
    outer loop
      vertex -1.9013133570551872 -3.242431655526161 0
      vertex -1.6692517176270485 -2.8466820493340492 0
      vertex -1.9013133570551872 -3.242431655526161 4.700000000000003
    endloop
  endfacet
  facet normal -0.38268343551019474 -0.9238795312085417 0
    outer loop
      vertex -1.6692517176270485 -2.8466820493340492 0
      vertex -0.8325689733028412 -3.1932473927736282 0
      vertex -1.6692517176270485 -2.8466820493340492 4.700000000000003
    endloop
  endfacet
  facet normal 0.41838977249723536 -0.9082675807655537 0
    outer loop
      vertex -2.324640966951847 -3.5847478732466698 0
      vertex -2.324640966951847 -3.5847478732466698 4.700000000000003
      vertex -2.5976120084524155 -3.7104908749461174 4.700000000000003
    endloop
  endfacet
  facet normal 0.5457995821273556 -0.8379157571913802 0
    outer loop
      vertex -2.087604947388172 -3.4303479120135307 0
      vertex -2.087604947388172 -3.4303479120135307 4.700000000000003
      vertex -2.324640966951847 -3.5847478732466698 4.700000000000003
    endloop
  endfacet
  facet normal 0.7101700729438616 -0.7040301609270091 0
    outer loop
      vertex -1.9013133570551872 -3.242431655526161 0
      vertex -1.9013133570551872 -3.242431655526161 4.700000000000003
      vertex -2.087604947388172 -3.4303479120135307 4.700000000000003
    endloop
  endfacet
  facet normal 0.8626309267642939 -0.505833850379525 0
    outer loop
      vertex -1.6692517176270485 -2.8466820493340492 0
      vertex -1.6692517176270485 -2.8466820493340492 4.700000000000003
      vertex -1.9013133570551872 -3.242431655526161 4.700000000000003
    endloop
  endfacet
  facet normal -0.8884582751305259 -0.45895739818864534 0
    outer loop
      vertex -0.786924198269844 -4.460502326488495 0
      vertex -0.6409141942858696 -4.74315121024847 0
      vertex -0.786924198269844 -4.460502326488495 4.700000000000003
    endloop
  endfacet
  facet normal -0.9380884228267525 -0.3463958876176446 0
    outer loop
      vertex -0.786924198269844 -4.460502326488495 0
      vertex -0.8910301327705383 -4.178568921983242 4.700000000000003
      vertex -0.8910301327705383 -4.178568921983242 0
    endloop
  endfacet
  facet normal -0.978434492566084 -0.2065573619045079 0
    outer loop
      vertex -0.8910301327705383 -4.178568921983242 0
      vertex -0.9494626596570015 -3.901781886816025 4.700000000000003
      vertex -0.9494626596570015 -3.901781886816025 0
    endloop
  endfacet
  facet normal 0 0 -1
    outer loop
      vertex -0.45484262704849243 -5.02257527410984 0
      vertex 0.22993676364421844 -5.295009829103947 0
      vertex -0.22993676364421844 -5.295009829103947 0
    endloop
  endfacet
  facet normal 0 0 -1
    outer loop
      vertex -0.45484262704849243 -5.02257527410984 0
      vertex -0.6409141942858696 -4.74315121024847 0
      vertex 0.45484262704849243 -5.02257527410984 0
    endloop
  endfacet
  facet normal 0 0 -1
    outer loop
      vertex -0.786924198269844 -4.460502326488495 0
      vertex 0.6409141942858696 -4.74315121024847 0
      vertex -0.6409141942858696 -4.74315121024847 0
    endloop
  endfacet
  facet normal -0.7711684826017221 -0.6366311109596808 0
    outer loop
      vertex -0.45484262704849243 -5.02257527410984 0
      vertex -0.22993676364421844 -5.295009829103947 0
      vertex -0.45484262704849243 -5.02257527410984 4.700000000000003
    endloop
  endfacet
  facet normal -0.8323404621609912 -0.5542646976396998 0
    outer loop
      vertex -0.45484262704849243 -5.02257527410984 0
      vertex -0.6409141942858696 -4.74315121024847 4.700000000000003
      vertex -0.6409141942858696 -4.74315121024847 0
    endloop
  endfacet
  facet normal 0 -1 0
    outer loop
      vertex -0.22993676364421844 -5.295009829103947 0
      vertex 0.22993676364421844 -5.295009829103947 0
      vertex -0.22993676364421844 -5.295009829103947 4.700000000000003
    endloop
  endfacet
  facet normal 0 0 -1
    outer loop
      vertex -0.786924198269844 -4.460502326488495 0
      vertex -0.8910301327705383 -4.178568921983242 0
      vertex 0.786924198269844 -4.460502326488495 0
    endloop
  endfacet
  facet normal 0 0 -1
    outer loop
      vertex -0.8910301327705383 -4.178568921983242 0
      vertex -0.9494626596570015 -3.901781886816025 0
      vertex 0.8910301327705383 -4.178568921983242 0
    endloop
  endfacet
  facet normal -0.8884582751305259 -0.45895739818864534 0
    outer loop
      vertex -0.6409141942858696 -4.74315121024847 0
      vertex -0.6409141942858696 -4.74315121024847 4.700000000000003
      vertex -0.786924198269844 -4.460502326488495 4.700000000000003
    endloop
  endfacet
  facet normal -0.9380884228267525 -0.3463958876176446 0
    outer loop
      vertex -0.786924198269844 -4.460502326488495 0
      vertex -0.786924198269844 -4.460502326488495 4.700000000000003
      vertex -0.8910301327705383 -4.178568921983242 4.700000000000003
    endloop
  endfacet
  facet normal -0.978434492566084 -0.2065573619045079 0
    outer loop
      vertex -0.8910301327705383 -4.178568921983242 0
      vertex -0.8910301327705383 -4.178568921983242 4.700000000000003
      vertex -0.9494626596570015 -3.901781886816025 4.700000000000003
    endloop
  endfacet
  facet normal -0.8323404621609912 -0.5542646976396998 0
    outer loop
      vertex -0.45484262704849243 -5.02257527410984 0
      vertex -0.45484262704849243 -5.02257527410984 4.700000000000003
      vertex -0.6409141942858696 -4.74315121024847 4.700000000000003
    endloop
  endfacet
  facet normal -0.7711684826017221 -0.6366311109596808 0
    outer loop
      vertex -0.22993676364421844 -5.295009829103947 0
      vertex -0.22993676364421844 -5.295009829103947 4.700000000000003
      vertex -0.45484262704849243 -5.02257527410984 4.700000000000003
    endloop
  endfacet
  facet normal -0.9999905753252366 0.004341573528391143 0
    outer loop
      vertex -0.9494626596570015 -3.901781886816025 0
      vertex -0.9483138471841812 -3.6371769830584526 4.700000000000003
      vertex -0.9483138471841812 -3.6371769830584526 0
    endloop
  endfacet
  facet normal -0.9676507225250378 0.25229363685351247 0
    outer loop
      vertex -0.9483138471841812 -3.6371769830584526 0
      vertex -0.8325689733028412 -3.1932473927736282 4.700000000000003
      vertex -0.8325689733028412 -3.1932473927736282 0
    endloop
  endfacet
  facet normal 0 0 -1
    outer loop
      vertex -0.9494626596570015 -3.901781886816025 0
      vertex -0.9483138471841812 -3.6371769830584526 0
      vertex 0.9494626596570015 -3.901781886816025 0
    endloop
  endfacet
  facet normal 0 0 -1
    outer loop
      vertex -0.9483138471841812 -3.6371769830584526 0
      vertex -0.8325689733028412 -3.1932473927736282 0
      vertex 0.9483138471841812 -3.6371769830584526 0
    endloop
  endfacet
  facet normal 0 0 -1
    outer loop
      vertex -0.8325689733028412 -3.1932473927736282 0
      vertex -0.14032074582372964 -1.6038734639277101 0
      vertex 0.8325689733028412 -3.1932473927736282 0
    endloop
  endfacet
  facet normal -0.9999905753252366 0.004341573528391143 0
    outer loop
      vertex -0.9494626596570015 -3.901781886816025 0
      vertex -0.9494626596570015 -3.901781886816025 4.700000000000003
      vertex -0.9483138471841812 -3.6371769830584526 4.700000000000003
    endloop
  endfacet
  facet normal -0.9676507225250378 0.25229363685351247 0
    outer loop
      vertex -0.9483138471841812 -3.6371769830584526 0
      vertex -0.9483138471841812 -3.6371769830584526 4.700000000000003
      vertex -0.8325689733028412 -3.1932473927736282 4.700000000000003
    endloop
  endfacet
  facet normal -0.38268343551019474 -0.9238795312085417 0
    outer loop
      vertex -0.8325689733028412 -3.1932473927736282 0
      vertex -0.8325689733028412 -3.1932473927736282 4.700000000000003
      vertex -1.6692517176270485 -2.8466820493340492 4.700000000000003
    endloop
  endfacet
  facet normal 0 0 1
    outer loop
      vertex -3.4303479120135307 -2.087604947388172 4.700000000000003
      vertex -2.324640966951847 -3.5847478732466698 4.700000000000003
      vertex -2.087604947388172 -3.4303479120135307 4.700000000000003
    endloop
  endfacet
  facet normal 0 0 1
    outer loop
      vertex -3.242431655526161 -1.9013133570551872 4.700000000000003
      vertex -2.087604947388172 -3.4303479120135307 4.700000000000003
      vertex -1.9013133570551872 -3.242431655526161 4.700000000000003
    endloop
  endfacet
  facet normal 0 0 1
    outer loop
      vertex -1.6692517176270485 -2.8466820493340492 4.700000000000003
      vertex -1.5499999999999998 -2.6846787517317594 4.700000000000003
      vertex -1.7780869526882426 -2.5393713372958744 4.700000000000003
    endloop
  endfacet
  facet normal 0 0 1
    outer loop
      vertex -1.6692517176270485 -2.8466820493340492 4.700000000000003
      vertex -1.3101166113961682 -2.8095541398136143 4.700000000000003
      vertex -1.5499999999999998 -2.6846787517317594 4.700000000000003
    endloop
  endfacet
  facet normal 0 0 1
    outer loop
      vertex -0.45484262704849243 -5.02257527410984 4.700000000000003
      vertex -0.22993676364421844 -5.295009829103947 4.700000000000003
      vertex 0.22993676364421844 -5.295009829103947 4.700000000000003
    endloop
  endfacet
  facet normal 0 0 1
    outer loop
      vertex -0.45484262704849243 -5.02257527410984 4.700000000000003
      vertex 0.45484262704849243 -5.02257527410984 4.700000000000003
      vertex -0.6409141942858696 -4.74315121024847 4.700000000000003
    endloop
  endfacet
  facet normal 0 0 1
    outer loop
      vertex -0.786924198269844 -4.460502326488495 4.700000000000003
      vertex -0.6409141942858696 -4.74315121024847 4.700000000000003
      vertex 0.6409141942858696 -4.74315121024847 4.700000000000003
    endloop
  endfacet
  facet normal 0 0 1
    outer loop
      vertex -0.786924198269844 -4.460502326488495 4.700000000000003
      vertex 0.786924198269844 -4.460502326488495 4.700000000000003
      vertex -0.8910301327705383 -4.178568921983242 4.700000000000003
    endloop
  endfacet
  facet normal 0 0 1
    outer loop
      vertex -0.8910301327705383 -4.178568921983242 4.700000000000003
      vertex 0.8910301327705383 -4.178568921983242 4.700000000000003
      vertex -0.9494626596570015 -3.901781886816025 4.700000000000003
    endloop
  endfacet
  facet normal 0 0 1
    outer loop
      vertex -1.6692517176270485 -2.8466820493340492 4.700000000000003
      vertex -0.8325689733028412 -3.1932473927736282 4.700000000000003
      vertex -1.3101166113961682 -2.8095541398136143 4.700000000000003
    endloop
  endfacet
  facet normal 0 0 1
    outer loop
      vertex -1.3101166113961682 -2.8095541398136143 4.700000000000003
      vertex -0.8325689733028412 -3.1932473927736282 4.700000000000003
      vertex -1.060262444309573 -2.9130471244363156 4.700000000000003
    endloop
  endfacet
  facet normal 0 0 1
    outer loop
      vertex -1.060262444309573 -2.9130471244363156 4.700000000000003
      vertex -0.8325689733028412 -3.1932473927736282 4.700000000000003
      vertex -0.8023390398178142 -2.9943700614961113 4.700000000000003
    endloop
  endfacet
  facet normal 0 0 1
    outer loop
      vertex -0.8325689733028412 -3.1932473927736282 4.700000000000003
      vertex -0.538309350767484 -3.0529040343378444 4.700000000000003
      vertex -0.8023390398178142 -2.9943700614961113 4.700000000000003
    endloop
  endfacet
  facet normal 0 0 1
    outer loop
      vertex -0.9494626596570015 -3.901781886816025 4.700000000000003
      vertex 0.9494626596570015 -3.901781886816025 4.700000000000003
      vertex -0.9483138471841812 -3.6371769830584526 4.700000000000003
    endloop
  endfacet
  facet normal 0 0 1
    outer loop
      vertex -0.9483138471841812 -3.6371769830584526 4.700000000000003
      vertex 0.9483138471841812 -3.6371769830584526 4.700000000000003
      vertex -0.8325689733028412 -3.1932473927736282 4.700000000000003
    endloop
  endfacet
  facet normal 0 0 1
    outer loop
      vertex -0.8325689733028412 -3.1932473927736282 4.700000000000003
      vertex -0.2701828025177403 -3.0882035640844108 4.700000000000003
      vertex -0.538309350767484 -3.0529040343378444 4.700000000000003
    endloop
  endfacet
  facet normal 0 0 1
    outer loop
      vertex -0.8325689733028412 -3.1932473927736282 4.700000000000003
      vertex 0 -3.0999999999999996 4.700000000000003
      vertex -0.2701828025177403 -3.0882035640844108 4.700000000000003
    endloop
  endfacet
  facet normal 0 0 -1
    outer loop
      vertex -2.8466820493340492 -1.6692517176270485 0
      vertex -1.6692517176270485 -2.8466820493340492 0
      vertex -1.9013133570551872 -3.242431655526161 0
    endloop
  endfacet
  facet normal 0 0 -1
    outer loop
      vertex -1.6692517176270485 -2.8466820493340492 0
      vertex -1.2333315534215545 -1.034888051595328 0
      vertex -1.1384419177103415 -1.1384419177103415 0
    endloop
  endfacet
  facet normal 0 0 -1
    outer loop
      vertex -1.6692517176270485 -2.8466820493340492 0
      vertex -1.4591555371290064 -0.6804154014025261 0
      vertex -1.394300900092946 -0.8049999999999999 0
    endloop
  endfacet
  facet normal 0 0 -1
    outer loop
      vertex -1.6692517176270485 -2.8466820493340492 0
      vertex -1.5129051194653125 -0.5506524307543266 0
      vertex -1.4591555371290064 -0.6804154014025261 0
    endloop
  endfacet
  facet normal 0 0 -1
    outer loop
      vertex -1.6692517176270485 -2.8466820493340492 0
      vertex -1.3188347913052767 -0.923458062525184 0
      vertex -1.2333315534215545 -1.034888051595328 0
    endloop
  endfacet
  facet normal 0 0 -1
    outer loop
      vertex -1.6692517176270485 -2.8466820493340492 0
      vertex -1.394300900092946 -0.8049999999999999 0
      vertex -1.3188347913052767 -0.923458062525184 0
    endloop
  endfacet
  facet normal 0 0 -1
    outer loop
      vertex -2.8466820493340492 -1.6692517176270485 0
      vertex -1.6692517176270485 2.8466820493340492 0
      vertex -1.6692517176270485 -2.8466820493340492 0
    endloop
  endfacet
  facet normal 0 0 -1
    outer loop
      vertex -1.6692517176270485 -2.8466820493340492 0
      vertex -1.5551405803254 -0.41669866261505834 0
      vertex -1.5129051194653125 -0.5506524307543266 0
    endloop
  endfacet
  facet normal 0 0 -1
    outer loop
      vertex -1.6692517176270485 -2.8466820493340492 0
      vertex -1.5855404823496548 -0.2795735660437578 0
      vertex -1.5551405803254 -0.41669866261505834 0
    endloop
  endfacet
  facet normal 0 0 -1
    outer loop
      vertex -1.6692517176270485 -2.8466820493340492 0
      vertex -1.6038734639277101 -0.14032074582372964 0
      vertex -1.5855404823496548 -0.2795735660437578 0
    endloop
  endfacet
  facet normal 0 0 -1
    outer loop
      vertex -1.6692517176270485 -2.8466820493340492 0
      vertex -1.6099999999999999 0 0
      vertex -1.6038734639277101 -0.14032074582372964 0
    endloop
  endfacet
  facet normal 0 0 -1
    outer loop
      vertex -1.6692517176270485 -2.8466820493340492 0
      vertex -0.6804154014025261 -1.4591555371290064 0
      vertex -0.8325689733028412 -3.1932473927736282 0
    endloop
  endfacet
  facet normal 0 0 -1
    outer loop
      vertex -0.8325689733028412 -3.1932473927736282 0
      vertex -0.6804154014025261 -1.4591555371290064 0
      vertex -0.5506524307543266 -1.5129051194653125 0
    endloop
  endfacet
  facet normal 0 0 -1
    outer loop
      vertex -1.6692517176270485 -2.8466820493340492 0
      vertex -1.1384419177103415 -1.1384419177103415 0
      vertex -1.034888051595328 -1.2333315534215545 0
    endloop
  endfacet
  facet normal 0 0 -1
    outer loop
      vertex -1.6692517176270485 -2.8466820493340492 0
      vertex -1.034888051595328 -1.2333315534215545 0
      vertex -0.923458062525184 -1.3188347913052767 0
    endloop
  endfacet
  facet normal 0 0 -1
    outer loop
      vertex -1.6692517176270485 -2.8466820493340492 0
      vertex -0.923458062525184 -1.3188347913052767 0
      vertex -0.8049999999999999 -1.394300900092946 0
    endloop
  endfacet
  facet normal 0 0 -1
    outer loop
      vertex -1.6692517176270485 -2.8466820493340492 0
      vertex -0.8049999999999999 -1.394300900092946 0
      vertex -0.6804154014025261 -1.4591555371290064 0
    endloop
  endfacet
  facet normal 0 0 -1
    outer loop
      vertex -0.8325689733028412 -3.1932473927736282 0
      vertex -0.5506524307543266 -1.5129051194653125 0
      vertex -0.41669866261505834 -1.5551405803254 0
    endloop
  endfacet
  facet normal 0 0 -1
    outer loop
      vertex -0.8325689733028412 -3.1932473927736282 0
      vertex -0.41669866261505834 -1.5551405803254 0
      vertex -0.2795735660437578 -1.5855404823496548 0
    endloop
  endfacet
  facet normal 0 0 -1
    outer loop
      vertex -0.8325689733028412 -3.1932473927736282 0
      vertex -0.2795735660437578 -1.5855404823496548 0
      vertex -0.14032074582372964 -1.6038734639277101 0
    endloop
  endfacet
  facet normal 0 0 1
    outer loop
      vertex -2.8466820493340492 -1.6692517176270485 4.700000000000003
      vertex -1.9013133570551872 -3.242431655526161 4.700000000000003
      vertex -1.6692517176270485 -2.8466820493340492 4.700000000000003
    endloop
  endfacet
  facet normal 0 0 1
    outer loop
      vertex -1.6692517176270485 -2.8466820493340492 4.700000000000003
      vertex -2.1920310216782974 -2.1920310216782974 4.700000000000003
      vertex -2.3747377736688318 -1.9926415900282715 4.700000000000003
    endloop
  endfacet
  facet normal 0 0 1
    outer loop
      vertex -2.8466820493340492 -1.6692517176270485 4.700000000000003
      vertex -1.6692517176270485 -2.8466820493340492 4.700000000000003
      vertex -2.3747377736688318 -1.9926415900282715 4.700000000000003
    endloop
  endfacet
  facet normal 0 0 1
    outer loop
      vertex -2.8466820493340492 -1.6692517176270485 4.700000000000003
      vertex -2.3747377736688318 -1.9926415900282715 4.700000000000003
      vertex -2.5393713372958744 -1.7780869526882426 4.700000000000003
    endloop
  endfacet
  facet normal 0 0 1
    outer loop
      vertex -1.6692517176270485 -2.8466820493340492 4.700000000000003
      vertex -1.9926415900282715 -2.3747377736688318 4.700000000000003
      vertex -2.1920310216782974 -2.1920310216782974 4.700000000000003
    endloop
  endfacet
  facet normal 0 0 1
    outer loop
      vertex -1.6692517176270485 -2.8466820493340492 4.700000000000003
      vertex -1.7780869526882426 -2.5393713372958744 4.700000000000003
      vertex -1.9926415900282715 -2.3747377736688318 4.700000000000003
    endloop
  endfacet
  facet normal 0 0 -1
    outer loop
      vertex -5.295009829103947 -0.22993676364421844 0
      vertex -5.295009829103947 0.22993676364421844 0
      vertex -5.02257527410984 0.45484262704849243 0
    endloop
  endfacet
  facet normal 0 0 -1
    outer loop
      vertex -5.02257527410984 -0.45484262704849243 0
      vertex -5.02257527410984 0.45484262704849243 0
      vertex -4.74315121024847 0.6409141942858696 0
    endloop
  endfacet
  facet normal 0 0 -1
    outer loop
      vertex -4.74315121024847 -0.6409141942858696 0
      vertex -4.74315121024847 0.6409141942858696 0
      vertex -4.460502326488495 0.786924198269844 0
    endloop
  endfacet
  facet normal -1 0 0
    outer loop
      vertex -5.295009829103947 -0.22993676364421844 0
      vertex -5.295009829103947 0.22993676364421844 4.700000000000003
      vertex -5.295009829103947 0.22993676364421844 0
    endloop
  endfacet
  facet normal -0.6366311109596808 0.7711684826017221 0
    outer loop
      vertex -5.295009829103947 0.22993676364421844 0
      vertex -5.02257527410984 0.45484262704849243 4.700000000000003
      vertex -5.02257527410984 0.45484262704849243 0
    endloop
  endfacet
  facet normal -0.5542646976396998 0.8323404621609912 0
    outer loop
      vertex -5.02257527410984 0.45484262704849243 0
      vertex -4.74315121024847 0.6409141942858696 4.700000000000003
      vertex -4.74315121024847 0.6409141942858696 0
    endloop
  endfacet
  facet normal 0 0 -1
    outer loop
      vertex -4.460502326488495 -0.786924198269844 0
      vertex -4.460502326488495 0.786924198269844 0
      vertex -4.178568921983242 0.8910301327705383 0
    endloop
  endfacet
  facet normal 0 0 -1
    outer loop
      vertex -4.178568921983242 -0.8910301327705383 0
      vertex -4.178568921983242 0.8910301327705383 0
      vertex -3.901781886816025 0.9494626596570015 0
    endloop
  endfacet
  facet normal -0.45895739818864534 0.8884582751305259 0
    outer loop
      vertex -4.74315121024847 0.6409141942858696 0
      vertex -4.460502326488495 0.786924198269844 4.700000000000003
      vertex -4.460502326488495 0.786924198269844 0
    endloop
  endfacet
  facet normal -0.3463958876176446 0.9380884228267525 0
    outer loop
      vertex -4.460502326488495 0.786924198269844 0
      vertex -4.178568921983242 0.8910301327705383 4.700000000000003
      vertex -4.178568921983242 0.8910301327705383 0
    endloop
  endfacet
  facet normal -0.2065573619045079 0.978434492566084 0
    outer loop
      vertex -4.178568921983242 0.8910301327705383 0
      vertex -3.901781886816025 0.9494626596570015 4.700000000000003
      vertex -3.901781886816025 0.9494626596570015 0
    endloop
  endfacet
  facet normal -0.6366311109596808 0.7711684826017221 0
    outer loop
      vertex -5.295009829103947 0.22993676364421844 0
      vertex -5.295009829103947 0.22993676364421844 4.700000000000003
      vertex -5.02257527410984 0.45484262704849243 4.700000000000003
    endloop
  endfacet
  facet normal -0.5542646976396998 0.8323404621609912 0
    outer loop
      vertex -5.02257527410984 0.45484262704849243 0
      vertex -5.02257527410984 0.45484262704849243 4.700000000000003
      vertex -4.74315121024847 0.6409141942858696 4.700000000000003
    endloop
  endfacet
  facet normal -0.45895739818864534 0.8884582751305259 0
    outer loop
      vertex -4.74315121024847 0.6409141942858696 0
      vertex -4.74315121024847 0.6409141942858696 4.700000000000003
      vertex -4.460502326488495 0.786924198269844 4.700000000000003
    endloop
  endfacet
  facet normal -0.3463958876176446 0.9380884228267525 0
    outer loop
      vertex -4.460502326488495 0.786924198269844 0
      vertex -4.460502326488495 0.786924198269844 4.700000000000003
      vertex -4.178568921983242 0.8910301327705383 4.700000000000003
    endloop
  endfacet
  facet normal -0.2065573619045079 0.978434492566084 0
    outer loop
      vertex -4.178568921983242 0.8910301327705383 0
      vertex -4.178568921983242 0.8910301327705383 4.700000000000003
      vertex -3.901781886816025 0.9494626596570015 4.700000000000003
    endloop
  endfacet
  facet normal 0 0 -1
    outer loop
      vertex -3.901781886816025 -0.9494626596570015 0
      vertex -3.901781886816025 0.9494626596570015 0
      vertex -3.6371769830584526 0.9483138471841812 0
    endloop
  endfacet
  facet normal 0 0 -1
    outer loop
      vertex -3.6371769830584526 -0.9483138471841812 0
      vertex -3.6371769830584526 0.9483138471841812 0
      vertex -3.1932473927736282 0.8325689733028412 0
    endloop
  endfacet
  facet normal 0.004341573528391143 0.9999905753252366 0
    outer loop
      vertex -3.901781886816025 0.9494626596570015 0
      vertex -3.6371769830584526 0.9483138471841812 4.700000000000003
      vertex -3.6371769830584526 0.9483138471841812 0
    endloop
  endfacet
  facet normal 0.25229363685351247 0.9676507225250378 0
    outer loop
      vertex -3.6371769830584526 0.9483138471841812 0
      vertex -3.1932473927736282 0.8325689733028412 4.700000000000003
      vertex -3.1932473927736282 0.8325689733028412 0
    endloop
  endfacet
  facet normal 0 0 -1
    outer loop
      vertex -3.1932473927736282 -0.8325689733028412 0
      vertex -3.1932473927736282 0.8325689733028412 0
      vertex -2.8466820493340492 1.6692517176270485 0
    endloop
  endfacet
  facet normal 0.004341573528391143 0.9999905753252366 0
    outer loop
      vertex -3.901781886816025 0.9494626596570015 0
      vertex -3.901781886816025 0.9494626596570015 4.700000000000003
      vertex -3.6371769830584526 0.9483138471841812 4.700000000000003
    endloop
  endfacet
  facet normal 0.25229363685351247 0.9676507225250378 0
    outer loop
      vertex -3.6371769830584526 0.9483138471841812 0
      vertex -3.6371769830584526 0.9483138471841812 4.700000000000003
      vertex -3.1932473927736282 0.8325689733028412 4.700000000000003
    endloop
  endfacet
  facet normal -0.9238795312085417 0.38268343551019474 0
    outer loop
      vertex -3.1932473927736282 0.8325689733028412 0
      vertex -3.1932473927736282 0.8325689733028412 4.700000000000003
      vertex -2.8466820493340492 1.6692517176270485 4.700000000000003
    endloop
  endfacet
  facet normal -0.9082675807655537 -0.41838977249723536 0
    outer loop
      vertex -3.7104908749461174 2.5976120084524155 0
      vertex -3.5847478732466698 2.324640966951847 0
      vertex -3.7104908749461174 2.5976120084524155 4.700000000000003
    endloop
  endfacet
  facet normal -0.8379157571913802 -0.5457995821273556 0
    outer loop
      vertex -3.4303479120135307 2.087604947388172 0
      vertex -3.5847478732466698 2.324640966951847 4.700000000000003
      vertex -3.5847478732466698 2.324640966951847 0
    endloop
  endfacet
  facet normal -0.7040301609270091 -0.7101700729438616 0
    outer loop
      vertex -3.4303479120135307 2.087604947388172 0
      vertex -3.242431655526161 1.9013133570551872 0
      vertex -3.4303479120135307 2.087604947388172 4.700000000000003
    endloop
  endfacet
  facet normal -0.505833850379525 -0.8626309267642939 0
    outer loop
      vertex -3.242431655526161 1.9013133570551872 0
      vertex -2.8466820493340492 1.6692517176270485 0
      vertex -3.242431655526161 1.9013133570551872 4.700000000000003
    endloop
  endfacet
  facet normal -0.9238795312085417 0.38268343551019474 0
    outer loop
      vertex -3.1932473927736282 0.8325689733028412 0
      vertex -2.8466820493340492 1.6692517176270485 4.700000000000003
      vertex -2.8466820493340492 1.6692517176270485 0
    endloop
  endfacet
  facet normal 0 0 -1
    outer loop
      vertex -3.4303479120135307 2.087604947388172 0
      vertex -3.5847478732466698 2.324640966951847 0
      vertex -2.087604947388172 3.4303479120135307 0
    endloop
  endfacet
  facet normal 0 0 -1
    outer loop
      vertex -3.4303479120135307 2.087604947388172 0
      vertex -1.9013133570551872 3.242431655526161 0
      vertex -3.242431655526161 1.9013133570551872 0
    endloop
  endfacet
  facet normal -0.8379157571913802 -0.5457995821273556 0
    outer loop
      vertex -3.4303479120135307 2.087604947388172 0
      vertex -3.4303479120135307 2.087604947388172 4.700000000000003
      vertex -3.5847478732466698 2.324640966951847 4.700000000000003
    endloop
  endfacet
  facet normal -0.9082675807655537 -0.41838977249723536 0
    outer loop
      vertex -3.5847478732466698 2.324640966951847 0
      vertex -3.5847478732466698 2.324640966951847 4.700000000000003
      vertex -3.7104908749461174 2.5976120084524155 4.700000000000003
    endloop
  endfacet
  facet normal -0.7040301609270091 -0.7101700729438616 0
    outer loop
      vertex -3.242431655526161 1.9013133570551872 0
      vertex -3.242431655526161 1.9013133570551872 4.700000000000003
      vertex -3.4303479120135307 2.087604947388172 4.700000000000003
    endloop
  endfacet
  facet normal -0.505833850379525 -0.8626309267642939 0
    outer loop
      vertex -2.8466820493340492 1.6692517176270485 0
      vertex -2.8466820493340492 1.6692517176270485 4.700000000000003
      vertex -3.242431655526161 1.9013133570551872 4.700000000000003
    endloop
  endfacet
  facet normal 0 0 1
    outer loop
      vertex -5.295009829103947 -0.22993676364421844 4.700000000000003
      vertex -5.02257527410984 0.45484262704849243 4.700000000000003
      vertex -5.295009829103947 0.22993676364421844 4.700000000000003
    endloop
  endfacet
  facet normal 0 0 1
    outer loop
      vertex -5.02257527410984 -0.45484262704849243 4.700000000000003
      vertex -4.74315121024847 0.6409141942858696 4.700000000000003
      vertex -5.02257527410984 0.45484262704849243 4.700000000000003
    endloop
  endfacet
  facet normal 0 0 1
    outer loop
      vertex -4.74315121024847 -0.6409141942858696 4.700000000000003
      vertex -4.460502326488495 0.786924198269844 4.700000000000003
      vertex -4.74315121024847 0.6409141942858696 4.700000000000003
    endloop
  endfacet
  facet normal 0 0 1
    outer loop
      vertex -4.460502326488495 -0.786924198269844 4.700000000000003
      vertex -4.178568921983242 0.8910301327705383 4.700000000000003
      vertex -4.460502326488495 0.786924198269844 4.700000000000003
    endloop
  endfacet
  facet normal 0 0 1
    outer loop
      vertex -4.178568921983242 -0.8910301327705383 4.700000000000003
      vertex -3.901781886816025 0.9494626596570015 4.700000000000003
      vertex -4.178568921983242 0.8910301327705383 4.700000000000003
    endloop
  endfacet
  facet normal 0 0 1
    outer loop
      vertex -3.901781886816025 -0.9494626596570015 4.700000000000003
      vertex -3.6371769830584526 0.9483138471841812 4.700000000000003
      vertex -3.901781886816025 0.9494626596570015 4.700000000000003
    endloop
  endfacet
  facet normal 0 0 1
    outer loop
      vertex -3.6371769830584526 -0.9483138471841812 4.700000000000003
      vertex -3.1932473927736282 0.8325689733028412 4.700000000000003
      vertex -3.6371769830584526 0.9483138471841812 4.700000000000003
    endloop
  endfacet
  facet normal 0 0 1
    outer loop
      vertex -3.1932473927736282 -0.8325689733028412 4.700000000000003
      vertex -3.0882035640844108 0.2701828025177403 4.700000000000003
      vertex -3.1932473927736282 0.8325689733028412 4.700000000000003
    endloop
  endfacet
  facet normal 0 0 1
    outer loop
      vertex -3.0882035640844108 0.2701828025177403 4.700000000000003
      vertex -3.0529040343378444 0.538309350767484 4.700000000000003
      vertex -3.1932473927736282 0.8325689733028412 4.700000000000003
    endloop
  endfacet
  facet normal 0 0 1
    outer loop
      vertex -3.0529040343378444 0.538309350767484 4.700000000000003
      vertex -2.9943700614961113 0.8023390398178142 4.700000000000003
      vertex -3.1932473927736282 0.8325689733028412 4.700000000000003
    endloop
  endfacet
  facet normal 0 0 1
    outer loop
      vertex -3.1932473927736282 0.8325689733028412 4.700000000000003
      vertex -2.9943700614961113 0.8023390398178142 4.700000000000003
      vertex -2.9130471244363156 1.060262444309573 4.700000000000003
    endloop
  endfacet
  facet normal 0 0 1
    outer loop
      vertex -3.1932473927736282 0.8325689733028412 4.700000000000003
      vertex -2.9130471244363156 1.060262444309573 4.700000000000003
      vertex -2.8466820493340492 1.6692517176270485 4.700000000000003
    endloop
  endfacet
  facet normal 0 0 1
    outer loop
      vertex -2.9130471244363156 1.060262444309573 4.700000000000003
      vertex -2.8095541398136143 1.3101166113961682 4.700000000000003
      vertex -2.8466820493340492 1.6692517176270485 4.700000000000003
    endloop
  endfacet
  facet normal 0 0 1
    outer loop
      vertex -2.8095541398136143 1.3101166113961682 4.700000000000003
      vertex -2.6846787517317594 1.5499999999999998 4.700000000000003
      vertex -2.8466820493340492 1.6692517176270485 4.700000000000003
    endloop
  endfacet
  facet normal 0 0 1
    outer loop
      vertex -2.6846787517317594 1.5499999999999998 4.700000000000003
      vertex -2.5393713372958744 1.7780869526882426 4.700000000000003
      vertex -2.8466820493340492 1.6692517176270485 4.700000000000003
    endloop
  endfacet
  facet normal 0 0 1
    outer loop
      vertex -3.4303479120135307 2.087604947388172 4.700000000000003
      vertex -2.087604947388172 3.4303479120135307 4.700000000000003
      vertex -3.5847478732466698 2.324640966951847 4.700000000000003
    endloop
  endfacet
  facet normal 0 0 1
    outer loop
      vertex -3.4303479120135307 2.087604947388172 4.700000000000003
      vertex -3.242431655526161 1.9013133570551872 4.700000000000003
      vertex -1.9013133570551872 3.242431655526161 4.700000000000003
    endloop
  endfacet
  facet normal 0 0 -1
    outer loop
      vertex -3.7104908749461174 2.5976120084524155 0
      vertex -3.8071091547608376 2.9007196128368378 0
      vertex -2.5976120084524155 3.7104908749461174 0
    endloop
  endfacet
  facet normal -0.9527667578850161 -0.30370298824554737 0
    outer loop
      vertex -3.7104908749461174 2.5976120084524155 0
      vertex -3.8071091547608376 2.9007196128368378 4.700000000000003
      vertex -3.8071091547608376 2.9007196128368378 0
    endloop
  endfacet
  facet normal -0.9804779106339382 -0.19662926221421692 0
    outer loop
      vertex -3.8071091547608376 2.9007196128368378 0
      vertex -3.8731193393468857 3.2298747301101685 4.700000000000003
      vertex -3.8731193393468857 3.2298747301101685 0
    endloop
  endfacet
  facet normal 0 0 -1
    outer loop
      vertex -3.8731193393468857 3.2298747301101685 0
      vertex -3.9067272022366524 3.581547513604164 0
      vertex -3.2298747301101685 3.8731193393468857 0
    endloop
  endfacet
  facet normal 0 0 -1
    outer loop
      vertex -3.8071091547608376 2.9007196128368378 0
      vertex -3.8731193393468857 3.2298747301101685 0
      vertex -2.9007196128368378 3.8071091547608376 0
    endloop
  endfacet
  facet normal 0 0 -1
    outer loop
      vertex -3.8731193393468857 3.2298747301101685 0
      vertex -3.2298747301101685 3.8731193393468857 0
      vertex -2.9007196128368378 3.8071091547608376 0
    endloop
  endfacet
  facet normal 0 0 -1
    outer loop
      vertex -3.9067272022366524 3.581547513604164 0
      vertex -3.581547513604164 3.9067272022366524 0
      vertex -3.2298747301101685 3.8731193393468857 0
    endloop
  endfacet
  facet normal -0.9954646384453822 -0.09513229527770604 0
    outer loop
      vertex -3.8731193393468857 3.2298747301101685 0
      vertex -3.9067272022366524 3.581547513604164 4.700000000000003
      vertex -3.9067272022366524 3.581547513604164 0
    endloop
  endfacet
  facet normal -0.7071067811865476 0.7071067811865476 0
    outer loop
      vertex -3.9067272022366524 3.581547513604164 0
      vertex -3.581547513604164 3.9067272022366524 4.700000000000003
      vertex -3.581547513604164 3.9067272022366524 0
    endloop
  endfacet
  facet normal 0.09513229527770604 0.9954646384453822 0
    outer loop
      vertex -3.581547513604164 3.9067272022366524 0
      vertex -3.2298747301101685 3.8731193393468857 4.700000000000003
      vertex -3.2298747301101685 3.8731193393468857 0
    endloop
  endfacet
  facet normal 0 0 -1
    outer loop
      vertex -3.7104908749461174 2.5976120084524155 0
      vertex -2.324640966951847 3.5847478732466698 0
      vertex -3.5847478732466698 2.324640966951847 0
    endloop
  endfacet
  facet normal 0 0 -1
    outer loop
      vertex -3.7104908749461174 2.5976120084524155 0
      vertex -2.5976120084524155 3.7104908749461174 0
      vertex -2.324640966951847 3.5847478732466698 0
    endloop
  endfacet
  facet normal 0 0 -1
    outer loop
      vertex -3.5847478732466698 2.324640966951847 0
      vertex -2.324640966951847 3.5847478732466698 0
      vertex -2.087604947388172 3.4303479120135307 0
    endloop
  endfacet
  facet normal 0 0 -1
    outer loop
      vertex -3.8071091547608376 2.9007196128368378 0
      vertex -2.9007196128368378 3.8071091547608376 0
      vertex -2.5976120084524155 3.7104908749461174 0
    endloop
  endfacet
  facet normal 0.19662926221421692 0.9804779106339382 0
    outer loop
      vertex -3.2298747301101685 3.8731193393468857 0
      vertex -2.9007196128368378 3.8071091547608376 4.700000000000003
      vertex -2.9007196128368378 3.8071091547608376 0
    endloop
  endfacet
  facet normal 0.30370298824554737 0.9527667578850161 0
    outer loop
      vertex -2.9007196128368378 3.8071091547608376 0
      vertex -2.5976120084524155 3.7104908749461174 4.700000000000003
      vertex -2.5976120084524155 3.7104908749461174 0
    endloop
  endfacet
  facet normal -0.9527667578850161 -0.30370298824554737 0
    outer loop
      vertex -3.7104908749461174 2.5976120084524155 0
      vertex -3.7104908749461174 2.5976120084524155 4.700000000000003
      vertex -3.8071091547608376 2.9007196128368378 4.700000000000003
    endloop
  endfacet
  facet normal -0.9804779106339382 -0.19662926221421692 0
    outer loop
      vertex -3.8071091547608376 2.9007196128368378 0
      vertex -3.8071091547608376 2.9007196128368378 4.700000000000003
      vertex -3.8731193393468857 3.2298747301101685 4.700000000000003
    endloop
  endfacet
  facet normal -0.9954646384453822 -0.09513229527770604 0
    outer loop
      vertex -3.8731193393468857 3.2298747301101685 0
      vertex -3.8731193393468857 3.2298747301101685 4.700000000000003
      vertex -3.9067272022366524 3.581547513604164 4.700000000000003
    endloop
  endfacet
  facet normal -0.7071067811865476 0.7071067811865476 0
    outer loop
      vertex -3.9067272022366524 3.581547513604164 0
      vertex -3.9067272022366524 3.581547513604164 4.700000000000003
      vertex -3.581547513604164 3.9067272022366524 4.700000000000003
    endloop
  endfacet
  facet normal 0.09513229527770604 0.9954646384453822 0
    outer loop
      vertex -3.581547513604164 3.9067272022366524 0
      vertex -3.581547513604164 3.9067272022366524 4.700000000000003
      vertex -3.2298747301101685 3.8731193393468857 4.700000000000003
    endloop
  endfacet
  facet normal 0.19662926221421692 0.9804779106339382 0
    outer loop
      vertex -3.2298747301101685 3.8731193393468857 0
      vertex -3.2298747301101685 3.8731193393468857 4.700000000000003
      vertex -2.9007196128368378 3.8071091547608376 4.700000000000003
    endloop
  endfacet
  facet normal 0.30370298824554737 0.9527667578850161 0
    outer loop
      vertex -2.9007196128368378 3.8071091547608376 0
      vertex -2.9007196128368378 3.8071091547608376 4.700000000000003
      vertex -2.5976120084524155 3.7104908749461174 4.700000000000003
    endloop
  endfacet
  facet normal 0 0 1
    outer loop
      vertex -3.7104908749461174 2.5976120084524155 4.700000000000003
      vertex -2.5976120084524155 3.7104908749461174 4.700000000000003
      vertex -3.8071091547608376 2.9007196128368378 4.700000000000003
    endloop
  endfacet
  facet normal 0 0 1
    outer loop
      vertex -3.8731193393468857 3.2298747301101685 4.700000000000003
      vertex -3.2298747301101685 3.8731193393468857 4.700000000000003
      vertex -3.9067272022366524 3.581547513604164 4.700000000000003
    endloop
  endfacet
  facet normal 0 0 1
    outer loop
      vertex -3.8071091547608376 2.9007196128368378 4.700000000000003
      vertex -2.9007196128368378 3.8071091547608376 4.700000000000003
      vertex -3.8731193393468857 3.2298747301101685 4.700000000000003
    endloop
  endfacet
  facet normal 0 0 1
    outer loop
      vertex -3.8731193393468857 3.2298747301101685 4.700000000000003
      vertex -2.9007196128368378 3.8071091547608376 4.700000000000003
      vertex -3.2298747301101685 3.8731193393468857 4.700000000000003
    endloop
  endfacet
  facet normal 0 0 1
    outer loop
      vertex -3.9067272022366524 3.581547513604164 4.700000000000003
      vertex -3.2298747301101685 3.8731193393468857 4.700000000000003
      vertex -3.581547513604164 3.9067272022366524 4.700000000000003
    endloop
  endfacet
  facet normal 0 0 1
    outer loop
      vertex -3.7104908749461174 2.5976120084524155 4.700000000000003
      vertex -3.5847478732466698 2.324640966951847 4.700000000000003
      vertex -2.324640966951847 3.5847478732466698 4.700000000000003
    endloop
  endfacet
  facet normal 0 0 1
    outer loop
      vertex -3.7104908749461174 2.5976120084524155 4.700000000000003
      vertex -2.324640966951847 3.5847478732466698 4.700000000000003
      vertex -2.5976120084524155 3.7104908749461174 4.700000000000003
    endloop
  endfacet
  facet normal 0 0 1
    outer loop
      vertex -3.5847478732466698 2.324640966951847 4.700000000000003
      vertex -2.087604947388172 3.4303479120135307 4.700000000000003
      vertex -2.324640966951847 3.5847478732466698 4.700000000000003
    endloop
  endfacet
  facet normal 0 0 1
    outer loop
      vertex -3.8071091547608376 2.9007196128368378 4.700000000000003
      vertex -2.5976120084524155 3.7104908749461174 4.700000000000003
      vertex -2.9007196128368378 3.8071091547608376 4.700000000000003
    endloop
  endfacet
  facet normal 0 0 -1
    outer loop
      vertex -2.8466820493340492 -1.6692517176270485 0
      vertex -2.8466820493340492 1.6692517176270485 0
      vertex -1.6692517176270485 2.8466820493340492 0
    endloop
  endfacet
  facet normal 0 0 -1
    outer loop
      vertex -1.6692517176270485 -2.8466820493340492 0
      vertex -1.6692517176270485 2.8466820493340492 0
      vertex -1.6099999999999999 0 0
    endloop
  endfacet
  facet normal 0 0 -1
    outer loop
      vertex -1.6692517176270485 2.8466820493340492 0
      vertex -1.6038734639277101 0.14032074582372964 0
      vertex -1.6099999999999999 0 0
    endloop
  endfacet
  facet normal 0 0 -1
    outer loop
      vertex -1.6692517176270485 2.8466820493340492 0
      vertex -1.5855404823496548 0.2795735660437578 0
      vertex -1.6038734639277101 0.14032074582372964 0
    endloop
  endfacet
  facet normal 0 0 -1
    outer loop
      vertex -1.6692517176270485 2.8466820493340492 0
      vertex -1.5551405803254 0.41669866261505834 0
      vertex -1.5855404823496548 0.2795735660437578 0
    endloop
  endfacet
  facet normal 0 0 -1
    outer loop
      vertex -1.6692517176270485 2.8466820493340492 0
      vertex -1.5129051194653125 0.5506524307543266 0
      vertex -1.5551405803254 0.41669866261505834 0
    endloop
  endfacet
  facet normal 0 0 -1
    outer loop
      vertex -3.242431655526161 1.9013133570551872 0
      vertex -1.6692517176270485 2.8466820493340492 0
      vertex -2.8466820493340492 1.6692517176270485 0
    endloop
  endfacet
  facet normal 0 0 -1
    outer loop
      vertex -1.6692517176270485 2.8466820493340492 0
      vertex -1.4591555371290064 0.6804154014025261 0
      vertex -1.5129051194653125 0.5506524307543266 0
    endloop
  endfacet
  facet normal 0 0 -1
    outer loop
      vertex -1.6692517176270485 2.8466820493340492 0
      vertex -1.394300900092946 0.8049999999999999 0
      vertex -1.4591555371290064 0.6804154014025261 0
    endloop
  endfacet
  facet normal 0 0 -1
    outer loop
      vertex -1.6692517176270485 2.8466820493340492 0
      vertex -1.3188347913052767 0.923458062525184 0
      vertex -1.394300900092946 0.8049999999999999 0
    endloop
  endfacet
  facet normal 0 0 -1
    outer loop
      vertex -1.6692517176270485 2.8466820493340492 0
      vertex -1.2333315534215545 1.034888051595328 0
      vertex -1.3188347913052767 0.923458062525184 0
    endloop
  endfacet
  facet normal 0 0 -1
    outer loop
      vertex -1.6692517176270485 2.8466820493340492 0
      vertex -1.1384419177103415 1.1384419177103415 0
      vertex -1.2333315534215545 1.034888051595328 0
    endloop
  endfacet
  facet normal 0 0 -1
    outer loop
      vertex -0.8325689733028412 3.1932473927736282 0
      vertex -1.034888051595328 1.2333315534215545 0
      vertex -1.1384419177103415 1.1384419177103415 0
    endloop
  endfacet
  facet normal 0 0 -1
    outer loop
      vertex -0.8325689733028412 3.1932473927736282 0
      vertex -0.923458062525184 1.3188347913052767 0
      vertex -1.034888051595328 1.2333315534215545 0
    endloop
  endfacet
  facet normal 0 0 -1
    outer loop
      vertex -0.8325689733028412 3.1932473927736282 0
      vertex -0.8049999999999999 1.394300900092946 0
      vertex -0.923458062525184 1.3188347913052767 0
    endloop
  endfacet
  facet normal 0 0 -1
    outer loop
      vertex -1.6692517176270485 2.8466820493340492 0
      vertex -0.8325689733028412 3.1932473927736282 0
      vertex -1.1384419177103415 1.1384419177103415 0
    endloop
  endfacet
  facet normal 0 0 -1
    outer loop
      vertex -0.8325689733028412 3.1932473927736282 0
      vertex -0.6804154014025261 1.4591555371290064 0
      vertex -0.8049999999999999 1.394300900092946 0
    endloop
  endfacet
  facet normal 0 0 -1
    outer loop
      vertex -0.8325689733028412 3.1932473927736282 0
      vertex -0.5506524307543266 1.5129051194653125 0
      vertex -0.6804154014025261 1.4591555371290064 0
    endloop
  endfacet
  facet normal 0 0 -1
    outer loop
      vertex -0.8325689733028412 3.1932473927736282 0
      vertex -0.41669866261505834 1.5551405803254 0
      vertex -0.5506524307543266 1.5129051194653125 0
    endloop
  endfacet
  facet normal 0 0 -1
    outer loop
      vertex -0.8325689733028412 3.1932473927736282 0
      vertex -0.2795735660437578 1.5855404823496548 0
      vertex -0.41669866261505834 1.5551405803254 0
    endloop
  endfacet
  facet normal 0 0 -1
    outer loop
      vertex -0.8325689733028412 3.1932473927736282 0
      vertex -0.14032074582372964 1.6038734639277101 0
      vertex -0.2795735660437578 1.5855404823496548 0
    endloop
  endfacet
  facet normal 0 0 -1
    outer loop
      vertex -0.8325689733028412 3.1932473927736282 0
      vertex 0 1.6099999999999999 0
      vertex -0.14032074582372964 1.6038734639277101 0
    endloop
  endfacet
  facet normal 0 0 -1
    outer loop
      vertex -0.8325689733028412 3.1932473927736282 0
      vertex 0.14032074582372964 1.6038734639277101 0
      vertex 0 1.6099999999999999 0
    endloop
  endfacet
  facet normal 0 0 1
    outer loop
      vertex -2.8466820493340492 1.6692517176270485 4.700000000000003
      vertex -2.5393713372958744 1.7780869526882426 4.700000000000003
      vertex -2.3747377736688318 1.9926415900282715 4.700000000000003
    endloop
  endfacet
  facet normal 0 0 1
    outer loop
      vertex -2.8466820493340492 1.6692517176270485 4.700000000000003
      vertex -2.3747377736688318 1.9926415900282715 4.700000000000003
      vertex -2.1920310216782974 2.1920310216782974 4.700000000000003
    endloop
  endfacet
  facet normal 0 0 1
    outer loop
      vertex -3.242431655526161 1.9013133570551872 4.700000000000003
      vertex -2.8466820493340492 1.6692517176270485 4.700000000000003
      vertex -1.6692517176270485 2.8466820493340492 4.700000000000003
    endloop
  endfacet
  facet normal 0 0 1
    outer loop
      vertex -2.8466820493340492 1.6692517176270485 4.700000000000003
      vertex -2.1920310216782974 2.1920310216782974 4.700000000000003
      vertex -1.6692517176270485 2.8466820493340492 4.700000000000003
    endloop
  endfacet
  facet normal 0 0 1
    outer loop
      vertex -2.1920310216782974 2.1920310216782974 4.700000000000003
      vertex -1.9926415900282715 2.3747377736688318 4.700000000000003
      vertex -1.6692517176270485 2.8466820493340492 4.700000000000003
    endloop
  endfacet
  facet normal 0 0 1
    outer loop
      vertex -1.9926415900282715 2.3747377736688318 4.700000000000003
      vertex -1.7780869526882426 2.5393713372958744 4.700000000000003
      vertex -1.6692517176270485 2.8466820493340492 4.700000000000003
    endloop
  endfacet
  facet normal 0 0 -1
    outer loop
      vertex -3.4303479120135307 2.087604947388172 0
      vertex -2.087604947388172 3.4303479120135307 0
      vertex -1.9013133570551872 3.242431655526161 0
    endloop
  endfacet
  facet normal 0 0 -1
    outer loop
      vertex -3.242431655526161 1.9013133570551872 0
      vertex -1.9013133570551872 3.242431655526161 0
      vertex -1.6692517176270485 2.8466820493340492 0
    endloop
  endfacet
  facet normal 0.41838977249723536 0.9082675807655537 0
    outer loop
      vertex -2.324640966951847 3.5847478732466698 0
      vertex -2.5976120084524155 3.7104908749461174 0
      vertex -2.324640966951847 3.5847478732466698 4.700000000000003
    endloop
  endfacet
  facet normal 0.5457995821273556 0.8379157571913802 0
    outer loop
      vertex -2.324640966951847 3.5847478732466698 0
      vertex -2.087604947388172 3.4303479120135307 4.700000000000003
      vertex -2.087604947388172 3.4303479120135307 0
    endloop
  endfacet
  facet normal 0.7101700729438616 0.7040301609270091 0
    outer loop
      vertex -2.087604947388172 3.4303479120135307 0
      vertex -1.9013133570551872 3.242431655526161 4.700000000000003
      vertex -1.9013133570551872 3.242431655526161 0
    endloop
  endfacet
  facet normal 0.8626309267642939 0.505833850379525 0
    outer loop
      vertex -1.6692517176270485 2.8466820493340492 0
      vertex -1.9013133570551872 3.242431655526161 0
      vertex -1.6692517176270485 2.8466820493340492 4.700000000000003
    endloop
  endfacet
  facet normal 0.41838977249723536 0.9082675807655537 0
    outer loop
      vertex -2.5976120084524155 3.7104908749461174 0
      vertex -2.5976120084524155 3.7104908749461174 4.700000000000003
      vertex -2.324640966951847 3.5847478732466698 4.700000000000003
    endloop
  endfacet
  facet normal 0.5457995821273556 0.8379157571913802 0
    outer loop
      vertex -2.324640966951847 3.5847478732466698 0
      vertex -2.324640966951847 3.5847478732466698 4.700000000000003
      vertex -2.087604947388172 3.4303479120135307 4.700000000000003
    endloop
  endfacet
  facet normal 0.7101700729438616 0.7040301609270091 0
    outer loop
      vertex -2.087604947388172 3.4303479120135307 0
      vertex -2.087604947388172 3.4303479120135307 4.700000000000003
      vertex -1.9013133570551872 3.242431655526161 4.700000000000003
    endloop
  endfacet
  facet normal 0.8626309267642939 0.505833850379525 0
    outer loop
      vertex -1.9013133570551872 3.242431655526161 0
      vertex -1.9013133570551872 3.242431655526161 4.700000000000003
      vertex -1.6692517176270485 2.8466820493340492 4.700000000000003
    endloop
  endfacet
  facet normal -0.38268343551019474 0.9238795312085417 0
    outer loop
      vertex -1.6692517176270485 2.8466820493340492 0
      vertex -1.6692517176270485 2.8466820493340492 4.700000000000003
      vertex -0.8325689733028412 3.1932473927736282 4.700000000000003
    endloop
  endfacet
  facet normal -0.38268343551019474 0.9238795312085417 0
    outer loop
      vertex -1.6692517176270485 2.8466820493340492 0
      vertex -0.8325689733028412 3.1932473927736282 4.700000000000003
      vertex -0.8325689733028412 3.1932473927736282 0
    endloop
  endfacet
  facet normal -0.9676507225250378 -0.25229363685351247 0
    outer loop
      vertex -0.8325689733028412 3.1932473927736282 0
      vertex -0.9483138471841812 3.6371769830584526 4.700000000000003
      vertex -0.9483138471841812 3.6371769830584526 0
    endloop
  endfacet
  facet normal -0.9999905753252366 -0.004341573528391143 0
    outer loop
      vertex -0.9483138471841812 3.6371769830584526 0
      vertex -0.9494626596570015 3.901781886816025 4.700000000000003
      vertex -0.9494626596570015 3.901781886816025 0
    endloop
  endfacet
  facet normal 0 0 -1
    outer loop
      vertex -0.8325689733028412 3.1932473927736282 0
      vertex -0.9483138471841812 3.6371769830584526 0
      vertex 0.8325689733028412 3.1932473927736282 0
    endloop
  endfacet
  facet normal 0 0 -1
    outer loop
      vertex -0.9483138471841812 3.6371769830584526 0
      vertex -0.9494626596570015 3.901781886816025 0
      vertex 0.9483138471841812 3.6371769830584526 0
    endloop
  endfacet
  facet normal -0.9676507225250378 -0.25229363685351247 0
    outer loop
      vertex -0.8325689733028412 3.1932473927736282 0
      vertex -0.8325689733028412 3.1932473927736282 4.700000000000003
      vertex -0.9483138471841812 3.6371769830584526 4.700000000000003
    endloop
  endfacet
  facet normal -0.9999905753252366 -0.004341573528391143 0
    outer loop
      vertex -0.9483138471841812 3.6371769830584526 0
      vertex -0.9483138471841812 3.6371769830584526 4.700000000000003
      vertex -0.9494626596570015 3.901781886816025 4.700000000000003
    endloop
  endfacet
  facet normal -0.978434492566084 0.2065573619045079 0
    outer loop
      vertex -0.9494626596570015 3.901781886816025 0
      vertex -0.8910301327705383 4.178568921983242 4.700000000000003
      vertex -0.8910301327705383 4.178568921983242 0
    endloop
  endfacet
  facet normal -0.9380884228267525 0.3463958876176446 0
    outer loop
      vertex -0.8910301327705383 4.178568921983242 0
      vertex -0.786924198269844 4.460502326488495 4.700000000000003
      vertex -0.786924198269844 4.460502326488495 0
    endloop
  endfacet
  facet normal -0.8884582751305259 0.45895739818864534 0
    outer loop
      vertex -0.786924198269844 4.460502326488495 0
      vertex -0.6409141942858696 4.74315121024847 4.700000000000003
      vertex -0.6409141942858696 4.74315121024847 0
    endloop
  endfacet
  facet normal 0 0 -1
    outer loop
      vertex -0.9494626596570015 3.901781886816025 0
      vertex -0.8910301327705383 4.178568921983242 0
      vertex 0.9494626596570015 3.901781886816025 0
    endloop
  endfacet
  facet normal 0 0 -1
    outer loop
      vertex -0.8910301327705383 4.178568921983242 0
      vertex -0.786924198269844 4.460502326488495 0
      vertex 0.8910301327705383 4.178568921983242 0
    endloop
  endfacet
  facet normal 0 0 -1
    outer loop
      vertex -0.786924198269844 4.460502326488495 0
      vertex -0.6409141942858696 4.74315121024847 0
      vertex 0.786924198269844 4.460502326488495 0
    endloop
  endfacet
  facet normal 0 0 -1
    outer loop
      vertex -0.6409141942858696 4.74315121024847 0
      vertex -0.45484262704849243 5.02257527410984 0
      vertex 0.6409141942858696 4.74315121024847 0
    endloop
  endfacet
  facet normal 0 0 -1
    outer loop
      vertex -0.45484262704849243 5.02257527410984 0
      vertex -0.22993676364421844 5.295009829103947 0
      vertex 0.45484262704849243 5.02257527410984 0
    endloop
  endfacet
  facet normal -0.8323404621609912 0.5542646976396998 0
    outer loop
      vertex -0.6409141942858696 4.74315121024847 0
      vertex -0.45484262704849243 5.02257527410984 4.700000000000003
      vertex -0.45484262704849243 5.02257527410984 0
    endloop
  endfacet
  facet normal -0.7711684826017221 0.6366311109596808 0
    outer loop
      vertex -0.45484262704849243 5.02257527410984 0
      vertex -0.22993676364421844 5.295009829103947 4.700000000000003
      vertex -0.22993676364421844 5.295009829103947 0
    endloop
  endfacet
  facet normal -0.978434492566084 0.2065573619045079 0
    outer loop
      vertex -0.9494626596570015 3.901781886816025 0
      vertex -0.9494626596570015 3.901781886816025 4.700000000000003
      vertex -0.8910301327705383 4.178568921983242 4.700000000000003
    endloop
  endfacet
  facet normal -0.9380884228267525 0.3463958876176446 0
    outer loop
      vertex -0.8910301327705383 4.178568921983242 0
      vertex -0.8910301327705383 4.178568921983242 4.700000000000003
      vertex -0.786924198269844 4.460502326488495 4.700000000000003
    endloop
  endfacet
  facet normal -0.8884582751305259 0.45895739818864534 0
    outer loop
      vertex -0.786924198269844 4.460502326488495 0
      vertex -0.786924198269844 4.460502326488495 4.700000000000003
      vertex -0.6409141942858696 4.74315121024847 4.700000000000003
    endloop
  endfacet
  facet normal -0.8323404621609912 0.5542646976396998 0
    outer loop
      vertex -0.6409141942858696 4.74315121024847 0
      vertex -0.6409141942858696 4.74315121024847 4.700000000000003
      vertex -0.45484262704849243 5.02257527410984 4.700000000000003
    endloop
  endfacet
  facet normal -0.7711684826017221 0.6366311109596808 0
    outer loop
      vertex -0.45484262704849243 5.02257527410984 0
      vertex -0.45484262704849243 5.02257527410984 4.700000000000003
      vertex -0.22993676364421844 5.295009829103947 4.700000000000003
    endloop
  endfacet
  facet normal 0 1 0
    outer loop
      vertex -0.22993676364421844 5.295009829103947 0
      vertex -0.22993676364421844 5.295009829103947 4.700000000000003
      vertex 0.22993676364421844 5.295009829103947 4.700000000000003
    endloop
  endfacet
  facet normal 0 0 1
    outer loop
      vertex -3.4303479120135307 2.087604947388172 4.700000000000003
      vertex -1.9013133570551872 3.242431655526161 4.700000000000003
      vertex -2.087604947388172 3.4303479120135307 4.700000000000003
    endloop
  endfacet
  facet normal 0 0 1
    outer loop
      vertex -3.242431655526161 1.9013133570551872 4.700000000000003
      vertex -1.6692517176270485 2.8466820493340492 4.700000000000003
      vertex -1.9013133570551872 3.242431655526161 4.700000000000003
    endloop
  endfacet
  facet normal 0 0 1
    outer loop
      vertex -1.7780869526882426 2.5393713372958744 4.700000000000003
      vertex -1.5499999999999998 2.6846787517317594 4.700000000000003
      vertex -1.6692517176270485 2.8466820493340492 4.700000000000003
    endloop
  endfacet
  facet normal 0 0 1
    outer loop
      vertex -1.6692517176270485 2.8466820493340492 4.700000000000003
      vertex -1.5499999999999998 2.6846787517317594 4.700000000000003
      vertex -1.3101166113961682 2.8095541398136143 4.700000000000003
    endloop
  endfacet
  facet normal 0 0 1
    outer loop
      vertex -1.6692517176270485 2.8466820493340492 4.700000000000003
      vertex -1.3101166113961682 2.8095541398136143 4.700000000000003
      vertex -1.060262444309573 2.9130471244363156 4.700000000000003
    endloop
  endfacet
  facet normal 0 0 1
    outer loop
      vertex -1.6692517176270485 2.8466820493340492 4.700000000000003
      vertex -1.060262444309573 2.9130471244363156 4.700000000000003
      vertex -0.8325689733028412 3.1932473927736282 4.700000000000003
    endloop
  endfacet
  facet normal 0 0 1
    outer loop
      vertex -1.060262444309573 2.9130471244363156 4.700000000000003
      vertex -0.8023390398178142 2.9943700614961113 4.700000000000003
      vertex -0.8325689733028412 3.1932473927736282 4.700000000000003
    endloop
  endfacet
  facet normal 0 0 1
    outer loop
      vertex -0.8325689733028412 3.1932473927736282 4.700000000000003
      vertex -0.8023390398178142 2.9943700614961113 4.700000000000003
      vertex -0.538309350767484 3.0529040343378444 4.700000000000003
    endloop
  endfacet
  facet normal 0 0 1
    outer loop
      vertex -0.8325689733028412 3.1932473927736282 4.700000000000003
      vertex -0.538309350767484 3.0529040343378444 4.700000000000003
      vertex -0.2701828025177403 3.0882035640844108 4.700000000000003
    endloop
  endfacet
  facet normal 0 0 1
    outer loop
      vertex -0.8325689733028412 3.1932473927736282 4.700000000000003
      vertex -0.2701828025177403 3.0882035640844108 4.700000000000003
      vertex 0 3.0999999999999996 4.700000000000003
    endloop
  endfacet
  facet normal 0 0 1
    outer loop
      vertex -0.8325689733028412 3.1932473927736282 4.700000000000003
      vertex 0.8325689733028412 3.1932473927736282 4.700000000000003
      vertex -0.9483138471841812 3.6371769830584526 4.700000000000003
    endloop
  endfacet
  facet normal 0 0 1
    outer loop
      vertex -0.9483138471841812 3.6371769830584526 4.700000000000003
      vertex 0.9483138471841812 3.6371769830584526 4.700000000000003
      vertex -0.9494626596570015 3.901781886816025 4.700000000000003
    endloop
  endfacet
  facet normal 0 0 1
    outer loop
      vertex -0.9494626596570015 3.901781886816025 4.700000000000003
      vertex 0.9494626596570015 3.901781886816025 4.700000000000003
      vertex -0.8910301327705383 4.178568921983242 4.700000000000003
    endloop
  endfacet
  facet normal 0 0 1
    outer loop
      vertex -0.8910301327705383 4.178568921983242 4.700000000000003
      vertex 0.8910301327705383 4.178568921983242 4.700000000000003
      vertex -0.786924198269844 4.460502326488495 4.700000000000003
    endloop
  endfacet
  facet normal 0 0 1
    outer loop
      vertex -0.786924198269844 4.460502326488495 4.700000000000003
      vertex 0.786924198269844 4.460502326488495 4.700000000000003
      vertex -0.6409141942858696 4.74315121024847 4.700000000000003
    endloop
  endfacet
  facet normal 0 0 1
    outer loop
      vertex -0.6409141942858696 4.74315121024847 4.700000000000003
      vertex 0.6409141942858696 4.74315121024847 4.700000000000003
      vertex -0.45484262704849243 5.02257527410984 4.700000000000003
    endloop
  endfacet
  facet normal 0 0 1
    outer loop
      vertex -0.45484262704849243 5.02257527410984 4.700000000000003
      vertex 0.45484262704849243 5.02257527410984 4.700000000000003
      vertex -0.22993676364421844 5.295009829103947 4.700000000000003
    endloop
  endfacet
  facet normal 0 0 -1
    outer loop
      vertex -0.45484262704849243 -5.02257527410984 0
      vertex 0.45484262704849243 -5.02257527410984 0
      vertex 0.22993676364421844 -5.295009829103947 0
    endloop
  endfacet
  facet normal 0 0 -1
    outer loop
      vertex -0.6409141942858696 -4.74315121024847 0
      vertex 0.6409141942858696 -4.74315121024847 0
      vertex 0.45484262704849243 -5.02257527410984 0
    endloop
  endfacet
  facet normal 0.7711684826017221 -0.6366311109596808 0
    outer loop
      vertex 0.22993676364421844 -5.295009829103947 0
      vertex 0.45484262704849243 -5.02257527410984 0
      vertex 0.22993676364421844 -5.295009829103947 4.700000000000003
    endloop
  endfacet
  facet normal 0.8323404621609912 -0.5542646976396998 0
    outer loop
      vertex 0.45484262704849243 -5.02257527410984 0
      vertex 0.6409141942858696 -4.74315121024847 0
      vertex 0.45484262704849243 -5.02257527410984 4.700000000000003
    endloop
  endfacet
  facet normal 0 0 -1
    outer loop
      vertex -0.786924198269844 -4.460502326488495 0
      vertex 0.786924198269844 -4.460502326488495 0
      vertex 0.6409141942858696 -4.74315121024847 0
    endloop
  endfacet
  facet normal 0 0 -1
    outer loop
      vertex -0.8910301327705383 -4.178568921983242 0
      vertex 0.8910301327705383 -4.178568921983242 0
      vertex 0.786924198269844 -4.460502326488495 0
    endloop
  endfacet
  facet normal 0 0 -1
    outer loop
      vertex -0.9494626596570015 -3.901781886816025 0
      vertex 0.9494626596570015 -3.901781886816025 0
      vertex 0.8910301327705383 -4.178568921983242 0
    endloop
  endfacet
  facet normal 0.8884582751305259 -0.45895739818864534 0
    outer loop
      vertex 0.6409141942858696 -4.74315121024847 0
      vertex 0.786924198269844 -4.460502326488495 0
      vertex 0.6409141942858696 -4.74315121024847 4.700000000000003
    endloop
  endfacet
  facet normal 0.9380884228267525 -0.3463958876176446 0
    outer loop
      vertex 0.786924198269844 -4.460502326488495 0
      vertex 0.8910301327705383 -4.178568921983242 0
      vertex 0.786924198269844 -4.460502326488495 4.700000000000003
    endloop
  endfacet
  facet normal 0.978434492566084 -0.2065573619045079 0
    outer loop
      vertex 0.8910301327705383 -4.178568921983242 0
      vertex 0.9494626596570015 -3.901781886816025 0
      vertex 0.8910301327705383 -4.178568921983242 4.700000000000003
    endloop
  endfacet
  facet normal 0 -1 0
    outer loop
      vertex -0.22993676364421844 -5.295009829103947 4.700000000000003
      vertex 0.22993676364421844 -5.295009829103947 0
      vertex 0.22993676364421844 -5.295009829103947 4.700000000000003
    endloop
  endfacet
  facet normal 0.7711684826017221 -0.6366311109596808 0
    outer loop
      vertex 0.45484262704849243 -5.02257527410984 0
      vertex 0.45484262704849243 -5.02257527410984 4.700000000000003
      vertex 0.22993676364421844 -5.295009829103947 4.700000000000003
    endloop
  endfacet
  facet normal 0.8323404621609912 -0.5542646976396998 0
    outer loop
      vertex 0.6409141942858696 -4.74315121024847 0
      vertex 0.6409141942858696 -4.74315121024847 4.700000000000003
      vertex 0.45484262704849243 -5.02257527410984 4.700000000000003
    endloop
  endfacet
  facet normal 0.8884582751305259 -0.45895739818864534 0
    outer loop
      vertex 0.786924198269844 -4.460502326488495 0
      vertex 0.786924198269844 -4.460502326488495 4.700000000000003
      vertex 0.6409141942858696 -4.74315121024847 4.700000000000003
    endloop
  endfacet
  facet normal 0.9380884228267525 -0.3463958876176446 0
    outer loop
      vertex 0.8910301327705383 -4.178568921983242 0
      vertex 0.8910301327705383 -4.178568921983242 4.700000000000003
      vertex 0.786924198269844 -4.460502326488495 4.700000000000003
    endloop
  endfacet
  facet normal 0.978434492566084 -0.2065573619045079 0
    outer loop
      vertex 0.9494626596570015 -3.901781886816025 0
      vertex 0.9494626596570015 -3.901781886816025 4.700000000000003
      vertex 0.8910301327705383 -4.178568921983242 4.700000000000003
    endloop
  endfacet
  facet normal 0 0 -1
    outer loop
      vertex -0.9483138471841812 -3.6371769830584526 0
      vertex 0.9483138471841812 -3.6371769830584526 0
      vertex 0.9494626596570015 -3.901781886816025 0
    endloop
  endfacet
  facet normal 0 0 -1
    outer loop
      vertex -0.8325689733028412 -3.1932473927736282 0
      vertex 0.8325689733028412 -3.1932473927736282 0
      vertex 0.9483138471841812 -3.6371769830584526 0
    endloop
  endfacet
  facet normal 0.9999905753252366 0.004341573528391143 0
    outer loop
      vertex 0.9494626596570015 -3.901781886816025 0
      vertex 0.9483138471841812 -3.6371769830584526 0
      vertex 0.9494626596570015 -3.901781886816025 4.700000000000003
    endloop
  endfacet
  facet normal 0.9676507225250378 0.25229363685351247 0
    outer loop
      vertex 0.9483138471841812 -3.6371769830584526 0
      vertex 0.8325689733028412 -3.1932473927736282 0
      vertex 0.9483138471841812 -3.6371769830584526 4.700000000000003
    endloop
  endfacet
  facet normal 0.38268343551019474 -0.9238795312085417 0
    outer loop
      vertex 0.8325689733028412 -3.1932473927736282 0
      vertex 1.6692517176270485 -2.8466820493340492 0
      vertex 0.8325689733028412 -3.1932473927736282 4.700000000000003
    endloop
  endfacet
  facet normal 0.9999905753252366 0.004341573528391143 0
    outer loop
      vertex 0.9483138471841812 -3.6371769830584526 0
      vertex 0.9483138471841812 -3.6371769830584526 4.700000000000003
      vertex 0.9494626596570015 -3.901781886816025 4.700000000000003
    endloop
  endfacet
  facet normal 0.9676507225250378 0.25229363685351247 0
    outer loop
      vertex 0.8325689733028412 -3.1932473927736282 0
      vertex 0.8325689733028412 -3.1932473927736282 4.700000000000003
      vertex 0.9483138471841812 -3.6371769830584526 4.700000000000003
    endloop
  endfacet
  facet normal -0.8626309267642939 -0.505833850379525 0
    outer loop
      vertex 1.9013133570551872 -3.242431655526161 0
      vertex 1.6692517176270485 -2.8466820493340492 4.700000000000003
      vertex 1.6692517176270485 -2.8466820493340492 0
    endloop
  endfacet
  facet normal -0.7101700729438616 -0.7040301609270091 0
    outer loop
      vertex 1.9013133570551872 -3.242431655526161 0
      vertex 2.087604947388172 -3.4303479120135307 0
      vertex 1.9013133570551872 -3.242431655526161 4.700000000000003
    endloop
  endfacet
  facet normal -0.5457995821273556 -0.8379157571913802 0
    outer loop
      vertex 2.087604947388172 -3.4303479120135307 0
      vertex 2.324640966951847 -3.5847478732466698 0
      vertex 2.087604947388172 -3.4303479120135307 4.700000000000003
    endloop
  endfacet
  facet normal -0.41838977249723536 -0.9082675807655537 0
    outer loop
      vertex 2.5976120084524155 -3.7104908749461174 0
      vertex 2.324640966951847 -3.5847478732466698 4.700000000000003
      vertex 2.324640966951847 -3.5847478732466698 0
    endloop
  endfacet
  facet normal 0 0 -1
    outer loop
      vertex 1.9013133570551872 -3.242431655526161 0
      vertex 1.6692517176270485 -2.8466820493340492 0
      vertex 3.242431655526161 -1.9013133570551872 0
    endloop
  endfacet
  facet normal 0 0 -1
    outer loop
      vertex 1.9013133570551872 -3.242431655526161 0
      vertex 3.4303479120135307 -2.087604947388172 0
      vertex 2.087604947388172 -3.4303479120135307 0
    endloop
  endfacet
  facet normal 0.38268343551019474 -0.9238795312085417 0
    outer loop
      vertex 1.6692517176270485 -2.8466820493340492 0
      vertex 1.6692517176270485 -2.8466820493340492 4.700000000000003
      vertex 0.8325689733028412 -3.1932473927736282 4.700000000000003
    endloop
  endfacet
  facet normal -0.8626309267642939 -0.505833850379525 0
    outer loop
      vertex 1.9013133570551872 -3.242431655526161 0
      vertex 1.9013133570551872 -3.242431655526161 4.700000000000003
      vertex 1.6692517176270485 -2.8466820493340492 4.700000000000003
    endloop
  endfacet
  facet normal -0.7101700729438616 -0.7040301609270091 0
    outer loop
      vertex 2.087604947388172 -3.4303479120135307 0
      vertex 2.087604947388172 -3.4303479120135307 4.700000000000003
      vertex 1.9013133570551872 -3.242431655526161 4.700000000000003
    endloop
  endfacet
  facet normal -0.5457995821273556 -0.8379157571913802 0
    outer loop
      vertex 2.324640966951847 -3.5847478732466698 0
      vertex 2.324640966951847 -3.5847478732466698 4.700000000000003
      vertex 2.087604947388172 -3.4303479120135307 4.700000000000003
    endloop
  endfacet
  facet normal -0.41838977249723536 -0.9082675807655537 0
    outer loop
      vertex 2.5976120084524155 -3.7104908749461174 0
      vertex 2.5976120084524155 -3.7104908749461174 4.700000000000003
      vertex 2.324640966951847 -3.5847478732466698 4.700000000000003
    endloop
  endfacet
  facet normal 0 0 1
    outer loop
      vertex -0.45484262704849243 -5.02257527410984 4.700000000000003
      vertex 0.22993676364421844 -5.295009829103947 4.700000000000003
      vertex 0.45484262704849243 -5.02257527410984 4.700000000000003
    endloop
  endfacet
  facet normal 0 0 1
    outer loop
      vertex -0.6409141942858696 -4.74315121024847 4.700000000000003
      vertex 0.45484262704849243 -5.02257527410984 4.700000000000003
      vertex 0.6409141942858696 -4.74315121024847 4.700000000000003
    endloop
  endfacet
  facet normal 0 0 1
    outer loop
      vertex -0.786924198269844 -4.460502326488495 4.700000000000003
      vertex 0.6409141942858696 -4.74315121024847 4.700000000000003
      vertex 0.786924198269844 -4.460502326488495 4.700000000000003
    endloop
  endfacet
  facet normal 0 0 1
    outer loop
      vertex -0.8910301327705383 -4.178568921983242 4.700000000000003
      vertex 0.786924198269844 -4.460502326488495 4.700000000000003
      vertex 0.8910301327705383 -4.178568921983242 4.700000000000003
    endloop
  endfacet
  facet normal 0 0 1
    outer loop
      vertex -0.9494626596570015 -3.901781886816025 4.700000000000003
      vertex 0.8910301327705383 -4.178568921983242 4.700000000000003
      vertex 0.9494626596570015 -3.901781886816025 4.700000000000003
    endloop
  endfacet
  facet normal 0 0 1
    outer loop
      vertex -0.9483138471841812 -3.6371769830584526 4.700000000000003
      vertex 0.9494626596570015 -3.901781886816025 4.700000000000003
      vertex 0.9483138471841812 -3.6371769830584526 4.700000000000003
    endloop
  endfacet
  facet normal 0 0 1
    outer loop
      vertex -0.8325689733028412 -3.1932473927736282 4.700000000000003
      vertex 0.9483138471841812 -3.6371769830584526 4.700000000000003
      vertex 0.8325689733028412 -3.1932473927736282 4.700000000000003
    endloop
  endfacet
  facet normal 0 0 1
    outer loop
      vertex -0.8325689733028412 -3.1932473927736282 4.700000000000003
      vertex 0.8325689733028412 -3.1932473927736282 4.700000000000003
      vertex 0 -3.0999999999999996 4.700000000000003
    endloop
  endfacet
  facet normal 0 0 1
    outer loop
      vertex 0 -3.0999999999999996 4.700000000000003
      vertex 0.8325689733028412 -3.1932473927736282 4.700000000000003
      vertex 0.2701828025177403 -3.0882035640844108 4.700000000000003
    endloop
  endfacet
  facet normal 0 0 1
    outer loop
      vertex 0.2701828025177403 -3.0882035640844108 4.700000000000003
      vertex 0.8325689733028412 -3.1932473927736282 4.700000000000003
      vertex 0.538309350767484 -3.0529040343378444 4.700000000000003
    endloop
  endfacet
  facet normal 0 0 1
    outer loop
      vertex 0.538309350767484 -3.0529040343378444 4.700000000000003
      vertex 0.8325689733028412 -3.1932473927736282 4.700000000000003
      vertex 0.8023390398178142 -2.9943700614961113 4.700000000000003
    endloop
  endfacet
  facet normal 0 0 1
    outer loop
      vertex 0.8023390398178142 -2.9943700614961113 4.700000000000003
      vertex 0.8325689733028412 -3.1932473927736282 4.700000000000003
      vertex 1.060262444309573 -2.9130471244363156 4.700000000000003
    endloop
  endfacet
  facet normal 0 0 1
    outer loop
      vertex 0.8325689733028412 -3.1932473927736282 4.700000000000003
      vertex 1.6692517176270485 -2.8466820493340492 4.700000000000003
      vertex 1.060262444309573 -2.9130471244363156 4.700000000000003
    endloop
  endfacet
  facet normal 0 0 1
    outer loop
      vertex 1.060262444309573 -2.9130471244363156 4.700000000000003
      vertex 1.6692517176270485 -2.8466820493340492 4.700000000000003
      vertex 1.3101166113961682 -2.8095541398136143 4.700000000000003
    endloop
  endfacet
  facet normal 0 0 1
    outer loop
      vertex 1.3101166113961682 -2.8095541398136143 4.700000000000003
      vertex 1.6692517176270485 -2.8466820493340492 4.700000000000003
      vertex 1.5499999999999998 -2.6846787517317594 4.700000000000003
    endloop
  endfacet
  facet normal 0 0 1
    outer loop
      vertex 1.5499999999999998 -2.6846787517317594 4.700000000000003
      vertex 1.6692517176270485 -2.8466820493340492 4.700000000000003
      vertex 1.7780869526882426 -2.5393713372958744 4.700000000000003
    endloop
  endfacet
  facet normal 0 0 1
    outer loop
      vertex 1.9013133570551872 -3.242431655526161 4.700000000000003
      vertex 3.242431655526161 -1.9013133570551872 4.700000000000003
      vertex 1.6692517176270485 -2.8466820493340492 4.700000000000003
    endloop
  endfacet
  facet normal 0 0 1
    outer loop
      vertex 1.9013133570551872 -3.242431655526161 4.700000000000003
      vertex 2.087604947388172 -3.4303479120135307 4.700000000000003
      vertex 3.4303479120135307 -2.087604947388172 4.700000000000003
    endloop
  endfacet
  facet normal 0 0 -1
    outer loop
      vertex 0.8325689733028412 -3.1932473927736282 0
      vertex -0.14032074582372964 -1.6038734639277101 0
      vertex 0 -1.6099999999999999 0
    endloop
  endfacet
  facet normal 0 0 -1
    outer loop
      vertex 0.8325689733028412 -3.1932473927736282 0
      vertex 0 -1.6099999999999999 0
      vertex 0.14032074582372964 -1.6038734639277101 0
    endloop
  endfacet
  facet normal 0 0 -1
    outer loop
      vertex 0.8325689733028412 -3.1932473927736282 0
      vertex 0.14032074582372964 -1.6038734639277101 0
      vertex 0.2795735660437578 -1.5855404823496548 0
    endloop
  endfacet
  facet normal 0 0 -1
    outer loop
      vertex 0.8325689733028412 -3.1932473927736282 0
      vertex 0.2795735660437578 -1.5855404823496548 0
      vertex 0.41669866261505834 -1.5551405803254 0
    endloop
  endfacet
  facet normal 0 0 -1
    outer loop
      vertex 0.8325689733028412 -3.1932473927736282 0
      vertex 0.41669866261505834 -1.5551405803254 0
      vertex 0.5506524307543266 -1.5129051194653125 0
    endloop
  endfacet
  facet normal 0 0 -1
    outer loop
      vertex 0.8325689733028412 -3.1932473927736282 0
      vertex 0.5506524307543266 -1.5129051194653125 0
      vertex 0.6804154014025261 -1.4591555371290064 0
    endloop
  endfacet
  facet normal 0 0 -1
    outer loop
      vertex 0.8325689733028412 -3.1932473927736282 0
      vertex 0.6804154014025261 -1.4591555371290064 0
      vertex 0.8049999999999999 -1.394300900092946 0
    endloop
  endfacet
  facet normal 0 0 -1
    outer loop
      vertex 0.8325689733028412 -3.1932473927736282 0
      vertex 1.1384419177103415 -1.1384419177103415 0
      vertex 1.6692517176270485 -2.8466820493340492 0
    endloop
  endfacet
  facet normal 0 0 -1
    outer loop
      vertex 0.8325689733028412 -3.1932473927736282 0
      vertex 0.8049999999999999 -1.394300900092946 0
      vertex 0.923458062525184 -1.3188347913052767 0
    endloop
  endfacet
  facet normal 0 0 -1
    outer loop
      vertex 0.8325689733028412 -3.1932473927736282 0
      vertex 0.923458062525184 -1.3188347913052767 0
      vertex 1.034888051595328 -1.2333315534215545 0
    endloop
  endfacet
  facet normal 0 0 -1
    outer loop
      vertex 0.8325689733028412 -3.1932473927736282 0
      vertex 1.034888051595328 -1.2333315534215545 0
      vertex 1.1384419177103415 -1.1384419177103415 0
    endloop
  endfacet
  facet normal 0 0 -1
    outer loop
      vertex 1.6692517176270485 -2.8466820493340492 0
      vertex 1.1384419177103415 -1.1384419177103415 0
      vertex 1.2333315534215545 -1.034888051595328 0
    endloop
  endfacet
  facet normal 0 0 -1
    outer loop
      vertex 1.6692517176270485 -2.8466820493340492 0
      vertex 1.2333315534215545 -1.034888051595328 0
      vertex 1.3188347913052767 -0.923458062525184 0
    endloop
  endfacet
  facet normal 0 0 -1
    outer loop
      vertex 1.6692517176270485 -2.8466820493340492 0
      vertex 1.3188347913052767 -0.923458062525184 0
      vertex 1.394300900092946 -0.8049999999999999 0
    endloop
  endfacet
  facet normal 0 0 -1
    outer loop
      vertex 1.6692517176270485 -2.8466820493340492 0
      vertex 1.394300900092946 -0.8049999999999999 0
      vertex 1.4591555371290064 -0.6804154014025261 0
    endloop
  endfacet
  facet normal 0 0 -1
    outer loop
      vertex 1.6692517176270485 -2.8466820493340492 0
      vertex 1.4591555371290064 -0.6804154014025261 0
      vertex 1.5129051194653125 -0.5506524307543266 0
    endloop
  endfacet
  facet normal 0 0 -1
    outer loop
      vertex 1.6692517176270485 -2.8466820493340492 0
      vertex 2.8466820493340492 -1.6692517176270485 0
      vertex 3.242431655526161 -1.9013133570551872 0
    endloop
  endfacet
  facet normal 0 0 -1
    outer loop
      vertex 1.6692517176270485 -2.8466820493340492 0
      vertex 1.5129051194653125 -0.5506524307543266 0
      vertex 1.5551405803254 -0.41669866261505834 0
    endloop
  endfacet
  facet normal 0 0 -1
    outer loop
      vertex 1.6692517176270485 -2.8466820493340492 0
      vertex 1.5551405803254 -0.41669866261505834 0
      vertex 1.5855404823496548 -0.2795735660437578 0
    endloop
  endfacet
  facet normal 0 0 -1
    outer loop
      vertex 1.6692517176270485 -2.8466820493340492 0
      vertex 1.5855404823496548 -0.2795735660437578 0
      vertex 1.6038734639277101 -0.14032074582372964 0
    endloop
  endfacet
  facet normal 0 0 -1
    outer loop
      vertex 1.6692517176270485 -2.8466820493340492 0
      vertex 1.6038734639277101 -0.14032074582372964 0
      vertex 1.6099999999999999 0 0
    endloop
  endfacet
  facet normal 0 0 -1
    outer loop
      vertex 1.6692517176270485 -2.8466820493340492 0
      vertex 3.1932473927736282 0.8325689733028412 0
      vertex 2.8466820493340492 -1.6692517176270485 0
    endloop
  endfacet
  facet normal 0 0 -1
    outer loop
      vertex 1.6692517176270485 -2.8466820493340492 0
      vertex 2.8466820493340492 1.6692517176270485 0
      vertex 3.1932473927736282 0.8325689733028412 0
    endloop
  endfacet
  facet normal 0 0 1
    outer loop
      vertex 1.6692517176270485 -2.8466820493340492 4.700000000000003
      vertex 1.9926415900282715 -2.3747377736688318 4.700000000000003
      vertex 1.7780869526882426 -2.5393713372958744 4.700000000000003
    endloop
  endfacet
  facet normal 0 0 1
    outer loop
      vertex 1.6692517176270485 -2.8466820493340492 4.700000000000003
      vertex 2.1920310216782974 -2.1920310216782974 4.700000000000003
      vertex 1.9926415900282715 -2.3747377736688318 4.700000000000003
    endloop
  endfacet
  facet normal 0 0 1
    outer loop
      vertex 1.6692517176270485 -2.8466820493340492 4.700000000000003
      vertex 2.8466820493340492 -1.6692517176270485 4.700000000000003
      vertex 2.1920310216782974 -2.1920310216782974 4.700000000000003
    endloop
  endfacet
  facet normal 0 0 1
    outer loop
      vertex 1.6692517176270485 -2.8466820493340492 4.700000000000003
      vertex 3.242431655526161 -1.9013133570551872 4.700000000000003
      vertex 2.8466820493340492 -1.6692517176270485 4.700000000000003
    endloop
  endfacet
  facet normal 0 0 1
    outer loop
      vertex 2.1920310216782974 -2.1920310216782974 4.700000000000003
      vertex 2.8466820493340492 -1.6692517176270485 4.700000000000003
      vertex 2.3747377736688318 -1.9926415900282715 4.700000000000003
    endloop
  endfacet
  facet normal 0 0 1
    outer loop
      vertex 2.3747377736688318 -1.9926415900282715 4.700000000000003
      vertex 2.8466820493340492 -1.6692517176270485 4.700000000000003
      vertex 2.5393713372958744 -1.7780869526882426 4.700000000000003
    endloop
  endfacet
  facet normal 0 0 -1
    outer loop
      vertex 2.5976120084524155 -3.7104908749461174 0
      vertex 3.8071091547608376 -2.9007196128368378 0
      vertex 2.9007196128368378 -3.8071091547608376 0
    endloop
  endfacet
  facet normal -0.30370298824554737 -0.9527667578850161 0
    outer loop
      vertex 2.5976120084524155 -3.7104908749461174 0
      vertex 2.9007196128368378 -3.8071091547608376 0
      vertex 2.5976120084524155 -3.7104908749461174 4.700000000000003
    endloop
  endfacet
  facet normal -0.19662926221421692 -0.9804779106339382 0
    outer loop
      vertex 2.9007196128368378 -3.8071091547608376 0
      vertex 3.2298747301101685 -3.8731193393468857 0
      vertex 2.9007196128368378 -3.8071091547608376 4.700000000000003
    endloop
  endfacet
  facet normal 0 0 -1
    outer loop
      vertex 2.087604947388172 -3.4303479120135307 0
      vertex 3.5847478732466698 -2.324640966951847 0
      vertex 2.324640966951847 -3.5847478732466698 0
    endloop
  endfacet
  facet normal 0 0 -1
    outer loop
      vertex 2.5976120084524155 -3.7104908749461174 0
      vertex 2.324640966951847 -3.5847478732466698 0
      vertex 3.7104908749461174 -2.5976120084524155 0
    endloop
  endfacet
  facet normal 0 0 -1
    outer loop
      vertex 2.324640966951847 -3.5847478732466698 0
      vertex 3.5847478732466698 -2.324640966951847 0
      vertex 3.7104908749461174 -2.5976120084524155 0
    endloop
  endfacet
  facet normal 0 0 -1
    outer loop
      vertex 3.2298747301101685 -3.8731193393468857 0
      vertex 3.9067272022366524 -3.581547513604164 0
      vertex 3.581547513604164 -3.9067272022366524 0
    endloop
  endfacet
  facet normal 0 0 -1
    outer loop
      vertex 2.9007196128368378 -3.8071091547608376 0
      vertex 3.8731193393468857 -3.2298747301101685 0
      vertex 3.2298747301101685 -3.8731193393468857 0
    endloop
  endfacet
  facet normal 0 0 -1
    outer loop
      vertex 2.9007196128368378 -3.8071091547608376 0
      vertex 3.8071091547608376 -2.9007196128368378 0
      vertex 3.8731193393468857 -3.2298747301101685 0
    endloop
  endfacet
  facet normal 0 0 -1
    outer loop
      vertex 3.2298747301101685 -3.8731193393468857 0
      vertex 3.8731193393468857 -3.2298747301101685 0
      vertex 3.9067272022366524 -3.581547513604164 0
    endloop
  endfacet
  facet normal -0.09513229527770604 -0.9954646384453822 0
    outer loop
      vertex 3.2298747301101685 -3.8731193393468857 0
      vertex 3.581547513604164 -3.9067272022366524 0
      vertex 3.2298747301101685 -3.8731193393468857 4.700000000000003
    endloop
  endfacet
  facet normal 0.7071067811865476 -0.7071067811865476 0
    outer loop
      vertex 3.581547513604164 -3.9067272022366524 0
      vertex 3.9067272022366524 -3.581547513604164 0
      vertex 3.581547513604164 -3.9067272022366524 4.700000000000003
    endloop
  endfacet
  facet normal 0.9954646384453822 0.09513229527770604 0
    outer loop
      vertex 3.9067272022366524 -3.581547513604164 0
      vertex 3.8731193393468857 -3.2298747301101685 0
      vertex 3.9067272022366524 -3.581547513604164 4.700000000000003
    endloop
  endfacet
  facet normal 0 0 -1
    outer loop
      vertex 2.5976120084524155 -3.7104908749461174 0
      vertex 3.7104908749461174 -2.5976120084524155 0
      vertex 3.8071091547608376 -2.9007196128368378 0
    endloop
  endfacet
  facet normal 0.9804779106339382 0.19662926221421692 0
    outer loop
      vertex 3.8731193393468857 -3.2298747301101685 0
      vertex 3.8071091547608376 -2.9007196128368378 0
      vertex 3.8731193393468857 -3.2298747301101685 4.700000000000003
    endloop
  endfacet
  facet normal 0.9527667578850161 0.30370298824554737 0
    outer loop
      vertex 3.8071091547608376 -2.9007196128368378 0
      vertex 3.7104908749461174 -2.5976120084524155 0
      vertex 3.8071091547608376 -2.9007196128368378 4.700000000000003
    endloop
  endfacet
  facet normal -0.30370298824554737 -0.9527667578850161 0
    outer loop
      vertex 2.5976120084524155 -3.7104908749461174 4.700000000000003
      vertex 2.9007196128368378 -3.8071091547608376 0
      vertex 2.9007196128368378 -3.8071091547608376 4.700000000000003
    endloop
  endfacet
  facet normal -0.19662926221421692 -0.9804779106339382 0
    outer loop
      vertex 3.2298747301101685 -3.8731193393468857 0
      vertex 3.2298747301101685 -3.8731193393468857 4.700000000000003
      vertex 2.9007196128368378 -3.8071091547608376 4.700000000000003
    endloop
  endfacet
  facet normal -0.09513229527770604 -0.9954646384453822 0
    outer loop
      vertex 3.581547513604164 -3.9067272022366524 0
      vertex 3.581547513604164 -3.9067272022366524 4.700000000000003
      vertex 3.2298747301101685 -3.8731193393468857 4.700000000000003
    endloop
  endfacet
  facet normal 0.7071067811865476 -0.7071067811865476 0
    outer loop
      vertex 3.9067272022366524 -3.581547513604164 0
      vertex 3.9067272022366524 -3.581547513604164 4.700000000000003
      vertex 3.581547513604164 -3.9067272022366524 4.700000000000003
    endloop
  endfacet
  facet normal 0.9954646384453822 0.09513229527770604 0
    outer loop
      vertex 3.8731193393468857 -3.2298747301101685 0
      vertex 3.8731193393468857 -3.2298747301101685 4.700000000000003
      vertex 3.9067272022366524 -3.581547513604164 4.700000000000003
    endloop
  endfacet
  facet normal 0.9804779106339382 0.19662926221421692 0
    outer loop
      vertex 3.8071091547608376 -2.9007196128368378 0
      vertex 3.8071091547608376 -2.9007196128368378 4.700000000000003
      vertex 3.8731193393468857 -3.2298747301101685 4.700000000000003
    endloop
  endfacet
  facet normal 0.9527667578850161 0.30370298824554737 0
    outer loop
      vertex 3.8071091547608376 -2.9007196128368378 4.700000000000003
      vertex 3.7104908749461174 -2.5976120084524155 0
      vertex 3.7104908749461174 -2.5976120084524155 4.700000000000003
    endloop
  endfacet
  facet normal 0 0 1
    outer loop
      vertex 2.5976120084524155 -3.7104908749461174 4.700000000000003
      vertex 2.9007196128368378 -3.8071091547608376 4.700000000000003
      vertex 3.8071091547608376 -2.9007196128368378 4.700000000000003
    endloop
  endfacet
  facet normal 0 0 1
    outer loop
      vertex 2.087604947388172 -3.4303479120135307 4.700000000000003
      vertex 2.324640966951847 -3.5847478732466698 4.700000000000003
      vertex 3.5847478732466698 -2.324640966951847 4.700000000000003
    endloop
  endfacet
  facet normal 0 0 1
    outer loop
      vertex 2.5976120084524155 -3.7104908749461174 4.700000000000003
      vertex 3.7104908749461174 -2.5976120084524155 4.700000000000003
      vertex 2.324640966951847 -3.5847478732466698 4.700000000000003
    endloop
  endfacet
  facet normal 0 0 1
    outer loop
      vertex 2.324640966951847 -3.5847478732466698 4.700000000000003
      vertex 3.7104908749461174 -2.5976120084524155 4.700000000000003
      vertex 3.5847478732466698 -2.324640966951847 4.700000000000003
    endloop
  endfacet
  facet normal 0 0 1
    outer loop
      vertex 3.2298747301101685 -3.8731193393468857 4.700000000000003
      vertex 3.581547513604164 -3.9067272022366524 4.700000000000003
      vertex 3.9067272022366524 -3.581547513604164 4.700000000000003
    endloop
  endfacet
  facet normal 0 0 1
    outer loop
      vertex 2.9007196128368378 -3.8071091547608376 4.700000000000003
      vertex 3.2298747301101685 -3.8731193393468857 4.700000000000003
      vertex 3.8731193393468857 -3.2298747301101685 4.700000000000003
    endloop
  endfacet
  facet normal 0 0 1
    outer loop
      vertex 2.9007196128368378 -3.8071091547608376 4.700000000000003
      vertex 3.8731193393468857 -3.2298747301101685 4.700000000000003
      vertex 3.8071091547608376 -2.9007196128368378 4.700000000000003
    endloop
  endfacet
  facet normal 0 0 1
    outer loop
      vertex 3.2298747301101685 -3.8731193393468857 4.700000000000003
      vertex 3.9067272022366524 -3.581547513604164 4.700000000000003
      vertex 3.8731193393468857 -3.2298747301101685 4.700000000000003
    endloop
  endfacet
  facet normal 0 0 1
    outer loop
      vertex 2.5976120084524155 -3.7104908749461174 4.700000000000003
      vertex 3.8071091547608376 -2.9007196128368378 4.700000000000003
      vertex 3.7104908749461174 -2.5976120084524155 4.700000000000003
    endloop
  endfacet
  facet normal 0 0 -1
    outer loop
      vertex 1.9013133570551872 -3.242431655526161 0
      vertex 3.242431655526161 -1.9013133570551872 0
      vertex 3.4303479120135307 -2.087604947388172 0
    endloop
  endfacet
  facet normal 0 0 -1
    outer loop
      vertex 2.087604947388172 -3.4303479120135307 0
      vertex 3.4303479120135307 -2.087604947388172 0
      vertex 3.5847478732466698 -2.324640966951847 0
    endloop
  endfacet
  facet normal 0.9238795312085417 -0.38268343551019474 0
    outer loop
      vertex 2.8466820493340492 -1.6692517176270485 0
      vertex 3.1932473927736282 -0.8325689733028412 0
      vertex 2.8466820493340492 -1.6692517176270485 4.700000000000003
    endloop
  endfacet
  facet normal 0.505833850379525 0.8626309267642939 0
    outer loop
      vertex 2.8466820493340492 -1.6692517176270485 0
      vertex 3.242431655526161 -1.9013133570551872 4.700000000000003
      vertex 3.242431655526161 -1.9013133570551872 0
    endloop
  endfacet
  facet normal 0.7040301609270091 0.7101700729438616 0
    outer loop
      vertex 3.242431655526161 -1.9013133570551872 0
      vertex 3.4303479120135307 -2.087604947388172 4.700000000000003
      vertex 3.4303479120135307 -2.087604947388172 0
    endloop
  endfacet
  facet normal 0.8379157571913802 0.5457995821273556 0
    outer loop
      vertex 3.5847478732466698 -2.324640966951847 0
      vertex 3.4303479120135307 -2.087604947388172 0
      vertex 3.5847478732466698 -2.324640966951847 4.700000000000003
    endloop
  endfacet
  facet normal 0.9082675807655537 0.41838977249723536 0
    outer loop
      vertex 3.5847478732466698 -2.324640966951847 0
      vertex 3.7104908749461174 -2.5976120084524155 4.700000000000003
      vertex 3.7104908749461174 -2.5976120084524155 0
    endloop
  endfacet
  facet normal 0.505833850379525 0.8626309267642939 0
    outer loop
      vertex 2.8466820493340492 -1.6692517176270485 0
      vertex 2.8466820493340492 -1.6692517176270485 4.700000000000003
      vertex 3.242431655526161 -1.9013133570551872 4.700000000000003
    endloop
  endfacet
  facet normal 0.7040301609270091 0.7101700729438616 0
    outer loop
      vertex 3.242431655526161 -1.9013133570551872 0
      vertex 3.242431655526161 -1.9013133570551872 4.700000000000003
      vertex 3.4303479120135307 -2.087604947388172 4.700000000000003
    endloop
  endfacet
  facet normal 0.9082675807655537 0.41838977249723536 0
    outer loop
      vertex 3.5847478732466698 -2.324640966951847 0
      vertex 3.5847478732466698 -2.324640966951847 4.700000000000003
      vertex 3.7104908749461174 -2.5976120084524155 4.700000000000003
    endloop
  endfacet
  facet normal 0.8379157571913802 0.5457995821273556 0
    outer loop
      vertex 3.4303479120135307 -2.087604947388172 0
      vertex 3.4303479120135307 -2.087604947388172 4.700000000000003
      vertex 3.5847478732466698 -2.324640966951847 4.700000000000003
    endloop
  endfacet
  facet normal 0 0 -1
    outer loop
      vertex 2.8466820493340492 -1.6692517176270485 0
      vertex 3.1932473927736282 0.8325689733028412 0
      vertex 3.1932473927736282 -0.8325689733028412 0
    endloop
  endfacet
  facet normal -0.25229363685351247 -0.9676507225250378 0
    outer loop
      vertex 3.1932473927736282 -0.8325689733028412 0
      vertex 3.6371769830584526 -0.9483138471841812 0
      vertex 3.1932473927736282 -0.8325689733028412 4.700000000000003
    endloop
  endfacet
  facet normal -0.004341573528391143 -0.9999905753252366 0
    outer loop
      vertex 3.6371769830584526 -0.9483138471841812 0
      vertex 3.901781886816025 -0.9494626596570015 0
      vertex 3.6371769830584526 -0.9483138471841812 4.700000000000003
    endloop
  endfacet
  facet normal 0 0 -1
    outer loop
      vertex 3.1932473927736282 -0.8325689733028412 0
      vertex 3.6371769830584526 0.9483138471841812 0
      vertex 3.6371769830584526 -0.9483138471841812 0
    endloop
  endfacet
  facet normal 0 0 -1
    outer loop
      vertex 3.6371769830584526 -0.9483138471841812 0
      vertex 3.901781886816025 0.9494626596570015 0
      vertex 3.901781886816025 -0.9494626596570015 0
    endloop
  endfacet
  facet normal 0.9238795312085417 -0.38268343551019474 0
    outer loop
      vertex 3.1932473927736282 -0.8325689733028412 0
      vertex 3.1932473927736282 -0.8325689733028412 4.700000000000003
      vertex 2.8466820493340492 -1.6692517176270485 4.700000000000003
    endloop
  endfacet
  facet normal -0.25229363685351247 -0.9676507225250378 0
    outer loop
      vertex 3.6371769830584526 -0.9483138471841812 0
      vertex 3.6371769830584526 -0.9483138471841812 4.700000000000003
      vertex 3.1932473927736282 -0.8325689733028412 4.700000000000003
    endloop
  endfacet
  facet normal -0.004341573528391143 -0.9999905753252366 0
    outer loop
      vertex 3.901781886816025 -0.9494626596570015 0
      vertex 3.901781886816025 -0.9494626596570015 4.700000000000003
      vertex 3.6371769830584526 -0.9483138471841812 4.700000000000003
    endloop
  endfacet
  facet normal 0.2065573619045079 -0.978434492566084 0
    outer loop
      vertex 3.901781886816025 -0.9494626596570015 0
      vertex 4.178568921983242 -0.8910301327705383 0
      vertex 3.901781886816025 -0.9494626596570015 4.700000000000003
    endloop
  endfacet
  facet normal 0.3463958876176446 -0.9380884228267525 0
    outer loop
      vertex 4.178568921983242 -0.8910301327705383 0
      vertex 4.460502326488495 -0.786924198269844 0
      vertex 4.178568921983242 -0.8910301327705383 4.700000000000003
    endloop
  endfacet
  facet normal 0.45895739818864534 -0.8884582751305259 0
    outer loop
      vertex 4.460502326488495 -0.786924198269844 0
      vertex 4.74315121024847 -0.6409141942858696 0
      vertex 4.460502326488495 -0.786924198269844 4.700000000000003
    endloop
  endfacet
  facet normal 0 0 -1
    outer loop
      vertex 3.901781886816025 -0.9494626596570015 0
      vertex 4.178568921983242 0.8910301327705383 0
      vertex 4.178568921983242 -0.8910301327705383 0
    endloop
  endfacet
  facet normal 0 0 -1
    outer loop
      vertex 4.178568921983242 -0.8910301327705383 0
      vertex 4.460502326488495 0.786924198269844 0
      vertex 4.460502326488495 -0.786924198269844 0
    endloop
  endfacet
  facet normal 0 0 -1
    outer loop
      vertex 4.460502326488495 -0.786924198269844 0
      vertex 4.74315121024847 0.6409141942858696 0
      vertex 4.74315121024847 -0.6409141942858696 0
    endloop
  endfacet
  facet normal 0 0 -1
    outer loop
      vertex 4.74315121024847 -0.6409141942858696 0
      vertex 5.02257527410984 0.45484262704849243 0
      vertex 5.02257527410984 -0.45484262704849243 0
    endloop
  endfacet
  facet normal 0 0 -1
    outer loop
      vertex 5.02257527410984 -0.45484262704849243 0
      vertex 5.295009829103947 0.22993676364421844 0
      vertex 5.295009829103947 -0.22993676364421844 0
    endloop
  endfacet
  facet normal 0.5542646976396998 -0.8323404621609912 0
    outer loop
      vertex 4.74315121024847 -0.6409141942858696 0
      vertex 5.02257527410984 -0.45484262704849243 0
      vertex 4.74315121024847 -0.6409141942858696 4.700000000000003
    endloop
  endfacet
  facet normal 0.6366311109596808 -0.7711684826017221 0
    outer loop
      vertex 5.02257527410984 -0.45484262704849243 0
      vertex 5.295009829103947 -0.22993676364421844 0
      vertex 5.02257527410984 -0.45484262704849243 4.700000000000003
    endloop
  endfacet
  facet normal 1 0 0
    outer loop
      vertex 5.295009829103947 -0.22993676364421844 0
      vertex 5.295009829103947 0.22993676364421844 0
      vertex 5.295009829103947 -0.22993676364421844 4.700000000000003
    endloop
  endfacet
  facet normal 0.2065573619045079 -0.978434492566084 0
    outer loop
      vertex 4.178568921983242 -0.8910301327705383 0
      vertex 4.178568921983242 -0.8910301327705383 4.700000000000003
      vertex 3.901781886816025 -0.9494626596570015 4.700000000000003
    endloop
  endfacet
  facet normal 0.3463958876176446 -0.9380884228267525 0
    outer loop
      vertex 4.460502326488495 -0.786924198269844 0
      vertex 4.460502326488495 -0.786924198269844 4.700000000000003
      vertex 4.178568921983242 -0.8910301327705383 4.700000000000003
    endloop
  endfacet
  facet normal 0.45895739818864534 -0.8884582751305259 0
    outer loop
      vertex 4.74315121024847 -0.6409141942858696 0
      vertex 4.74315121024847 -0.6409141942858696 4.700000000000003
      vertex 4.460502326488495 -0.786924198269844 4.700000000000003
    endloop
  endfacet
  facet normal 0.5542646976396998 -0.8323404621609912 0
    outer loop
      vertex 5.02257527410984 -0.45484262704849243 0
      vertex 5.02257527410984 -0.45484262704849243 4.700000000000003
      vertex 4.74315121024847 -0.6409141942858696 4.700000000000003
    endloop
  endfacet
  facet normal 0.6366311109596808 -0.7711684826017221 0
    outer loop
      vertex 5.295009829103947 -0.22993676364421844 0
      vertex 5.295009829103947 -0.22993676364421844 4.700000000000003
      vertex 5.02257527410984 -0.45484262704849243 4.700000000000003
    endloop
  endfacet
  facet normal 0 0 1
    outer loop
      vertex 1.9013133570551872 -3.242431655526161 4.700000000000003
      vertex 3.4303479120135307 -2.087604947388172 4.700000000000003
      vertex 3.242431655526161 -1.9013133570551872 4.700000000000003
    endloop
  endfacet
  facet normal 0 0 1
    outer loop
      vertex 2.087604947388172 -3.4303479120135307 4.700000000000003
      vertex 3.5847478732466698 -2.324640966951847 4.700000000000003
      vertex 3.4303479120135307 -2.087604947388172 4.700000000000003
    endloop
  endfacet
  facet normal 0 0 1
    outer loop
      vertex 2.5393713372958744 -1.7780869526882426 4.700000000000003
      vertex 2.8466820493340492 -1.6692517176270485 4.700000000000003
      vertex 2.6846787517317594 -1.5499999999999998 4.700000000000003
    endloop
  endfacet
  facet normal 0 0 1
    outer loop
      vertex 2.8466820493340492 -1.6692517176270485 4.700000000000003
      vertex 2.8095541398136143 -1.3101166113961682 4.700000000000003
      vertex 2.6846787517317594 -1.5499999999999998 4.700000000000003
    endloop
  endfacet
  facet normal 0 0 1
    outer loop
      vertex 2.8466820493340492 -1.6692517176270485 4.700000000000003
      vertex 2.9130471244363156 -1.060262444309573 4.700000000000003
      vertex 2.8095541398136143 -1.3101166113961682 4.700000000000003
    endloop
  endfacet
  facet normal 0 0 1
    outer loop
      vertex 2.8466820493340492 -1.6692517176270485 4.700000000000003
      vertex 3.1932473927736282 -0.8325689733028412 4.700000000000003
      vertex 2.9130471244363156 -1.060262444309573 4.700000000000003
    endloop
  endfacet
  facet normal 0 0 1
    outer loop
      vertex 2.9130471244363156 -1.060262444309573 4.700000000000003
      vertex 3.1932473927736282 -0.8325689733028412 4.700000000000003
      vertex 2.9943700614961113 -0.8023390398178142 4.700000000000003
    endloop
  endfacet
  facet normal 0 0 1
    outer loop
      vertex 2.9943700614961113 -0.8023390398178142 4.700000000000003
      vertex 3.1932473927736282 -0.8325689733028412 4.700000000000003
      vertex 3.0529040343378444 -0.538309350767484 4.700000000000003
    endloop
  endfacet
  facet normal 0 0 1
    outer loop
      vertex 3.1932473927736282 -0.8325689733028412 4.700000000000003
      vertex 3.0882035640844108 -0.2701828025177403 4.700000000000003
      vertex 3.0529040343378444 -0.538309350767484 4.700000000000003
    endloop
  endfacet
  facet normal 0 0 1
    outer loop
      vertex 3.1932473927736282 -0.8325689733028412 4.700000000000003
      vertex 3.1932473927736282 0.8325689733028412 4.700000000000003
      vertex 3.0882035640844108 -0.2701828025177403 4.700000000000003
    endloop
  endfacet
  facet normal 0 0 1
    outer loop
      vertex 3.1932473927736282 -0.8325689733028412 4.700000000000003
      vertex 3.6371769830584526 -0.9483138471841812 4.700000000000003
      vertex 3.6371769830584526 0.9483138471841812 4.700000000000003
    endloop
  endfacet
  facet normal 0 0 1
    outer loop
      vertex 3.6371769830584526 -0.9483138471841812 4.700000000000003
      vertex 3.901781886816025 -0.9494626596570015 4.700000000000003
      vertex 3.901781886816025 0.9494626596570015 4.700000000000003
    endloop
  endfacet
  facet normal 0 0 1
    outer loop
      vertex 3.901781886816025 -0.9494626596570015 4.700000000000003
      vertex 4.178568921983242 -0.8910301327705383 4.700000000000003
      vertex 4.178568921983242 0.8910301327705383 4.700000000000003
    endloop
  endfacet
  facet normal 0 0 1
    outer loop
      vertex 4.178568921983242 -0.8910301327705383 4.700000000000003
      vertex 4.460502326488495 -0.786924198269844 4.700000000000003
      vertex 4.460502326488495 0.786924198269844 4.700000000000003
    endloop
  endfacet
  facet normal 0 0 1
    outer loop
      vertex 4.460502326488495 -0.786924198269844 4.700000000000003
      vertex 4.74315121024847 -0.6409141942858696 4.700000000000003
      vertex 4.74315121024847 0.6409141942858696 4.700000000000003
    endloop
  endfacet
  facet normal 0 0 1
    outer loop
      vertex 4.74315121024847 -0.6409141942858696 4.700000000000003
      vertex 5.02257527410984 -0.45484262704849243 4.700000000000003
      vertex 5.02257527410984 0.45484262704849243 4.700000000000003
    endloop
  endfacet
  facet normal 0 0 1
    outer loop
      vertex 5.02257527410984 -0.45484262704849243 4.700000000000003
      vertex 5.295009829103947 -0.22993676364421844 4.700000000000003
      vertex 5.295009829103947 0.22993676364421844 4.700000000000003
    endloop
  endfacet
  facet normal 0 0 -1
    outer loop
      vertex 0.8325689733028412 3.1932473927736282 0
      vertex 0.2795735660437578 1.5855404823496548 0
      vertex 0.14032074582372964 1.6038734639277101 0
    endloop
  endfacet
  facet normal 0 0 -1
    outer loop
      vertex 0.8325689733028412 3.1932473927736282 0
      vertex 0.41669866261505834 1.5551405803254 0
      vertex 0.2795735660437578 1.5855404823496548 0
    endloop
  endfacet
  facet normal 0 0 -1
    outer loop
      vertex 0.8325689733028412 3.1932473927736282 0
      vertex 0.5506524307543266 1.5129051194653125 0
      vertex 0.41669866261505834 1.5551405803254 0
    endloop
  endfacet
  facet normal 0 0 -1
    outer loop
      vertex 1.6692517176270485 2.8466820493340492 0
      vertex 0.8049999999999999 1.394300900092946 0
      vertex 0.6804154014025261 1.4591555371290064 0
    endloop
  endfacet
  facet normal 0 0 -1
    outer loop
      vertex 1.6692517176270485 2.8466820493340492 0
      vertex 0.923458062525184 1.3188347913052767 0
      vertex 0.8049999999999999 1.394300900092946 0
    endloop
  endfacet
  facet normal 0 0 -1
    outer loop
      vertex 1.6692517176270485 2.8466820493340492 0
      vertex 1.034888051595328 1.2333315534215545 0
      vertex 0.923458062525184 1.3188347913052767 0
    endloop
  endfacet
  facet normal 0 0 -1
    outer loop
      vertex 1.6692517176270485 2.8466820493340492 0
      vertex 1.1384419177103415 1.1384419177103415 0
      vertex 1.034888051595328 1.2333315534215545 0
    endloop
  endfacet
  facet normal 0 0 -1
    outer loop
      vertex 0.8325689733028412 3.1932473927736282 0
      vertex 0.6804154014025261 1.4591555371290064 0
      vertex 0.5506524307543266 1.5129051194653125 0
    endloop
  endfacet
  facet normal 0 0 -1
    outer loop
      vertex 0.8325689733028412 3.1932473927736282 0
      vertex 1.6692517176270485 2.8466820493340492 0
      vertex 0.6804154014025261 1.4591555371290064 0
    endloop
  endfacet
  facet normal 0 0 -1
    outer loop
      vertex 1.6692517176270485 -2.8466820493340492 0
      vertex 1.6099999999999999 0 0
      vertex 1.6692517176270485 2.8466820493340492 0
    endloop
  endfacet
  facet normal 0 0 -1
    outer loop
      vertex 1.6692517176270485 2.8466820493340492 0
      vertex 1.6099999999999999 0 0
      vertex 1.6038734639277101 0.14032074582372964 0
    endloop
  endfacet
  facet normal 0 0 -1
    outer loop
      vertex 1.6692517176270485 2.8466820493340492 0
      vertex 1.6038734639277101 0.14032074582372964 0
      vertex 1.5855404823496548 0.2795735660437578 0
    endloop
  endfacet
  facet normal 0 0 -1
    outer loop
      vertex 1.6692517176270485 2.8466820493340492 0
      vertex 1.5855404823496548 0.2795735660437578 0
      vertex 1.5551405803254 0.41669866261505834 0
    endloop
  endfacet
  facet normal 0 0 -1
    outer loop
      vertex 1.6692517176270485 2.8466820493340492 0
      vertex 1.5551405803254 0.41669866261505834 0
      vertex 1.5129051194653125 0.5506524307543266 0
    endloop
  endfacet
  facet normal 0 0 -1
    outer loop
      vertex 1.6692517176270485 -2.8466820493340492 0
      vertex 1.6692517176270485 2.8466820493340492 0
      vertex 2.8466820493340492 1.6692517176270485 0
    endloop
  endfacet
  facet normal 0 0 -1
    outer loop
      vertex 1.6692517176270485 2.8466820493340492 0
      vertex 1.394300900092946 0.8049999999999999 0
      vertex 1.3188347913052767 0.923458062525184 0
    endloop
  endfacet
  facet normal 0 0 -1
    outer loop
      vertex 1.6692517176270485 2.8466820493340492 0
      vertex 1.3188347913052767 0.923458062525184 0
      vertex 1.2333315534215545 1.034888051595328 0
    endloop
  endfacet
  facet normal 0 0 -1
    outer loop
      vertex 1.6692517176270485 2.8466820493340492 0
      vertex 1.5129051194653125 0.5506524307543266 0
      vertex 1.4591555371290064 0.6804154014025261 0
    endloop
  endfacet
  facet normal 0 0 -1
    outer loop
      vertex 1.6692517176270485 2.8466820493340492 0
      vertex 1.4591555371290064 0.6804154014025261 0
      vertex 1.394300900092946 0.8049999999999999 0
    endloop
  endfacet
  facet normal 0 0 -1
    outer loop
      vertex 1.6692517176270485 2.8466820493340492 0
      vertex 1.2333315534215545 1.034888051595328 0
      vertex 1.1384419177103415 1.1384419177103415 0
    endloop
  endfacet
  facet normal 0 0 -1
    outer loop
      vertex 1.6692517176270485 2.8466820493340492 0
      vertex 1.9013133570551872 3.242431655526161 0
      vertex 2.8466820493340492 1.6692517176270485 0
    endloop
  endfacet
  facet normal 0 0 1
    outer loop
      vertex 1.7780869526882426 2.5393713372958744 4.700000000000003
      vertex 1.9926415900282715 2.3747377736688318 4.700000000000003
      vertex 1.6692517176270485 2.8466820493340492 4.700000000000003
    endloop
  endfacet
  facet normal 0 0 1
    outer loop
      vertex 2.1920310216782974 2.1920310216782974 4.700000000000003
      vertex 1.6692517176270485 2.8466820493340492 4.700000000000003
      vertex 1.9926415900282715 2.3747377736688318 4.700000000000003
    endloop
  endfacet
  facet normal 0 0 1
    outer loop
      vertex 2.5393713372958744 1.7780869526882426 4.700000000000003
      vertex 2.8466820493340492 1.6692517176270485 4.700000000000003
      vertex 2.3747377736688318 1.9926415900282715 4.700000000000003
    endloop
  endfacet
  facet normal 0 0 1
    outer loop
      vertex 2.3747377736688318 1.9926415900282715 4.700000000000003
      vertex 2.8466820493340492 1.6692517176270485 4.700000000000003
      vertex 1.6692517176270485 2.8466820493340492 4.700000000000003
    endloop
  endfacet
  facet normal 0 0 1
    outer loop
      vertex 2.1920310216782974 2.1920310216782974 4.700000000000003
      vertex 2.3747377736688318 1.9926415900282715 4.700000000000003
      vertex 1.6692517176270485 2.8466820493340492 4.700000000000003
    endloop
  endfacet
  facet normal 0 0 1
    outer loop
      vertex 1.6692517176270485 2.8466820493340492 4.700000000000003
      vertex 2.8466820493340492 1.6692517176270485 4.700000000000003
      vertex 1.9013133570551872 3.242431655526161 4.700000000000003
    endloop
  endfacet
  facet normal 0 0 -1
    outer loop
      vertex -0.8325689733028412 3.1932473927736282 0
      vertex 0.8325689733028412 3.1932473927736282 0
      vertex 0.14032074582372964 1.6038734639277101 0
    endloop
  endfacet
  facet normal 0 0 -1
    outer loop
      vertex -0.9483138471841812 3.6371769830584526 0
      vertex 0.9483138471841812 3.6371769830584526 0
      vertex 0.8325689733028412 3.1932473927736282 0
    endloop
  endfacet
  facet normal 0 0 -1
    outer loop
      vertex -0.9494626596570015 3.901781886816025 0
      vertex 0.9494626596570015 3.901781886816025 0
      vertex 0.9483138471841812 3.6371769830584526 0
    endloop
  endfacet
  facet normal 0.9676507225250378 -0.25229363685351247 0
    outer loop
      vertex 0.8325689733028412 3.1932473927736282 0
      vertex 0.9483138471841812 3.6371769830584526 0
      vertex 0.8325689733028412 3.1932473927736282 4.700000000000003
    endloop
  endfacet
  facet normal 0.9999905753252366 -0.004341573528391143 0
    outer loop
      vertex 0.9483138471841812 3.6371769830584526 0
      vertex 0.9494626596570015 3.901781886816025 0
      vertex 0.9483138471841812 3.6371769830584526 4.700000000000003
    endloop
  endfacet
  facet normal 0.38268343551019474 0.9238795312085417 0
    outer loop
      vertex 0.8325689733028412 3.1932473927736282 0
      vertex 0.8325689733028412 3.1932473927736282 4.700000000000003
      vertex 1.6692517176270485 2.8466820493340492 4.700000000000003
    endloop
  endfacet
  facet normal 0.9676507225250378 -0.25229363685351247 0
    outer loop
      vertex 0.9483138471841812 3.6371769830584526 0
      vertex 0.9483138471841812 3.6371769830584526 4.700000000000003
      vertex 0.8325689733028412 3.1932473927736282 4.700000000000003
    endloop
  endfacet
  facet normal 0.9999905753252366 -0.004341573528391143 0
    outer loop
      vertex 0.9494626596570015 3.901781886816025 0
      vertex 0.9494626596570015 3.901781886816025 4.700000000000003
      vertex 0.9483138471841812 3.6371769830584526 4.700000000000003
    endloop
  endfacet
  facet normal 0 0 -1
    outer loop
      vertex -0.8910301327705383 4.178568921983242 0
      vertex 0.8910301327705383 4.178568921983242 0
      vertex 0.9494626596570015 3.901781886816025 0
    endloop
  endfacet
  facet normal 0 0 -1
    outer loop
      vertex -0.786924198269844 4.460502326488495 0
      vertex 0.786924198269844 4.460502326488495 0
      vertex 0.8910301327705383 4.178568921983242 0
    endloop
  endfacet
  facet normal 0 0 -1
    outer loop
      vertex -0.6409141942858696 4.74315121024847 0
      vertex 0.6409141942858696 4.74315121024847 0
      vertex 0.786924198269844 4.460502326488495 0
    endloop
  endfacet
  facet normal 0 0 -1
    outer loop
      vertex -0.45484262704849243 5.02257527410984 0
      vertex 0.45484262704849243 5.02257527410984 0
      vertex 0.6409141942858696 4.74315121024847 0
    endloop
  endfacet
  facet normal 0 0 -1
    outer loop
      vertex -0.22993676364421844 5.295009829103947 0
      vertex 0.22993676364421844 5.295009829103947 0
      vertex 0.45484262704849243 5.02257527410984 0
    endloop
  endfacet
  facet normal 0 1 0
    outer loop
      vertex -0.22993676364421844 5.295009829103947 0
      vertex 0.22993676364421844 5.295009829103947 4.700000000000003
      vertex 0.22993676364421844 5.295009829103947 0
    endloop
  endfacet
  facet normal 0.8323404621609912 0.5542646976396998 0
    outer loop
      vertex 0.6409141942858696 4.74315121024847 0
      vertex 0.45484262704849243 5.02257527410984 0
      vertex 0.6409141942858696 4.74315121024847 4.700000000000003
    endloop
  endfacet
  facet normal 0.7711684826017221 0.6366311109596808 0
    outer loop
      vertex 0.22993676364421844 5.295009829103947 0
      vertex 0.45484262704849243 5.02257527410984 4.700000000000003
      vertex 0.45484262704849243 5.02257527410984 0
    endloop
  endfacet
  facet normal 0.978434492566084 0.2065573619045079 0
    outer loop
      vertex 0.9494626596570015 3.901781886816025 0
      vertex 0.8910301327705383 4.178568921983242 0
      vertex 0.9494626596570015 3.901781886816025 4.700000000000003
    endloop
  endfacet
  facet normal 0.9380884228267525 0.3463958876176446 0
    outer loop
      vertex 0.8910301327705383 4.178568921983242 0
      vertex 0.786924198269844 4.460502326488495 0
      vertex 0.8910301327705383 4.178568921983242 4.700000000000003
    endloop
  endfacet
  facet normal 0.8884582751305259 0.45895739818864534 0
    outer loop
      vertex 0.6409141942858696 4.74315121024847 0
      vertex 0.786924198269844 4.460502326488495 4.700000000000003
      vertex 0.786924198269844 4.460502326488495 0
    endloop
  endfacet
  facet normal 0.7711684826017221 0.6366311109596808 0
    outer loop
      vertex 0.22993676364421844 5.295009829103947 0
      vertex 0.22993676364421844 5.295009829103947 4.700000000000003
      vertex 0.45484262704849243 5.02257527410984 4.700000000000003
    endloop
  endfacet
  facet normal 0.8323404621609912 0.5542646976396998 0
    outer loop
      vertex 0.45484262704849243 5.02257527410984 0
      vertex 0.45484262704849243 5.02257527410984 4.700000000000003
      vertex 0.6409141942858696 4.74315121024847 4.700000000000003
    endloop
  endfacet
  facet normal 0.978434492566084 0.2065573619045079 0
    outer loop
      vertex 0.8910301327705383 4.178568921983242 0
      vertex 0.8910301327705383 4.178568921983242 4.700000000000003
      vertex 0.9494626596570015 3.901781886816025 4.700000000000003
    endloop
  endfacet
  facet normal 0.9380884228267525 0.3463958876176446 0
    outer loop
      vertex 0.786924198269844 4.460502326488495 0
      vertex 0.786924198269844 4.460502326488495 4.700000000000003
      vertex 0.8910301327705383 4.178568921983242 4.700000000000003
    endloop
  endfacet
  facet normal 0.8884582751305259 0.45895739818864534 0
    outer loop
      vertex 0.6409141942858696 4.74315121024847 0
      vertex 0.6409141942858696 4.74315121024847 4.700000000000003
      vertex 0.786924198269844 4.460502326488495 4.700000000000003
    endloop
  endfacet
  facet normal 0.38268343551019474 0.9238795312085417 0
    outer loop
      vertex 0.8325689733028412 3.1932473927736282 0
      vertex 1.6692517176270485 2.8466820493340492 4.700000000000003
      vertex 1.6692517176270485 2.8466820493340492 0
    endloop
  endfacet
  facet normal -0.8626309267642939 0.505833850379525 0
    outer loop
      vertex 1.6692517176270485 2.8466820493340492 0
      vertex 1.9013133570551872 3.242431655526161 4.700000000000003
      vertex 1.9013133570551872 3.242431655526161 0
    endloop
  endfacet
  facet normal 0 0 -1
    outer loop
      vertex 1.9013133570551872 3.242431655526161 0
      vertex 2.087604947388172 3.4303479120135307 0
      vertex 3.242431655526161 1.9013133570551872 0
    endloop
  endfacet
  facet normal 0 0 -1
    outer loop
      vertex 2.087604947388172 3.4303479120135307 0
      vertex 2.324640966951847 3.5847478732466698 0
      vertex 3.4303479120135307 2.087604947388172 0
    endloop
  endfacet
  facet normal -0.7101700729438616 0.7040301609270091 0
    outer loop
      vertex 1.9013133570551872 3.242431655526161 0
      vertex 2.087604947388172 3.4303479120135307 4.700000000000003
      vertex 2.087604947388172 3.4303479120135307 0
    endloop
  endfacet
  facet normal -0.5457995821273556 0.8379157571913802 0
    outer loop
      vertex 2.087604947388172 3.4303479120135307 0
      vertex 2.324640966951847 3.5847478732466698 4.700000000000003
      vertex 2.324640966951847 3.5847478732466698 0
    endloop
  endfacet
  facet normal -0.41838977249723536 0.9082675807655537 0
    outer loop
      vertex 2.324640966951847 3.5847478732466698 0
      vertex 2.5976120084524155 3.7104908749461174 4.700000000000003
      vertex 2.5976120084524155 3.7104908749461174 0
    endloop
  endfacet
  facet normal -0.8626309267642939 0.505833850379525 0
    outer loop
      vertex 1.6692517176270485 2.8466820493340492 0
      vertex 1.6692517176270485 2.8466820493340492 4.700000000000003
      vertex 1.9013133570551872 3.242431655526161 4.700000000000003
    endloop
  endfacet
  facet normal -0.7101700729438616 0.7040301609270091 0
    outer loop
      vertex 1.9013133570551872 3.242431655526161 0
      vertex 1.9013133570551872 3.242431655526161 4.700000000000003
      vertex 2.087604947388172 3.4303479120135307 4.700000000000003
    endloop
  endfacet
  facet normal -0.5457995821273556 0.8379157571913802 0
    outer loop
      vertex 2.087604947388172 3.4303479120135307 0
      vertex 2.087604947388172 3.4303479120135307 4.700000000000003
      vertex 2.324640966951847 3.5847478732466698 4.700000000000003
    endloop
  endfacet
  facet normal -0.41838977249723536 0.9082675807655537 0
    outer loop
      vertex 2.324640966951847 3.5847478732466698 0
      vertex 2.324640966951847 3.5847478732466698 4.700000000000003
      vertex 2.5976120084524155 3.7104908749461174 4.700000000000003
    endloop
  endfacet
  facet normal 0 0 1
    outer loop
      vertex -0.8325689733028412 3.1932473927736282 4.700000000000003
      vertex 0 3.0999999999999996 4.700000000000003
      vertex 0.8325689733028412 3.1932473927736282 4.700000000000003
    endloop
  endfacet
  facet normal 0 0 1
    outer loop
      vertex 0 3.0999999999999996 4.700000000000003
      vertex 0.2701828025177403 3.0882035640844108 4.700000000000003
      vertex 0.8325689733028412 3.1932473927736282 4.700000000000003
    endloop
  endfacet
  facet normal 0 0 1
    outer loop
      vertex 0.2701828025177403 3.0882035640844108 4.700000000000003
      vertex 0.538309350767484 3.0529040343378444 4.700000000000003
      vertex 0.8325689733028412 3.1932473927736282 4.700000000000003
    endloop
  endfacet
  facet normal 0 0 1
    outer loop
      vertex -0.9483138471841812 3.6371769830584526 4.700000000000003
      vertex 0.8325689733028412 3.1932473927736282 4.700000000000003
      vertex 0.9483138471841812 3.6371769830584526 4.700000000000003
    endloop
  endfacet
  facet normal 0 0 1
    outer loop
      vertex -0.9494626596570015 3.901781886816025 4.700000000000003
      vertex 0.9483138471841812 3.6371769830584526 4.700000000000003
      vertex 0.9494626596570015 3.901781886816025 4.700000000000003
    endloop
  endfacet
  facet normal 0 0 1
    outer loop
      vertex 0.538309350767484 3.0529040343378444 4.700000000000003
      vertex 0.8023390398178142 2.9943700614961113 4.700000000000003
      vertex 0.8325689733028412 3.1932473927736282 4.700000000000003
    endloop
  endfacet
  facet normal 0 0 1
    outer loop
      vertex 0.8023390398178142 2.9943700614961113 4.700000000000003
      vertex 1.060262444309573 2.9130471244363156 4.700000000000003
      vertex 0.8325689733028412 3.1932473927736282 4.700000000000003
    endloop
  endfacet
  facet normal 0 0 1
    outer loop
      vertex 0.8325689733028412 3.1932473927736282 4.700000000000003
      vertex 1.060262444309573 2.9130471244363156 4.700000000000003
      vertex 1.3101166113961682 2.8095541398136143 4.700000000000003
    endloop
  endfacet
  facet normal 0 0 1
    outer loop
      vertex 0.8325689733028412 3.1932473927736282 4.700000000000003
      vertex 1.3101166113961682 2.8095541398136143 4.700000000000003
      vertex 1.6692517176270485 2.8466820493340492 4.700000000000003
    endloop
  endfacet
  facet normal 0 0 1
    outer loop
      vertex -0.8910301327705383 4.178568921983242 4.700000000000003
      vertex 0.9494626596570015 3.901781886816025 4.700000000000003
      vertex 0.8910301327705383 4.178568921983242 4.700000000000003
    endloop
  endfacet
  facet normal 0 0 1
    outer loop
      vertex -0.786924198269844 4.460502326488495 4.700000000000003
      vertex 0.8910301327705383 4.178568921983242 4.700000000000003
      vertex 0.786924198269844 4.460502326488495 4.700000000000003
    endloop
  endfacet
  facet normal 0 0 1
    outer loop
      vertex -0.6409141942858696 4.74315121024847 4.700000000000003
      vertex 0.786924198269844 4.460502326488495 4.700000000000003
      vertex 0.6409141942858696 4.74315121024847 4.700000000000003
    endloop
  endfacet
  facet normal 0 0 1
    outer loop
      vertex -0.45484262704849243 5.02257527410984 4.700000000000003
      vertex 0.6409141942858696 4.74315121024847 4.700000000000003
      vertex 0.45484262704849243 5.02257527410984 4.700000000000003
    endloop
  endfacet
  facet normal 0 0 1
    outer loop
      vertex -0.22993676364421844 5.295009829103947 4.700000000000003
      vertex 0.45484262704849243 5.02257527410984 4.700000000000003
      vertex 0.22993676364421844 5.295009829103947 4.700000000000003
    endloop
  endfacet
  facet normal 0 0 1
    outer loop
      vertex 1.3101166113961682 2.8095541398136143 4.700000000000003
      vertex 1.5499999999999998 2.6846787517317594 4.700000000000003
      vertex 1.6692517176270485 2.8466820493340492 4.700000000000003
    endloop
  endfacet
  facet normal 0 0 1
    outer loop
      vertex 1.7780869526882426 2.5393713372958744 4.700000000000003
      vertex 1.6692517176270485 2.8466820493340492 4.700000000000003
      vertex 1.5499999999999998 2.6846787517317594 4.700000000000003
    endloop
  endfacet
  facet normal 0 0 1
    outer loop
      vertex 1.9013133570551872 3.242431655526161 4.700000000000003
      vertex 3.242431655526161 1.9013133570551872 4.700000000000003
      vertex 2.087604947388172 3.4303479120135307 4.700000000000003
    endloop
  endfacet
  facet normal 0 0 1
    outer loop
      vertex 2.087604947388172 3.4303479120135307 4.700000000000003
      vertex 3.4303479120135307 2.087604947388172 4.700000000000003
      vertex 2.324640966951847 3.5847478732466698 4.700000000000003
    endloop
  endfacet
  facet normal 0.9238795312085417 0.38268343551019474 0
    outer loop
      vertex 3.1932473927736282 0.8325689733028412 0
      vertex 2.8466820493340492 1.6692517176270485 0
      vertex 3.1932473927736282 0.8325689733028412 4.700000000000003
    endloop
  endfacet
  facet normal 0 0 -1
    outer loop
      vertex 3.1932473927736282 -0.8325689733028412 0
      vertex 3.1932473927736282 0.8325689733028412 0
      vertex 3.6371769830584526 0.9483138471841812 0
    endloop
  endfacet
  facet normal 0 0 -1
    outer loop
      vertex 3.6371769830584526 -0.9483138471841812 0
      vertex 3.6371769830584526 0.9483138471841812 0
      vertex 3.901781886816025 0.9494626596570015 0
    endloop
  endfacet
  facet normal -0.25229363685351247 0.9676507225250378 0
    outer loop
      vertex 3.1932473927736282 0.8325689733028412 0
      vertex 3.6371769830584526 0.9483138471841812 4.700000000000003
      vertex 3.6371769830584526 0.9483138471841812 0
    endloop
  endfacet
  facet normal -0.004341573528391143 0.9999905753252366 0
    outer loop
      vertex 3.6371769830584526 0.9483138471841812 0
      vertex 3.901781886816025 0.9494626596570015 4.700000000000003
      vertex 3.901781886816025 0.9494626596570015 0
    endloop
  endfacet
  facet normal -0.25229363685351247 0.9676507225250378 0
    outer loop
      vertex 3.1932473927736282 0.8325689733028412 0
      vertex 3.1932473927736282 0.8325689733028412 4.700000000000003
      vertex 3.6371769830584526 0.9483138471841812 4.700000000000003
    endloop
  endfacet
  facet normal -0.004341573528391143 0.9999905753252366 0
    outer loop
      vertex 3.6371769830584526 0.9483138471841812 0
      vertex 3.6371769830584526 0.9483138471841812 4.700000000000003
      vertex 3.901781886816025 0.9494626596570015 4.700000000000003
    endloop
  endfacet
  facet normal 0.505833850379525 -0.8626309267642939 0
    outer loop
      vertex 2.8466820493340492 1.6692517176270485 0
      vertex 3.242431655526161 1.9013133570551872 0
      vertex 2.8466820493340492 1.6692517176270485 4.700000000000003
    endloop
  endfacet
  facet normal 0.7040301609270091 -0.7101700729438616 0
    outer loop
      vertex 3.242431655526161 1.9013133570551872 0
      vertex 3.4303479120135307 2.087604947388172 0
      vertex 3.242431655526161 1.9013133570551872 4.700000000000003
    endloop
  endfacet
  facet normal 0 0 -1
    outer loop
      vertex 1.9013133570551872 3.242431655526161 0
      vertex 3.242431655526161 1.9013133570551872 0
      vertex 2.8466820493340492 1.6692517176270485 0
    endloop
  endfacet
  facet normal 0 0 -1
    outer loop
      vertex 2.087604947388172 3.4303479120135307 0
      vertex 3.4303479120135307 2.087604947388172 0
      vertex 3.242431655526161 1.9013133570551872 0
    endloop
  endfacet
  facet normal 0.8379157571913802 -0.5457995821273556 0
    outer loop
      vertex 3.4303479120135307 2.087604947388172 0
      vertex 3.5847478732466698 2.324640966951847 0
      vertex 3.4303479120135307 2.087604947388172 4.700000000000003
    endloop
  endfacet
  facet normal 0.9082675807655537 -0.41838977249723536 0
    outer loop
      vertex 3.5847478732466698 2.324640966951847 0
      vertex 3.7104908749461174 2.5976120084524155 0
      vertex 3.5847478732466698 2.324640966951847 4.700000000000003
    endloop
  endfacet
  facet normal 0.9238795312085417 0.38268343551019474 0
    outer loop
      vertex 2.8466820493340492 1.6692517176270485 0
      vertex 2.8466820493340492 1.6692517176270485 4.700000000000003
      vertex 3.1932473927736282 0.8325689733028412 4.700000000000003
    endloop
  endfacet
  facet normal 0.505833850379525 -0.8626309267642939 0
    outer loop
      vertex 3.242431655526161 1.9013133570551872 0
      vertex 3.242431655526161 1.9013133570551872 4.700000000000003
      vertex 2.8466820493340492 1.6692517176270485 4.700000000000003
    endloop
  endfacet
  facet normal 0.7040301609270091 -0.7101700729438616 0
    outer loop
      vertex 3.4303479120135307 2.087604947388172 0
      vertex 3.4303479120135307 2.087604947388172 4.700000000000003
      vertex 3.242431655526161 1.9013133570551872 4.700000000000003
    endloop
  endfacet
  facet normal 0.8379157571913802 -0.5457995821273556 0
    outer loop
      vertex 3.5847478732466698 2.324640966951847 0
      vertex 3.5847478732466698 2.324640966951847 4.700000000000003
      vertex 3.4303479120135307 2.087604947388172 4.700000000000003
    endloop
  endfacet
  facet normal 0.9082675807655537 -0.41838977249723536 0
    outer loop
      vertex 3.7104908749461174 2.5976120084524155 0
      vertex 3.7104908749461174 2.5976120084524155 4.700000000000003
      vertex 3.5847478732466698 2.324640966951847 4.700000000000003
    endloop
  endfacet
  facet normal 0 0 -1
    outer loop
      vertex 3.901781886816025 -0.9494626596570015 0
      vertex 3.901781886816025 0.9494626596570015 0
      vertex 4.178568921983242 0.8910301327705383 0
    endloop
  endfacet
  facet normal 0 0 -1
    outer loop
      vertex 4.178568921983242 -0.8910301327705383 0
      vertex 4.178568921983242 0.8910301327705383 0
      vertex 4.460502326488495 0.786924198269844 0
    endloop
  endfacet
  facet normal 0 0 -1
    outer loop
      vertex 4.460502326488495 -0.786924198269844 0
      vertex 4.460502326488495 0.786924198269844 0
      vertex 4.74315121024847 0.6409141942858696 0
    endloop
  endfacet
  facet normal 0.2065573619045079 0.978434492566084 0
    outer loop
      vertex 3.901781886816025 0.9494626596570015 0
      vertex 4.178568921983242 0.8910301327705383 4.700000000000003
      vertex 4.178568921983242 0.8910301327705383 0
    endloop
  endfacet
  facet normal 0.3463958876176446 0.9380884228267525 0
    outer loop
      vertex 4.178568921983242 0.8910301327705383 0
      vertex 4.460502326488495 0.786924198269844 4.700000000000003
      vertex 4.460502326488495 0.786924198269844 0
    endloop
  endfacet
  facet normal 0 0 -1
    outer loop
      vertex 4.74315121024847 -0.6409141942858696 0
      vertex 4.74315121024847 0.6409141942858696 0
      vertex 5.02257527410984 0.45484262704849243 0
    endloop
  endfacet
  facet normal 0 0 -1
    outer loop
      vertex 5.02257527410984 -0.45484262704849243 0
      vertex 5.02257527410984 0.45484262704849243 0
      vertex 5.295009829103947 0.22993676364421844 0
    endloop
  endfacet
  facet normal 0.5542646976396998 0.8323404621609912 0
    outer loop
      vertex 4.74315121024847 0.6409141942858696 0
      vertex 5.02257527410984 0.45484262704849243 4.700000000000003
      vertex 5.02257527410984 0.45484262704849243 0
    endloop
  endfacet
  facet normal 0.6366311109596808 0.7711684826017221 0
    outer loop
      vertex 5.295009829103947 0.22993676364421844 0
      vertex 5.02257527410984 0.45484262704849243 0
      vertex 5.295009829103947 0.22993676364421844 4.700000000000003
    endloop
  endfacet
  facet normal 0.45895739818864534 0.8884582751305259 0
    outer loop
      vertex 4.460502326488495 0.786924198269844 0
      vertex 4.74315121024847 0.6409141942858696 4.700000000000003
      vertex 4.74315121024847 0.6409141942858696 0
    endloop
  endfacet
  facet normal 0.2065573619045079 0.978434492566084 0
    outer loop
      vertex 3.901781886816025 0.9494626596570015 0
      vertex 3.901781886816025 0.9494626596570015 4.700000000000003
      vertex 4.178568921983242 0.8910301327705383 4.700000000000003
    endloop
  endfacet
  facet normal 0.3463958876176446 0.9380884228267525 0
    outer loop
      vertex 4.178568921983242 0.8910301327705383 0
      vertex 4.178568921983242 0.8910301327705383 4.700000000000003
      vertex 4.460502326488495 0.786924198269844 4.700000000000003
    endloop
  endfacet
  facet normal 0.45895739818864534 0.8884582751305259 0
    outer loop
      vertex 4.460502326488495 0.786924198269844 0
      vertex 4.460502326488495 0.786924198269844 4.700000000000003
      vertex 4.74315121024847 0.6409141942858696 4.700000000000003
    endloop
  endfacet
  facet normal 0.5542646976396998 0.8323404621609912 0
    outer loop
      vertex 4.74315121024847 0.6409141942858696 0
      vertex 4.74315121024847 0.6409141942858696 4.700000000000003
      vertex 5.02257527410984 0.45484262704849243 4.700000000000003
    endloop
  endfacet
  facet normal 1 0 0
    outer loop
      vertex 5.295009829103947 -0.22993676364421844 4.700000000000003
      vertex 5.295009829103947 0.22993676364421844 0
      vertex 5.295009829103947 0.22993676364421844 4.700000000000003
    endloop
  endfacet
  facet normal 0.6366311109596808 0.7711684826017221 0
    outer loop
      vertex 5.02257527410984 0.45484262704849243 0
      vertex 5.02257527410984 0.45484262704849243 4.700000000000003
      vertex 5.295009829103947 0.22993676364421844 4.700000000000003
    endloop
  endfacet
  facet normal 0 0 1
    outer loop
      vertex 3.0882035640844108 -0.2701828025177403 4.700000000000003
      vertex 3.1932473927736282 0.8325689733028412 4.700000000000003
      vertex 3.0999999999999996 0 4.700000000000003
    endloop
  endfacet
  facet normal 0 0 1
    outer loop
      vertex 3.0999999999999996 0 4.700000000000003
      vertex 3.1932473927736282 0.8325689733028412 4.700000000000003
      vertex 3.0882035640844108 0.2701828025177403 4.700000000000003
    endloop
  endfacet
  facet normal 0 0 1
    outer loop
      vertex 3.0882035640844108 0.2701828025177403 4.700000000000003
      vertex 3.1932473927736282 0.8325689733028412 4.700000000000003
      vertex 3.0529040343378444 0.538309350767484 4.700000000000003
    endloop
  endfacet
  facet normal 0 0 1
    outer loop
      vertex 3.0529040343378444 0.538309350767484 4.700000000000003
      vertex 3.1932473927736282 0.8325689733028412 4.700000000000003
      vertex 2.9943700614961113 0.8023390398178142 4.700000000000003
    endloop
  endfacet
  facet normal 0 0 1
    outer loop
      vertex 2.9130471244363156 1.060262444309573 4.700000000000003
      vertex 2.9943700614961113 0.8023390398178142 4.700000000000003
      vertex 3.1932473927736282 0.8325689733028412 4.700000000000003
    endloop
  endfacet
  facet normal 0 0 1
    outer loop
      vertex 2.9130471244363156 1.060262444309573 4.700000000000003
      vertex 3.1932473927736282 0.8325689733028412 4.700000000000003
      vertex 2.8466820493340492 1.6692517176270485 4.700000000000003
    endloop
  endfacet
  facet normal 0 0 1
    outer loop
      vertex 3.1932473927736282 -0.8325689733028412 4.700000000000003
      vertex 3.6371769830584526 0.9483138471841812 4.700000000000003
      vertex 3.1932473927736282 0.8325689733028412 4.700000000000003
    endloop
  endfacet
  facet normal 0 0 1
    outer loop
      vertex 3.6371769830584526 -0.9483138471841812 4.700000000000003
      vertex 3.901781886816025 0.9494626596570015 4.700000000000003
      vertex 3.6371769830584526 0.9483138471841812 4.700000000000003
    endloop
  endfacet
  facet normal 0 0 1
    outer loop
      vertex 2.8095541398136143 1.3101166113961682 4.700000000000003
      vertex 2.8466820493340492 1.6692517176270485 4.700000000000003
      vertex 2.6846787517317594 1.5499999999999998 4.700000000000003
    endloop
  endfacet
  facet normal 0 0 1
    outer loop
      vertex 2.8095541398136143 1.3101166113961682 4.700000000000003
      vertex 2.9130471244363156 1.060262444309573 4.700000000000003
      vertex 2.8466820493340492 1.6692517176270485 4.700000000000003
    endloop
  endfacet
  facet normal 0 0 1
    outer loop
      vertex 2.5393713372958744 1.7780869526882426 4.700000000000003
      vertex 2.6846787517317594 1.5499999999999998 4.700000000000003
      vertex 2.8466820493340492 1.6692517176270485 4.700000000000003
    endloop
  endfacet
  facet normal 0 0 1
    outer loop
      vertex 1.9013133570551872 3.242431655526161 4.700000000000003
      vertex 2.8466820493340492 1.6692517176270485 4.700000000000003
      vertex 3.242431655526161 1.9013133570551872 4.700000000000003
    endloop
  endfacet
  facet normal 0 0 1
    outer loop
      vertex 2.087604947388172 3.4303479120135307 4.700000000000003
      vertex 3.242431655526161 1.9013133570551872 4.700000000000003
      vertex 3.4303479120135307 2.087604947388172 4.700000000000003
    endloop
  endfacet
  facet normal 0 0 1
    outer loop
      vertex 3.901781886816025 -0.9494626596570015 4.700000000000003
      vertex 4.178568921983242 0.8910301327705383 4.700000000000003
      vertex 3.901781886816025 0.9494626596570015 4.700000000000003
    endloop
  endfacet
  facet normal 0 0 1
    outer loop
      vertex 4.178568921983242 -0.8910301327705383 4.700000000000003
      vertex 4.460502326488495 0.786924198269844 4.700000000000003
      vertex 4.178568921983242 0.8910301327705383 4.700000000000003
    endloop
  endfacet
  facet normal 0 0 1
    outer loop
      vertex 4.460502326488495 -0.786924198269844 4.700000000000003
      vertex 4.74315121024847 0.6409141942858696 4.700000000000003
      vertex 4.460502326488495 0.786924198269844 4.700000000000003
    endloop
  endfacet
  facet normal 0 0 1
    outer loop
      vertex 4.74315121024847 -0.6409141942858696 4.700000000000003
      vertex 5.02257527410984 0.45484262704849243 4.700000000000003
      vertex 4.74315121024847 0.6409141942858696 4.700000000000003
    endloop
  endfacet
  facet normal 0 0 1
    outer loop
      vertex 5.02257527410984 -0.45484262704849243 4.700000000000003
      vertex 5.295009829103947 0.22993676364421844 4.700000000000003
      vertex 5.02257527410984 0.45484262704849243 4.700000000000003
    endloop
  endfacet
  facet normal 0 0 -1
    outer loop
      vertex 2.324640966951847 3.5847478732466698 0
      vertex 2.5976120084524155 3.7104908749461174 0
      vertex 3.5847478732466698 2.324640966951847 0
    endloop
  endfacet
  facet normal 0 0 -1
    outer loop
      vertex 2.324640966951847 3.5847478732466698 0
      vertex 3.5847478732466698 2.324640966951847 0
      vertex 3.4303479120135307 2.087604947388172 0
    endloop
  endfacet
  facet normal 0 0 -1
    outer loop
      vertex 2.5976120084524155 3.7104908749461174 0
      vertex 3.7104908749461174 2.5976120084524155 0
      vertex 3.5847478732466698 2.324640966951847 0
    endloop
  endfacet
  facet normal 0 0 -1
    outer loop
      vertex 2.5976120084524155 3.7104908749461174 0
      vertex 2.9007196128368378 3.8071091547608376 0
      vertex 3.7104908749461174 2.5976120084524155 0
    endloop
  endfacet
  facet normal -0.30370298824554737 0.9527667578850161 0
    outer loop
      vertex 2.5976120084524155 3.7104908749461174 0
      vertex 2.9007196128368378 3.8071091547608376 4.700000000000003
      vertex 2.9007196128368378 3.8071091547608376 0
    endloop
  endfacet
  facet normal -0.19662926221421692 0.9804779106339382 0
    outer loop
      vertex 2.9007196128368378 3.8071091547608376 0
      vertex 3.2298747301101685 3.8731193393468857 4.700000000000003
      vertex 3.2298747301101685 3.8731193393468857 0
    endloop
  endfacet
  facet normal 0 0 -1
    outer loop
      vertex 3.7104908749461174 2.5976120084524155 0
      vertex 2.9007196128368378 3.8071091547608376 0
      vertex 3.8071091547608376 2.9007196128368378 0
    endloop
  endfacet
  facet normal 0.9527667578850161 -0.30370298824554737 0
    outer loop
      vertex 3.7104908749461174 2.5976120084524155 0
      vertex 3.8071091547608376 2.9007196128368378 0
      vertex 3.7104908749461174 2.5976120084524155 4.700000000000003
    endloop
  endfacet
  facet normal 0.9804779106339382 -0.19662926221421692 0
    outer loop
      vertex 3.8071091547608376 2.9007196128368378 0
      vertex 3.8731193393468857 3.2298747301101685 0
      vertex 3.8071091547608376 2.9007196128368378 4.700000000000003
    endloop
  endfacet
  facet normal 0 0 -1
    outer loop
      vertex 2.9007196128368378 3.8071091547608376 0
      vertex 3.2298747301101685 3.8731193393468857 0
      vertex 3.8071091547608376 2.9007196128368378 0
    endloop
  endfacet
  facet normal 0 0 -1
    outer loop
      vertex 3.2298747301101685 3.8731193393468857 0
      vertex 3.8731193393468857 3.2298747301101685 0
      vertex 3.8071091547608376 2.9007196128368378 0
    endloop
  endfacet
  facet normal 0 0 -1
    outer loop
      vertex 3.2298747301101685 3.8731193393468857 0
      vertex 3.581547513604164 3.9067272022366524 0
      vertex 3.8731193393468857 3.2298747301101685 0
    endloop
  endfacet
  facet normal 0 0 -1
    outer loop
      vertex 3.8731193393468857 3.2298747301101685 0
      vertex 3.581547513604164 3.9067272022366524 0
      vertex 3.9067272022366524 3.581547513604164 0
    endloop
  endfacet
  facet normal -0.09513229527770604 0.9954646384453822 0
    outer loop
      vertex 3.2298747301101685 3.8731193393468857 0
      vertex 3.581547513604164 3.9067272022366524 4.700000000000003
      vertex 3.581547513604164 3.9067272022366524 0
    endloop
  endfacet
  facet normal 0.9954646384453822 -0.09513229527770604 0
    outer loop
      vertex 3.8731193393468857 3.2298747301101685 0
      vertex 3.9067272022366524 3.581547513604164 0
      vertex 3.8731193393468857 3.2298747301101685 4.700000000000003
    endloop
  endfacet
  facet normal 0.7071067811865476 0.7071067811865476 0
    outer loop
      vertex 3.581547513604164 3.9067272022366524 0
      vertex 3.9067272022366524 3.581547513604164 4.700000000000003
      vertex 3.9067272022366524 3.581547513604164 0
    endloop
  endfacet
  facet normal -0.30370298824554737 0.9527667578850161 0
    outer loop
      vertex 2.5976120084524155 3.7104908749461174 0
      vertex 2.5976120084524155 3.7104908749461174 4.700000000000003
      vertex 2.9007196128368378 3.8071091547608376 4.700000000000003
    endloop
  endfacet
  facet normal -0.19662926221421692 0.9804779106339382 0
    outer loop
      vertex 2.9007196128368378 3.8071091547608376 0
      vertex 2.9007196128368378 3.8071091547608376 4.700000000000003
      vertex 3.2298747301101685 3.8731193393468857 4.700000000000003
    endloop
  endfacet
  facet normal 0.9527667578850161 -0.30370298824554737 0
    outer loop
      vertex 3.7104908749461174 2.5976120084524155 4.700000000000003
      vertex 3.8071091547608376 2.9007196128368378 0
      vertex 3.8071091547608376 2.9007196128368378 4.700000000000003
    endloop
  endfacet
  facet normal 0.9804779106339382 -0.19662926221421692 0
    outer loop
      vertex 3.8731193393468857 3.2298747301101685 0
      vertex 3.8731193393468857 3.2298747301101685 4.700000000000003
      vertex 3.8071091547608376 2.9007196128368378 4.700000000000003
    endloop
  endfacet
  facet normal -0.09513229527770604 0.9954646384453822 0
    outer loop
      vertex 3.2298747301101685 3.8731193393468857 0
      vertex 3.2298747301101685 3.8731193393468857 4.700000000000003
      vertex 3.581547513604164 3.9067272022366524 4.700000000000003
    endloop
  endfacet
  facet normal 0.9954646384453822 -0.09513229527770604 0
    outer loop
      vertex 3.9067272022366524 3.581547513604164 0
      vertex 3.9067272022366524 3.581547513604164 4.700000000000003
      vertex 3.8731193393468857 3.2298747301101685 4.700000000000003
    endloop
  endfacet
  facet normal 0.7071067811865476 0.7071067811865476 0
    outer loop
      vertex 3.581547513604164 3.9067272022366524 0
      vertex 3.581547513604164 3.9067272022366524 4.700000000000003
      vertex 3.9067272022366524 3.581547513604164 4.700000000000003
    endloop
  endfacet
  facet normal 0 0 1
    outer loop
      vertex 2.324640966951847 3.5847478732466698 4.700000000000003
      vertex 3.5847478732466698 2.324640966951847 4.700000000000003
      vertex 2.5976120084524155 3.7104908749461174 4.700000000000003
    endloop
  endfacet
  facet normal 0 0 1
    outer loop
      vertex 2.324640966951847 3.5847478732466698 4.700000000000003
      vertex 3.4303479120135307 2.087604947388172 4.700000000000003
      vertex 3.5847478732466698 2.324640966951847 4.700000000000003
    endloop
  endfacet
  facet normal 0 0 1
    outer loop
      vertex 2.5976120084524155 3.7104908749461174 4.700000000000003
      vertex 3.5847478732466698 2.324640966951847 4.700000000000003
      vertex 3.7104908749461174 2.5976120084524155 4.700000000000003
    endloop
  endfacet
  facet normal 0 0 1
    outer loop
      vertex 2.5976120084524155 3.7104908749461174 4.700000000000003
      vertex 3.7104908749461174 2.5976120084524155 4.700000000000003
      vertex 2.9007196128368378 3.8071091547608376 4.700000000000003
    endloop
  endfacet
  facet normal 0 0 1
    outer loop
      vertex 3.7104908749461174 2.5976120084524155 4.700000000000003
      vertex 3.8071091547608376 2.9007196128368378 4.700000000000003
      vertex 2.9007196128368378 3.8071091547608376 4.700000000000003
    endloop
  endfacet
  facet normal 0 0 1
    outer loop
      vertex 2.9007196128368378 3.8071091547608376 4.700000000000003
      vertex 3.8071091547608376 2.9007196128368378 4.700000000000003
      vertex 3.2298747301101685 3.8731193393468857 4.700000000000003
    endloop
  endfacet
  facet normal 0 0 1
    outer loop
      vertex 3.2298747301101685 3.8731193393468857 4.700000000000003
      vertex 3.8071091547608376 2.9007196128368378 4.700000000000003
      vertex 3.8731193393468857 3.2298747301101685 4.700000000000003
    endloop
  endfacet
  facet normal 0 0 1
    outer loop
      vertex 3.2298747301101685 3.8731193393468857 4.700000000000003
      vertex 3.8731193393468857 3.2298747301101685 4.700000000000003
      vertex 3.581547513604164 3.9067272022366524 4.700000000000003
    endloop
  endfacet
  facet normal 0 0 1
    outer loop
      vertex 3.8731193393468857 3.2298747301101685 4.700000000000003
      vertex 3.9067272022366524 3.581547513604164 4.700000000000003
      vertex 3.581547513604164 3.9067272022366524 4.700000000000003
    endloop
  endfacet
  facet normal -0.8870108331782217 -0.4617486132350337 0
    outer loop
      vertex -2.6846787517317594 -1.5499999999999998 4.700000000000003
      vertex -2.6846787517317594 -1.5499999999999998 15.400000000000006
      vertex -2.8095541398136143 -1.3101166113961682 4.700000000000003
    endloop
  endfacet
  facet normal -0.9762960071199335 -0.21643961393810232 0
    outer loop
      vertex -2.9943700614961113 -0.8023390398178142 4.700000000000003
      vertex -2.9943700614961113 -0.8023390398178142 15.400000000000006
      vertex -3.0529040343378444 -0.538309350767484 4.700000000000003
    endloop
  endfacet
  facet normal -0.9238795325112865 -0.3826834323650903 0
    outer loop
      vertex -2.9130471244363156 -1.060262444309573 4.700000000000003
      vertex -2.8095541398136143 -1.3101166113961682 4.700000000000003
      vertex -2.8095541398136143 -1.3101166113961682 15.400000000000006
    endloop
  endfacet
  facet normal -0.9537169507482269 -0.3007057995042729 0
    outer loop
      vertex -2.9943700614961113 -0.8023390398178142 4.700000000000003
      vertex -2.9130471244363156 -1.060262444309573 4.700000000000003
      vertex -2.9130471244363156 -1.060262444309573 15.400000000000006
    endloop
  endfacet
  facet normal -0.9914448613738104 -0.13052619222005232 0
    outer loop
      vertex -3.0529040343378444 -0.538309350767484 4.700000000000003
      vertex -3.0529040343378444 -0.538309350767484 15.400000000000006
      vertex -3.0882035640844108 -0.2701828025177403 4.700000000000003
    endloop
  endfacet
  facet normal -0.9990482215818578 -0.04361938736533611 0
    outer loop
      vertex -3.0882035640844108 -0.2701828025177403 4.700000000000003
      vertex -3.0882035640844108 -0.2701828025177403 15.400000000000006
      vertex -3.0999999999999996 0 4.700000000000003
    endloop
  endfacet
  facet normal -0.8870108331782217 -0.4617486132350337 0
    outer loop
      vertex -2.8095541398136143 -1.3101166113961682 4.700000000000003
      vertex -2.6846787517317594 -1.5499999999999998 15.400000000000006
      vertex -2.8095541398136143 -1.3101166113961682 15.400000000000006
    endloop
  endfacet
  facet normal -0.9238795325112865 -0.3826834323650903 0
    outer loop
      vertex -2.9130471244363156 -1.060262444309573 4.700000000000003
      vertex -2.8095541398136143 -1.3101166113961682 15.400000000000006
      vertex -2.9130471244363156 -1.060262444309573 15.400000000000006
    endloop
  endfacet
  facet normal -0.9537169507482269 -0.3007057995042729 0
    outer loop
      vertex -2.9943700614961113 -0.8023390398178142 4.700000000000003
      vertex -2.9130471244363156 -1.060262444309573 15.400000000000006
      vertex -2.9943700614961113 -0.8023390398178142 15.400000000000006
    endloop
  endfacet
  facet normal -0.9762960071199335 -0.21643961393810232 0
    outer loop
      vertex -3.0529040343378444 -0.538309350767484 4.700000000000003
      vertex -2.9943700614961113 -0.8023390398178142 15.400000000000006
      vertex -3.0529040343378444 -0.538309350767484 15.400000000000006
    endloop
  endfacet
  facet normal -0.9914448613738104 -0.13052619222005232 0
    outer loop
      vertex -3.0882035640844108 -0.2701828025177403 4.700000000000003
      vertex -3.0529040343378444 -0.538309350767484 15.400000000000006
      vertex -3.0882035640844108 -0.2701828025177403 15.400000000000006
    endloop
  endfacet
  facet normal -0.9990482215818578 -0.04361938736533611 0
    outer loop
      vertex -3.0882035640844108 -0.2701828025177403 15.400000000000006
      vertex -3.0999999999999996 0 15.400000000000006
      vertex -3.0999999999999996 0 4.700000000000003
    endloop
  endfacet
  facet normal 0 0 1
    outer loop
      vertex -3.0529040343378444 -0.538309350767484 15.400000000000006
      vertex -3.0882035640844108 0.2701828025177403 15.400000000000006
      vertex -3.0882035640844108 -0.2701828025177403 15.400000000000006
    endloop
  endfacet
  facet normal 0 0 1
    outer loop
      vertex -2.9943700614961113 -0.8023390398178142 15.400000000000006
      vertex -3.0529040343378444 0.538309350767484 15.400000000000006
      vertex -3.0529040343378444 -0.538309350767484 15.400000000000006
    endloop
  endfacet
  facet normal 0 0 1
    outer loop
      vertex -2.9943700614961113 -0.8023390398178142 15.400000000000006
      vertex -2.9130471244363156 -1.060262444309573 15.400000000000006
      vertex -2.9943700614961113 0.8023390398178142 15.400000000000006
    endloop
  endfacet
  facet normal 0 0 1
    outer loop
      vertex -2.9130471244363156 -1.060262444309573 15.400000000000006
      vertex -2.8095541398136143 -1.3101166113961682 15.400000000000006
      vertex -2.9130471244363156 1.060262444309573 15.400000000000006
    endloop
  endfacet
  facet normal 0 0 1
    outer loop
      vertex -2.6846787517317594 -1.5499999999999998 15.400000000000006
      vertex -2.8095541398136143 1.3101166113961682 15.400000000000006
      vertex -2.8095541398136143 -1.3101166113961682 15.400000000000006
    endloop
  endfacet
  facet normal -0.4617486132350337 -0.8870108331782217 0
    outer loop
      vertex -1.5499999999999998 -2.6846787517317594 4.700000000000003
      vertex -1.3101166113961682 -2.8095541398136143 4.700000000000003
      vertex -1.3101166113961682 -2.8095541398136143 15.400000000000006
    endloop
  endfacet
  facet normal -0.3826834323650903 -0.9238795325112865 0
    outer loop
      vertex -1.3101166113961682 -2.8095541398136143 4.700000000000003
      vertex -1.060262444309573 -2.9130471244363156 4.700000000000003
      vertex -1.060262444309573 -2.9130471244363156 15.400000000000006
    endloop
  endfacet
  facet normal -0.3007057995042729 -0.9537169507482269 0
    outer loop
      vertex -1.060262444309573 -2.9130471244363156 4.700000000000003
      vertex -0.8023390398178142 -2.9943700614961113 4.700000000000003
      vertex -0.8023390398178142 -2.9943700614961113 15.400000000000006
    endloop
  endfacet
  facet normal -0.21643961393810232 -0.9762960071199335 0
    outer loop
      vertex -0.8023390398178142 -2.9943700614961113 4.700000000000003
      vertex -0.538309350767484 -3.0529040343378444 4.700000000000003
      vertex -0.538309350767484 -3.0529040343378444 15.400000000000006
    endloop
  endfacet
  facet normal -0.13052619222005232 -0.9914448613738104 0
    outer loop
      vertex -0.538309350767484 -3.0529040343378444 4.700000000000003
      vertex -0.2701828025177403 -3.0882035640844108 4.700000000000003
      vertex -0.2701828025177403 -3.0882035640844108 15.400000000000006
    endloop
  endfacet
  facet normal -0.04361938736533611 -0.9990482215818578 0
    outer loop
      vertex -0.2701828025177403 -3.0882035640844108 4.700000000000003
      vertex 0 -3.0999999999999996 4.700000000000003
      vertex 0 -3.0999999999999996 15.400000000000006
    endloop
  endfacet
  facet normal -0.4617486132350337 -0.8870108331782217 0
    outer loop
      vertex -1.5499999999999998 -2.6846787517317594 4.700000000000003
      vertex -1.3101166113961682 -2.8095541398136143 15.400000000000006
      vertex -1.5499999999999998 -2.6846787517317594 15.400000000000006
    endloop
  endfacet
  facet normal -0.3826834323650903 -0.9238795325112865 0
    outer loop
      vertex -1.3101166113961682 -2.8095541398136143 4.700000000000003
      vertex -1.060262444309573 -2.9130471244363156 15.400000000000006
      vertex -1.3101166113961682 -2.8095541398136143 15.400000000000006
    endloop
  endfacet
  facet normal -0.21643961393810232 -0.9762960071199335 0
    outer loop
      vertex -0.8023390398178142 -2.9943700614961113 4.700000000000003
      vertex -0.538309350767484 -3.0529040343378444 15.400000000000006
      vertex -0.8023390398178142 -2.9943700614961113 15.400000000000006
    endloop
  endfacet
  facet normal -0.3007057995042729 -0.9537169507482269 0
    outer loop
      vertex -1.060262444309573 -2.9130471244363156 4.700000000000003
      vertex -0.8023390398178142 -2.9943700614961113 15.400000000000006
      vertex -1.060262444309573 -2.9130471244363156 15.400000000000006
    endloop
  endfacet
  facet normal -0.13052619222005232 -0.9914448613738104 0
    outer loop
      vertex -0.538309350767484 -3.0529040343378444 4.700000000000003
      vertex -0.2701828025177403 -3.0882035640844108 15.400000000000006
      vertex -0.538309350767484 -3.0529040343378444 15.400000000000006
    endloop
  endfacet
  facet normal -0.04361938736533611 -0.9990482215818578 0
    outer loop
      vertex -0.2701828025177403 -3.0882035640844108 4.700000000000003
      vertex 0 -3.0999999999999996 15.400000000000006
      vertex -0.2701828025177403 -3.0882035640844108 15.400000000000006
    endloop
  endfacet
  facet normal -0.7372773368101255 -0.6755902076156587 0
    outer loop
      vertex -2.3747377736688318 -1.9926415900282715 4.700000000000003
      vertex -2.1920310216782974 -2.1920310216782974 4.700000000000003
      vertex -2.1920310216782974 -2.1920310216782974 15.400000000000006
    endloop
  endfacet
  facet normal -0.6755902076156587 -0.7372773368101255 0
    outer loop
      vertex -1.9926415900282715 -2.3747377736688318 4.700000000000003
      vertex -1.9926415900282715 -2.3747377736688318 15.400000000000006
      vertex -2.1920310216782974 -2.1920310216782974 4.700000000000003
    endloop
  endfacet
  facet normal -0.8433914458128858 -0.5372996083468234 0
    outer loop
      vertex -2.6846787517317594 -1.5499999999999998 4.700000000000003
      vertex -2.5393713372958744 -1.7780869526882426 4.700000000000003
      vertex -2.5393713372958744 -1.7780869526882426 15.400000000000006
    endloop
  endfacet
  facet normal -0.7933533402912349 -0.6087614290087208 0
    outer loop
      vertex -2.3747377736688318 -1.9926415900282715 4.700000000000003
      vertex -2.3747377736688318 -1.9926415900282715 15.400000000000006
      vertex -2.5393713372958744 -1.7780869526882426 4.700000000000003
    endloop
  endfacet
  facet normal -0.6087614290087208 -0.7933533402912349 0
    outer loop
      vertex -1.9926415900282715 -2.3747377736688318 4.700000000000003
      vertex -1.7780869526882426 -2.5393713372958744 4.700000000000003
      vertex -1.7780869526882426 -2.5393713372958744 15.400000000000006
    endloop
  endfacet
  facet normal -0.5372996083468234 -0.8433914458128858 0
    outer loop
      vertex -1.5499999999999998 -2.6846787517317594 4.700000000000003
      vertex -1.5499999999999998 -2.6846787517317594 15.400000000000006
      vertex -1.7780869526882426 -2.5393713372958744 4.700000000000003
    endloop
  endfacet
  facet normal -0.7372773368101255 -0.6755902076156587 0
    outer loop
      vertex -2.3747377736688318 -1.9926415900282715 4.700000000000003
      vertex -2.1920310216782974 -2.1920310216782974 15.400000000000006
      vertex -2.3747377736688318 -1.9926415900282715 15.400000000000006
    endloop
  endfacet
  facet normal -0.6755902076156587 -0.7372773368101255 0
    outer loop
      vertex -2.1920310216782974 -2.1920310216782974 4.700000000000003
      vertex -1.9926415900282715 -2.3747377736688318 15.400000000000006
      vertex -2.1920310216782974 -2.1920310216782974 15.400000000000006
    endloop
  endfacet
  facet normal -0.7933533402912349 -0.6087614290087208 0
    outer loop
      vertex -2.5393713372958744 -1.7780869526882426 4.700000000000003
      vertex -2.3747377736688318 -1.9926415900282715 15.400000000000006
      vertex -2.5393713372958744 -1.7780869526882426 15.400000000000006
    endloop
  endfacet
  facet normal -0.8433914458128858 -0.5372996083468234 0
    outer loop
      vertex -2.6846787517317594 -1.5499999999999998 4.700000000000003
      vertex -2.5393713372958744 -1.7780869526882426 15.400000000000006
      vertex -2.6846787517317594 -1.5499999999999998 15.400000000000006
    endloop
  endfacet
  facet normal -0.6087614290087208 -0.7933533402912349 0
    outer loop
      vertex -1.9926415900282715 -2.3747377736688318 4.700000000000003
      vertex -1.7780869526882426 -2.5393713372958744 15.400000000000006
      vertex -1.9926415900282715 -2.3747377736688318 15.400000000000006
    endloop
  endfacet
  facet normal -0.5372996083468234 -0.8433914458128858 0
    outer loop
      vertex -1.7780869526882426 -2.5393713372958744 4.700000000000003
      vertex -1.5499999999999998 -2.6846787517317594 15.400000000000006
      vertex -1.7780869526882426 -2.5393713372958744 15.400000000000006
    endloop
  endfacet
  facet normal 0 0 1
    outer loop
      vertex -1.5499999999999998 -2.6846787517317594 15.400000000000006
      vertex -1.3101166113961682 -2.8095541398136143 15.400000000000006
      vertex -1.4591555371290064 -0.6804154014025261 15.400000000000006
    endloop
  endfacet
  facet normal 0 0 1
    outer loop
      vertex -1.3101166113961682 -2.8095541398136143 15.400000000000006
      vertex -1.3188347913052767 -0.923458062525184 15.400000000000006
      vertex -1.394300900092946 -0.8049999999999999 15.400000000000006
    endloop
  endfacet
  facet normal 0 0 1
    outer loop
      vertex -1.3101166113961682 -2.8095541398136143 15.400000000000006
      vertex -1.394300900092946 -0.8049999999999999 15.400000000000006
      vertex -1.4591555371290064 -0.6804154014025261 15.400000000000006
    endloop
  endfacet
  facet normal 0 0 1
    outer loop
      vertex -2.3747377736688318 -1.9926415900282715 15.400000000000006
      vertex -2.5393713372958744 1.7780869526882426 15.400000000000006
      vertex -2.5393713372958744 -1.7780869526882426 15.400000000000006
    endloop
  endfacet
  facet normal 0 0 1
    outer loop
      vertex -2.3747377736688318 -1.9926415900282715 15.400000000000006
      vertex -2.1920310216782974 -2.1920310216782974 15.400000000000006
      vertex -2.3747377736688318 1.9926415900282715 15.400000000000006
    endloop
  endfacet
  facet normal 0 0 1
    outer loop
      vertex -1.9926415900282715 -2.3747377736688318 15.400000000000006
      vertex -2.1920310216782974 2.1920310216782974 15.400000000000006
      vertex -2.1920310216782974 -2.1920310216782974 15.400000000000006
    endloop
  endfacet
  facet normal 0 0 1
    outer loop
      vertex -2.6846787517317594 -1.5499999999999998 15.400000000000006
      vertex -2.5393713372958744 -1.7780869526882426 15.400000000000006
      vertex -2.6846787517317594 1.5499999999999998 15.400000000000006
    endloop
  endfacet
  facet normal 0 0 1
    outer loop
      vertex -1.9926415900282715 -2.3747377736688318 15.400000000000006
      vertex -1.7780869526882426 -2.5393713372958744 15.400000000000006
      vertex -1.9926415900282715 2.3747377736688318 15.400000000000006
    endloop
  endfacet
  facet normal 0 0 1
    outer loop
      vertex -1.5499999999999998 -2.6846787517317594 15.400000000000006
      vertex -1.7780869526882426 2.5393713372958744 15.400000000000006
      vertex -1.7780869526882426 -2.5393713372958744 15.400000000000006
    endloop
  endfacet
  facet normal 0 0 1
    outer loop
      vertex -1.5499999999999998 -2.6846787517317594 15.400000000000006
      vertex -1.4591555371290064 -0.6804154014025261 15.400000000000006
      vertex -1.5129051194653125 -0.5506524307543266 15.400000000000006
    endloop
  endfacet
  facet normal 0 0 1
    outer loop
      vertex -1.5499999999999998 -2.6846787517317594 15.400000000000006
      vertex -1.5129051194653125 -0.5506524307543266 15.400000000000006
      vertex -1.5551405803254 -0.41669866261505834 15.400000000000006
    endloop
  endfacet
  facet normal 0 0 1
    outer loop
      vertex -1.5499999999999998 -2.6846787517317594 15.400000000000006
      vertex -1.5855404823496548 -0.2795735660437578 15.400000000000006
      vertex -1.6038734639277101 -0.14032074582372964 15.400000000000006
    endloop
  endfacet
  facet normal 0 0 1
    outer loop
      vertex -1.5499999999999998 -2.6846787517317594 15.400000000000006
      vertex -1.5551405803254 -0.41669866261505834 15.400000000000006
      vertex -1.5855404823496548 -0.2795735660437578 15.400000000000006
    endloop
  endfacet
  facet normal 0 0 1
    outer loop
      vertex -1.5499999999999998 -2.6846787517317594 15.400000000000006
      vertex -1.6038734639277101 -0.14032074582372964 15.400000000000006
      vertex -1.7780869526882426 2.5393713372958744 15.400000000000006
    endloop
  endfacet
  facet normal 0 0 1
    outer loop
      vertex -1.3101166113961682 -2.8095541398136143 15.400000000000006
      vertex -1.060262444309573 -2.9130471244363156 15.400000000000006
      vertex -1.1384419177103415 -1.1384419177103415 15.400000000000006
    endloop
  endfacet
  facet normal 0 0 1
    outer loop
      vertex -1.060262444309573 -2.9130471244363156 15.400000000000006
      vertex -0.8023390398178142 -2.9943700614961113 15.400000000000006
      vertex -0.923458062525184 -1.3188347913052767 15.400000000000006
    endloop
  endfacet
  facet normal 0 0 1
    outer loop
      vertex -0.8023390398178142 -2.9943700614961113 15.400000000000006
      vertex -0.538309350767484 -3.0529040343378444 15.400000000000006
      vertex -0.6804154014025261 -1.4591555371290064 15.400000000000006
    endloop
  endfacet
  facet normal 0 0 1
    outer loop
      vertex -1.3101166113961682 -2.8095541398136143 15.400000000000006
      vertex -1.1384419177103415 -1.1384419177103415 15.400000000000006
      vertex -1.2333315534215545 -1.034888051595328 15.400000000000006
    endloop
  endfacet
  facet normal 0 0 1
    outer loop
      vertex -1.060262444309573 -2.9130471244363156 15.400000000000006
      vertex -0.923458062525184 -1.3188347913052767 15.400000000000006
      vertex -1.034888051595328 -1.2333315534215545 15.400000000000006
    endloop
  endfacet
  facet normal 0 0 1
    outer loop
      vertex -1.060262444309573 -2.9130471244363156 15.400000000000006
      vertex -1.034888051595328 -1.2333315534215545 15.400000000000006
      vertex -1.1384419177103415 -1.1384419177103415 15.400000000000006
    endloop
  endfacet
  facet normal 0 0 1
    outer loop
      vertex -1.3101166113961682 -2.8095541398136143 15.400000000000006
      vertex -1.2333315534215545 -1.034888051595328 15.400000000000006
      vertex -1.3188347913052767 -0.923458062525184 15.400000000000006
    endloop
  endfacet
  facet normal 0 0 1
    outer loop
      vertex -0.8023390398178142 -2.9943700614961113 15.400000000000006
      vertex -0.8049999999999999 -1.394300900092946 15.400000000000006
      vertex -0.923458062525184 -1.3188347913052767 15.400000000000006
    endloop
  endfacet
  facet normal 0 0 1
    outer loop
      vertex -0.8023390398178142 -2.9943700614961113 15.400000000000006
      vertex -0.6804154014025261 -1.4591555371290064 15.400000000000006
      vertex -0.8049999999999999 -1.394300900092946 15.400000000000006
    endloop
  endfacet
  facet normal 0 0 1
    outer loop
      vertex -0.538309350767484 -3.0529040343378444 15.400000000000006
      vertex -0.2701828025177403 -3.0882035640844108 15.400000000000006
      vertex -0.41669866261505834 -1.5551405803254 15.400000000000006
    endloop
  endfacet
  facet normal 0 0 1
    outer loop
      vertex -0.538309350767484 -3.0529040343378444 15.400000000000006
      vertex -0.5506524307543266 -1.5129051194653125 15.400000000000006
      vertex -0.6804154014025261 -1.4591555371290064 15.400000000000006
    endloop
  endfacet
  facet normal 0 0 1
    outer loop
      vertex -0.538309350767484 -3.0529040343378444 15.400000000000006
      vertex -0.41669866261505834 -1.5551405803254 15.400000000000006
      vertex -0.5506524307543266 -1.5129051194653125 15.400000000000006
    endloop
  endfacet
  facet normal 0 0 1
    outer loop
      vertex -0.2701828025177403 -3.0882035640844108 15.400000000000006
      vertex 0 -3.0999999999999996 15.400000000000006
      vertex -0.14032074582372964 -1.6038734639277101 15.400000000000006
    endloop
  endfacet
  facet normal 0 0 1
    outer loop
      vertex -0.2701828025177403 -3.0882035640844108 15.400000000000006
      vertex -0.2795735660437578 -1.5855404823496548 15.400000000000006
      vertex -0.41669866261505834 -1.5551405803254 15.400000000000006
    endloop
  endfacet
  facet normal 0 0 1
    outer loop
      vertex -0.2701828025177403 -3.0882035640844108 15.400000000000006
      vertex -0.14032074582372964 -1.6038734639277101 15.400000000000006
      vertex -0.2795735660437578 -1.5855404823496548 15.400000000000006
    endloop
  endfacet
  facet normal 0 0 1
    outer loop
      vertex 0 -3.0999999999999996 15.400000000000006
      vertex 0 -1.6099999999999999 15.400000000000006
      vertex -0.14032074582372964 -1.6038734639277101 15.400000000000006
    endloop
  endfacet
  facet normal -0.9990482215818578 0.04361938736533611 0
    outer loop
      vertex -3.0999999999999996 0 4.700000000000003
      vertex -3.0999999999999996 0 15.400000000000006
      vertex -3.0882035640844108 0.2701828025177403 4.700000000000003
    endloop
  endfacet
  facet normal -0.9914448613738104 0.13052619222005232 0
    outer loop
      vertex -3.0882035640844108 0.2701828025177403 4.700000000000003
      vertex -3.0882035640844108 0.2701828025177403 15.400000000000006
      vertex -3.0529040343378444 0.538309350767484 4.700000000000003
    endloop
  endfacet
  facet normal -0.9762960071199335 0.21643961393810232 0
    outer loop
      vertex -3.0529040343378444 0.538309350767484 4.700000000000003
      vertex -3.0529040343378444 0.538309350767484 15.400000000000006
      vertex -2.9943700614961113 0.8023390398178142 4.700000000000003
    endloop
  endfacet
  facet normal -0.9537169507482269 0.3007057995042729 0
    outer loop
      vertex -2.9943700614961113 0.8023390398178142 4.700000000000003
      vertex -2.9943700614961113 0.8023390398178142 15.400000000000006
      vertex -2.9130471244363156 1.060262444309573 4.700000000000003
    endloop
  endfacet
  facet normal -0.9238795325112865 0.3826834323650903 0
    outer loop
      vertex -2.9130471244363156 1.060262444309573 4.700000000000003
      vertex -2.9130471244363156 1.060262444309573 15.400000000000006
      vertex -2.8095541398136143 1.3101166113961682 4.700000000000003
    endloop
  endfacet
  facet normal -0.8870108331782217 0.4617486132350337 0
    outer loop
      vertex -2.8095541398136143 1.3101166113961682 4.700000000000003
      vertex -2.8095541398136143 1.3101166113961682 15.400000000000006
      vertex -2.6846787517317594 1.5499999999999998 4.700000000000003
    endloop
  endfacet
  facet normal -0.9990482215818578 0.04361938736533611 0
    outer loop
      vertex -3.0882035640844108 0.2701828025177403 4.700000000000003
      vertex -3.0999999999999996 0 15.400000000000006
      vertex -3.0882035640844108 0.2701828025177403 15.400000000000006
    endloop
  endfacet
  facet normal -0.9914448613738104 0.13052619222005232 0
    outer loop
      vertex -3.0529040343378444 0.538309350767484 4.700000000000003
      vertex -3.0882035640844108 0.2701828025177403 15.400000000000006
      vertex -3.0529040343378444 0.538309350767484 15.400000000000006
    endloop
  endfacet
  facet normal -0.9762960071199335 0.21643961393810232 0
    outer loop
      vertex -2.9943700614961113 0.8023390398178142 4.700000000000003
      vertex -3.0529040343378444 0.538309350767484 15.400000000000006
      vertex -2.9943700614961113 0.8023390398178142 15.400000000000006
    endloop
  endfacet
  facet normal -0.9537169507482269 0.3007057995042729 0
    outer loop
      vertex -2.9130471244363156 1.060262444309573 4.700000000000003
      vertex -2.9943700614961113 0.8023390398178142 15.400000000000006
      vertex -2.9130471244363156 1.060262444309573 15.400000000000006
    endloop
  endfacet
  facet normal -0.9238795325112865 0.3826834323650903 0
    outer loop
      vertex -2.8095541398136143 1.3101166113961682 4.700000000000003
      vertex -2.9130471244363156 1.060262444309573 15.400000000000006
      vertex -2.8095541398136143 1.3101166113961682 15.400000000000006
    endloop
  endfacet
  facet normal 0 0 1
    outer loop
      vertex -3.0882035640844108 -0.2701828025177403 15.400000000000006
      vertex -3.0882035640844108 0.2701828025177403 15.400000000000006
      vertex -3.0999999999999996 0 15.400000000000006
    endloop
  endfacet
  facet normal 0 0 1
    outer loop
      vertex -3.0529040343378444 -0.538309350767484 15.400000000000006
      vertex -3.0529040343378444 0.538309350767484 15.400000000000006
      vertex -3.0882035640844108 0.2701828025177403 15.400000000000006
    endloop
  endfacet
  facet normal 0 0 1
    outer loop
      vertex -2.9943700614961113 -0.8023390398178142 15.400000000000006
      vertex -2.9943700614961113 0.8023390398178142 15.400000000000006
      vertex -3.0529040343378444 0.538309350767484 15.400000000000006
    endloop
  endfacet
  facet normal 0 0 1
    outer loop
      vertex -2.9130471244363156 -1.060262444309573 15.400000000000006
      vertex -2.9130471244363156 1.060262444309573 15.400000000000006
      vertex -2.9943700614961113 0.8023390398178142 15.400000000000006
    endloop
  endfacet
  facet normal 0 0 1
    outer loop
      vertex -2.8095541398136143 -1.3101166113961682 15.400000000000006
      vertex -2.8095541398136143 1.3101166113961682 15.400000000000006
      vertex -2.9130471244363156 1.060262444309573 15.400000000000006
    endloop
  endfacet
  facet normal 0 0 1
    outer loop
      vertex -2.6846787517317594 -1.5499999999999998 15.400000000000006
      vertex -2.6846787517317594 1.5499999999999998 15.400000000000006
      vertex -2.8095541398136143 1.3101166113961682 15.400000000000006
    endloop
  endfacet
  facet normal -0.8870108331782217 0.4617486132350337 0
    outer loop
      vertex -2.6846787517317594 1.5499999999999998 4.700000000000003
      vertex -2.8095541398136143 1.3101166113961682 15.400000000000006
      vertex -2.6846787517317594 1.5499999999999998 15.400000000000006
    endloop
  endfacet
  facet normal -0.8433914458128858 0.5372996083468234 0
    outer loop
      vertex -2.6846787517317594 1.5499999999999998 4.700000000000003
      vertex -2.6846787517317594 1.5499999999999998 15.400000000000006
      vertex -2.5393713372958744 1.7780869526882426 4.700000000000003
    endloop
  endfacet
  facet normal -0.7933533402912349 0.6087614290087208 0
    outer loop
      vertex -2.5393713372958744 1.7780869526882426 4.700000000000003
      vertex -2.5393713372958744 1.7780869526882426 15.400000000000006
      vertex -2.3747377736688318 1.9926415900282715 4.700000000000003
    endloop
  endfacet
  facet normal -0.7372773368101255 0.6755902076156587 0
    outer loop
      vertex -2.3747377736688318 1.9926415900282715 4.700000000000003
      vertex -2.3747377736688318 1.9926415900282715 15.400000000000006
      vertex -2.1920310216782974 2.1920310216782974 4.700000000000003
    endloop
  endfacet
  facet normal -0.6755902076156587 0.7372773368101255 0
    outer loop
      vertex -2.1920310216782974 2.1920310216782974 4.700000000000003
      vertex -2.1920310216782974 2.1920310216782974 15.400000000000006
      vertex -1.9926415900282715 2.3747377736688318 4.700000000000003
    endloop
  endfacet
  facet normal -0.6087614290087208 0.7933533402912349 0
    outer loop
      vertex -1.9926415900282715 2.3747377736688318 4.700000000000003
      vertex -1.9926415900282715 2.3747377736688318 15.400000000000006
      vertex -1.7780869526882426 2.5393713372958744 4.700000000000003
    endloop
  endfacet
  facet normal -0.5372996083468234 0.8433914458128858 0
    outer loop
      vertex -1.7780869526882426 2.5393713372958744 4.700000000000003
      vertex -1.7780869526882426 2.5393713372958744 15.400000000000006
      vertex -1.5499999999999998 2.6846787517317594 4.700000000000003
    endloop
  endfacet
  facet normal 0 0 1
    outer loop
      vertex -2.5393713372958744 -1.7780869526882426 15.400000000000006
      vertex -2.5393713372958744 1.7780869526882426 15.400000000000006
      vertex -2.6846787517317594 1.5499999999999998 15.400000000000006
    endloop
  endfacet
  facet normal 0 0 1
    outer loop
      vertex -2.3747377736688318 -1.9926415900282715 15.400000000000006
      vertex -2.3747377736688318 1.9926415900282715 15.400000000000006
      vertex -2.5393713372958744 1.7780869526882426 15.400000000000006
    endloop
  endfacet
  facet normal 0 0 1
    outer loop
      vertex -2.1920310216782974 -2.1920310216782974 15.400000000000006
      vertex -2.1920310216782974 2.1920310216782974 15.400000000000006
      vertex -2.3747377736688318 1.9926415900282715 15.400000000000006
    endloop
  endfacet
  facet normal 0 0 1
    outer loop
      vertex -1.9926415900282715 -2.3747377736688318 15.400000000000006
      vertex -1.9926415900282715 2.3747377736688318 15.400000000000006
      vertex -2.1920310216782974 2.1920310216782974 15.400000000000006
    endloop
  endfacet
  facet normal 0 0 1
    outer loop
      vertex -1.7780869526882426 -2.5393713372958744 15.400000000000006
      vertex -1.7780869526882426 2.5393713372958744 15.400000000000006
      vertex -1.9926415900282715 2.3747377736688318 15.400000000000006
    endloop
  endfacet
  facet normal 0 0 1
    outer loop
      vertex -1.7780869526882426 2.5393713372958744 15.400000000000006
      vertex -1.6038734639277101 -0.14032074582372964 15.400000000000006
      vertex -1.6099999999999999 0 15.400000000000006
    endloop
  endfacet
  facet normal 0 0 1
    outer loop
      vertex -1.7780869526882426 2.5393713372958744 15.400000000000006
      vertex -1.6099999999999999 0 15.400000000000006
      vertex -1.6038734639277101 0.14032074582372964 15.400000000000006
    endloop
  endfacet
  facet normal 0 0 1
    outer loop
      vertex -1.7780869526882426 2.5393713372958744 15.400000000000006
      vertex -1.6038734639277101 0.14032074582372964 15.400000000000006
      vertex -1.5855404823496548 0.2795735660437578 15.400000000000006
    endloop
  endfacet
  facet normal 0 0 1
    outer loop
      vertex -1.7780869526882426 2.5393713372958744 15.400000000000006
      vertex -1.5855404823496548 0.2795735660437578 15.400000000000006
      vertex -1.5551405803254 0.41669866261505834 15.400000000000006
    endloop
  endfacet
  facet normal 0 0 1
    outer loop
      vertex -1.7780869526882426 2.5393713372958744 15.400000000000006
      vertex -1.5551405803254 0.41669866261505834 15.400000000000006
      vertex -1.5129051194653125 0.5506524307543266 15.400000000000006
    endloop
  endfacet
  facet normal 0 0 1
    outer loop
      vertex -1.5499999999999998 2.6846787517317594 15.400000000000006
      vertex -1.5129051194653125 0.5506524307543266 15.400000000000006
      vertex -1.4591555371290064 0.6804154014025261 15.400000000000006
    endloop
  endfacet
  facet normal -0.8433914458128858 0.5372996083468234 0
    outer loop
      vertex -2.5393713372958744 1.7780869526882426 4.700000000000003
      vertex -2.6846787517317594 1.5499999999999998 15.400000000000006
      vertex -2.5393713372958744 1.7780869526882426 15.400000000000006
    endloop
  endfacet
  facet normal -0.7933533402912349 0.6087614290087208 0
    outer loop
      vertex -2.3747377736688318 1.9926415900282715 4.700000000000003
      vertex -2.5393713372958744 1.7780869526882426 15.400000000000006
      vertex -2.3747377736688318 1.9926415900282715 15.400000000000006
    endloop
  endfacet
  facet normal -0.7372773368101255 0.6755902076156587 0
    outer loop
      vertex -2.1920310216782974 2.1920310216782974 4.700000000000003
      vertex -2.3747377736688318 1.9926415900282715 15.400000000000006
      vertex -2.1920310216782974 2.1920310216782974 15.400000000000006
    endloop
  endfacet
  facet normal -0.6755902076156587 0.7372773368101255 0
    outer loop
      vertex -1.9926415900282715 2.3747377736688318 4.700000000000003
      vertex -2.1920310216782974 2.1920310216782974 15.400000000000006
      vertex -1.9926415900282715 2.3747377736688318 15.400000000000006
    endloop
  endfacet
  facet normal -0.6087614290087208 0.7933533402912349 0
    outer loop
      vertex -1.7780869526882426 2.5393713372958744 4.700000000000003
      vertex -1.9926415900282715 2.3747377736688318 15.400000000000006
      vertex -1.7780869526882426 2.5393713372958744 15.400000000000006
    endloop
  endfacet
  facet normal -0.5372996083468234 0.8433914458128858 0
    outer loop
      vertex -1.5499999999999998 2.6846787517317594 4.700000000000003
      vertex -1.7780869526882426 2.5393713372958744 15.400000000000006
      vertex -1.5499999999999998 2.6846787517317594 15.400000000000006
    endloop
  endfacet
  facet normal 0 0 1
    outer loop
      vertex -1.5499999999999998 2.6846787517317594 15.400000000000006
      vertex -1.4591555371290064 0.6804154014025261 15.400000000000006
      vertex -1.394300900092946 0.8049999999999999 15.400000000000006
    endloop
  endfacet
  facet normal 0 0 1
    outer loop
      vertex -1.5499999999999998 2.6846787517317594 15.400000000000006
      vertex -1.394300900092946 0.8049999999999999 15.400000000000006
      vertex -1.3188347913052767 0.923458062525184 15.400000000000006
    endloop
  endfacet
  facet normal 0 0 1
    outer loop
      vertex -1.5499999999999998 2.6846787517317594 15.400000000000006
      vertex -1.3188347913052767 0.923458062525184 15.400000000000006
      vertex -1.2333315534215545 1.034888051595328 15.400000000000006
    endloop
  endfacet
  facet normal 0 0 1
    outer loop
      vertex -1.7780869526882426 2.5393713372958744 15.400000000000006
      vertex -1.5129051194653125 0.5506524307543266 15.400000000000006
      vertex -1.5499999999999998 2.6846787517317594 15.400000000000006
    endloop
  endfacet
  facet normal 0 0 1
    outer loop
      vertex -1.5499999999999998 2.6846787517317594 15.400000000000006
      vertex -1.2333315534215545 1.034888051595328 15.400000000000006
      vertex -1.3101166113961682 2.8095541398136143 15.400000000000006
    endloop
  endfacet
  facet normal 0 0 1
    outer loop
      vertex -1.3101166113961682 2.8095541398136143 15.400000000000006
      vertex -1.2333315534215545 1.034888051595328 15.400000000000006
      vertex -1.1384419177103415 1.1384419177103415 15.400000000000006
    endloop
  endfacet
  facet normal 0 0 1
    outer loop
      vertex -1.3101166113961682 2.8095541398136143 15.400000000000006
      vertex -1.1384419177103415 1.1384419177103415 15.400000000000006
      vertex -1.034888051595328 1.2333315534215545 15.400000000000006
    endloop
  endfacet
  facet normal 0 0 1
    outer loop
      vertex -1.060262444309573 2.9130471244363156 15.400000000000006
      vertex -1.034888051595328 1.2333315534215545 15.400000000000006
      vertex -0.923458062525184 1.3188347913052767 15.400000000000006
    endloop
  endfacet
  facet normal 0 0 1
    outer loop
      vertex -1.060262444309573 2.9130471244363156 15.400000000000006
      vertex -0.923458062525184 1.3188347913052767 15.400000000000006
      vertex -0.8049999999999999 1.394300900092946 15.400000000000006
    endloop
  endfacet
  facet normal 0 0 1
    outer loop
      vertex -1.060262444309573 2.9130471244363156 15.400000000000006
      vertex -0.8049999999999999 1.394300900092946 15.400000000000006
      vertex -0.6804154014025261 1.4591555371290064 15.400000000000006
    endloop
  endfacet
  facet normal 0 0 1
    outer loop
      vertex -1.3101166113961682 2.8095541398136143 15.400000000000006
      vertex -1.034888051595328 1.2333315534215545 15.400000000000006
      vertex -1.060262444309573 2.9130471244363156 15.400000000000006
    endloop
  endfacet
  facet normal 0 0 1
    outer loop
      vertex -0.8023390398178142 2.9943700614961113 15.400000000000006
      vertex -0.6804154014025261 1.4591555371290064 15.400000000000006
      vertex -0.5506524307543266 1.5129051194653125 15.400000000000006
    endloop
  endfacet
  facet normal 0 0 1
    outer loop
      vertex -1.060262444309573 2.9130471244363156 15.400000000000006
      vertex -0.6804154014025261 1.4591555371290064 15.400000000000006
      vertex -0.8023390398178142 2.9943700614961113 15.400000000000006
    endloop
  endfacet
  facet normal 0 0 1
    outer loop
      vertex -0.8023390398178142 2.9943700614961113 15.400000000000006
      vertex -0.5506524307543266 1.5129051194653125 15.400000000000006
      vertex -0.41669866261505834 1.5551405803254 15.400000000000006
    endloop
  endfacet
  facet normal 0 0 1
    outer loop
      vertex -0.538309350767484 3.0529040343378444 15.400000000000006
      vertex -0.41669866261505834 1.5551405803254 15.400000000000006
      vertex -0.2795735660437578 1.5855404823496548 15.400000000000006
    endloop
  endfacet
  facet normal 0 0 1
    outer loop
      vertex -0.8023390398178142 2.9943700614961113 15.400000000000006
      vertex -0.41669866261505834 1.5551405803254 15.400000000000006
      vertex -0.538309350767484 3.0529040343378444 15.400000000000006
    endloop
  endfacet
  facet normal 0 0 1
    outer loop
      vertex -0.538309350767484 3.0529040343378444 15.400000000000006
      vertex -0.2795735660437578 1.5855404823496548 15.400000000000006
      vertex -0.14032074582372964 1.6038734639277101 15.400000000000006
    endloop
  endfacet
  facet normal 0 0 1
    outer loop
      vertex -0.2701828025177403 3.0882035640844108 15.400000000000006
      vertex -0.14032074582372964 1.6038734639277101 15.400000000000006
      vertex 0 1.6099999999999999 15.400000000000006
    endloop
  endfacet
  facet normal 0 0 1
    outer loop
      vertex -0.538309350767484 3.0529040343378444 15.400000000000006
      vertex -0.14032074582372964 1.6038734639277101 15.400000000000006
      vertex -0.2701828025177403 3.0882035640844108 15.400000000000006
    endloop
  endfacet
  facet normal 0 0 1
    outer loop
      vertex -0.2701828025177403 3.0882035640844108 15.400000000000006
      vertex 0 1.6099999999999999 15.400000000000006
      vertex 0 3.0999999999999996 15.400000000000006
    endloop
  endfacet
  facet normal -0.4617486132350337 0.8870108331782217 0
    outer loop
      vertex -1.5499999999999998 2.6846787517317594 4.700000000000003
      vertex -1.5499999999999998 2.6846787517317594 15.400000000000006
      vertex -1.3101166113961682 2.8095541398136143 4.700000000000003
    endloop
  endfacet
  facet normal -0.3826834323650903 0.9238795325112865 0
    outer loop
      vertex -1.3101166113961682 2.8095541398136143 4.700000000000003
      vertex -1.3101166113961682 2.8095541398136143 15.400000000000006
      vertex -1.060262444309573 2.9130471244363156 4.700000000000003
    endloop
  endfacet
  facet normal -0.3007057995042729 0.9537169507482269 0
    outer loop
      vertex -1.060262444309573 2.9130471244363156 4.700000000000003
      vertex -1.060262444309573 2.9130471244363156 15.400000000000006
      vertex -0.8023390398178142 2.9943700614961113 4.700000000000003
    endloop
  endfacet
  facet normal -0.21643961393810232 0.9762960071199335 0
    outer loop
      vertex -0.8023390398178142 2.9943700614961113 4.700000000000003
      vertex -0.8023390398178142 2.9943700614961113 15.400000000000006
      vertex -0.538309350767484 3.0529040343378444 4.700000000000003
    endloop
  endfacet
  facet normal -0.13052619222005232 0.9914448613738104 0
    outer loop
      vertex -0.538309350767484 3.0529040343378444 4.700000000000003
      vertex -0.538309350767484 3.0529040343378444 15.400000000000006
      vertex -0.2701828025177403 3.0882035640844108 4.700000000000003
    endloop
  endfacet
  facet normal -0.04361938736533611 0.9990482215818578 0
    outer loop
      vertex -0.2701828025177403 3.0882035640844108 4.700000000000003
      vertex -0.2701828025177403 3.0882035640844108 15.400000000000006
      vertex 0 3.0999999999999996 4.700000000000003
    endloop
  endfacet
  facet normal -0.4617486132350337 0.8870108331782217 0
    outer loop
      vertex -1.3101166113961682 2.8095541398136143 4.700000000000003
      vertex -1.5499999999999998 2.6846787517317594 15.400000000000006
      vertex -1.3101166113961682 2.8095541398136143 15.400000000000006
    endloop
  endfacet
  facet normal -0.3826834323650903 0.9238795325112865 0
    outer loop
      vertex -1.060262444309573 2.9130471244363156 4.700000000000003
      vertex -1.3101166113961682 2.8095541398136143 15.400000000000006
      vertex -1.060262444309573 2.9130471244363156 15.400000000000006
    endloop
  endfacet
  facet normal -0.3007057995042729 0.9537169507482269 0
    outer loop
      vertex -0.8023390398178142 2.9943700614961113 4.700000000000003
      vertex -1.060262444309573 2.9130471244363156 15.400000000000006
      vertex -0.8023390398178142 2.9943700614961113 15.400000000000006
    endloop
  endfacet
  facet normal -0.21643961393810232 0.9762960071199335 0
    outer loop
      vertex -0.538309350767484 3.0529040343378444 4.700000000000003
      vertex -0.8023390398178142 2.9943700614961113 15.400000000000006
      vertex -0.538309350767484 3.0529040343378444 15.400000000000006
    endloop
  endfacet
  facet normal -0.13052619222005232 0.9914448613738104 0
    outer loop
      vertex -0.2701828025177403 3.0882035640844108 4.700000000000003
      vertex -0.538309350767484 3.0529040343378444 15.400000000000006
      vertex -0.2701828025177403 3.0882035640844108 15.400000000000006
    endloop
  endfacet
  facet normal -0.04361938736533611 0.9990482215818578 0
    outer loop
      vertex -0.2701828025177403 3.0882035640844108 15.400000000000006
      vertex 0 3.0999999999999996 15.400000000000006
      vertex 0 3.0999999999999996 4.700000000000003
    endloop
  endfacet
  facet normal 0.04361938736533611 -0.9990482215818578 0
    outer loop
      vertex 0 -3.0999999999999996 4.700000000000003
      vertex 0.2701828025177403 -3.0882035640844108 4.700000000000003
      vertex 0.2701828025177403 -3.0882035640844108 15.400000000000006
    endloop
  endfacet
  facet normal 0.13052619222005232 -0.9914448613738104 0
    outer loop
      vertex 0.2701828025177403 -3.0882035640844108 4.700000000000003
      vertex 0.538309350767484 -3.0529040343378444 4.700000000000003
      vertex 0.538309350767484 -3.0529040343378444 15.400000000000006
    endloop
  endfacet
  facet normal 0.21643961393810232 -0.9762960071199335 0
    outer loop
      vertex 0.538309350767484 -3.0529040343378444 4.700000000000003
      vertex 0.8023390398178142 -2.9943700614961113 4.700000000000003
      vertex 0.8023390398178142 -2.9943700614961113 15.400000000000006
    endloop
  endfacet
  facet normal 0.3007057995042729 -0.9537169507482269 0
    outer loop
      vertex 0.8023390398178142 -2.9943700614961113 4.700000000000003
      vertex 1.060262444309573 -2.9130471244363156 4.700000000000003
      vertex 1.060262444309573 -2.9130471244363156 15.400000000000006
    endloop
  endfacet
  facet normal 0.3826834323650903 -0.9238795325112865 0
    outer loop
      vertex 1.060262444309573 -2.9130471244363156 4.700000000000003
      vertex 1.3101166113961682 -2.8095541398136143 4.700000000000003
      vertex 1.3101166113961682 -2.8095541398136143 15.400000000000006
    endloop
  endfacet
  facet normal 0.4617486132350337 -0.8870108331782217 0
    outer loop
      vertex 1.3101166113961682 -2.8095541398136143 4.700000000000003
      vertex 1.5499999999999998 -2.6846787517317594 4.700000000000003
      vertex 1.5499999999999998 -2.6846787517317594 15.400000000000006
    endloop
  endfacet
  facet normal 0.04361938736533611 -0.9990482215818578 0
    outer loop
      vertex 0 -3.0999999999999996 4.700000000000003
      vertex 0.2701828025177403 -3.0882035640844108 15.400000000000006
      vertex 0 -3.0999999999999996 15.400000000000006
    endloop
  endfacet
  facet normal 0.13052619222005232 -0.9914448613738104 0
    outer loop
      vertex 0.2701828025177403 -3.0882035640844108 4.700000000000003
      vertex 0.538309350767484 -3.0529040343378444 15.400000000000006
      vertex 0.2701828025177403 -3.0882035640844108 15.400000000000006
    endloop
  endfacet
  facet normal 0.21643961393810232 -0.9762960071199335 0
    outer loop
      vertex 0.538309350767484 -3.0529040343378444 4.700000000000003
      vertex 0.8023390398178142 -2.9943700614961113 15.400000000000006
      vertex 0.538309350767484 -3.0529040343378444 15.400000000000006
    endloop
  endfacet
  facet normal 0.3007057995042729 -0.9537169507482269 0
    outer loop
      vertex 0.8023390398178142 -2.9943700614961113 4.700000000000003
      vertex 1.060262444309573 -2.9130471244363156 15.400000000000006
      vertex 0.8023390398178142 -2.9943700614961113 15.400000000000006
    endloop
  endfacet
  facet normal 0.3826834323650903 -0.9238795325112865 0
    outer loop
      vertex 1.060262444309573 -2.9130471244363156 4.700000000000003
      vertex 1.3101166113961682 -2.8095541398136143 15.400000000000006
      vertex 1.060262444309573 -2.9130471244363156 15.400000000000006
    endloop
  endfacet
  facet normal 0.4617486132350337 -0.8870108331782217 0
    outer loop
      vertex 1.3101166113961682 -2.8095541398136143 4.700000000000003
      vertex 1.5499999999999998 -2.6846787517317594 15.400000000000006
      vertex 1.3101166113961682 -2.8095541398136143 15.400000000000006
    endloop
  endfacet
  facet normal 0.5372996083468234 -0.8433914458128858 0
    outer loop
      vertex 1.5499999999999998 -2.6846787517317594 4.700000000000003
      vertex 1.7780869526882426 -2.5393713372958744 4.700000000000003
      vertex 1.7780869526882426 -2.5393713372958744 15.400000000000006
    endloop
  endfacet
  facet normal 0.6087614290087208 -0.7933533402912349 0
    outer loop
      vertex 1.7780869526882426 -2.5393713372958744 4.700000000000003
      vertex 1.9926415900282715 -2.3747377736688318 4.700000000000003
      vertex 1.9926415900282715 -2.3747377736688318 15.400000000000006
    endloop
  endfacet
  facet normal 0.6755902076156587 -0.7372773368101255 0
    outer loop
      vertex 1.9926415900282715 -2.3747377736688318 4.700000000000003
      vertex 2.1920310216782974 -2.1920310216782974 4.700000000000003
      vertex 2.1920310216782974 -2.1920310216782974 15.400000000000006
    endloop
  endfacet
  facet normal 0.7372773368101255 -0.6755902076156587 0
    outer loop
      vertex 2.1920310216782974 -2.1920310216782974 4.700000000000003
      vertex 2.3747377736688318 -1.9926415900282715 4.700000000000003
      vertex 2.3747377736688318 -1.9926415900282715 15.400000000000006
    endloop
  endfacet
  facet normal 0.7933533402912349 -0.6087614290087208 0
    outer loop
      vertex 2.3747377736688318 -1.9926415900282715 4.700000000000003
      vertex 2.5393713372958744 -1.7780869526882426 4.700000000000003
      vertex 2.5393713372958744 -1.7780869526882426 15.400000000000006
    endloop
  endfacet
  facet normal 0.8433914458128858 -0.5372996083468234 0
    outer loop
      vertex 2.5393713372958744 -1.7780869526882426 4.700000000000003
      vertex 2.6846787517317594 -1.5499999999999998 4.700000000000003
      vertex 2.6846787517317594 -1.5499999999999998 15.400000000000006
    endloop
  endfacet
  facet normal 0 0 1
    outer loop
      vertex 0 -3.0999999999999996 15.400000000000006
      vertex 0.2701828025177403 -3.0882035640844108 15.400000000000006
      vertex 0 -1.6099999999999999 15.400000000000006
    endloop
  endfacet
  facet normal 0 0 1
    outer loop
      vertex 0.2701828025177403 -3.0882035640844108 15.400000000000006
      vertex 0.538309350767484 -3.0529040343378444 15.400000000000006
      vertex 0.14032074582372964 -1.6038734639277101 15.400000000000006
    endloop
  endfacet
  facet normal 0 0 1
    outer loop
      vertex 0.2701828025177403 -3.0882035640844108 15.400000000000006
      vertex 0.14032074582372964 -1.6038734639277101 15.400000000000006
      vertex 0 -1.6099999999999999 15.400000000000006
    endloop
  endfacet
  facet normal 0 0 1
    outer loop
      vertex 0.538309350767484 -3.0529040343378444 15.400000000000006
      vertex 0.2795735660437578 -1.5855404823496548 15.400000000000006
      vertex 0.14032074582372964 -1.6038734639277101 15.400000000000006
    endloop
  endfacet
  facet normal 0 0 1
    outer loop
      vertex 0.538309350767484 -3.0529040343378444 15.400000000000006
      vertex 0.8023390398178142 -2.9943700614961113 15.400000000000006
      vertex 0.41669866261505834 -1.5551405803254 15.400000000000006
    endloop
  endfacet
  facet normal 0 0 1
    outer loop
      vertex 0.538309350767484 -3.0529040343378444 15.400000000000006
      vertex 0.41669866261505834 -1.5551405803254 15.400000000000006
      vertex 0.2795735660437578 -1.5855404823496548 15.400000000000006
    endloop
  endfacet
  facet normal 0 0 1
    outer loop
      vertex 0.8023390398178142 -2.9943700614961113 15.400000000000006
      vertex 0.5506524307543266 -1.5129051194653125 15.400000000000006
      vertex 0.41669866261505834 -1.5551405803254 15.400000000000006
    endloop
  endfacet
  facet normal 0 0 1
    outer loop
      vertex 0.8023390398178142 -2.9943700614961113 15.400000000000006
      vertex 1.060262444309573 -2.9130471244363156 15.400000000000006
      vertex 0.6804154014025261 -1.4591555371290064 15.400000000000006
    endloop
  endfacet
  facet normal 0 0 1
    outer loop
      vertex 0.8023390398178142 -2.9943700614961113 15.400000000000006
      vertex 0.6804154014025261 -1.4591555371290064 15.400000000000006
      vertex 0.5506524307543266 -1.5129051194653125 15.400000000000006
    endloop
  endfacet
  facet normal 0 0 1
    outer loop
      vertex 1.060262444309573 -2.9130471244363156 15.400000000000006
      vertex 1.3101166113961682 -2.8095541398136143 15.400000000000006
      vertex 1.034888051595328 -1.2333315534215545 15.400000000000006
    endloop
  endfacet
  facet normal 0 0 1
    outer loop
      vertex 1.060262444309573 -2.9130471244363156 15.400000000000006
      vertex 0.8049999999999999 -1.394300900092946 15.400000000000006
      vertex 0.6804154014025261 -1.4591555371290064 15.400000000000006
    endloop
  endfacet
  facet normal 0 0 1
    outer loop
      vertex 1.060262444309573 -2.9130471244363156 15.400000000000006
      vertex 0.923458062525184 -1.3188347913052767 15.400000000000006
      vertex 0.8049999999999999 -1.394300900092946 15.400000000000006
    endloop
  endfacet
  facet normal 0 0 1
    outer loop
      vertex 1.060262444309573 -2.9130471244363156 15.400000000000006
      vertex 1.034888051595328 -1.2333315534215545 15.400000000000006
      vertex 0.923458062525184 -1.3188347913052767 15.400000000000006
    endloop
  endfacet
  facet normal 0 0 1
    outer loop
      vertex 1.3101166113961682 -2.8095541398136143 15.400000000000006
      vertex 1.1384419177103415 -1.1384419177103415 15.400000000000006
      vertex 1.034888051595328 -1.2333315534215545 15.400000000000006
    endloop
  endfacet
  facet normal 0 0 1
    outer loop
      vertex 1.3101166113961682 -2.8095541398136143 15.400000000000006
      vertex 1.2333315534215545 -1.034888051595328 15.400000000000006
      vertex 1.1384419177103415 -1.1384419177103415 15.400000000000006
    endloop
  endfacet
  facet normal 0.5372996083468234 -0.8433914458128858 0
    outer loop
      vertex 1.5499999999999998 -2.6846787517317594 4.700000000000003
      vertex 1.7780869526882426 -2.5393713372958744 15.400000000000006
      vertex 1.5499999999999998 -2.6846787517317594 15.400000000000006
    endloop
  endfacet
  facet normal 0.6087614290087208 -0.7933533402912349 0
    outer loop
      vertex 1.7780869526882426 -2.5393713372958744 4.700000000000003
      vertex 1.9926415900282715 -2.3747377736688318 15.400000000000006
      vertex 1.7780869526882426 -2.5393713372958744 15.400000000000006
    endloop
  endfacet
  facet normal 0.6755902076156587 -0.7372773368101255 0
    outer loop
      vertex 1.9926415900282715 -2.3747377736688318 4.700000000000003
      vertex 2.1920310216782974 -2.1920310216782974 15.400000000000006
      vertex 1.9926415900282715 -2.3747377736688318 15.400000000000006
    endloop
  endfacet
  facet normal 0.7372773368101255 -0.6755902076156587 0
    outer loop
      vertex 2.1920310216782974 -2.1920310216782974 4.700000000000003
      vertex 2.3747377736688318 -1.9926415900282715 15.400000000000006
      vertex 2.1920310216782974 -2.1920310216782974 15.400000000000006
    endloop
  endfacet
  facet normal 0.7933533402912349 -0.6087614290087208 0
    outer loop
      vertex 2.3747377736688318 -1.9926415900282715 4.700000000000003
      vertex 2.5393713372958744 -1.7780869526882426 15.400000000000006
      vertex 2.3747377736688318 -1.9926415900282715 15.400000000000006
    endloop
  endfacet
  facet normal 0.8433914458128858 -0.5372996083468234 0
    outer loop
      vertex 2.5393713372958744 -1.7780869526882426 4.700000000000003
      vertex 2.6846787517317594 -1.5499999999999998 15.400000000000006
      vertex 2.5393713372958744 -1.7780869526882426 15.400000000000006
    endloop
  endfacet
  facet normal 0 0 1
    outer loop
      vertex 1.3101166113961682 -2.8095541398136143 15.400000000000006
      vertex 1.5499999999999998 -2.6846787517317594 15.400000000000006
      vertex 1.2333315534215545 -1.034888051595328 15.400000000000006
    endloop
  endfacet
  facet normal 0 0 1
    outer loop
      vertex 1.5499999999999998 -2.6846787517317594 15.400000000000006
      vertex 1.7780869526882426 -2.5393713372958744 15.400000000000006
      vertex 1.5129051194653125 -0.5506524307543266 15.400000000000006
    endloop
  endfacet
  facet normal 0 0 1
    outer loop
      vertex 1.5499999999999998 -2.6846787517317594 15.400000000000006
      vertex 1.3188347913052767 -0.923458062525184 15.400000000000006
      vertex 1.2333315534215545 -1.034888051595328 15.400000000000006
    endloop
  endfacet
  facet normal 0 0 1
    outer loop
      vertex 1.5499999999999998 -2.6846787517317594 15.400000000000006
      vertex 1.394300900092946 -0.8049999999999999 15.400000000000006
      vertex 1.3188347913052767 -0.923458062525184 15.400000000000006
    endloop
  endfacet
  facet normal 0 0 1
    outer loop
      vertex 1.5499999999999998 -2.6846787517317594 15.400000000000006
      vertex 1.4591555371290064 -0.6804154014025261 15.400000000000006
      vertex 1.394300900092946 -0.8049999999999999 15.400000000000006
    endloop
  endfacet
  facet normal 0 0 1
    outer loop
      vertex 1.5499999999999998 -2.6846787517317594 15.400000000000006
      vertex 1.5129051194653125 -0.5506524307543266 15.400000000000006
      vertex 1.4591555371290064 -0.6804154014025261 15.400000000000006
    endloop
  endfacet
  facet normal 0 0 1
    outer loop
      vertex 1.7780869526882426 -2.5393713372958744 15.400000000000006
      vertex 1.5551405803254 -0.41669866261505834 15.400000000000006
      vertex 1.5129051194653125 -0.5506524307543266 15.400000000000006
    endloop
  endfacet
  facet normal 0 0 1
    outer loop
      vertex 1.7780869526882426 -2.5393713372958744 15.400000000000006
      vertex 1.5855404823496548 -0.2795735660437578 15.400000000000006
      vertex 1.5551405803254 -0.41669866261505834 15.400000000000006
    endloop
  endfacet
  facet normal 0 0 1
    outer loop
      vertex 1.7780869526882426 -2.5393713372958744 15.400000000000006
      vertex 1.6038734639277101 -0.14032074582372964 15.400000000000006
      vertex 1.5855404823496548 -0.2795735660437578 15.400000000000006
    endloop
  endfacet
  facet normal 0 0 1
    outer loop
      vertex 1.7780869526882426 -2.5393713372958744 15.400000000000006
      vertex 1.6099999999999999 0 15.400000000000006
      vertex 1.6038734639277101 -0.14032074582372964 15.400000000000006
    endloop
  endfacet
  facet normal 0 0 1
    outer loop
      vertex 1.7780869526882426 -2.5393713372958744 15.400000000000006
      vertex 1.6038734639277101 0.14032074582372964 15.400000000000006
      vertex 1.6099999999999999 0 15.400000000000006
    endloop
  endfacet
  facet normal 0 0 1
    outer loop
      vertex 1.7780869526882426 -2.5393713372958744 15.400000000000006
      vertex 1.9926415900282715 -2.3747377736688318 15.400000000000006
      vertex 1.7780869526882426 2.5393713372958744 15.400000000000006
    endloop
  endfacet
  facet normal 0 0 1
    outer loop
      vertex 1.9926415900282715 -2.3747377736688318 15.400000000000006
      vertex 2.1920310216782974 -2.1920310216782974 15.400000000000006
      vertex 1.9926415900282715 2.3747377736688318 15.400000000000006
    endloop
  endfacet
  facet normal 0 0 1
    outer loop
      vertex 2.1920310216782974 -2.1920310216782974 15.400000000000006
      vertex 2.3747377736688318 -1.9926415900282715 15.400000000000006
      vertex 2.1920310216782974 2.1920310216782974 15.400000000000006
    endloop
  endfacet
  facet normal 0 0 1
    outer loop
      vertex 2.3747377736688318 -1.9926415900282715 15.400000000000006
      vertex 2.5393713372958744 -1.7780869526882426 15.400000000000006
      vertex 2.3747377736688318 1.9926415900282715 15.400000000000006
    endloop
  endfacet
  facet normal 0 0 1
    outer loop
      vertex 2.5393713372958744 -1.7780869526882426 15.400000000000006
      vertex 2.6846787517317594 -1.5499999999999998 15.400000000000006
      vertex 2.5393713372958744 1.7780869526882426 15.400000000000006
    endloop
  endfacet
  facet normal 0.8870108331782217 -0.4617486132350337 0
    outer loop
      vertex 2.6846787517317594 -1.5499999999999998 4.700000000000003
      vertex 2.8095541398136143 -1.3101166113961682 4.700000000000003
      vertex 2.8095541398136143 -1.3101166113961682 15.400000000000006
    endloop
  endfacet
  facet normal 0.9238795325112865 -0.3826834323650903 0
    outer loop
      vertex 2.8095541398136143 -1.3101166113961682 4.700000000000003
      vertex 2.9130471244363156 -1.060262444309573 4.700000000000003
      vertex 2.9130471244363156 -1.060262444309573 15.400000000000006
    endloop
  endfacet
  facet normal 0.9537169507482269 -0.3007057995042729 0
    outer loop
      vertex 2.9130471244363156 -1.060262444309573 4.700000000000003
      vertex 2.9943700614961113 -0.8023390398178142 4.700000000000003
      vertex 2.9943700614961113 -0.8023390398178142 15.400000000000006
    endloop
  endfacet
  facet normal 0.9762960071199335 -0.21643961393810232 0
    outer loop
      vertex 2.9943700614961113 -0.8023390398178142 4.700000000000003
      vertex 3.0529040343378444 -0.538309350767484 4.700000000000003
      vertex 3.0529040343378444 -0.538309350767484 15.400000000000006
    endloop
  endfacet
  facet normal 0.9914448613738104 -0.13052619222005232 0
    outer loop
      vertex 3.0529040343378444 -0.538309350767484 4.700000000000003
      vertex 3.0882035640844108 -0.2701828025177403 4.700000000000003
      vertex 3.0882035640844108 -0.2701828025177403 15.400000000000006
    endloop
  endfacet
  facet normal 0.9990482215818578 -0.04361938736533611 0
    outer loop
      vertex 3.0882035640844108 -0.2701828025177403 4.700000000000003
      vertex 3.0999999999999996 0 4.700000000000003
      vertex 3.0999999999999996 0 15.400000000000006
    endloop
  endfacet
  facet normal 0.8870108331782217 -0.4617486132350337 0
    outer loop
      vertex 2.6846787517317594 -1.5499999999999998 4.700000000000003
      vertex 2.8095541398136143 -1.3101166113961682 15.400000000000006
      vertex 2.6846787517317594 -1.5499999999999998 15.400000000000006
    endloop
  endfacet
  facet normal 0.9238795325112865 -0.3826834323650903 0
    outer loop
      vertex 2.8095541398136143 -1.3101166113961682 4.700000000000003
      vertex 2.9130471244363156 -1.060262444309573 15.400000000000006
      vertex 2.8095541398136143 -1.3101166113961682 15.400000000000006
    endloop
  endfacet
  facet normal 0.9537169507482269 -0.3007057995042729 0
    outer loop
      vertex 2.9130471244363156 -1.060262444309573 4.700000000000003
      vertex 2.9943700614961113 -0.8023390398178142 15.400000000000006
      vertex 2.9130471244363156 -1.060262444309573 15.400000000000006
    endloop
  endfacet
  facet normal 0.9762960071199335 -0.21643961393810232 0
    outer loop
      vertex 2.9943700614961113 -0.8023390398178142 4.700000000000003
      vertex 3.0529040343378444 -0.538309350767484 15.400000000000006
      vertex 2.9943700614961113 -0.8023390398178142 15.400000000000006
    endloop
  endfacet
  facet normal 0.9914448613738104 -0.13052619222005232 0
    outer loop
      vertex 3.0529040343378444 -0.538309350767484 4.700000000000003
      vertex 3.0882035640844108 -0.2701828025177403 15.400000000000006
      vertex 3.0529040343378444 -0.538309350767484 15.400000000000006
    endloop
  endfacet
  facet normal 0.9990482215818578 -0.04361938736533611 0
    outer loop
      vertex 3.0882035640844108 -0.2701828025177403 4.700000000000003
      vertex 3.0999999999999996 0 15.400000000000006
      vertex 3.0882035640844108 -0.2701828025177403 15.400000000000006
    endloop
  endfacet
  facet normal 0 0 1
    outer loop
      vertex 2.6846787517317594 -1.5499999999999998 15.400000000000006
      vertex 2.8095541398136143 -1.3101166113961682 15.400000000000006
      vertex 2.6846787517317594 1.5499999999999998 15.400000000000006
    endloop
  endfacet
  facet normal 0 0 1
    outer loop
      vertex 2.8095541398136143 -1.3101166113961682 15.400000000000006
      vertex 2.9130471244363156 -1.060262444309573 15.400000000000006
      vertex 2.8095541398136143 1.3101166113961682 15.400000000000006
    endloop
  endfacet
  facet normal 0 0 1
    outer loop
      vertex 2.9130471244363156 -1.060262444309573 15.400000000000006
      vertex 2.9943700614961113 -0.8023390398178142 15.400000000000006
      vertex 2.9130471244363156 1.060262444309573 15.400000000000006
    endloop
  endfacet
  facet normal 0 0 1
    outer loop
      vertex 2.9943700614961113 -0.8023390398178142 15.400000000000006
      vertex 3.0529040343378444 -0.538309350767484 15.400000000000006
      vertex 2.9943700614961113 0.8023390398178142 15.400000000000006
    endloop
  endfacet
  facet normal 0 0 1
    outer loop
      vertex 3.0529040343378444 -0.538309350767484 15.400000000000006
      vertex 3.0882035640844108 -0.2701828025177403 15.400000000000006
      vertex 3.0529040343378444 0.538309350767484 15.400000000000006
    endloop
  endfacet
  facet normal 0.5372996083468234 0.8433914458128858 0
    outer loop
      vertex 1.7780869526882426 2.5393713372958744 4.700000000000003
      vertex 1.5499999999999998 2.6846787517317594 4.700000000000003
      vertex 1.5499999999999998 2.6846787517317594 15.400000000000006
    endloop
  endfacet
  facet normal 0.6087614290087208 0.7933533402912349 0
    outer loop
      vertex 1.7780869526882426 2.5393713372958744 4.700000000000003
      vertex 1.7780869526882426 2.5393713372958744 15.400000000000006
      vertex 1.9926415900282715 2.3747377736688318 4.700000000000003
    endloop
  endfacet
  facet normal 0.7933533402912349 0.6087614290087208 0
    outer loop
      vertex 2.5393713372958744 1.7780869526882426 4.700000000000003
      vertex 2.3747377736688318 1.9926415900282715 4.700000000000003
      vertex 2.3747377736688318 1.9926415900282715 15.400000000000006
    endloop
  endfacet
  facet normal 0.8433914458128858 0.5372996083468234 0
    outer loop
      vertex 2.5393713372958744 1.7780869526882426 4.700000000000003
      vertex 2.5393713372958744 1.7780869526882426 15.400000000000006
      vertex 2.6846787517317594 1.5499999999999998 4.700000000000003
    endloop
  endfacet
  facet normal 0.6755902076156587 0.7372773368101255 0
    outer loop
      vertex 2.1920310216782974 2.1920310216782974 4.700000000000003
      vertex 1.9926415900282715 2.3747377736688318 4.700000000000003
      vertex 1.9926415900282715 2.3747377736688318 15.400000000000006
    endloop
  endfacet
  facet normal 0.7372773368101255 0.6755902076156587 0
    outer loop
      vertex 2.1920310216782974 2.1920310216782974 4.700000000000003
      vertex 2.1920310216782974 2.1920310216782974 15.400000000000006
      vertex 2.3747377736688318 1.9926415900282715 4.700000000000003
    endloop
  endfacet
  facet normal 0 0 1
    outer loop
      vertex 0 3.0999999999999996 15.400000000000006
      vertex 0 1.6099999999999999 15.400000000000006
      vertex 0.14032074582372964 1.6038734639277101 15.400000000000006
    endloop
  endfacet
  facet normal 0 0 1
    outer loop
      vertex 0.2701828025177403 3.0882035640844108 15.400000000000006
      vertex 0.14032074582372964 1.6038734639277101 15.400000000000006
      vertex 0.2795735660437578 1.5855404823496548 15.400000000000006
    endloop
  endfacet
  facet normal 0 0 1
    outer loop
      vertex 0.2701828025177403 3.0882035640844108 15.400000000000006
      vertex 0.2795735660437578 1.5855404823496548 15.400000000000006
      vertex 0.41669866261505834 1.5551405803254 15.400000000000006
    endloop
  endfacet
  facet normal 0 0 1
    outer loop
      vertex 0 3.0999999999999996 15.400000000000006
      vertex 0.14032074582372964 1.6038734639277101 15.400000000000006
      vertex 0.2701828025177403 3.0882035640844108 15.400000000000006
    endloop
  endfacet
  facet normal 0 0 1
    outer loop
      vertex 0.538309350767484 3.0529040343378444 15.400000000000006
      vertex 0.41669866261505834 1.5551405803254 15.400000000000006
      vertex 0.5506524307543266 1.5129051194653125 15.400000000000006
    endloop
  endfacet
  facet normal 0 0 1
    outer loop
      vertex 0.538309350767484 3.0529040343378444 15.400000000000006
      vertex 0.5506524307543266 1.5129051194653125 15.400000000000006
      vertex 0.6804154014025261 1.4591555371290064 15.400000000000006
    endloop
  endfacet
  facet normal 0 0 1
    outer loop
      vertex 0.2701828025177403 3.0882035640844108 15.400000000000006
      vertex 0.41669866261505834 1.5551405803254 15.400000000000006
      vertex 0.538309350767484 3.0529040343378444 15.400000000000006
    endloop
  endfacet
  facet normal 0 0 1
    outer loop
      vertex 0.8023390398178142 2.9943700614961113 15.400000000000006
      vertex 0.6804154014025261 1.4591555371290064 15.400000000000006
      vertex 0.8049999999999999 1.394300900092946 15.400000000000006
    endloop
  endfacet
  facet normal 0 0 1
    outer loop
      vertex 0.8023390398178142 2.9943700614961113 15.400000000000006
      vertex 0.8049999999999999 1.394300900092946 15.400000000000006
      vertex 0.923458062525184 1.3188347913052767 15.400000000000006
    endloop
  endfacet
  facet normal 0 0 1
    outer loop
      vertex 1.3101166113961682 2.8095541398136143 15.400000000000006
      vertex 1.2333315534215545 1.034888051595328 15.400000000000006
      vertex 1.3188347913052767 0.923458062525184 15.400000000000006
    endloop
  endfacet
  facet normal 0 0 1
    outer loop
      vertex 1.060262444309573 2.9130471244363156 15.400000000000006
      vertex 1.034888051595328 1.2333315534215545 15.400000000000006
      vertex 1.1384419177103415 1.1384419177103415 15.400000000000006
    endloop
  endfacet
  facet normal 0 0 1
    outer loop
      vertex 1.060262444309573 2.9130471244363156 15.400000000000006
      vertex 0.923458062525184 1.3188347913052767 15.400000000000006
      vertex 1.034888051595328 1.2333315534215545 15.400000000000006
    endloop
  endfacet
  facet normal 0 0 1
    outer loop
      vertex 1.3101166113961682 2.8095541398136143 15.400000000000006
      vertex 1.1384419177103415 1.1384419177103415 15.400000000000006
      vertex 1.2333315534215545 1.034888051595328 15.400000000000006
    endloop
  endfacet
  facet normal 0 0 1
    outer loop
      vertex 0.538309350767484 3.0529040343378444 15.400000000000006
      vertex 0.6804154014025261 1.4591555371290064 15.400000000000006
      vertex 0.8023390398178142 2.9943700614961113 15.400000000000006
    endloop
  endfacet
  facet normal 0 0 1
    outer loop
      vertex 0.8023390398178142 2.9943700614961113 15.400000000000006
      vertex 0.923458062525184 1.3188347913052767 15.400000000000006
      vertex 1.060262444309573 2.9130471244363156 15.400000000000006
    endloop
  endfacet
  facet normal 0 0 1
    outer loop
      vertex 1.060262444309573 2.9130471244363156 15.400000000000006
      vertex 1.1384419177103415 1.1384419177103415 15.400000000000006
      vertex 1.3101166113961682 2.8095541398136143 15.400000000000006
    endloop
  endfacet
  facet normal 0 0 1
    outer loop
      vertex 1.7780869526882426 -2.5393713372958744 15.400000000000006
      vertex 1.5499999999999998 2.6846787517317594 15.400000000000006
      vertex 1.6038734639277101 0.14032074582372964 15.400000000000006
    endloop
  endfacet
  facet normal 0 0 1
    outer loop
      vertex 1.5499999999999998 2.6846787517317594 15.400000000000006
      vertex 1.5551405803254 0.41669866261505834 15.400000000000006
      vertex 1.5855404823496548 0.2795735660437578 15.400000000000006
    endloop
  endfacet
  facet normal 0 0 1
    outer loop
      vertex 1.5499999999999998 2.6846787517317594 15.400000000000006
      vertex 1.5855404823496548 0.2795735660437578 15.400000000000006
      vertex 1.6038734639277101 0.14032074582372964 15.400000000000006
    endloop
  endfacet
  facet normal 0 0 1
    outer loop
      vertex 1.5499999999999998 2.6846787517317594 15.400000000000006
      vertex 1.5129051194653125 0.5506524307543266 15.400000000000006
      vertex 1.5551405803254 0.41669866261505834 15.400000000000006
    endloop
  endfacet
  facet normal 0 0 1
    outer loop
      vertex 1.5499999999999998 2.6846787517317594 15.400000000000006
      vertex 1.4591555371290064 0.6804154014025261 15.400000000000006
      vertex 1.5129051194653125 0.5506524307543266 15.400000000000006
    endloop
  endfacet
  facet normal 0 0 1
    outer loop
      vertex 1.7780869526882426 -2.5393713372958744 15.400000000000006
      vertex 1.7780869526882426 2.5393713372958744 15.400000000000006
      vertex 1.5499999999999998 2.6846787517317594 15.400000000000006
    endloop
  endfacet
  facet normal 0 0 1
    outer loop
      vertex 1.9926415900282715 -2.3747377736688318 15.400000000000006
      vertex 1.9926415900282715 2.3747377736688318 15.400000000000006
      vertex 1.7780869526882426 2.5393713372958744 15.400000000000006
    endloop
  endfacet
  facet normal 0 0 1
    outer loop
      vertex 2.6846787517317594 -1.5499999999999998 15.400000000000006
      vertex 2.6846787517317594 1.5499999999999998 15.400000000000006
      vertex 2.5393713372958744 1.7780869526882426 15.400000000000006
    endloop
  endfacet
  facet normal 0 0 1
    outer loop
      vertex 2.1920310216782974 -2.1920310216782974 15.400000000000006
      vertex 2.1920310216782974 2.1920310216782974 15.400000000000006
      vertex 1.9926415900282715 2.3747377736688318 15.400000000000006
    endloop
  endfacet
  facet normal 0 0 1
    outer loop
      vertex 2.3747377736688318 -1.9926415900282715 15.400000000000006
      vertex 2.3747377736688318 1.9926415900282715 15.400000000000006
      vertex 2.1920310216782974 2.1920310216782974 15.400000000000006
    endloop
  endfacet
  facet normal 0 0 1
    outer loop
      vertex 2.5393713372958744 -1.7780869526882426 15.400000000000006
      vertex 2.5393713372958744 1.7780869526882426 15.400000000000006
      vertex 2.3747377736688318 1.9926415900282715 15.400000000000006
    endloop
  endfacet
  facet normal 0.5372996083468234 0.8433914458128858 0
    outer loop
      vertex 1.7780869526882426 2.5393713372958744 4.700000000000003
      vertex 1.5499999999999998 2.6846787517317594 15.400000000000006
      vertex 1.7780869526882426 2.5393713372958744 15.400000000000006
    endloop
  endfacet
  facet normal 0.6087614290087208 0.7933533402912349 0
    outer loop
      vertex 1.9926415900282715 2.3747377736688318 4.700000000000003
      vertex 1.7780869526882426 2.5393713372958744 15.400000000000006
      vertex 1.9926415900282715 2.3747377736688318 15.400000000000006
    endloop
  endfacet
  facet normal 0.8433914458128858 0.5372996083468234 0
    outer loop
      vertex 2.6846787517317594 1.5499999999999998 4.700000000000003
      vertex 2.5393713372958744 1.7780869526882426 15.400000000000006
      vertex 2.6846787517317594 1.5499999999999998 15.400000000000006
    endloop
  endfacet
  facet normal 0.7933533402912349 0.6087614290087208 0
    outer loop
      vertex 2.5393713372958744 1.7780869526882426 4.700000000000003
      vertex 2.3747377736688318 1.9926415900282715 15.400000000000006
      vertex 2.5393713372958744 1.7780869526882426 15.400000000000006
    endloop
  endfacet
  facet normal 0.6755902076156587 0.7372773368101255 0
    outer loop
      vertex 2.1920310216782974 2.1920310216782974 4.700000000000003
      vertex 1.9926415900282715 2.3747377736688318 15.400000000000006
      vertex 2.1920310216782974 2.1920310216782974 15.400000000000006
    endloop
  endfacet
  facet normal 0.7372773368101255 0.6755902076156587 0
    outer loop
      vertex 2.3747377736688318 1.9926415900282715 4.700000000000003
      vertex 2.1920310216782974 2.1920310216782974 15.400000000000006
      vertex 2.3747377736688318 1.9926415900282715 15.400000000000006
    endloop
  endfacet
  facet normal 0 0 1
    outer loop
      vertex 1.3101166113961682 2.8095541398136143 15.400000000000006
      vertex 1.394300900092946 0.8049999999999999 15.400000000000006
      vertex 1.4591555371290064 0.6804154014025261 15.400000000000006
    endloop
  endfacet
  facet normal 0 0 1
    outer loop
      vertex 1.3101166113961682 2.8095541398136143 15.400000000000006
      vertex 1.3188347913052767 0.923458062525184 15.400000000000006
      vertex 1.394300900092946 0.8049999999999999 15.400000000000006
    endloop
  endfacet
  facet normal 0 0 1
    outer loop
      vertex 1.3101166113961682 2.8095541398136143 15.400000000000006
      vertex 1.4591555371290064 0.6804154014025261 15.400000000000006
      vertex 1.5499999999999998 2.6846787517317594 15.400000000000006
    endloop
  endfacet
  facet normal 0.04361938736533611 0.9990482215818578 0
    outer loop
      vertex 0 3.0999999999999996 4.700000000000003
      vertex 0 3.0999999999999996 15.400000000000006
      vertex 0.2701828025177403 3.0882035640844108 4.700000000000003
    endloop
  endfacet
  facet normal 0.13052619222005232 0.9914448613738104 0
    outer loop
      vertex 0.2701828025177403 3.0882035640844108 4.700000000000003
      vertex 0.2701828025177403 3.0882035640844108 15.400000000000006
      vertex 0.538309350767484 3.0529040343378444 4.700000000000003
    endloop
  endfacet
  facet normal 0.21643961393810232 0.9762960071199335 0
    outer loop
      vertex 0.538309350767484 3.0529040343378444 4.700000000000003
      vertex 0.538309350767484 3.0529040343378444 15.400000000000006
      vertex 0.8023390398178142 2.9943700614961113 4.700000000000003
    endloop
  endfacet
  facet normal 0.3007057995042729 0.9537169507482269 0
    outer loop
      vertex 0.8023390398178142 2.9943700614961113 4.700000000000003
      vertex 0.8023390398178142 2.9943700614961113 15.400000000000006
      vertex 1.060262444309573 2.9130471244363156 4.700000000000003
    endloop
  endfacet
  facet normal 0.3826834323650903 0.9238795325112865 0
    outer loop
      vertex 1.060262444309573 2.9130471244363156 4.700000000000003
      vertex 1.060262444309573 2.9130471244363156 15.400000000000006
      vertex 1.3101166113961682 2.8095541398136143 4.700000000000003
    endloop
  endfacet
  facet normal 0.4617486132350337 0.8870108331782217 0
    outer loop
      vertex 1.3101166113961682 2.8095541398136143 4.700000000000003
      vertex 1.3101166113961682 2.8095541398136143 15.400000000000006
      vertex 1.5499999999999998 2.6846787517317594 4.700000000000003
    endloop
  endfacet
  facet normal 0.04361938736533611 0.9990482215818578 0
    outer loop
      vertex 0.2701828025177403 3.0882035640844108 4.700000000000003
      vertex 0 3.0999999999999996 15.400000000000006
      vertex 0.2701828025177403 3.0882035640844108 15.400000000000006
    endloop
  endfacet
  facet normal 0.13052619222005232 0.9914448613738104 0
    outer loop
      vertex 0.538309350767484 3.0529040343378444 4.700000000000003
      vertex 0.2701828025177403 3.0882035640844108 15.400000000000006
      vertex 0.538309350767484 3.0529040343378444 15.400000000000006
    endloop
  endfacet
  facet normal 0.3007057995042729 0.9537169507482269 0
    outer loop
      vertex 1.060262444309573 2.9130471244363156 4.700000000000003
      vertex 0.8023390398178142 2.9943700614961113 15.400000000000006
      vertex 1.060262444309573 2.9130471244363156 15.400000000000006
    endloop
  endfacet
  facet normal 0.21643961393810232 0.9762960071199335 0
    outer loop
      vertex 0.8023390398178142 2.9943700614961113 4.700000000000003
      vertex 0.538309350767484 3.0529040343378444 15.400000000000006
      vertex 0.8023390398178142 2.9943700614961113 15.400000000000006
    endloop
  endfacet
  facet normal 0.3826834323650903 0.9238795325112865 0
    outer loop
      vertex 1.3101166113961682 2.8095541398136143 4.700000000000003
      vertex 1.060262444309573 2.9130471244363156 15.400000000000006
      vertex 1.3101166113961682 2.8095541398136143 15.400000000000006
    endloop
  endfacet
  facet normal 0.4617486132350337 0.8870108331782217 0
    outer loop
      vertex 1.5499999999999998 2.6846787517317594 4.700000000000003
      vertex 1.3101166113961682 2.8095541398136143 15.400000000000006
      vertex 1.5499999999999998 2.6846787517317594 15.400000000000006
    endloop
  endfacet
  facet normal 0.9990482215818578 0.04361938736533611 0
    outer loop
      vertex 3.0999999999999996 0 4.700000000000003
      vertex 3.0882035640844108 0.2701828025177403 4.700000000000003
      vertex 3.0882035640844108 0.2701828025177403 15.400000000000006
    endloop
  endfacet
  facet normal 0.9914448613738104 0.13052619222005232 0
    outer loop
      vertex 3.0882035640844108 0.2701828025177403 4.700000000000003
      vertex 3.0529040343378444 0.538309350767484 4.700000000000003
      vertex 3.0529040343378444 0.538309350767484 15.400000000000006
    endloop
  endfacet
  facet normal 0.9537169507482269 0.3007057995042729 0
    outer loop
      vertex 2.9130471244363156 1.060262444309573 4.700000000000003
      vertex 2.9130471244363156 1.060262444309573 15.400000000000006
      vertex 2.9943700614961113 0.8023390398178142 4.700000000000003
    endloop
  endfacet
  facet normal 0.9238795325112865 0.3826834323650903 0
    outer loop
      vertex 2.8095541398136143 1.3101166113961682 4.700000000000003
      vertex 2.8095541398136143 1.3101166113961682 15.400000000000006
      vertex 2.9130471244363156 1.060262444309573 4.700000000000003
    endloop
  endfacet
  facet normal 0.9762960071199335 0.21643961393810232 0
    outer loop
      vertex 3.0529040343378444 0.538309350767484 4.700000000000003
      vertex 2.9943700614961113 0.8023390398178142 4.700000000000003
      vertex 2.9943700614961113 0.8023390398178142 15.400000000000006
    endloop
  endfacet
  facet normal 0.8870108331782217 0.4617486132350337 0
    outer loop
      vertex 2.8095541398136143 1.3101166113961682 4.700000000000003
      vertex 2.6846787517317594 1.5499999999999998 4.700000000000003
      vertex 2.6846787517317594 1.5499999999999998 15.400000000000006
    endloop
  endfacet
  facet normal 0.9990482215818578 0.04361938736533611 0
    outer loop
      vertex 3.0999999999999996 0 4.700000000000003
      vertex 3.0882035640844108 0.2701828025177403 15.400000000000006
      vertex 3.0999999999999996 0 15.400000000000006
    endloop
  endfacet
  facet normal 0.9914448613738104 0.13052619222005232 0
    outer loop
      vertex 3.0882035640844108 0.2701828025177403 4.700000000000003
      vertex 3.0529040343378444 0.538309350767484 15.400000000000006
      vertex 3.0882035640844108 0.2701828025177403 15.400000000000006
    endloop
  endfacet
  facet normal 0.9762960071199335 0.21643961393810232 0
    outer loop
      vertex 3.0529040343378444 0.538309350767484 4.700000000000003
      vertex 2.9943700614961113 0.8023390398178142 15.400000000000006
      vertex 3.0529040343378444 0.538309350767484 15.400000000000006
    endloop
  endfacet
  facet normal 0.9537169507482269 0.3007057995042729 0
    outer loop
      vertex 2.9943700614961113 0.8023390398178142 4.700000000000003
      vertex 2.9130471244363156 1.060262444309573 15.400000000000006
      vertex 2.9943700614961113 0.8023390398178142 15.400000000000006
    endloop
  endfacet
  facet normal 0.9238795325112865 0.3826834323650903 0
    outer loop
      vertex 2.9130471244363156 1.060262444309573 4.700000000000003
      vertex 2.8095541398136143 1.3101166113961682 15.400000000000006
      vertex 2.9130471244363156 1.060262444309573 15.400000000000006
    endloop
  endfacet
  facet normal 0 0 1
    outer loop
      vertex 2.8095541398136143 -1.3101166113961682 15.400000000000006
      vertex 2.8095541398136143 1.3101166113961682 15.400000000000006
      vertex 2.6846787517317594 1.5499999999999998 15.400000000000006
    endloop
  endfacet
  facet normal 0 0 1
    outer loop
      vertex 2.9130471244363156 -1.060262444309573 15.400000000000006
      vertex 2.9130471244363156 1.060262444309573 15.400000000000006
      vertex 2.8095541398136143 1.3101166113961682 15.400000000000006
    endloop
  endfacet
  facet normal 0 0 1
    outer loop
      vertex 2.9943700614961113 -0.8023390398178142 15.400000000000006
      vertex 2.9943700614961113 0.8023390398178142 15.400000000000006
      vertex 2.9130471244363156 1.060262444309573 15.400000000000006
    endloop
  endfacet
  facet normal 0 0 1
    outer loop
      vertex 3.0882035640844108 -0.2701828025177403 15.400000000000006
      vertex 3.0999999999999996 0 15.400000000000006
      vertex 3.0882035640844108 0.2701828025177403 15.400000000000006
    endloop
  endfacet
  facet normal 0 0 1
    outer loop
      vertex 3.0529040343378444 -0.538309350767484 15.400000000000006
      vertex 3.0529040343378444 0.538309350767484 15.400000000000006
      vertex 2.9943700614961113 0.8023390398178142 15.400000000000006
    endloop
  endfacet
  facet normal 0 0 1
    outer loop
      vertex 3.0882035640844108 -0.2701828025177403 15.400000000000006
      vertex 3.0882035640844108 0.2701828025177403 15.400000000000006
      vertex 3.0529040343378444 0.538309350767484 15.400000000000006
    endloop
  endfacet
  facet normal 0.8870108331782217 0.4617486132350337 0
    outer loop
      vertex 2.8095541398136143 1.3101166113961682 4.700000000000003
      vertex 2.6846787517317594 1.5499999999999998 15.400000000000006
      vertex 2.8095541398136143 1.3101166113961682 15.400000000000006
    endloop
  endfacet
  facet normal 0.8433914458128857 0.5372996083468238 0
    outer loop
      vertex -1.3188347913052767 -0.923458062525184 0
      vertex -1.394300900092946 -0.8049999999999999 0
      vertex -1.394300900092946 -0.8049999999999999 15.400000000000006
    endloop
  endfacet
  facet normal 0.8870108331782214 0.4617486132350347 0
    outer loop
      vertex -1.4591555371290064 -0.6804154014025261 15.400000000000006
      vertex -1.394300900092946 -0.8049999999999999 0
      vertex -1.4591555371290064 -0.6804154014025261 0
    endloop
  endfacet
  facet normal 0.9238795325112867 0.3826834323650899 0
    outer loop
      vertex -1.5129051194653125 -0.5506524307543266 15.400000000000006
      vertex -1.4591555371290064 -0.6804154014025261 0
      vertex -1.5129051194653125 -0.5506524307543266 0
    endloop
  endfacet
  facet normal 0.9537169507482269 0.3007057995042731 0
    outer loop
      vertex -1.5551405803254 -0.41669866261505834 15.400000000000006
      vertex -1.5129051194653125 -0.5506524307543266 0
      vertex -1.5551405803254 -0.41669866261505834 0
    endloop
  endfacet
  facet normal 0.9762960071199335 0.21643961393810213 0
    outer loop
      vertex -1.5551405803254 -0.41669866261505834 0
      vertex -1.5855404823496548 -0.2795735660437578 0
      vertex -1.5855404823496548 -0.2795735660437578 15.400000000000006
    endloop
  endfacet
  facet normal 0.9914448613738105 0.13052619222005138 0
    outer loop
      vertex -1.5855404823496548 -0.2795735660437578 0
      vertex -1.6038734639277101 -0.14032074582372964 0
      vertex -1.6038734639277101 -0.14032074582372964 15.400000000000006
    endloop
  endfacet
  facet normal 0.9990482215818577 0.04361938736533638 0
    outer loop
      vertex -1.6038734639277101 -0.14032074582372964 0
      vertex -1.6099999999999999 0 0
      vertex -1.6099999999999999 0 15.400000000000006
    endloop
  endfacet
  facet normal 0.5372996083468238 0.8433914458128857 0
    outer loop
      vertex -0.923458062525184 -1.3188347913052767 15.400000000000006
      vertex -0.8049999999999999 -1.394300900092946 0
      vertex -0.923458062525184 -1.3188347913052767 0
    endloop
  endfacet
  facet normal 0.4617486132350347 0.8870108331782214 0
    outer loop
      vertex -0.8049999999999999 -1.394300900092946 0
      vertex -0.8049999999999999 -1.394300900092946 15.400000000000006
      vertex -0.6804154014025261 -1.4591555371290064 0
    endloop
  endfacet
  facet normal 0.3007057995042731 0.9537169507482269 0
    outer loop
      vertex -0.5506524307543266 -1.5129051194653125 0
      vertex -0.5506524307543266 -1.5129051194653125 15.400000000000006
      vertex -0.41669866261505834 -1.5551405803254 0
    endloop
  endfacet
  facet normal 0.3826834323650899 0.9238795325112867 0
    outer loop
      vertex -0.6804154014025261 -1.4591555371290064 0
      vertex -0.6804154014025261 -1.4591555371290064 15.400000000000006
      vertex -0.5506524307543266 -1.5129051194653125 0
    endloop
  endfacet
  facet normal 0.21643961393810213 0.9762960071199335 0
    outer loop
      vertex -0.41669866261505834 -1.5551405803254 0
      vertex -0.41669866261505834 -1.5551405803254 15.400000000000006
      vertex -0.2795735660437578 -1.5855404823496548 0
    endloop
  endfacet
  facet normal 0.13052619222005138 0.9914448613738105 0
    outer loop
      vertex -0.2795735660437578 -1.5855404823496548 0
      vertex -0.2795735660437578 -1.5855404823496548 15.400000000000006
      vertex -0.14032074582372964 -1.6038734639277101 0
    endloop
  endfacet
  facet normal 0.04361938736533638 0.9990482215818577 0
    outer loop
      vertex -0.14032074582372964 -1.6038734639277101 15.400000000000006
      vertex 0 -1.6099999999999999 0
      vertex -0.14032074582372964 -1.6038734639277101 0
    endloop
  endfacet
  facet normal 0.7372773368101255 0.6755902076156588 0
    outer loop
      vertex -1.2333315534215545 -1.034888051595328 15.400000000000006
      vertex -1.1384419177103415 -1.1384419177103415 0
      vertex -1.2333315534215545 -1.034888051595328 0
    endloop
  endfacet
  facet normal 0.6755902076156588 0.7372773368101255 0
    outer loop
      vertex -1.1384419177103415 -1.1384419177103415 15.400000000000006
      vertex -1.034888051595328 -1.2333315534215545 0
      vertex -1.1384419177103415 -1.1384419177103415 0
    endloop
  endfacet
  facet normal 0.6087614290087211 0.7933533402912349 0
    outer loop
      vertex -1.034888051595328 -1.2333315534215545 15.400000000000006
      vertex -0.923458062525184 -1.3188347913052767 0
      vertex -1.034888051595328 -1.2333315534215545 0
    endloop
  endfacet
  facet normal 0.7933533402912349 0.6087614290087211 0
    outer loop
      vertex -1.3188347913052767 -0.923458062525184 15.400000000000006
      vertex -1.2333315534215545 -1.034888051595328 0
      vertex -1.3188347913052767 -0.923458062525184 0
    endloop
  endfacet
  facet normal 0.8433914458128857 0.5372996083468238 0
    outer loop
      vertex -1.3188347913052767 -0.923458062525184 0
      vertex -1.394300900092946 -0.8049999999999999 15.400000000000006
      vertex -1.3188347913052767 -0.923458062525184 15.400000000000006
    endloop
  endfacet
  facet normal 0.8870108331782214 0.4617486132350347 0
    outer loop
      vertex -1.4591555371290064 -0.6804154014025261 15.400000000000006
      vertex -1.394300900092946 -0.8049999999999999 15.400000000000006
      vertex -1.394300900092946 -0.8049999999999999 0
    endloop
  endfacet
  facet normal 0.9537169507482269 0.3007057995042731 0
    outer loop
      vertex -1.5551405803254 -0.41669866261505834 15.400000000000006
      vertex -1.5129051194653125 -0.5506524307543266 15.400000000000006
      vertex -1.5129051194653125 -0.5506524307543266 0
    endloop
  endfacet
  facet normal 0.9762960071199335 0.21643961393810213 0
    outer loop
      vertex -1.5551405803254 -0.41669866261505834 0
      vertex -1.5855404823496548 -0.2795735660437578 15.400000000000006
      vertex -1.5551405803254 -0.41669866261505834 15.400000000000006
    endloop
  endfacet
  facet normal 0.9238795325112867 0.3826834323650899 0
    outer loop
      vertex -1.5129051194653125 -0.5506524307543266 15.400000000000006
      vertex -1.4591555371290064 -0.6804154014025261 15.400000000000006
      vertex -1.4591555371290064 -0.6804154014025261 0
    endloop
  endfacet
  facet normal 0.9914448613738105 0.13052619222005138 0
    outer loop
      vertex -1.5855404823496548 -0.2795735660437578 0
      vertex -1.6038734639277101 -0.14032074582372964 15.400000000000006
      vertex -1.5855404823496548 -0.2795735660437578 15.400000000000006
    endloop
  endfacet
  facet normal 0.9990482215818577 0.04361938736533638 0
    outer loop
      vertex -1.6038734639277101 -0.14032074582372964 0
      vertex -1.6099999999999999 0 15.400000000000006
      vertex -1.6038734639277101 -0.14032074582372964 15.400000000000006
    endloop
  endfacet
  facet normal 0.5372996083468238 0.8433914458128857 0
    outer loop
      vertex -0.8049999999999999 -1.394300900092946 0
      vertex -0.923458062525184 -1.3188347913052767 15.400000000000006
      vertex -0.8049999999999999 -1.394300900092946 15.400000000000006
    endloop
  endfacet
  facet normal 0.4617486132350347 0.8870108331782214 0
    outer loop
      vertex -0.6804154014025261 -1.4591555371290064 0
      vertex -0.8049999999999999 -1.394300900092946 15.400000000000006
      vertex -0.6804154014025261 -1.4591555371290064 15.400000000000006
    endloop
  endfacet
  facet normal 0.3826834323650899 0.9238795325112867 0
    outer loop
      vertex -0.6804154014025261 -1.4591555371290064 15.400000000000006
      vertex -0.5506524307543266 -1.5129051194653125 15.400000000000006
      vertex -0.5506524307543266 -1.5129051194653125 0
    endloop
  endfacet
  facet normal 0.3007057995042731 0.9537169507482269 0
    outer loop
      vertex -0.41669866261505834 -1.5551405803254 0
      vertex -0.5506524307543266 -1.5129051194653125 15.400000000000006
      vertex -0.41669866261505834 -1.5551405803254 15.400000000000006
    endloop
  endfacet
  facet normal 0.21643961393810213 0.9762960071199335 0
    outer loop
      vertex -0.41669866261505834 -1.5551405803254 15.400000000000006
      vertex -0.2795735660437578 -1.5855404823496548 15.400000000000006
      vertex -0.2795735660437578 -1.5855404823496548 0
    endloop
  endfacet
  facet normal 0.13052619222005138 0.9914448613738105 0
    outer loop
      vertex -0.14032074582372964 -1.6038734639277101 0
      vertex -0.2795735660437578 -1.5855404823496548 15.400000000000006
      vertex -0.14032074582372964 -1.6038734639277101 15.400000000000006
    endloop
  endfacet
  facet normal 0.04361938736533638 0.9990482215818577 0
    outer loop
      vertex -0.14032074582372964 -1.6038734639277101 15.400000000000006
      vertex 0 -1.6099999999999999 15.400000000000006
      vertex 0 -1.6099999999999999 0
    endloop
  endfacet
  facet normal 0.7933533402912349 0.6087614290087211 0
    outer loop
      vertex -1.3188347913052767 -0.923458062525184 15.400000000000006
      vertex -1.2333315534215545 -1.034888051595328 15.400000000000006
      vertex -1.2333315534215545 -1.034888051595328 0
    endloop
  endfacet
  facet normal 0.7372773368101255 0.6755902076156588 0
    outer loop
      vertex -1.2333315534215545 -1.034888051595328 15.400000000000006
      vertex -1.1384419177103415 -1.1384419177103415 15.400000000000006
      vertex -1.1384419177103415 -1.1384419177103415 0
    endloop
  endfacet
  facet normal 0.6755902076156588 0.7372773368101255 0
    outer loop
      vertex -1.1384419177103415 -1.1384419177103415 15.400000000000006
      vertex -1.034888051595328 -1.2333315534215545 15.400000000000006
      vertex -1.034888051595328 -1.2333315534215545 0
    endloop
  endfacet
  facet normal 0.6087614290087211 0.7933533402912349 0
    outer loop
      vertex -0.923458062525184 -1.3188347913052767 15.400000000000006
      vertex -0.923458062525184 -1.3188347913052767 0
      vertex -1.034888051595328 -1.2333315534215545 15.400000000000006
    endloop
  endfacet
  facet normal 0.9990482215818577 -0.04361938736533638 0
    outer loop
      vertex -1.6099999999999999 0 0
      vertex -1.6038734639277101 0.14032074582372964 0
      vertex -1.6038734639277101 0.14032074582372964 15.400000000000006
    endloop
  endfacet
  facet normal 0.9914448613738105 -0.13052619222005138 0
    outer loop
      vertex -1.6038734639277101 0.14032074582372964 0
      vertex -1.5855404823496548 0.2795735660437578 0
      vertex -1.5855404823496548 0.2795735660437578 15.400000000000006
    endloop
  endfacet
  facet normal 0.9762960071199335 -0.21643961393810213 0
    outer loop
      vertex -1.5855404823496548 0.2795735660437578 0
      vertex -1.5551405803254 0.41669866261505834 0
      vertex -1.5551405803254 0.41669866261505834 15.400000000000006
    endloop
  endfacet
  facet normal 0.9537169507482269 -0.3007057995042731 0
    outer loop
      vertex -1.5129051194653125 0.5506524307543266 15.400000000000006
      vertex -1.5551405803254 0.41669866261505834 0
      vertex -1.5129051194653125 0.5506524307543266 0
    endloop
  endfacet
  facet normal 0.9238795325112867 -0.3826834323650899 0
    outer loop
      vertex -1.4591555371290064 0.6804154014025261 15.400000000000006
      vertex -1.5129051194653125 0.5506524307543266 0
      vertex -1.4591555371290064 0.6804154014025261 0
    endloop
  endfacet
  facet normal 0.8870108331782214 -0.4617486132350347 0
    outer loop
      vertex -1.4591555371290064 0.6804154014025261 0
      vertex -1.394300900092946 0.8049999999999999 0
      vertex -1.394300900092946 0.8049999999999999 15.400000000000006
    endloop
  endfacet
  facet normal 0.8433914458128857 -0.5372996083468238 0
    outer loop
      vertex -1.394300900092946 0.8049999999999999 0
      vertex -1.3188347913052767 0.923458062525184 0
      vertex -1.3188347913052767 0.923458062525184 15.400000000000006
    endloop
  endfacet
  facet normal 0.7933533402912349 -0.6087614290087211 0
    outer loop
      vertex -1.2333315534215545 1.034888051595328 15.400000000000006
      vertex -1.3188347913052767 0.923458062525184 0
      vertex -1.2333315534215545 1.034888051595328 0
    endloop
  endfacet
  facet normal 0.7372773368101255 -0.6755902076156588 0
    outer loop
      vertex -1.2333315534215545 1.034888051595328 0
      vertex -1.1384419177103415 1.1384419177103415 0
      vertex -1.1384419177103415 1.1384419177103415 15.400000000000006
    endloop
  endfacet
  facet normal 0.6755902076156588 -0.7372773368101255 0
    outer loop
      vertex -1.034888051595328 1.2333315534215545 15.400000000000006
      vertex -1.1384419177103415 1.1384419177103415 0
      vertex -1.034888051595328 1.2333315534215545 0
    endloop
  endfacet
  facet normal 0.6087614290087211 -0.7933533402912349 0
    outer loop
      vertex -0.923458062525184 1.3188347913052767 0
      vertex -0.923458062525184 1.3188347913052767 15.400000000000006
      vertex -1.034888051595328 1.2333315534215545 0
    endloop
  endfacet
  facet normal 0.5372996083468238 -0.8433914458128857 0
    outer loop
      vertex -0.8049999999999999 1.394300900092946 0
      vertex -0.8049999999999999 1.394300900092946 15.400000000000006
      vertex -0.923458062525184 1.3188347913052767 0
    endloop
  endfacet
  facet normal 0.4617486132350347 -0.8870108331782214 0
    outer loop
      vertex -0.6804154014025261 1.4591555371290064 0
      vertex -0.6804154014025261 1.4591555371290064 15.400000000000006
      vertex -0.8049999999999999 1.394300900092946 0
    endloop
  endfacet
  facet normal 0.3826834323650899 -0.9238795325112867 0
    outer loop
      vertex -0.5506524307543266 1.5129051194653125 0
      vertex -0.5506524307543266 1.5129051194653125 15.400000000000006
      vertex -0.6804154014025261 1.4591555371290064 0
    endloop
  endfacet
  facet normal 0.3007057995042731 -0.9537169507482269 0
    outer loop
      vertex -0.41669866261505834 1.5551405803254 0
      vertex -0.41669866261505834 1.5551405803254 15.400000000000006
      vertex -0.5506524307543266 1.5129051194653125 0
    endloop
  endfacet
  facet normal 0.21643961393810213 -0.9762960071199335 0
    outer loop
      vertex -0.2795735660437578 1.5855404823496548 0
      vertex -0.2795735660437578 1.5855404823496548 15.400000000000006
      vertex -0.41669866261505834 1.5551405803254 0
    endloop
  endfacet
  facet normal 0.13052619222005138 -0.9914448613738105 0
    outer loop
      vertex -0.14032074582372964 1.6038734639277101 0
      vertex -0.14032074582372964 1.6038734639277101 15.400000000000006
      vertex -0.2795735660437578 1.5855404823496548 0
    endloop
  endfacet
  facet normal 0.04361938736533638 -0.9990482215818577 0
    outer loop
      vertex 0 1.6099999999999999 15.400000000000006
      vertex -0.14032074582372964 1.6038734639277101 0
      vertex 0 1.6099999999999999 0
    endloop
  endfacet
  facet normal 0.9990482215818577 -0.04361938736533638 0
    outer loop
      vertex -1.6099999999999999 0 0
      vertex -1.6038734639277101 0.14032074582372964 15.400000000000006
      vertex -1.6099999999999999 0 15.400000000000006
    endloop
  endfacet
  facet normal 0.9914448613738105 -0.13052619222005138 0
    outer loop
      vertex -1.6038734639277101 0.14032074582372964 0
      vertex -1.5855404823496548 0.2795735660437578 15.400000000000006
      vertex -1.6038734639277101 0.14032074582372964 15.400000000000006
    endloop
  endfacet
  facet normal 0.9762960071199335 -0.21643961393810213 0
    outer loop
      vertex -1.5855404823496548 0.2795735660437578 0
      vertex -1.5551405803254 0.41669866261505834 15.400000000000006
      vertex -1.5855404823496548 0.2795735660437578 15.400000000000006
    endloop
  endfacet
  facet normal 0.9537169507482269 -0.3007057995042731 0
    outer loop
      vertex -1.5129051194653125 0.5506524307543266 15.400000000000006
      vertex -1.5551405803254 0.41669866261505834 15.400000000000006
      vertex -1.5551405803254 0.41669866261505834 0
    endloop
  endfacet
  facet normal 0.9238795325112867 -0.3826834323650899 0
    outer loop
      vertex -1.4591555371290064 0.6804154014025261 15.400000000000006
      vertex -1.5129051194653125 0.5506524307543266 15.400000000000006
      vertex -1.5129051194653125 0.5506524307543266 0
    endloop
  endfacet
  facet normal 0.8870108331782214 -0.4617486132350347 0
    outer loop
      vertex -1.4591555371290064 0.6804154014025261 0
      vertex -1.394300900092946 0.8049999999999999 15.400000000000006
      vertex -1.4591555371290064 0.6804154014025261 15.400000000000006
    endloop
  endfacet
  facet normal 0.8433914458128857 -0.5372996083468238 0
    outer loop
      vertex -1.394300900092946 0.8049999999999999 0
      vertex -1.3188347913052767 0.923458062525184 15.400000000000006
      vertex -1.394300900092946 0.8049999999999999 15.400000000000006
    endloop
  endfacet
  facet normal 0.7933533402912349 -0.6087614290087211 0
    outer loop
      vertex -1.2333315534215545 1.034888051595328 15.400000000000006
      vertex -1.3188347913052767 0.923458062525184 15.400000000000006
      vertex -1.3188347913052767 0.923458062525184 0
    endloop
  endfacet
  facet normal 0.7372773368101255 -0.6755902076156588 0
    outer loop
      vertex -1.1384419177103415 1.1384419177103415 15.400000000000006
      vertex -1.2333315534215545 1.034888051595328 15.400000000000006
      vertex -1.2333315534215545 1.034888051595328 0
    endloop
  endfacet
  facet normal 0.6755902076156588 -0.7372773368101255 0
    outer loop
      vertex -1.1384419177103415 1.1384419177103415 0
      vertex -1.034888051595328 1.2333315534215545 15.400000000000006
      vertex -1.1384419177103415 1.1384419177103415 15.400000000000006
    endloop
  endfacet
  facet normal 0.6087614290087211 -0.7933533402912349 0
    outer loop
      vertex -0.923458062525184 1.3188347913052767 15.400000000000006
      vertex -1.034888051595328 1.2333315534215545 15.400000000000006
      vertex -1.034888051595328 1.2333315534215545 0
    endloop
  endfacet
  facet normal 0.5372996083468238 -0.8433914458128857 0
    outer loop
      vertex -0.923458062525184 1.3188347913052767 0
      vertex -0.8049999999999999 1.394300900092946 15.400000000000006
      vertex -0.923458062525184 1.3188347913052767 15.400000000000006
    endloop
  endfacet
  facet normal 0.4617486132350347 -0.8870108331782214 0
    outer loop
      vertex -0.6804154014025261 1.4591555371290064 15.400000000000006
      vertex -0.8049999999999999 1.394300900092946 15.400000000000006
      vertex -0.8049999999999999 1.394300900092946 0
    endloop
  endfacet
  facet normal 0.3826834323650899 -0.9238795325112867 0
    outer loop
      vertex -0.6804154014025261 1.4591555371290064 0
      vertex -0.5506524307543266 1.5129051194653125 15.400000000000006
      vertex -0.6804154014025261 1.4591555371290064 15.400000000000006
    endloop
  endfacet
  facet normal 0.3007057995042731 -0.9537169507482269 0
    outer loop
      vertex -0.41669866261505834 1.5551405803254 15.400000000000006
      vertex -0.5506524307543266 1.5129051194653125 15.400000000000006
      vertex -0.5506524307543266 1.5129051194653125 0
    endloop
  endfacet
  facet normal 0.21643961393810213 -0.9762960071199335 0
    outer loop
      vertex -0.41669866261505834 1.5551405803254 0
      vertex -0.2795735660437578 1.5855404823496548 15.400000000000006
      vertex -0.41669866261505834 1.5551405803254 15.400000000000006
    endloop
  endfacet
  facet normal 0.13052619222005138 -0.9914448613738105 0
    outer loop
      vertex -0.14032074582372964 1.6038734639277101 15.400000000000006
      vertex -0.2795735660437578 1.5855404823496548 15.400000000000006
      vertex -0.2795735660437578 1.5855404823496548 0
    endloop
  endfacet
  facet normal 0.04361938736533638 -0.9990482215818577 0
    outer loop
      vertex 0 1.6099999999999999 15.400000000000006
      vertex -0.14032074582372964 1.6038734639277101 15.400000000000006
      vertex -0.14032074582372964 1.6038734639277101 0
    endloop
  endfacet
  facet normal -0.04361938736533638 0.9990482215818577 0
    outer loop
      vertex 0 -1.6099999999999999 15.400000000000006
      vertex 0.14032074582372964 -1.6038734639277101 0
      vertex 0 -1.6099999999999999 0
    endloop
  endfacet
  facet normal -0.13052619222005138 0.9914448613738105 0
    outer loop
      vertex 0.14032074582372964 -1.6038734639277101 0
      vertex 0.14032074582372964 -1.6038734639277101 15.400000000000006
      vertex 0.2795735660437578 -1.5855404823496548 0
    endloop
  endfacet
  facet normal -0.21643961393810213 0.9762960071199335 0
    outer loop
      vertex 0.2795735660437578 -1.5855404823496548 0
      vertex 0.2795735660437578 -1.5855404823496548 15.400000000000006
      vertex 0.41669866261505834 -1.5551405803254 0
    endloop
  endfacet
  facet normal -0.3007057995042731 0.9537169507482269 0
    outer loop
      vertex 0.41669866261505834 -1.5551405803254 0
      vertex 0.41669866261505834 -1.5551405803254 15.400000000000006
      vertex 0.5506524307543266 -1.5129051194653125 0
    endloop
  endfacet
  facet normal -0.3826834323650899 0.9238795325112867 0
    outer loop
      vertex 0.5506524307543266 -1.5129051194653125 0
      vertex 0.5506524307543266 -1.5129051194653125 15.400000000000006
      vertex 0.6804154014025261 -1.4591555371290064 0
    endloop
  endfacet
  facet normal -0.4617486132350347 0.8870108331782214 0
    outer loop
      vertex 0.6804154014025261 -1.4591555371290064 0
      vertex 0.6804154014025261 -1.4591555371290064 15.400000000000006
      vertex 0.8049999999999999 -1.394300900092946 0
    endloop
  endfacet
  facet normal -0.5372996083468238 0.8433914458128857 0
    outer loop
      vertex 0.8049999999999999 -1.394300900092946 0
      vertex 0.8049999999999999 -1.394300900092946 15.400000000000006
      vertex 0.923458062525184 -1.3188347913052767 0
    endloop
  endfacet
  facet normal -0.6087614290087211 0.7933533402912349 0
    outer loop
      vertex 0.923458062525184 -1.3188347913052767 0
      vertex 0.923458062525184 -1.3188347913052767 15.400000000000006
      vertex 1.034888051595328 -1.2333315534215545 0
    endloop
  endfacet
  facet normal -0.6755902076156588 0.7372773368101255 0
    outer loop
      vertex 1.034888051595328 -1.2333315534215545 0
      vertex 1.034888051595328 -1.2333315534215545 15.400000000000006
      vertex 1.1384419177103415 -1.1384419177103415 0
    endloop
  endfacet
  facet normal -0.7372773368101255 0.6755902076156588 0
    outer loop
      vertex 1.1384419177103415 -1.1384419177103415 0
      vertex 1.1384419177103415 -1.1384419177103415 15.400000000000006
      vertex 1.2333315534215545 -1.034888051595328 0
    endloop
  endfacet
  facet normal -0.7933533402912349 0.6087614290087211 0
    outer loop
      vertex 1.3188347913052767 -0.923458062525184 0
      vertex 1.2333315534215545 -1.034888051595328 0
      vertex 1.2333315534215545 -1.034888051595328 15.400000000000006
    endloop
  endfacet
  facet normal -0.8433914458128857 0.5372996083468238 0
    outer loop
      vertex 1.394300900092946 -0.8049999999999999 0
      vertex 1.3188347913052767 -0.923458062525184 0
      vertex 1.3188347913052767 -0.923458062525184 15.400000000000006
    endloop
  endfacet
  facet normal -0.8870108331782214 0.4617486132350347 0
    outer loop
      vertex 1.4591555371290064 -0.6804154014025261 0
      vertex 1.394300900092946 -0.8049999999999999 0
      vertex 1.394300900092946 -0.8049999999999999 15.400000000000006
    endloop
  endfacet
  facet normal -0.9238795325112867 0.3826834323650899 0
    outer loop
      vertex 1.5129051194653125 -0.5506524307543266 0
      vertex 1.4591555371290064 -0.6804154014025261 0
      vertex 1.4591555371290064 -0.6804154014025261 15.400000000000006
    endloop
  endfacet
  facet normal -0.9537169507482269 0.3007057995042731 0
    outer loop
      vertex 1.5551405803254 -0.41669866261505834 0
      vertex 1.5129051194653125 -0.5506524307543266 0
      vertex 1.5129051194653125 -0.5506524307543266 15.400000000000006
    endloop
  endfacet
  facet normal -0.9762960071199335 0.21643961393810213 0
    outer loop
      vertex 1.5855404823496548 -0.2795735660437578 0
      vertex 1.5551405803254 -0.41669866261505834 0
      vertex 1.5551405803254 -0.41669866261505834 15.400000000000006
    endloop
  endfacet
  facet normal -0.9914448613738105 0.13052619222005138 0
    outer loop
      vertex 1.6038734639277101 -0.14032074582372964 0
      vertex 1.5855404823496548 -0.2795735660437578 0
      vertex 1.5855404823496548 -0.2795735660437578 15.400000000000006
    endloop
  endfacet
  facet normal -0.9990482215818577 0.04361938736533638 0
    outer loop
      vertex 1.6038734639277101 -0.14032074582372964 0
      vertex 1.6038734639277101 -0.14032074582372964 15.400000000000006
      vertex 1.6099999999999999 0 0
    endloop
  endfacet
  facet normal -0.04361938736533638 0.9990482215818577 0
    outer loop
      vertex 0.14032074582372964 -1.6038734639277101 0
      vertex 0 -1.6099999999999999 15.400000000000006
      vertex 0.14032074582372964 -1.6038734639277101 15.400000000000006
    endloop
  endfacet
  facet normal -0.13052619222005138 0.9914448613738105 0
    outer loop
      vertex 0.14032074582372964 -1.6038734639277101 15.400000000000006
      vertex 0.2795735660437578 -1.5855404823496548 15.400000000000006
      vertex 0.2795735660437578 -1.5855404823496548 0
    endloop
  endfacet
  facet normal -0.21643961393810213 0.9762960071199335 0
    outer loop
      vertex 0.41669866261505834 -1.5551405803254 0
      vertex 0.2795735660437578 -1.5855404823496548 15.400000000000006
      vertex 0.41669866261505834 -1.5551405803254 15.400000000000006
    endloop
  endfacet
  facet normal -0.3007057995042731 0.9537169507482269 0
    outer loop
      vertex 0.41669866261505834 -1.5551405803254 15.400000000000006
      vertex 0.5506524307543266 -1.5129051194653125 15.400000000000006
      vertex 0.5506524307543266 -1.5129051194653125 0
    endloop
  endfacet
  facet normal -0.3826834323650899 0.9238795325112867 0
    outer loop
      vertex 0.6804154014025261 -1.4591555371290064 0
      vertex 0.5506524307543266 -1.5129051194653125 15.400000000000006
      vertex 0.6804154014025261 -1.4591555371290064 15.400000000000006
    endloop
  endfacet
  facet normal -0.4617486132350347 0.8870108331782214 0
    outer loop
      vertex 0.6804154014025261 -1.4591555371290064 15.400000000000006
      vertex 0.8049999999999999 -1.394300900092946 15.400000000000006
      vertex 0.8049999999999999 -1.394300900092946 0
    endloop
  endfacet
  facet normal -0.5372996083468238 0.8433914458128857 0
    outer loop
      vertex 0.923458062525184 -1.3188347913052767 0
      vertex 0.8049999999999999 -1.394300900092946 15.400000000000006
      vertex 0.923458062525184 -1.3188347913052767 15.400000000000006
    endloop
  endfacet
  facet normal -0.6087614290087211 0.7933533402912349 0
    outer loop
      vertex 0.923458062525184 -1.3188347913052767 15.400000000000006
      vertex 1.034888051595328 -1.2333315534215545 15.400000000000006
      vertex 1.034888051595328 -1.2333315534215545 0
    endloop
  endfacet
  facet normal -0.6755902076156588 0.7372773368101255 0
    outer loop
      vertex 1.1384419177103415 -1.1384419177103415 0
      vertex 1.034888051595328 -1.2333315534215545 15.400000000000006
      vertex 1.1384419177103415 -1.1384419177103415 15.400000000000006
    endloop
  endfacet
  facet normal -0.7372773368101255 0.6755902076156588 0
    outer loop
      vertex 1.1384419177103415 -1.1384419177103415 15.400000000000006
      vertex 1.2333315534215545 -1.034888051595328 15.400000000000006
      vertex 1.2333315534215545 -1.034888051595328 0
    endloop
  endfacet
  facet normal -0.7933533402912349 0.6087614290087211 0
    outer loop
      vertex 1.2333315534215545 -1.034888051595328 15.400000000000006
      vertex 1.3188347913052767 -0.923458062525184 15.400000000000006
      vertex 1.3188347913052767 -0.923458062525184 0
    endloop
  endfacet
  facet normal -0.8433914458128857 0.5372996083468238 0
    outer loop
      vertex 1.394300900092946 -0.8049999999999999 0
      vertex 1.3188347913052767 -0.923458062525184 15.400000000000006
      vertex 1.394300900092946 -0.8049999999999999 15.400000000000006
    endloop
  endfacet
  facet normal -0.8870108331782214 0.4617486132350347 0
    outer loop
      vertex 1.4591555371290064 -0.6804154014025261 0
      vertex 1.394300900092946 -0.8049999999999999 15.400000000000006
      vertex 1.4591555371290064 -0.6804154014025261 15.400000000000006
    endloop
  endfacet
  facet normal -0.9238795325112867 0.3826834323650899 0
    outer loop
      vertex 1.5129051194653125 -0.5506524307543266 0
      vertex 1.4591555371290064 -0.6804154014025261 15.400000000000006
      vertex 1.5129051194653125 -0.5506524307543266 15.400000000000006
    endloop
  endfacet
  facet normal -0.9537169507482269 0.3007057995042731 0
    outer loop
      vertex 1.5129051194653125 -0.5506524307543266 15.400000000000006
      vertex 1.5551405803254 -0.41669866261505834 15.400000000000006
      vertex 1.5551405803254 -0.41669866261505834 0
    endloop
  endfacet
  facet normal -0.9762960071199335 0.21643961393810213 0
    outer loop
      vertex 1.5855404823496548 -0.2795735660437578 0
      vertex 1.5551405803254 -0.41669866261505834 15.400000000000006
      vertex 1.5855404823496548 -0.2795735660437578 15.400000000000006
    endloop
  endfacet
  facet normal -0.9914448613738105 0.13052619222005138 0
    outer loop
      vertex 1.6038734639277101 -0.14032074582372964 0
      vertex 1.5855404823496548 -0.2795735660437578 15.400000000000006
      vertex 1.6038734639277101 -0.14032074582372964 15.400000000000006
    endloop
  endfacet
  facet normal -0.9990482215818577 0.04361938736533638 0
    outer loop
      vertex 1.6099999999999999 0 0
      vertex 1.6038734639277101 -0.14032074582372964 15.400000000000006
      vertex 1.6099999999999999 0 15.400000000000006
    endloop
  endfacet
  facet normal -0.7933533402912349 -0.6087614290087211 0
    outer loop
      vertex 1.2333315534215545 1.034888051595328 0
      vertex 1.3188347913052767 0.923458062525184 0
      vertex 1.3188347913052767 0.923458062525184 15.400000000000006
    endloop
  endfacet
  facet normal -0.6087614290087211 -0.7933533402912349 0
    outer loop
      vertex 1.034888051595328 1.2333315534215545 0
      vertex 1.034888051595328 1.2333315534215545 15.400000000000006
      vertex 0.923458062525184 1.3188347913052767 0
    endloop
  endfacet
  facet normal -0.6755902076156588 -0.7372773368101255 0
    outer loop
      vertex 1.034888051595328 1.2333315534215545 0
      vertex 1.1384419177103415 1.1384419177103415 0
      vertex 1.1384419177103415 1.1384419177103415 15.400000000000006
    endloop
  endfacet
  facet normal -0.7372773368101255 -0.6755902076156588 0
    outer loop
      vertex 1.1384419177103415 1.1384419177103415 0
      vertex 1.2333315534215545 1.034888051595328 0
      vertex 1.2333315534215545 1.034888051595328 15.400000000000006
    endloop
  endfacet
  facet normal -0.04361938736533638 -0.9990482215818577 0
    outer loop
      vertex 0.14032074582372964 1.6038734639277101 0
      vertex 0.14032074582372964 1.6038734639277101 15.400000000000006
      vertex 0 1.6099999999999999 0
    endloop
  endfacet
  facet normal -0.13052619222005138 -0.9914448613738105 0
    outer loop
      vertex 0.2795735660437578 1.5855404823496548 15.400000000000006
      vertex 0.14032074582372964 1.6038734639277101 0
      vertex 0.2795735660437578 1.5855404823496548 0
    endloop
  endfacet
  facet normal -0.21643961393810213 -0.9762960071199335 0
    outer loop
      vertex 0.41669866261505834 1.5551405803254 0
      vertex 0.41669866261505834 1.5551405803254 15.400000000000006
      vertex 0.2795735660437578 1.5855404823496548 0
    endloop
  endfacet
  facet normal -0.3826834323650899 -0.9238795325112867 0
    outer loop
      vertex 0.6804154014025261 1.4591555371290064 0
      vertex 0.6804154014025261 1.4591555371290064 15.400000000000006
      vertex 0.5506524307543266 1.5129051194653125 0
    endloop
  endfacet
  facet normal -0.3007057995042731 -0.9537169507482269 0
    outer loop
      vertex 0.5506524307543266 1.5129051194653125 15.400000000000006
      vertex 0.41669866261505834 1.5551405803254 0
      vertex 0.5506524307543266 1.5129051194653125 0
    endloop
  endfacet
  facet normal -0.4617486132350347 -0.8870108331782214 0
    outer loop
      vertex 0.8049999999999999 1.394300900092946 15.400000000000006
      vertex 0.6804154014025261 1.4591555371290064 0
      vertex 0.8049999999999999 1.394300900092946 0
    endloop
  endfacet
  facet normal -0.5372996083468238 -0.8433914458128857 0
    outer loop
      vertex 0.923458062525184 1.3188347913052767 0
      vertex 0.923458062525184 1.3188347913052767 15.400000000000006
      vertex 0.8049999999999999 1.394300900092946 0
    endloop
  endfacet
  facet normal -0.9990482215818577 -0.04361938736533638 0
    outer loop
      vertex 1.6099999999999999 0 0
      vertex 1.6099999999999999 0 15.400000000000006
      vertex 1.6038734639277101 0.14032074582372964 0
    endloop
  endfacet
  facet normal -0.9914448613738105 -0.13052619222005138 0
    outer loop
      vertex 1.5855404823496548 0.2795735660437578 0
      vertex 1.6038734639277101 0.14032074582372964 0
      vertex 1.6038734639277101 0.14032074582372964 15.400000000000006
    endloop
  endfacet
  facet normal -0.9762960071199335 -0.21643961393810213 0
    outer loop
      vertex 1.5551405803254 0.41669866261505834 0
      vertex 1.5855404823496548 0.2795735660437578 0
      vertex 1.5855404823496548 0.2795735660437578 15.400000000000006
    endloop
  endfacet
  facet normal -0.9537169507482269 -0.3007057995042731 0
    outer loop
      vertex 1.5129051194653125 0.5506524307543266 0
      vertex 1.5551405803254 0.41669866261505834 0
      vertex 1.5551405803254 0.41669866261505834 15.400000000000006
    endloop
  endfacet
  facet normal -0.9238795325112867 -0.3826834323650899 0
    outer loop
      vertex 1.4591555371290064 0.6804154014025261 0
      vertex 1.5129051194653125 0.5506524307543266 0
      vertex 1.5129051194653125 0.5506524307543266 15.400000000000006
    endloop
  endfacet
  facet normal -0.8870108331782214 -0.4617486132350347 0
    outer loop
      vertex 1.394300900092946 0.8049999999999999 0
      vertex 1.4591555371290064 0.6804154014025261 0
      vertex 1.4591555371290064 0.6804154014025261 15.400000000000006
    endloop
  endfacet
  facet normal -0.8433914458128857 -0.5372996083468238 0
    outer loop
      vertex 1.3188347913052767 0.923458062525184 0
      vertex 1.394300900092946 0.8049999999999999 0
      vertex 1.394300900092946 0.8049999999999999 15.400000000000006
    endloop
  endfacet
  facet normal -0.6087614290087211 -0.7933533402912349 0
    outer loop
      vertex 0.923458062525184 1.3188347913052767 0
      vertex 1.034888051595328 1.2333315534215545 15.400000000000006
      vertex 0.923458062525184 1.3188347913052767 15.400000000000006
    endloop
  endfacet
  facet normal -0.6755902076156588 -0.7372773368101255 0
    outer loop
      vertex 1.1384419177103415 1.1384419177103415 15.400000000000006
      vertex 1.034888051595328 1.2333315534215545 15.400000000000006
      vertex 1.034888051595328 1.2333315534215545 0
    endloop
  endfacet
  facet normal -0.7372773368101255 -0.6755902076156588 0
    outer loop
      vertex 1.1384419177103415 1.1384419177103415 0
      vertex 1.2333315534215545 1.034888051595328 15.400000000000006
      vertex 1.1384419177103415 1.1384419177103415 15.400000000000006
    endloop
  endfacet
  facet normal -0.7933533402912349 -0.6087614290087211 0
    outer loop
      vertex 1.2333315534215545 1.034888051595328 0
      vertex 1.3188347913052767 0.923458062525184 15.400000000000006
      vertex 1.2333315534215545 1.034888051595328 15.400000000000006
    endloop
  endfacet
  facet normal -0.04361938736533638 -0.9990482215818577 0
    outer loop
      vertex 0.14032074582372964 1.6038734639277101 15.400000000000006
      vertex 0 1.6099999999999999 15.400000000000006
      vertex 0 1.6099999999999999 0
    endloop
  endfacet
  facet normal -0.13052619222005138 -0.9914448613738105 0
    outer loop
      vertex 0.14032074582372964 1.6038734639277101 0
      vertex 0.2795735660437578 1.5855404823496548 15.400000000000006
      vertex 0.14032074582372964 1.6038734639277101 15.400000000000006
    endloop
  endfacet
  facet normal -0.21643961393810213 -0.9762960071199335 0
    outer loop
      vertex 0.41669866261505834 1.5551405803254 15.400000000000006
      vertex 0.2795735660437578 1.5855404823496548 15.400000000000006
      vertex 0.2795735660437578 1.5855404823496548 0
    endloop
  endfacet
  facet normal -0.3007057995042731 -0.9537169507482269 0
    outer loop
      vertex 0.41669866261505834 1.5551405803254 0
      vertex 0.5506524307543266 1.5129051194653125 15.400000000000006
      vertex 0.41669866261505834 1.5551405803254 15.400000000000006
    endloop
  endfacet
  facet normal -0.3826834323650899 -0.9238795325112867 0
    outer loop
      vertex 0.6804154014025261 1.4591555371290064 15.400000000000006
      vertex 0.5506524307543266 1.5129051194653125 15.400000000000006
      vertex 0.5506524307543266 1.5129051194653125 0
    endloop
  endfacet
  facet normal -0.4617486132350347 -0.8870108331782214 0
    outer loop
      vertex 0.6804154014025261 1.4591555371290064 0
      vertex 0.8049999999999999 1.394300900092946 15.400000000000006
      vertex 0.6804154014025261 1.4591555371290064 15.400000000000006
    endloop
  endfacet
  facet normal -0.5372996083468238 -0.8433914458128857 0
    outer loop
      vertex 0.8049999999999999 1.394300900092946 0
      vertex 0.923458062525184 1.3188347913052767 15.400000000000006
      vertex 0.8049999999999999 1.394300900092946 15.400000000000006
    endloop
  endfacet
  facet normal -0.9990482215818577 -0.04361938736533638 0
    outer loop
      vertex 1.6038734639277101 0.14032074582372964 0
      vertex 1.6099999999999999 0 15.400000000000006
      vertex 1.6038734639277101 0.14032074582372964 15.400000000000006
    endloop
  endfacet
  facet normal -0.9914448613738105 -0.13052619222005138 0
    outer loop
      vertex 1.5855404823496548 0.2795735660437578 0
      vertex 1.6038734639277101 0.14032074582372964 15.400000000000006
      vertex 1.5855404823496548 0.2795735660437578 15.400000000000006
    endloop
  endfacet
  facet normal -0.9238795325112867 -0.3826834323650899 0
    outer loop
      vertex 1.4591555371290064 0.6804154014025261 0
      vertex 1.5129051194653125 0.5506524307543266 15.400000000000006
      vertex 1.4591555371290064 0.6804154014025261 15.400000000000006
    endloop
  endfacet
  facet normal -0.9762960071199335 -0.21643961393810213 0
    outer loop
      vertex 1.5551405803254 0.41669866261505834 0
      vertex 1.5855404823496548 0.2795735660437578 15.400000000000006
      vertex 1.5551405803254 0.41669866261505834 15.400000000000006
    endloop
  endfacet
  facet normal -0.9537169507482269 -0.3007057995042731 0
    outer loop
      vertex 1.5129051194653125 0.5506524307543266 0
      vertex 1.5551405803254 0.41669866261505834 15.400000000000006
      vertex 1.5129051194653125 0.5506524307543266 15.400000000000006
    endloop
  endfacet
  facet normal -0.8870108331782214 -0.4617486132350347 0
    outer loop
      vertex 1.4591555371290064 0.6804154014025261 15.400000000000006
      vertex 1.394300900092946 0.8049999999999999 15.400000000000006
      vertex 1.394300900092946 0.8049999999999999 0
    endloop
  endfacet
  facet normal -0.8433914458128857 -0.5372996083468238 0
    outer loop
      vertex 1.3188347913052767 0.923458062525184 0
      vertex 1.394300900092946 0.8049999999999999 15.400000000000006
      vertex 1.3188347913052767 0.923458062525184 15.400000000000006
    endloop
  endfacet
endsolid OpenSCAD_Model
