solid OpenSCAD_Model
  facet normal 0.812846684591611 0.5824776968678079 0
    outer loop
      vertex -9.143270716916 -13.263909070401953 0
      vertex -9.143270716916 -13.263909070401953 3.5
      vertex -9.090860842900447 -13.33704696488699 0
    endloop
  endfacet
  facet normal 0.773010453362748 0.634393284163632 0
    outer loop
      vertex -9.090860842900447 -13.33704696488699 0
      vertex -9.090860842900447 -13.33704696488699 3.5
      vertex -9.033779735283595 -13.406600495762595 0
    endloop
  endfacet
  facet normal 0.7298640726978386 0.683592302022868 0
    outer loop
      vertex -8.972271824131504 -13.472271824131504 0
      vertex -9.033779735283595 -13.406600495762595 0
      vertex -9.033779735283595 -13.406600495762595 3.5
    endloop
  endfacet
  facet normal 0.9738769792773352 0.22707626303436645 0
    outer loop
      vertex -9.32814801114747 -12.855876187015966 0
      vertex -9.348579760554442 -12.768249192772176 0
      vertex -9.348579760554442 -12.768249192772176 3.5
    endloop
  endfacet
  facet normal 0.881921264348357 0.47139673682599365 0
    outer loop
      vertex -9.233200019607446 -13.108146949051127 0
      vertex -9.233200019607446 -13.108146949051127 3.5
      vertex -9.190784930203604 -13.1875 0
    endloop
  endfacet
  facet normal 0.9108638249211775 0.41270702980439117 0
    outer loop
      vertex -9.27033435720302 -13.026189719501998 0
      vertex -9.27033435720302 -13.026189719501998 3.5
      vertex -9.233200019607446 -13.108146949051127 0
    endloop
  endfacet
  facet normal 0.935905926757323 0.3522500479212406 0
    outer loop
      vertex -9.27033435720302 -13.026189719501998 0
      vertex -9.30202892805577 -12.941979264791847 0
      vertex -9.30202892805577 -12.941979264791847 3.5
    endloop
  endfacet
  facet normal 0.9569403357322096 0.2902846772544598 0
    outer loop
      vertex -9.32814801114747 -12.855876187015966 0
      vertex -9.32814801114747 -12.855876187015966 3.5
      vertex -9.30202892805577 -12.941979264791847 0
    endloop
  endfacet
  facet normal 0.9866433320848799 0.16289547339458404 0
    outer loop
      vertex -9.348579760554442 -12.768249192772176 0
      vertex -9.363236684388989 -12.67947351430257 0
      vertex -9.363236684388989 -12.67947351430257 3.5
    endloop
  endfacet
  facet normal 0.995184726672196 0.0980171403295675 0
    outer loop
      vertex -9.363236684388989 -12.67947351430257 0
      vertex -9.37205601945308 -12.589929302691447 0
      vertex -9.37205601945308 -12.589929302691447 3.5
    endloop
  endfacet
  facet normal 0.9994645874763657 0.03271908282177687 0
    outer loop
      vertex -9.37205601945308 -12.589929302691447 0
      vertex -9.375 -12.5 0
      vertex -9.375 -12.5 3.5
    endloop
  endfacet
  facet normal 0.9994645874763657 -0.03271908282177687 0
    outer loop
      vertex -9.375 -12.5 0
      vertex -9.37205601945308 -12.410070697308553 0
      vertex -9.37205601945308 -12.410070697308553 3.5
    endloop
  endfacet
  facet normal 0.995184726672196 -0.0980171403295675 0
    outer loop
      vertex -9.37205601945308 -12.410070697308553 0
      vertex -9.363236684388989 -12.32052648569743 0
      vertex -9.363236684388989 -12.32052648569743 3.5
    endloop
  endfacet
  facet normal 0.8492021815265745 0.5280678506503751 0
    outer loop
      vertex -9.143270716916 -13.263909070401953 0
      vertex -9.190784930203604 -13.1875 0
      vertex -9.190784930203604 -13.1875 3.5
    endloop
  endfacet
  facet normal 0.683592302022868 0.7298640726978386 0
    outer loop
      vertex -8.972271824131504 -13.472271824131504 0
      vertex -8.972271824131504 -13.472271824131504 3.5
      vertex -8.906600495762595 -13.533779735283595 0
    endloop
  endfacet
  facet normal 0.634393284163632 0.773010453362748 0
    outer loop
      vertex -8.906600495762595 -13.533779735283595 0
      vertex -8.906600495762595 -13.533779735283595 3.5
      vertex -8.83704696488699 -13.590860842900447 0
    endloop
  endfacet
  facet normal 0.5824776968678079 0.812846684591611 0
    outer loop
      vertex -8.83704696488699 -13.590860842900447 0
      vertex -8.83704696488699 -13.590860842900447 3.5
      vertex -8.763909070401953 -13.643270716916 0
    endloop
  endfacet
  facet normal 0.5280678506503751 0.8492021815265745 0
    outer loop
      vertex -8.763909070401953 -13.643270716916 0
      vertex -8.763909070401953 -13.643270716916 3.5
      vertex -8.6875 -13.690784930203604 0
    endloop
  endfacet
  facet normal 0.47139673682599365 0.881921264348357 0
    outer loop
      vertex -8.6875 -13.690784930203604 0
      vertex -8.6875 -13.690784930203604 3.5
      vertex -8.608146949051127 -13.733200019607446 0
    endloop
  endfacet
  facet normal 0.41270702980439117 0.9108638249211775 0
    outer loop
      vertex -8.608146949051127 -13.733200019607446 0
      vertex -8.608146949051127 -13.733200019607446 3.5
      vertex -8.526189719501998 -13.77033435720302 0
    endloop
  endfacet
  facet normal 0.9866433320848799 -0.16289547339458404 0
    outer loop
      vertex -9.363236684388989 -12.32052648569743 0
      vertex -9.348579760554442 -12.231750807227824 0
      vertex -9.348579760554442 -12.231750807227824 3.5
    endloop
  endfacet
  facet normal 0.9738769792773352 -0.22707626303436645 0
    outer loop
      vertex -9.348579760554442 -12.231750807227824 0
      vertex -9.32814801114747 -12.144123812984034 0
      vertex -9.32814801114747 -12.144123812984034 3.5
    endloop
  endfacet
  facet normal 0.9569403357322096 -0.2902846772544598 0
    outer loop
      vertex -9.32814801114747 -12.144123812984034 0
      vertex -9.30202892805577 -12.058020735208153 0
      vertex -9.30202892805577 -12.058020735208153 3.5
    endloop
  endfacet
  facet normal 0.935905926757323 -0.3522500479212406 0
    outer loop
      vertex -9.30202892805577 -12.058020735208153 0
      vertex -9.27033435720302 -11.973810280498002 0
      vertex -9.27033435720302 -11.973810280498002 3.5
    endloop
  endfacet
  facet normal 0.9108638249211775 -0.41270702980439117 0
    outer loop
      vertex -9.27033435720302 -11.973810280498002 0
      vertex -9.233200019607446 -11.891853050948873 0
      vertex -9.233200019607446 -11.891853050948873 3.5
    endloop
  endfacet
  facet normal 0.881921264348357 -0.47139673682599365 0
    outer loop
      vertex -9.233200019607446 -11.891853050948873 0
      vertex -9.190784930203604 -11.8125 0
      vertex -9.190784930203604 -11.8125 3.5
    endloop
  endfacet
  facet normal 0.8492021815265745 -0.5280678506503751 0
    outer loop
      vertex -9.190784930203604 -11.8125 0
      vertex -9.143270716916 -11.736090929598047 0
      vertex -9.143270716916 -11.736090929598047 3.5
    endloop
  endfacet
  facet normal 0.812846684591611 -0.5824776968678079 0
    outer loop
      vertex -9.143270716916 -11.736090929598047 0
      vertex -9.090860842900447 -11.66295303511301 0
      vertex -9.090860842900447 -11.66295303511301 3.5
    endloop
  endfacet
  facet normal 0.773010453362748 -0.634393284163632 0
    outer loop
      vertex -9.090860842900447 -11.66295303511301 0
      vertex -9.033779735283595 -11.593399504237405 0
      vertex -9.033779735283595 -11.593399504237405 3.5
    endloop
  endfacet
  facet normal 0.7298640726978386 -0.683592302022868 0
    outer loop
      vertex -9.033779735283595 -11.593399504237405 0
      vertex -8.972271824131504 -11.527728175868496 0
      vertex -8.972271824131504 -11.527728175868496 3.5
    endloop
  endfacet
  facet normal 0.683592302022868 -0.7298640726978386 0
    outer loop
      vertex -8.972271824131504 -11.527728175868496 0
      vertex -8.906600495762595 -11.466220264716405 0
      vertex -8.906600495762595 -11.466220264716405 3.5
    endloop
  endfacet
  facet normal 0.634393284163632 -0.773010453362748 0
    outer loop
      vertex -8.906600495762595 -11.466220264716405 0
      vertex -8.83704696488699 -11.409139157099553 0
      vertex -8.83704696488699 -11.409139157099553 3.5
    endloop
  endfacet
  facet normal 0.5824776968678079 -0.812846684591611 0
    outer loop
      vertex -8.83704696488699 -11.409139157099553 0
      vertex -8.763909070401953 -11.356729283084 0
      vertex -8.763909070401953 -11.356729283084 3.5
    endloop
  endfacet
  facet normal 0.5280678506503751 -0.8492021815265745 0
    outer loop
      vertex -8.763909070401953 -11.356729283084 0
      vertex -8.6875 -11.309215069796396 0
      vertex -8.6875 -11.309215069796396 3.5
    endloop
  endfacet
  facet normal 0.47139673682599365 -0.881921264348357 0
    outer loop
      vertex -8.6875 -11.309215069796396 0
      vertex -8.608146949051127 -11.266799980392554 0
      vertex -8.608146949051127 -11.266799980392554 3.5
    endloop
  endfacet
  facet normal 0.41270702980439117 -0.9108638249211775 0
    outer loop
      vertex -8.608146949051127 -11.266799980392554 0
      vertex -8.526189719501998 -11.22966564279698 0
      vertex -8.526189719501998 -11.22966564279698 3.5
    endloop
  endfacet
  facet normal 0.8492021815265745 0.5280678506503751 0
    outer loop
      vertex -9.143270716916 -13.263909070401953 0
      vertex -9.190784930203604 -13.1875 3.5
      vertex -9.143270716916 -13.263909070401953 3.5
    endloop
  endfacet
  facet normal 0.812846684591611 0.5824776968678079 0
    outer loop
      vertex -9.090860842900447 -13.33704696488699 0
      vertex -9.143270716916 -13.263909070401953 3.5
      vertex -9.090860842900447 -13.33704696488699 3.5
    endloop
  endfacet
  facet normal 0.773010453362748 0.634393284163632 0
    outer loop
      vertex -9.033779735283595 -13.406600495762595 0
      vertex -9.090860842900447 -13.33704696488699 3.5
      vertex -9.033779735283595 -13.406600495762595 3.5
    endloop
  endfacet
  facet normal 0.7298640726978386 0.683592302022868 0
    outer loop
      vertex -8.972271824131504 -13.472271824131504 0
      vertex -9.033779735283595 -13.406600495762595 3.5
      vertex -8.972271824131504 -13.472271824131504 3.5
    endloop
  endfacet
  facet normal 0.9738769792773352 0.22707626303436645 0
    outer loop
      vertex -9.32814801114747 -12.855876187015966 0
      vertex -9.348579760554442 -12.768249192772176 3.5
      vertex -9.32814801114747 -12.855876187015966 3.5
    endloop
  endfacet
  facet normal 0.935905926757323 0.3522500479212406 0
    outer loop
      vertex -9.27033435720302 -13.026189719501998 0
      vertex -9.30202892805577 -12.941979264791847 3.5
      vertex -9.27033435720302 -13.026189719501998 3.5
    endloop
  endfacet
  facet normal 0.881921264348357 0.47139673682599365 0
    outer loop
      vertex -9.190784930203604 -13.1875 0
      vertex -9.233200019607446 -13.108146949051127 3.5
      vertex -9.190784930203604 -13.1875 3.5
    endloop
  endfacet
  facet normal 0.9108638249211775 0.41270702980439117 0
    outer loop
      vertex -9.233200019607446 -13.108146949051127 0
      vertex -9.27033435720302 -13.026189719501998 3.5
      vertex -9.233200019607446 -13.108146949051127 3.5
    endloop
  endfacet
  facet normal 0.9569403357322096 0.2902846772544598 0
    outer loop
      vertex -9.30202892805577 -12.941979264791847 0
      vertex -9.32814801114747 -12.855876187015966 3.5
      vertex -9.30202892805577 -12.941979264791847 3.5
    endloop
  endfacet
  facet normal 0.9866433320848799 0.16289547339458404 0
    outer loop
      vertex -9.348579760554442 -12.768249192772176 0
      vertex -9.363236684388989 -12.67947351430257 3.5
      vertex -9.348579760554442 -12.768249192772176 3.5
    endloop
  endfacet
  facet normal 0.995184726672196 0.0980171403295675 0
    outer loop
      vertex -9.363236684388989 -12.67947351430257 0
      vertex -9.37205601945308 -12.589929302691447 3.5
      vertex -9.363236684388989 -12.67947351430257 3.5
    endloop
  endfacet
  facet normal 0.9994645874763657 0.03271908282177687 0
    outer loop
      vertex -9.37205601945308 -12.589929302691447 0
      vertex -9.375 -12.5 3.5
      vertex -9.37205601945308 -12.589929302691447 3.5
    endloop
  endfacet
  facet normal 0.9994645874763657 -0.03271908282177687 0
    outer loop
      vertex -9.375 -12.5 0
      vertex -9.37205601945308 -12.410070697308553 3.5
      vertex -9.375 -12.5 3.5
    endloop
  endfacet
  facet normal 0.995184726672196 -0.0980171403295675 0
    outer loop
      vertex -9.37205601945308 -12.410070697308553 0
      vertex -9.363236684388989 -12.32052648569743 3.5
      vertex -9.37205601945308 -12.410070697308553 3.5
    endloop
  endfacet
  facet normal 0.683592302022868 0.7298640726978386 0
    outer loop
      vertex -8.906600495762595 -13.533779735283595 0
      vertex -8.972271824131504 -13.472271824131504 3.5
      vertex -8.906600495762595 -13.533779735283595 3.5
    endloop
  endfacet
  facet normal 0.634393284163632 0.773010453362748 0
    outer loop
      vertex -8.83704696488699 -13.590860842900447 0
      vertex -8.906600495762595 -13.533779735283595 3.5
      vertex -8.83704696488699 -13.590860842900447 3.5
    endloop
  endfacet
  facet normal 0.5824776968678079 0.812846684591611 0
    outer loop
      vertex -8.763909070401953 -13.643270716916 0
      vertex -8.83704696488699 -13.590860842900447 3.5
      vertex -8.763909070401953 -13.643270716916 3.5
    endloop
  endfacet
  facet normal 0.47139673682599365 0.881921264348357 0
    outer loop
      vertex -8.608146949051127 -13.733200019607446 0
      vertex -8.6875 -13.690784930203604 3.5
      vertex -8.608146949051127 -13.733200019607446 3.5
    endloop
  endfacet
  facet normal 0.41270702980439117 0.9108638249211775 0
    outer loop
      vertex -8.526189719501998 -13.77033435720302 0
      vertex -8.608146949051127 -13.733200019607446 3.5
      vertex -8.526189719501998 -13.77033435720302 3.5
    endloop
  endfacet
  facet normal 0.5280678506503751 0.8492021815265745 0
    outer loop
      vertex -8.6875 -13.690784930203604 0
      vertex -8.763909070401953 -13.643270716916 3.5
      vertex -8.6875 -13.690784930203604 3.5
    endloop
  endfacet
  facet normal 0.9866433320848799 -0.16289547339458404 0
    outer loop
      vertex -9.363236684388989 -12.32052648569743 0
      vertex -9.348579760554442 -12.231750807227824 3.5
      vertex -9.363236684388989 -12.32052648569743 3.5
    endloop
  endfacet
  facet normal 0.9738769792773352 -0.22707626303436645 0
    outer loop
      vertex -9.348579760554442 -12.231750807227824 0
      vertex -9.32814801114747 -12.144123812984034 3.5
      vertex -9.348579760554442 -12.231750807227824 3.5
    endloop
  endfacet
  facet normal 0.9569403357322096 -0.2902846772544598 0
    outer loop
      vertex -9.32814801114747 -12.144123812984034 0
      vertex -9.30202892805577 -12.058020735208153 3.5
      vertex -9.32814801114747 -12.144123812984034 3.5
    endloop
  endfacet
  facet normal 0.935905926757323 -0.3522500479212406 0
    outer loop
      vertex -9.30202892805577 -12.058020735208153 0
      vertex -9.27033435720302 -11.973810280498002 3.5
      vertex -9.30202892805577 -12.058020735208153 3.5
    endloop
  endfacet
  facet normal 0.9108638249211775 -0.41270702980439117 0
    outer loop
      vertex -9.27033435720302 -11.973810280498002 0
      vertex -9.233200019607446 -11.891853050948873 3.5
      vertex -9.27033435720302 -11.973810280498002 3.5
    endloop
  endfacet
  facet normal 0.881921264348357 -0.47139673682599365 0
    outer loop
      vertex -9.233200019607446 -11.891853050948873 0
      vertex -9.190784930203604 -11.8125 3.5
      vertex -9.233200019607446 -11.891853050948873 3.5
    endloop
  endfacet
  facet normal 0.8492021815265745 -0.5280678506503751 0
    outer loop
      vertex -9.190784930203604 -11.8125 0
      vertex -9.143270716916 -11.736090929598047 3.5
      vertex -9.190784930203604 -11.8125 3.5
    endloop
  endfacet
  facet normal 0.812846684591611 -0.5824776968678079 0
    outer loop
      vertex -9.143270716916 -11.736090929598047 0
      vertex -9.090860842900447 -11.66295303511301 3.5
      vertex -9.143270716916 -11.736090929598047 3.5
    endloop
  endfacet
  facet normal 0.773010453362748 -0.634393284163632 0
    outer loop
      vertex -9.090860842900447 -11.66295303511301 0
      vertex -9.033779735283595 -11.593399504237405 3.5
      vertex -9.090860842900447 -11.66295303511301 3.5
    endloop
  endfacet
  facet normal 0.7298640726978386 -0.683592302022868 0
    outer loop
      vertex -9.033779735283595 -11.593399504237405 0
      vertex -8.972271824131504 -11.527728175868496 3.5
      vertex -9.033779735283595 -11.593399504237405 3.5
    endloop
  endfacet
  facet normal 0.683592302022868 -0.7298640726978386 0
    outer loop
      vertex -8.972271824131504 -11.527728175868496 0
      vertex -8.906600495762595 -11.466220264716405 3.5
      vertex -8.972271824131504 -11.527728175868496 3.5
    endloop
  endfacet
  facet normal 0.634393284163632 -0.773010453362748 0
    outer loop
      vertex -8.906600495762595 -11.466220264716405 0
      vertex -8.83704696488699 -11.409139157099553 3.5
      vertex -8.906600495762595 -11.466220264716405 3.5
    endloop
  endfacet
  facet normal 0.5824776968678079 -0.812846684591611 0
    outer loop
      vertex -8.83704696488699 -11.409139157099553 0
      vertex -8.763909070401953 -11.356729283084 3.5
      vertex -8.83704696488699 -11.409139157099553 3.5
    endloop
  endfacet
  facet normal 0.5280678506503751 -0.8492021815265745 0
    outer loop
      vertex -8.763909070401953 -11.356729283084 0
      vertex -8.6875 -11.309215069796396 3.5
      vertex -8.763909070401953 -11.356729283084 3.5
    endloop
  endfacet
  facet normal 0.47139673682599365 -0.881921264348357 0
    outer loop
      vertex -8.6875 -11.309215069796396 0
      vertex -8.608146949051127 -11.266799980392554 3.5
      vertex -8.6875 -11.309215069796396 3.5
    endloop
  endfacet
  facet normal 0.41270702980439117 -0.9108638249211775 0
    outer loop
      vertex -8.608146949051127 -11.266799980392554 0
      vertex -8.526189719501998 -11.22966564279698 3.5
      vertex -8.608146949051127 -11.266799980392554 3.5
    endloop
  endfacet
  facet normal 0.3522500479212406 0.935905926757323 0
    outer loop
      vertex -8.526189719501998 -13.77033435720302 0
      vertex -8.526189719501998 -13.77033435720302 3.5
      vertex -8.441979264791847 -13.80202892805577 0
    endloop
  endfacet
  facet normal 0.2902846772544598 0.9569403357322096 0
    outer loop
      vertex -8.441979264791847 -13.80202892805577 0
      vertex -8.441979264791847 -13.80202892805577 3.5
      vertex -8.355876187015966 -13.82814801114747 0
    endloop
  endfacet
  facet normal 0.22707626303436645 0.9738769792773352 0
    outer loop
      vertex -8.355876187015966 -13.82814801114747 0
      vertex -8.355876187015966 -13.82814801114747 3.5
      vertex -8.268249192772176 -13.848579760554442 0
    endloop
  endfacet
  facet normal 0.16289547339458404 0.9866433320848799 0
    outer loop
      vertex -8.268249192772176 -13.848579760554442 0
      vertex -8.268249192772176 -13.848579760554442 3.5
      vertex -8.17947351430257 -13.863236684388989 0
    endloop
  endfacet
  facet normal 0.0980171403295675 0.995184726672196 0
    outer loop
      vertex -8.17947351430257 -13.863236684388989 0
      vertex -8.17947351430257 -13.863236684388989 3.5
      vertex -8.089929302691447 -13.87205601945308 0
    endloop
  endfacet
  facet normal 0.03271908282177687 0.9994645874763657 0
    outer loop
      vertex -8.089929302691447 -13.87205601945308 0
      vertex -8.089929302691447 -13.87205601945308 3.5
      vertex -8 -13.875 0
    endloop
  endfacet
  facet normal -0.03271908282177687 0.9994645874763657 0
    outer loop
      vertex -8 -13.875 0
      vertex -8 -13.875 3.5
      vertex -7.910070697308553 -13.87205601945308 0
    endloop
  endfacet
  facet normal -0.09801714032956656 0.9951847266721963 0
    outer loop
      vertex -7.910070697308553 -13.87205601945308 0
      vertex -7.910070697308553 -13.87205601945308 3.5
      vertex -7.820526485697429 -13.863236684388989 0
    endloop
  endfacet
  facet normal -0.16289547339458563 0.9866433320848795 0
    outer loop
      vertex -7.820526485697429 -13.863236684388989 0
      vertex -7.820526485697429 -13.863236684388989 3.5
      vertex -7.731750807227824 -13.848579760554442 0
    endloop
  endfacet
  facet normal -0.22707626303436645 0.9738769792773352 0
    outer loop
      vertex -7.731750807227824 -13.848579760554442 0
      vertex -7.731750807227824 -13.848579760554442 3.5
      vertex -7.644123812984034 -13.82814801114747 0
    endloop
  endfacet
  facet normal -0.2902846772544598 0.9569403357322096 0
    outer loop
      vertex -7.644123812984034 -13.82814801114747 0
      vertex -7.644123812984034 -13.82814801114747 3.5
      vertex -7.558020735208153 -13.80202892805577 0
    endloop
  endfacet
  facet normal 0.3522500479212406 -0.935905926757323 0
    outer loop
      vertex -8.526189719501998 -11.22966564279698 0
      vertex -8.441979264791847 -11.19797107194423 0
      vertex -8.441979264791847 -11.19797107194423 3.5
    endloop
  endfacet
  facet normal 0.2902846772544598 -0.9569403357322096 0
    outer loop
      vertex -8.441979264791847 -11.19797107194423 0
      vertex -8.355876187015966 -11.17185198885253 0
      vertex -8.355876187015966 -11.17185198885253 3.5
    endloop
  endfacet
  facet normal 0.22707626303436645 -0.9738769792773352 0
    outer loop
      vertex -8.355876187015966 -11.17185198885253 0
      vertex -8.268249192772176 -11.151420239445558 0
      vertex -8.268249192772176 -11.151420239445558 3.5
    endloop
  endfacet
  facet normal 0.16289547339458404 -0.9866433320848799 0
    outer loop
      vertex -8.268249192772176 -11.151420239445558 0
      vertex -8.17947351430257 -11.136763315611011 0
      vertex -8.17947351430257 -11.136763315611011 3.5
    endloop
  endfacet
  facet normal 0.0980171403295675 -0.995184726672196 0
    outer loop
      vertex -8.17947351430257 -11.136763315611011 0
      vertex -8.089929302691447 -11.12794398054692 0
      vertex -8.089929302691447 -11.12794398054692 3.5
    endloop
  endfacet
  facet normal 0.03271908282177687 -0.9994645874763657 0
    outer loop
      vertex -8.089929302691447 -11.12794398054692 0
      vertex -8 -11.125 0
      vertex -8 -11.125 3.5
    endloop
  endfacet
  facet normal -0.03271908282177687 -0.9994645874763657 0
    outer loop
      vertex -8 -11.125 0
      vertex -7.910070697308553 -11.12794398054692 0
      vertex -7.910070697308553 -11.12794398054692 3.5
    endloop
  endfacet
  facet normal -0.09801714032956656 -0.9951847266721963 0
    outer loop
      vertex -7.910070697308553 -11.12794398054692 0
      vertex -7.820526485697429 -11.136763315611011 0
      vertex -7.820526485697429 -11.136763315611011 3.5
    endloop
  endfacet
  facet normal -0.16289547339458563 -0.9866433320848795 0
    outer loop
      vertex -7.820526485697429 -11.136763315611011 0
      vertex -7.731750807227824 -11.151420239445558 0
      vertex -7.731750807227824 -11.151420239445558 3.5
    endloop
  endfacet
  facet normal -0.22707626303436645 -0.9738769792773352 0
    outer loop
      vertex -7.731750807227824 -11.151420239445558 0
      vertex -7.644123812984034 -11.17185198885253 0
      vertex -7.644123812984034 -11.17185198885253 3.5
    endloop
  endfacet
  facet normal -0.2902846772544598 -0.9569403357322096 0
    outer loop
      vertex -7.644123812984034 -11.17185198885253 0
      vertex -7.558020735208153 -11.19797107194423 0
      vertex -7.558020735208153 -11.19797107194423 3.5
    endloop
  endfacet
  facet normal -0.3522500479212406 0.935905926757323 0
    outer loop
      vertex -7.558020735208153 -13.80202892805577 0
      vertex -7.558020735208153 -13.80202892805577 3.5
      vertex -7.473810280498002 -13.77033435720302 0
    endloop
  endfacet
  facet normal -0.41270702980439117 0.9108638249211775 0
    outer loop
      vertex -7.473810280498002 -13.77033435720302 0
      vertex -7.473810280498002 -13.77033435720302 3.5
      vertex -7.391853050948873 -13.733200019607446 0
    endloop
  endfacet
  facet normal -0.47139673682599365 0.881921264348357 0
    outer loop
      vertex -7.391853050948873 -13.733200019607446 0
      vertex -7.391853050948873 -13.733200019607446 3.5
      vertex -7.3125 -13.690784930203604 0
    endloop
  endfacet
  facet normal -0.5280678506503751 0.8492021815265745 0
    outer loop
      vertex -7.3125 -13.690784930203604 0
      vertex -7.3125 -13.690784930203604 3.5
      vertex -7.236090929598047 -13.643270716916 0
    endloop
  endfacet
  facet normal -0.5824776968678079 0.812846684591611 0
    outer loop
      vertex -7.236090929598047 -13.643270716916 0
      vertex -7.236090929598047 -13.643270716916 3.5
      vertex -7.162953035113009 -13.590860842900447 0
    endloop
  endfacet
  facet normal -0.634393284163632 0.773010453362748 0
    outer loop
      vertex -7.162953035113009 -13.590860842900447 0
      vertex -7.162953035113009 -13.590860842900447 3.5
      vertex -7.093399504237405 -13.533779735283595 0
    endloop
  endfacet
  facet normal -0.6835923020228729 0.729864072697834 0
    outer loop
      vertex -7.093399504237405 -13.533779735283595 0
      vertex -7.093399504237405 -13.533779735283595 3.5
      vertex -7.027728175868497 -13.472271824131504 0
    endloop
  endfacet
  facet normal -0.7298640726978386 0.683592302022868 0
    outer loop
      vertex -7.027728175868497 -13.472271824131504 0
      vertex -7.027728175868497 -13.472271824131504 3.5
      vertex -6.966220264716406 -13.406600495762595 0
    endloop
  endfacet
  facet normal -0.7730104533627383 0.6343932841636438 0
    outer loop
      vertex -6.966220264716406 -13.406600495762595 0
      vertex -6.966220264716406 -13.406600495762595 3.5
      vertex -6.909139157099552 -13.33704696488699 0
    endloop
  endfacet
  facet normal -0.8128466845916157 0.5824776968678015 0
    outer loop
      vertex -6.909139157099552 -13.33704696488699 0
      vertex -6.909139157099552 -13.33704696488699 3.5
      vertex -6.856729283084 -13.263909070401953 0
    endloop
  endfacet
  facet normal -0.8492021815265788 0.528067850650368 0
    outer loop
      vertex -6.856729283084 -13.263909070401953 0
      vertex -6.856729283084 -13.263909070401953 3.5
      vertex -6.809215069796397 -13.1875 0
    endloop
  endfacet
  facet normal -0.881921264348353 0.47139673682600136 0
    outer loop
      vertex -6.809215069796397 -13.1875 0
      vertex -6.809215069796397 -13.1875 3.5
      vertex -6.766799980392554 -13.108146949051127 0
    endloop
  endfacet
  facet normal -0.9108638249211775 0.41270702980439117 0
    outer loop
      vertex -6.766799980392554 -13.108146949051127 0
      vertex -6.766799980392554 -13.108146949051127 3.5
      vertex -6.729665642796981 -13.026189719501998 0
    endloop
  endfacet
  facet normal -0.935905926757323 0.3522500479212406 0
    outer loop
      vertex -6.729665642796981 -13.026189719501998 0
      vertex -6.729665642796981 -13.026189719501998 3.5
      vertex -6.697971071944229 -12.941979264791847 0
    endloop
  endfacet
  facet normal -0.9569403357322096 0.2902846772544598 0
    outer loop
      vertex -6.697971071944229 -12.941979264791847 0
      vertex -6.697971071944229 -12.941979264791847 3.5
      vertex -6.671851988852531 -12.855876187015966 0
    endloop
  endfacet
  facet normal -0.9738769792773352 0.22707626303436645 0
    outer loop
      vertex -6.671851988852531 -12.855876187015966 0
      vertex -6.671851988852531 -12.855876187015966 3.5
      vertex -6.651420239445558 -12.768249192772176 0
    endloop
  endfacet
  facet normal -0.9866433320848783 0.16289547339459365 0
    outer loop
      vertex -6.651420239445558 -12.768249192772176 0
      vertex -6.651420239445558 -12.768249192772176 3.5
      vertex -6.63676331561101 -12.67947351430257 0
    endloop
  endfacet
  facet normal -0.9951847266721972 0.09801714032955773 0
    outer loop
      vertex -6.63676331561101 -12.67947351430257 0
      vertex -6.63676331561101 -12.67947351430257 3.5
      vertex -6.62794398054692 -12.589929302691447 0
    endloop
  endfacet
  facet normal -0.9994645874763657 0.03271908282177687 0
    outer loop
      vertex -6.62794398054692 -12.589929302691447 0
      vertex -6.62794398054692 -12.589929302691447 3.5
      vertex -6.625 -12.5 0
    endloop
  endfacet
  facet normal -0.9994645874763657 -0.03271908282177687 0
    outer loop
      vertex -6.62794398054692 -12.410070697308553 0
      vertex -6.625 -12.5 0
      vertex -6.625 -12.5 3.5
    endloop
  endfacet
  facet normal -0.9951847266721972 -0.09801714032955773 0
    outer loop
      vertex -6.62794398054692 -12.410070697308553 0
      vertex -6.62794398054692 -12.410070697308553 3.5
      vertex -6.63676331561101 -12.32052648569743 0
    endloop
  endfacet
  facet normal -0.5824776968678079 -0.812846684591611 0
    outer loop
      vertex -7.162953035113009 -11.409139157099553 0
      vertex -7.162953035113009 -11.409139157099553 3.5
      vertex -7.236090929598047 -11.356729283084 0
    endloop
  endfacet
  facet normal -0.634393284163632 -0.773010453362748 0
    outer loop
      vertex -7.162953035113009 -11.409139157099553 0
      vertex -7.093399504237405 -11.466220264716405 0
      vertex -7.093399504237405 -11.466220264716405 3.5
    endloop
  endfacet
  facet normal -0.3522500479212406 -0.935905926757323 0
    outer loop
      vertex -7.558020735208153 -11.19797107194423 0
      vertex -7.473810280498002 -11.22966564279698 0
      vertex -7.473810280498002 -11.22966564279698 3.5
    endloop
  endfacet
  facet normal -0.41270702980439117 -0.9108638249211775 0
    outer loop
      vertex -7.473810280498002 -11.22966564279698 0
      vertex -7.391853050948873 -11.266799980392554 0
      vertex -7.391853050948873 -11.266799980392554 3.5
    endloop
  endfacet
  facet normal -0.47139673682599365 -0.881921264348357 0
    outer loop
      vertex -7.391853050948873 -11.266799980392554 0
      vertex -7.3125 -11.309215069796396 0
      vertex -7.3125 -11.309215069796396 3.5
    endloop
  endfacet
  facet normal -0.5280678506503751 -0.8492021815265745 0
    outer loop
      vertex -7.3125 -11.309215069796396 0
      vertex -7.236090929598047 -11.356729283084 0
      vertex -7.236090929598047 -11.356729283084 3.5
    endloop
  endfacet
  facet normal -0.6835923020228729 -0.729864072697834 0
    outer loop
      vertex -7.093399504237405 -11.466220264716405 0
      vertex -7.027728175868497 -11.527728175868496 0
      vertex -7.027728175868497 -11.527728175868496 3.5
    endloop
  endfacet
  facet normal -0.7298640726978386 -0.683592302022868 0
    outer loop
      vertex -7.027728175868497 -11.527728175868496 0
      vertex -6.966220264716406 -11.593399504237405 0
      vertex -6.966220264716406 -11.593399504237405 3.5
    endloop
  endfacet
  facet normal -0.7730104533627383 -0.6343932841636438 0
    outer loop
      vertex -6.909139157099552 -11.66295303511301 0
      vertex -6.909139157099552 -11.66295303511301 3.5
      vertex -6.966220264716406 -11.593399504237405 0
    endloop
  endfacet
  facet normal -0.8128466845916157 -0.5824776968678015 0
    outer loop
      vertex -6.909139157099552 -11.66295303511301 0
      vertex -6.856729283084 -11.736090929598047 0
      vertex -6.856729283084 -11.736090929598047 3.5
    endloop
  endfacet
  facet normal -0.881921264348353 -0.47139673682600136 0
    outer loop
      vertex -6.766799980392554 -11.891853050948873 0
      vertex -6.766799980392554 -11.891853050948873 3.5
      vertex -6.809215069796397 -11.8125 0
    endloop
  endfacet
  facet normal -0.9738769792773352 -0.22707626303436645 0
    outer loop
      vertex -6.651420239445558 -12.231750807227824 0
      vertex -6.651420239445558 -12.231750807227824 3.5
      vertex -6.671851988852531 -12.144123812984034 0
    endloop
  endfacet
  facet normal -0.9866433320848783 -0.16289547339459365 0
    outer loop
      vertex -6.63676331561101 -12.32052648569743 0
      vertex -6.63676331561101 -12.32052648569743 3.5
      vertex -6.651420239445558 -12.231750807227824 0
    endloop
  endfacet
  facet normal -0.9569403357322096 -0.2902846772544598 0
    outer loop
      vertex -6.671851988852531 -12.144123812984034 0
      vertex -6.671851988852531 -12.144123812984034 3.5
      vertex -6.697971071944229 -12.058020735208153 0
    endloop
  endfacet
  facet normal -0.935905926757323 -0.3522500479212406 0
    outer loop
      vertex -6.729665642796981 -11.973810280498002 0
      vertex -6.697971071944229 -12.058020735208153 0
      vertex -6.697971071944229 -12.058020735208153 3.5
    endloop
  endfacet
  facet normal -0.9108638249211775 -0.41270702980439117 0
    outer loop
      vertex -6.766799980392554 -11.891853050948873 0
      vertex -6.729665642796981 -11.973810280498002 0
      vertex -6.729665642796981 -11.973810280498002 3.5
    endloop
  endfacet
  facet normal -0.8492021815265788 -0.528067850650368 0
    outer loop
      vertex -6.856729283084 -11.736090929598047 0
      vertex -6.809215069796397 -11.8125 0
      vertex -6.809215069796397 -11.8125 3.5
    endloop
  endfacet
  facet normal 0.3522500479212406 0.935905926757323 0
    outer loop
      vertex -8.526189719501998 -13.77033435720302 3.5
      vertex -8.441979264791847 -13.80202892805577 3.5
      vertex -8.441979264791847 -13.80202892805577 0
    endloop
  endfacet
  facet normal 0.2902846772544598 0.9569403357322096 0
    outer loop
      vertex -8.355876187015966 -13.82814801114747 0
      vertex -8.441979264791847 -13.80202892805577 3.5
      vertex -8.355876187015966 -13.82814801114747 3.5
    endloop
  endfacet
  facet normal 0.22707626303436645 0.9738769792773352 0
    outer loop
      vertex -8.268249192772176 -13.848579760554442 0
      vertex -8.355876187015966 -13.82814801114747 3.5
      vertex -8.268249192772176 -13.848579760554442 3.5
    endloop
  endfacet
  facet normal 0.16289547339458404 0.9866433320848799 0
    outer loop
      vertex -8.17947351430257 -13.863236684388989 0
      vertex -8.268249192772176 -13.848579760554442 3.5
      vertex -8.17947351430257 -13.863236684388989 3.5
    endloop
  endfacet
  facet normal 0.0980171403295675 0.995184726672196 0
    outer loop
      vertex -8.089929302691447 -13.87205601945308 0
      vertex -8.17947351430257 -13.863236684388989 3.5
      vertex -8.089929302691447 -13.87205601945308 3.5
    endloop
  endfacet
  facet normal 0.03271908282177687 0.9994645874763657 0
    outer loop
      vertex -8 -13.875 0
      vertex -8.089929302691447 -13.87205601945308 3.5
      vertex -8 -13.875 3.5
    endloop
  endfacet
  facet normal -0.03271908282177687 0.9994645874763657 0
    outer loop
      vertex -7.910070697308553 -13.87205601945308 0
      vertex -8 -13.875 3.5
      vertex -7.910070697308553 -13.87205601945308 3.5
    endloop
  endfacet
  facet normal -0.09801714032956656 0.9951847266721963 0
    outer loop
      vertex -7.820526485697429 -13.863236684388989 0
      vertex -7.910070697308553 -13.87205601945308 3.5
      vertex -7.820526485697429 -13.863236684388989 3.5
    endloop
  endfacet
  facet normal -0.16289547339458563 0.9866433320848795 0
    outer loop
      vertex -7.731750807227824 -13.848579760554442 0
      vertex -7.820526485697429 -13.863236684388989 3.5
      vertex -7.731750807227824 -13.848579760554442 3.5
    endloop
  endfacet
  facet normal -0.22707626303436645 0.9738769792773352 0
    outer loop
      vertex -7.644123812984034 -13.82814801114747 0
      vertex -7.731750807227824 -13.848579760554442 3.5
      vertex -7.644123812984034 -13.82814801114747 3.5
    endloop
  endfacet
  facet normal -0.2902846772544598 0.9569403357322096 0
    outer loop
      vertex -7.558020735208153 -13.80202892805577 0
      vertex -7.644123812984034 -13.82814801114747 3.5
      vertex -7.558020735208153 -13.80202892805577 3.5
    endloop
  endfacet
  facet normal 0.3522500479212406 -0.935905926757323 0
    outer loop
      vertex -8.526189719501998 -11.22966564279698 0
      vertex -8.441979264791847 -11.19797107194423 3.5
      vertex -8.526189719501998 -11.22966564279698 3.5
    endloop
  endfacet
  facet normal 0.2902846772544598 -0.9569403357322096 0
    outer loop
      vertex -8.441979264791847 -11.19797107194423 0
      vertex -8.355876187015966 -11.17185198885253 3.5
      vertex -8.441979264791847 -11.19797107194423 3.5
    endloop
  endfacet
  facet normal 0.22707626303436645 -0.9738769792773352 0
    outer loop
      vertex -8.355876187015966 -11.17185198885253 0
      vertex -8.268249192772176 -11.151420239445558 3.5
      vertex -8.355876187015966 -11.17185198885253 3.5
    endloop
  endfacet
  facet normal 0.16289547339458404 -0.9866433320848799 0
    outer loop
      vertex -8.268249192772176 -11.151420239445558 0
      vertex -8.17947351430257 -11.136763315611011 3.5
      vertex -8.268249192772176 -11.151420239445558 3.5
    endloop
  endfacet
  facet normal 0.0980171403295675 -0.995184726672196 0
    outer loop
      vertex -8.17947351430257 -11.136763315611011 0
      vertex -8.089929302691447 -11.12794398054692 3.5
      vertex -8.17947351430257 -11.136763315611011 3.5
    endloop
  endfacet
  facet normal 0.03271908282177687 -0.9994645874763657 0
    outer loop
      vertex -8.089929302691447 -11.12794398054692 0
      vertex -8 -11.125 3.5
      vertex -8.089929302691447 -11.12794398054692 3.5
    endloop
  endfacet
  facet normal -0.03271908282177687 -0.9994645874763657 0
    outer loop
      vertex -8 -11.125 0
      vertex -7.910070697308553 -11.12794398054692 3.5
      vertex -8 -11.125 3.5
    endloop
  endfacet
  facet normal -0.09801714032956656 -0.9951847266721963 0
    outer loop
      vertex -7.910070697308553 -11.12794398054692 0
      vertex -7.820526485697429 -11.136763315611011 3.5
      vertex -7.910070697308553 -11.12794398054692 3.5
    endloop
  endfacet
  facet normal -0.16289547339458563 -0.9866433320848795 0
    outer loop
      vertex -7.820526485697429 -11.136763315611011 0
      vertex -7.731750807227824 -11.151420239445558 3.5
      vertex -7.820526485697429 -11.136763315611011 3.5
    endloop
  endfacet
  facet normal -0.22707626303436645 -0.9738769792773352 0
    outer loop
      vertex -7.731750807227824 -11.151420239445558 0
      vertex -7.644123812984034 -11.17185198885253 3.5
      vertex -7.731750807227824 -11.151420239445558 3.5
    endloop
  endfacet
  facet normal -0.2902846772544598 -0.9569403357322096 0
    outer loop
      vertex -7.644123812984034 -11.17185198885253 0
      vertex -7.558020735208153 -11.19797107194423 3.5
      vertex -7.644123812984034 -11.17185198885253 3.5
    endloop
  endfacet
  facet normal -0.3522500479212406 0.935905926757323 0
    outer loop
      vertex -7.473810280498002 -13.77033435720302 0
      vertex -7.558020735208153 -13.80202892805577 3.5
      vertex -7.473810280498002 -13.77033435720302 3.5
    endloop
  endfacet
  facet normal -0.41270702980439117 0.9108638249211775 0
    outer loop
      vertex -7.391853050948873 -13.733200019607446 0
      vertex -7.473810280498002 -13.77033435720302 3.5
      vertex -7.391853050948873 -13.733200019607446 3.5
    endloop
  endfacet
  facet normal -0.47139673682599365 0.881921264348357 0
    outer loop
      vertex -7.3125 -13.690784930203604 0
      vertex -7.391853050948873 -13.733200019607446 3.5
      vertex -7.3125 -13.690784930203604 3.5
    endloop
  endfacet
  facet normal -0.5280678506503751 0.8492021815265745 0
    outer loop
      vertex -7.236090929598047 -13.643270716916 0
      vertex -7.3125 -13.690784930203604 3.5
      vertex -7.236090929598047 -13.643270716916 3.5
    endloop
  endfacet
  facet normal -0.5824776968678079 0.812846684591611 0
    outer loop
      vertex -7.162953035113009 -13.590860842900447 0
      vertex -7.236090929598047 -13.643270716916 3.5
      vertex -7.162953035113009 -13.590860842900447 3.5
    endloop
  endfacet
  facet normal -0.634393284163632 0.773010453362748 0
    outer loop
      vertex -7.093399504237405 -13.533779735283595 0
      vertex -7.162953035113009 -13.590860842900447 3.5
      vertex -7.093399504237405 -13.533779735283595 3.5
    endloop
  endfacet
  facet normal -0.6835923020228729 0.729864072697834 0
    outer loop
      vertex -7.027728175868497 -13.472271824131504 0
      vertex -7.093399504237405 -13.533779735283595 3.5
      vertex -7.027728175868497 -13.472271824131504 3.5
    endloop
  endfacet
  facet normal -0.7298640726978386 0.683592302022868 0
    outer loop
      vertex -6.966220264716406 -13.406600495762595 0
      vertex -7.027728175868497 -13.472271824131504 3.5
      vertex -6.966220264716406 -13.406600495762595 3.5
    endloop
  endfacet
  facet normal -0.7730104533627383 0.6343932841636438 0
    outer loop
      vertex -6.909139157099552 -13.33704696488699 0
      vertex -6.966220264716406 -13.406600495762595 3.5
      vertex -6.909139157099552 -13.33704696488699 3.5
    endloop
  endfacet
  facet normal -0.8128466845916157 0.5824776968678015 0
    outer loop
      vertex -6.856729283084 -13.263909070401953 0
      vertex -6.909139157099552 -13.33704696488699 3.5
      vertex -6.856729283084 -13.263909070401953 3.5
    endloop
  endfacet
  facet normal -0.8492021815265788 0.528067850650368 0
    outer loop
      vertex -6.809215069796397 -13.1875 0
      vertex -6.856729283084 -13.263909070401953 3.5
      vertex -6.809215069796397 -13.1875 3.5
    endloop
  endfacet
  facet normal -0.881921264348353 0.47139673682600136 0
    outer loop
      vertex -6.766799980392554 -13.108146949051127 0
      vertex -6.809215069796397 -13.1875 3.5
      vertex -6.766799980392554 -13.108146949051127 3.5
    endloop
  endfacet
  facet normal -0.9108638249211775 0.41270702980439117 0
    outer loop
      vertex -6.729665642796981 -13.026189719501998 0
      vertex -6.766799980392554 -13.108146949051127 3.5
      vertex -6.729665642796981 -13.026189719501998 3.5
    endloop
  endfacet
  facet normal -0.935905926757323 0.3522500479212406 0
    outer loop
      vertex -6.697971071944229 -12.941979264791847 0
      vertex -6.729665642796981 -13.026189719501998 3.5
      vertex -6.697971071944229 -12.941979264791847 3.5
    endloop
  endfacet
  facet normal -0.9569403357322096 0.2902846772544598 0
    outer loop
      vertex -6.671851988852531 -12.855876187015966 0
      vertex -6.697971071944229 -12.941979264791847 3.5
      vertex -6.671851988852531 -12.855876187015966 3.5
    endloop
  endfacet
  facet normal -0.9738769792773352 0.22707626303436645 0
    outer loop
      vertex -6.651420239445558 -12.768249192772176 0
      vertex -6.671851988852531 -12.855876187015966 3.5
      vertex -6.651420239445558 -12.768249192772176 3.5
    endloop
  endfacet
  facet normal -0.9866433320848783 0.16289547339459365 0
    outer loop
      vertex -6.63676331561101 -12.67947351430257 0
      vertex -6.651420239445558 -12.768249192772176 3.5
      vertex -6.63676331561101 -12.67947351430257 3.5
    endloop
  endfacet
  facet normal -0.9951847266721972 0.09801714032955773 0
    outer loop
      vertex -6.62794398054692 -12.589929302691447 0
      vertex -6.63676331561101 -12.67947351430257 3.5
      vertex -6.62794398054692 -12.589929302691447 3.5
    endloop
  endfacet
  facet normal -0.9994645874763657 0.03271908282177687 0
    outer loop
      vertex -6.625 -12.5 0
      vertex -6.62794398054692 -12.589929302691447 3.5
      vertex -6.625 -12.5 3.5
    endloop
  endfacet
  facet normal -0.9994645874763657 -0.03271908282177687 0
    outer loop
      vertex -6.62794398054692 -12.410070697308553 0
      vertex -6.625 -12.5 3.5
      vertex -6.62794398054692 -12.410070697308553 3.5
    endloop
  endfacet
  facet normal -0.9951847266721972 -0.09801714032955773 0
    outer loop
      vertex -6.63676331561101 -12.32052648569743 0
      vertex -6.62794398054692 -12.410070697308553 3.5
      vertex -6.63676331561101 -12.32052648569743 3.5
    endloop
  endfacet
  facet normal -0.5824776968678079 -0.812846684591611 0
    outer loop
      vertex -7.236090929598047 -11.356729283084 0
      vertex -7.162953035113009 -11.409139157099553 3.5
      vertex -7.236090929598047 -11.356729283084 3.5
    endloop
  endfacet
  facet normal -0.634393284163632 -0.773010453362748 0
    outer loop
      vertex -7.162953035113009 -11.409139157099553 0
      vertex -7.093399504237405 -11.466220264716405 3.5
      vertex -7.162953035113009 -11.409139157099553 3.5
    endloop
  endfacet
  facet normal -0.3522500479212406 -0.935905926757323 0
    outer loop
      vertex -7.558020735208153 -11.19797107194423 0
      vertex -7.473810280498002 -11.22966564279698 3.5
      vertex -7.558020735208153 -11.19797107194423 3.5
    endloop
  endfacet
  facet normal -0.41270702980439117 -0.9108638249211775 0
    outer loop
      vertex -7.473810280498002 -11.22966564279698 0
      vertex -7.391853050948873 -11.266799980392554 3.5
      vertex -7.473810280498002 -11.22966564279698 3.5
    endloop
  endfacet
  facet normal -0.47139673682599365 -0.881921264348357 0
    outer loop
      vertex -7.391853050948873 -11.266799980392554 0
      vertex -7.3125 -11.309215069796396 3.5
      vertex -7.391853050948873 -11.266799980392554 3.5
    endloop
  endfacet
  facet normal -0.5280678506503751 -0.8492021815265745 0
    outer loop
      vertex -7.3125 -11.309215069796396 0
      vertex -7.236090929598047 -11.356729283084 3.5
      vertex -7.3125 -11.309215069796396 3.5
    endloop
  endfacet
  facet normal -0.6835923020228729 -0.729864072697834 0
    outer loop
      vertex -7.093399504237405 -11.466220264716405 0
      vertex -7.027728175868497 -11.527728175868496 3.5
      vertex -7.093399504237405 -11.466220264716405 3.5
    endloop
  endfacet
  facet normal -0.7298640726978386 -0.683592302022868 0
    outer loop
      vertex -7.027728175868497 -11.527728175868496 0
      vertex -6.966220264716406 -11.593399504237405 3.5
      vertex -7.027728175868497 -11.527728175868496 3.5
    endloop
  endfacet
  facet normal -0.7730104533627383 -0.6343932841636438 0
    outer loop
      vertex -6.966220264716406 -11.593399504237405 0
      vertex -6.909139157099552 -11.66295303511301 3.5
      vertex -6.966220264716406 -11.593399504237405 3.5
    endloop
  endfacet
  facet normal -0.8128466845916157 -0.5824776968678015 0
    outer loop
      vertex -6.909139157099552 -11.66295303511301 0
      vertex -6.856729283084 -11.736090929598047 3.5
      vertex -6.909139157099552 -11.66295303511301 3.5
    endloop
  endfacet
  facet normal -0.881921264348353 -0.47139673682600136 0
    outer loop
      vertex -6.809215069796397 -11.8125 0
      vertex -6.766799980392554 -11.891853050948873 3.5
      vertex -6.809215069796397 -11.8125 3.5
    endloop
  endfacet
  facet normal -0.9108638249211775 -0.41270702980439117 0
    outer loop
      vertex -6.766799980392554 -11.891853050948873 0
      vertex -6.729665642796981 -11.973810280498002 3.5
      vertex -6.766799980392554 -11.891853050948873 3.5
    endloop
  endfacet
  facet normal -0.9569403357322096 -0.2902846772544598 0
    outer loop
      vertex -6.697971071944229 -12.058020735208153 0
      vertex -6.671851988852531 -12.144123812984034 3.5
      vertex -6.697971071944229 -12.058020735208153 3.5
    endloop
  endfacet
  facet normal -0.9866433320848783 -0.16289547339459365 0
    outer loop
      vertex -6.651420239445558 -12.231750807227824 0
      vertex -6.63676331561101 -12.32052648569743 3.5
      vertex -6.651420239445558 -12.231750807227824 3.5
    endloop
  endfacet
  facet normal -0.9738769792773352 -0.22707626303436645 0
    outer loop
      vertex -6.671851988852531 -12.144123812984034 0
      vertex -6.651420239445558 -12.231750807227824 3.5
      vertex -6.671851988852531 -12.144123812984034 3.5
    endloop
  endfacet
  facet normal -0.935905926757323 -0.3522500479212406 0
    outer loop
      vertex -6.729665642796981 -11.973810280498002 0
      vertex -6.697971071944229 -12.058020735208153 3.5
      vertex -6.729665642796981 -11.973810280498002 3.5
    endloop
  endfacet
  facet normal -0.8492021815265788 -0.528067850650368 0
    outer loop
      vertex -6.856729283084 -11.736090929598047 0
      vertex -6.809215069796397 -11.8125 3.5
      vertex -6.856729283084 -11.736090929598047 3.5
    endloop
  endfacet
  facet normal 0.9108638249211632 0.4127070298044223 0
    outer loop
      vertex -17.733200019607445 -22.108146949051125 0
      vertex -17.77033435720302 -22.026189719502 0
      vertex -17.77033435720302 -22.026189719502 3.5
    endloop
  endfacet
  facet normal 0.8819212643483616 0.47139673682598554 0
    outer loop
      vertex -17.733200019607445 -22.108146949051125 0
      vertex -17.733200019607445 -22.108146949051125 3.5
      vertex -17.690784930203602 -22.1875 0
    endloop
  endfacet
  facet normal 0.8492021815265889 0.528067850650352 0
    outer loop
      vertex -17.690784930203602 -22.1875 0
      vertex -17.690784930203602 -22.1875 3.5
      vertex -17.643270716916 -22.263909070401954 0
    endloop
  endfacet
  facet normal 0.956940335732204 0.2902846772544778 0
    outer loop
      vertex -17.82814801114747 -21.855876187015966 0
      vertex -17.82814801114747 -21.855876187015966 3.5
      vertex -17.80202892805577 -21.941979264791847 0
    endloop
  endfacet
  facet normal 0.935905926757332 0.35225004792121684 0
    outer loop
      vertex -17.80202892805577 -21.941979264791847 0
      vertex -17.80202892805577 -21.941979264791847 3.5
      vertex -17.77033435720302 -22.026189719502 0
    endloop
  endfacet
  facet normal 0.9866433320848799 0.16289547339458404 0
    outer loop
      vertex -17.848579760554443 -21.768249192772178 0
      vertex -17.86323668438899 -21.679473514302572 0
      vertex -17.86323668438899 -21.679473514302572 3.5
    endloop
  endfacet
  facet normal 0.9738769792773299 0.22707626303438955 0
    outer loop
      vertex -17.82814801114747 -21.855876187015966 0
      vertex -17.848579760554443 -21.768249192772178 0
      vertex -17.848579760554443 -21.768249192772178 3.5
    endloop
  endfacet
  facet normal 0.9951847266721986 0.09801714032954412 0
    outer loop
      vertex -17.86323668438899 -21.679473514302572 0
      vertex -17.87205601945308 -21.589929302691445 0
      vertex -17.87205601945308 -21.589929302691445 3.5
    endloop
  endfacet
  facet normal 0.8128466845916043 0.5824776968678173 0
    outer loop
      vertex -17.643270716916 -22.263909070401954 0
      vertex -17.643270716916 -22.263909070401954 3.5
      vertex -17.590860842900447 -22.33704696488699 0
    endloop
  endfacet
  facet normal 0.7730104533627559 0.6343932841636224 0
    outer loop
      vertex -17.590860842900447 -22.33704696488699 0
      vertex -17.590860842900447 -22.33704696488699 3.5
      vertex -17.533779735283595 -22.406600495762596 0
    endloop
  endfacet
  facet normal 0.7298640726978295 0.6835923020228779 0
    outer loop
      vertex -17.533779735283595 -22.406600495762596 0
      vertex -17.533779735283595 -22.406600495762596 3.5
      vertex -17.472271824131504 -22.472271824131504 0
    endloop
  endfacet
  facet normal 0.6835923020228779 0.7298640726978295 0
    outer loop
      vertex -17.406600495762596 -22.533779735283595 0
      vertex -17.472271824131504 -22.472271824131504 0
      vertex -17.472271824131504 -22.472271824131504 3.5
    endloop
  endfacet
  facet normal 0.6343932841636224 0.7730104533627559 0
    outer loop
      vertex -17.406600495762596 -22.533779735283595 0
      vertex -17.406600495762596 -22.533779735283595 3.5
      vertex -17.33704696488699 -22.590860842900447 0
    endloop
  endfacet
  facet normal 0.5824776968678173 0.8128466845916043 0
    outer loop
      vertex -17.33704696488699 -22.590860842900447 0
      vertex -17.33704696488699 -22.590860842900447 3.5
      vertex -17.263909070401954 -22.643270716916 0
    endloop
  endfacet
  facet normal 0.528067850650352 0.8492021815265889 0
    outer loop
      vertex -17.263909070401954 -22.643270716916 0
      vertex -17.263909070401954 -22.643270716916 3.5
      vertex -17.1875 -22.690784930203602 0
    endloop
  endfacet
  facet normal 0.4127070298044223 0.9108638249211632 0
    outer loop
      vertex -17.108146949051125 -22.733200019607445 0
      vertex -17.108146949051125 -22.733200019607445 3.5
      vertex -17.026189719502 -22.77033435720302 0
    endloop
  endfacet
  facet normal 0.47139673682598554 0.8819212643483616 0
    outer loop
      vertex -17.1875 -22.690784930203602 0
      vertex -17.1875 -22.690784930203602 3.5
      vertex -17.108146949051125 -22.733200019607445 0
    endloop
  endfacet
  facet normal 0.35225004792121684 0.935905926757332 0
    outer loop
      vertex -17.026189719502 -22.77033435720302 0
      vertex -17.026189719502 -22.77033435720302 3.5
      vertex -16.941979264791847 -22.80202892805577 0
    endloop
  endfacet
  facet normal 0.2902846772544778 0.956940335732204 0
    outer loop
      vertex -16.941979264791847 -22.80202892805577 0
      vertex -16.941979264791847 -22.80202892805577 3.5
      vertex -16.855876187015966 -22.82814801114747 0
    endloop
  endfacet
  facet normal 0.22707626303438955 0.9738769792773299 0
    outer loop
      vertex -16.855876187015966 -22.82814801114747 0
      vertex -16.855876187015966 -22.82814801114747 3.5
      vertex -16.768249192772178 -22.848579760554443 0
    endloop
  endfacet
  facet normal 0.16289547339458404 0.9866433320848799 0
    outer loop
      vertex -16.768249192772178 -22.848579760554443 0
      vertex -16.768249192772178 -22.848579760554443 3.5
      vertex -16.679473514302572 -22.86323668438899 0
    endloop
  endfacet
  facet normal 0.09801714032954412 0.9951847266721986 0
    outer loop
      vertex -16.679473514302572 -22.86323668438899 0
      vertex -16.679473514302572 -22.86323668438899 3.5
      vertex -16.589929302691445 -22.87205601945308 0
    endloop
  endfacet
  facet normal 0.03271908282177752 0.9994645874763657 0
    outer loop
      vertex -16.589929302691445 -22.87205601945308 0
      vertex -16.589929302691445 -22.87205601945308 3.5
      vertex -16.5 -22.875 0
    endloop
  endfacet
  facet normal -0.03271908282177752 0.9994645874763657 0
    outer loop
      vertex -16.5 -22.875 0
      vertex -16.5 -22.875 3.5
      vertex -16.410070697308555 -22.87205601945308 0
    endloop
  endfacet
  facet normal -0.09801714032954412 0.9951847266721986 0
    outer loop
      vertex -16.410070697308555 -22.87205601945308 0
      vertex -16.410070697308555 -22.87205601945308 3.5
      vertex -16.320526485697428 -22.86323668438899 0
    endloop
  endfacet
  facet normal -0.16289547339458404 0.9866433320848799 0
    outer loop
      vertex -16.320526485697428 -22.86323668438899 0
      vertex -16.320526485697428 -22.86323668438899 3.5
      vertex -16.231750807227822 -22.848579760554443 0
    endloop
  endfacet
  facet normal -0.22707626303438955 0.9738769792773299 0
    outer loop
      vertex -16.231750807227822 -22.848579760554443 0
      vertex -16.231750807227822 -22.848579760554443 3.5
      vertex -16.144123812984034 -22.82814801114747 0
    endloop
  endfacet
  facet normal -0.2902846772544778 0.956940335732204 0
    outer loop
      vertex -16.144123812984034 -22.82814801114747 0
      vertex -16.144123812984034 -22.82814801114747 3.5
      vertex -16.058020735208153 -22.80202892805577 0
    endloop
  endfacet
  facet normal -0.35225004792122333 0.9359059267573295 0
    outer loop
      vertex -16.058020735208153 -22.80202892805577 0
      vertex -16.058020735208153 -22.80202892805577 3.5
      vertex -15.973810280498002 -22.77033435720302 0
    endloop
  endfacet
  facet normal 0.9994645874763657 0.03271908282177752 0
    outer loop
      vertex -17.87205601945308 -21.589929302691445 0
      vertex -17.875 -21.5 0
      vertex -17.875 -21.5 3.5
    endloop
  endfacet
  facet normal 0.9994645874763657 -0.03271908282177752 0
    outer loop
      vertex -17.875 -21.5 0
      vertex -17.87205601945308 -21.410070697308555 0
      vertex -17.87205601945308 -21.410070697308555 3.5
    endloop
  endfacet
  facet normal 0.9951847266721986 -0.09801714032954412 0
    outer loop
      vertex -17.87205601945308 -21.410070697308555 0
      vertex -17.86323668438899 -21.320526485697428 0
      vertex -17.86323668438899 -21.320526485697428 3.5
    endloop
  endfacet
  facet normal 0.9866433320848799 -0.16289547339458404 0
    outer loop
      vertex -17.86323668438899 -21.320526485697428 0
      vertex -17.848579760554443 -21.231750807227822 0
      vertex -17.848579760554443 -21.231750807227822 3.5
    endloop
  endfacet
  facet normal 0.9738769792773299 -0.22707626303438955 0
    outer loop
      vertex -17.848579760554443 -21.231750807227822 0
      vertex -17.82814801114747 -21.144123812984034 0
      vertex -17.82814801114747 -21.144123812984034 3.5
    endloop
  endfacet
  facet normal 0.956940335732204 -0.2902846772544778 0
    outer loop
      vertex -17.82814801114747 -21.144123812984034 0
      vertex -17.80202892805577 -21.058020735208153 0
      vertex -17.80202892805577 -21.058020735208153 3.5
    endloop
  endfacet
  facet normal 0.935905926757332 -0.35225004792121684 0
    outer loop
      vertex -17.80202892805577 -21.058020735208153 0
      vertex -17.77033435720302 -20.973810280498 0
      vertex -17.77033435720302 -20.973810280498 3.5
    endloop
  endfacet
  facet normal 0.9108638249211632 -0.4127070298044223 0
    outer loop
      vertex -17.77033435720302 -20.973810280498 0
      vertex -17.733200019607445 -20.891853050948875 0
      vertex -17.733200019607445 -20.891853050948875 3.5
    endloop
  endfacet
  facet normal 0.8819212643483616 -0.47139673682598554 0
    outer loop
      vertex -17.733200019607445 -20.891853050948875 0
      vertex -17.690784930203602 -20.8125 0
      vertex -17.690784930203602 -20.8125 3.5
    endloop
  endfacet
  facet normal 0.8492021815265889 -0.528067850650352 0
    outer loop
      vertex -17.690784930203602 -20.8125 0
      vertex -17.643270716916 -20.736090929598046 0
      vertex -17.643270716916 -20.736090929598046 3.5
    endloop
  endfacet
  facet normal 0.8128466845916043 -0.5824776968678173 0
    outer loop
      vertex -17.643270716916 -20.736090929598046 0
      vertex -17.590860842900447 -20.66295303511301 0
      vertex -17.590860842900447 -20.66295303511301 3.5
    endloop
  endfacet
  facet normal 0.7730104533627559 -0.6343932841636224 0
    outer loop
      vertex -17.590860842900447 -20.66295303511301 0
      vertex -17.533779735283595 -20.593399504237404 0
      vertex -17.533779735283595 -20.593399504237404 3.5
    endloop
  endfacet
  facet normal 0.7298640726978295 -0.6835923020228779 0
    outer loop
      vertex -17.533779735283595 -20.593399504237404 0
      vertex -17.472271824131504 -20.527728175868496 0
      vertex -17.472271824131504 -20.527728175868496 3.5
    endloop
  endfacet
  facet normal 0.6835923020228779 -0.7298640726978295 0
    outer loop
      vertex -17.472271824131504 -20.527728175868496 0
      vertex -17.406600495762596 -20.466220264716405 0
      vertex -17.406600495762596 -20.466220264716405 3.5
    endloop
  endfacet
  facet normal 0.6343932841636224 -0.7730104533627559 0
    outer loop
      vertex -17.406600495762596 -20.466220264716405 0
      vertex -17.33704696488699 -20.409139157099553 0
      vertex -17.33704696488699 -20.409139157099553 3.5
    endloop
  endfacet
  facet normal 0.5824776968678173 -0.8128466845916043 0
    outer loop
      vertex -17.33704696488699 -20.409139157099553 0
      vertex -17.263909070401954 -20.356729283084 0
      vertex -17.263909070401954 -20.356729283084 3.5
    endloop
  endfacet
  facet normal 0.528067850650352 -0.8492021815265889 0
    outer loop
      vertex -17.263909070401954 -20.356729283084 0
      vertex -17.1875 -20.309215069796398 0
      vertex -17.1875 -20.309215069796398 3.5
    endloop
  endfacet
  facet normal 0.47139673682598554 -0.8819212643483616 0
    outer loop
      vertex -17.1875 -20.309215069796398 0
      vertex -17.108146949051125 -20.266799980392555 0
      vertex -17.108146949051125 -20.266799980392555 3.5
    endloop
  endfacet
  facet normal 0.4127070298044223 -0.9108638249211632 0
    outer loop
      vertex -17.108146949051125 -20.266799980392555 0
      vertex -17.026189719502 -20.22966564279698 0
      vertex -17.026189719502 -20.22966564279698 3.5
    endloop
  endfacet
  facet normal 0.35225004792121684 -0.935905926757332 0
    outer loop
      vertex -17.026189719502 -20.22966564279698 0
      vertex -16.941979264791847 -20.19797107194423 0
      vertex -16.941979264791847 -20.19797107194423 3.5
    endloop
  endfacet
  facet normal 0.2902846772544778 -0.956940335732204 0
    outer loop
      vertex -16.941979264791847 -20.19797107194423 0
      vertex -16.855876187015966 -20.17185198885253 0
      vertex -16.855876187015966 -20.17185198885253 3.5
    endloop
  endfacet
  facet normal 0.22707626303438955 -0.9738769792773299 0
    outer loop
      vertex -16.855876187015966 -20.17185198885253 0
      vertex -16.768249192772178 -20.151420239445557 0
      vertex -16.768249192772178 -20.151420239445557 3.5
    endloop
  endfacet
  facet normal 0.16289547339458404 -0.9866433320848799 0
    outer loop
      vertex -16.768249192772178 -20.151420239445557 0
      vertex -16.679473514302572 -20.13676331561101 0
      vertex -16.679473514302572 -20.13676331561101 3.5
    endloop
  endfacet
  facet normal 0.09801714032954412 -0.9951847266721986 0
    outer loop
      vertex -16.679473514302572 -20.13676331561101 0
      vertex -16.589929302691445 -20.12794398054692 0
      vertex -16.589929302691445 -20.12794398054692 3.5
    endloop
  endfacet
  facet normal 0.03271908282177752 -0.9994645874763657 0
    outer loop
      vertex -16.589929302691445 -20.12794398054692 0
      vertex -16.5 -20.125 0
      vertex -16.5 -20.125 3.5
    endloop
  endfacet
  facet normal -0.03271908282177752 -0.9994645874763657 0
    outer loop
      vertex -16.5 -20.125 0
      vertex -16.410070697308555 -20.12794398054692 0
      vertex -16.410070697308555 -20.12794398054692 3.5
    endloop
  endfacet
  facet normal -0.09801714032954412 -0.9951847266721986 0
    outer loop
      vertex -16.410070697308555 -20.12794398054692 0
      vertex -16.320526485697428 -20.13676331561101 0
      vertex -16.320526485697428 -20.13676331561101 3.5
    endloop
  endfacet
  facet normal -0.16289547339458404 -0.9866433320848799 0
    outer loop
      vertex -16.320526485697428 -20.13676331561101 0
      vertex -16.231750807227822 -20.151420239445557 0
      vertex -16.231750807227822 -20.151420239445557 3.5
    endloop
  endfacet
  facet normal -0.2902846772544778 -0.956940335732204 0
    outer loop
      vertex -16.058020735208153 -20.19797107194423 0
      vertex -16.058020735208153 -20.19797107194423 3.5
      vertex -16.144123812984034 -20.17185198885253 0
    endloop
  endfacet
  facet normal -0.35225004792122333 -0.9359059267573295 0
    outer loop
      vertex -16.058020735208153 -20.19797107194423 0
      vertex -15.973810280498002 -20.22966564279698 0
      vertex -15.973810280498002 -20.22966564279698 3.5
    endloop
  endfacet
  facet normal -0.22707626303438955 -0.9738769792773299 0
    outer loop
      vertex -16.231750807227822 -20.151420239445557 0
      vertex -16.144123812984034 -20.17185198885253 0
      vertex -16.144123812984034 -20.17185198885253 3.5
    endloop
  endfacet
  facet normal -0.4127070298044075 0.9108638249211699 0
    outer loop
      vertex -15.973810280498002 -22.77033435720302 0
      vertex -15.973810280498002 -22.77033435720302 3.5
      vertex -15.891853050948873 -22.733200019607445 0
    endloop
  endfacet
  facet normal -0.47139673682599365 0.881921264348357 0
    outer loop
      vertex -15.891853050948873 -22.733200019607445 0
      vertex -15.891853050948873 -22.733200019607445 3.5
      vertex -15.8125 -22.690784930203602 0
    endloop
  endfacet
  facet normal -0.5280678506503609 0.8492021815265833 0
    outer loop
      vertex -15.8125 -22.690784930203602 0
      vertex -15.8125 -22.690784930203602 3.5
      vertex -15.736090929598047 -22.643270716916 0
    endloop
  endfacet
  facet normal -0.5824776968678079 0.812846684591611 0
    outer loop
      vertex -15.736090929598047 -22.643270716916 0
      vertex -15.736090929598047 -22.643270716916 3.5
      vertex -15.66295303511301 -22.590860842900447 0
    endloop
  endfacet
  facet normal -0.634393284163632 0.773010453362748 0
    outer loop
      vertex -15.66295303511301 -22.590860842900447 0
      vertex -15.66295303511301 -22.590860842900447 3.5
      vertex -15.593399504237405 -22.533779735283595 0
    endloop
  endfacet
  facet normal -0.683592302022868 0.7298640726978386 0
    outer loop
      vertex -15.593399504237405 -22.533779735283595 0
      vertex -15.593399504237405 -22.533779735283595 3.5
      vertex -15.527728175868496 -22.472271824131504 0
    endloop
  endfacet
  facet normal -0.7298640726978295 0.6835923020228779 0
    outer loop
      vertex -15.527728175868496 -22.472271824131504 0
      vertex -15.527728175868496 -22.472271824131504 3.5
      vertex -15.466220264716405 -22.406600495762596 0
    endloop
  endfacet
  facet normal -0.7730104533627559 0.6343932841636224 0
    outer loop
      vertex -15.466220264716405 -22.406600495762596 0
      vertex -15.466220264716405 -22.406600495762596 3.5
      vertex -15.409139157099553 -22.33704696488699 0
    endloop
  endfacet
  facet normal -0.8128466845916043 0.5824776968678173 0
    outer loop
      vertex -15.409139157099553 -22.33704696488699 0
      vertex -15.409139157099553 -22.33704696488699 3.5
      vertex -15.356729283084 -22.263909070401954 0
    endloop
  endfacet
  facet normal -0.84920218152658 0.5280678506503663 0
    outer loop
      vertex -15.356729283084 -22.263909070401954 0
      vertex -15.356729283084 -22.263909070401954 3.5
      vertex -15.309215069796396 -22.1875 0
    endloop
  endfacet
  facet normal -0.8819212643483616 0.47139673682598554 0
    outer loop
      vertex -15.309215069796396 -22.1875 0
      vertex -15.309215069796396 -22.1875 3.5
      vertex -15.266799980392554 -22.108146949051125 0
    endloop
  endfacet
  facet normal -0.9108638249211708 0.412707029804406 0
    outer loop
      vertex -15.266799980392554 -22.108146949051125 0
      vertex -15.266799980392554 -22.108146949051125 3.5
      vertex -15.22966564279698 -22.026189719502 0
    endloop
  endfacet
  facet normal -0.9359059267573255 0.35225004792123416 0
    outer loop
      vertex -15.22966564279698 -22.026189719502 0
      vertex -15.22966564279698 -22.026189719502 3.5
      vertex -15.19797107194423 -21.941979264791847 0
    endloop
  endfacet
  facet normal -0.9569403357322096 0.2902846772544598 0
    outer loop
      vertex -15.19797107194423 -21.941979264791847 0
      vertex -15.19797107194423 -21.941979264791847 3.5
      vertex -15.17185198885253 -21.855876187015966 0
    endloop
  endfacet
  facet normal -0.9738769792773342 0.2270762630343708 0
    outer loop
      vertex -15.17185198885253 -21.855876187015966 0
      vertex -15.17185198885253 -21.855876187015966 3.5
      vertex -15.151420239445558 -21.768249192772178 0
    endloop
  endfacet
  facet normal -0.9866433320848799 0.16289547339458404 0
    outer loop
      vertex -15.151420239445558 -21.768249192772178 0
      vertex -15.151420239445558 -21.768249192772178 3.5
      vertex -15.136763315611011 -21.679473514302572 0
    endloop
  endfacet
  facet normal -0.9951847266721966 0.09801714032956367 0
    outer loop
      vertex -15.136763315611011 -21.679473514302572 0
      vertex -15.136763315611011 -21.679473514302572 3.5
      vertex -15.12794398054692 -21.589929302691445 0
    endloop
  endfacet
  facet normal -0.4127070298044075 -0.9108638249211699 0
    outer loop
      vertex -15.973810280498002 -20.22966564279698 0
      vertex -15.891853050948873 -20.266799980392555 0
      vertex -15.891853050948873 -20.266799980392555 3.5
    endloop
  endfacet
  facet normal -0.47139673682599365 -0.881921264348357 0
    outer loop
      vertex -15.891853050948873 -20.266799980392555 0
      vertex -15.8125 -20.309215069796398 0
      vertex -15.8125 -20.309215069796398 3.5
    endloop
  endfacet
  facet normal -0.5280678506503609 -0.8492021815265833 0
    outer loop
      vertex -15.8125 -20.309215069796398 0
      vertex -15.736090929598047 -20.356729283084 0
      vertex -15.736090929598047 -20.356729283084 3.5
    endloop
  endfacet
  facet normal -0.5824776968678079 -0.812846684591611 0
    outer loop
      vertex -15.736090929598047 -20.356729283084 0
      vertex -15.66295303511301 -20.409139157099553 0
      vertex -15.66295303511301 -20.409139157099553 3.5
    endloop
  endfacet
  facet normal -0.634393284163632 -0.773010453362748 0
    outer loop
      vertex -15.66295303511301 -20.409139157099553 0
      vertex -15.593399504237405 -20.466220264716405 0
      vertex -15.593399504237405 -20.466220264716405 3.5
    endloop
  endfacet
  facet normal -0.683592302022868 -0.7298640726978386 0
    outer loop
      vertex -15.593399504237405 -20.466220264716405 0
      vertex -15.527728175868496 -20.527728175868496 0
      vertex -15.527728175868496 -20.527728175868496 3.5
    endloop
  endfacet
  facet normal -0.8128466845916043 -0.5824776968678173 0
    outer loop
      vertex -15.409139157099553 -20.66295303511301 0
      vertex -15.356729283084 -20.736090929598046 0
      vertex -15.356729283084 -20.736090929598046 3.5
    endloop
  endfacet
  facet normal -0.84920218152658 -0.5280678506503663 0
    outer loop
      vertex -15.356729283084 -20.736090929598046 0
      vertex -15.309215069796396 -20.8125 0
      vertex -15.309215069796396 -20.8125 3.5
    endloop
  endfacet
  facet normal -0.9569403357322096 -0.2902846772544598 0
    outer loop
      vertex -15.17185198885253 -21.144123812984034 0
      vertex -15.17185198885253 -21.144123812984034 3.5
      vertex -15.19797107194423 -21.058020735208153 0
    endloop
  endfacet
  facet normal -0.9994645874763657 0.03271908282177752 0
    outer loop
      vertex -15.12794398054692 -21.589929302691445 0
      vertex -15.12794398054692 -21.589929302691445 3.5
      vertex -15.125 -21.5 0
    endloop
  endfacet
  facet normal -0.9994645874763657 -0.03271908282177752 0
    outer loop
      vertex -15.125 -21.5 0
      vertex -15.125 -21.5 3.5
      vertex -15.12794398054692 -21.410070697308555 0
    endloop
  endfacet
  facet normal -0.9951847266721966 -0.09801714032956367 0
    outer loop
      vertex -15.12794398054692 -21.410070697308555 0
      vertex -15.12794398054692 -21.410070697308555 3.5
      vertex -15.136763315611011 -21.320526485697428 0
    endloop
  endfacet
  facet normal -0.9866433320848799 -0.16289547339458404 0
    outer loop
      vertex -15.151420239445558 -21.231750807227822 0
      vertex -15.136763315611011 -21.320526485697428 0
      vertex -15.136763315611011 -21.320526485697428 3.5
    endloop
  endfacet
  facet normal -0.9738769792773342 -0.2270762630343708 0
    outer loop
      vertex -15.151420239445558 -21.231750807227822 0
      vertex -15.151420239445558 -21.231750807227822 3.5
      vertex -15.17185198885253 -21.144123812984034 0
    endloop
  endfacet
  facet normal -0.9108638249211708 -0.412707029804406 0
    outer loop
      vertex -15.266799980392554 -20.891853050948875 0
      vertex -15.22966564279698 -20.973810280498 0
      vertex -15.22966564279698 -20.973810280498 3.5
    endloop
  endfacet
  facet normal -0.9359059267573255 -0.35225004792123416 0
    outer loop
      vertex -15.19797107194423 -21.058020735208153 0
      vertex -15.19797107194423 -21.058020735208153 3.5
      vertex -15.22966564279698 -20.973810280498 0
    endloop
  endfacet
  facet normal -0.8819212643483616 -0.47139673682598554 0
    outer loop
      vertex -15.309215069796396 -20.8125 0
      vertex -15.266799980392554 -20.891853050948875 0
      vertex -15.266799980392554 -20.891853050948875 3.5
    endloop
  endfacet
  facet normal -0.7298640726978295 -0.6835923020228779 0
    outer loop
      vertex -15.527728175868496 -20.527728175868496 0
      vertex -15.466220264716405 -20.593399504237404 0
      vertex -15.466220264716405 -20.593399504237404 3.5
    endloop
  endfacet
  facet normal -0.7730104533627559 -0.6343932841636224 0
    outer loop
      vertex -15.409139157099553 -20.66295303511301 0
      vertex -15.409139157099553 -20.66295303511301 3.5
      vertex -15.466220264716405 -20.593399504237404 0
    endloop
  endfacet
  facet normal 0.6835923020228779 0.7298640726978295 0
    outer loop
      vertex -17.406600495762596 -22.533779735283595 0
      vertex -17.472271824131504 -22.472271824131504 3.5
      vertex -17.406600495762596 -22.533779735283595 3.5
    endloop
  endfacet
  facet normal 0.8819212643483616 0.47139673682598554 0
    outer loop
      vertex -17.690784930203602 -22.1875 0
      vertex -17.733200019607445 -22.108146949051125 3.5
      vertex -17.690784930203602 -22.1875 3.5
    endloop
  endfacet
  facet normal 0.9108638249211632 0.4127070298044223 0
    outer loop
      vertex -17.733200019607445 -22.108146949051125 0
      vertex -17.77033435720302 -22.026189719502 3.5
      vertex -17.733200019607445 -22.108146949051125 3.5
    endloop
  endfacet
  facet normal 0.8492021815265889 0.528067850650352 0
    outer loop
      vertex -17.643270716916 -22.263909070401954 0
      vertex -17.690784930203602 -22.1875 3.5
      vertex -17.643270716916 -22.263909070401954 3.5
    endloop
  endfacet
  facet normal 0.9738769792773299 0.22707626303438955 0
    outer loop
      vertex -17.82814801114747 -21.855876187015966 0
      vertex -17.848579760554443 -21.768249192772178 3.5
      vertex -17.82814801114747 -21.855876187015966 3.5
    endloop
  endfacet
  facet normal 0.935905926757332 0.35225004792121684 0
    outer loop
      vertex -17.77033435720302 -22.026189719502 0
      vertex -17.80202892805577 -21.941979264791847 3.5
      vertex -17.77033435720302 -22.026189719502 3.5
    endloop
  endfacet
  facet normal 0.956940335732204 0.2902846772544778 0
    outer loop
      vertex -17.80202892805577 -21.941979264791847 0
      vertex -17.82814801114747 -21.855876187015966 3.5
      vertex -17.80202892805577 -21.941979264791847 3.5
    endloop
  endfacet
  facet normal 0.9866433320848799 0.16289547339458404 0
    outer loop
      vertex -17.848579760554443 -21.768249192772178 0
      vertex -17.86323668438899 -21.679473514302572 3.5
      vertex -17.848579760554443 -21.768249192772178 3.5
    endloop
  endfacet
  facet normal 0.9951847266721986 0.09801714032954412 0
    outer loop
      vertex -17.86323668438899 -21.679473514302572 0
      vertex -17.87205601945308 -21.589929302691445 3.5
      vertex -17.86323668438899 -21.679473514302572 3.5
    endloop
  endfacet
  facet normal 0.8128466845916043 0.5824776968678173 0
    outer loop
      vertex -17.590860842900447 -22.33704696488699 0
      vertex -17.643270716916 -22.263909070401954 3.5
      vertex -17.590860842900447 -22.33704696488699 3.5
    endloop
  endfacet
  facet normal 0.7730104533627559 0.6343932841636224 0
    outer loop
      vertex -17.533779735283595 -22.406600495762596 0
      vertex -17.590860842900447 -22.33704696488699 3.5
      vertex -17.533779735283595 -22.406600495762596 3.5
    endloop
  endfacet
  facet normal 0.7298640726978295 0.6835923020228779 0
    outer loop
      vertex -17.472271824131504 -22.472271824131504 0
      vertex -17.533779735283595 -22.406600495762596 3.5
      vertex -17.472271824131504 -22.472271824131504 3.5
    endloop
  endfacet
  facet normal 0.6343932841636224 0.7730104533627559 0
    outer loop
      vertex -17.33704696488699 -22.590860842900447 0
      vertex -17.406600495762596 -22.533779735283595 3.5
      vertex -17.33704696488699 -22.590860842900447 3.5
    endloop
  endfacet
  facet normal 0.5824776968678173 0.8128466845916043 0
    outer loop
      vertex -17.263909070401954 -22.643270716916 0
      vertex -17.33704696488699 -22.590860842900447 3.5
      vertex -17.263909070401954 -22.643270716916 3.5
    endloop
  endfacet
  facet normal 0.528067850650352 0.8492021815265889 0
    outer loop
      vertex -17.1875 -22.690784930203602 0
      vertex -17.263909070401954 -22.643270716916 3.5
      vertex -17.1875 -22.690784930203602 3.5
    endloop
  endfacet
  facet normal 0.47139673682598554 0.8819212643483616 0
    outer loop
      vertex -17.108146949051125 -22.733200019607445 0
      vertex -17.1875 -22.690784930203602 3.5
      vertex -17.108146949051125 -22.733200019607445 3.5
    endloop
  endfacet
  facet normal 0.4127070298044223 0.9108638249211632 0
    outer loop
      vertex -17.026189719502 -22.77033435720302 0
      vertex -17.108146949051125 -22.733200019607445 3.5
      vertex -17.026189719502 -22.77033435720302 3.5
    endloop
  endfacet
  facet normal 0.35225004792121684 0.935905926757332 0
    outer loop
      vertex -16.941979264791847 -22.80202892805577 0
      vertex -17.026189719502 -22.77033435720302 3.5
      vertex -16.941979264791847 -22.80202892805577 3.5
    endloop
  endfacet
  facet normal 0.2902846772544778 0.956940335732204 0
    outer loop
      vertex -16.855876187015966 -22.82814801114747 0
      vertex -16.941979264791847 -22.80202892805577 3.5
      vertex -16.855876187015966 -22.82814801114747 3.5
    endloop
  endfacet
  facet normal 0.22707626303438955 0.9738769792773299 0
    outer loop
      vertex -16.768249192772178 -22.848579760554443 0
      vertex -16.855876187015966 -22.82814801114747 3.5
      vertex -16.768249192772178 -22.848579760554443 3.5
    endloop
  endfacet
  facet normal 0.16289547339458404 0.9866433320848799 0
    outer loop
      vertex -16.679473514302572 -22.86323668438899 0
      vertex -16.768249192772178 -22.848579760554443 3.5
      vertex -16.679473514302572 -22.86323668438899 3.5
    endloop
  endfacet
  facet normal 0.09801714032954412 0.9951847266721986 0
    outer loop
      vertex -16.589929302691445 -22.87205601945308 0
      vertex -16.679473514302572 -22.86323668438899 3.5
      vertex -16.589929302691445 -22.87205601945308 3.5
    endloop
  endfacet
  facet normal 0.03271908282177752 0.9994645874763657 0
    outer loop
      vertex -16.5 -22.875 0
      vertex -16.589929302691445 -22.87205601945308 3.5
      vertex -16.5 -22.875 3.5
    endloop
  endfacet
  facet normal -0.03271908282177752 0.9994645874763657 0
    outer loop
      vertex -16.410070697308555 -22.87205601945308 0
      vertex -16.5 -22.875 3.5
      vertex -16.410070697308555 -22.87205601945308 3.5
    endloop
  endfacet
  facet normal -0.09801714032954412 0.9951847266721986 0
    outer loop
      vertex -16.320526485697428 -22.86323668438899 0
      vertex -16.410070697308555 -22.87205601945308 3.5
      vertex -16.320526485697428 -22.86323668438899 3.5
    endloop
  endfacet
  facet normal -0.16289547339458404 0.9866433320848799 0
    outer loop
      vertex -16.231750807227822 -22.848579760554443 0
      vertex -16.320526485697428 -22.86323668438899 3.5
      vertex -16.231750807227822 -22.848579760554443 3.5
    endloop
  endfacet
  facet normal -0.22707626303438955 0.9738769792773299 0
    outer loop
      vertex -16.144123812984034 -22.82814801114747 0
      vertex -16.231750807227822 -22.848579760554443 3.5
      vertex -16.144123812984034 -22.82814801114747 3.5
    endloop
  endfacet
  facet normal -0.2902846772544778 0.956940335732204 0
    outer loop
      vertex -16.058020735208153 -22.80202892805577 0
      vertex -16.144123812984034 -22.82814801114747 3.5
      vertex -16.058020735208153 -22.80202892805577 3.5
    endloop
  endfacet
  facet normal -0.35225004792122333 0.9359059267573295 0
    outer loop
      vertex -15.973810280498002 -22.77033435720302 0
      vertex -16.058020735208153 -22.80202892805577 3.5
      vertex -15.973810280498002 -22.77033435720302 3.5
    endloop
  endfacet
  facet normal 0.9994645874763657 0.03271908282177752 0
    outer loop
      vertex -17.87205601945308 -21.589929302691445 0
      vertex -17.875 -21.5 3.5
      vertex -17.87205601945308 -21.589929302691445 3.5
    endloop
  endfacet
  facet normal 0.9994645874763657 -0.03271908282177752 0
    outer loop
      vertex -17.875 -21.5 0
      vertex -17.87205601945308 -21.410070697308555 3.5
      vertex -17.875 -21.5 3.5
    endloop
  endfacet
  facet normal 0.9951847266721986 -0.09801714032954412 0
    outer loop
      vertex -17.87205601945308 -21.410070697308555 0
      vertex -17.86323668438899 -21.320526485697428 3.5
      vertex -17.87205601945308 -21.410070697308555 3.5
    endloop
  endfacet
  facet normal 0.9866433320848799 -0.16289547339458404 0
    outer loop
      vertex -17.86323668438899 -21.320526485697428 0
      vertex -17.848579760554443 -21.231750807227822 3.5
      vertex -17.86323668438899 -21.320526485697428 3.5
    endloop
  endfacet
  facet normal 0.9738769792773299 -0.22707626303438955 0
    outer loop
      vertex -17.848579760554443 -21.231750807227822 0
      vertex -17.82814801114747 -21.144123812984034 3.5
      vertex -17.848579760554443 -21.231750807227822 3.5
    endloop
  endfacet
  facet normal 0.956940335732204 -0.2902846772544778 0
    outer loop
      vertex -17.82814801114747 -21.144123812984034 0
      vertex -17.80202892805577 -21.058020735208153 3.5
      vertex -17.82814801114747 -21.144123812984034 3.5
    endloop
  endfacet
  facet normal 0.935905926757332 -0.35225004792121684 0
    outer loop
      vertex -17.80202892805577 -21.058020735208153 0
      vertex -17.77033435720302 -20.973810280498 3.5
      vertex -17.80202892805577 -21.058020735208153 3.5
    endloop
  endfacet
  facet normal 0.9108638249211632 -0.4127070298044223 0
    outer loop
      vertex -17.77033435720302 -20.973810280498 0
      vertex -17.733200019607445 -20.891853050948875 3.5
      vertex -17.77033435720302 -20.973810280498 3.5
    endloop
  endfacet
  facet normal 0.8819212643483616 -0.47139673682598554 0
    outer loop
      vertex -17.733200019607445 -20.891853050948875 0
      vertex -17.690784930203602 -20.8125 3.5
      vertex -17.733200019607445 -20.891853050948875 3.5
    endloop
  endfacet
  facet normal 0.8492021815265889 -0.528067850650352 0
    outer loop
      vertex -17.690784930203602 -20.8125 0
      vertex -17.643270716916 -20.736090929598046 3.5
      vertex -17.690784930203602 -20.8125 3.5
    endloop
  endfacet
  facet normal 0.8128466845916043 -0.5824776968678173 0
    outer loop
      vertex -17.643270716916 -20.736090929598046 0
      vertex -17.590860842900447 -20.66295303511301 3.5
      vertex -17.643270716916 -20.736090929598046 3.5
    endloop
  endfacet
  facet normal 0.7730104533627559 -0.6343932841636224 0
    outer loop
      vertex -17.590860842900447 -20.66295303511301 0
      vertex -17.533779735283595 -20.593399504237404 3.5
      vertex -17.590860842900447 -20.66295303511301 3.5
    endloop
  endfacet
  facet normal 0.7298640726978295 -0.6835923020228779 0
    outer loop
      vertex -17.533779735283595 -20.593399504237404 0
      vertex -17.472271824131504 -20.527728175868496 3.5
      vertex -17.533779735283595 -20.593399504237404 3.5
    endloop
  endfacet
  facet normal 0.6835923020228779 -0.7298640726978295 0
    outer loop
      vertex -17.472271824131504 -20.527728175868496 0
      vertex -17.406600495762596 -20.466220264716405 3.5
      vertex -17.472271824131504 -20.527728175868496 3.5
    endloop
  endfacet
  facet normal 0.6343932841636224 -0.7730104533627559 0
    outer loop
      vertex -17.406600495762596 -20.466220264716405 0
      vertex -17.33704696488699 -20.409139157099553 3.5
      vertex -17.406600495762596 -20.466220264716405 3.5
    endloop
  endfacet
  facet normal 0.5824776968678173 -0.8128466845916043 0
    outer loop
      vertex -17.33704696488699 -20.409139157099553 0
      vertex -17.263909070401954 -20.356729283084 3.5
      vertex -17.33704696488699 -20.409139157099553 3.5
    endloop
  endfacet
  facet normal 0.528067850650352 -0.8492021815265889 0
    outer loop
      vertex -17.263909070401954 -20.356729283084 0
      vertex -17.1875 -20.309215069796398 3.5
      vertex -17.263909070401954 -20.356729283084 3.5
    endloop
  endfacet
  facet normal 0.47139673682598554 -0.8819212643483616 0
    outer loop
      vertex -17.1875 -20.309215069796398 0
      vertex -17.108146949051125 -20.266799980392555 3.5
      vertex -17.1875 -20.309215069796398 3.5
    endloop
  endfacet
  facet normal 0.4127070298044223 -0.9108638249211632 0
    outer loop
      vertex -17.108146949051125 -20.266799980392555 0
      vertex -17.026189719502 -20.22966564279698 3.5
      vertex -17.108146949051125 -20.266799980392555 3.5
    endloop
  endfacet
  facet normal 0.35225004792121684 -0.935905926757332 0
    outer loop
      vertex -17.026189719502 -20.22966564279698 0
      vertex -16.941979264791847 -20.19797107194423 3.5
      vertex -17.026189719502 -20.22966564279698 3.5
    endloop
  endfacet
  facet normal 0.2902846772544778 -0.956940335732204 0
    outer loop
      vertex -16.941979264791847 -20.19797107194423 0
      vertex -16.855876187015966 -20.17185198885253 3.5
      vertex -16.941979264791847 -20.19797107194423 3.5
    endloop
  endfacet
  facet normal 0.22707626303438955 -0.9738769792773299 0
    outer loop
      vertex -16.855876187015966 -20.17185198885253 0
      vertex -16.768249192772178 -20.151420239445557 3.5
      vertex -16.855876187015966 -20.17185198885253 3.5
    endloop
  endfacet
  facet normal 0.16289547339458404 -0.9866433320848799 0
    outer loop
      vertex -16.768249192772178 -20.151420239445557 0
      vertex -16.679473514302572 -20.13676331561101 3.5
      vertex -16.768249192772178 -20.151420239445557 3.5
    endloop
  endfacet
  facet normal 0.09801714032954412 -0.9951847266721986 0
    outer loop
      vertex -16.679473514302572 -20.13676331561101 0
      vertex -16.589929302691445 -20.12794398054692 3.5
      vertex -16.679473514302572 -20.13676331561101 3.5
    endloop
  endfacet
  facet normal 0.03271908282177752 -0.9994645874763657 0
    outer loop
      vertex -16.589929302691445 -20.12794398054692 0
      vertex -16.5 -20.125 3.5
      vertex -16.589929302691445 -20.12794398054692 3.5
    endloop
  endfacet
  facet normal -0.03271908282177752 -0.9994645874763657 0
    outer loop
      vertex -16.5 -20.125 0
      vertex -16.410070697308555 -20.12794398054692 3.5
      vertex -16.5 -20.125 3.5
    endloop
  endfacet
  facet normal -0.09801714032954412 -0.9951847266721986 0
    outer loop
      vertex -16.410070697308555 -20.12794398054692 0
      vertex -16.320526485697428 -20.13676331561101 3.5
      vertex -16.410070697308555 -20.12794398054692 3.5
    endloop
  endfacet
  facet normal -0.16289547339458404 -0.9866433320848799 0
    outer loop
      vertex -16.320526485697428 -20.13676331561101 0
      vertex -16.231750807227822 -20.151420239445557 3.5
      vertex -16.320526485697428 -20.13676331561101 3.5
    endloop
  endfacet
  facet normal -0.35225004792122333 -0.9359059267573295 0
    outer loop
      vertex -16.058020735208153 -20.19797107194423 0
      vertex -15.973810280498002 -20.22966564279698 3.5
      vertex -16.058020735208153 -20.19797107194423 3.5
    endloop
  endfacet
  facet normal -0.22707626303438955 -0.9738769792773299 0
    outer loop
      vertex -16.231750807227822 -20.151420239445557 0
      vertex -16.144123812984034 -20.17185198885253 3.5
      vertex -16.231750807227822 -20.151420239445557 3.5
    endloop
  endfacet
  facet normal -0.2902846772544778 -0.956940335732204 0
    outer loop
      vertex -16.144123812984034 -20.17185198885253 0
      vertex -16.058020735208153 -20.19797107194423 3.5
      vertex -16.144123812984034 -20.17185198885253 3.5
    endloop
  endfacet
  facet normal -0.4127070298044075 0.9108638249211699 0
    outer loop
      vertex -15.891853050948873 -22.733200019607445 0
      vertex -15.973810280498002 -22.77033435720302 3.5
      vertex -15.891853050948873 -22.733200019607445 3.5
    endloop
  endfacet
  facet normal -0.47139673682599365 0.881921264348357 0
    outer loop
      vertex -15.8125 -22.690784930203602 0
      vertex -15.891853050948873 -22.733200019607445 3.5
      vertex -15.8125 -22.690784930203602 3.5
    endloop
  endfacet
  facet normal -0.5280678506503609 0.8492021815265833 0
    outer loop
      vertex -15.736090929598047 -22.643270716916 0
      vertex -15.8125 -22.690784930203602 3.5
      vertex -15.736090929598047 -22.643270716916 3.5
    endloop
  endfacet
  facet normal -0.5824776968678079 0.812846684591611 0
    outer loop
      vertex -15.66295303511301 -22.590860842900447 0
      vertex -15.736090929598047 -22.643270716916 3.5
      vertex -15.66295303511301 -22.590860842900447 3.5
    endloop
  endfacet
  facet normal -0.634393284163632 0.773010453362748 0
    outer loop
      vertex -15.593399504237405 -22.533779735283595 0
      vertex -15.66295303511301 -22.590860842900447 3.5
      vertex -15.593399504237405 -22.533779735283595 3.5
    endloop
  endfacet
  facet normal -0.683592302022868 0.7298640726978386 0
    outer loop
      vertex -15.527728175868496 -22.472271824131504 0
      vertex -15.593399504237405 -22.533779735283595 3.5
      vertex -15.527728175868496 -22.472271824131504 3.5
    endloop
  endfacet
  facet normal -0.7298640726978295 0.6835923020228779 0
    outer loop
      vertex -15.466220264716405 -22.406600495762596 0
      vertex -15.527728175868496 -22.472271824131504 3.5
      vertex -15.466220264716405 -22.406600495762596 3.5
    endloop
  endfacet
  facet normal -0.7730104533627559 0.6343932841636224 0
    outer loop
      vertex -15.409139157099553 -22.33704696488699 0
      vertex -15.466220264716405 -22.406600495762596 3.5
      vertex -15.409139157099553 -22.33704696488699 3.5
    endloop
  endfacet
  facet normal -0.8128466845916043 0.5824776968678173 0
    outer loop
      vertex -15.356729283084 -22.263909070401954 0
      vertex -15.409139157099553 -22.33704696488699 3.5
      vertex -15.356729283084 -22.263909070401954 3.5
    endloop
  endfacet
  facet normal -0.84920218152658 0.5280678506503663 0
    outer loop
      vertex -15.309215069796396 -22.1875 0
      vertex -15.356729283084 -22.263909070401954 3.5
      vertex -15.309215069796396 -22.1875 3.5
    endloop
  endfacet
  facet normal -0.8819212643483616 0.47139673682598554 0
    outer loop
      vertex -15.266799980392554 -22.108146949051125 0
      vertex -15.309215069796396 -22.1875 3.5
      vertex -15.266799980392554 -22.108146949051125 3.5
    endloop
  endfacet
  facet normal -0.9108638249211708 0.412707029804406 0
    outer loop
      vertex -15.22966564279698 -22.026189719502 0
      vertex -15.266799980392554 -22.108146949051125 3.5
      vertex -15.22966564279698 -22.026189719502 3.5
    endloop
  endfacet
  facet normal -0.9359059267573255 0.35225004792123416 0
    outer loop
      vertex -15.19797107194423 -21.941979264791847 0
      vertex -15.22966564279698 -22.026189719502 3.5
      vertex -15.19797107194423 -21.941979264791847 3.5
    endloop
  endfacet
  facet normal -0.9569403357322096 0.2902846772544598 0
    outer loop
      vertex -15.17185198885253 -21.855876187015966 0
      vertex -15.19797107194423 -21.941979264791847 3.5
      vertex -15.17185198885253 -21.855876187015966 3.5
    endloop
  endfacet
  facet normal -0.9738769792773342 0.2270762630343708 0
    outer loop
      vertex -15.151420239445558 -21.768249192772178 0
      vertex -15.17185198885253 -21.855876187015966 3.5
      vertex -15.151420239445558 -21.768249192772178 3.5
    endloop
  endfacet
  facet normal -0.9866433320848799 0.16289547339458404 0
    outer loop
      vertex -15.136763315611011 -21.679473514302572 0
      vertex -15.151420239445558 -21.768249192772178 3.5
      vertex -15.136763315611011 -21.679473514302572 3.5
    endloop
  endfacet
  facet normal -0.9951847266721966 0.09801714032956367 0
    outer loop
      vertex -15.12794398054692 -21.589929302691445 0
      vertex -15.136763315611011 -21.679473514302572 3.5
      vertex -15.12794398054692 -21.589929302691445 3.5
    endloop
  endfacet
  facet normal -0.4127070298044075 -0.9108638249211699 0
    outer loop
      vertex -15.973810280498002 -20.22966564279698 0
      vertex -15.891853050948873 -20.266799980392555 3.5
      vertex -15.973810280498002 -20.22966564279698 3.5
    endloop
  endfacet
  facet normal -0.47139673682599365 -0.881921264348357 0
    outer loop
      vertex -15.891853050948873 -20.266799980392555 0
      vertex -15.8125 -20.309215069796398 3.5
      vertex -15.891853050948873 -20.266799980392555 3.5
    endloop
  endfacet
  facet normal -0.5280678506503609 -0.8492021815265833 0
    outer loop
      vertex -15.8125 -20.309215069796398 0
      vertex -15.736090929598047 -20.356729283084 3.5
      vertex -15.8125 -20.309215069796398 3.5
    endloop
  endfacet
  facet normal -0.5824776968678079 -0.812846684591611 0
    outer loop
      vertex -15.736090929598047 -20.356729283084 0
      vertex -15.66295303511301 -20.409139157099553 3.5
      vertex -15.736090929598047 -20.356729283084 3.5
    endloop
  endfacet
  facet normal -0.634393284163632 -0.773010453362748 0
    outer loop
      vertex -15.66295303511301 -20.409139157099553 0
      vertex -15.593399504237405 -20.466220264716405 3.5
      vertex -15.66295303511301 -20.409139157099553 3.5
    endloop
  endfacet
  facet normal -0.683592302022868 -0.7298640726978386 0
    outer loop
      vertex -15.593399504237405 -20.466220264716405 0
      vertex -15.527728175868496 -20.527728175868496 3.5
      vertex -15.593399504237405 -20.466220264716405 3.5
    endloop
  endfacet
  facet normal -0.8128466845916043 -0.5824776968678173 0
    outer loop
      vertex -15.409139157099553 -20.66295303511301 0
      vertex -15.356729283084 -20.736090929598046 3.5
      vertex -15.409139157099553 -20.66295303511301 3.5
    endloop
  endfacet
  facet normal -0.84920218152658 -0.5280678506503663 0
    outer loop
      vertex -15.356729283084 -20.736090929598046 0
      vertex -15.309215069796396 -20.8125 3.5
      vertex -15.356729283084 -20.736090929598046 3.5
    endloop
  endfacet
  facet normal -0.9994645874763657 0.03271908282177752 0
    outer loop
      vertex -15.125 -21.5 0
      vertex -15.12794398054692 -21.589929302691445 3.5
      vertex -15.125 -21.5 3.5
    endloop
  endfacet
  facet normal -0.9994645874763657 -0.03271908282177752 0
    outer loop
      vertex -15.12794398054692 -21.410070697308555 0
      vertex -15.125 -21.5 3.5
      vertex -15.12794398054692 -21.410070697308555 3.5
    endloop
  endfacet
  facet normal -0.9951847266721966 -0.09801714032956367 0
    outer loop
      vertex -15.136763315611011 -21.320526485697428 0
      vertex -15.12794398054692 -21.410070697308555 3.5
      vertex -15.136763315611011 -21.320526485697428 3.5
    endloop
  endfacet
  facet normal -0.9866433320848799 -0.16289547339458404 0
    outer loop
      vertex -15.151420239445558 -21.231750807227822 0
      vertex -15.136763315611011 -21.320526485697428 3.5
      vertex -15.151420239445558 -21.231750807227822 3.5
    endloop
  endfacet
  facet normal -0.9738769792773342 -0.2270762630343708 0
    outer loop
      vertex -15.17185198885253 -21.144123812984034 0
      vertex -15.151420239445558 -21.231750807227822 3.5
      vertex -15.17185198885253 -21.144123812984034 3.5
    endloop
  endfacet
  facet normal -0.9108638249211708 -0.412707029804406 0
    outer loop
      vertex -15.266799980392554 -20.891853050948875 0
      vertex -15.22966564279698 -20.973810280498 3.5
      vertex -15.266799980392554 -20.891853050948875 3.5
    endloop
  endfacet
  facet normal -0.9359059267573255 -0.35225004792123416 0
    outer loop
      vertex -15.22966564279698 -20.973810280498 0
      vertex -15.19797107194423 -21.058020735208153 3.5
      vertex -15.22966564279698 -20.973810280498 3.5
    endloop
  endfacet
  facet normal -0.9569403357322096 -0.2902846772544598 0
    outer loop
      vertex -15.19797107194423 -21.058020735208153 0
      vertex -15.17185198885253 -21.144123812984034 3.5
      vertex -15.19797107194423 -21.058020735208153 3.5
    endloop
  endfacet
  facet normal -0.8819212643483616 -0.47139673682598554 0
    outer loop
      vertex -15.309215069796396 -20.8125 0
      vertex -15.266799980392554 -20.891853050948875 3.5
      vertex -15.309215069796396 -20.8125 3.5
    endloop
  endfacet
  facet normal -0.7298640726978295 -0.6835923020228779 0
    outer loop
      vertex -15.527728175868496 -20.527728175868496 0
      vertex -15.466220264716405 -20.593399504237404 3.5
      vertex -15.527728175868496 -20.527728175868496 3.5
    endloop
  endfacet
  facet normal -0.7730104533627559 -0.6343932841636224 0
    outer loop
      vertex -15.466220264716405 -20.593399504237404 0
      vertex -15.409139157099553 -20.66295303511301 3.5
      vertex -15.466220264716405 -20.593399504237404 3.5
    endloop
  endfacet
  facet normal 0 0 -1
    outer loop
      vertex -23.28772051798042 -26.285757861212645 0
      vertex -23.363703305156275 -26.035276180410083 0
      vertex -23.28772051798042 -23.714242138787355 0
    endloop
  endfacet
  facet normal 0 0 -1
    outer loop
      vertex -23.28772051798042 -26.285757861212645 0
      vertex -23.195518130045148 -23.46926627053964 0
      vertex -23.195518130045148 -26.53073372946036 0
    endloop
  endfacet
  facet normal 0 0 -1
    outer loop
      vertex -23.08749096613075 -26.769154760876006 0
      vertex -23.195518130045148 -26.53073372946036 0
      vertex -23.08749096613075 -23.230845239123994 0
    endloop
  endfacet
  facet normal 0 0 -1
    outer loop
      vertex -23.08749096613075 -26.769154760876006 0
      vertex -22.964101615137753 -23 0
      vertex -22.964101615137753 -27 0
    endloop
  endfacet
  facet normal 0 0 -1
    outer loop
      vertex -22.82587844921018 -27.22228093207841 0
      vertex -22.964101615137753 -27 0
      vertex -22.82587844921018 -22.77771906792159 0
    endloop
  endfacet
  facet normal 0 0 -1
    outer loop
      vertex -22.67341336116494 -27.43504571603488 0
      vertex -22.50735922991591 -22.362616739599723 0
      vertex -22.50735922991591 -27.637383260400277 0
    endloop
  endfacet
  facet normal 0 0 -1
    outer loop
      vertex -22.82587844921018 -27.22228093207841 0
      vertex -22.67341336116494 -22.56495428396512 0
      vertex -22.67341336116494 -27.43504571603488 0
    endloop
  endfacet
  facet normal 0 0 -1
    outer loop
      vertex -22.50735922991591 -27.637383260400277 0
      vertex -22.32842712474619 -22.17157287525381 0
      vertex -22.32842712474619 -27.82842712474619 0
    endloop
  endfacet
  facet normal 0 0 -1
    outer loop
      vertex -23.46577944549524 -25.522104768880205 0
      vertex -23.491435692954415 -25.26161251692057 0
      vertex -23.46577944549524 -24.477895231119795 0
    endloop
  endfacet
  facet normal 0 0 -1
    outer loop
      vertex -23.42314112161292 -25.780361288064512 0
      vertex -23.46577944549524 -25.522104768880205 0
      vertex -23.42314112161292 -24.219638711935488 0
    endloop
  endfacet
  facet normal 0 0 -1
    outer loop
      vertex -23.42314112161292 -25.780361288064512 0
      vertex -23.363703305156275 -23.964723819589917 0
      vertex -23.363703305156275 -26.035276180410083 0
    endloop
  endfacet
  facet normal 0 0 -1
    outer loop
      vertex -23.491435692954415 -25.26161251692057 0
      vertex -23.5 -25 0
      vertex -23.491435692954415 -24.73838748307943 0
    endloop
  endfacet
  facet normal 0 0 -1
    outer loop
      vertex -23.491435692954415 -25.26161251692057 0
      vertex -23.491435692954415 -24.73838748307943 0
      vertex -23.46577944549524 -24.477895231119795 0
    endloop
  endfacet
  facet normal 0 0 -1
    outer loop
      vertex -23.46577944549524 -25.522104768880205 0
      vertex -23.46577944549524 -24.477895231119795 0
      vertex -23.42314112161292 -24.219638711935488 0
    endloop
  endfacet
  facet normal 0 0 -1
    outer loop
      vertex -23.42314112161292 -25.780361288064512 0
      vertex -23.42314112161292 -24.219638711935488 0
      vertex -23.363703305156275 -23.964723819589917 0
    endloop
  endfacet
  facet normal 0 0 -1
    outer loop
      vertex -23.363703305156275 -26.035276180410083 0
      vertex -23.363703305156275 -23.964723819589917 0
      vertex -23.28772051798042 -23.714242138787355 0
    endloop
  endfacet
  facet normal 0 0 -1
    outer loop
      vertex -23.28772051798042 -26.285757861212645 0
      vertex -23.28772051798042 -23.714242138787355 0
      vertex -23.195518130045148 -23.46926627053964 0
    endloop
  endfacet
  facet normal 0 0 -1
    outer loop
      vertex -23.195518130045148 -26.53073372946036 0
      vertex -23.195518130045148 -23.46926627053964 0
      vertex -23.08749096613075 -23.230845239123994 0
    endloop
  endfacet
  facet normal 0 0 -1
    outer loop
      vertex -23.08749096613075 -26.769154760876006 0
      vertex -23.08749096613075 -23.230845239123994 0
      vertex -22.964101615137753 -23 0
    endloop
  endfacet
  facet normal 0 0 -1
    outer loop
      vertex -22.964101615137753 -27 0
      vertex -22.964101615137753 -23 0
      vertex -22.82587844921018 -22.77771906792159 0
    endloop
  endfacet
  facet normal 0 0 -1
    outer loop
      vertex -22.82587844921018 -27.22228093207841 0
      vertex -22.82587844921018 -22.77771906792159 0
      vertex -22.67341336116494 -22.56495428396512 0
    endloop
  endfacet
  facet normal 0 0 -1
    outer loop
      vertex -22.67341336116494 -27.43504571603488 0
      vertex -22.67341336116494 -22.56495428396512 0
      vertex -22.50735922991591 -22.362616739599723 0
    endloop
  endfacet
  facet normal 0 0 -1
    outer loop
      vertex -22.50735922991591 -27.637383260400277 0
      vertex -22.50735922991591 -22.362616739599723 0
      vertex -22.32842712474619 -22.17157287525381 0
    endloop
  endfacet
  facet normal 0 0 -1
    outer loop
      vertex -22.32842712474619 -27.82842712474619 0
      vertex -17.690784930203602 -22.1875 0
      vertex -22.137383260400277 -28.00735922991591 0
    endloop
  endfacet
  facet normal 0 0 -1
    outer loop
      vertex -21.93504571603488 -28.17341336116494 0
      vertex -17.406600495762596 -22.533779735283595 0
      vertex -21.72228093207841 -28.32587844921018 0
    endloop
  endfacet
  facet normal 0 0 -1
    outer loop
      vertex -22.137383260400277 -28.00735922991591 0
      vertex -17.590860842900447 -22.33704696488699 0
      vertex -21.93504571603488 -28.17341336116494 0
    endloop
  endfacet
  facet normal 0 0 -1
    outer loop
      vertex -21.72228093207841 -28.32587844921018 0
      vertex -17.406600495762596 -22.533779735283595 0
      vertex -21.5 -28.464101615137753 0
    endloop
  endfacet
  facet normal 0 0 -1
    outer loop
      vertex -21.5 -28.464101615137753 0
      vertex -17.263909070401954 -22.643270716916 0
      vertex -21.269154760876006 -28.58749096613075 0
    endloop
  endfacet
  facet normal 0 0 -1
    outer loop
      vertex -21.269154760876006 -28.58749096613075 0
      vertex -17.026189719502 -22.77033435720302 0
      vertex -21.03073372946036 -28.695518130045148 0
    endloop
  endfacet
  facet normal 0 0 -1
    outer loop
      vertex -22.32842712474619 -27.82842712474619 0
      vertex -22.32842712474619 -22.17157287525381 0
      vertex -17.80202892805577 -21.941979264791847 0
    endloop
  endfacet
  facet normal 0 0 -1
    outer loop
      vertex -21.03073372946036 -28.695518130045148 0
      vertex -16.855876187015966 -22.82814801114747 0
      vertex -20.785757861212645 -28.78772051798042 0
    endloop
  endfacet
  facet normal 0 0 -1
    outer loop
      vertex -20.785757861212645 -28.78772051798042 0
      vertex -16.589929302691445 -22.87205601945308 0
      vertex -20.535276180410083 -28.863703305156275 0
    endloop
  endfacet
  facet normal 0 0 -1
    outer loop
      vertex -20.535276180410083 -28.863703305156275 0
      vertex -16.320526485697428 -22.86323668438899 0
      vertex -20.280361288064512 -28.92314112161292 0
    endloop
  endfacet
  facet normal 0 0 -1
    outer loop
      vertex -20.280361288064512 -28.92314112161292 0
      vertex -15.973810280498002 -22.77033435720302 0
      vertex -20.022104768880205 -28.96577944549524 0
    endloop
  endfacet
  facet normal 0 0 -1
    outer loop
      vertex -20.022104768880205 -28.96577944549524 0
      vertex -15.527728175868496 -22.472271824131504 0
      vertex -19.76161251692057 -28.991435692954415 0
    endloop
  endfacet
  facet normal 0 0 -1
    outer loop
      vertex -22.32842712474619 -27.82842712474619 0
      vertex -17.80202892805577 -21.941979264791847 0
      vertex -17.77033435720302 -22.026189719502 0
    endloop
  endfacet
  facet normal 0 0 -1
    outer loop
      vertex -21.93504571603488 -28.17341336116494 0
      vertex -17.472271824131504 -22.472271824131504 0
      vertex -17.406600495762596 -22.533779735283595 0
    endloop
  endfacet
  facet normal 0 0 -1
    outer loop
      vertex -22.32842712474619 -27.82842712474619 0
      vertex -17.733200019607445 -22.108146949051125 0
      vertex -17.690784930203602 -22.1875 0
    endloop
  endfacet
  facet normal 0 0 -1
    outer loop
      vertex -22.32842712474619 -27.82842712474619 0
      vertex -17.77033435720302 -22.026189719502 0
      vertex -17.733200019607445 -22.108146949051125 0
    endloop
  endfacet
  facet normal 0 0 -1
    outer loop
      vertex -22.137383260400277 -28.00735922991591 0
      vertex -17.690784930203602 -22.1875 0
      vertex -17.643270716916 -22.263909070401954 0
    endloop
  endfacet
  facet normal 0 0 -1
    outer loop
      vertex -22.137383260400277 -28.00735922991591 0
      vertex -17.643270716916 -22.263909070401954 0
      vertex -17.590860842900447 -22.33704696488699 0
    endloop
  endfacet
  facet normal 0 0 -1
    outer loop
      vertex -21.93504571603488 -28.17341336116494 0
      vertex -17.590860842900447 -22.33704696488699 0
      vertex -17.533779735283595 -22.406600495762596 0
    endloop
  endfacet
  facet normal 0 0 -1
    outer loop
      vertex -21.93504571603488 -28.17341336116494 0
      vertex -17.533779735283595 -22.406600495762596 0
      vertex -17.472271824131504 -22.472271824131504 0
    endloop
  endfacet
  facet normal 0 0 -1
    outer loop
      vertex -22.32842712474619 -22.17157287525381 0
      vertex -17.86323668438899 -21.679473514302572 0
      vertex -17.848579760554443 -21.768249192772178 0
    endloop
  endfacet
  facet normal 0 0 -1
    outer loop
      vertex -22.32842712474619 -22.17157287525381 0
      vertex -17.87205601945308 -21.589929302691445 0
      vertex -17.86323668438899 -21.679473514302572 0
    endloop
  endfacet
  facet normal 0 0 -1
    outer loop
      vertex -22.32842712474619 -22.17157287525381 0
      vertex -17.82814801114747 -21.855876187015966 0
      vertex -17.80202892805577 -21.941979264791847 0
    endloop
  endfacet
  facet normal 0 0 -1
    outer loop
      vertex -22.32842712474619 -22.17157287525381 0
      vertex -17.848579760554443 -21.768249192772178 0
      vertex -17.82814801114747 -21.855876187015966 0
    endloop
  endfacet
  facet normal 0 0 -1
    outer loop
      vertex -22.32842712474619 -22.17157287525381 0
      vertex -17.875 -21.5 0
      vertex -17.87205601945308 -21.589929302691445 0
    endloop
  endfacet
  facet normal 0 0 -1
    outer loop
      vertex -22.32842712474619 -22.17157287525381 0
      vertex -17.87205601945308 -21.410070697308555 0
      vertex -17.875 -21.5 0
    endloop
  endfacet
  facet normal 0 0 -1
    outer loop
      vertex -22.32842712474619 -22.17157287525381 0
      vertex -17.86323668438899 -21.320526485697428 0
      vertex -17.87205601945308 -21.410070697308555 0
    endloop
  endfacet
  facet normal 0 0 -1
    outer loop
      vertex -21.5 -28.464101615137753 0
      vertex -17.406600495762596 -22.533779735283595 0
      vertex -17.33704696488699 -22.590860842900447 0
    endloop
  endfacet
  facet normal 0 0 -1
    outer loop
      vertex -21.5 -28.464101615137753 0
      vertex -17.33704696488699 -22.590860842900447 0
      vertex -17.263909070401954 -22.643270716916 0
    endloop
  endfacet
  facet normal 0 0 -1
    outer loop
      vertex -21.269154760876006 -28.58749096613075 0
      vertex -17.263909070401954 -22.643270716916 0
      vertex -17.1875 -22.690784930203602 0
    endloop
  endfacet
  facet normal 0 0 -1
    outer loop
      vertex -21.269154760876006 -28.58749096613075 0
      vertex -17.1875 -22.690784930203602 0
      vertex -17.108146949051125 -22.733200019607445 0
    endloop
  endfacet
  facet normal 0 0 -1
    outer loop
      vertex -21.269154760876006 -28.58749096613075 0
      vertex -17.108146949051125 -22.733200019607445 0
      vertex -17.026189719502 -22.77033435720302 0
    endloop
  endfacet
  facet normal 0 0 -1
    outer loop
      vertex -21.03073372946036 -28.695518130045148 0
      vertex -17.026189719502 -22.77033435720302 0
      vertex -16.941979264791847 -22.80202892805577 0
    endloop
  endfacet
  facet normal 0 0 -1
    outer loop
      vertex -21.03073372946036 -28.695518130045148 0
      vertex -16.941979264791847 -22.80202892805577 0
      vertex -16.855876187015966 -22.82814801114747 0
    endloop
  endfacet
  facet normal 0 0 -1
    outer loop
      vertex -20.785757861212645 -28.78772051798042 0
      vertex -16.855876187015966 -22.82814801114747 0
      vertex -16.768249192772178 -22.848579760554443 0
    endloop
  endfacet
  facet normal 0 0 -1
    outer loop
      vertex -20.785757861212645 -28.78772051798042 0
      vertex -16.768249192772178 -22.848579760554443 0
      vertex -16.679473514302572 -22.86323668438899 0
    endloop
  endfacet
  facet normal 0 0 -1
    outer loop
      vertex -20.785757861212645 -28.78772051798042 0
      vertex -16.679473514302572 -22.86323668438899 0
      vertex -16.589929302691445 -22.87205601945308 0
    endloop
  endfacet
  facet normal 0 0 -1
    outer loop
      vertex -20.535276180410083 -28.863703305156275 0
      vertex -16.589929302691445 -22.87205601945308 0
      vertex -16.5 -22.875 0
    endloop
  endfacet
  facet normal 0 0 -1
    outer loop
      vertex -20.535276180410083 -28.863703305156275 0
      vertex -16.5 -22.875 0
      vertex -16.410070697308555 -22.87205601945308 0
    endloop
  endfacet
  facet normal 0 0 -1
    outer loop
      vertex -20.535276180410083 -28.863703305156275 0
      vertex -16.410070697308555 -22.87205601945308 0
      vertex -16.320526485697428 -22.86323668438899 0
    endloop
  endfacet
  facet normal 0 0 -1
    outer loop
      vertex -20.280361288064512 -28.92314112161292 0
      vertex -16.320526485697428 -22.86323668438899 0
      vertex -16.231750807227822 -22.848579760554443 0
    endloop
  endfacet
  facet normal 0 0 -1
    outer loop
      vertex -20.280361288064512 -28.92314112161292 0
      vertex -16.231750807227822 -22.848579760554443 0
      vertex -16.144123812984034 -22.82814801114747 0
    endloop
  endfacet
  facet normal 0 0 -1
    outer loop
      vertex -20.280361288064512 -28.92314112161292 0
      vertex -16.144123812984034 -22.82814801114747 0
      vertex -16.058020735208153 -22.80202892805577 0
    endloop
  endfacet
  facet normal 0 0 -1
    outer loop
      vertex -20.280361288064512 -28.92314112161292 0
      vertex -16.058020735208153 -22.80202892805577 0
      vertex -15.973810280498002 -22.77033435720302 0
    endloop
  endfacet
  facet normal 0 0 -1
    outer loop
      vertex -20.022104768880205 -28.96577944549524 0
      vertex -15.973810280498002 -22.77033435720302 0
      vertex -15.891853050948873 -22.733200019607445 0
    endloop
  endfacet
  facet normal 0 0 -1
    outer loop
      vertex -20.022104768880205 -28.96577944549524 0
      vertex -15.891853050948873 -22.733200019607445 0
      vertex -15.8125 -22.690784930203602 0
    endloop
  endfacet
  facet normal 0 0 -1
    outer loop
      vertex -20.022104768880205 -28.96577944549524 0
      vertex -15.8125 -22.690784930203602 0
      vertex -15.736090929598047 -22.643270716916 0
    endloop
  endfacet
  facet normal 0 0 -1
    outer loop
      vertex -20.022104768880205 -28.96577944549524 0
      vertex -15.736090929598047 -22.643270716916 0
      vertex -15.66295303511301 -22.590860842900447 0
    endloop
  endfacet
  facet normal 0 0 -1
    outer loop
      vertex -20.022104768880205 -28.96577944549524 0
      vertex -15.66295303511301 -22.590860842900447 0
      vertex -15.593399504237405 -22.533779735283595 0
    endloop
  endfacet
  facet normal 0 0 -1
    outer loop
      vertex -20.022104768880205 -28.96577944549524 0
      vertex -15.593399504237405 -22.533779735283595 0
      vertex -15.527728175868496 -22.472271824131504 0
    endloop
  endfacet
  facet normal 0 0 -1
    outer loop
      vertex -19.76161251692057 -28.991435692954415 0
      vertex -15.527728175868496 -22.472271824131504 0
      vertex -15.466220264716405 -22.406600495762596 0
    endloop
  endfacet
  facet normal 0 0 -1
    outer loop
      vertex -19.76161251692057 -28.991435692954415 0
      vertex -15.466220264716405 -22.406600495762596 0
      vertex -15.409139157099553 -22.33704696488699 0
    endloop
  endfacet
  facet normal 0 0 -1
    outer loop
      vertex -19.76161251692057 -28.991435692954415 0
      vertex -15.409139157099553 -22.33704696488699 0
      vertex -15.356729283084 -22.263909070401954 0
    endloop
  endfacet
  facet normal 0 0 -1
    outer loop
      vertex -19.76161251692057 -28.991435692954415 0
      vertex -9.033779735283595 -13.406600495762595 0
      vertex -19.5 -29 0
    endloop
  endfacet
  facet normal 0 0 -1
    outer loop
      vertex -22.32842712474619 -22.17157287525381 0
      vertex -17.848579760554443 -21.231750807227822 0
      vertex -17.86323668438899 -21.320526485697428 0
    endloop
  endfacet
  facet normal 0 0 -1
    outer loop
      vertex -22.32842712474619 -22.17157287525381 0
      vertex -17.82814801114747 -21.144123812984034 0
      vertex -17.848579760554443 -21.231750807227822 0
    endloop
  endfacet
  facet normal 0 0 -1
    outer loop
      vertex -22.32842712474619 -22.17157287525381 0
      vertex -17.80202892805577 -21.058020735208153 0
      vertex -17.82814801114747 -21.144123812984034 0
    endloop
  endfacet
  facet normal 0 0 -1
    outer loop
      vertex -22.32842712474619 -22.17157287525381 0
      vertex -17.77033435720302 -20.973810280498 0
      vertex -17.80202892805577 -21.058020735208153 0
    endloop
  endfacet
  facet normal 0 0 -1
    outer loop
      vertex -22.32842712474619 -22.17157287525381 0
      vertex -17.733200019607445 -20.891853050948875 0
      vertex -17.77033435720302 -20.973810280498 0
    endloop
  endfacet
  facet normal 0 0 -1
    outer loop
      vertex -22.32842712474619 -22.17157287525381 0
      vertex -17.690784930203602 -20.8125 0
      vertex -17.733200019607445 -20.891853050948875 0
    endloop
  endfacet
  facet normal 0 0 -1
    outer loop
      vertex -22.32842712474619 -22.17157287525381 0
      vertex -17.643270716916 -20.736090929598046 0
      vertex -17.690784930203602 -20.8125 0
    endloop
  endfacet
  facet normal 0 0 -1
    outer loop
      vertex -22.32842712474619 -22.17157287525381 0
      vertex -17.590860842900447 -20.66295303511301 0
      vertex -17.643270716916 -20.736090929598046 0
    endloop
  endfacet
  facet normal -0.8128466845916152 -0.5824776968678022 0
    outer loop
      vertex -22.82587844921018 -27.22228093207841 0
      vertex -22.67341336116494 -27.43504571603488 0
      vertex -22.82587844921018 -27.22228093207841 3.5
    endloop
  endfacet
  facet normal -0.7730104533627424 -0.6343932841636389 0
    outer loop
      vertex -22.67341336116494 -27.43504571603488 0
      vertex -22.50735922991591 -27.637383260400277 0
      vertex -22.67341336116494 -27.43504571603488 3.5
    endloop
  endfacet
  facet normal -0.8819212643483555 -0.47139673682599653 0
    outer loop
      vertex -23.08749096613075 -26.769154760876006 0
      vertex -22.964101615137753 -27 0
      vertex -23.08749096613075 -26.769154760876006 3.5
    endloop
  endfacet
  facet normal -0.9108638249211729 -0.41270702980440127 0
    outer loop
      vertex -23.08749096613075 -26.769154760876006 0
      vertex -23.195518130045148 -26.53073372946036 3.5
      vertex -23.195518130045148 -26.53073372946036 0
    endloop
  endfacet
  facet normal -0.9359059267573289 -0.3522500479212252 0
    outer loop
      vertex -23.28772051798042 -26.285757861212645 0
      vertex -23.195518130045148 -26.53073372946036 0
      vertex -23.28772051798042 -26.285757861212645 3.5
    endloop
  endfacet
  facet normal -0.9738769792773352 -0.22707626303436682 0
    outer loop
      vertex -23.42314112161292 -25.780361288064512 0
      vertex -23.363703305156275 -26.035276180410083 0
      vertex -23.42314112161292 -25.780361288064512 3.5
    endloop
  endfacet
  facet normal -0.9569403357322055 -0.2902846772544735 0
    outer loop
      vertex -23.28772051798042 -26.285757861212645 0
      vertex -23.363703305156275 -26.035276180410083 3.5
      vertex -23.363703305156275 -26.035276180410083 0
    endloop
  endfacet
  facet normal -0.9866433320848799 -0.1628954733945832 0
    outer loop
      vertex -23.42314112161292 -25.780361288064512 0
      vertex -23.46577944549524 -25.522104768880205 3.5
      vertex -23.46577944549524 -25.522104768880205 0
    endloop
  endfacet
  facet normal -0.9951847266721959 -0.09801714032956947 0
    outer loop
      vertex -23.46577944549524 -25.522104768880205 0
      vertex -23.491435692954415 -25.26161251692057 3.5
      vertex -23.491435692954415 -25.26161251692057 0
    endloop
  endfacet
  facet normal -0.8492021815265782 -0.528067850650369 0
    outer loop
      vertex -22.82587844921018 -27.22228093207841 0
      vertex -22.964101615137753 -27 3.5
      vertex -22.964101615137753 -27 0
    endloop
  endfacet
  facet normal -0.7298640726978384 -0.6835923020228684 0
    outer loop
      vertex -22.50735922991591 -27.637383260400277 0
      vertex -22.32842712474619 -27.82842712474619 0
      vertex -22.50735922991591 -27.637383260400277 3.5
    endloop
  endfacet
  facet normal -0.6835923020228684 -0.7298640726978384 0
    outer loop
      vertex -22.32842712474619 -27.82842712474619 0
      vertex -22.137383260400277 -28.00735922991591 0
      vertex -22.32842712474619 -27.82842712474619 3.5
    endloop
  endfacet
  facet normal -0.5824776968678022 -0.8128466845916152 0
    outer loop
      vertex -21.93504571603488 -28.17341336116494 0
      vertex -21.72228093207841 -28.32587844921018 0
      vertex -21.93504571603488 -28.17341336116494 3.5
    endloop
  endfacet
  facet normal -0.528067850650369 -0.8492021815265782 0
    outer loop
      vertex -21.72228093207841 -28.32587844921018 0
      vertex -21.5 -28.464101615137753 0
      vertex -21.72228093207841 -28.32587844921018 3.5
    endloop
  endfacet
  facet normal -0.6343932841636389 -0.7730104533627424 0
    outer loop
      vertex -22.137383260400277 -28.00735922991591 0
      vertex -21.93504571603488 -28.17341336116494 0
      vertex -22.137383260400277 -28.00735922991591 3.5
    endloop
  endfacet
  facet normal -0.9994645874763658 -0.03271908282177326 0
    outer loop
      vertex -23.491435692954415 -25.26161251692057 0
      vertex -23.5 -25 3.5
      vertex -23.5 -25 0
    endloop
  endfacet
  facet normal -0.9994645874763658 0.03271908282177326 0
    outer loop
      vertex -23.5 -25 0
      vertex -23.491435692954415 -24.73838748307943 3.5
      vertex -23.491435692954415 -24.73838748307943 0
    endloop
  endfacet
  facet normal -0.9951847266721959 0.09801714032956947 0
    outer loop
      vertex -23.491435692954415 -24.73838748307943 0
      vertex -23.46577944549524 -24.477895231119795 3.5
      vertex -23.46577944549524 -24.477895231119795 0
    endloop
  endfacet
  facet normal -0.9866433320848799 0.1628954733945832 0
    outer loop
      vertex -23.46577944549524 -24.477895231119795 0
      vertex -23.42314112161292 -24.219638711935488 3.5
      vertex -23.42314112161292 -24.219638711935488 0
    endloop
  endfacet
  facet normal -0.9738769792773352 0.22707626303436682 0
    outer loop
      vertex -23.42314112161292 -24.219638711935488 0
      vertex -23.363703305156275 -23.964723819589917 3.5
      vertex -23.363703305156275 -23.964723819589917 0
    endloop
  endfacet
  facet normal -0.9569403357322055 0.2902846772544735 0
    outer loop
      vertex -23.363703305156275 -23.964723819589917 0
      vertex -23.28772051798042 -23.714242138787355 3.5
      vertex -23.28772051798042 -23.714242138787355 0
    endloop
  endfacet
  facet normal -0.9359059267573289 0.3522500479212252 0
    outer loop
      vertex -23.28772051798042 -23.714242138787355 0
      vertex -23.195518130045148 -23.46926627053964 3.5
      vertex -23.195518130045148 -23.46926627053964 0
    endloop
  endfacet
  facet normal -0.9108638249211729 0.41270702980440127 0
    outer loop
      vertex -23.195518130045148 -23.46926627053964 0
      vertex -23.08749096613075 -23.230845239123994 3.5
      vertex -23.08749096613075 -23.230845239123994 0
    endloop
  endfacet
  facet normal -0.8819212643483555 0.47139673682599653 0
    outer loop
      vertex -23.08749096613075 -23.230845239123994 0
      vertex -22.964101615137753 -23 3.5
      vertex -22.964101615137753 -23 0
    endloop
  endfacet
  facet normal -0.8492021815265782 0.528067850650369 0
    outer loop
      vertex -22.964101615137753 -23 0
      vertex -22.82587844921018 -22.77771906792159 3.5
      vertex -22.82587844921018 -22.77771906792159 0
    endloop
  endfacet
  facet normal -0.8128466845916152 0.5824776968678022 0
    outer loop
      vertex -22.82587844921018 -22.77771906792159 0
      vertex -22.67341336116494 -22.56495428396512 3.5
      vertex -22.67341336116494 -22.56495428396512 0
    endloop
  endfacet
  facet normal -0.7730104533627424 0.6343932841636389 0
    outer loop
      vertex -22.67341336116494 -22.56495428396512 0
      vertex -22.50735922991591 -22.362616739599723 3.5
      vertex -22.50735922991591 -22.362616739599723 0
    endloop
  endfacet
  facet normal -0.7298640726978384 0.6835923020228684 0
    outer loop
      vertex -22.50735922991591 -22.362616739599723 0
      vertex -22.32842712474619 -22.17157287525381 3.5
      vertex -22.32842712474619 -22.17157287525381 0
    endloop
  endfacet
  facet normal -0.47139673682599653 -0.8819212643483555 0
    outer loop
      vertex -21.5 -28.464101615137753 0
      vertex -21.269154760876006 -28.58749096613075 0
      vertex -21.5 -28.464101615137753 3.5
    endloop
  endfacet
  facet normal -0.41270702980440127 -0.9108638249211729 0
    outer loop
      vertex -21.269154760876006 -28.58749096613075 0
      vertex -21.03073372946036 -28.695518130045148 0
      vertex -21.269154760876006 -28.58749096613075 3.5
    endloop
  endfacet
  facet normal -0.3522500479212252 -0.9359059267573289 0
    outer loop
      vertex -21.03073372946036 -28.695518130045148 0
      vertex -20.785757861212645 -28.78772051798042 0
      vertex -21.03073372946036 -28.695518130045148 3.5
    endloop
  endfacet
  facet normal -0.2902846772544735 -0.9569403357322055 0
    outer loop
      vertex -20.785757861212645 -28.78772051798042 0
      vertex -20.535276180410083 -28.863703305156275 0
      vertex -20.785757861212645 -28.78772051798042 3.5
    endloop
  endfacet
  facet normal -0.22707626303436682 -0.9738769792773352 0
    outer loop
      vertex -20.535276180410083 -28.863703305156275 0
      vertex -20.280361288064512 -28.92314112161292 0
      vertex -20.535276180410083 -28.863703305156275 3.5
    endloop
  endfacet
  facet normal -0.1628954733945832 -0.9866433320848799 0
    outer loop
      vertex -20.280361288064512 -28.92314112161292 0
      vertex -20.022104768880205 -28.96577944549524 0
      vertex -20.280361288064512 -28.92314112161292 3.5
    endloop
  endfacet
  facet normal -0.09801714032956947 -0.9951847266721959 0
    outer loop
      vertex -20.022104768880205 -28.96577944549524 0
      vertex -19.76161251692057 -28.991435692954415 0
      vertex -20.022104768880205 -28.96577944549524 3.5
    endloop
  endfacet
  facet normal -0.03271908282177326 -0.9994645874763658 0
    outer loop
      vertex -19.76161251692057 -28.991435692954415 0
      vertex -19.5 -29 0
      vertex -19.76161251692057 -28.991435692954415 3.5
    endloop
  endfacet
  facet normal 0.03271908282177326 -0.9994645874763658 0
    outer loop
      vertex -19.5 -29 0
      vertex -19.23838748307943 -28.991435692954415 0
      vertex -19.5 -29 3.5
    endloop
  endfacet
  facet normal 0.09801714032956947 -0.9951847266721959 0
    outer loop
      vertex -19.23838748307943 -28.991435692954415 0
      vertex -18.977895231119795 -28.96577944549524 0
      vertex -19.23838748307943 -28.991435692954415 3.5
    endloop
  endfacet
  facet normal 0.1628954733945832 -0.9866433320848799 0
    outer loop
      vertex -18.977895231119795 -28.96577944549524 0
      vertex -18.719638711935488 -28.92314112161292 0
      vertex -18.977895231119795 -28.96577944549524 3.5
    endloop
  endfacet
  facet normal 0.22707626303436682 -0.9738769792773352 0
    outer loop
      vertex -18.719638711935488 -28.92314112161292 0
      vertex -18.464723819589917 -28.863703305156275 0
      vertex -18.719638711935488 -28.92314112161292 3.5
    endloop
  endfacet
  facet normal 0.2902846772544735 -0.9569403357322055 0
    outer loop
      vertex -18.464723819589917 -28.863703305156275 0
      vertex -18.214242138787355 -28.78772051798042 0
      vertex -18.464723819589917 -28.863703305156275 3.5
    endloop
  endfacet
  facet normal 0.3522500479212252 -0.9359059267573289 0
    outer loop
      vertex -18.214242138787355 -28.78772051798042 0
      vertex -17.96926627053964 -28.695518130045148 0
      vertex -18.214242138787355 -28.78772051798042 3.5
    endloop
  endfacet
  facet normal 0.41270702980440127 -0.9108638249211729 0
    outer loop
      vertex -17.96926627053964 -28.695518130045148 0
      vertex -17.730845239123994 -28.58749096613075 0
      vertex -17.96926627053964 -28.695518130045148 3.5
    endloop
  endfacet
  facet normal 0.47139673682599653 -0.8819212643483555 0
    outer loop
      vertex -17.730845239123994 -28.58749096613075 0
      vertex -17.5 -28.464101615137753 0
      vertex -17.730845239123994 -28.58749096613075 3.5
    endloop
  endfacet
  facet normal 0.528067850650369 -0.8492021815265782 0
    outer loop
      vertex -17.5 -28.464101615137753 0
      vertex -17.27771906792159 -28.32587844921018 0
      vertex -17.5 -28.464101615137753 3.5
    endloop
  endfacet
  facet normal 0.5824776968678022 -0.8128466845916152 0
    outer loop
      vertex -17.27771906792159 -28.32587844921018 0
      vertex -17.06495428396512 -28.17341336116494 0
      vertex -17.27771906792159 -28.32587844921018 3.5
    endloop
  endfacet
  facet normal 0.6343932841636389 -0.7730104533627424 0
    outer loop
      vertex -17.06495428396512 -28.17341336116494 0
      vertex -16.862616739599723 -28.00735922991591 0
      vertex -17.06495428396512 -28.17341336116494 3.5
    endloop
  endfacet
  facet normal 0.6835923020228684 -0.7298640726978384 0
    outer loop
      vertex -16.862616739599723 -28.00735922991591 0
      vertex -16.67157287525381 -27.82842712474619 0
      vertex -16.862616739599723 -28.00735922991591 3.5
    endloop
  endfacet
  facet normal 0.7298640726978384 -0.6835923020228684 0
    outer loop
      vertex -16.67157287525381 -27.82842712474619 0
      vertex -16.49264077008409 -27.637383260400277 0
      vertex -16.67157287525381 -27.82842712474619 3.5
    endloop
  endfacet
  facet normal -0.7029695617306667 0.711219934535158 0
    outer loop
      vertex -22.32842712474619 -22.17157287525381 0
      vertex -22.32842712474619 -22.17157287525381 3.5
      vertex -4.570819984313456 -4.619959509615957 0
    endloop
  endfacet
  facet normal 0 0 -1
    outer loop
      vertex -19.5 -29 0
      vertex -8.83704696488699 -13.590860842900447 0
      vertex -19.23838748307943 -28.991435692954415 0
    endloop
  endfacet
  facet normal 0 0 -1
    outer loop
      vertex -19.23838748307943 -28.991435692954415 0
      vertex -8.6875 -13.690784930203604 0
      vertex -18.977895231119795 -28.96577944549524 0
    endloop
  endfacet
  facet normal 0 0 -1
    outer loop
      vertex -18.977895231119795 -28.96577944549524 0
      vertex -8.526189719501998 -13.77033435720302 0
      vertex -18.719638711935488 -28.92314112161292 0
    endloop
  endfacet
  facet normal 0 0 -1
    outer loop
      vertex -18.719638711935488 -28.92314112161292 0
      vertex -8.355876187015966 -13.82814801114747 0
      vertex -18.464723819589917 -28.863703305156275 0
    endloop
  endfacet
  facet normal 0 0 -1
    outer loop
      vertex -18.464723819589917 -28.863703305156275 0
      vertex -8.089929302691447 -13.87205601945308 0
      vertex -18.214242138787355 -28.78772051798042 0
    endloop
  endfacet
  facet normal 0 0 -1
    outer loop
      vertex -18.214242138787355 -28.78772051798042 0
      vertex -7.910070697308553 -13.87205601945308 0
      vertex -17.96926627053964 -28.695518130045148 0
    endloop
  endfacet
  facet normal 0 0 -1
    outer loop
      vertex -17.96926627053964 -28.695518130045148 0
      vertex -7.644123812984034 -13.82814801114747 0
      vertex -17.730845239123994 -28.58749096613075 0
    endloop
  endfacet
  facet normal 0 0 -1
    outer loop
      vertex -17.730845239123994 -28.58749096613075 0
      vertex -7.3125 -13.690784930203604 0
      vertex -17.5 -28.464101615137753 0
    endloop
  endfacet
  facet normal 0 0 -1
    outer loop
      vertex -19.76161251692057 -28.991435692954415 0
      vertex -15.356729283084 -22.263909070401954 0
      vertex -9.090860842900447 -13.33704696488699 0
    endloop
  endfacet
  facet normal 0 0 -1
    outer loop
      vertex -22.32842712474619 -22.17157287525381 0
      vertex -4.570819984313456 -4.619959509615957 0
      vertex -17.590860842900447 -20.66295303511301 0
    endloop
  endfacet
  facet normal 0 0 -1
    outer loop
      vertex -15.356729283084 -22.263909070401954 0
      vertex -15.309215069796396 -22.1875 0
      vertex -9.090860842900447 -13.33704696488699 0
    endloop
  endfacet
  facet normal 0 0 -1
    outer loop
      vertex -15.309215069796396 -22.1875 0
      vertex -15.266799980392554 -22.108146949051125 0
      vertex -9.090860842900447 -13.33704696488699 0
    endloop
  endfacet
  facet normal 0 0 -1
    outer loop
      vertex -15.266799980392554 -22.108146949051125 0
      vertex -15.22966564279698 -22.026189719502 0
      vertex -9.090860842900447 -13.33704696488699 0
    endloop
  endfacet
  facet normal 0 0 -1
    outer loop
      vertex -15.12794398054692 -21.410070697308555 0
      vertex -15.136763315611011 -21.320526485697428 0
      vertex -9.30202892805577 -12.941979264791847 0
    endloop
  endfacet
  facet normal 0 0 -1
    outer loop
      vertex -15.151420239445558 -21.231750807227822 0
      vertex -9.30202892805577 -12.941979264791847 0
      vertex -15.136763315611011 -21.320526485697428 0
    endloop
  endfacet
  facet normal 0 0 -1
    outer loop
      vertex -15.17185198885253 -21.144123812984034 0
      vertex -15.19797107194423 -21.058020735208153 0
      vertex -9.32814801114747 -12.855876187015966 0
    endloop
  endfacet
  facet normal 0 0 -1
    outer loop
      vertex -15.151420239445558 -21.231750807227822 0
      vertex -15.17185198885253 -21.144123812984034 0
      vertex -9.30202892805577 -12.941979264791847 0
    endloop
  endfacet
  facet normal 0 0 -1
    outer loop
      vertex -15.309215069796396 -20.8125 0
      vertex -9.37205601945308 -12.589929302691447 0
      vertex -15.266799980392554 -20.891853050948875 0
    endloop
  endfacet
  facet normal 0 0 -1
    outer loop
      vertex -15.409139157099553 -20.66295303511301 0
      vertex -9.375 -12.5 0
      vertex -15.356729283084 -20.736090929598046 0
    endloop
  endfacet
  facet normal 0 0 -1
    outer loop
      vertex -15.356729283084 -20.736090929598046 0
      vertex -9.375 -12.5 0
      vertex -15.309215069796396 -20.8125 0
    endloop
  endfacet
  facet normal 0 0 -1
    outer loop
      vertex -15.19797107194423 -21.058020735208153 0
      vertex -15.22966564279698 -20.973810280498 0
      vertex -9.348579760554442 -12.768249192772176 0
    endloop
  endfacet
  facet normal 0 0 -1
    outer loop
      vertex -15.266799980392554 -20.891853050948875 0
      vertex -9.348579760554442 -12.768249192772176 0
      vertex -15.22966564279698 -20.973810280498 0
    endloop
  endfacet
  facet normal 0 0 -1
    outer loop
      vertex -15.22966564279698 -22.026189719502 0
      vertex -15.19797107194423 -21.941979264791847 0
      vertex -9.090860842900447 -13.33704696488699 0
    endloop
  endfacet
  facet normal 0 0 -1
    outer loop
      vertex -15.19797107194423 -21.941979264791847 0
      vertex -15.17185198885253 -21.855876187015966 0
      vertex -9.143270716916 -13.263909070401953 0
    endloop
  endfacet
  facet normal 0 0 -1
    outer loop
      vertex -15.17185198885253 -21.855876187015966 0
      vertex -15.151420239445558 -21.768249192772178 0
      vertex -9.190784930203604 -13.1875 0
    endloop
  endfacet
  facet normal 0 0 -1
    outer loop
      vertex -15.151420239445558 -21.768249192772178 0
      vertex -15.136763315611011 -21.679473514302572 0
      vertex -9.190784930203604 -13.1875 0
    endloop
  endfacet
  facet normal 0 0 -1
    outer loop
      vertex -15.136763315611011 -21.679473514302572 0
      vertex -15.12794398054692 -21.589929302691445 0
      vertex -9.190784930203604 -13.1875 0
    endloop
  endfacet
  facet normal 0 0 -1
    outer loop
      vertex -15.12794398054692 -21.589929302691445 0
      vertex -15.125 -21.5 0
      vertex -9.190784930203604 -13.1875 0
    endloop
  endfacet
  facet normal 0 0 -1
    outer loop
      vertex -15.125 -21.5 0
      vertex -15.12794398054692 -21.410070697308555 0
      vertex -9.190784930203604 -13.1875 0
    endloop
  endfacet
  facet normal 0 0 -1
    outer loop
      vertex -19.76161251692057 -28.991435692954415 0
      vertex -9.090860842900447 -13.33704696488699 0
      vertex -9.033779735283595 -13.406600495762595 0
    endloop
  endfacet
  facet normal 0 0 -1
    outer loop
      vertex -19.5 -29 0
      vertex -9.033779735283595 -13.406600495762595 0
      vertex -8.972271824131504 -13.472271824131504 0
    endloop
  endfacet
  facet normal 0 0 -1
    outer loop
      vertex -19.5 -29 0
      vertex -8.972271824131504 -13.472271824131504 0
      vertex -8.906600495762595 -13.533779735283595 0
    endloop
  endfacet
  facet normal 0 0 -1
    outer loop
      vertex -19.5 -29 0
      vertex -8.906600495762595 -13.533779735283595 0
      vertex -8.83704696488699 -13.590860842900447 0
    endloop
  endfacet
  facet normal 0 0 -1
    outer loop
      vertex -19.23838748307943 -28.991435692954415 0
      vertex -8.83704696488699 -13.590860842900447 0
      vertex -8.763909070401953 -13.643270716916 0
    endloop
  endfacet
  facet normal 0 0 -1
    outer loop
      vertex -15.527728175868496 -20.527728175868496 0
      vertex -9.30202892805577 -12.058020735208153 0
      vertex -15.466220264716405 -20.593399504237404 0
    endloop
  endfacet
  facet normal 0 0 -1
    outer loop
      vertex -15.409139157099553 -20.66295303511301 0
      vertex -15.466220264716405 -20.593399504237404 0
      vertex -9.30202892805577 -12.058020735208153 0
    endloop
  endfacet
  facet normal 0 0 -1
    outer loop
      vertex -17.590860842900447 -20.66295303511301 0
      vertex -4.570819984313456 -4.619959509615957 0
      vertex -17.533779735283595 -20.593399504237404 0
    endloop
  endfacet
  facet normal 0 0 -1
    outer loop
      vertex -17.533779735283595 -20.593399504237404 0
      vertex -4.570819984313456 -4.619959509615957 0
      vertex -17.472271824131504 -20.527728175868496 0
    endloop
  endfacet
  facet normal 0 0 -1
    outer loop
      vertex -17.472271824131504 -20.527728175868496 0
      vertex -4.570819984313456 -4.619959509615957 0
      vertex -17.406600495762596 -20.466220264716405 0
    endloop
  endfacet
  facet normal 0 0 -1
    outer loop
      vertex -17.406600495762596 -20.466220264716405 0
      vertex -4.570819984313456 -4.619959509615957 0
      vertex -17.33704696488699 -20.409139157099553 0
    endloop
  endfacet
  facet normal 0 0 -1
    outer loop
      vertex -17.33704696488699 -20.409139157099553 0
      vertex -4.570819984313456 -4.619959509615957 0
      vertex -17.263909070401954 -20.356729283084 0
    endloop
  endfacet
  facet normal 0 0 -1
    outer loop
      vertex -17.263909070401954 -20.356729283084 0
      vertex -4.570819984313456 -4.619959509615957 0
      vertex -17.1875 -20.309215069796398 0
    endloop
  endfacet
  facet normal 0 0 -1
    outer loop
      vertex -17.1875 -20.309215069796398 0
      vertex -4.570819984313456 -4.619959509615957 0
      vertex -17.108146949051125 -20.266799980392555 0
    endloop
  endfacet
  facet normal 0 0 -1
    outer loop
      vertex -17.108146949051125 -20.266799980392555 0
      vertex -4.570819984313456 -4.619959509615957 0
      vertex -17.026189719502 -20.22966564279698 0
    endloop
  endfacet
  facet normal 0 0 -1
    outer loop
      vertex -17.026189719502 -20.22966564279698 0
      vertex -4.570819984313456 -4.619959509615957 0
      vertex -16.941979264791847 -20.19797107194423 0
    endloop
  endfacet
  facet normal 0 0 -1
    outer loop
      vertex -16.941979264791847 -20.19797107194423 0
      vertex -4.570819984313456 -4.619959509615957 0
      vertex -16.855876187015966 -20.17185198885253 0
    endloop
  endfacet
  facet normal 0 0 -1
    outer loop
      vertex -16.855876187015966 -20.17185198885253 0
      vertex -4.570819984313456 -4.619959509615957 0
      vertex -16.768249192772178 -20.151420239445557 0
    endloop
  endfacet
  facet normal 0 0 -1
    outer loop
      vertex -16.768249192772178 -20.151420239445557 0
      vertex -4.570819984313456 -4.619959509615957 0
      vertex -16.679473514302572 -20.13676331561101 0
    endloop
  endfacet
  facet normal 0 0 -1
    outer loop
      vertex -16.679473514302572 -20.13676331561101 0
      vertex -4.570819984313456 -4.619959509615957 0
      vertex -16.589929302691445 -20.12794398054692 0
    endloop
  endfacet
  facet normal 0 0 -1
    outer loop
      vertex -16.589929302691445 -20.12794398054692 0
      vertex -4.570819984313456 -4.619959509615957 0
      vertex -16.5 -20.125 0
    endloop
  endfacet
  facet normal 0 0 -1
    outer loop
      vertex -16.5 -20.125 0
      vertex -4.570819984313456 -4.619959509615957 0
      vertex -16.410070697308555 -20.12794398054692 0
    endloop
  endfacet
  facet normal 0 0 -1
    outer loop
      vertex -16.410070697308555 -20.12794398054692 0
      vertex -4.570819984313456 -4.619959509615957 0
      vertex -16.320526485697428 -20.13676331561101 0
    endloop
  endfacet
  facet normal 0 0 -1
    outer loop
      vertex -16.320526485697428 -20.13676331561101 0
      vertex -4.570819984313456 -4.619959509615957 0
      vertex -16.231750807227822 -20.151420239445557 0
    endloop
  endfacet
  facet normal 0 0 -1
    outer loop
      vertex -16.231750807227822 -20.151420239445557 0
      vertex -4.570819984313456 -4.619959509615957 0
      vertex -16.144123812984034 -20.17185198885253 0
    endloop
  endfacet
  facet normal 0 0 -1
    outer loop
      vertex -16.058020735208153 -20.19797107194423 0
      vertex -16.144123812984034 -20.17185198885253 0
      vertex -4.570819984313456 -4.619959509615957 0
    endloop
  endfacet
  facet normal 0 0 -1
    outer loop
      vertex -17.5 -28.464101615137753 0
      vertex -1.8327279346623713 -6.2328932733553275 0
      vertex -17.27771906792159 -28.32587844921018 0
    endloop
  endfacet
  facet normal 0 0 -1
    outer loop
      vertex -17.27771906792159 -28.32587844921018 0
      vertex -1.620945598498228 -6.292829258634904 0
      vertex -17.06495428396512 -28.17341336116494 0
    endloop
  endfacet
  facet normal 0 0 -1
    outer loop
      vertex -17.06495428396512 -28.17341336116494 0
      vertex -1.3869778237849675 -6.347382892289721 0
      vertex -16.862616739599723 -28.00735922991591 0
    endloop
  endfacet
  facet normal 0 0 -1
    outer loop
      vertex -16.862616739599723 -28.00735922991591 0
      vertex -1.1624367721642694 -6.3925472612030045 0
      vertex -16.67157287525381 -27.82842712474619 0
    endloop
  endfacet
  facet normal 0 0 -1
    outer loop
      vertex -16.67157287525381 -27.82842712474619 0
      vertex -0.9248608585394795 -6.43177120328883 0
      vertex -16.49264077008409 -27.637383260400277 0
    endloop
  endfacet
  facet normal 0 0 -1
    outer loop
      vertex -18.977895231119795 -28.96577944549524 0
      vertex -8.6875 -13.690784930203604 0
      vertex -8.608146949051127 -13.733200019607446 0
    endloop
  endfacet
  facet normal 0 0 -1
    outer loop
      vertex -18.977895231119795 -28.96577944549524 0
      vertex -8.608146949051127 -13.733200019607446 0
      vertex -8.526189719501998 -13.77033435720302 0
    endloop
  endfacet
  facet normal 0 0 -1
    outer loop
      vertex -18.719638711935488 -28.92314112161292 0
      vertex -8.526189719501998 -13.77033435720302 0
      vertex -8.441979264791847 -13.80202892805577 0
    endloop
  endfacet
  facet normal 0 0 -1
    outer loop
      vertex -18.719638711935488 -28.92314112161292 0
      vertex -8.441979264791847 -13.80202892805577 0
      vertex -8.355876187015966 -13.82814801114747 0
    endloop
  endfacet
  facet normal 0 0 -1
    outer loop
      vertex -19.23838748307943 -28.991435692954415 0
      vertex -8.763909070401953 -13.643270716916 0
      vertex -8.6875 -13.690784930203604 0
    endloop
  endfacet
  facet normal 0 0 -1
    outer loop
      vertex -18.464723819589917 -28.863703305156275 0
      vertex -8.355876187015966 -13.82814801114747 0
      vertex -8.268249192772176 -13.848579760554442 0
    endloop
  endfacet
  facet normal 0 0 -1
    outer loop
      vertex -18.464723819589917 -28.863703305156275 0
      vertex -8.268249192772176 -13.848579760554442 0
      vertex -8.17947351430257 -13.863236684388989 0
    endloop
  endfacet
  facet normal 0 0 -1
    outer loop
      vertex -18.464723819589917 -28.863703305156275 0
      vertex -8.17947351430257 -13.863236684388989 0
      vertex -8.089929302691447 -13.87205601945308 0
    endloop
  endfacet
  facet normal 0 0 -1
    outer loop
      vertex -18.214242138787355 -28.78772051798042 0
      vertex -8.089929302691447 -13.87205601945308 0
      vertex -8 -13.875 0
    endloop
  endfacet
  facet normal 0 0 -1
    outer loop
      vertex -18.214242138787355 -28.78772051798042 0
      vertex -8 -13.875 0
      vertex -7.910070697308553 -13.87205601945308 0
    endloop
  endfacet
  facet normal 0 0 -1
    outer loop
      vertex -17.96926627053964 -28.695518130045148 0
      vertex -7.910070697308553 -13.87205601945308 0
      vertex -7.820526485697429 -13.863236684388989 0
    endloop
  endfacet
  facet normal 0 0 -1
    outer loop
      vertex -17.96926627053964 -28.695518130045148 0
      vertex -7.820526485697429 -13.863236684388989 0
      vertex -7.731750807227824 -13.848579760554442 0
    endloop
  endfacet
  facet normal 0 0 -1
    outer loop
      vertex -17.96926627053964 -28.695518130045148 0
      vertex -7.731750807227824 -13.848579760554442 0
      vertex -7.644123812984034 -13.82814801114747 0
    endloop
  endfacet
  facet normal 0 0 -1
    outer loop
      vertex -17.730845239123994 -28.58749096613075 0
      vertex -7.644123812984034 -13.82814801114747 0
      vertex -7.558020735208153 -13.80202892805577 0
    endloop
  endfacet
  facet normal 0 0 -1
    outer loop
      vertex -17.730845239123994 -28.58749096613075 0
      vertex -7.558020735208153 -13.80202892805577 0
      vertex -7.473810280498002 -13.77033435720302 0
    endloop
  endfacet
  facet normal 0 0 -1
    outer loop
      vertex -17.730845239123994 -28.58749096613075 0
      vertex -7.473810280498002 -13.77033435720302 0
      vertex -7.391853050948873 -13.733200019607446 0
    endloop
  endfacet
  facet normal 0 0 -1
    outer loop
      vertex -17.730845239123994 -28.58749096613075 0
      vertex -7.391853050948873 -13.733200019607446 0
      vertex -7.3125 -13.690784930203604 0
    endloop
  endfacet
  facet normal 0 0 -1
    outer loop
      vertex -17.5 -28.464101615137753 0
      vertex -7.3125 -13.690784930203604 0
      vertex -7.236090929598047 -13.643270716916 0
    endloop
  endfacet
  facet normal 0 0 -1
    outer loop
      vertex -17.5 -28.464101615137753 0
      vertex -7.236090929598047 -13.643270716916 0
      vertex -7.162953035113009 -13.590860842900447 0
    endloop
  endfacet
  facet normal 0 0 -1
    outer loop
      vertex -17.5 -28.464101615137753 0
      vertex -7.162953035113009 -13.590860842900447 0
      vertex -7.093399504237405 -13.533779735283595 0
    endloop
  endfacet
  facet normal 0 0 -1
    outer loop
      vertex -17.5 -28.464101615137753 0
      vertex -7.093399504237405 -13.533779735283595 0
      vertex -7.027728175868497 -13.472271824131504 0
    endloop
  endfacet
  facet normal 0 0 -1
    outer loop
      vertex -17.5 -28.464101615137753 0
      vertex -7.027728175868497 -13.472271824131504 0
      vertex -6.966220264716406 -13.406600495762595 0
    endloop
  endfacet
  facet normal 0 0 -1
    outer loop
      vertex -17.5 -28.464101615137753 0
      vertex -6.966220264716406 -13.406600495762595 0
      vertex -6.909139157099552 -13.33704696488699 0
    endloop
  endfacet
  facet normal 0 0 -1
    outer loop
      vertex -17.5 -28.464101615137753 0
      vertex -6.909139157099552 -13.33704696488699 0
      vertex -6.856729283084 -13.263909070401953 0
    endloop
  endfacet
  facet normal 0 0 -1
    outer loop
      vertex -16.058020735208153 -20.19797107194423 0
      vertex -4.356105740740618 -4.821061344233621 0
      vertex -15.973810280498002 -20.22966564279698 0
    endloop
  endfacet
  facet normal 0 0 -1
    outer loop
      vertex -15.973810280498002 -20.22966564279698 0
      vertex -4.356105740740618 -4.821061344233621 0
      vertex -15.891853050948873 -20.266799980392555 0
    endloop
  endfacet
  facet normal 0 0 -1
    outer loop
      vertex -15.891853050948873 -20.266799980392555 0
      vertex -4.356105740740618 -4.821061344233621 0
      vertex -15.8125 -20.309215069796398 0
    endloop
  endfacet
  facet normal 0 0 -1
    outer loop
      vertex -15.8125 -20.309215069796398 0
      vertex -4.356105740740618 -4.821061344233621 0
      vertex -15.736090929598047 -20.356729283084 0
    endloop
  endfacet
  facet normal 0 0 -1
    outer loop
      vertex -15.736090929598047 -20.356729283084 0
      vertex -4.356105740740618 -4.821061344233621 0
      vertex -15.66295303511301 -20.409139157099553 0
    endloop
  endfacet
  facet normal 0 0 -1
    outer loop
      vertex -15.66295303511301 -20.409139157099553 0
      vertex -4.356105740740618 -4.821061344233621 0
      vertex -15.593399504237405 -20.466220264716405 0
    endloop
  endfacet
  facet normal 0 0 -1
    outer loop
      vertex -15.593399504237405 -20.466220264716405 0
      vertex -4.356105740740618 -4.821061344233621 0
      vertex -15.527728175868496 -20.527728175868496 0
    endloop
  endfacet
  facet normal 0 0 -1
    outer loop
      vertex -15.266799980392554 -20.891853050948875 0
      vertex -9.363236684388989 -12.67947351430257 0
      vertex -9.348579760554442 -12.768249192772176 0
    endloop
  endfacet
  facet normal 0 0 -1
    outer loop
      vertex -15.266799980392554 -20.891853050948875 0
      vertex -9.37205601945308 -12.589929302691447 0
      vertex -9.363236684388989 -12.67947351430257 0
    endloop
  endfacet
  facet normal 0 0 -1
    outer loop
      vertex -15.409139157099553 -20.66295303511301 0
      vertex -9.37205601945308 -12.410070697308553 0
      vertex -9.375 -12.5 0
    endloop
  endfacet
  facet normal 0 0 -1
    outer loop
      vertex -15.409139157099553 -20.66295303511301 0
      vertex -9.363236684388989 -12.32052648569743 0
      vertex -9.37205601945308 -12.410070697308553 0
    endloop
  endfacet
  facet normal 0 0 -1
    outer loop
      vertex -15.309215069796396 -20.8125 0
      vertex -9.375 -12.5 0
      vertex -9.37205601945308 -12.589929302691447 0
    endloop
  endfacet
  facet normal 0 0 -1
    outer loop
      vertex -15.409139157099553 -20.66295303511301 0
      vertex -9.348579760554442 -12.231750807227824 0
      vertex -9.363236684388989 -12.32052648569743 0
    endloop
  endfacet
  facet normal 0 0 -1
    outer loop
      vertex -15.409139157099553 -20.66295303511301 0
      vertex -9.32814801114747 -12.144123812984034 0
      vertex -9.348579760554442 -12.231750807227824 0
    endloop
  endfacet
  facet normal 0 0 -1
    outer loop
      vertex -15.409139157099553 -20.66295303511301 0
      vertex -9.30202892805577 -12.058020735208153 0
      vertex -9.32814801114747 -12.144123812984034 0
    endloop
  endfacet
  facet normal 0 0 -1
    outer loop
      vertex -15.527728175868496 -20.527728175868496 0
      vertex -9.27033435720302 -11.973810280498002 0
      vertex -9.30202892805577 -12.058020735208153 0
    endloop
  endfacet
  facet normal 0 0 -1
    outer loop
      vertex -15.527728175868496 -20.527728175868496 0
      vertex -9.233200019607446 -11.891853050948873 0
      vertex -9.27033435720302 -11.973810280498002 0
    endloop
  endfacet
  facet normal 0 0 -1
    outer loop
      vertex -15.527728175868496 -20.527728175868496 0
      vertex -9.190784930203604 -11.8125 0
      vertex -9.233200019607446 -11.891853050948873 0
    endloop
  endfacet
  facet normal 0 0 -1
    outer loop
      vertex -15.19797107194423 -21.941979264791847 0
      vertex -9.143270716916 -13.263909070401953 0
      vertex -9.090860842900447 -13.33704696488699 0
    endloop
  endfacet
  facet normal 0 0 -1
    outer loop
      vertex -15.17185198885253 -21.855876187015966 0
      vertex -9.190784930203604 -13.1875 0
      vertex -9.143270716916 -13.263909070401953 0
    endloop
  endfacet
  facet normal 0 0 -1
    outer loop
      vertex -15.12794398054692 -21.410070697308555 0
      vertex -9.30202892805577 -12.941979264791847 0
      vertex -9.27033435720302 -13.026189719501998 0
    endloop
  endfacet
  facet normal 0 0 -1
    outer loop
      vertex -15.12794398054692 -21.410070697308555 0
      vertex -9.27033435720302 -13.026189719501998 0
      vertex -9.233200019607446 -13.108146949051127 0
    endloop
  endfacet
  facet normal 0 0 -1
    outer loop
      vertex -15.19797107194423 -21.058020735208153 0
      vertex -9.348579760554442 -12.768249192772176 0
      vertex -9.32814801114747 -12.855876187015966 0
    endloop
  endfacet
  facet normal 0 0 -1
    outer loop
      vertex -15.17185198885253 -21.144123812984034 0
      vertex -9.32814801114747 -12.855876187015966 0
      vertex -9.30202892805577 -12.941979264791847 0
    endloop
  endfacet
  facet normal 0 0 -1
    outer loop
      vertex -15.12794398054692 -21.410070697308555 0
      vertex -9.233200019607446 -13.108146949051127 0
      vertex -9.190784930203604 -13.1875 0
    endloop
  endfacet
  facet normal 0 0 -1
    outer loop
      vertex -15.527728175868496 -20.527728175868496 0
      vertex -9.143270716916 -11.736090929598047 0
      vertex -9.190784930203604 -11.8125 0
    endloop
  endfacet
  facet normal 0 0 -1
    outer loop
      vertex -17.5 -28.464101615137753 0
      vertex -6.856729283084 -13.263909070401953 0
      vertex -1.8327279346623713 -6.2328932733553275 0
    endloop
  endfacet
  facet normal 0.7307293514709616 -0.6826672797921605 0
    outer loop
      vertex -16.49264077008409 -27.637383260400277 0
      vertex 0.6314393261764208 -9.30771035285024 0
      vertex -16.49264077008409 -27.637383260400277 3.5
    endloop
  endfacet
  facet normal 0 0 -1
    outer loop
      vertex -15.527728175868496 -20.527728175868496 0
      vertex -4.285583318985902 -4.887093733175229 0
      vertex -9.143270716916 -11.736090929598047 0
    endloop
  endfacet
  facet normal -0.8492021815265782 -0.528067850650369 0
    outer loop
      vertex -22.82587844921018 -27.22228093207841 0
      vertex -22.82587844921018 -27.22228093207841 3.5
      vertex -22.964101615137753 -27 3.5
    endloop
  endfacet
  facet normal -0.8128466845916152 -0.5824776968678022 0
    outer loop
      vertex -22.67341336116494 -27.43504571603488 0
      vertex -22.67341336116494 -27.43504571603488 3.5
      vertex -22.82587844921018 -27.22228093207841 3.5
    endloop
  endfacet
  facet normal -0.7730104533627424 -0.6343932841636389 0
    outer loop
      vertex -22.50735922991591 -27.637383260400277 0
      vertex -22.50735922991591 -27.637383260400277 3.5
      vertex -22.67341336116494 -27.43504571603488 3.5
    endloop
  endfacet
  facet normal -0.9108638249211729 -0.41270702980440127 0
    outer loop
      vertex -23.08749096613075 -26.769154760876006 0
      vertex -23.08749096613075 -26.769154760876006 3.5
      vertex -23.195518130045148 -26.53073372946036 3.5
    endloop
  endfacet
  facet normal -0.9359059267573289 -0.3522500479212252 0
    outer loop
      vertex -23.195518130045148 -26.53073372946036 0
      vertex -23.195518130045148 -26.53073372946036 3.5
      vertex -23.28772051798042 -26.285757861212645 3.5
    endloop
  endfacet
  facet normal -0.9738769792773352 -0.22707626303436682 0
    outer loop
      vertex -23.363703305156275 -26.035276180410083 0
      vertex -23.363703305156275 -26.035276180410083 3.5
      vertex -23.42314112161292 -25.780361288064512 3.5
    endloop
  endfacet
  facet normal -0.9569403357322055 -0.2902846772544735 0
    outer loop
      vertex -23.28772051798042 -26.285757861212645 0
      vertex -23.28772051798042 -26.285757861212645 3.5
      vertex -23.363703305156275 -26.035276180410083 3.5
    endloop
  endfacet
  facet normal -0.9866433320848799 -0.1628954733945832 0
    outer loop
      vertex -23.42314112161292 -25.780361288064512 0
      vertex -23.42314112161292 -25.780361288064512 3.5
      vertex -23.46577944549524 -25.522104768880205 3.5
    endloop
  endfacet
  facet normal -0.9951847266721959 -0.09801714032956947 0
    outer loop
      vertex -23.46577944549524 -25.522104768880205 0
      vertex -23.46577944549524 -25.522104768880205 3.5
      vertex -23.491435692954415 -25.26161251692057 3.5
    endloop
  endfacet
  facet normal -0.8819212643483555 -0.47139673682599653 0
    outer loop
      vertex -22.964101615137753 -27 0
      vertex -22.964101615137753 -27 3.5
      vertex -23.08749096613075 -26.769154760876006 3.5
    endloop
  endfacet
  facet normal -0.7298640726978384 -0.6835923020228684 0
    outer loop
      vertex -22.32842712474619 -27.82842712474619 0
      vertex -22.32842712474619 -27.82842712474619 3.5
      vertex -22.50735922991591 -27.637383260400277 3.5
    endloop
  endfacet
  facet normal -0.6835923020228684 -0.7298640726978384 0
    outer loop
      vertex -22.137383260400277 -28.00735922991591 0
      vertex -22.137383260400277 -28.00735922991591 3.5
      vertex -22.32842712474619 -27.82842712474619 3.5
    endloop
  endfacet
  facet normal -0.6343932841636389 -0.7730104533627424 0
    outer loop
      vertex -21.93504571603488 -28.17341336116494 0
      vertex -21.93504571603488 -28.17341336116494 3.5
      vertex -22.137383260400277 -28.00735922991591 3.5
    endloop
  endfacet
  facet normal -0.5824776968678022 -0.8128466845916152 0
    outer loop
      vertex -21.72228093207841 -28.32587844921018 0
      vertex -21.72228093207841 -28.32587844921018 3.5
      vertex -21.93504571603488 -28.17341336116494 3.5
    endloop
  endfacet
  facet normal -0.9994645874763658 -0.03271908282177326 0
    outer loop
      vertex -23.491435692954415 -25.26161251692057 0
      vertex -23.491435692954415 -25.26161251692057 3.5
      vertex -23.5 -25 3.5
    endloop
  endfacet
  facet normal -0.9994645874763658 0.03271908282177326 0
    outer loop
      vertex -23.5 -25 0
      vertex -23.5 -25 3.5
      vertex -23.491435692954415 -24.73838748307943 3.5
    endloop
  endfacet
  facet normal -0.9951847266721959 0.09801714032956947 0
    outer loop
      vertex -23.491435692954415 -24.73838748307943 0
      vertex -23.491435692954415 -24.73838748307943 3.5
      vertex -23.46577944549524 -24.477895231119795 3.5
    endloop
  endfacet
  facet normal -0.9866433320848799 0.1628954733945832 0
    outer loop
      vertex -23.46577944549524 -24.477895231119795 0
      vertex -23.46577944549524 -24.477895231119795 3.5
      vertex -23.42314112161292 -24.219638711935488 3.5
    endloop
  endfacet
  facet normal -0.9738769792773352 0.22707626303436682 0
    outer loop
      vertex -23.42314112161292 -24.219638711935488 0
      vertex -23.42314112161292 -24.219638711935488 3.5
      vertex -23.363703305156275 -23.964723819589917 3.5
    endloop
  endfacet
  facet normal -0.9569403357322055 0.2902846772544735 0
    outer loop
      vertex -23.363703305156275 -23.964723819589917 0
      vertex -23.363703305156275 -23.964723819589917 3.5
      vertex -23.28772051798042 -23.714242138787355 3.5
    endloop
  endfacet
  facet normal -0.9359059267573289 0.3522500479212252 0
    outer loop
      vertex -23.28772051798042 -23.714242138787355 0
      vertex -23.28772051798042 -23.714242138787355 3.5
      vertex -23.195518130045148 -23.46926627053964 3.5
    endloop
  endfacet
  facet normal -0.9108638249211729 0.41270702980440127 0
    outer loop
      vertex -23.195518130045148 -23.46926627053964 0
      vertex -23.195518130045148 -23.46926627053964 3.5
      vertex -23.08749096613075 -23.230845239123994 3.5
    endloop
  endfacet
  facet normal -0.8819212643483555 0.47139673682599653 0
    outer loop
      vertex -23.08749096613075 -23.230845239123994 0
      vertex -23.08749096613075 -23.230845239123994 3.5
      vertex -22.964101615137753 -23 3.5
    endloop
  endfacet
  facet normal -0.8492021815265782 0.528067850650369 0
    outer loop
      vertex -22.964101615137753 -23 0
      vertex -22.964101615137753 -23 3.5
      vertex -22.82587844921018 -22.77771906792159 3.5
    endloop
  endfacet
  facet normal -0.8128466845916152 0.5824776968678022 0
    outer loop
      vertex -22.82587844921018 -22.77771906792159 0
      vertex -22.82587844921018 -22.77771906792159 3.5
      vertex -22.67341336116494 -22.56495428396512 3.5
    endloop
  endfacet
  facet normal -0.7730104533627424 0.6343932841636389 0
    outer loop
      vertex -22.67341336116494 -22.56495428396512 0
      vertex -22.67341336116494 -22.56495428396512 3.5
      vertex -22.50735922991591 -22.362616739599723 3.5
    endloop
  endfacet
  facet normal -0.7298640726978384 0.6835923020228684 0
    outer loop
      vertex -22.50735922991591 -22.362616739599723 0
      vertex -22.50735922991591 -22.362616739599723 3.5
      vertex -22.32842712474619 -22.17157287525381 3.5
    endloop
  endfacet
  facet normal -0.528067850650369 -0.8492021815265782 0
    outer loop
      vertex -21.5 -28.464101615137753 0
      vertex -21.5 -28.464101615137753 3.5
      vertex -21.72228093207841 -28.32587844921018 3.5
    endloop
  endfacet
  facet normal -0.47139673682599653 -0.8819212643483555 0
    outer loop
      vertex -21.269154760876006 -28.58749096613075 0
      vertex -21.269154760876006 -28.58749096613075 3.5
      vertex -21.5 -28.464101615137753 3.5
    endloop
  endfacet
  facet normal -0.41270702980440127 -0.9108638249211729 0
    outer loop
      vertex -21.03073372946036 -28.695518130045148 0
      vertex -21.03073372946036 -28.695518130045148 3.5
      vertex -21.269154760876006 -28.58749096613075 3.5
    endloop
  endfacet
  facet normal -0.3522500479212252 -0.9359059267573289 0
    outer loop
      vertex -20.785757861212645 -28.78772051798042 0
      vertex -20.785757861212645 -28.78772051798042 3.5
      vertex -21.03073372946036 -28.695518130045148 3.5
    endloop
  endfacet
  facet normal -0.2902846772544735 -0.9569403357322055 0
    outer loop
      vertex -20.535276180410083 -28.863703305156275 0
      vertex -20.535276180410083 -28.863703305156275 3.5
      vertex -20.785757861212645 -28.78772051798042 3.5
    endloop
  endfacet
  facet normal -0.22707626303436682 -0.9738769792773352 0
    outer loop
      vertex -20.280361288064512 -28.92314112161292 0
      vertex -20.280361288064512 -28.92314112161292 3.5
      vertex -20.535276180410083 -28.863703305156275 3.5
    endloop
  endfacet
  facet normal -0.1628954733945832 -0.9866433320848799 0
    outer loop
      vertex -20.022104768880205 -28.96577944549524 0
      vertex -20.022104768880205 -28.96577944549524 3.5
      vertex -20.280361288064512 -28.92314112161292 3.5
    endloop
  endfacet
  facet normal -0.09801714032956947 -0.9951847266721959 0
    outer loop
      vertex -19.76161251692057 -28.991435692954415 0
      vertex -19.76161251692057 -28.991435692954415 3.5
      vertex -20.022104768880205 -28.96577944549524 3.5
    endloop
  endfacet
  facet normal -0.03271908282177326 -0.9994645874763658 0
    outer loop
      vertex -19.5 -29 0
      vertex -19.5 -29 3.5
      vertex -19.76161251692057 -28.991435692954415 3.5
    endloop
  endfacet
  facet normal 0.03271908282177326 -0.9994645874763658 0
    outer loop
      vertex -19.23838748307943 -28.991435692954415 0
      vertex -19.23838748307943 -28.991435692954415 3.5
      vertex -19.5 -29 3.5
    endloop
  endfacet
  facet normal 0.09801714032956947 -0.9951847266721959 0
    outer loop
      vertex -18.977895231119795 -28.96577944549524 0
      vertex -18.977895231119795 -28.96577944549524 3.5
      vertex -19.23838748307943 -28.991435692954415 3.5
    endloop
  endfacet
  facet normal 0.1628954733945832 -0.9866433320848799 0
    outer loop
      vertex -18.719638711935488 -28.92314112161292 0
      vertex -18.719638711935488 -28.92314112161292 3.5
      vertex -18.977895231119795 -28.96577944549524 3.5
    endloop
  endfacet
  facet normal 0.22707626303436682 -0.9738769792773352 0
    outer loop
      vertex -18.464723819589917 -28.863703305156275 0
      vertex -18.464723819589917 -28.863703305156275 3.5
      vertex -18.719638711935488 -28.92314112161292 3.5
    endloop
  endfacet
  facet normal 0.2902846772544735 -0.9569403357322055 0
    outer loop
      vertex -18.214242138787355 -28.78772051798042 0
      vertex -18.214242138787355 -28.78772051798042 3.5
      vertex -18.464723819589917 -28.863703305156275 3.5
    endloop
  endfacet
  facet normal 0.3522500479212252 -0.9359059267573289 0
    outer loop
      vertex -17.96926627053964 -28.695518130045148 0
      vertex -17.96926627053964 -28.695518130045148 3.5
      vertex -18.214242138787355 -28.78772051798042 3.5
    endloop
  endfacet
  facet normal 0.41270702980440127 -0.9108638249211729 0
    outer loop
      vertex -17.730845239123994 -28.58749096613075 0
      vertex -17.730845239123994 -28.58749096613075 3.5
      vertex -17.96926627053964 -28.695518130045148 3.5
    endloop
  endfacet
  facet normal 0.47139673682599653 -0.8819212643483555 0
    outer loop
      vertex -17.5 -28.464101615137753 0
      vertex -17.5 -28.464101615137753 3.5
      vertex -17.730845239123994 -28.58749096613075 3.5
    endloop
  endfacet
  facet normal 0.528067850650369 -0.8492021815265782 0
    outer loop
      vertex -17.27771906792159 -28.32587844921018 0
      vertex -17.27771906792159 -28.32587844921018 3.5
      vertex -17.5 -28.464101615137753 3.5
    endloop
  endfacet
  facet normal 0.5824776968678022 -0.8128466845916152 0
    outer loop
      vertex -17.06495428396512 -28.17341336116494 0
      vertex -17.06495428396512 -28.17341336116494 3.5
      vertex -17.27771906792159 -28.32587844921018 3.5
    endloop
  endfacet
  facet normal 0.6343932841636389 -0.7730104533627424 0
    outer loop
      vertex -16.862616739599723 -28.00735922991591 0
      vertex -16.862616739599723 -28.00735922991591 3.5
      vertex -17.06495428396512 -28.17341336116494 3.5
    endloop
  endfacet
  facet normal 0.6835923020228684 -0.7298640726978384 0
    outer loop
      vertex -16.67157287525381 -27.82842712474619 0
      vertex -16.67157287525381 -27.82842712474619 3.5
      vertex -16.862616739599723 -28.00735922991591 3.5
    endloop
  endfacet
  facet normal 0.7298640726978384 -0.6835923020228684 0
    outer loop
      vertex -16.49264077008409 -27.637383260400277 0
      vertex -16.49264077008409 -27.637383260400277 3.5
      vertex -16.67157287525381 -27.82842712474619 3.5
    endloop
  endfacet
  facet normal 0 0 1
    outer loop
      vertex -23.28772051798042 -26.285757861212645 3.5
      vertex -23.28772051798042 -23.714242138787355 3.5
      vertex -23.363703305156275 -26.035276180410083 3.5
    endloop
  endfacet
  facet normal 0 0 1
    outer loop
      vertex -23.28772051798042 -26.285757861212645 3.5
      vertex -23.195518130045148 -26.53073372946036 3.5
      vertex -23.195518130045148 -23.46926627053964 3.5
    endloop
  endfacet
  facet normal 0 0 1
    outer loop
      vertex -23.08749096613075 -26.769154760876006 3.5
      vertex -23.08749096613075 -23.230845239123994 3.5
      vertex -23.195518130045148 -26.53073372946036 3.5
    endloop
  endfacet
  facet normal 0 0 1
    outer loop
      vertex -23.08749096613075 -26.769154760876006 3.5
      vertex -22.964101615137753 -27 3.5
      vertex -22.964101615137753 -23 3.5
    endloop
  endfacet
  facet normal 0 0 1
    outer loop
      vertex -22.82587844921018 -27.22228093207841 3.5
      vertex -22.82587844921018 -22.77771906792159 3.5
      vertex -22.964101615137753 -27 3.5
    endloop
  endfacet
  facet normal 0 0 1
    outer loop
      vertex -22.67341336116494 -27.43504571603488 3.5
      vertex -22.50735922991591 -27.637383260400277 3.5
      vertex -22.50735922991591 -22.362616739599723 3.5
    endloop
  endfacet
  facet normal 0 0 1
    outer loop
      vertex -22.82587844921018 -27.22228093207841 3.5
      vertex -22.67341336116494 -27.43504571603488 3.5
      vertex -22.67341336116494 -22.56495428396512 3.5
    endloop
  endfacet
  facet normal 0 0 1
    outer loop
      vertex -22.50735922991591 -27.637383260400277 3.5
      vertex -22.32842712474619 -27.82842712474619 3.5
      vertex -22.32842712474619 -22.17157287525381 3.5
    endloop
  endfacet
  facet normal 0 0 1
    outer loop
      vertex -23.46577944549524 -25.522104768880205 3.5
      vertex -23.46577944549524 -24.477895231119795 3.5
      vertex -23.491435692954415 -25.26161251692057 3.5
    endloop
  endfacet
  facet normal 0 0 1
    outer loop
      vertex -23.42314112161292 -25.780361288064512 3.5
      vertex -23.42314112161292 -24.219638711935488 3.5
      vertex -23.46577944549524 -25.522104768880205 3.5
    endloop
  endfacet
  facet normal 0 0 1
    outer loop
      vertex -23.42314112161292 -25.780361288064512 3.5
      vertex -23.363703305156275 -26.035276180410083 3.5
      vertex -23.363703305156275 -23.964723819589917 3.5
    endloop
  endfacet
  facet normal 0 0 1
    outer loop
      vertex -23.491435692954415 -25.26161251692057 3.5
      vertex -23.491435692954415 -24.73838748307943 3.5
      vertex -23.5 -25 3.5
    endloop
  endfacet
  facet normal 0 0 1
    outer loop
      vertex -23.491435692954415 -25.26161251692057 3.5
      vertex -23.46577944549524 -24.477895231119795 3.5
      vertex -23.491435692954415 -24.73838748307943 3.5
    endloop
  endfacet
  facet normal 0 0 1
    outer loop
      vertex -23.46577944549524 -25.522104768880205 3.5
      vertex -23.42314112161292 -24.219638711935488 3.5
      vertex -23.46577944549524 -24.477895231119795 3.5
    endloop
  endfacet
  facet normal 0 0 1
    outer loop
      vertex -23.42314112161292 -25.780361288064512 3.5
      vertex -23.363703305156275 -23.964723819589917 3.5
      vertex -23.42314112161292 -24.219638711935488 3.5
    endloop
  endfacet
  facet normal 0 0 1
    outer loop
      vertex -23.363703305156275 -26.035276180410083 3.5
      vertex -23.28772051798042 -23.714242138787355 3.5
      vertex -23.363703305156275 -23.964723819589917 3.5
    endloop
  endfacet
  facet normal 0 0 1
    outer loop
      vertex -23.28772051798042 -26.285757861212645 3.5
      vertex -23.195518130045148 -23.46926627053964 3.5
      vertex -23.28772051798042 -23.714242138787355 3.5
    endloop
  endfacet
  facet normal 0 0 1
    outer loop
      vertex -23.195518130045148 -26.53073372946036 3.5
      vertex -23.08749096613075 -23.230845239123994 3.5
      vertex -23.195518130045148 -23.46926627053964 3.5
    endloop
  endfacet
  facet normal 0 0 1
    outer loop
      vertex -23.08749096613075 -26.769154760876006 3.5
      vertex -22.964101615137753 -23 3.5
      vertex -23.08749096613075 -23.230845239123994 3.5
    endloop
  endfacet
  facet normal 0 0 1
    outer loop
      vertex -22.964101615137753 -27 3.5
      vertex -22.82587844921018 -22.77771906792159 3.5
      vertex -22.964101615137753 -23 3.5
    endloop
  endfacet
  facet normal 0 0 1
    outer loop
      vertex -22.82587844921018 -27.22228093207841 3.5
      vertex -22.67341336116494 -22.56495428396512 3.5
      vertex -22.82587844921018 -22.77771906792159 3.5
    endloop
  endfacet
  facet normal 0 0 1
    outer loop
      vertex -22.67341336116494 -27.43504571603488 3.5
      vertex -22.50735922991591 -22.362616739599723 3.5
      vertex -22.67341336116494 -22.56495428396512 3.5
    endloop
  endfacet
  facet normal 0 0 1
    outer loop
      vertex -22.50735922991591 -27.637383260400277 3.5
      vertex -22.32842712474619 -22.17157287525381 3.5
      vertex -22.50735922991591 -22.362616739599723 3.5
    endloop
  endfacet
  facet normal 0 0 1
    outer loop
      vertex -22.32842712474619 -27.82842712474619 3.5
      vertex -22.137383260400277 -28.00735922991591 3.5
      vertex -17.733200019607445 -22.108146949051125 3.5
    endloop
  endfacet
  facet normal 0 0 1
    outer loop
      vertex -21.93504571603488 -28.17341336116494 3.5
      vertex -21.72228093207841 -28.32587844921018 3.5
      vertex -17.472271824131504 -22.472271824131504 3.5
    endloop
  endfacet
  facet normal 0 0 1
    outer loop
      vertex -21.72228093207841 -28.32587844921018 3.5
      vertex -21.5 -28.464101615137753 3.5
      vertex -17.472271824131504 -22.472271824131504 3.5
    endloop
  endfacet
  facet normal 0 0 1
    outer loop
      vertex -22.137383260400277 -28.00735922991591 3.5
      vertex -21.93504571603488 -28.17341336116494 3.5
      vertex -17.643270716916 -22.263909070401954 3.5
    endloop
  endfacet
  facet normal 0 0 1
    outer loop
      vertex -21.5 -28.464101615137753 3.5
      vertex -21.269154760876006 -28.58749096613075 3.5
      vertex -17.33704696488699 -22.590860842900447 3.5
    endloop
  endfacet
  facet normal 0 0 1
    outer loop
      vertex -21.269154760876006 -28.58749096613075 3.5
      vertex -21.03073372946036 -28.695518130045148 3.5
      vertex -17.108146949051125 -22.733200019607445 3.5
    endloop
  endfacet
  facet normal 0 0 1
    outer loop
      vertex -22.32842712474619 -27.82842712474619 3.5
      vertex -17.82814801114747 -21.855876187015966 3.5
      vertex -22.32842712474619 -22.17157287525381 3.5
    endloop
  endfacet
  facet normal 0 0 1
    outer loop
      vertex -21.03073372946036 -28.695518130045148 3.5
      vertex -20.785757861212645 -28.78772051798042 3.5
      vertex -16.941979264791847 -22.80202892805577 3.5
    endloop
  endfacet
  facet normal 0 0 1
    outer loop
      vertex -20.785757861212645 -28.78772051798042 3.5
      vertex -20.535276180410083 -28.863703305156275 3.5
      vertex -16.679473514302572 -22.86323668438899 3.5
    endloop
  endfacet
  facet normal 0 0 1
    outer loop
      vertex -20.535276180410083 -28.863703305156275 3.5
      vertex -20.280361288064512 -28.92314112161292 3.5
      vertex -16.410070697308555 -22.87205601945308 3.5
    endloop
  endfacet
  facet normal 0 0 1
    outer loop
      vertex -20.280361288064512 -28.92314112161292 3.5
      vertex -20.022104768880205 -28.96577944549524 3.5
      vertex -16.058020735208153 -22.80202892805577 3.5
    endloop
  endfacet
  facet normal 0 0 1
    outer loop
      vertex -20.022104768880205 -28.96577944549524 3.5
      vertex -19.76161251692057 -28.991435692954415 3.5
      vertex -15.593399504237405 -22.533779735283595 3.5
    endloop
  endfacet
  facet normal 0 0 1
    outer loop
      vertex -22.32842712474619 -27.82842712474619 3.5
      vertex -17.77033435720302 -22.026189719502 3.5
      vertex -17.80202892805577 -21.941979264791847 3.5
    endloop
  endfacet
  facet normal 0 0 1
    outer loop
      vertex -22.32842712474619 -27.82842712474619 3.5
      vertex -17.80202892805577 -21.941979264791847 3.5
      vertex -17.82814801114747 -21.855876187015966 3.5
    endloop
  endfacet
  facet normal 0 0 1
    outer loop
      vertex -22.32842712474619 -27.82842712474619 3.5
      vertex -17.733200019607445 -22.108146949051125 3.5
      vertex -17.77033435720302 -22.026189719502 3.5
    endloop
  endfacet
  facet normal 0 0 1
    outer loop
      vertex -22.137383260400277 -28.00735922991591 3.5
      vertex -17.690784930203602 -22.1875 3.5
      vertex -17.733200019607445 -22.108146949051125 3.5
    endloop
  endfacet
  facet normal 0 0 1
    outer loop
      vertex -22.137383260400277 -28.00735922991591 3.5
      vertex -17.643270716916 -22.263909070401954 3.5
      vertex -17.690784930203602 -22.1875 3.5
    endloop
  endfacet
  facet normal 0 0 1
    outer loop
      vertex -21.93504571603488 -28.17341336116494 3.5
      vertex -17.590860842900447 -22.33704696488699 3.5
      vertex -17.643270716916 -22.263909070401954 3.5
    endloop
  endfacet
  facet normal 0 0 1
    outer loop
      vertex -21.93504571603488 -28.17341336116494 3.5
      vertex -17.533779735283595 -22.406600495762596 3.5
      vertex -17.590860842900447 -22.33704696488699 3.5
    endloop
  endfacet
  facet normal 0 0 1
    outer loop
      vertex -21.93504571603488 -28.17341336116494 3.5
      vertex -17.472271824131504 -22.472271824131504 3.5
      vertex -17.533779735283595 -22.406600495762596 3.5
    endloop
  endfacet
  facet normal 0 0 1
    outer loop
      vertex -22.32842712474619 -22.17157287525381 3.5
      vertex -17.848579760554443 -21.768249192772178 3.5
      vertex -17.86323668438899 -21.679473514302572 3.5
    endloop
  endfacet
  facet normal 0 0 1
    outer loop
      vertex -22.32842712474619 -22.17157287525381 3.5
      vertex -17.86323668438899 -21.679473514302572 3.5
      vertex -17.87205601945308 -21.589929302691445 3.5
    endloop
  endfacet
  facet normal 0 0 1
    outer loop
      vertex -22.32842712474619 -22.17157287525381 3.5
      vertex -17.82814801114747 -21.855876187015966 3.5
      vertex -17.848579760554443 -21.768249192772178 3.5
    endloop
  endfacet
  facet normal 0 0 1
    outer loop
      vertex -22.32842712474619 -22.17157287525381 3.5
      vertex -17.87205601945308 -21.589929302691445 3.5
      vertex -17.875 -21.5 3.5
    endloop
  endfacet
  facet normal 0 0 1
    outer loop
      vertex -22.32842712474619 -22.17157287525381 3.5
      vertex -17.875 -21.5 3.5
      vertex -17.87205601945308 -21.410070697308555 3.5
    endloop
  endfacet
  facet normal 0 0 1
    outer loop
      vertex -22.32842712474619 -22.17157287525381 3.5
      vertex -17.87205601945308 -21.410070697308555 3.5
      vertex -17.86323668438899 -21.320526485697428 3.5
    endloop
  endfacet
  facet normal 0 0 1
    outer loop
      vertex -21.5 -28.464101615137753 3.5
      vertex -17.406600495762596 -22.533779735283595 3.5
      vertex -17.472271824131504 -22.472271824131504 3.5
    endloop
  endfacet
  facet normal 0 0 1
    outer loop
      vertex -21.5 -28.464101615137753 3.5
      vertex -17.33704696488699 -22.590860842900447 3.5
      vertex -17.406600495762596 -22.533779735283595 3.5
    endloop
  endfacet
  facet normal 0 0 1
    outer loop
      vertex -21.269154760876006 -28.58749096613075 3.5
      vertex -17.263909070401954 -22.643270716916 3.5
      vertex -17.33704696488699 -22.590860842900447 3.5
    endloop
  endfacet
  facet normal 0 0 1
    outer loop
      vertex -21.269154760876006 -28.58749096613075 3.5
      vertex -17.1875 -22.690784930203602 3.5
      vertex -17.263909070401954 -22.643270716916 3.5
    endloop
  endfacet
  facet normal 0 0 1
    outer loop
      vertex -21.269154760876006 -28.58749096613075 3.5
      vertex -17.108146949051125 -22.733200019607445 3.5
      vertex -17.1875 -22.690784930203602 3.5
    endloop
  endfacet
  facet normal 0 0 1
    outer loop
      vertex -21.03073372946036 -28.695518130045148 3.5
      vertex -17.026189719502 -22.77033435720302 3.5
      vertex -17.108146949051125 -22.733200019607445 3.5
    endloop
  endfacet
  facet normal 0 0 1
    outer loop
      vertex -21.03073372946036 -28.695518130045148 3.5
      vertex -16.941979264791847 -22.80202892805577 3.5
      vertex -17.026189719502 -22.77033435720302 3.5
    endloop
  endfacet
  facet normal 0 0 1
    outer loop
      vertex -20.785757861212645 -28.78772051798042 3.5
      vertex -16.855876187015966 -22.82814801114747 3.5
      vertex -16.941979264791847 -22.80202892805577 3.5
    endloop
  endfacet
  facet normal 0 0 1
    outer loop
      vertex -20.785757861212645 -28.78772051798042 3.5
      vertex -16.768249192772178 -22.848579760554443 3.5
      vertex -16.855876187015966 -22.82814801114747 3.5
    endloop
  endfacet
  facet normal 0 0 1
    outer loop
      vertex -20.785757861212645 -28.78772051798042 3.5
      vertex -16.679473514302572 -22.86323668438899 3.5
      vertex -16.768249192772178 -22.848579760554443 3.5
    endloop
  endfacet
  facet normal 0 0 1
    outer loop
      vertex -20.535276180410083 -28.863703305156275 3.5
      vertex -16.589929302691445 -22.87205601945308 3.5
      vertex -16.679473514302572 -22.86323668438899 3.5
    endloop
  endfacet
  facet normal 0 0 1
    outer loop
      vertex -20.535276180410083 -28.863703305156275 3.5
      vertex -16.5 -22.875 3.5
      vertex -16.589929302691445 -22.87205601945308 3.5
    endloop
  endfacet
  facet normal 0 0 1
    outer loop
      vertex -20.535276180410083 -28.863703305156275 3.5
      vertex -16.410070697308555 -22.87205601945308 3.5
      vertex -16.5 -22.875 3.5
    endloop
  endfacet
  facet normal 0 0 1
    outer loop
      vertex -20.280361288064512 -28.92314112161292 3.5
      vertex -16.320526485697428 -22.86323668438899 3.5
      vertex -16.410070697308555 -22.87205601945308 3.5
    endloop
  endfacet
  facet normal 0 0 1
    outer loop
      vertex -20.280361288064512 -28.92314112161292 3.5
      vertex -16.231750807227822 -22.848579760554443 3.5
      vertex -16.320526485697428 -22.86323668438899 3.5
    endloop
  endfacet
  facet normal 0 0 1
    outer loop
      vertex -20.280361288064512 -28.92314112161292 3.5
      vertex -16.144123812984034 -22.82814801114747 3.5
      vertex -16.231750807227822 -22.848579760554443 3.5
    endloop
  endfacet
  facet normal 0 0 1
    outer loop
      vertex -20.280361288064512 -28.92314112161292 3.5
      vertex -16.058020735208153 -22.80202892805577 3.5
      vertex -16.144123812984034 -22.82814801114747 3.5
    endloop
  endfacet
  facet normal 0 0 1
    outer loop
      vertex -20.022104768880205 -28.96577944549524 3.5
      vertex -15.973810280498002 -22.77033435720302 3.5
      vertex -16.058020735208153 -22.80202892805577 3.5
    endloop
  endfacet
  facet normal 0 0 1
    outer loop
      vertex -20.022104768880205 -28.96577944549524 3.5
      vertex -15.891853050948873 -22.733200019607445 3.5
      vertex -15.973810280498002 -22.77033435720302 3.5
    endloop
  endfacet
  facet normal 0 0 1
    outer loop
      vertex -20.022104768880205 -28.96577944549524 3.5
      vertex -15.8125 -22.690784930203602 3.5
      vertex -15.891853050948873 -22.733200019607445 3.5
    endloop
  endfacet
  facet normal 0 0 1
    outer loop
      vertex -20.022104768880205 -28.96577944549524 3.5
      vertex -15.736090929598047 -22.643270716916 3.5
      vertex -15.8125 -22.690784930203602 3.5
    endloop
  endfacet
  facet normal 0 0 1
    outer loop
      vertex -20.022104768880205 -28.96577944549524 3.5
      vertex -15.66295303511301 -22.590860842900447 3.5
      vertex -15.736090929598047 -22.643270716916 3.5
    endloop
  endfacet
  facet normal 0 0 1
    outer loop
      vertex -20.022104768880205 -28.96577944549524 3.5
      vertex -15.593399504237405 -22.533779735283595 3.5
      vertex -15.66295303511301 -22.590860842900447 3.5
    endloop
  endfacet
  facet normal 0 0 1
    outer loop
      vertex -19.76161251692057 -28.991435692954415 3.5
      vertex -15.527728175868496 -22.472271824131504 3.5
      vertex -15.593399504237405 -22.533779735283595 3.5
    endloop
  endfacet
  facet normal 0 0 1
    outer loop
      vertex -19.76161251692057 -28.991435692954415 3.5
      vertex -15.466220264716405 -22.406600495762596 3.5
      vertex -15.527728175868496 -22.472271824131504 3.5
    endloop
  endfacet
  facet normal 0 0 1
    outer loop
      vertex -19.76161251692057 -28.991435692954415 3.5
      vertex -15.409139157099553 -22.33704696488699 3.5
      vertex -15.466220264716405 -22.406600495762596 3.5
    endloop
  endfacet
  facet normal 0 0 1
    outer loop
      vertex -19.76161251692057 -28.991435692954415 3.5
      vertex -15.356729283084 -22.263909070401954 3.5
      vertex -15.409139157099553 -22.33704696488699 3.5
    endloop
  endfacet
  facet normal 0 0 1
    outer loop
      vertex -19.76161251692057 -28.991435692954415 3.5
      vertex -19.5 -29 3.5
      vertex -9.090860842900447 -13.33704696488699 3.5
    endloop
  endfacet
  facet normal 0 0 1
    outer loop
      vertex -22.32842712474619 -22.17157287525381 3.5
      vertex -17.86323668438899 -21.320526485697428 3.5
      vertex -17.848579760554443 -21.231750807227822 3.5
    endloop
  endfacet
  facet normal 0 0 1
    outer loop
      vertex -22.32842712474619 -22.17157287525381 3.5
      vertex -17.848579760554443 -21.231750807227822 3.5
      vertex -17.82814801114747 -21.144123812984034 3.5
    endloop
  endfacet
  facet normal 0 0 1
    outer loop
      vertex -22.32842712474619 -22.17157287525381 3.5
      vertex -17.82814801114747 -21.144123812984034 3.5
      vertex -17.80202892805577 -21.058020735208153 3.5
    endloop
  endfacet
  facet normal 0 0 1
    outer loop
      vertex -22.32842712474619 -22.17157287525381 3.5
      vertex -17.80202892805577 -21.058020735208153 3.5
      vertex -17.77033435720302 -20.973810280498 3.5
    endloop
  endfacet
  facet normal 0 0 1
    outer loop
      vertex -22.32842712474619 -22.17157287525381 3.5
      vertex -17.77033435720302 -20.973810280498 3.5
      vertex -17.733200019607445 -20.891853050948875 3.5
    endloop
  endfacet
  facet normal 0 0 1
    outer loop
      vertex -22.32842712474619 -22.17157287525381 3.5
      vertex -17.733200019607445 -20.891853050948875 3.5
      vertex -17.690784930203602 -20.8125 3.5
    endloop
  endfacet
  facet normal 0 0 1
    outer loop
      vertex -22.32842712474619 -22.17157287525381 3.5
      vertex -17.690784930203602 -20.8125 3.5
      vertex -17.643270716916 -20.736090929598046 3.5
    endloop
  endfacet
  facet normal 0 0 1
    outer loop
      vertex -22.32842712474619 -22.17157287525381 3.5
      vertex -17.643270716916 -20.736090929598046 3.5
      vertex -17.590860842900447 -20.66295303511301 3.5
    endloop
  endfacet
  facet normal 0 0 1
    outer loop
      vertex -19.5 -29 3.5
      vertex -19.23838748307943 -28.991435692954415 3.5
      vertex -8.906600495762595 -13.533779735283595 3.5
    endloop
  endfacet
  facet normal 0 0 1
    outer loop
      vertex -19.23838748307943 -28.991435692954415 3.5
      vertex -18.977895231119795 -28.96577944549524 3.5
      vertex -8.763909070401953 -13.643270716916 3.5
    endloop
  endfacet
  facet normal 0 0 1
    outer loop
      vertex -18.977895231119795 -28.96577944549524 3.5
      vertex -18.719638711935488 -28.92314112161292 3.5
      vertex -8.608146949051127 -13.733200019607446 3.5
    endloop
  endfacet
  facet normal 0 0 1
    outer loop
      vertex -18.719638711935488 -28.92314112161292 3.5
      vertex -18.464723819589917 -28.863703305156275 3.5
      vertex -8.441979264791847 -13.80202892805577 3.5
    endloop
  endfacet
  facet normal 0 0 1
    outer loop
      vertex -18.464723819589917 -28.863703305156275 3.5
      vertex -18.214242138787355 -28.78772051798042 3.5
      vertex -8.17947351430257 -13.863236684388989 3.5
    endloop
  endfacet
  facet normal 0 0 1
    outer loop
      vertex -18.214242138787355 -28.78772051798042 3.5
      vertex -17.96926627053964 -28.695518130045148 3.5
      vertex -8 -13.875 3.5
    endloop
  endfacet
  facet normal 0 0 1
    outer loop
      vertex -17.96926627053964 -28.695518130045148 3.5
      vertex -17.730845239123994 -28.58749096613075 3.5
      vertex -7.731750807227824 -13.848579760554442 3.5
    endloop
  endfacet
  facet normal 0 0 1
    outer loop
      vertex -17.730845239123994 -28.58749096613075 3.5
      vertex -17.5 -28.464101615137753 3.5
      vertex -7.391853050948873 -13.733200019607446 3.5
    endloop
  endfacet
  facet normal 0 0 1
    outer loop
      vertex -19.76161251692057 -28.991435692954415 3.5
      vertex -9.143270716916 -13.263909070401953 3.5
      vertex -15.356729283084 -22.263909070401954 3.5
    endloop
  endfacet
  facet normal 0 0 1
    outer loop
      vertex -22.32842712474619 -22.17157287525381 3.5
      vertex -17.590860842900447 -20.66295303511301 3.5
      vertex -4.570819984313456 -4.619959509615957 3.5
    endloop
  endfacet
  facet normal 0 0 1
    outer loop
      vertex -15.356729283084 -22.263909070401954 3.5
      vertex -9.143270716916 -13.263909070401953 3.5
      vertex -15.309215069796396 -22.1875 3.5
    endloop
  endfacet
  facet normal 0 0 1
    outer loop
      vertex -15.309215069796396 -22.1875 3.5
      vertex -9.143270716916 -13.263909070401953 3.5
      vertex -15.266799980392554 -22.108146949051125 3.5
    endloop
  endfacet
  facet normal 0 0 1
    outer loop
      vertex -15.266799980392554 -22.108146949051125 3.5
      vertex -9.143270716916 -13.263909070401953 3.5
      vertex -15.22966564279698 -22.026189719502 3.5
    endloop
  endfacet
  facet normal 0 0 1
    outer loop
      vertex -15.22966564279698 -22.026189719502 3.5
      vertex -9.190784930203604 -13.1875 3.5
      vertex -15.19797107194423 -21.941979264791847 3.5
    endloop
  endfacet
  facet normal 0 0 1
    outer loop
      vertex -15.19797107194423 -21.941979264791847 3.5
      vertex -9.233200019607446 -13.108146949051127 3.5
      vertex -15.17185198885253 -21.855876187015966 3.5
    endloop
  endfacet
  facet normal 0 0 1
    outer loop
      vertex -15.125 -21.5 3.5
      vertex -9.32814801114747 -12.855876187015966 3.5
      vertex -15.12794398054692 -21.410070697308555 3.5
    endloop
  endfacet
  facet normal 0 0 1
    outer loop
      vertex -15.12794398054692 -21.410070697308555 3.5
      vertex -9.32814801114747 -12.855876187015966 3.5
      vertex -15.136763315611011 -21.320526485697428 3.5
    endloop
  endfacet
  facet normal 0 0 1
    outer loop
      vertex -15.151420239445558 -21.231750807227822 3.5
      vertex -15.136763315611011 -21.320526485697428 3.5
      vertex -9.32814801114747 -12.855876187015966 3.5
    endloop
  endfacet
  facet normal 0 0 1
    outer loop
      vertex -15.151420239445558 -21.231750807227822 3.5
      vertex -9.348579760554442 -12.768249192772176 3.5
      vertex -15.17185198885253 -21.144123812984034 3.5
    endloop
  endfacet
  facet normal 0 0 1
    outer loop
      vertex -15.356729283084 -20.736090929598046 3.5
      vertex -15.309215069796396 -20.8125 3.5
      vertex -9.37205601945308 -12.410070697308553 3.5
    endloop
  endfacet
  facet normal 0 0 1
    outer loop
      vertex -15.309215069796396 -20.8125 3.5
      vertex -15.266799980392554 -20.891853050948875 3.5
      vertex -9.37205601945308 -12.410070697308553 3.5
    endloop
  endfacet
  facet normal 0 0 1
    outer loop
      vertex -15.19797107194423 -21.058020735208153 3.5
      vertex -9.363236684388989 -12.67947351430257 3.5
      vertex -15.22966564279698 -20.973810280498 3.5
    endloop
  endfacet
  facet normal 0 0 1
    outer loop
      vertex -15.266799980392554 -20.891853050948875 3.5
      vertex -15.22966564279698 -20.973810280498 3.5
      vertex -9.375 -12.5 3.5
    endloop
  endfacet
  facet normal 0 0 1
    outer loop
      vertex -15.17185198885253 -21.144123812984034 3.5
      vertex -9.363236684388989 -12.67947351430257 3.5
      vertex -15.19797107194423 -21.058020735208153 3.5
    endloop
  endfacet
  facet normal 0 0 1
    outer loop
      vertex -15.17185198885253 -21.855876187015966 3.5
      vertex -9.233200019607446 -13.108146949051127 3.5
      vertex -15.151420239445558 -21.768249192772178 3.5
    endloop
  endfacet
  facet normal 0 0 1
    outer loop
      vertex -15.151420239445558 -21.768249192772178 3.5
      vertex -9.233200019607446 -13.108146949051127 3.5
      vertex -15.136763315611011 -21.679473514302572 3.5
    endloop
  endfacet
  facet normal 0 0 1
    outer loop
      vertex -15.136763315611011 -21.679473514302572 3.5
      vertex -9.233200019607446 -13.108146949051127 3.5
      vertex -15.12794398054692 -21.589929302691445 3.5
    endloop
  endfacet
  facet normal 0 0 1
    outer loop
      vertex -15.12794398054692 -21.589929302691445 3.5
      vertex -9.233200019607446 -13.108146949051127 3.5
      vertex -15.125 -21.5 3.5
    endloop
  endfacet
  facet normal 0 0 1
    outer loop
      vertex -19.76161251692057 -28.991435692954415 3.5
      vertex -9.090860842900447 -13.33704696488699 3.5
      vertex -9.143270716916 -13.263909070401953 3.5
    endloop
  endfacet
  facet normal 0 0 1
    outer loop
      vertex -19.5 -29 3.5
      vertex -9.033779735283595 -13.406600495762595 3.5
      vertex -9.090860842900447 -13.33704696488699 3.5
    endloop
  endfacet
  facet normal 0 0 1
    outer loop
      vertex -19.5 -29 3.5
      vertex -8.972271824131504 -13.472271824131504 3.5
      vertex -9.033779735283595 -13.406600495762595 3.5
    endloop
  endfacet
  facet normal 0 0 1
    outer loop
      vertex -19.5 -29 3.5
      vertex -8.906600495762595 -13.533779735283595 3.5
      vertex -8.972271824131504 -13.472271824131504 3.5
    endloop
  endfacet
  facet normal 0 0 1
    outer loop
      vertex -19.23838748307943 -28.991435692954415 3.5
      vertex -8.83704696488699 -13.590860842900447 3.5
      vertex -8.906600495762595 -13.533779735283595 3.5
    endloop
  endfacet
  facet normal 0 0 1
    outer loop
      vertex -19.23838748307943 -28.991435692954415 3.5
      vertex -8.763909070401953 -13.643270716916 3.5
      vertex -8.83704696488699 -13.590860842900447 3.5
    endloop
  endfacet
  facet normal 0 0 1
    outer loop
      vertex -15.527728175868496 -20.527728175868496 3.5
      vertex -15.466220264716405 -20.593399504237404 3.5
      vertex -9.27033435720302 -11.973810280498002 3.5
    endloop
  endfacet
  facet normal 0 0 1
    outer loop
      vertex -15.409139157099553 -20.66295303511301 3.5
      vertex -9.27033435720302 -11.973810280498002 3.5
      vertex -15.466220264716405 -20.593399504237404 3.5
    endloop
  endfacet
  facet normal 0 0 1
    outer loop
      vertex -15.409139157099553 -20.66295303511301 3.5
      vertex -15.356729283084 -20.736090929598046 3.5
      vertex -9.27033435720302 -11.973810280498002 3.5
    endloop
  endfacet
  facet normal 0 0 1
    outer loop
      vertex -17.590860842900447 -20.66295303511301 3.5
      vertex -17.533779735283595 -20.593399504237404 3.5
      vertex -4.570819984313456 -4.619959509615957 3.5
    endloop
  endfacet
  facet normal 0 0 1
    outer loop
      vertex -17.533779735283595 -20.593399504237404 3.5
      vertex -17.472271824131504 -20.527728175868496 3.5
      vertex -4.570819984313456 -4.619959509615957 3.5
    endloop
  endfacet
  facet normal 0 0 1
    outer loop
      vertex -17.472271824131504 -20.527728175868496 3.5
      vertex -17.406600495762596 -20.466220264716405 3.5
      vertex -4.570819984313456 -4.619959509615957 3.5
    endloop
  endfacet
  facet normal 0 0 1
    outer loop
      vertex -17.406600495762596 -20.466220264716405 3.5
      vertex -17.33704696488699 -20.409139157099553 3.5
      vertex -4.570819984313456 -4.619959509615957 3.5
    endloop
  endfacet
  facet normal 0 0 1
    outer loop
      vertex -17.33704696488699 -20.409139157099553 3.5
      vertex -17.263909070401954 -20.356729283084 3.5
      vertex -4.570819984313456 -4.619959509615957 3.5
    endloop
  endfacet
  facet normal 0 0 1
    outer loop
      vertex -17.263909070401954 -20.356729283084 3.5
      vertex -17.1875 -20.309215069796398 3.5
      vertex -4.570819984313456 -4.619959509615957 3.5
    endloop
  endfacet
  facet normal 0 0 1
    outer loop
      vertex -17.1875 -20.309215069796398 3.5
      vertex -17.108146949051125 -20.266799980392555 3.5
      vertex -4.570819984313456 -4.619959509615957 3.5
    endloop
  endfacet
  facet normal 0 0 1
    outer loop
      vertex -17.108146949051125 -20.266799980392555 3.5
      vertex -17.026189719502 -20.22966564279698 3.5
      vertex -4.570819984313456 -4.619959509615957 3.5
    endloop
  endfacet
  facet normal 0 0 1
    outer loop
      vertex -17.026189719502 -20.22966564279698 3.5
      vertex -16.941979264791847 -20.19797107194423 3.5
      vertex -4.570819984313456 -4.619959509615957 3.5
    endloop
  endfacet
  facet normal 0 0 1
    outer loop
      vertex -16.941979264791847 -20.19797107194423 3.5
      vertex -16.855876187015966 -20.17185198885253 3.5
      vertex -4.570819984313456 -4.619959509615957 3.5
    endloop
  endfacet
  facet normal 0 0 1
    outer loop
      vertex -16.855876187015966 -20.17185198885253 3.5
      vertex -16.768249192772178 -20.151420239445557 3.5
      vertex -4.570819984313456 -4.619959509615957 3.5
    endloop
  endfacet
  facet normal 0 0 1
    outer loop
      vertex -16.768249192772178 -20.151420239445557 3.5
      vertex -16.679473514302572 -20.13676331561101 3.5
      vertex -4.570819984313456 -4.619959509615957 3.5
    endloop
  endfacet
  facet normal 0 0 1
    outer loop
      vertex -16.679473514302572 -20.13676331561101 3.5
      vertex -16.589929302691445 -20.12794398054692 3.5
      vertex -4.570819984313456 -4.619959509615957 3.5
    endloop
  endfacet
  facet normal 0 0 1
    outer loop
      vertex -16.589929302691445 -20.12794398054692 3.5
      vertex -16.5 -20.125 3.5
      vertex -4.570819984313456 -4.619959509615957 3.5
    endloop
  endfacet
  facet normal 0 0 1
    outer loop
      vertex -16.5 -20.125 3.5
      vertex -16.410070697308555 -20.12794398054692 3.5
      vertex -4.570819984313456 -4.619959509615957 3.5
    endloop
  endfacet
  facet normal 0 0 1
    outer loop
      vertex -16.410070697308555 -20.12794398054692 3.5
      vertex -16.320526485697428 -20.13676331561101 3.5
      vertex -4.570819984313456 -4.619959509615957 3.5
    endloop
  endfacet
  facet normal 0 0 1
    outer loop
      vertex -16.320526485697428 -20.13676331561101 3.5
      vertex -16.231750807227822 -20.151420239445557 3.5
      vertex -4.570819984313456 -4.619959509615957 3.5
    endloop
  endfacet
  facet normal 0 0 1
    outer loop
      vertex -16.231750807227822 -20.151420239445557 3.5
      vertex -16.144123812984034 -20.17185198885253 3.5
      vertex -4.570819984313456 -4.619959509615957 3.5
    endloop
  endfacet
  facet normal 0 0 1
    outer loop
      vertex -16.058020735208153 -20.19797107194423 3.5
      vertex -4.570819984313456 -4.619959509615957 3.5
      vertex -16.144123812984034 -20.17185198885253 3.5
    endloop
  endfacet
  facet normal 0 0 1
    outer loop
      vertex -17.5 -28.464101615137753 3.5
      vertex -17.27771906792159 -28.32587844921018 3.5
      vertex -0.4251203399959299 -4.219408548497216 3.5
    endloop
  endfacet
  facet normal 0 0 1
    outer loop
      vertex -17.27771906792159 -28.32587844921018 3.5
      vertex -17.06495428396512 -28.17341336116494 3.5
      vertex -0.07786958819487526 -4.121330149561918 3.5
    endloop
  endfacet
  facet normal 0 0 1
    outer loop
      vertex -18.977895231119795 -28.96577944549524 3.5
      vertex -8.608146949051127 -13.733200019607446 3.5
      vertex -8.6875 -13.690784930203604 3.5
    endloop
  endfacet
  facet normal 0 0 1
    outer loop
      vertex -18.719638711935488 -28.92314112161292 3.5
      vertex -8.526189719501998 -13.77033435720302 3.5
      vertex -8.608146949051127 -13.733200019607446 3.5
    endloop
  endfacet
  facet normal 0 0 1
    outer loop
      vertex -18.719638711935488 -28.92314112161292 3.5
      vertex -8.441979264791847 -13.80202892805577 3.5
      vertex -8.526189719501998 -13.77033435720302 3.5
    endloop
  endfacet
  facet normal 0 0 1
    outer loop
      vertex -18.977895231119795 -28.96577944549524 3.5
      vertex -8.6875 -13.690784930203604 3.5
      vertex -8.763909070401953 -13.643270716916 3.5
    endloop
  endfacet
  facet normal 0 0 1
    outer loop
      vertex -18.464723819589917 -28.863703305156275 3.5
      vertex -8.355876187015966 -13.82814801114747 3.5
      vertex -8.441979264791847 -13.80202892805577 3.5
    endloop
  endfacet
  facet normal 0 0 1
    outer loop
      vertex -18.464723819589917 -28.863703305156275 3.5
      vertex -8.268249192772176 -13.848579760554442 3.5
      vertex -8.355876187015966 -13.82814801114747 3.5
    endloop
  endfacet
  facet normal 0 0 1
    outer loop
      vertex -18.464723819589917 -28.863703305156275 3.5
      vertex -8.17947351430257 -13.863236684388989 3.5
      vertex -8.268249192772176 -13.848579760554442 3.5
    endloop
  endfacet
  facet normal 0 0 1
    outer loop
      vertex -18.214242138787355 -28.78772051798042 3.5
      vertex -8.089929302691447 -13.87205601945308 3.5
      vertex -8.17947351430257 -13.863236684388989 3.5
    endloop
  endfacet
  facet normal 0 0 1
    outer loop
      vertex -18.214242138787355 -28.78772051798042 3.5
      vertex -8 -13.875 3.5
      vertex -8.089929302691447 -13.87205601945308 3.5
    endloop
  endfacet
  facet normal 0 0 1
    outer loop
      vertex -17.06495428396512 -28.17341336116494 3.5
      vertex -16.862616739599723 -28.00735922991591 3.5
      vertex 0 -4.129630093030531 3.5
    endloop
  endfacet
  facet normal 0 0 1
    outer loop
      vertex -16.862616739599723 -28.00735922991591 3.5
      vertex -16.67157287525381 -27.82842712474619 3.5
      vertex 0 -4.129630093030531 3.5
    endloop
  endfacet
  facet normal 0 0 1
    outer loop
      vertex -16.67157287525381 -27.82842712474619 3.5
      vertex -16.49264077008409 -27.637383260400277 3.5
      vertex 0.36577904919092624 -4.673394086211762 3.5
    endloop
  endfacet
  facet normal 0 0 1
    outer loop
      vertex -17.96926627053964 -28.695518130045148 3.5
      vertex -7.910070697308553 -13.87205601945308 3.5
      vertex -8 -13.875 3.5
    endloop
  endfacet
  facet normal 0 0 1
    outer loop
      vertex -17.96926627053964 -28.695518130045148 3.5
      vertex -7.820526485697429 -13.863236684388989 3.5
      vertex -7.910070697308553 -13.87205601945308 3.5
    endloop
  endfacet
  facet normal 0 0 1
    outer loop
      vertex -17.96926627053964 -28.695518130045148 3.5
      vertex -7.731750807227824 -13.848579760554442 3.5
      vertex -7.820526485697429 -13.863236684388989 3.5
    endloop
  endfacet
  facet normal 0 0 1
    outer loop
      vertex -17.730845239123994 -28.58749096613075 3.5
      vertex -7.644123812984034 -13.82814801114747 3.5
      vertex -7.731750807227824 -13.848579760554442 3.5
    endloop
  endfacet
  facet normal 0 0 1
    outer loop
      vertex -17.730845239123994 -28.58749096613075 3.5
      vertex -7.558020735208153 -13.80202892805577 3.5
      vertex -7.644123812984034 -13.82814801114747 3.5
    endloop
  endfacet
  facet normal 0 0 1
    outer loop
      vertex -17.730845239123994 -28.58749096613075 3.5
      vertex -7.473810280498002 -13.77033435720302 3.5
      vertex -7.558020735208153 -13.80202892805577 3.5
    endloop
  endfacet
  facet normal 0 0 1
    outer loop
      vertex -17.730845239123994 -28.58749096613075 3.5
      vertex -7.391853050948873 -13.733200019607446 3.5
      vertex -7.473810280498002 -13.77033435720302 3.5
    endloop
  endfacet
  facet normal 0 0 1
    outer loop
      vertex -17.5 -28.464101615137753 3.5
      vertex -7.3125 -13.690784930203604 3.5
      vertex -7.391853050948873 -13.733200019607446 3.5
    endloop
  endfacet
  facet normal 0 0 1
    outer loop
      vertex -17.5 -28.464101615137753 3.5
      vertex -7.236090929598047 -13.643270716916 3.5
      vertex -7.3125 -13.690784930203604 3.5
    endloop
  endfacet
  facet normal 0 0 1
    outer loop
      vertex -17.5 -28.464101615137753 3.5
      vertex -7.162953035113009 -13.590860842900447 3.5
      vertex -7.236090929598047 -13.643270716916 3.5
    endloop
  endfacet
  facet normal 0 0 1
    outer loop
      vertex -17.5 -28.464101615137753 3.5
      vertex -7.093399504237405 -13.533779735283595 3.5
      vertex -7.162953035113009 -13.590860842900447 3.5
    endloop
  endfacet
  facet normal 0 0 1
    outer loop
      vertex -17.5 -28.464101615137753 3.5
      vertex -7.027728175868497 -13.472271824131504 3.5
      vertex -7.093399504237405 -13.533779735283595 3.5
    endloop
  endfacet
  facet normal 0 0 1
    outer loop
      vertex -17.5 -28.464101615137753 3.5
      vertex -6.966220264716406 -13.406600495762595 3.5
      vertex -7.027728175868497 -13.472271824131504 3.5
    endloop
  endfacet
  facet normal 0 0 1
    outer loop
      vertex -17.5 -28.464101615137753 3.5
      vertex -6.909139157099552 -13.33704696488699 3.5
      vertex -6.966220264716406 -13.406600495762595 3.5
    endloop
  endfacet
  facet normal 0 0 1
    outer loop
      vertex -17.5 -28.464101615137753 3.5
      vertex -6.856729283084 -13.263909070401953 3.5
      vertex -6.909139157099552 -13.33704696488699 3.5
    endloop
  endfacet
  facet normal 0 0 1
    outer loop
      vertex -16.058020735208153 -20.19797107194423 3.5
      vertex -15.973810280498002 -20.22966564279698 3.5
      vertex -4.570819984313456 -4.619959509615957 3.5
    endloop
  endfacet
  facet normal 0 0 1
    outer loop
      vertex -15.973810280498002 -20.22966564279698 3.5
      vertex -15.891853050948873 -20.266799980392555 3.5
      vertex -4.299983505813029 -4.452102864543579 3.5
    endloop
  endfacet
  facet normal 0 0 1
    outer loop
      vertex -15.891853050948873 -20.266799980392555 3.5
      vertex -15.8125 -20.309215069796398 3.5
      vertex -4.285747798150448 -4.432862835059306 3.5
    endloop
  endfacet
  facet normal 0 0 1
    outer loop
      vertex -15.8125 -20.309215069796398 3.5
      vertex -15.736090929598047 -20.356729283084 3.5
      vertex -3.98984826026293 -4.15183708744733 3.5
    endloop
  endfacet
  facet normal 0 0 1
    outer loop
      vertex -15.736090929598047 -20.356729283084 3.5
      vertex -15.66295303511301 -20.409139157099553 3.5
      vertex -3.956949288556684 -4.1068758441670425 3.5
    endloop
  endfacet
  facet normal 0 0 1
    outer loop
      vertex -15.593399504237405 -20.466220264716405 3.5
      vertex -15.527728175868496 -20.527728175868496 3.5
      vertex -3.956949288556684 -4.259870036117356 3.5
    endloop
  endfacet
  facet normal 0 0 1
    outer loop
      vertex -15.22966564279698 -20.973810280498 3.5
      vertex -9.363236684388989 -12.67947351430257 3.5
      vertex -9.37205601945308 -12.589929302691447 3.5
    endloop
  endfacet
  facet normal 0 0 1
    outer loop
      vertex -15.22966564279698 -20.973810280498 3.5
      vertex -9.37205601945308 -12.589929302691447 3.5
      vertex -9.375 -12.5 3.5
    endloop
  endfacet
  facet normal 0 0 1
    outer loop
      vertex -15.266799980392554 -20.891853050948875 3.5
      vertex -9.375 -12.5 3.5
      vertex -9.37205601945308 -12.410070697308553 3.5
    endloop
  endfacet
  facet normal 0 0 1
    outer loop
      vertex -15.356729283084 -20.736090929598046 3.5
      vertex -9.37205601945308 -12.410070697308553 3.5
      vertex -9.363236684388989 -12.32052648569743 3.5
    endloop
  endfacet
  facet normal 0 0 1
    outer loop
      vertex -15.356729283084 -20.736090929598046 3.5
      vertex -9.363236684388989 -12.32052648569743 3.5
      vertex -9.348579760554442 -12.231750807227824 3.5
    endloop
  endfacet
  facet normal 0 0 1
    outer loop
      vertex -15.66295303511301 -20.409139157099553 3.5
      vertex -15.593399504237405 -20.466220264716405 3.5
      vertex -3.956949288556684 -4.1068758441670425 3.5
    endloop
  endfacet
  facet normal 0 0 1
    outer loop
      vertex -15.356729283084 -20.736090929598046 3.5
      vertex -9.348579760554442 -12.231750807227824 3.5
      vertex -9.32814801114747 -12.144123812984034 3.5
    endloop
  endfacet
  facet normal 0 0 1
    outer loop
      vertex -15.356729283084 -20.736090929598046 3.5
      vertex -9.32814801114747 -12.144123812984034 3.5
      vertex -9.30202892805577 -12.058020735208153 3.5
    endloop
  endfacet
  facet normal 0 0 1
    outer loop
      vertex -15.527728175868496 -20.527728175868496 3.5
      vertex -9.27033435720302 -11.973810280498002 3.5
      vertex -9.233200019607446 -11.891853050948873 3.5
    endloop
  endfacet
  facet normal 0 0 1
    outer loop
      vertex -15.527728175868496 -20.527728175868496 3.5
      vertex -9.233200019607446 -11.891853050948873 3.5
      vertex -9.190784930203604 -11.8125 3.5
    endloop
  endfacet
  facet normal 0 0 1
    outer loop
      vertex -15.19797107194423 -21.941979264791847 3.5
      vertex -9.190784930203604 -13.1875 3.5
      vertex -9.233200019607446 -13.108146949051127 3.5
    endloop
  endfacet
  facet normal 0 0 1
    outer loop
      vertex -15.22966564279698 -22.026189719502 3.5
      vertex -9.143270716916 -13.263909070401953 3.5
      vertex -9.190784930203604 -13.1875 3.5
    endloop
  endfacet
  facet normal 0 0 1
    outer loop
      vertex -15.125 -21.5 3.5
      vertex -9.27033435720302 -13.026189719501998 3.5
      vertex -9.30202892805577 -12.941979264791847 3.5
    endloop
  endfacet
  facet normal 0 0 1
    outer loop
      vertex -15.125 -21.5 3.5
      vertex -9.233200019607446 -13.108146949051127 3.5
      vertex -9.27033435720302 -13.026189719501998 3.5
    endloop
  endfacet
  facet normal 0 0 1
    outer loop
      vertex -15.151420239445558 -21.231750807227822 3.5
      vertex -9.32814801114747 -12.855876187015966 3.5
      vertex -9.348579760554442 -12.768249192772176 3.5
    endloop
  endfacet
  facet normal 0 0 1
    outer loop
      vertex -15.125 -21.5 3.5
      vertex -9.30202892805577 -12.941979264791847 3.5
      vertex -9.32814801114747 -12.855876187015966 3.5
    endloop
  endfacet
  facet normal 0 0 1
    outer loop
      vertex -15.17185198885253 -21.144123812984034 3.5
      vertex -9.348579760554442 -12.768249192772176 3.5
      vertex -9.363236684388989 -12.67947351430257 3.5
    endloop
  endfacet
  facet normal 0 0 1
    outer loop
      vertex -15.356729283084 -20.736090929598046 3.5
      vertex -9.30202892805577 -12.058020735208153 3.5
      vertex -9.27033435720302 -11.973810280498002 3.5
    endloop
  endfacet
  facet normal 0 0 1
    outer loop
      vertex -15.527728175868496 -20.527728175868496 3.5
      vertex -9.190784930203604 -11.8125 3.5
      vertex -9.143270716916 -11.736090929598047 3.5
    endloop
  endfacet
  facet normal 0 0 1
    outer loop
      vertex -15.527728175868496 -20.527728175868496 3.5
      vertex -9.143270716916 -11.736090929598047 3.5
      vertex -9.090860842900447 -11.66295303511301 3.5
    endloop
  endfacet
  facet normal -0.7029695617306667 0.711219934535158 0
    outer loop
      vertex -22.32842712474619 -22.17157287525381 3.5
      vertex -4.570819984313456 -4.619959509615957 3.5
      vertex -4.570819984313456 -4.619959509615957 0
    endloop
  endfacet
  facet normal 0 0 1
    outer loop
      vertex -15.527728175868496 -20.527728175868496 3.5
      vertex -9.090860842900447 -11.66295303511301 3.5
      vertex -3.6567848663514346 -4.012277862984242 3.5
    endloop
  endfacet
  facet normal 0 0 -1
    outer loop
      vertex -16.49264077008409 -27.637383260400277 0
      vertex -0.6879608647621419 -6.460195468907565 0
      vertex 0.6314393261764208 -9.30771035285024 0
    endloop
  endfacet
  facet normal 0 0 -1
    outer loop
      vertex -17.27771906792159 -28.32587844921018 0
      vertex -1.8327279346623713 -6.2328932733553275 0
      vertex -1.620945598498228 -6.292829258634904 0
    endloop
  endfacet
  facet normal 0 0 -1
    outer loop
      vertex -17.06495428396512 -28.17341336116494 0
      vertex -1.620945598498228 -6.292829258634904 0
      vertex -1.3869778237849675 -6.347382892289721 0
    endloop
  endfacet
  facet normal 0 0 -1
    outer loop
      vertex -16.058020735208153 -20.19797107194423 0
      vertex -4.570819984313456 -4.619959509615957 0
      vertex -4.356105740740618 -4.821061344233621 0
    endloop
  endfacet
  facet normal 0 0 -1
    outer loop
      vertex -15.527728175868496 -20.527728175868496 0
      vertex -4.356105740740618 -4.821061344233621 0
      vertex -4.285583318985902 -4.887093733175229 0
    endloop
  endfacet
  facet normal 0 0 -1
    outer loop
      vertex -9.143270716916 -11.736090929598047 0
      vertex -4.285583318985902 -4.887093733175229 0
      vertex -9.090860842900447 -11.66295303511301 0
    endloop
  endfacet
  facet normal 0 0 -1
    outer loop
      vertex -9.090860842900447 -11.66295303511301 0
      vertex -4.285583318985902 -4.887093733175229 0
      vertex -9.033779735283595 -11.593399504237405 0
    endloop
  endfacet
  facet normal 0 0 -1
    outer loop
      vertex -9.033779735283595 -11.593399504237405 0
      vertex -4.285583318985902 -4.887093733175229 0
      vertex -8.972271824131504 -11.527728175868496 0
    endloop
  endfacet
  facet normal 0 0 -1
    outer loop
      vertex -8.972271824131504 -11.527728175868496 0
      vertex -4.285583318985902 -4.887093733175229 0
      vertex -8.906600495762595 -11.466220264716405 0
    endloop
  endfacet
  facet normal 0 0 -1
    outer loop
      vertex -8.906600495762595 -11.466220264716405 0
      vertex -4.285583318985902 -4.887093733175229 0
      vertex -8.83704696488699 -11.409139157099553 0
    endloop
  endfacet
  facet normal 0 0 -1
    outer loop
      vertex -8.83704696488699 -11.409139157099553 0
      vertex -4.285583318985902 -4.887093733175229 0
      vertex -8.763909070401953 -11.356729283084 0
    endloop
  endfacet
  facet normal 0 0 -1
    outer loop
      vertex -8.763909070401953 -11.356729283084 0
      vertex -3.963617659228158 -5.151324121513566 0
      vertex -8.6875 -11.309215069796396 0
    endloop
  endfacet
  facet normal 0 0 -1
    outer loop
      vertex -8.6875 -11.309215069796396 0
      vertex -3.963617659228158 -5.151324121513566 0
      vertex -8.608146949051127 -11.266799980392554 0
    endloop
  endfacet
  facet normal 0 0 -1
    outer loop
      vertex -8.608146949051127 -11.266799980392554 0
      vertex -3.963617659228158 -5.151324121513566 0
      vertex -8.526189719501998 -11.22966564279698 0
    endloop
  endfacet
  facet normal 0 0 -1
    outer loop
      vertex -8.526189719501998 -11.22966564279698 0
      vertex -3.963617659228158 -5.151324121513566 0
      vertex -8.441979264791847 -11.19797107194423 0
    endloop
  endfacet
  facet normal 0 0 -1
    outer loop
      vertex -8.441979264791847 -11.19797107194423 0
      vertex -3.963617659228158 -5.151324121513566 0
      vertex -8.355876187015966 -11.17185198885253 0
    endloop
  endfacet
  facet normal 0 0 -1
    outer loop
      vertex -8.355876187015966 -11.17185198885253 0
      vertex -3.963617659228158 -5.151324121513566 0
      vertex -8.268249192772176 -11.151420239445558 0
    endloop
  endfacet
  facet normal 0 0 -1
    outer loop
      vertex -8.268249192772176 -11.151420239445558 0
      vertex -3.963617659228158 -5.151324121513566 0
      vertex -8.17947351430257 -11.136763315611011 0
    endloop
  endfacet
  facet normal 0 0 -1
    outer loop
      vertex -8.17947351430257 -11.136763315611011 0
      vertex -3.963617659228158 -5.151324121513566 0
      vertex -8.089929302691447 -11.12794398054692 0
    endloop
  endfacet
  facet normal 0 0 -1
    outer loop
      vertex -8.089929302691447 -11.12794398054692 0
      vertex -3.963617659228158 -5.151324121513566 0
      vertex -8 -11.125 0
    endloop
  endfacet
  facet normal 0 0 -1
    outer loop
      vertex -16.862616739599723 -28.00735922991591 0
      vertex -1.3869778237849675 -6.347382892289721 0
      vertex -1.1624367721642694 -6.3925472612030045 0
    endloop
  endfacet
  facet normal 0 0 -1
    outer loop
      vertex -16.67157287525381 -27.82842712474619 0
      vertex -1.1624367721642694 -6.3925472612030045 0
      vertex -0.9248608585394795 -6.43177120328883 0
    endloop
  endfacet
  facet normal 0 0 -1
    outer loop
      vertex -16.49264077008409 -27.637383260400277 0
      vertex -0.9248608585394795 -6.43177120328883 0
      vertex -0.6879608647621419 -6.460195468907565 0
    endloop
  endfacet
  facet normal 0 0 -1
    outer loop
      vertex -6.856729283084 -13.263909070401953 0
      vertex -6.809215069796397 -13.1875 0
      vertex -1.8327279346623713 -6.2328932733553275 0
    endloop
  endfacet
  facet normal 0 0 -1
    outer loop
      vertex -6.809215069796397 -13.1875 0
      vertex -6.766799980392554 -13.108146949051127 0
      vertex -1.8327279346623713 -6.2328932733553275 0
    endloop
  endfacet
  facet normal 0 0 -1
    outer loop
      vertex -6.766799980392554 -13.108146949051127 0
      vertex -6.729665642796981 -13.026189719501998 0
      vertex -1.8327279346623713 -6.2328932733553275 0
    endloop
  endfacet
  facet normal 0 0 -1
    outer loop
      vertex -6.729665642796981 -13.026189719501998 0
      vertex -6.697971071944229 -12.941979264791847 0
      vertex -1.8327279346623713 -6.2328932733553275 0
    endloop
  endfacet
  facet normal 0 0 -1
    outer loop
      vertex -6.697971071944229 -12.941979264791847 0
      vertex -6.671851988852531 -12.855876187015966 0
      vertex -1.8327279346623713 -6.2328932733553275 0
    endloop
  endfacet
  facet normal 0 0 -1
    outer loop
      vertex -6.671851988852531 -12.855876187015966 0
      vertex -6.651420239445558 -12.768249192772176 0
      vertex -1.8327279346623713 -6.2328932733553275 0
    endloop
  endfacet
  facet normal 0 0 -1
    outer loop
      vertex -6.651420239445558 -12.768249192772176 0
      vertex -6.63676331561101 -12.67947351430257 0
      vertex -1.8327279346623713 -6.2328932733553275 0
    endloop
  endfacet
  facet normal 0 0 -1
    outer loop
      vertex -6.63676331561101 -12.67947351430257 0
      vertex -6.62794398054692 -12.589929302691447 0
      vertex -1.8327279346623713 -6.2328932733553275 0
    endloop
  endfacet
  facet normal 0 0 -1
    outer loop
      vertex -8 -11.125 0
      vertex -3.673997864383745 -5.35955683505269 0
      vertex -7.910070697308553 -11.12794398054692 0
    endloop
  endfacet
  facet normal 0 0 -1
    outer loop
      vertex -7.910070697308553 -11.12794398054692 0
      vertex -3.673997864383745 -5.35955683505269 0
      vertex -7.820526485697429 -11.136763315611011 0
    endloop
  endfacet
  facet normal 0 0 -1
    outer loop
      vertex -7.820526485697429 -11.136763315611011 0
      vertex -3.673997864383745 -5.35955683505269 0
      vertex -7.731750807227824 -11.151420239445558 0
    endloop
  endfacet
  facet normal 0 0 -1
    outer loop
      vertex -7.731750807227824 -11.151420239445558 0
      vertex -3.673997864383745 -5.35955683505269 0
      vertex -7.644123812984034 -11.17185198885253 0
    endloop
  endfacet
  facet normal 0 0 -1
    outer loop
      vertex -7.644123812984034 -11.17185198885253 0
      vertex -3.673997864383745 -5.35955683505269 0
      vertex -7.558020735208153 -11.19797107194423 0
    endloop
  endfacet
  facet normal 0 0 -1
    outer loop
      vertex -7.558020735208153 -11.19797107194423 0
      vertex -3.563872558144645 -5.4339866255756615 0
      vertex -7.473810280498002 -11.22966564279698 0
    endloop
  endfacet
  facet normal 0 0 -1
    outer loop
      vertex -7.162953035113009 -11.409139157099553 0
      vertex -2.878552222412329 -5.827708098143634 0
      vertex -7.093399504237405 -11.466220264716405 0
    endloop
  endfacet
  facet normal 0 0 -1
    outer loop
      vertex -7.473810280498002 -11.22966564279698 0
      vertex -3.369465641208054 -5.554876615040505 0
      vertex -7.391853050948873 -11.266799980392554 0
    endloop
  endfacet
  facet normal 0 0 -1
    outer loop
      vertex -7.391853050948873 -11.266799980392554 0
      vertex -3.369465641208054 -5.554876615040505 0
      vertex -7.3125 -11.309215069796396 0
    endloop
  endfacet
  facet normal 0 0 -1
    outer loop
      vertex -7.3125 -11.309215069796396 0
      vertex -3.369465641208054 -5.554876615040505 0
      vertex -7.236090929598047 -11.356729283084 0
    endloop
  endfacet
  facet normal 0 0 -1
    outer loop
      vertex -7.162953035113009 -11.409139157099553 0
      vertex -7.236090929598047 -11.356729283084 0
      vertex -3.248757475001625 -5.629829268047179 0
    endloop
  endfacet
  facet normal 0 0 -1
    outer loop
      vertex -7.093399504237405 -11.466220264716405 0
      vertex -2.878552222412329 -5.827708098143634 0
      vertex -7.027728175868497 -11.527728175868496 0
    endloop
  endfacet
  facet normal 0 0 -1
    outer loop
      vertex -7.027728175868497 -11.527728175868496 0
      vertex -2.878552222412329 -5.827708098143634 0
      vertex -6.966220264716406 -11.593399504237405 0
    endloop
  endfacet
  facet normal 0 0 -1
    outer loop
      vertex -6.909139157099552 -11.66295303511301 0
      vertex -6.966220264716406 -11.593399504237405 0
      vertex -2.878552222412329 -5.827708098143634 0
    endloop
  endfacet
  facet normal 0 0 -1
    outer loop
      vertex -6.909139157099552 -11.66295303511301 0
      vertex -2.856919812618546 -5.837808883014328 0
      vertex -6.856729283084 -11.736090929598047 0
    endloop
  endfacet
  facet normal 0 0 -1
    outer loop
      vertex -6.671851988852531 -12.144123812984034 0
      vertex -6.697971071944229 -12.058020735208153 0
      vertex -2.469280540608961 -6.012052567431675 0
    endloop
  endfacet
  facet normal 0 0 -1
    outer loop
      vertex -6.729665642796981 -11.973810280498002 0
      vertex -2.488003369762003 -6.00496274862152 0
      vertex -6.697971071944229 -12.058020735208153 0
    endloop
  endfacet
  facet normal 0 0 -1
    outer loop
      vertex -6.766799980392554 -11.891853050948873 0
      vertex -6.809215069796397 -11.8125 0
      vertex -2.488003369762003 -6.00496274862152 0
    endloop
  endfacet
  facet normal 0 0 -1
    outer loop
      vertex -6.856729283084 -11.736090929598047 0
      vertex -2.488003369762003 -6.00496274862152 0
      vertex -6.809215069796397 -11.8125 0
    endloop
  endfacet
  facet normal 0 0 -1
    outer loop
      vertex -6.766799980392554 -11.891853050948873 0
      vertex -2.488003369762003 -6.00496274862152 0
      vertex -6.729665642796981 -11.973810280498002 0
    endloop
  endfacet
  facet normal 0 0 -1
    outer loop
      vertex -6.62794398054692 -12.589929302691447 0
      vertex -6.625 -12.5 0
      vertex -2.0776337525294424 -6.158601905709207 0
    endloop
  endfacet
  facet normal 0 0 -1
    outer loop
      vertex -6.62794398054692 -12.410070697308553 0
      vertex -2.090834621148314 -6.1544895255215595 0
      vertex -6.625 -12.5 0
    endloop
  endfacet
  facet normal 0 0 -1
    outer loop
      vertex -6.62794398054692 -12.410070697308553 0
      vertex -6.63676331561101 -12.32052648569743 0
      vertex -2.090834621148314 -6.1544895255215595 0
    endloop
  endfacet
  facet normal 0 0 -1
    outer loop
      vertex -6.63676331561101 -12.32052648569743 0
      vertex -6.651420239445558 -12.231750807227824 0
      vertex -2.090834621148314 -6.1544895255215595 0
    endloop
  endfacet
  facet normal 0 0 -1
    outer loop
      vertex -6.651420239445558 -12.231750807227824 0
      vertex -6.671851988852531 -12.144123812984034 0
      vertex -2.090834621148314 -6.1544895255215595 0
    endloop
  endfacet
  facet normal 0 0 -1
    outer loop
      vertex -8.763909070401953 -11.356729283084 0
      vertex -4.285583318985902 -4.887093733175229 0
      vertex -3.963617659228158 -5.151324121513566 0
    endloop
  endfacet
  facet normal 0 0 -1
    outer loop
      vertex -8 -11.125 0
      vertex -3.963617659228158 -5.151324121513566 0
      vertex -3.951863810355514 -5.160440914036237 0
    endloop
  endfacet
  facet normal 0 0 -1
    outer loop
      vertex -8 -11.125 0
      vertex -3.951863810355514 -5.160440914036237 0
      vertex -3.673997864383745 -5.35955683505269 0
    endloop
  endfacet
  facet normal 0 0 -1
    outer loop
      vertex -7.558020735208153 -11.19797107194423 0
      vertex -3.673997864383745 -5.35955683505269 0
      vertex -3.563872558144645 -5.4339866255756615 0
    endloop
  endfacet
  facet normal 0 0 -1
    outer loop
      vertex -7.473810280498002 -11.22966564279698 0
      vertex -3.563872558144645 -5.4339866255756615 0
      vertex -3.369465641208054 -5.554876615040505 0
    endloop
  endfacet
  facet normal 0 0 -1
    outer loop
      vertex -7.236090929598047 -11.356729283084 0
      vertex -3.369465641208054 -5.554876615040505 0
      vertex -3.248757475001625 -5.629829268047179 0
    endloop
  endfacet
  facet normal 0 0 -1
    outer loop
      vertex -7.162953035113009 -11.409139157099553 0
      vertex -3.248757475001625 -5.629829268047179 0
      vertex -2.878552222412329 -5.827708098143634 0
    endloop
  endfacet
  facet normal 0 0 -1
    outer loop
      vertex -6.909139157099552 -11.66295303511301 0
      vertex -2.878552222412329 -5.827708098143634 0
      vertex -2.856919812618546 -5.837808883014328 0
    endloop
  endfacet
  facet normal 0 0 -1
    outer loop
      vertex -6.856729283084 -11.736090929598047 0
      vertex -2.856919812618546 -5.837808883014328 0
      vertex -2.488003369762003 -6.00496274862152 0
    endloop
  endfacet
  facet normal 0 0 -1
    outer loop
      vertex -6.697971071944229 -12.058020735208153 0
      vertex -2.488003369762003 -6.00496274862152 0
      vertex -2.469280540608961 -6.012052567431675 0
    endloop
  endfacet
  facet normal 0 0 -1
    outer loop
      vertex -6.625 -12.5 0
      vertex -2.090834621148314 -6.1544895255215595 0
      vertex -2.0776337525294424 -6.158601905709207 0
    endloop
  endfacet
  facet normal 0 0 -1
    outer loop
      vertex -6.671851988852531 -12.144123812984034 0
      vertex -2.469280540608961 -6.012052567431675 0
      vertex -2.090834621148314 -6.1544895255215595 0
    endloop
  endfacet
  facet normal 0 0 -1
    outer loop
      vertex -6.62794398054692 -12.589929302691447 0
      vertex -2.0776337525294424 -6.158601905709207 0
      vertex -1.8327279346623713 -6.2328932733553275 0
    endloop
  endfacet
  facet normal 0 0 -1
    outer loop
      vertex -3.963617659228158 -5.151324121513566 0
      vertex -3.956429288840461 -5.140912363768303 0
      vertex -3.951863810355514 -5.160440914036237 0
    endloop
  endfacet
  facet normal 0 0 -1
    outer loop
      vertex -4.285583318985902 -4.887093733175229 0
      vertex -4.356105740740618 -4.821061344233621 0
      vertex -4.28009194348883 -4.714190261275508 0
    endloop
  endfacet
  facet normal 0 0 -1
    outer loop
      vertex -3.673997864383745 -5.35955683505269 0
      vertex -3.606407434683443 -5.257955752833496 0
      vertex -3.563872558144645 -5.4339866255756615 0
    endloop
  endfacet
  facet normal 0 0 -1
    outer loop
      vertex -3.369465641208054 -5.554876615040505 0
      vertex -3.2412709798069477 -5.362521141518882 0
      vertex -3.248757475001625 -5.629829268047179 0
    endloop
  endfacet
  facet normal 0 0 -1
    outer loop
      vertex -2.878552222412329 -5.827708098143634 0
      vertex -2.874626092604705 -5.822024080045758 0
      vertex -2.856919812618546 -5.837808883014328 0
    endloop
  endfacet
  facet normal 0 0 -1
    outer loop
      vertex -2.488003369762003 -6.00496274862152 0
      vertex -2.48740586468039 -6.004103660580438 0
      vertex -2.469280540608961 -6.012052567431675 0
    endloop
  endfacet
  facet normal 0 0 -1
    outer loop
      vertex -2.090834621148314 -6.1544895255215595 0
      vertex -2.08926646843691 -6.152294914468728 0
      vertex -2.0776337525294424 -6.158601905709207 0
    endloop
  endfacet
  facet normal 0 0 -1
    outer loop
      vertex -1.8327279346623713 -6.2328932733553275 0
      vertex -1.6733677693667102 -6.004939644951018 0
      vertex -1.620945598498228 -6.292829258634904 0
    endloop
  endfacet
  facet normal 0 0 -1
    outer loop
      vertex -1.3869778237849675 -6.347382892289721 0
      vertex -1.2614270078047636 -6.1716597626603615 0
      vertex -1.1624367721642694 -6.3925472612030045 0
    endloop
  endfacet
  facet normal 0 0 -1
    outer loop
      vertex 0.6314393261764208 -9.30771035285024 0
      vertex -0.6879608647621419 -6.460195468907565 0
      vertex 0.6314393261764208 -6.465762354562779 0
    endloop
  endfacet
  facet normal 0 0 -1
    outer loop
      vertex 0.6314393261764208 -9.30771035285024 0
      vertex 0.7767366910193232 -6.451451813195304 0
      vertex 0.7767366910193232 -9.130665001530522 0
    endloop
  endfacet
  facet normal 0 0 -1
    outer loop
      vertex 0.7767366910193232 -9.130665001530522 0
      vertex 0.8647645149417679 -6.4416931497727195 0
      vertex 0.9101436430589085 -8.944495815568608 0
    endloop
  endfacet
  facet normal 0 0 -1
    outer loop
      vertex 0.6314393261764208 -9.30771035285024 0
      vertex 0.6314393261764208 -6.465762354562779 0
      vertex 0.7767366910193232 -6.451451813195304 0
    endloop
  endfacet
  facet normal 0 0 -1
    outer loop
      vertex 0.7767366910193232 -9.130665001530522 0
      vertex 0.7767366910193232 -6.451451813195304 0
      vertex 0.8647645149417679 -6.4416931497727195 0
    endloop
  endfacet
  facet normal 0 0 -1
    outer loop
      vertex 0.9101436430589085 -8.944495815568608 0
      vertex 1.2335783637895035 -6.380801736889422 0
      vertex 1.0310889132455352 -8.75 0
    endloop
  endfacet
  facet normal 0 0 -1
    outer loop
      vertex 1.0310889132455352 -8.75 0
      vertex 1.2335783637895035 -6.380801736889422 0
      vertex 1.1390545953644091 -8.548010415766505 0
    endloop
  endfacet
  facet normal 0 0 -1
    outer loop
      vertex 1.1390545953644091 -8.548010415766505 0
      vertex 1.2335783637895035 -6.380801736889422 0
      vertex 1.2335783637895035 -8.339392013277815 0
    endloop
  endfacet
  facet normal 0 0 -1
    outer loop
      vertex 0.9101436430589085 -8.944495815568608 0
      vertex 0.8647645149417679 -6.4416931497727195 0
      vertex 1.2335783637895035 -6.380801736889422 0
    endloop
  endfacet
  facet normal 0 0 -1
    outer loop
      vertex 1.2335783637895035 -8.339392013277815 0
      vertex 1.2981116654297735 -6.3681035742433005 0
      vertex 1.31425545323287 -8.125038128561066 0
    endloop
  endfacet
  facet normal 0 0 -1
    outer loop
      vertex 1.2335783637895035 -8.339392013277815 0
      vertex 1.2335783637895035 -6.380801736889422 0
      vertex 1.2981116654297735 -6.3681035742433005 0
    endloop
  endfacet
  facet normal 0 0 -1
    outer loop
      vertex 1.31425545323287 -8.125038128561066 0
      vertex 1.4327484814113065 -6.336710671761285 0
      vertex 1.380740392011739 -7.905866657858823 0
    endloop
  endfacet
  facet normal 0 0 -1
    outer loop
      vertex 1.380740392011739 -7.905866657858823 0
      vertex 1.4327484814113065 -6.336710671761285 0
      vertex 1.4327484814113065 -7.682816127056449 0
    endloop
  endfacet
  facet normal 0 0 -1
    outer loop
      vertex 1.4327484814113065 -7.682816127056449 0
      vertex 1.4700570148083365 -6.543158327229819 0
      vertex 1.4700570148083365 -7.456841672770181 0
    endloop
  endfacet
  facet normal 0 0 -1
    outer loop
      vertex 1.31425545323287 -8.125038128561066 0
      vertex 1.2981116654297735 -6.3681035742433005 0
      vertex 1.4327484814113065 -6.336710671761285 0
    endloop
  endfacet
  facet normal 0 0 -1
    outer loop
      vertex 1.4327484814113065 -7.682816127056449 0
      vertex 1.4327484814113065 -6.336710671761285 0
      vertex 1.4700570148083365 -6.543158327229819 0
    endloop
  endfacet
  facet normal 0 0 -1
    outer loop
      vertex 1.4700570148083365 -7.456841672770181 0
      vertex 1.492506231335112 -6.771089047694499 0
      vertex 1.492506231335112 -7.228910952305501 0
    endloop
  endfacet
  facet normal 0 0 -1
    outer loop
      vertex 1.492506231335112 -7.228910952305501 0
      vertex 1.492506231335112 -6.771089047694499 0
      vertex 1.5 -7 0
    endloop
  endfacet
  facet normal 0 0 -1
    outer loop
      vertex 1.4700570148083365 -7.456841672770181 0
      vertex 1.4700570148083365 -6.543158327229819 0
      vertex 1.492506231335112 -6.771089047694499 0
    endloop
  endfacet
  facet normal 0 0 -1
    outer loop
      vertex -0.9248608585394795 -6.43177120328883 0
      vertex -0.8444200778311979 -6.3221989971706 0
      vertex -0.6879608647621419 -6.460195468907565 0
    endloop
  endfacet
  facet normal 0 0 -1
    outer loop
      vertex -0.6879608647621419 -6.460195468907565 0
      vertex 0.47707174910877365 -4.899131619784617 0
      vertex 0.6314393261764208 -6.465762354562779 0
    endloop
  endfacet
  facet normal 0 0 -1
    outer loop
      vertex 0.7767366910193232 -6.451451813195304 0
      vertex 0.8945979053498849 -5.033810132583123 0
      vertex 0.8647645149417679 -6.4416931497727195 0
    endloop
  endfacet
  facet normal 0 0 -1
    outer loop
      vertex 0.7767366910193232 -6.451451813195304 0
      vertex 0.8484202494303352 -4.969369288378684 0
      vertex 0.8945979053498849 -5.033810132583123 0
    endloop
  endfacet
  facet normal 0 0 -1
    outer loop
      vertex 1.2335783637895035 -6.380801736889422 0
      vertex 1.2868442620720881 -5.802132083570203 0
      vertex 1.2981116654297735 -6.3681035742433005 0
    endloop
  endfacet
  facet normal 0 0 -1
    outer loop
      vertex 1.2335783637895035 -6.380801736889422 0
      vertex 1.2680870931048336 -5.752295481107717 0
      vertex 1.2868442620720881 -5.802132083570203 0
    endloop
  endfacet
  facet normal 0 0 -1
    outer loop
      vertex 1.4358528624534872 -6.335986831624293 0
      vertex 1.4700570148083365 -6.543158327229819 0
      vertex 1.4327484814113065 -6.336710671761285 0
    endloop
  endfacet
  facet normal 0.773010453362735 -0.6343932841636478 0
    outer loop
      vertex 0.6314393261764208 -9.30771035285024 0
      vertex 0.7767366910193232 -9.130665001530522 0
      vertex 0.6314393261764208 -9.30771035285024 3.5
    endloop
  endfacet
  facet normal 0.8128466845916142 -0.5824776968678034 0
    outer loop
      vertex 0.7767366910193232 -9.130665001530522 0
      vertex 0.9101436430589085 -8.944495815568608 0
      vertex 0.7767366910193232 -9.130665001530522 3.5
    endloop
  endfacet
  facet normal 0.8492021815265797 -0.5280678506503668 0
    outer loop
      vertex 0.9101436430589085 -8.944495815568608 0
      vertex 1.0310889132455352 -8.75 0
      vertex 0.9101436430589085 -8.944495815568608 3.5
    endloop
  endfacet
  facet normal 0.8819212643483539 -0.47139673682599953 0
    outer loop
      vertex 1.0310889132455352 -8.75 0
      vertex 1.1390545953644091 -8.548010415766505 0
      vertex 1.0310889132455352 -8.75 3.5
    endloop
  endfacet
  facet normal 0.9108638249211766 -0.41270702980439306 0
    outer loop
      vertex 1.1390545953644091 -8.548010415766505 0
      vertex 1.2335783637895035 -8.339392013277815 0
      vertex 1.1390545953644091 -8.548010415766505 3.5
    endloop
  endfacet
  facet normal 0.9359059267573251 -0.352250047921235 0
    outer loop
      vertex 1.2335783637895035 -8.339392013277815 0
      vertex 1.31425545323287 -8.125038128561066 0
      vertex 1.2335783637895035 -8.339392013277815 3.5
    endloop
  endfacet
  facet normal 0.9569403357322092 -0.29028467725446117 0
    outer loop
      vertex 1.31425545323287 -8.125038128561066 0
      vertex 1.380740392011739 -7.905866657858823 0
      vertex 1.31425545323287 -8.125038128561066 3.5
    endloop
  endfacet
  facet normal 0.9738769792773337 -0.22707626303437276 0
    outer loop
      vertex 1.380740392011739 -7.905866657858823 0
      vertex 1.4327484814113065 -7.682816127056449 0
      vertex 1.380740392011739 -7.905866657858823 3.5
    endloop
  endfacet
  facet normal 0.9866433320848789 -0.1628954733945895 0
    outer loop
      vertex 1.4327484814113065 -7.682816127056449 0
      vertex 1.4700570148083365 -7.456841672770181 0
      vertex 1.4327484814113065 -7.682816127056449 3.5
    endloop
  endfacet
  facet normal 0.9951847266721969 -0.0980171403295595 0
    outer loop
      vertex 1.4700570148083365 -7.456841672770181 0
      vertex 1.492506231335112 -7.228910952305501 0
      vertex 1.4700570148083365 -7.456841672770181 3.5
    endloop
  endfacet
  facet normal 0.9994645874763656 -0.032719082821777 0
    outer loop
      vertex 1.492506231335112 -7.228910952305501 0
      vertex 1.5 -7 0
      vertex 1.492506231335112 -7.228910952305501 3.5
    endloop
  endfacet
  facet normal 0.9994645874763656 0.032719082821777 0
    outer loop
      vertex 1.5 -7 0
      vertex 1.492506231335112 -6.771089047694499 0
      vertex 1.5 -7 3.5
    endloop
  endfacet
  facet normal 0.9866433320848789 0.16289547339458985 0
    outer loop
      vertex 1.4358528624534872 -6.335986831624293 0
      vertex 1.4358528624534872 -6.335986831624293 3.5
      vertex 1.4700570148083365 -6.543158327229819 0
    endloop
  endfacet
  facet normal 0.9951847266721969 0.0980171403295595 0
    outer loop
      vertex 1.492506231335112 -6.771089047694499 0
      vertex 1.4700570148083365 -6.543158327229819 0
      vertex 1.492506231335112 -6.771089047694499 3.5
    endloop
  endfacet
  facet normal 0.7307293514709616 -0.6826672797921605 0
    outer loop
      vertex -16.49264077008409 -27.637383260400277 3.5
      vertex 0.6314393261764208 -9.30771035285024 0
      vertex 0.6314393261764208 -9.30771035285024 3.5
    endloop
  endfacet
  facet normal 0 0 1
    outer loop
      vertex -17.5 -28.464101615137753 3.5
      vertex -0.4251203399959299 -4.219408548497216 3.5
      vertex -6.856729283084 -13.263909070401953 3.5
    endloop
  endfacet
  facet normal 0 0 1
    outer loop
      vertex -15.973810280498002 -20.22966564279698 3.5
      vertex -4.5245162636871825 -4.663327676592771 3.5
      vertex -4.570819984313456 -4.619959509615957 3.5
    endloop
  endfacet
  facet normal 0 0 1
    outer loop
      vertex -15.973810280498002 -20.22966564279698 3.5
      vertex -4.299983505813029 -4.452102864543579 3.5
      vertex -4.5245162636871825 -4.663327676592771 3.5
    endloop
  endfacet
  facet normal 0 0 1
    outer loop
      vertex -15.891853050948873 -20.266799980392555 3.5
      vertex -4.285747798150448 -4.432862835059306 3.5
      vertex -4.299983505813029 -4.452102864543579 3.5
    endloop
  endfacet
  facet normal 0 0 1
    outer loop
      vertex -15.8125 -20.309215069796398 3.5
      vertex -4.285747798150448 -4.436813182411295 3.5
      vertex -4.285747798150448 -4.432862835059306 3.5
    endloop
  endfacet
  facet normal 0 0 1
    outer loop
      vertex -15.8125 -20.309215069796398 3.5
      vertex -3.98984826026293 -4.15183708744733 3.5
      vertex -4.285747798150448 -4.436813182411295 3.5
    endloop
  endfacet
  facet normal 0 0 1
    outer loop
      vertex -15.736090929598047 -20.356729283084 3.5
      vertex -3.956949288556684 -4.1068758441670425 3.5
      vertex -3.98984826026293 -4.15183708744733 3.5
    endloop
  endfacet
  facet normal 0 0 1
    outer loop
      vertex -15.593399504237405 -20.466220264716405 3.5
      vertex -3.956949288556684 -4.259870036117356 3.5
      vertex -3.956949288556684 -4.1068758441670425 3.5
    endloop
  endfacet
  facet normal 0 0 1
    outer loop
      vertex -15.527728175868496 -20.527728175868496 3.5
      vertex -3.6567848663514346 -4.012277862984242 3.5
      vertex -3.956949288556684 -4.259870036117356 3.5
    endloop
  endfacet
  facet normal 0 0 1
    outer loop
      vertex -9.090860842900447 -11.66295303511301 3.5
      vertex -9.033779735283595 -11.593399504237405 3.5
      vertex -3.611206514627414 -3.9488669794837095 3.5
    endloop
  endfacet
  facet normal 0 0 1
    outer loop
      vertex -9.033779735283595 -11.593399504237405 3.5
      vertex -8.972271824131504 -11.527728175868496 3.5
      vertex -3.611206514627414 -3.9488669794837095 3.5
    endloop
  endfacet
  facet normal 0 0 1
    outer loop
      vertex -8.972271824131504 -11.527728175868496 3.5
      vertex -8.906600495762595 -11.466220264716405 3.5
      vertex -3.611206514627414 -3.9488669794837095 3.5
    endloop
  endfacet
  facet normal 0 0 1
    outer loop
      vertex -8.906600495762595 -11.466220264716405 3.5
      vertex -8.83704696488699 -11.409139157099553 3.5
      vertex -3.611206514627414 -3.9488669794837095 3.5
    endloop
  endfacet
  facet normal 0 0 1
    outer loop
      vertex -8.83704696488699 -11.409139157099553 3.5
      vertex -8.763909070401953 -11.356729283084 3.5
      vertex -3.611206514627414 -3.9488669794837095 3.5
    endloop
  endfacet
  facet normal 0 0 1
    outer loop
      vertex -8.763909070401953 -11.356729283084 3.5
      vertex -8.6875 -11.309215069796396 3.5
      vertex -3.611206514627414 -3.9488669794837095 3.5
    endloop
  endfacet
  facet normal 0 0 1
    outer loop
      vertex -8.6875 -11.309215069796396 3.5
      vertex -8.608146949051127 -11.266799980392554 3.5
      vertex -3.611206514627414 -3.9488669794837095 3.5
    endloop
  endfacet
  facet normal 0 0 1
    outer loop
      vertex -8.608146949051127 -11.266799980392554 3.5
      vertex -8.526189719501998 -11.22966564279698 3.5
      vertex -3.611206514627414 -3.9488669794837095 3.5
    endloop
  endfacet
  facet normal 0 0 1
    outer loop
      vertex -8.526189719501998 -11.22966564279698 3.5
      vertex -8.441979264791847 -11.19797107194423 3.5
      vertex -3.611206514627414 -3.9488669794837095 3.5
    endloop
  endfacet
  facet normal 0 0 1
    outer loop
      vertex -8.441979264791847 -11.19797107194423 3.5
      vertex -8.355876187015966 -11.17185198885253 3.5
      vertex -3.611206514627414 -3.9488669794837095 3.5
    endloop
  endfacet
  facet normal 0 0 1
    outer loop
      vertex -8.355876187015966 -11.17185198885253 3.5
      vertex -8.268249192772176 -11.151420239445558 3.5
      vertex -3.305181129839893 -3.943555981080846 3.5
    endloop
  endfacet
  facet normal 0 0 1
    outer loop
      vertex -17.27771906792159 -28.32587844921018 3.5
      vertex -0.07786958819487526 -4.121330149561918 3.5
      vertex -0.4251203399959299 -4.219408548497216 3.5
    endloop
  endfacet
  facet normal 0 0 1
    outer loop
      vertex -17.06495428396512 -28.17341336116494 3.5
      vertex -0.07786354301957414 -4.121514810564534 3.5
      vertex -0.07786958819487526 -4.121330149561918 3.5
    endloop
  endfacet
  facet normal 0 0 1
    outer loop
      vertex -17.06495428396512 -28.17341336116494 3.5
      vertex 0 -4.129630093030531 3.5
      vertex -0.07786354301957414 -4.121514810564534 3.5
    endloop
  endfacet
  facet normal 0 0 1
    outer loop
      vertex -16.67157287525381 -27.82842712474619 3.5
      vertex 0.36577904919092624 -4.673394086211762 3.5
      vertex 0 -4.7937166528159265 3.5
    endloop
  endfacet
  facet normal 0 0 1
    outer loop
      vertex -16.49264077008409 -27.637383260400277 3.5
      vertex 0.4251203399959299 -4.592744842407172 3.5
      vertex 0.36577904919092624 -4.673394086211762 3.5
    endloop
  endfacet
  facet normal 0 0 1
    outer loop
      vertex -16.49264077008409 -27.637383260400277 3.5
      vertex 0.6314393261764208 -9.30771035285024 3.5
      vertex 0.4251203399959299 -4.9687429471513225 3.5
    endloop
  endfacet
  facet normal 0 0 1
    outer loop
      vertex -16.49264077008409 -27.637383260400277 3.5
      vertex 0.4251203399959299 -4.9687429471513225 3.5
      vertex 0.4251203399959299 -4.592744842407172 3.5
    endloop
  endfacet
  facet normal 0 0 1
    outer loop
      vertex -16.67157287525381 -27.82842712474619 3.5
      vertex 0 -4.7937166528159265 3.5
      vertex 0 -4.129630093030531 3.5
    endloop
  endfacet
  facet normal 0 0 1
    outer loop
      vertex -8.268249192772176 -11.151420239445558 3.5
      vertex -8.17947351430257 -11.136763315611011 3.5
      vertex -3.25 -3.864583575102916 3.5
    endloop
  endfacet
  facet normal 0 0 1
    outer loop
      vertex -8.17947351430257 -11.136763315611011 3.5
      vertex -8.089929302691447 -11.12794398054692 3.5
      vertex -3.25 -3.864583575102916 3.5
    endloop
  endfacet
  facet normal 0 0 1
    outer loop
      vertex -8.089929302691447 -11.12794398054692 3.5
      vertex -8 -11.125 3.5
      vertex -2.9453650561740132 -3.67646975888526 3.5
    endloop
  endfacet
  facet normal 0 0 1
    outer loop
      vertex -8 -11.125 3.5
      vertex -7.910070697308553 -11.12794398054692 3.5
      vertex -2.9453650561740132 -3.67646975888526 3.5
    endloop
  endfacet
  facet normal 0 0 1
    outer loop
      vertex -7.910070697308553 -11.12794398054692 3.5
      vertex -7.820526485697429 -11.136763315611011 3.5
      vertex -2.8748764864235086 -3.845047308288961 3.5
    endloop
  endfacet
  facet normal 0 0 1
    outer loop
      vertex -7.820526485697429 -11.136763315611011 3.5
      vertex -7.731750807227824 -11.151420239445558 3.5
      vertex -2.8748764864235086 -3.845047308288961 3.5
    endloop
  endfacet
  facet normal 0 0 1
    outer loop
      vertex -7.731750807227824 -11.151420239445558 3.5
      vertex -7.644123812984034 -11.17185198885253 3.5
      vertex -2.8748764864235086 -3.845047308288961 3.5
    endloop
  endfacet
  facet normal 0 0 1
    outer loop
      vertex -7.644123812984034 -11.17185198885253 3.5
      vertex -7.558020735208153 -11.19797107194423 3.5
      vertex -2.5633383122545426 -3.6868339362016305 3.5
    endloop
  endfacet
  facet normal 0 0 1
    outer loop
      vertex -7.558020735208153 -11.19797107194423 3.5
      vertex -7.473810280498002 -11.22966564279698 3.5
      vertex -2.4874423103730834 -3.5750238737368436 3.5
    endloop
  endfacet
  facet normal 0 0 1
    outer loop
      vertex -7.473810280498002 -11.22966564279698 3.5
      vertex -7.391853050948873 -11.266799980392554 3.5
      vertex -2.4874423103730834 -3.5750238737368436 3.5
    endloop
  endfacet
  facet normal 0 0 1
    outer loop
      vertex -7.391853050948873 -11.266799980392554 3.5
      vertex -7.3125 -11.309215069796396 3.5
      vertex -2.4874423103730834 -3.5750238737368436 3.5
    endloop
  endfacet
  facet normal 0 0 1
    outer loop
      vertex -7.3125 -11.309215069796396 3.5
      vertex -7.236090929598047 -11.356729283084 3.5
      vertex -2.168180568778765 -3.747220373111353 3.5
    endloop
  endfacet
  facet normal 0 0 1
    outer loop
      vertex -7.162953035113009 -11.409139157099553 3.5
      vertex -2.08935652447055 -3.6368854571842686 3.5
      vertex -7.236090929598047 -11.356729283084 3.5
    endloop
  endfacet
  facet normal 0 0 1
    outer loop
      vertex -7.162953035113009 -11.409139157099553 3.5
      vertex -7.093399504237405 -11.466220264716405 3.5
      vertex -1.7729485219173622 -3.5102187828626277 3.5
    endloop
  endfacet
  facet normal 0 0 1
    outer loop
      vertex -7.093399504237405 -11.466220264716405 3.5
      vertex -7.027728175868497 -11.527728175868496 3.5
      vertex -1.7729485219173622 -3.5102187828626277 3.5
    endloop
  endfacet
  facet normal 0 0 1
    outer loop
      vertex -7.027728175868497 -11.527728175868496 3.5
      vertex -6.966220264716406 -11.593399504237405 3.5
      vertex -1.772943253162004 -3.51037972668949 3.5
    endloop
  endfacet
  facet normal 0 0 1
    outer loop
      vertex -6.856729283084 -11.736090929598047 3.5
      vertex -6.809215069796397 -11.8125 3.5
      vertex -1.3580346173884086 -3.6274916911088715 3.5
    endloop
  endfacet
  facet normal 0 0 1
    outer loop
      vertex -6.909139157099552 -11.66295303511301 3.5
      vertex -1.6823237931663848 -3.7368656972070675 3.5
      vertex -6.966220264716406 -11.593399504237405 3.5
    endloop
  endfacet
  facet normal 0 0 1
    outer loop
      vertex -6.909139157099552 -11.66295303511301 3.5
      vertex -6.856729283084 -11.736090929598047 3.5
      vertex -1.6823237931663848 -3.74486669877631 3.5
    endloop
  endfacet
  facet normal 0 0 1
    outer loop
      vertex -6.766799980392554 -11.891853050948873 3.5
      vertex -1.357967221411298 -3.6295504252374244 3.5
      vertex -6.809215069796397 -11.8125 3.5
    endloop
  endfacet
  facet normal 0 0 1
    outer loop
      vertex -6.766799980392554 -11.891853050948873 3.5
      vertex -6.729665642796981 -11.973810280498002 3.5
      vertex -1.2680870931048336 -3.8771421556457177 3.5
    endloop
  endfacet
  facet normal 0 0 1
    outer loop
      vertex -6.651420239445558 -12.231750807227824 3.5
      vertex -0.9357832812867635 -3.775727044037159 3.5
      vertex -6.671851988852531 -12.144123812984034 3.5
    endloop
  endfacet
  facet normal 0 0 1
    outer loop
      vertex -6.671851988852531 -12.144123812984034 3.5
      vertex -0.9359047419310623 -3.772016805171049 3.5
      vertex -6.697971071944229 -12.058020735208153 3.5
    endloop
  endfacet
  facet normal 0 0 1
    outer loop
      vertex -6.729665642796981 -11.973810280498002 3.5
      vertex -6.697971071944229 -12.058020735208153 3.5
      vertex -0.9359047419310623 -3.772016805171049 3.5
    endloop
  endfacet
  facet normal 0 0 1
    outer loop
      vertex -9.090860842900447 -11.66295303511301 3.5
      vertex -3.611206514627414 -3.9488669794837095 3.5
      vertex -3.6567848663514346 -4.012277862984242 3.5
    endloop
  endfacet
  facet normal 0 0 1
    outer loop
      vertex -8.355876187015966 -11.17185198885253 3.5
      vertex -3.611206514627414 -4.167679427298597 3.5
      vertex -3.611206514627414 -3.9488669794837095 3.5
    endloop
  endfacet
  facet normal 0 0 1
    outer loop
      vertex -8.355876187015966 -11.17185198885253 3.5
      vertex -3.305181129839893 -3.943555981080846 3.5
      vertex -3.611206514627414 -4.167679427298597 3.5
    endloop
  endfacet
  facet normal 0 0 1
    outer loop
      vertex -8.268249192772176 -11.151420239445558 3.5
      vertex -3.25 -3.864583575102916 3.5
      vertex -3.305181129839893 -3.943555981080846 3.5
    endloop
  endfacet
  facet normal 0 0 1
    outer loop
      vertex -8.089929302691447 -11.12794398054692 3.5
      vertex -3.25 -3.873058051988076 3.5
      vertex -3.25 -3.864583575102916 3.5
    endloop
  endfacet
  facet normal 0 0 1
    outer loop
      vertex -8.089929302691447 -11.12794398054692 3.5
      vertex -2.9453650561740132 -3.67646975888526 3.5
      vertex -3.25 -3.873058051988076 3.5
    endloop
  endfacet
  facet normal 0 0 1
    outer loop
      vertex -6.856729283084 -13.263909070401953 3.5
      vertex -0.4251203399959299 -4.219408548497216 3.5
      vertex -6.809215069796397 -13.1875 3.5
    endloop
  endfacet
  facet normal 0 0 1
    outer loop
      vertex -6.809215069796397 -13.1875 3.5
      vertex -0.4251203399959299 -4.219408548497216 3.5
      vertex -6.766799980392554 -13.108146949051127 3.5
    endloop
  endfacet
  facet normal 0 0 1
    outer loop
      vertex -6.766799980392554 -13.108146949051127 3.5
      vertex -0.4251203399959299 -4.219408548497216 3.5
      vertex -6.729665642796981 -13.026189719501998 3.5
    endloop
  endfacet
  facet normal 0 0 1
    outer loop
      vertex -6.729665642796981 -13.026189719501998 3.5
      vertex -0.4251203399959299 -4.219408548497216 3.5
      vertex -6.697971071944229 -12.941979264791847 3.5
    endloop
  endfacet
  facet normal 0 0 1
    outer loop
      vertex -6.697971071944229 -12.941979264791847 3.5
      vertex -0.4251203399959299 -4.219408548497216 3.5
      vertex -6.671851988852531 -12.855876187015966 3.5
    endloop
  endfacet
  facet normal 0 0 1
    outer loop
      vertex -6.62794398054692 -12.410070697308553 3.5
      vertex -6.625 -12.5 3.5
      vertex -0.8484202494303352 -4.04143258626051 3.5
    endloop
  endfacet
  facet normal 0 0 1
    outer loop
      vertex -6.62794398054692 -12.410070697308553 3.5
      vertex -0.8484202494303352 -4.031810127638402 3.5
      vertex -6.63676331561101 -12.32052648569743 3.5
    endloop
  endfacet
  facet normal 0 0 1
    outer loop
      vertex -6.63676331561101 -12.32052648569743 3.5
      vertex -0.8484202494303352 -4.031810127638402 3.5
      vertex -6.651420239445558 -12.231750807227824 3.5
    endloop
  endfacet
  facet normal 0 0 1
    outer loop
      vertex -6.671851988852531 -12.855876187015966 3.5
      vertex -0.5083883889960067 -3.9425072322205605 3.5
      vertex -6.651420239445558 -12.768249192772176 3.5
    endloop
  endfacet
  facet normal 0 0 1
    outer loop
      vertex -6.651420239445558 -12.768249192772176 3.5
      vertex -0.5084707888156647 -3.9399901781145155 3.5
      vertex -6.63676331561101 -12.67947351430257 3.5
    endloop
  endfacet
  facet normal 0 0 1
    outer loop
      vertex -6.63676331561101 -12.67947351430257 3.5
      vertex -0.5084707888156647 -3.9399901781145155 3.5
      vertex -6.62794398054692 -12.589929302691447 3.5
    endloop
  endfacet
  facet normal 0 0 1
    outer loop
      vertex -6.62794398054692 -12.589929302691447 3.5
      vertex -0.5084707888156647 -3.9399901781145155 3.5
      vertex -6.625 -12.5 3.5
    endloop
  endfacet
  facet normal 0 0 1
    outer loop
      vertex -6.62794398054692 -12.410070697308553 3.5
      vertex -0.8484202494303352 -4.04143258626051 3.5
      vertex -0.8484202494303352 -4.031810127638402 3.5
    endloop
  endfacet
  facet normal 0 0 1
    outer loop
      vertex -6.625 -12.5 3.5
      vertex -0.5084707888156647 -3.9399901781145155 3.5
      vertex -0.8484202494303352 -4.04143258626051 3.5
    endloop
  endfacet
  facet normal 0 0 1
    outer loop
      vertex -6.671851988852531 -12.855876187015966 3.5
      vertex -0.4251203399959299 -4.219408548497216 3.5
      vertex -0.5083883889960067 -3.9425072322205605 3.5
    endloop
  endfacet
  facet normal 0 0 1
    outer loop
      vertex -6.651420239445558 -12.768249192772176 3.5
      vertex -0.5083883889960067 -3.9425072322205605 3.5
      vertex -0.5084707888156647 -3.9399901781145155 3.5
    endloop
  endfacet
  facet normal 0 0 1
    outer loop
      vertex -7.910070697308553 -11.12794398054692 3.5
      vertex -2.8748764864235086 -3.845047308288961 3.5
      vertex -2.945300894209435 -3.6784297041504845 3.5
    endloop
  endfacet
  facet normal 0 0 1
    outer loop
      vertex -7.910070697308553 -11.12794398054692 3.5
      vertex -2.945300894209435 -3.6784297041504845 3.5
      vertex -2.9453650561740132 -3.67646975888526 3.5
    endloop
  endfacet
  facet normal 0 0 1
    outer loop
      vertex -7.644123812984034 -11.17185198885253 3.5
      vertex -2.8748764864235086 -3.8616380778630788 3.5
      vertex -2.8748764864235086 -3.845047308288961 3.5
    endloop
  endfacet
  facet normal 0 0 1
    outer loop
      vertex -7.644123812984034 -11.17185198885253 3.5
      vertex -2.5633383122545426 -3.6868339362016305 3.5
      vertex -2.8748764864235086 -3.8616380778630788 3.5
    endloop
  endfacet
  facet normal 0 0 1
    outer loop
      vertex -7.558020735208153 -11.19797107194423 3.5
      vertex -2.4874423103730834 -3.5750238737368436 3.5
      vertex -2.5633383122545426 -3.6868339362016305 3.5
    endloop
  endfacet
  facet normal 0 0 1
    outer loop
      vertex -7.3125 -11.309215069796396 3.5
      vertex -2.4874423103730834 -3.9042586496029053 3.5
      vertex -2.4874423103730834 -3.5750238737368436 3.5
    endloop
  endfacet
  facet normal 0 0 1
    outer loop
      vertex -7.3125 -11.309215069796396 3.5
      vertex -2.168180568778765 -3.747220373111353 3.5
      vertex -2.4874423103730834 -3.9042586496029053 3.5
    endloop
  endfacet
  facet normal 0 0 1
    outer loop
      vertex -7.236090929598047 -11.356729283084 3.5
      vertex -2.08935652447055 -3.631351400937421 3.5
      vertex -2.168180568778765 -3.747220373111353 3.5
    endloop
  endfacet
  facet normal 0 0 1
    outer loop
      vertex -7.236090929598047 -11.356729283084 3.5
      vertex -2.08935652447055 -3.6368854571842686 3.5
      vertex -2.08935652447055 -3.631351400937421 3.5
    endloop
  endfacet
  facet normal 0 0 1
    outer loop
      vertex -7.162953035113009 -11.409139157099553 3.5
      vertex -1.7729485219173622 -3.5102187828626277 3.5
      vertex -2.08935652447055 -3.6368854571842686 3.5
    endloop
  endfacet
  facet normal 0 0 1
    outer loop
      vertex -6.966220264716406 -11.593399504237405 3.5
      vertex -1.6823237931663848 -3.7368656972070675 3.5
      vertex -1.772943253162004 -3.51037972668949 3.5
    endloop
  endfacet
  facet normal 0 0 1
    outer loop
      vertex -6.909139157099552 -11.66295303511301 3.5
      vertex -1.6823237931663848 -3.74486669877631 3.5
      vertex -1.6823237931663848 -3.7368656972070675 3.5
    endloop
  endfacet
  facet normal 0 0 1
    outer loop
      vertex -7.027728175868497 -11.527728175868496 3.5
      vertex -1.772943253162004 -3.51037972668949 3.5
      vertex -1.7729485219173622 -3.5102187828626277 3.5
    endloop
  endfacet
  facet normal 0 0 1
    outer loop
      vertex -6.856729283084 -11.736090929598047 3.5
      vertex -1.3580346173884086 -3.6274916911088715 3.5
      vertex -1.6823237931663848 -3.74486669877631 3.5
    endloop
  endfacet
  facet normal 0 0 1
    outer loop
      vertex -6.809215069796397 -11.8125 3.5
      vertex -1.357967221411298 -3.6295504252374244 3.5
      vertex -1.3580346173884086 -3.6274916911088715 3.5
    endloop
  endfacet
  facet normal 0 0 1
    outer loop
      vertex -6.766799980392554 -11.891853050948873 3.5
      vertex -1.2680870931048336 -3.872940769136828 3.5
      vertex -1.357967221411298 -3.6295504252374244 3.5
    endloop
  endfacet
  facet normal 0 0 1
    outer loop
      vertex -6.766799980392554 -11.891853050948873 3.5
      vertex -1.2680870931048336 -3.8771421556457177 3.5
      vertex -1.2680870931048336 -3.872940769136828 3.5
    endloop
  endfacet
  facet normal 0 0 1
    outer loop
      vertex -6.729665642796981 -11.973810280498002 3.5
      vertex -0.9359047419310623 -3.772016805171049 3.5
      vertex -1.2680870931048336 -3.8771421556457177 3.5
    endloop
  endfacet
  facet normal 0 0 1
    outer loop
      vertex -6.671851988852531 -12.144123812984034 3.5
      vertex -0.9357832812867635 -3.775727044037159 3.5
      vertex -0.9359047419310623 -3.772016805171049 3.5
    endloop
  endfacet
  facet normal 0 0 1
    outer loop
      vertex -6.651420239445558 -12.231750807227824 3.5
      vertex -0.8484202494303352 -4.031810127638402 3.5
      vertex -0.9357832812867635 -3.775727044037159 3.5
    endloop
  endfacet
  facet normal 0.773010453362735 -0.6343932841636478 0
    outer loop
      vertex 0.7767366910193232 -9.130665001530522 0
      vertex 0.7767366910193232 -9.130665001530522 3.5
      vertex 0.6314393261764208 -9.30771035285024 3.5
    endloop
  endfacet
  facet normal 0.8128466845916142 -0.5824776968678034 0
    outer loop
      vertex 0.9101436430589085 -8.944495815568608 0
      vertex 0.9101436430589085 -8.944495815568608 3.5
      vertex 0.7767366910193232 -9.130665001530522 3.5
    endloop
  endfacet
  facet normal 0.8492021815265797 -0.5280678506503668 0
    outer loop
      vertex 1.0310889132455352 -8.75 0
      vertex 1.0310889132455352 -8.75 3.5
      vertex 0.9101436430589085 -8.944495815568608 3.5
    endloop
  endfacet
  facet normal 0.8819212643483539 -0.47139673682599953 0
    outer loop
      vertex 1.1390545953644091 -8.548010415766505 0
      vertex 1.1390545953644091 -8.548010415766505 3.5
      vertex 1.0310889132455352 -8.75 3.5
    endloop
  endfacet
  facet normal 0.9108638249211766 -0.41270702980439306 0
    outer loop
      vertex 1.2335783637895035 -8.339392013277815 0
      vertex 1.2335783637895035 -8.339392013277815 3.5
      vertex 1.1390545953644091 -8.548010415766505 3.5
    endloop
  endfacet
  facet normal 0.9359059267573251 -0.352250047921235 0
    outer loop
      vertex 1.31425545323287 -8.125038128561066 0
      vertex 1.31425545323287 -8.125038128561066 3.5
      vertex 1.2335783637895035 -8.339392013277815 3.5
    endloop
  endfacet
  facet normal 0.9569403357322092 -0.29028467725446117 0
    outer loop
      vertex 1.380740392011739 -7.905866657858823 0
      vertex 1.380740392011739 -7.905866657858823 3.5
      vertex 1.31425545323287 -8.125038128561066 3.5
    endloop
  endfacet
  facet normal 0.9738769792773337 -0.22707626303437276 0
    outer loop
      vertex 1.4327484814113065 -7.682816127056449 0
      vertex 1.4327484814113065 -7.682816127056449 3.5
      vertex 1.380740392011739 -7.905866657858823 3.5
    endloop
  endfacet
  facet normal 0.9866433320848789 -0.1628954733945895 0
    outer loop
      vertex 1.4700570148083365 -7.456841672770181 0
      vertex 1.4700570148083365 -7.456841672770181 3.5
      vertex 1.4327484814113065 -7.682816127056449 3.5
    endloop
  endfacet
  facet normal 0.9951847266721969 -0.0980171403295595 0
    outer loop
      vertex 1.492506231335112 -7.228910952305501 0
      vertex 1.492506231335112 -7.228910952305501 3.5
      vertex 1.4700570148083365 -7.456841672770181 3.5
    endloop
  endfacet
  facet normal 0.9994645874763656 -0.032719082821777 0
    outer loop
      vertex 1.5 -7 0
      vertex 1.5 -7 3.5
      vertex 1.492506231335112 -7.228910952305501 3.5
    endloop
  endfacet
  facet normal 0.9994645874763656 0.032719082821777 0
    outer loop
      vertex 1.492506231335112 -6.771089047694499 0
      vertex 1.492506231335112 -6.771089047694499 3.5
      vertex 1.5 -7 3.5
    endloop
  endfacet
  facet normal 0.9866433320848789 0.16289547339458985 0
    outer loop
      vertex 1.4700570148083365 -6.543158327229819 0
      vertex 1.4358528624534872 -6.335986831624293 3.5
      vertex 1.4700570148083365 -6.543158327229819 3.5
    endloop
  endfacet
  facet normal 0.9951847266721969 0.0980171403295595 0
    outer loop
      vertex 1.4700570148083365 -6.543158327229819 0
      vertex 1.4700570148083365 -6.543158327229819 3.5
      vertex 1.492506231335112 -6.771089047694499 3.5
    endloop
  endfacet
  facet normal 0 0 1
    outer loop
      vertex 0.6314393261764208 -9.30771035285024 3.5
      vertex 0.7767366910193232 -9.130665001530522 3.5
      vertex 0.6314393261764208 -6.465762354562779 3.5
    endloop
  endfacet
  facet normal 0 0 1
    outer loop
      vertex 0.7767366910193232 -9.130665001530522 3.5
      vertex 0.9101436430589085 -8.944495815568608 3.5
      vertex 0.8647645149417679 -6.4416931497727195 3.5
    endloop
  endfacet
  facet normal 0 0 1
    outer loop
      vertex 0.6314393261764208 -9.30771035285024 3.5
      vertex 0.6314393261764208 -6.465762354562779 3.5
      vertex 0.4251203399959299 -4.9687429471513225 3.5
    endloop
  endfacet
  facet normal 0 0 1
    outer loop
      vertex 0.7767366910193232 -9.130665001530522 3.5
      vertex 0.7767366910193232 -6.451451813195304 3.5
      vertex 0.6314393261764208 -6.465762354562779 3.5
    endloop
  endfacet
  facet normal 0 0 1
    outer loop
      vertex 0.7767366910193232 -9.130665001530522 3.5
      vertex 0.8647645149417679 -6.4416931497727195 3.5
      vertex 0.7767366910193232 -6.451451813195304 3.5
    endloop
  endfacet
  facet normal 0 0 1
    outer loop
      vertex 0.9101436430589085 -8.944495815568608 3.5
      vertex 1.0310889132455352 -8.75 3.5
      vertex 0.8647645149417679 -6.4416931497727195 3.5
    endloop
  endfacet
  facet normal 0 0 1
    outer loop
      vertex 1.0310889132455352 -8.75 3.5
      vertex 1.1390545953644091 -8.548010415766505 3.5
      vertex 0.8647645149417679 -6.4416931497727195 3.5
    endloop
  endfacet
  facet normal 0 0 1
    outer loop
      vertex 1.1390545953644091 -8.548010415766505 3.5
      vertex 1.2335783637895035 -8.339392013277815 3.5
      vertex 0.8647645149417679 -6.4416931497727195 3.5
    endloop
  endfacet
  facet normal 0 0 1
    outer loop
      vertex 1.2335783637895035 -8.339392013277815 3.5
      vertex 1.31425545323287 -8.125038128561066 3.5
      vertex 1.2981116654297735 -6.3681035742433005 3.5
    endloop
  endfacet
  facet normal 0 0 1
    outer loop
      vertex 1.31425545323287 -8.125038128561066 3.5
      vertex 1.380740392011739 -7.905866657858823 3.5
      vertex 1.2981116654297735 -6.3681035742433005 3.5
    endloop
  endfacet
  facet normal 0 0 1
    outer loop
      vertex 1.2335783637895035 -8.339392013277815 3.5
      vertex 1.2335783637895035 -6.380801736889422 3.5
      vertex 0.8647645149417679 -6.4416931497727195 3.5
    endloop
  endfacet
  facet normal 0 0 1
    outer loop
      vertex 1.2335783637895035 -8.339392013277815 3.5
      vertex 1.2981116654297735 -6.3681035742433005 3.5
      vertex 1.2335783637895035 -6.380801736889422 3.5
    endloop
  endfacet
  facet normal 0 0 1
    outer loop
      vertex 1.380740392011739 -7.905866657858823 3.5
      vertex 1.4327484814113065 -7.682816127056449 3.5
      vertex 1.2981116654297735 -6.3681035742433005 3.5
    endloop
  endfacet
  facet normal 0 0 1
    outer loop
      vertex 1.4327484814113065 -7.682816127056449 3.5
      vertex 1.4700570148083365 -7.456841672770181 3.5
      vertex 1.4700570148083365 -6.543158327229819 3.5
    endloop
  endfacet
  facet normal 0 0 1
    outer loop
      vertex 1.4327484814113065 -7.682816127056449 3.5
      vertex 1.4700570148083365 -6.543158327229819 3.5
      vertex 1.2981116654297735 -6.3681035742433005 3.5
    endloop
  endfacet
  facet normal 0 0 1
    outer loop
      vertex 1.4700570148083365 -7.456841672770181 3.5
      vertex 1.492506231335112 -7.228910952305501 3.5
      vertex 1.492506231335112 -6.771089047694499 3.5
    endloop
  endfacet
  facet normal 0 0 1
    outer loop
      vertex 1.492506231335112 -7.228910952305501 3.5
      vertex 1.5 -7 3.5
      vertex 1.492506231335112 -6.771089047694499 3.5
    endloop
  endfacet
  facet normal 0 0 1
    outer loop
      vertex 1.4700570148083365 -7.456841672770181 3.5
      vertex 1.492506231335112 -6.771089047694499 3.5
      vertex 1.4700570148083365 -6.543158327229819 3.5
    endloop
  endfacet
  facet normal 0 0 1
    outer loop
      vertex -0.4251203399959299 -4.219408548497216 3.5
      vertex -0.4251203399959299 -3.8753073148951516 3.5
      vertex -0.5083883889960067 -3.9425072322205605 3.5
    endloop
  endfacet
  facet normal 0 0 1
    outer loop
      vertex 0.7767366910193232 -6.451451813195304 3.5
      vertex 0.8647645149417679 -6.4416931497727195 3.5
      vertex 0.8484202494303352 -4.969369288378684 3.5
    endloop
  endfacet
  facet normal 0 0 1
    outer loop
      vertex 0.7767366910193232 -6.451451813195304 3.5
      vertex 0.8484202494303352 -4.969369288378684 3.5
      vertex 0.7978214697709753 -4.898758773140662 3.5
    endloop
  endfacet
  facet normal 0 0 1
    outer loop
      vertex 1.2335783637895035 -6.380801736889422 3.5
      vertex 1.2981116654297735 -6.3681035742433005 3.5
      vertex 1.2680870931048336 -5.752295481107717 3.5
    endloop
  endfacet
  facet normal 0 0 1
    outer loop
      vertex 1.2335783637895035 -6.380801736889422 3.5
      vertex 1.2680870931048336 -5.752295481107717 3.5
      vertex 1.2457561145640654 -5.692963494384273 3.5
    endloop
  endfacet
  facet normal 0 0 1
    outer loop
      vertex 1.2981116654297735 -6.3681035742433005 3.5
      vertex 1.4700570148083365 -6.543158327229819 3.5
      vertex 1.4358528624534872 -6.335986831624293 3.5
    endloop
  endfacet
  facet normal 0 0 -1
    outer loop
      vertex -6.375104322620998 -1.2680870931048336 0
      vertex -6.4443915989297675 -0.8484202494303352 0
      vertex -6.375104322620998 1.2680870931048336 0
    endloop
  endfacet
  facet normal 0 0 -1
    outer loop
      vertex -6.278517870878944 -1.6823237931663848 0
      vertex -6.375104322620998 -1.2680870931048336 0
      vertex -6.278517870878944 1.6823237931663848 0
    endloop
  endfacet
  facet normal 0 0 -1
    outer loop
      vertex -6.278517870878944 -1.6823237931663848 0
      vertex -6.155045841718187 2.08935652447055 0
      vertex -6.155045841718187 -2.08935652447055 0
    endloop
  endfacet
  facet normal 0 0 -1
    outer loop
      vertex -6.4443915989297675 -0.8484202494303352 0
      vertex -6.486083001050923 -0.4251203399959299 0
      vertex -6.4443915989297675 0.8484202494303352 0
    endloop
  endfacet
  facet normal 0 0 -1
    outer loop
      vertex -6.486083001050923 -0.4251203399959299 0
      vertex -6.5 0 0
      vertex -6.486083001050923 0.4251203399959299 0
    endloop
  endfacet
  facet normal 0 0 -1
    outer loop
      vertex -6.486083001050923 -0.4251203399959299 0
      vertex -6.486083001050923 0.4251203399959299 0
      vertex -6.4443915989297675 0.8484202494303352 0
    endloop
  endfacet
  facet normal 0 0 -1
    outer loop
      vertex -6.4443915989297675 -0.8484202494303352 0
      vertex -6.4443915989297675 0.8484202494303352 0
      vertex -6.375104322620998 1.2680870931048336 0
    endloop
  endfacet
  facet normal 0 0 -1
    outer loop
      vertex -6.375104322620998 -1.2680870931048336 0
      vertex -6.375104322620998 1.2680870931048336 0
      vertex -6.278517870878944 1.6823237931663848 0
    endloop
  endfacet
  facet normal 0 0 -1
    outer loop
      vertex -6.005216961323364 -2.4874423103730834 0
      vertex -6.155045841718187 -2.08935652447055 0
      vertex -6.005216961323364 2.4874423103730834 0
    endloop
  endfacet
  facet normal 0 0 -1
    outer loop
      vertex -6.005216961323364 -2.4874423103730834 0
      vertex -5.829672819962473 2.8748764864235086 0
      vertex -5.829672819962473 -2.8748764864235086 0
    endloop
  endfacet
  facet normal 0 0 -1
    outer loop
      vertex -5.629165124598851 -3.25 0
      vertex -5.829672819962473 -2.8748764864235086 0
      vertex -5.629165124598851 3.25 0
    endloop
  endfacet
  facet normal 0 0 -1
    outer loop
      vertex -5.404552479966544 -3.611206514627414 0
      vertex -5.156796711893029 3.956949288556684 0
      vertex -5.156796711893029 -3.956949288556684 0
    endloop
  endfacet
  facet normal 0 0 -1
    outer loop
      vertex -5.156796711893029 -3.956949288556684 0
      vertex -4.8869587486133526 0.3434842069835564 0
      vertex -4.8869587486133526 -4.285747798150448 0
    endloop
  endfacet
  facet normal 0 0 -1
    outer loop
      vertex -4.8869587486133526 -4.285747798150448 0
      vertex -4.8869587486133526 0.3434842069835564 0
      vertex -4.59619407771256 -4.59619407771256 0
    endloop
  endfacet
  facet normal 0 0 -1
    outer loop
      vertex -5.629165124598851 -3.25 0
      vertex -5.404552479966544 3.611206514627414 0
      vertex -5.404552479966544 -3.611206514627414 0
    endloop
  endfacet
  facet normal 0 0 -1
    outer loop
      vertex -5.156796711893029 -3.956949288556684 0
      vertex -5 0.8326947801186222 0
      vertex -4.8869587486133526 0.3434842069835564 0
    endloop
  endfacet
  facet normal 0 0 -1
    outer loop
      vertex -5.156796711893029 -3.956949288556684 0
      vertex -5.156796711893029 3.956949288556684 0
      vertex -5 0.8326947801186222 0
    endloop
  endfacet
  facet normal 0 0 -1
    outer loop
      vertex -4.8869587486133526 0.3434842069835564 0
      vertex -4.356105740740618 -4.821061344233621 0
      vertex -4.570819984313456 -4.619959509615957 0
    endloop
  endfacet
  facet normal 0 0 -1
    outer loop
      vertex -4.8869587486133526 0.3434842069835564 0
      vertex -4.28009194348883 -4.714190261275508 0
      vertex -4.356105740740618 -4.821061344233621 0
    endloop
  endfacet
  facet normal 0 0 -1
    outer loop
      vertex -3.606407434683443 -5.257955752833496 0
      vertex -3.2412709798069477 -5.362521141518882 0
      vertex -3.563872558144645 -5.4339866255756615 0
    endloop
  endfacet
  facet normal 0 0 -1
    outer loop
      vertex -3.563872558144645 -5.4339866255756615 0
      vertex -3.2412709798069477 -5.362521141518882 0
      vertex -3.369465641208054 -5.554876615040505 0
    endloop
  endfacet
  facet normal 0 0 -1
    outer loop
      vertex -2.878552222412329 -5.827708098143634 0
      vertex -3.248757475001625 -5.629829268047179 0
      vertex -3.2412709798069477 -5.362521141518882 0
    endloop
  endfacet
  facet normal 0 0 -1
    outer loop
      vertex -2.878552222412329 -5.827708098143634 0
      vertex -3.2412709798069477 -5.362521141518882 0
      vertex -3.065720214365715 0 0
    endloop
  endfacet
  facet normal 0 0 -1
    outer loop
      vertex -2.878552222412329 -5.827708098143634 0
      vertex -3.065720214365715 0 0
      vertex -2.874626092604705 -5.822024080045758 0
    endloop
  endfacet
  facet normal 0 0 -1
    outer loop
      vertex -3.065720214365715 0 0
      vertex -2.856919812618546 -5.837808883014328 0
      vertex -2.874626092604705 -5.822024080045758 0
    endloop
  endfacet
  facet normal 0 0 -1
    outer loop
      vertex -4.8869587486133526 0.3434842069835564 0
      vertex -4.570819984313456 -4.619959509615957 0
      vertex -4.59619407771256 -4.59619407771256 0
    endloop
  endfacet
  facet normal 0 0 -1
    outer loop
      vertex -4.285583318985902 -4.887093733175229 0
      vertex -4.28009194348883 -4.714190261275508 0
      vertex -3.1255380163060265 5.695691440885805 0
    endloop
  endfacet
  facet normal 0 0 -1
    outer loop
      vertex -4.8869587486133526 0.3434842069835564 0
      vertex -3.1255380163060265 5.695691440885805 0
      vertex -4.28009194348883 -4.714190261275508 0
    endloop
  endfacet
  facet normal 0 0 -1
    outer loop
      vertex -4.285583318985902 -4.887093733175229 0
      vertex -3.1255380163060265 5.695691440885805 0
      vertex -3.963617659228158 -5.151324121513566 0
    endloop
  endfacet
  facet normal 0 0 -1
    outer loop
      vertex -3.963617659228158 -5.151324121513566 0
      vertex -3.1255380163060265 5.695691440885805 0
      vertex -3.956429288840461 -5.140912363768303 0
    endloop
  endfacet
  facet normal 0 0 -1
    outer loop
      vertex -3.951863810355514 -5.160440914036237 0
      vertex -3.956429288840461 -5.140912363768303 0
      vertex -3.1255380163060265 5.695691440885805 0
    endloop
  endfacet
  facet normal 0 0 -1
    outer loop
      vertex -3.951863810355514 -5.160440914036237 0
      vertex -3.1255380163060265 5.695691440885805 0
      vertex -3.673997864383745 -5.35955683505269 0
    endloop
  endfacet
  facet normal 0 0 -1
    outer loop
      vertex -3.673997864383745 -5.35955683505269 0
      vertex -3.1255380163060265 5.695691440885805 0
      vertex -3.606407434683443 -5.257955752833496 0
    endloop
  endfacet
  facet normal 0 0 -1
    outer loop
      vertex -3.606407434683443 -5.257955752833496 0
      vertex -3.1255380163060265 5.695691440885805 0
      vertex -3.2412709798069477 -5.362521141518882 0
    endloop
  endfacet
  facet normal 0 0 -1
    outer loop
      vertex -3.2412709798069477 -5.362521141518882 0
      vertex -3.1255380163060265 5.695691440885805 0
      vertex -3.065720214365715 0 0
    endloop
  endfacet
  facet normal 0 0 -1
    outer loop
      vertex -3.065720214365715 0 0
      vertex -2.488003369762003 -6.00496274862152 0
      vertex -2.856919812618546 -5.837808883014328 0
    endloop
  endfacet
  facet normal 0 0 -1
    outer loop
      vertex -3.065720214365715 0 0
      vertex -2.469280540608961 -6.012052567431675 0
      vertex -2.48740586468039 -6.004103660580438 0
    endloop
  endfacet
  facet normal 0 0 -1
    outer loop
      vertex -3.065720214365715 0 0
      vertex -2.48740586468039 -6.004103660580438 0
      vertex -2.488003369762003 -6.00496274862152 0
    endloop
  endfacet
  facet normal 0 0 -1
    outer loop
      vertex -3.065720214365715 0 0
      vertex -2.090834621148314 -6.1544895255215595 0
      vertex -2.469280540608961 -6.012052567431675 0
    endloop
  endfacet
  facet normal 0 0 -1
    outer loop
      vertex -3.065720214365715 0 0
      vertex -2.08926646843691 -6.152294914468728 0
      vertex -2.090834621148314 -6.1544895255215595 0
    endloop
  endfacet
  facet normal 0 0 -1
    outer loop
      vertex -3.065720214365715 0 0
      vertex -2.0776337525294424 -6.158601905709207 0
      vertex -2.08926646843691 -6.152294914468728 0
    endloop
  endfacet
  facet normal 0 0 -1
    outer loop
      vertex -3.065720214365715 0 0
      vertex -1.8327279346623713 -6.2328932733553275 0
      vertex -2.0776337525294424 -6.158601905709207 0
    endloop
  endfacet
  facet normal 0 0 -1
    outer loop
      vertex -3.065720214365715 0 0
      vertex -1.6733677693667102 -6.004939644951018 0
      vertex -1.8327279346623713 -6.2328932733553275 0
    endloop
  endfacet
  facet normal 0 0 -1
    outer loop
      vertex -3.065720214365715 0 0
      vertex -1.2614270078047636 -6.1716597626603615 0
      vertex -1.6733677693667102 -6.004939644951018 0
    endloop
  endfacet
  facet normal 0 0 -1
    outer loop
      vertex -1.620945598498228 -6.292829258634904 0
      vertex -1.6733677693667102 -6.004939644951018 0
      vertex -1.3869778237849675 -6.347382892289721 0
    endloop
  endfacet
  facet normal 0 0 -1
    outer loop
      vertex -1.6733677693667102 -6.004939644951018 0
      vertex -1.2614270078047636 -6.1716597626603615 0
      vertex -1.3869778237849675 -6.347382892289721 0
    endloop
  endfacet
  facet normal 0 0 -1
    outer loop
      vertex -1.2614270078047636 -6.1716597626603615 0
      vertex -0.9248608585394795 -6.43177120328883 0
      vertex -1.1624367721642694 -6.3925472612030045 0
    endloop
  endfacet
  facet normal 0 0 -1
    outer loop
      vertex -1.2614270078047636 -6.1716597626603615 0
      vertex -0.8444200778311979 -6.3221989971706 0
      vertex -0.9248608585394795 -6.43177120328883 0
    endloop
  endfacet
  facet normal 0 0 -1
    outer loop
      vertex -3.065720214365715 0 0
      vertex -0.8444200778311979 -6.3221989971706 0
      vertex -1.2614270078047636 -6.1716597626603615 0
    endloop
  endfacet
  facet normal 0 0 -1
    outer loop
      vertex -3.065720214365715 0 0
      vertex 0.47707174910877365 -4.899131619784617 0
      vertex -0.8444200778311979 -6.3221989971706 0
    endloop
  endfacet
  facet normal 0 0 -1
    outer loop
      vertex -3.065720214365715 0 0
      vertex -1.5861079669043021 -0.5384111043827957 0
      vertex -1.5474982169564053 -0.6409947492115254 0
    endloop
  endfacet
  facet normal 0 0 -1
    outer loop
      vertex -3.065720214365715 0 0
      vertex -1.6179257590341896 -0.43352190054672224 0
      vertex -1.5861079669043021 -0.5384111043827957 0
    endloop
  endfacet
  facet normal 0 0 -1
    outer loop
      vertex -3.065720214365715 0 0
      vertex -1.642815344675411 -0.3267762893770148 0
      vertex -1.6179257590341896 -0.43352190054672224 0
    endloop
  endfacet
  facet normal 0 0 -1
    outer loop
      vertex -3.065720214365715 0 0
      vertex -1.5474982169564053 -0.6409947492115254 0
      vertex -1.5022618420672529 -0.7408335561168272 0
    endloop
  endfacet
  facet normal 0 0 -1
    outer loop
      vertex -3.065720214365715 0 0
      vertex -1.6606701428011323 -0.2186313719685864 0
      vertex -1.642815344675411 -0.3267762893770148 0
    endloop
  endfacet
  facet normal 0 0 -1
    outer loop
      vertex -3.065720214365715 0 0
      vertex -1.6714136964246609 -0.10955024146048963 0
      vertex -1.6606701428011323 -0.2186313719685864 0
    endloop
  endfacet
  facet normal 0 0 -1
    outer loop
      vertex -3.065720214365715 0 0
      vertex -1.675 0 0
      vertex -1.6714136964246609 -0.10955024146048963 0
    endloop
  endfacet
  facet normal 0 0 -1
    outer loop
      vertex -3.065720214365715 0 0
      vertex -1.5022618420672529 -0.7408335561168272 0
      vertex 0.47707174910877365 -4.899131619784617 0
    endloop
  endfacet
  facet normal -0.8492021815265788 -0.5280678506503683 0
    outer loop
      vertex -5.629165124598851 -3.25 0
      vertex -5.404552479966544 -3.611206514627414 0
      vertex -5.629165124598851 -3.25 3.5
    endloop
  endfacet
  facet normal -0.8128466845916164 -0.5824776968678007 0
    outer loop
      vertex -5.404552479966544 -3.611206514627414 0
      vertex -5.156796711893029 -3.956949288556684 0
      vertex -5.404552479966544 -3.611206514627414 3.5
    endloop
  endfacet
  facet normal -0.773010453362736 -0.6343932841636466 0
    outer loop
      vertex -5.156796711893029 -3.956949288556684 0
      vertex -4.8869587486133526 -4.285747798150448 0
      vertex -5.156796711893029 -3.956949288556684 3.5
    endloop
  endfacet
  facet normal -0.7298640726978378 -0.683592302022869 0
    outer loop
      vertex -4.8869587486133526 -4.285747798150448 0
      vertex -4.59619407771256 -4.59619407771256 0
      vertex -4.8869587486133526 -4.285747798150448 3.5
    endloop
  endfacet
  facet normal -0.9569403357322089 -0.29028467725446216 0
    outer loop
      vertex -6.278517870878944 -1.6823237931663848 0
      vertex -6.155045841718187 -2.08935652447055 0
      vertex -6.278517870878944 -1.6823237931663848 3.5
    endloop
  endfacet
  facet normal -0.9738769792773336 -0.22707626303437267 0
    outer loop
      vertex -6.278517870878944 -1.6823237931663848 0
      vertex -6.375104322620998 -1.2680870931048336 3.5
      vertex -6.375104322620998 -1.2680870931048336 0
    endloop
  endfacet
  facet normal -0.9108638249211755 -0.41270702980439544 0
    outer loop
      vertex -6.005216961323364 -2.4874423103730834 0
      vertex -5.829672819962473 -2.8748764864235086 0
      vertex -6.005216961323364 -2.4874423103730834 3.5
    endloop
  endfacet
  facet normal -0.9359059267573255 -0.35225004792123393 0
    outer loop
      vertex -6.005216961323364 -2.4874423103730834 0
      vertex -6.155045841718187 -2.08935652447055 3.5
      vertex -6.155045841718187 -2.08935652447055 0
    endloop
  endfacet
  facet normal -0.881921264348355 -0.4713967368259977 0
    outer loop
      vertex -5.629165124598851 -3.25 0
      vertex -5.829672819962473 -2.8748764864235086 3.5
      vertex -5.829672819962473 -2.8748764864235086 0
    endloop
  endfacet
  facet normal -0.986643332084879 -0.16289547339458874 0
    outer loop
      vertex -6.375104322620998 -1.2680870931048336 0
      vertex -6.4443915989297675 -0.8484202494303352 3.5
      vertex -6.4443915989297675 -0.8484202494303352 0
    endloop
  endfacet
  facet normal -0.9951847266721967 -0.09801714032956076 0
    outer loop
      vertex -6.4443915989297675 -0.8484202494303352 0
      vertex -6.486083001050923 -0.4251203399959299 3.5
      vertex -6.486083001050923 -0.4251203399959299 0
    endloop
  endfacet
  facet normal -0.9994645874763657 -0.0327190828217763 0
    outer loop
      vertex -6.486083001050923 -0.4251203399959299 0
      vertex -6.5 0 3.5
      vertex -6.5 0 0
    endloop
  endfacet
  facet normal -0.9994645874763657 0.0327190828217763 0
    outer loop
      vertex -6.5 0 0
      vertex -6.486083001050923 0.4251203399959299 3.5
      vertex -6.486083001050923 0.4251203399959299 0
    endloop
  endfacet
  facet normal -0.6835923020228731 -0.7298640726978338 0
    outer loop
      vertex -4.59619407771256 -4.59619407771256 0
      vertex -4.570819984313456 -4.619959509615957 0
      vertex -4.59619407771256 -4.59619407771256 3.5
    endloop
  endfacet
  facet normal 0 0 -1
    outer loop
      vertex -0.8444200778311979 -6.3221989971706 0
      vertex 0.47707174910877365 -4.899131619784617 0
      vertex -0.6879608647621419 -6.460195468907565 0
    endloop
  endfacet
  facet normal 0 0 -1
    outer loop
      vertex 0.6314393261764208 -6.465762354562779 0
      vertex 0.8484202494303352 -4.969369288378684 0
      vertex 0.7767366910193232 -6.451451813195304 0
    endloop
  endfacet
  facet normal 0 0 -1
    outer loop
      vertex 0.6314393261764208 -6.465762354562779 0
      vertex 0.47707174910877365 -4.899131619784617 0
      vertex 0.8484202494303352 -4.969369288378684 0
    endloop
  endfacet
  facet normal 0 0 -1
    outer loop
      vertex 0.47707174910877365 -4.899131619784617 0
      vertex -1.5022618420672529 -0.7408335561168272 0
      vertex -1.4505925513389346 -0.8375 0
    endloop
  endfacet
  facet normal 0 0 -1
    outer loop
      vertex 0.47707174910877365 -4.899131619784617 0
      vertex -1.4505925513389346 -0.8375 0
      vertex -1.3927116006067632 -0.9305801403078336 0
    endloop
  endfacet
  facet normal 0 0 -1
    outer loop
      vertex 0.47707174910877365 -4.899131619784617 0
      vertex -1.328866844987819 -1.019675393589607 0
      vertex -1.2593316775272871 -1.1044042402926153 0
    endloop
  endfacet
  facet normal 0 0 -1
    outer loop
      vertex 0.47707174910877365 -4.899131619784617 0
      vertex -1.2593316775272871 -1.1044042402926153 0
      vertex -1.1844038584874672 -1.1844038584874672 0
    endloop
  endfacet
  facet normal 0 0 -1
    outer loop
      vertex 0.47707174910877365 -4.899131619784617 0
      vertex -1.3927116006067632 -0.9305801403078336 0
      vertex -1.328866844987819 -1.019675393589607 0
    endloop
  endfacet
  facet normal 0 0 -1
    outer loop
      vertex 0.47707174910877365 -4.899131619784617 0
      vertex -1.1844038584874672 -1.1844038584874672 0
      vertex -1.1044042402926153 -1.2593316775272871 0
    endloop
  endfacet
  facet normal 0 0 -1
    outer loop
      vertex 0.47707174910877365 -4.899131619784617 0
      vertex -1.1044042402926153 -1.2593316775272871 0
      vertex -1.019675393589607 -1.328866844987819 0
    endloop
  endfacet
  facet normal 0 0 -1
    outer loop
      vertex 0.47707174910877365 -4.899131619784617 0
      vertex -0.9305801403078336 -1.3927116006067632 0
      vertex -0.8375 -1.4505925513389346 0
    endloop
  endfacet
  facet normal 0 0 -1
    outer loop
      vertex 0.47707174910877365 -4.899131619784617 0
      vertex -0.8375 -1.4505925513389346 0
      vertex -0.7408335561168272 -1.5022618420672529 0
    endloop
  endfacet
  facet normal 0 0 -1
    outer loop
      vertex 0.47707174910877365 -4.899131619784617 0
      vertex -0.7408335561168272 -1.5022618420672529 0
      vertex -0.6409947492115254 -1.5474982169564053 0
    endloop
  endfacet
  facet normal 0 0 -1
    outer loop
      vertex 0.47707174910877365 -4.899131619784617 0
      vertex -1.019675393589607 -1.328866844987819 0
      vertex -0.9305801403078336 -1.3927116006067632 0
    endloop
  endfacet
  facet normal 0 0 -1
    outer loop
      vertex 0.47707174910877365 -4.899131619784617 0
      vertex -0.6409947492115254 -1.5474982169564053 0
      vertex -0.5384111043827957 -1.5861079669043021 0
    endloop
  endfacet
  facet normal 0 0 -1
    outer loop
      vertex 0.47707174910877365 -4.899131619784617 0
      vertex -0.5384111043827957 -1.5861079669043021 0
      vertex -0.43352190054672224 -1.6179257590341896 0
    endloop
  endfacet
  facet normal 0 0 -1
    outer loop
      vertex 0.47707174910877365 -4.899131619784617 0
      vertex -0.43352190054672224 -1.6179257590341896 0
      vertex -0.3267762893770148 -1.642815344675411 0
    endloop
  endfacet
  facet normal 0 0 -1
    outer loop
      vertex 0.47707174910877365 -4.899131619784617 0
      vertex -0.3267762893770148 -1.642815344675411 0
      vertex -0.2186313719685864 -1.6606701428011323 0
    endloop
  endfacet
  facet normal 0 0 -1
    outer loop
      vertex 0.47707174910877365 -4.899131619784617 0
      vertex -0.2186313719685864 -1.6606701428011323 0
      vertex -0.10955024146048963 -1.6714136964246609 0
    endloop
  endfacet
  facet normal 0 0 -1
    outer loop
      vertex 0.47707174910877365 -4.899131619784617 0
      vertex -0.10955024146048963 -1.6714136964246609 0
      vertex 0 -1.675 0
    endloop
  endfacet
  facet normal 0 0 -1
    outer loop
      vertex 0.47707174910877365 -4.899131619784617 0
      vertex 0 -1.675 0
      vertex 0.10955024146048963 -1.6714136964246609 0
    endloop
  endfacet
  facet normal 0 0 -1
    outer loop
      vertex 0.47707174910877365 -4.899131619784617 0
      vertex 0.10955024146048963 -1.6714136964246609 0
      vertex 0.2186313719685864 -1.6606701428011323 0
    endloop
  endfacet
  facet normal 0 0 -1
    outer loop
      vertex 0.47707174910877365 -4.899131619784617 0
      vertex 0.2186313719685864 -1.6606701428011323 0
      vertex 0.3267762893770148 -1.642815344675411 0
    endloop
  endfacet
  facet normal 0 0 -1
    outer loop
      vertex 0.47707174910877365 -4.899131619784617 0
      vertex 0.3267762893770148 -1.642815344675411 0
      vertex 0.43352190054672224 -1.6179257590341896 0
    endloop
  endfacet
  facet normal 0 0 -1
    outer loop
      vertex 0.47707174910877365 -4.899131619784617 0
      vertex 0.43352190054672224 -1.6179257590341896 0
      vertex 0.5384111043827957 -1.5861079669043021 0
    endloop
  endfacet
  facet normal 0 0 -1
    outer loop
      vertex 0.47707174910877365 -4.899131619784617 0
      vertex 0.5384111043827957 -1.5861079669043021 0
      vertex 0.6409947492115254 -1.5474982169564053 0
    endloop
  endfacet
  facet normal 0 0 -1
    outer loop
      vertex 0.47707174910877365 -4.899131619784617 0
      vertex 0.6409947492115254 -1.5474982169564053 0
      vertex 0.7408335561168272 -1.5022618420672529 0
    endloop
  endfacet
  facet normal 0 0 -1
    outer loop
      vertex 0.47707174910877365 -4.899131619784617 0
      vertex 0.7408335561168272 -1.5022618420672529 0
      vertex 0.8375 -1.4505925513389346 0
    endloop
  endfacet
  facet normal 0 0 -1
    outer loop
      vertex 0.47707174910877365 -4.899131619784617 0
      vertex 0.8375 -1.4505925513389346 0
      vertex 0.9305801403078336 -1.3927116006067632 0
    endloop
  endfacet
  facet normal 0 0 -1
    outer loop
      vertex 0.47707174910877365 -4.899131619784617 0
      vertex 0.9305801403078336 -1.3927116006067632 0
      vertex 1.019675393589607 -1.328866844987819 0
    endloop
  endfacet
  facet normal 0 0 -1
    outer loop
      vertex 0.47707174910877365 -4.899131619784617 0
      vertex 1.019675393589607 -1.328866844987819 0
      vertex 1.1044042402926153 -1.2593316775272871 0
    endloop
  endfacet
  facet normal 0 0 -1
    outer loop
      vertex 0.8647645149417679 -6.4416931497727195 0
      vertex 1.2680870931048336 -5.752295481107717 0
      vertex 1.2335783637895035 -6.380801736889422 0
    endloop
  endfacet
  facet normal 0 0 -1
    outer loop
      vertex 1.2981116654297735 -6.3681035742433005 0
      vertex 1.2868442620720881 -5.802132083570203 0
      vertex 1.4327484814113065 -6.336710671761285 0
    endloop
  endfacet
  facet normal 0 0 -1
    outer loop
      vertex 0.8647645149417679 -6.4416931497727195 0
      vertex 0.8945979053498849 -5.033810132583123 0
      vertex 1.2680870931048336 -5.752295481107717 0
    endloop
  endfacet
  facet normal 0 0 -1
    outer loop
      vertex 1.2868442620720881 -5.802132083570203 0
      vertex 1.4358528624534872 -6.335986831624293 0
      vertex 1.4327484814113065 -6.336710671761285 0
    endloop
  endfacet
  facet normal 0 0 -1
    outer loop
      vertex 1.2868442620720881 -5.802132083570203 0
      vertex 1.6823237931663848 -6.278517870878944 0
      vertex 1.4358528624534872 -6.335986831624293 0
    endloop
  endfacet
  facet normal 0 0 -1
    outer loop
      vertex 0.47707174910877365 -4.899131619784617 0
      vertex 4.8869587486133526 0 0
      vertex 0.8484202494303352 -4.969369288378684 0
    endloop
  endfacet
  facet normal 0 0 -1
    outer loop
      vertex 0.8484202494303352 -4.969369288378684 0
      vertex 4.8869587486133526 0 0
      vertex 0.8945979053498849 -5.033810132583123 0
    endloop
  endfacet
  facet normal 0 0 -1
    outer loop
      vertex 1.2868442620720881 -5.802132083570203 0
      vertex 4.8869587486133526 0 0
      vertex 1.6823237931663848 -6.278517870878944 0
    endloop
  endfacet
  facet normal 0 0 -1
    outer loop
      vertex 0.8945979053498849 -5.033810132583123 0
      vertex 4.8869587486133526 0 0
      vertex 1.2680870931048336 -5.752295481107717 0
    endloop
  endfacet
  facet normal 0 0 -1
    outer loop
      vertex 1.2680870931048336 -5.752295481107717 0
      vertex 4.8869587486133526 0 0
      vertex 1.2868442620720881 -5.802132083570203 0
    endloop
  endfacet
  facet normal 0 0 -1
    outer loop
      vertex 0.47707174910877365 -4.899131619784617 0
      vertex 1.1044042402926153 -1.2593316775272871 0
      vertex 1.1844038584874672 -1.1844038584874672 0
    endloop
  endfacet
  facet normal 0 0 -1
    outer loop
      vertex 0.47707174910877365 -4.899131619784617 0
      vertex 1.1844038584874672 -1.1844038584874672 0
      vertex 1.2593316775272871 -1.1044042402926153 0
    endloop
  endfacet
  facet normal 0 0 -1
    outer loop
      vertex 0.47707174910877365 -4.899131619784617 0
      vertex 1.2593316775272871 -1.1044042402926153 0
      vertex 1.328866844987819 -1.019675393589607 0
    endloop
  endfacet
  facet normal 0 0 -1
    outer loop
      vertex 0.47707174910877365 -4.899131619784617 0
      vertex 1.328866844987819 -1.019675393589607 0
      vertex 1.3927116006067632 -0.9305801403078336 0
    endloop
  endfacet
  facet normal 0 0 -1
    outer loop
      vertex 0.47707174910877365 -4.899131619784617 0
      vertex 1.3927116006067632 -0.9305801403078336 0
      vertex 1.4505925513389346 -0.8375 0
    endloop
  endfacet
  facet normal 0 0 -1
    outer loop
      vertex 0.47707174910877365 -4.899131619784617 0
      vertex 1.4505925513389346 -0.8375 0
      vertex 1.5022618420672529 -0.7408335561168272 0
    endloop
  endfacet
  facet normal 0 0 -1
    outer loop
      vertex 0.47707174910877365 -4.899131619784617 0
      vertex 1.5022618420672529 -0.7408335561168272 0
      vertex 4.8869587486133526 0 0
    endloop
  endfacet
  facet normal 0 0 -1
    outer loop
      vertex 4.8869587486133526 0 0
      vertex 1.5022618420672529 -0.7408335561168272 0
      vertex 1.5474982169564053 -0.6409947492115254 0
    endloop
  endfacet
  facet normal 0 0 -1
    outer loop
      vertex 4.8869587486133526 0 0
      vertex 1.5474982169564053 -0.6409947492115254 0
      vertex 1.5861079669043021 -0.5384111043827957 0
    endloop
  endfacet
  facet normal 0 0 -1
    outer loop
      vertex 4.8869587486133526 0 0
      vertex 1.5861079669043021 -0.5384111043827957 0
      vertex 1.6179257590341896 -0.43352190054672224 0
    endloop
  endfacet
  facet normal 0 0 -1
    outer loop
      vertex 4.8869587486133526 0 0
      vertex 1.6179257590341896 -0.43352190054672224 0
      vertex 1.642815344675411 -0.3267762893770148 0
    endloop
  endfacet
  facet normal 0 0 -1
    outer loop
      vertex 4.8869587486133526 0 0
      vertex 1.642815344675411 -0.3267762893770148 0
      vertex 1.6606701428011323 -0.2186313719685864 0
    endloop
  endfacet
  facet normal 0 0 -1
    outer loop
      vertex 4.8869587486133526 0 0
      vertex 1.6606701428011323 -0.2186313719685864 0
      vertex 1.6714136964246609 -0.10955024146048963 0
    endloop
  endfacet
  facet normal 0 0 -1
    outer loop
      vertex 4.8869587486133526 0 0
      vertex 1.6714136964246609 -0.10955024146048963 0
      vertex 1.675 0 0
    endloop
  endfacet
  facet normal 0 0 -1
    outer loop
      vertex 1.6823237931663848 -6.278517870878944 0
      vertex 4.8869587486133526 0 0
      vertex 2.08935652447055 -6.155045841718187 0
    endloop
  endfacet
  facet normal 0 0 -1
    outer loop
      vertex 2.08935652447055 -6.155045841718187 0
      vertex 4.8869587486133526 0 0
      vertex 2.4874423103730834 -6.005216961323364 0
    endloop
  endfacet
  facet normal 0 0 -1
    outer loop
      vertex 2.4874423103730834 -6.005216961323364 0
      vertex 4.8869587486133526 0 0
      vertex 2.8748764864235086 -5.829672819962473 0
    endloop
  endfacet
  facet normal 0 0 -1
    outer loop
      vertex 2.8748764864235086 -5.829672819962473 0
      vertex 4.8869587486133526 0 0
      vertex 3.25 -5.629165124598851 0
    endloop
  endfacet
  facet normal 0 0 -1
    outer loop
      vertex 3.25 -5.629165124598851 0
      vertex 4.8869587486133526 0 0
      vertex 3.611206514627414 -5.404552479966544 0
    endloop
  endfacet
  facet normal 0 0 -1
    outer loop
      vertex 3.611206514627414 -5.404552479966544 0
      vertex 4.8869587486133526 0 0
      vertex 3.956949288556684 -5.156796711893029 0
    endloop
  endfacet
  facet normal 0 0 -1
    outer loop
      vertex 3.956949288556684 -5.156796711893029 0
      vertex 4.8869587486133526 0 0
      vertex 4.285747798150448 -4.8869587486133526 0
    endloop
  endfacet
  facet normal 0 0 -1
    outer loop
      vertex 4.285747798150448 -4.8869587486133526 0
      vertex 4.8869587486133526 0 0
      vertex 4.59619407771256 -4.59619407771256 0
    endloop
  endfacet
  facet normal 0 0 -1
    outer loop
      vertex 4.59619407771256 -4.59619407771256 0
      vertex 4.8869587486133526 0 0
      vertex 4.8869587486133526 -4.285747798150448 0
    endloop
  endfacet
  facet normal 0 0 -1
    outer loop
      vertex 4.8869587486133526 -4.285747798150448 0
      vertex 5.156796711893029 3.956949288556684 0
      vertex 5.156796711893029 -3.956949288556684 0
    endloop
  endfacet
  facet normal 0 0 -1
    outer loop
      vertex 5.156796711893029 -3.956949288556684 0
      vertex 5.404552479966544 3.611206514627414 0
      vertex 5.404552479966544 -3.611206514627414 0
    endloop
  endfacet
  facet normal 0 0 -1
    outer loop
      vertex 5.404552479966544 -3.611206514627414 0
      vertex 5.629165124598851 3.25 0
      vertex 5.629165124598851 -3.25 0
    endloop
  endfacet
  facet normal 0 0 -1
    outer loop
      vertex 4.8869587486133526 -4.285747798150448 0
      vertex 4.8869587486133526 0 0
      vertex 5.156796711893029 3.956949288556684 0
    endloop
  endfacet
  facet normal 0 0 -1
    outer loop
      vertex 5.629165124598851 -3.25 0
      vertex 5.829672819962473 2.8748764864235086 0
      vertex 5.829672819962473 -2.8748764864235086 0
    endloop
  endfacet
  facet normal 0 0 -1
    outer loop
      vertex 5.829672819962473 -2.8748764864235086 0
      vertex 6.005216961323364 2.4874423103730834 0
      vertex 6.005216961323364 -2.4874423103730834 0
    endloop
  endfacet
  facet normal 0 0 -1
    outer loop
      vertex 6.005216961323364 -2.4874423103730834 0
      vertex 6.155045841718187 2.08935652447055 0
      vertex 6.155045841718187 -2.08935652447055 0
    endloop
  endfacet
  facet normal 0 0 -1
    outer loop
      vertex 6.155045841718187 -2.08935652447055 0
      vertex 6.278517870878944 1.6823237931663848 0
      vertex 6.278517870878944 -1.6823237931663848 0
    endloop
  endfacet
  facet normal 0 0 -1
    outer loop
      vertex 6.278517870878944 -1.6823237931663848 0
      vertex 6.375104322620998 1.2680870931048336 0
      vertex 6.375104322620998 -1.2680870931048336 0
    endloop
  endfacet
  facet normal 0 0 -1
    outer loop
      vertex 6.375104322620998 -1.2680870931048336 0
      vertex 6.4443915989297675 0.8484202494303352 0
      vertex 6.4443915989297675 -0.8484202494303352 0
    endloop
  endfacet
  facet normal 0 0 -1
    outer loop
      vertex 6.4443915989297675 -0.8484202494303352 0
      vertex 6.486083001050923 0.4251203399959299 0
      vertex 6.486083001050923 -0.4251203399959299 0
    endloop
  endfacet
  facet normal 0 0 -1
    outer loop
      vertex 6.155045841718187 -2.08935652447055 0
      vertex 6.155045841718187 2.08935652447055 0
      vertex 6.278517870878944 1.6823237931663848 0
    endloop
  endfacet
  facet normal 0 0 -1
    outer loop
      vertex 6.486083001050923 -0.4251203399959299 0
      vertex 6.486083001050923 0.4251203399959299 0
      vertex 6.5 0 0
    endloop
  endfacet
  facet normal 0 0 -1
    outer loop
      vertex 6.4443915989297675 -0.8484202494303352 0
      vertex 6.4443915989297675 0.8484202494303352 0
      vertex 6.486083001050923 0.4251203399959299 0
    endloop
  endfacet
  facet normal 0 0 -1
    outer loop
      vertex 6.278517870878944 -1.6823237931663848 0
      vertex 6.278517870878944 1.6823237931663848 0
      vertex 6.375104322620998 1.2680870931048336 0
    endloop
  endfacet
  facet normal 0 0 -1
    outer loop
      vertex 6.375104322620998 -1.2680870931048336 0
      vertex 6.375104322620998 1.2680870931048336 0
      vertex 6.4443915989297675 0.8484202494303352 0
    endloop
  endfacet
  facet normal 0.22707626303437153 -0.9738769792773341 0
    outer loop
      vertex 1.4358528624534872 -6.335986831624293 0
      vertex 1.6823237931663848 -6.278517870878944 0
      vertex 1.4358528624534872 -6.335986831624293 3.5
    endloop
  endfacet
  facet normal 0.29028467725446216 -0.9569403357322089 0
    outer loop
      vertex 1.6823237931663848 -6.278517870878944 0
      vertex 2.08935652447055 -6.155045841718187 0
      vertex 2.08935652447055 -6.155045841718187 3.5
    endloop
  endfacet
  facet normal 0.35225004792123393 -0.9359059267573255 0
    outer loop
      vertex 2.08935652447055 -6.155045841718187 0
      vertex 2.4874423103730834 -6.005216961323364 0
      vertex 2.4874423103730834 -6.005216961323364 3.5
    endloop
  endfacet
  facet normal 0.41270702980439544 -0.9108638249211755 0
    outer loop
      vertex 2.4874423103730834 -6.005216961323364 0
      vertex 2.8748764864235086 -5.829672819962473 0
      vertex 2.8748764864235086 -5.829672819962473 3.5
    endloop
  endfacet
  facet normal 0.4713967368259977 -0.881921264348355 0
    outer loop
      vertex 2.8748764864235086 -5.829672819962473 0
      vertex 3.25 -5.629165124598851 0
      vertex 3.25 -5.629165124598851 3.5
    endloop
  endfacet
  facet normal 0.5280678506503683 -0.8492021815265788 0
    outer loop
      vertex 3.25 -5.629165124598851 0
      vertex 3.611206514627414 -5.404552479966544 0
      vertex 3.611206514627414 -5.404552479966544 3.5
    endloop
  endfacet
  facet normal 0.5824776968678007 -0.8128466845916164 0
    outer loop
      vertex 3.611206514627414 -5.404552479966544 0
      vertex 3.956949288556684 -5.156796711893029 0
      vertex 3.956949288556684 -5.156796711893029 3.5
    endloop
  endfacet
  facet normal 0.6343932841636466 -0.773010453362736 0
    outer loop
      vertex 3.956949288556684 -5.156796711893029 0
      vertex 4.285747798150448 -4.8869587486133526 0
      vertex 4.285747798150448 -4.8869587486133526 3.5
    endloop
  endfacet
  facet normal 0.683592302022869 -0.7298640726978378 0
    outer loop
      vertex 4.285747798150448 -4.8869587486133526 0
      vertex 4.59619407771256 -4.59619407771256 0
      vertex 4.59619407771256 -4.59619407771256 3.5
    endloop
  endfacet
  facet normal 0.7298640726978378 -0.683592302022869 0
    outer loop
      vertex 4.59619407771256 -4.59619407771256 0
      vertex 4.8869587486133526 -4.285747798150448 0
      vertex 4.59619407771256 -4.59619407771256 3.5
    endloop
  endfacet
  facet normal 0.773010453362736 -0.6343932841636466 0
    outer loop
      vertex 4.8869587486133526 -4.285747798150448 0
      vertex 5.156796711893029 -3.956949288556684 0
      vertex 4.8869587486133526 -4.285747798150448 3.5
    endloop
  endfacet
  facet normal 0.8128466845916164 -0.5824776968678007 0
    outer loop
      vertex 5.156796711893029 -3.956949288556684 0
      vertex 5.404552479966544 -3.611206514627414 0
      vertex 5.156796711893029 -3.956949288556684 3.5
    endloop
  endfacet
  facet normal 0.8492021815265788 -0.5280678506503683 0
    outer loop
      vertex 5.404552479966544 -3.611206514627414 0
      vertex 5.629165124598851 -3.25 0
      vertex 5.404552479966544 -3.611206514627414 3.5
    endloop
  endfacet
  facet normal 0.881921264348355 -0.4713967368259977 0
    outer loop
      vertex 5.629165124598851 -3.25 0
      vertex 5.829672819962473 -2.8748764864235086 0
      vertex 5.629165124598851 -3.25 3.5
    endloop
  endfacet
  facet normal 0.9108638249211755 -0.41270702980439544 0
    outer loop
      vertex 5.829672819962473 -2.8748764864235086 0
      vertex 6.005216961323364 -2.4874423103730834 0
      vertex 5.829672819962473 -2.8748764864235086 3.5
    endloop
  endfacet
  facet normal 0.9359059267573255 -0.35225004792123393 0
    outer loop
      vertex 6.005216961323364 -2.4874423103730834 0
      vertex 6.155045841718187 -2.08935652447055 0
      vertex 6.005216961323364 -2.4874423103730834 3.5
    endloop
  endfacet
  facet normal 0.9569403357322089 -0.29028467725446216 0
    outer loop
      vertex 6.155045841718187 -2.08935652447055 0
      vertex 6.278517870878944 -1.6823237931663848 0
      vertex 6.155045841718187 -2.08935652447055 3.5
    endloop
  endfacet
  facet normal 0.9738769792773336 -0.22707626303437267 0
    outer loop
      vertex 6.278517870878944 -1.6823237931663848 0
      vertex 6.375104322620998 -1.2680870931048336 0
      vertex 6.278517870878944 -1.6823237931663848 3.5
    endloop
  endfacet
  facet normal 0.986643332084879 -0.16289547339458874 0
    outer loop
      vertex 6.375104322620998 -1.2680870931048336 0
      vertex 6.4443915989297675 -0.8484202494303352 0
      vertex 6.375104322620998 -1.2680870931048336 3.5
    endloop
  endfacet
  facet normal 0.9951847266721967 -0.09801714032956076 0
    outer loop
      vertex 6.4443915989297675 -0.8484202494303352 0
      vertex 6.486083001050923 -0.4251203399959299 0
      vertex 6.4443915989297675 -0.8484202494303352 3.5
    endloop
  endfacet
  facet normal 0.9994645874763657 -0.0327190828217763 0
    outer loop
      vertex 6.486083001050923 -0.4251203399959299 0
      vertex 6.5 0 0
      vertex 6.486083001050923 -0.4251203399959299 3.5
    endloop
  endfacet
  facet normal 0.9994645874763657 0.0327190828217763 0
    outer loop
      vertex 6.5 0 0
      vertex 6.486083001050923 0.4251203399959299 0
      vertex 6.5 0 3.5
    endloop
  endfacet
  facet normal 0.9951847266721967 0.09801714032956076 0
    outer loop
      vertex 6.486083001050923 0.4251203399959299 0
      vertex 6.4443915989297675 0.8484202494303352 0
      vertex 6.486083001050923 0.4251203399959299 3.5
    endloop
  endfacet
  facet normal -0.881921264348355 -0.4713967368259977 0
    outer loop
      vertex -5.629165124598851 -3.25 0
      vertex -5.629165124598851 -3.25 3.5
      vertex -5.829672819962473 -2.8748764864235086 3.5
    endloop
  endfacet
  facet normal -0.8492021815265788 -0.5280678506503683 0
    outer loop
      vertex -5.404552479966544 -3.611206514627414 0
      vertex -5.404552479966544 -3.611206514627414 3.5
      vertex -5.629165124598851 -3.25 3.5
    endloop
  endfacet
  facet normal -0.8128466845916164 -0.5824776968678007 0
    outer loop
      vertex -5.156796711893029 -3.956949288556684 0
      vertex -5.156796711893029 -3.956949288556684 3.5
      vertex -5.404552479966544 -3.611206514627414 3.5
    endloop
  endfacet
  facet normal -0.773010453362736 -0.6343932841636466 0
    outer loop
      vertex -4.8869587486133526 -4.285747798150448 0
      vertex -4.8869587486133526 -4.285747798150448 3.5
      vertex -5.156796711893029 -3.956949288556684 3.5
    endloop
  endfacet
  facet normal -0.9569403357322089 -0.29028467725446216 0
    outer loop
      vertex -6.155045841718187 -2.08935652447055 0
      vertex -6.155045841718187 -2.08935652447055 3.5
      vertex -6.278517870878944 -1.6823237931663848 3.5
    endloop
  endfacet
  facet normal -0.9738769792773336 -0.22707626303437267 0
    outer loop
      vertex -6.278517870878944 -1.6823237931663848 0
      vertex -6.278517870878944 -1.6823237931663848 3.5
      vertex -6.375104322620998 -1.2680870931048336 3.5
    endloop
  endfacet
  facet normal -0.9359059267573255 -0.35225004792123393 0
    outer loop
      vertex -6.005216961323364 -2.4874423103730834 0
      vertex -6.005216961323364 -2.4874423103730834 3.5
      vertex -6.155045841718187 -2.08935652447055 3.5
    endloop
  endfacet
  facet normal -0.9108638249211755 -0.41270702980439544 0
    outer loop
      vertex -5.829672819962473 -2.8748764864235086 0
      vertex -5.829672819962473 -2.8748764864235086 3.5
      vertex -6.005216961323364 -2.4874423103730834 3.5
    endloop
  endfacet
  facet normal -0.986643332084879 -0.16289547339458874 0
    outer loop
      vertex -6.375104322620998 -1.2680870931048336 0
      vertex -6.375104322620998 -1.2680870931048336 3.5
      vertex -6.4443915989297675 -0.8484202494303352 3.5
    endloop
  endfacet
  facet normal -0.9951847266721967 -0.09801714032956076 0
    outer loop
      vertex -6.4443915989297675 -0.8484202494303352 0
      vertex -6.4443915989297675 -0.8484202494303352 3.5
      vertex -6.486083001050923 -0.4251203399959299 3.5
    endloop
  endfacet
  facet normal -0.9994645874763657 -0.0327190828217763 0
    outer loop
      vertex -6.486083001050923 -0.4251203399959299 0
      vertex -6.486083001050923 -0.4251203399959299 3.5
      vertex -6.5 0 3.5
    endloop
  endfacet
  facet normal -0.9994645874763657 0.0327190828217763 0
    outer loop
      vertex -6.5 0 0
      vertex -6.5 0 3.5
      vertex -6.486083001050923 0.4251203399959299 3.5
    endloop
  endfacet
  facet normal -0.9951847266721967 0.09801714032956076 0
    outer loop
      vertex -6.486083001050923 0.4251203399959299 0
      vertex -6.486083001050923 0.4251203399959299 3.5
      vertex -6.4443915989297675 0.8484202494303352 3.5
    endloop
  endfacet
  facet normal -0.7298640726978378 -0.683592302022869 0
    outer loop
      vertex -4.59619407771256 -4.59619407771256 0
      vertex -4.59619407771256 -4.59619407771256 3.5
      vertex -4.8869587486133526 -4.285747798150448 3.5
    endloop
  endfacet
  facet normal -0.6835923020228731 -0.7298640726978338 0
    outer loop
      vertex -4.570819984313456 -4.619959509615957 0
      vertex -4.570819984313456 -4.619959509615957 3.5
      vertex -4.59619407771256 -4.59619407771256 3.5
    endloop
  endfacet
  facet normal 0 0 1
    outer loop
      vertex -6.4443915989297675 -0.8484202494303352 3.5
      vertex -6.486083001050923 0.4251203399959299 3.5
      vertex -6.486083001050923 -0.4251203399959299 3.5
    endloop
  endfacet
  facet normal 0 0 1
    outer loop
      vertex -6.375104322620998 -1.2680870931048336 3.5
      vertex -6.4443915989297675 0.8484202494303352 3.5
      vertex -6.4443915989297675 -0.8484202494303352 3.5
    endloop
  endfacet
  facet normal 0 0 1
    outer loop
      vertex -6.278517870878944 -1.6823237931663848 3.5
      vertex -6.375104322620998 1.2680870931048336 3.5
      vertex -6.375104322620998 -1.2680870931048336 3.5
    endloop
  endfacet
  facet normal 0 0 1
    outer loop
      vertex -6.278517870878944 -1.6823237931663848 3.5
      vertex -6.155045841718187 -2.08935652447055 3.5
      vertex -6.278517870878944 1.6823237931663848 3.5
    endloop
  endfacet
  facet normal 0 0 1
    outer loop
      vertex -6.486083001050923 -0.4251203399959299 3.5
      vertex -6.486083001050923 0.4251203399959299 3.5
      vertex -6.5 0 3.5
    endloop
  endfacet
  facet normal 0 0 1
    outer loop
      vertex -6.4443915989297675 -0.8484202494303352 3.5
      vertex -6.4443915989297675 0.8484202494303352 3.5
      vertex -6.486083001050923 0.4251203399959299 3.5
    endloop
  endfacet
  facet normal 0 0 1
    outer loop
      vertex -6.375104322620998 -1.2680870931048336 3.5
      vertex -6.375104322620998 1.2680870931048336 3.5
      vertex -6.4443915989297675 0.8484202494303352 3.5
    endloop
  endfacet
  facet normal 0 0 1
    outer loop
      vertex -6.278517870878944 -1.6823237931663848 3.5
      vertex -6.278517870878944 1.6823237931663848 3.5
      vertex -6.375104322620998 1.2680870931048336 3.5
    endloop
  endfacet
  facet normal 0 0 1
    outer loop
      vertex -6.155045841718187 -2.08935652447055 3.5
      vertex -6.155045841718187 2.08935652447055 3.5
      vertex -6.278517870878944 1.6823237931663848 3.5
    endloop
  endfacet
  facet normal 0 0 1
    outer loop
      vertex -6.005216961323364 -2.4874423103730834 3.5
      vertex -6.155045841718187 2.08935652447055 3.5
      vertex -6.155045841718187 -2.08935652447055 3.5
    endloop
  endfacet
  facet normal 0 0 1
    outer loop
      vertex -6.005216961323364 -2.4874423103730834 3.5
      vertex -5.829672819962473 -2.8748764864235086 3.5
      vertex -6.005216961323364 2.4874423103730834 3.5
    endloop
  endfacet
  facet normal 0 0 1
    outer loop
      vertex -5.629165124598851 -3.25 3.5
      vertex -5.829672819962473 2.8748764864235086 3.5
      vertex -5.829672819962473 -2.8748764864235086 3.5
    endloop
  endfacet
  facet normal 0 0 1
    outer loop
      vertex -5.629165124598851 -3.25 3.5
      vertex -5.404552479966544 -3.611206514627414 3.5
      vertex -5.629165124598851 3.25 3.5
    endloop
  endfacet
  facet normal 0 0 1
    outer loop
      vertex -5.404552479966544 -3.611206514627414 3.5
      vertex -5.156796711893029 -3.956949288556684 3.5
      vertex -5.404552479966544 3.611206514627414 3.5
    endloop
  endfacet
  facet normal 0 0 1
    outer loop
      vertex -5.156796711893029 -3.956949288556684 3.5
      vertex -4.8869587486133526 -4.285747798150448 3.5
      vertex -5.156796711893029 3.956949288556684 3.5
    endloop
  endfacet
  facet normal 0 0 1
    outer loop
      vertex -4.8869587486133526 -4.285747798150448 3.5
      vertex -4.8869587486133526 0 3.5
      vertex -5.156796711893029 3.956949288556684 3.5
    endloop
  endfacet
  facet normal 0 0 1
    outer loop
      vertex -4.59619407771256 -4.59619407771256 3.5
      vertex -4.570819984313456 -4.619959509615957 3.5
      vertex -4.299983505813029 -4.452102864543579 3.5
    endloop
  endfacet
  facet normal 0 0 1
    outer loop
      vertex -4.5245162636871825 -4.663327676592771 3.5
      vertex -4.299983505813029 -4.452102864543579 3.5
      vertex -4.570819984313456 -4.619959509615957 3.5
    endloop
  endfacet
  facet normal 0 0 1
    outer loop
      vertex -4.285747798150448 -4.436813182411295 3.5
      vertex -3.98984826026293 -4.15183708744733 3.5
      vertex -4.285747798150448 -4.432862835059306 3.5
    endloop
  endfacet
  facet normal 0 0 1
    outer loop
      vertex -3.956949288556684 -4.259870036117356 3.5
      vertex -3.6567848663514346 -4.012277862984242 3.5
      vertex -3.956949288556684 -4.1068758441670425 3.5
    endloop
  endfacet
  facet normal 0 0 1
    outer loop
      vertex -3.611206514627414 -4.167679427298597 3.5
      vertex -3.305181129839893 -3.943555981080846 3.5
      vertex -3.611206514627414 -3.9488669794837095 3.5
    endloop
  endfacet
  facet normal 0 0 1
    outer loop
      vertex -3.25 -3.873058051988076 3.5
      vertex -2.9453650561740132 -3.67646975888526 3.5
      vertex -3.25 -3.864583575102916 3.5
    endloop
  endfacet
  facet normal 0 0 1
    outer loop
      vertex -4.8869587486133526 -4.285747798150448 3.5
      vertex -4.59619407771256 -4.59619407771256 3.5
      vertex -2.2908518622648653 0 3.5
    endloop
  endfacet
  facet normal 0 0 1
    outer loop
      vertex -4.8869587486133526 -4.285747798150448 3.5
      vertex -2.2908518622648653 0 3.5
      vertex -4.8869587486133526 0 3.5
    endloop
  endfacet
  facet normal 0 0 1
    outer loop
      vertex -4.59619407771256 -4.59619407771256 3.5
      vertex -4.299983505813029 -4.452102864543579 3.5
      vertex -2.2908518622648653 0 3.5
    endloop
  endfacet
  facet normal 0 0 1
    outer loop
      vertex -4.299983505813029 -4.452102864543579 3.5
      vertex -4.285747798150448 -4.432862835059306 3.5
      vertex -2.2908518622648653 0 3.5
    endloop
  endfacet
  facet normal 0 0 1
    outer loop
      vertex -4.285747798150448 -4.432862835059306 3.5
      vertex -3.98984826026293 -4.15183708744733 3.5
      vertex -2.2908518622648653 0 3.5
    endloop
  endfacet
  facet normal 0 0 1
    outer loop
      vertex -3.98984826026293 -4.15183708744733 3.5
      vertex -3.956949288556684 -4.1068758441670425 3.5
      vertex -2.2908518622648653 0 3.5
    endloop
  endfacet
  facet normal 0 0 1
    outer loop
      vertex -3.956949288556684 -4.1068758441670425 3.5
      vertex -3.6567848663514346 -4.012277862984242 3.5
      vertex -2.2908518622648653 0 3.5
    endloop
  endfacet
  facet normal 0 0 1
    outer loop
      vertex -3.6567848663514346 -4.012277862984242 3.5
      vertex -3.611206514627414 -3.9488669794837095 3.5
      vertex -2.2908518622648653 0 3.5
    endloop
  endfacet
  facet normal 0 0 1
    outer loop
      vertex -3.611206514627414 -3.9488669794837095 3.5
      vertex -3.305181129839893 -3.943555981080846 3.5
      vertex -2.2908518622648653 0 3.5
    endloop
  endfacet
  facet normal 0 0 1
    outer loop
      vertex -3.305181129839893 -3.943555981080846 3.5
      vertex -3.25 -3.864583575102916 3.5
      vertex -2.2908518622648653 0 3.5
    endloop
  endfacet
  facet normal 0 0 1
    outer loop
      vertex -2.8748764864235086 -3.8616380778630788 3.5
      vertex -2.5633383122545426 -3.6868339362016305 3.5
      vertex -2.8748764864235086 -3.845047308288961 3.5
    endloop
  endfacet
  facet normal 0 0 1
    outer loop
      vertex -2.4874423103730834 -3.9042586496029053 3.5
      vertex -2.168180568778765 -3.747220373111353 3.5
      vertex -2.4874423103730834 -3.5750238737368436 3.5
    endloop
  endfacet
  facet normal 0 0 1
    outer loop
      vertex -2.08935652447055 -3.6368854571842686 3.5
      vertex -1.7729485219173622 -3.5102187828626277 3.5
      vertex -2.08935652447055 -3.631351400937421 3.5
    endloop
  endfacet
  facet normal 0 0 1
    outer loop
      vertex -1.6823237931663848 -3.74486669877631 3.5
      vertex -1.3580346173884086 -3.6274916911088715 3.5
      vertex -1.6823237931663848 -3.7368656972070675 3.5
    endloop
  endfacet
  facet normal 0 0 1
    outer loop
      vertex -1.2680870931048336 -3.8771421556457177 3.5
      vertex -0.9359047419310623 -3.772016805171049 3.5
      vertex -1.2680870931048336 -3.872940769136828 3.5
    endloop
  endfacet
  facet normal 0 0 1
    outer loop
      vertex -1.357967221411298 -3.6295504252374244 3.5
      vertex -1.2680870931048336 -3.872940769136828 3.5
      vertex -0.43352190054672224 -1.6179257590341896 3.5
    endloop
  endfacet
  facet normal 0 0 1
    outer loop
      vertex -3.25 -3.864583575102916 3.5
      vertex -2.9453650561740132 -3.67646975888526 3.5
      vertex -2.2908518622648653 0 3.5
    endloop
  endfacet
  facet normal 0 0 1
    outer loop
      vertex -2.945300894209435 -3.6784297041504845 3.5
      vertex -2.8748764864235086 -3.845047308288961 3.5
      vertex -2.2908518622648653 0 3.5
    endloop
  endfacet
  facet normal 0 0 1
    outer loop
      vertex -2.945300894209435 -3.6784297041504845 3.5
      vertex -2.2908518622648653 0 3.5
      vertex -2.9453650561740132 -3.67646975888526 3.5
    endloop
  endfacet
  facet normal 0 0 1
    outer loop
      vertex -2.8748764864235086 -3.845047308288961 3.5
      vertex -2.5633383122545426 -3.6868339362016305 3.5
      vertex -2.2908518622648653 0 3.5
    endloop
  endfacet
  facet normal 0 0 1
    outer loop
      vertex -2.5633383122545426 -3.6868339362016305 3.5
      vertex -2.4874423103730834 -3.5750238737368436 3.5
      vertex -2.2908518622648653 0 3.5
    endloop
  endfacet
  facet normal 0 0 1
    outer loop
      vertex -2.4874423103730834 -3.5750238737368436 3.5
      vertex -2.168180568778765 -3.747220373111353 3.5
      vertex -2.2908518622648653 0 3.5
    endloop
  endfacet
  facet normal 0 0 1
    outer loop
      vertex -2.168180568778765 -3.747220373111353 3.5
      vertex -2.08935652447055 -3.631351400937421 3.5
      vertex -2.2908518622648653 0 3.5
    endloop
  endfacet
  facet normal 0 0 1
    outer loop
      vertex -2.08935652447055 -3.631351400937421 3.5
      vertex -1.642815344675411 -0.3267762893770148 3.5
      vertex -2.2908518622648653 0 3.5
    endloop
  endfacet
  facet normal 0 0 1
    outer loop
      vertex -2.08935652447055 -3.631351400937421 3.5
      vertex -1.7729485219173622 -3.5102187828626277 3.5
      vertex -0.7408335561168272 -1.5022618420672529 3.5
    endloop
  endfacet
  facet normal 0 0 1
    outer loop
      vertex -2.08935652447055 -3.631351400937421 3.5
      vertex -1.5022618420672529 -0.7408335561168272 3.5
      vertex -1.5474982169564053 -0.6409947492115254 3.5
    endloop
  endfacet
  facet normal 0 0 1
    outer loop
      vertex -2.08935652447055 -3.631351400937421 3.5
      vertex -1.5861079669043021 -0.5384111043827957 3.5
      vertex -1.6179257590341896 -0.43352190054672224 3.5
    endloop
  endfacet
  facet normal 0 0 1
    outer loop
      vertex -2.08935652447055 -3.631351400937421 3.5
      vertex -1.6179257590341896 -0.43352190054672224 3.5
      vertex -1.642815344675411 -0.3267762893770148 3.5
    endloop
  endfacet
  facet normal 0 0 1
    outer loop
      vertex -2.08935652447055 -3.631351400937421 3.5
      vertex -1.5474982169564053 -0.6409947492115254 3.5
      vertex -1.5861079669043021 -0.5384111043827957 3.5
    endloop
  endfacet
  facet normal 0 0 1
    outer loop
      vertex -2.08935652447055 -3.631351400937421 3.5
      vertex -1.328866844987819 -1.019675393589607 3.5
      vertex -1.3927116006067632 -0.9305801403078336 3.5
    endloop
  endfacet
  facet normal 0 0 1
    outer loop
      vertex -2.08935652447055 -3.631351400937421 3.5
      vertex -1.4505925513389346 -0.8375 3.5
      vertex -1.5022618420672529 -0.7408335561168272 3.5
    endloop
  endfacet
  facet normal 0 0 1
    outer loop
      vertex -2.08935652447055 -3.631351400937421 3.5
      vertex -1.3927116006067632 -0.9305801403078336 3.5
      vertex -1.4505925513389346 -0.8375 3.5
    endloop
  endfacet
  facet normal 0 0 1
    outer loop
      vertex -2.08935652447055 -3.631351400937421 3.5
      vertex -1.2593316775272871 -1.1044042402926153 3.5
      vertex -1.328866844987819 -1.019675393589607 3.5
    endloop
  endfacet
  facet normal 0 0 1
    outer loop
      vertex -2.08935652447055 -3.631351400937421 3.5
      vertex -1.1844038584874672 -1.1844038584874672 3.5
      vertex -1.2593316775272871 -1.1044042402926153 3.5
    endloop
  endfacet
  facet normal 0 0 1
    outer loop
      vertex -1.772943253162004 -3.51037972668949 3.5
      vertex -0.7408335561168272 -1.5022618420672529 3.5
      vertex -1.7729485219173622 -3.5102187828626277 3.5
    endloop
  endfacet
  facet normal 0 0 1
    outer loop
      vertex -1.772943253162004 -3.51037972668949 3.5
      vertex -1.6823237931663848 -3.7368656972070675 3.5
      vertex -0.6409947492115254 -1.5474982169564053 3.5
    endloop
  endfacet
  facet normal 0 0 1
    outer loop
      vertex -2.08935652447055 -3.631351400937421 3.5
      vertex -0.9305801403078336 -1.3927116006067632 3.5
      vertex -1.019675393589607 -1.328866844987819 3.5
    endloop
  endfacet
  facet normal 0 0 1
    outer loop
      vertex -2.08935652447055 -3.631351400937421 3.5
      vertex -0.8375 -1.4505925513389346 3.5
      vertex -0.9305801403078336 -1.3927116006067632 3.5
    endloop
  endfacet
  facet normal 0 0 1
    outer loop
      vertex -1.6823237931663848 -3.7368656972070675 3.5
      vertex -1.3580346173884086 -3.6274916911088715 3.5
      vertex -0.6409947492115254 -1.5474982169564053 3.5
    endloop
  endfacet
  facet normal 0 0 1
    outer loop
      vertex -1.357967221411298 -3.6295504252374244 3.5
      vertex -0.5384111043827957 -1.5861079669043021 3.5
      vertex -1.3580346173884086 -3.6274916911088715 3.5
    endloop
  endfacet
  facet normal 0 0 1
    outer loop
      vertex -2.08935652447055 -3.631351400937421 3.5
      vertex -0.7408335561168272 -1.5022618420672529 3.5
      vertex -0.8375 -1.4505925513389346 3.5
    endloop
  endfacet
  facet normal 0 0 1
    outer loop
      vertex -1.772943253162004 -3.51037972668949 3.5
      vertex -0.6409947492115254 -1.5474982169564053 3.5
      vertex -0.7408335561168272 -1.5022618420672529 3.5
    endloop
  endfacet
  facet normal 0 0 1
    outer loop
      vertex -2.08935652447055 -3.631351400937421 3.5
      vertex -1.1044042402926153 -1.2593316775272871 3.5
      vertex -1.1844038584874672 -1.1844038584874672 3.5
    endloop
  endfacet
  facet normal 0 0 1
    outer loop
      vertex -2.08935652447055 -3.631351400937421 3.5
      vertex -1.019675393589607 -1.328866844987819 3.5
      vertex -1.1044042402926153 -1.2593316775272871 3.5
    endloop
  endfacet
  facet normal 0 0 1
    outer loop
      vertex -2.2908518622648653 0 3.5
      vertex -1.6714136964246609 -0.10955024146048963 3.5
      vertex -1.675 0 3.5
    endloop
  endfacet
  facet normal 0 0 1
    outer loop
      vertex -2.2908518622648653 0 3.5
      vertex -1.642815344675411 -0.3267762893770148 3.5
      vertex -1.6606701428011323 -0.2186313719685864 3.5
    endloop
  endfacet
  facet normal 0 0 1
    outer loop
      vertex -2.2908518622648653 0 3.5
      vertex -1.6606701428011323 -0.2186313719685864 3.5
      vertex -1.6714136964246609 -0.10955024146048963 3.5
    endloop
  endfacet
  facet normal 0.22707626303437153 -0.9738769792773341 0
    outer loop
      vertex 1.6823237931663848 -6.278517870878944 0
      vertex 1.6823237931663848 -6.278517870878944 3.5
      vertex 1.4358528624534872 -6.335986831624293 3.5
    endloop
  endfacet
  facet normal 0.29028467725446216 -0.9569403357322089 0
    outer loop
      vertex 1.6823237931663848 -6.278517870878944 0
      vertex 2.08935652447055 -6.155045841718187 3.5
      vertex 1.6823237931663848 -6.278517870878944 3.5
    endloop
  endfacet
  facet normal 0.35225004792123393 -0.9359059267573255 0
    outer loop
      vertex 2.08935652447055 -6.155045841718187 0
      vertex 2.4874423103730834 -6.005216961323364 3.5
      vertex 2.08935652447055 -6.155045841718187 3.5
    endloop
  endfacet
  facet normal 0.41270702980439544 -0.9108638249211755 0
    outer loop
      vertex 2.4874423103730834 -6.005216961323364 0
      vertex 2.8748764864235086 -5.829672819962473 3.5
      vertex 2.4874423103730834 -6.005216961323364 3.5
    endloop
  endfacet
  facet normal 0.4713967368259977 -0.881921264348355 0
    outer loop
      vertex 2.8748764864235086 -5.829672819962473 0
      vertex 3.25 -5.629165124598851 3.5
      vertex 2.8748764864235086 -5.829672819962473 3.5
    endloop
  endfacet
  facet normal 0.5280678506503683 -0.8492021815265788 0
    outer loop
      vertex 3.25 -5.629165124598851 0
      vertex 3.611206514627414 -5.404552479966544 3.5
      vertex 3.25 -5.629165124598851 3.5
    endloop
  endfacet
  facet normal 0.5824776968678007 -0.8128466845916164 0
    outer loop
      vertex 3.611206514627414 -5.404552479966544 0
      vertex 3.956949288556684 -5.156796711893029 3.5
      vertex 3.611206514627414 -5.404552479966544 3.5
    endloop
  endfacet
  facet normal 0.6343932841636466 -0.773010453362736 0
    outer loop
      vertex 3.956949288556684 -5.156796711893029 0
      vertex 4.285747798150448 -4.8869587486133526 3.5
      vertex 3.956949288556684 -5.156796711893029 3.5
    endloop
  endfacet
  facet normal 0.683592302022869 -0.7298640726978378 0
    outer loop
      vertex 4.285747798150448 -4.8869587486133526 0
      vertex 4.59619407771256 -4.59619407771256 3.5
      vertex 4.285747798150448 -4.8869587486133526 3.5
    endloop
  endfacet
  facet normal 0.7298640726978378 -0.683592302022869 0
    outer loop
      vertex 4.8869587486133526 -4.285747798150448 0
      vertex 4.8869587486133526 -4.285747798150448 3.5
      vertex 4.59619407771256 -4.59619407771256 3.5
    endloop
  endfacet
  facet normal 0.773010453362736 -0.6343932841636466 0
    outer loop
      vertex 5.156796711893029 -3.956949288556684 0
      vertex 5.156796711893029 -3.956949288556684 3.5
      vertex 4.8869587486133526 -4.285747798150448 3.5
    endloop
  endfacet
  facet normal 0.8128466845916164 -0.5824776968678007 0
    outer loop
      vertex 5.404552479966544 -3.611206514627414 0
      vertex 5.404552479966544 -3.611206514627414 3.5
      vertex 5.156796711893029 -3.956949288556684 3.5
    endloop
  endfacet
  facet normal 0.8492021815265788 -0.5280678506503683 0
    outer loop
      vertex 5.629165124598851 -3.25 0
      vertex 5.629165124598851 -3.25 3.5
      vertex 5.404552479966544 -3.611206514627414 3.5
    endloop
  endfacet
  facet normal 0.881921264348355 -0.4713967368259977 0
    outer loop
      vertex 5.829672819962473 -2.8748764864235086 0
      vertex 5.829672819962473 -2.8748764864235086 3.5
      vertex 5.629165124598851 -3.25 3.5
    endloop
  endfacet
  facet normal 0.9108638249211755 -0.41270702980439544 0
    outer loop
      vertex 6.005216961323364 -2.4874423103730834 0
      vertex 6.005216961323364 -2.4874423103730834 3.5
      vertex 5.829672819962473 -2.8748764864235086 3.5
    endloop
  endfacet
  facet normal 0.9359059267573255 -0.35225004792123393 0
    outer loop
      vertex 6.155045841718187 -2.08935652447055 0
      vertex 6.155045841718187 -2.08935652447055 3.5
      vertex 6.005216961323364 -2.4874423103730834 3.5
    endloop
  endfacet
  facet normal 0.9569403357322089 -0.29028467725446216 0
    outer loop
      vertex 6.278517870878944 -1.6823237931663848 0
      vertex 6.278517870878944 -1.6823237931663848 3.5
      vertex 6.155045841718187 -2.08935652447055 3.5
    endloop
  endfacet
  facet normal 0.9738769792773336 -0.22707626303437267 0
    outer loop
      vertex 6.375104322620998 -1.2680870931048336 0
      vertex 6.375104322620998 -1.2680870931048336 3.5
      vertex 6.278517870878944 -1.6823237931663848 3.5
    endloop
  endfacet
  facet normal 0.986643332084879 -0.16289547339458874 0
    outer loop
      vertex 6.4443915989297675 -0.8484202494303352 0
      vertex 6.4443915989297675 -0.8484202494303352 3.5
      vertex 6.375104322620998 -1.2680870931048336 3.5
    endloop
  endfacet
  facet normal 0.9951847266721967 -0.09801714032956076 0
    outer loop
      vertex 6.486083001050923 -0.4251203399959299 0
      vertex 6.486083001050923 -0.4251203399959299 3.5
      vertex 6.4443915989297675 -0.8484202494303352 3.5
    endloop
  endfacet
  facet normal 0.9994645874763657 -0.0327190828217763 0
    outer loop
      vertex 6.5 0 0
      vertex 6.5 0 3.5
      vertex 6.486083001050923 -0.4251203399959299 3.5
    endloop
  endfacet
  facet normal 0.9994645874763657 0.0327190828217763 0
    outer loop
      vertex 6.486083001050923 0.4251203399959299 0
      vertex 6.486083001050923 0.4251203399959299 3.5
      vertex 6.5 0 3.5
    endloop
  endfacet
  facet normal 0 0 1
    outer loop
      vertex -0.8484202494303352 -4.04143258626051 3.5
      vertex -0.5084707888156647 -3.9399901781145155 3.5
      vertex -0.8484202494303352 -4.031810127638402 3.5
    endloop
  endfacet
  facet normal 0 0 1
    outer loop
      vertex -1.2680870931048336 -3.872940769136828 3.5
      vertex -0.9359047419310623 -3.772016805171049 3.5
      vertex -0.43352190054672224 -1.6179257590341896 3.5
    endloop
  endfacet
  facet normal 0 0 1
    outer loop
      vertex -0.9357832812867635 -3.775727044037159 3.5
      vertex -0.3267762893770148 -1.642815344675411 3.5
      vertex -0.9359047419310623 -3.772016805171049 3.5
    endloop
  endfacet
  facet normal 0 0 1
    outer loop
      vertex -0.8484202494303352 -4.031810127638402 3.5
      vertex -0.3267762893770148 -1.642815344675411 3.5
      vertex -0.9357832812867635 -3.775727044037159 3.5
    endloop
  endfacet
  facet normal 0 0 1
    outer loop
      vertex -0.8484202494303352 -4.031810127638402 3.5
      vertex -0.5084707888156647 -3.9399901781145155 3.5
      vertex -0.3267762893770148 -1.642815344675411 3.5
    endloop
  endfacet
  facet normal 0 0 1
    outer loop
      vertex -0.4251203399959299 -4.219408548497216 3.5
      vertex -0.07786958819487526 -4.121330149561918 3.5
      vertex -0.4251203399959299 -3.8753073148951516 3.5
    endloop
  endfacet
  facet normal 0 0 1
    outer loop
      vertex -0.5083883889960067 -3.9425072322205605 3.5
      vertex -0.4251203399959299 -3.8753073148951516 3.5
      vertex -0.5084707888156647 -3.9399901781145155 3.5
    endloop
  endfacet
  facet normal 0 0 1
    outer loop
      vertex -0.5084707888156647 -3.9399901781145155 3.5
      vertex -0.4251203399959299 -3.8753073148951516 3.5
      vertex -0.10955024146048963 -1.6714136964246609 3.5
    endloop
  endfacet
  facet normal 0 0 1
    outer loop
      vertex -0.07786958819487526 -4.121330149561918 3.5
      vertex 0 -1.675 3.5
      vertex -0.4251203399959299 -3.8753073148951516 3.5
    endloop
  endfacet
  facet normal 0 0 1
    outer loop
      vertex 0.6314393261764208 -6.465762354562779 3.5
      vertex 0.7767366910193232 -6.451451813195304 3.5
      vertex 0.4251203399959299 -4.9687429471513225 3.5
    endloop
  endfacet
  facet normal 0 0 1
    outer loop
      vertex 0.7767366910193232 -6.451451813195304 3.5
      vertex 0.7978214697709753 -4.898758773140662 3.5
      vertex 0.4251203399959299 -4.9687429471513225 3.5
    endloop
  endfacet
  facet normal 0 0 1
    outer loop
      vertex 0 -4.7937166528159265 3.5
      vertex 0.36577904919092624 -4.673394086211762 3.5
      vertex 0 -4.129630093030531 3.5
    endloop
  endfacet
  facet normal 0 0 1
    outer loop
      vertex -0.07786354301957414 -4.121514810564534 3.5
      vertex 0 -1.675 3.5
      vertex -0.07786958819487526 -4.121330149561918 3.5
    endloop
  endfacet
  facet normal 0 0 1
    outer loop
      vertex -0.07786354301957414 -4.121514810564534 3.5
      vertex 0 -4.129630093030531 3.5
      vertex 0.10955024146048963 -1.6714136964246609 3.5
    endloop
  endfacet
  facet normal 0 0 1
    outer loop
      vertex 0 -4.129630093030531 3.5
      vertex 0.36577904919092624 -4.673394086211762 3.5
      vertex 0.2186313719685864 -1.6606701428011323 3.5
    endloop
  endfacet
  facet normal 0 0 1
    outer loop
      vertex 0.36577904919092624 -4.673394086211762 3.5
      vertex 0.4251203399959299 -4.592744842407172 3.5
      vertex 0.2186313719685864 -1.6606701428011323 3.5
    endloop
  endfacet
  facet normal 0 0 1
    outer loop
      vertex 0.4251203399959299 -4.9687429471513225 3.5
      vertex 0.7978214697709753 -4.898758773140662 3.5
      vertex 0.4251203399959299 -4.592744842407172 3.5
    endloop
  endfacet
  facet normal 0 0 1
    outer loop
      vertex -1.3580346173884086 -3.6274916911088715 3.5
      vertex -0.5384111043827957 -1.5861079669043021 3.5
      vertex -0.6409947492115254 -1.5474982169564053 3.5
    endloop
  endfacet
  facet normal 0 0 1
    outer loop
      vertex -1.357967221411298 -3.6295504252374244 3.5
      vertex -0.43352190054672224 -1.6179257590341896 3.5
      vertex -0.5384111043827957 -1.5861079669043021 3.5
    endloop
  endfacet
  facet normal 0 0 1
    outer loop
      vertex -0.9359047419310623 -3.772016805171049 3.5
      vertex -0.3267762893770148 -1.642815344675411 3.5
      vertex -0.43352190054672224 -1.6179257590341896 3.5
    endloop
  endfacet
  facet normal 0 0 1
    outer loop
      vertex -0.5084707888156647 -3.9399901781145155 3.5
      vertex -0.2186313719685864 -1.6606701428011323 3.5
      vertex -0.3267762893770148 -1.642815344675411 3.5
    endloop
  endfacet
  facet normal 0 0 1
    outer loop
      vertex -0.5084707888156647 -3.9399901781145155 3.5
      vertex -0.10955024146048963 -1.6714136964246609 3.5
      vertex -0.2186313719685864 -1.6606701428011323 3.5
    endloop
  endfacet
  facet normal 0 0 1
    outer loop
      vertex -0.4251203399959299 -3.8753073148951516 3.5
      vertex 0 -1.675 3.5
      vertex -0.10955024146048963 -1.6714136964246609 3.5
    endloop
  endfacet
  facet normal 0 0 1
    outer loop
      vertex -0.07786354301957414 -4.121514810564534 3.5
      vertex 0.10955024146048963 -1.6714136964246609 3.5
      vertex 0 -1.675 3.5
    endloop
  endfacet
  facet normal 0 0 1
    outer loop
      vertex 0 -4.129630093030531 3.5
      vertex 0.2186313719685864 -1.6606701428011323 3.5
      vertex 0.10955024146048963 -1.6714136964246609 3.5
    endloop
  endfacet
  facet normal 0 0 1
    outer loop
      vertex 0.4251203399959299 -4.592744842407172 3.5
      vertex 0.3267762893770148 -1.642815344675411 3.5
      vertex 0.2186313719685864 -1.6606701428011323 3.5
    endloop
  endfacet
  facet normal 0 0 1
    outer loop
      vertex 0.4251203399959299 -4.592744842407172 3.5
      vertex 0.43352190054672224 -1.6179257590341896 3.5
      vertex 0.3267762893770148 -1.642815344675411 3.5
    endloop
  endfacet
  facet normal 0 0 1
    outer loop
      vertex 0.4251203399959299 -4.592744842407172 3.5
      vertex 0.5384111043827957 -1.5861079669043021 3.5
      vertex 0.43352190054672224 -1.6179257590341896 3.5
    endloop
  endfacet
  facet normal 0 0 1
    outer loop
      vertex 0.4251203399959299 -4.592744842407172 3.5
      vertex 0.6409947492115254 -1.5474982169564053 3.5
      vertex 0.5384111043827957 -1.5861079669043021 3.5
    endloop
  endfacet
  facet normal 0 0 1
    outer loop
      vertex 0.4251203399959299 -4.592744842407172 3.5
      vertex 0.7408335561168272 -1.5022618420672529 3.5
      vertex 0.6409947492115254 -1.5474982169564053 3.5
    endloop
  endfacet
  facet normal 0 0 1
    outer loop
      vertex 0.4251203399959299 -4.592744842407172 3.5
      vertex 0.8375 -1.4505925513389346 3.5
      vertex 0.7408335561168272 -1.5022618420672529 3.5
    endloop
  endfacet
  facet normal 0 0 1
    outer loop
      vertex 0.8647645149417679 -6.4416931497727195 3.5
      vertex 1.2335783637895035 -6.380801736889422 3.5
      vertex 1.2457561145640654 -5.692963494384273 3.5
    endloop
  endfacet
  facet normal 0 0 1
    outer loop
      vertex 1.2981116654297735 -6.3681035742433005 3.5
      vertex 1.4358528624534872 -6.335986831624293 3.5
      vertex 1.2680870931048336 -5.752295481107717 3.5
    endloop
  endfacet
  facet normal 0 0 1
    outer loop
      vertex 0.8647645149417679 -6.4416931497727195 3.5
      vertex 1.2457561145640654 -5.692963494384273 3.5
      vertex 0.8484202494303352 -4.969369288378684 3.5
    endloop
  endfacet
  facet normal 0 0 1
    outer loop
      vertex 1.2680870931048336 -5.752295481107717 3.5
      vertex 1.4358528624534872 -6.335986831624293 3.5
      vertex 1.6823237931663848 -6.278517870878944 3.5
    endloop
  endfacet
  facet normal 0 0 1
    outer loop
      vertex 0.7978214697709753 -4.898758773140662 3.5
      vertex 4.8869587486133526 0 3.5
      vertex 0.4251203399959299 -4.592744842407172 3.5
    endloop
  endfacet
  facet normal 0 0 1
    outer loop
      vertex 0.7978214697709753 -4.898758773140662 3.5
      vertex 0.8484202494303352 -4.969369288378684 3.5
      vertex 4.8869587486133526 0 3.5
    endloop
  endfacet
  facet normal 0 0 1
    outer loop
      vertex 1.2680870931048336 -5.752295481107717 3.5
      vertex 1.6823237931663848 -6.278517870878944 3.5
      vertex 4.8869587486133526 0 3.5
    endloop
  endfacet
  facet normal 0 0 1
    outer loop
      vertex 0.8484202494303352 -4.969369288378684 3.5
      vertex 1.2457561145640654 -5.692963494384273 3.5
      vertex 4.8869587486133526 0 3.5
    endloop
  endfacet
  facet normal 0 0 1
    outer loop
      vertex 1.2457561145640654 -5.692963494384273 3.5
      vertex 1.2680870931048336 -5.752295481107717 3.5
      vertex 4.8869587486133526 0 3.5
    endloop
  endfacet
  facet normal 0 0 1
    outer loop
      vertex 0.4251203399959299 -4.592744842407172 3.5
      vertex 4.8869587486133526 0 3.5
      vertex 0.8375 -1.4505925513389346 3.5
    endloop
  endfacet
  facet normal 0 0 1
    outer loop
      vertex 4.8869587486133526 0 3.5
      vertex 0.9305801403078336 -1.3927116006067632 3.5
      vertex 0.8375 -1.4505925513389346 3.5
    endloop
  endfacet
  facet normal 0 0 1
    outer loop
      vertex 4.8869587486133526 0 3.5
      vertex 1.019675393589607 -1.328866844987819 3.5
      vertex 0.9305801403078336 -1.3927116006067632 3.5
    endloop
  endfacet
  facet normal 0 0 1
    outer loop
      vertex 4.8869587486133526 0 3.5
      vertex 1.1044042402926153 -1.2593316775272871 3.5
      vertex 1.019675393589607 -1.328866844987819 3.5
    endloop
  endfacet
  facet normal 0 0 1
    outer loop
      vertex 4.8869587486133526 0 3.5
      vertex 1.1844038584874672 -1.1844038584874672 3.5
      vertex 1.1044042402926153 -1.2593316775272871 3.5
    endloop
  endfacet
  facet normal 0 0 1
    outer loop
      vertex 4.8869587486133526 0 3.5
      vertex 1.2593316775272871 -1.1044042402926153 3.5
      vertex 1.1844038584874672 -1.1844038584874672 3.5
    endloop
  endfacet
  facet normal 0 0 1
    outer loop
      vertex 4.8869587486133526 0 3.5
      vertex 1.328866844987819 -1.019675393589607 3.5
      vertex 1.2593316775272871 -1.1044042402926153 3.5
    endloop
  endfacet
  facet normal 0 0 1
    outer loop
      vertex 4.8869587486133526 0 3.5
      vertex 1.3927116006067632 -0.9305801403078336 3.5
      vertex 1.328866844987819 -1.019675393589607 3.5
    endloop
  endfacet
  facet normal 0 0 1
    outer loop
      vertex 4.8869587486133526 0 3.5
      vertex 1.4505925513389346 -0.8375 3.5
      vertex 1.3927116006067632 -0.9305801403078336 3.5
    endloop
  endfacet
  facet normal 0 0 1
    outer loop
      vertex 4.8869587486133526 0 3.5
      vertex 1.5022618420672529 -0.7408335561168272 3.5
      vertex 1.4505925513389346 -0.8375 3.5
    endloop
  endfacet
  facet normal 0 0 1
    outer loop
      vertex 4.8869587486133526 0 3.5
      vertex 1.5474982169564053 -0.6409947492115254 3.5
      vertex 1.5022618420672529 -0.7408335561168272 3.5
    endloop
  endfacet
  facet normal 0 0 1
    outer loop
      vertex 4.8869587486133526 0 3.5
      vertex 1.5861079669043021 -0.5384111043827957 3.5
      vertex 1.5474982169564053 -0.6409947492115254 3.5
    endloop
  endfacet
  facet normal 0 0 1
    outer loop
      vertex 4.8869587486133526 0 3.5
      vertex 1.6179257590341896 -0.43352190054672224 3.5
      vertex 1.5861079669043021 -0.5384111043827957 3.5
    endloop
  endfacet
  facet normal 0 0 1
    outer loop
      vertex 4.8869587486133526 0 3.5
      vertex 1.642815344675411 -0.3267762893770148 3.5
      vertex 1.6179257590341896 -0.43352190054672224 3.5
    endloop
  endfacet
  facet normal 0 0 1
    outer loop
      vertex 4.8869587486133526 0 3.5
      vertex 1.6606701428011323 -0.2186313719685864 3.5
      vertex 1.642815344675411 -0.3267762893770148 3.5
    endloop
  endfacet
  facet normal 0 0 1
    outer loop
      vertex 4.8869587486133526 0 3.5
      vertex 1.6714136964246609 -0.10955024146048963 3.5
      vertex 1.6606701428011323 -0.2186313719685864 3.5
    endloop
  endfacet
  facet normal 0 0 1
    outer loop
      vertex 4.8869587486133526 0 3.5
      vertex 1.675 0 3.5
      vertex 1.6714136964246609 -0.10955024146048963 3.5
    endloop
  endfacet
  facet normal 0 0 1
    outer loop
      vertex 1.6823237931663848 -6.278517870878944 3.5
      vertex 2.08935652447055 -6.155045841718187 3.5
      vertex 4.8869587486133526 0 3.5
    endloop
  endfacet
  facet normal 0 0 1
    outer loop
      vertex 2.08935652447055 -6.155045841718187 3.5
      vertex 2.4874423103730834 -6.005216961323364 3.5
      vertex 4.8869587486133526 0 3.5
    endloop
  endfacet
  facet normal 0 0 1
    outer loop
      vertex 2.4874423103730834 -6.005216961323364 3.5
      vertex 2.8748764864235086 -5.829672819962473 3.5
      vertex 4.8869587486133526 0 3.5
    endloop
  endfacet
  facet normal 0 0 1
    outer loop
      vertex 2.8748764864235086 -5.829672819962473 3.5
      vertex 3.25 -5.629165124598851 3.5
      vertex 4.8869587486133526 0 3.5
    endloop
  endfacet
  facet normal 0 0 1
    outer loop
      vertex 3.25 -5.629165124598851 3.5
      vertex 3.611206514627414 -5.404552479966544 3.5
      vertex 4.8869587486133526 0 3.5
    endloop
  endfacet
  facet normal 0 0 1
    outer loop
      vertex 3.611206514627414 -5.404552479966544 3.5
      vertex 3.956949288556684 -5.156796711893029 3.5
      vertex 4.8869587486133526 0 3.5
    endloop
  endfacet
  facet normal 0 0 1
    outer loop
      vertex 3.956949288556684 -5.156796711893029 3.5
      vertex 4.285747798150448 -4.8869587486133526 3.5
      vertex 4.8869587486133526 0 3.5
    endloop
  endfacet
  facet normal 0 0 1
    outer loop
      vertex 4.285747798150448 -4.8869587486133526 3.5
      vertex 4.59619407771256 -4.59619407771256 3.5
      vertex 4.8869587486133526 0 3.5
    endloop
  endfacet
  facet normal 0 0 1
    outer loop
      vertex 4.59619407771256 -4.59619407771256 3.5
      vertex 4.8869587486133526 -4.285747798150448 3.5
      vertex 4.8869587486133526 0 3.5
    endloop
  endfacet
  facet normal 0 0 1
    outer loop
      vertex 4.8869587486133526 -4.285747798150448 3.5
      vertex 5.156796711893029 -3.956949288556684 3.5
      vertex 4.8869587486133526 0 3.5
    endloop
  endfacet
  facet normal 0 0 1
    outer loop
      vertex 5.156796711893029 -3.956949288556684 3.5
      vertex 4.8869587486133526 0.3434842069835564 3.5
      vertex 4.8869587486133526 0 3.5
    endloop
  endfacet
  facet normal 0 0 1
    outer loop
      vertex 5.156796711893029 -3.956949288556684 3.5
      vertex 5.404552479966544 -3.611206514627414 3.5
      vertex 5.156796711893029 3.956949288556684 3.5
    endloop
  endfacet
  facet normal 0 0 1
    outer loop
      vertex 5.156796711893029 -3.956949288556684 3.5
      vertex 5 0.8326947801186222 3.5
      vertex 4.8869587486133526 0.3434842069835564 3.5
    endloop
  endfacet
  facet normal 0 0 1
    outer loop
      vertex 5.404552479966544 -3.611206514627414 3.5
      vertex 5.629165124598851 -3.25 3.5
      vertex 5.404552479966544 3.611206514627414 3.5
    endloop
  endfacet
  facet normal 0 0 1
    outer loop
      vertex 5.156796711893029 -3.956949288556684 3.5
      vertex 5.156796711893029 3.956949288556684 3.5
      vertex 5 0.8326947801186222 3.5
    endloop
  endfacet
  facet normal 0 0 1
    outer loop
      vertex 5.629165124598851 -3.25 3.5
      vertex 5.829672819962473 -2.8748764864235086 3.5
      vertex 5.629165124598851 3.25 3.5
    endloop
  endfacet
  facet normal 0 0 1
    outer loop
      vertex 5.829672819962473 -2.8748764864235086 3.5
      vertex 6.005216961323364 -2.4874423103730834 3.5
      vertex 5.829672819962473 2.8748764864235086 3.5
    endloop
  endfacet
  facet normal 0 0 1
    outer loop
      vertex 6.005216961323364 -2.4874423103730834 3.5
      vertex 6.155045841718187 -2.08935652447055 3.5
      vertex 6.005216961323364 2.4874423103730834 3.5
    endloop
  endfacet
  facet normal 0 0 1
    outer loop
      vertex 6.155045841718187 -2.08935652447055 3.5
      vertex 6.278517870878944 -1.6823237931663848 3.5
      vertex 6.155045841718187 2.08935652447055 3.5
    endloop
  endfacet
  facet normal 0 0 1
    outer loop
      vertex 6.278517870878944 -1.6823237931663848 3.5
      vertex 6.375104322620998 -1.2680870931048336 3.5
      vertex 6.278517870878944 1.6823237931663848 3.5
    endloop
  endfacet
  facet normal 0 0 1
    outer loop
      vertex 6.375104322620998 -1.2680870931048336 3.5
      vertex 6.4443915989297675 -0.8484202494303352 3.5
      vertex 6.375104322620998 1.2680870931048336 3.5
    endloop
  endfacet
  facet normal 0 0 1
    outer loop
      vertex 6.4443915989297675 -0.8484202494303352 3.5
      vertex 6.486083001050923 -0.4251203399959299 3.5
      vertex 6.4443915989297675 0.8484202494303352 3.5
    endloop
  endfacet
  facet normal 0 0 1
    outer loop
      vertex 6.486083001050923 -0.4251203399959299 3.5
      vertex 6.5 0 3.5
      vertex 6.486083001050923 0.4251203399959299 3.5
    endloop
  endfacet
  facet normal 0 0 1
    outer loop
      vertex 6.375104322620998 -1.2680870931048336 3.5
      vertex 6.375104322620998 1.2680870931048336 3.5
      vertex 6.278517870878944 1.6823237931663848 3.5
    endloop
  endfacet
  facet normal 0 0 1
    outer loop
      vertex 6.4443915989297675 -0.8484202494303352 3.5
      vertex 6.4443915989297675 0.8484202494303352 3.5
      vertex 6.375104322620998 1.2680870931048336 3.5
    endloop
  endfacet
  facet normal 0 0 1
    outer loop
      vertex 6.486083001050923 -0.4251203399959299 3.5
      vertex 6.486083001050923 0.4251203399959299 3.5
      vertex 6.4443915989297675 0.8484202494303352 3.5
    endloop
  endfacet
  facet normal 0 0 -1
    outer loop
      vertex -6.278517870878944 -1.6823237931663848 0
      vertex -6.278517870878944 1.6823237931663848 0
      vertex -6.155045841718187 2.08935652447055 0
    endloop
  endfacet
  facet normal 0 0 -1
    outer loop
      vertex -6.155045841718187 -2.08935652447055 0
      vertex -6.155045841718187 2.08935652447055 0
      vertex -6.005216961323364 2.4874423103730834 0
    endloop
  endfacet
  facet normal 0 0 -1
    outer loop
      vertex -6.005216961323364 -2.4874423103730834 0
      vertex -6.005216961323364 2.4874423103730834 0
      vertex -5.829672819962473 2.8748764864235086 0
    endloop
  endfacet
  facet normal 0 0 -1
    outer loop
      vertex -5.829672819962473 -2.8748764864235086 0
      vertex -5.829672819962473 2.8748764864235086 0
      vertex -5.629165124598851 3.25 0
    endloop
  endfacet
  facet normal 0 0 -1
    outer loop
      vertex -5.629165124598851 -3.25 0
      vertex -5.629165124598851 3.25 0
      vertex -5.404552479966544 3.611206514627414 0
    endloop
  endfacet
  facet normal 0 0 -1
    outer loop
      vertex -5.404552479966544 -3.611206514627414 0
      vertex -5.404552479966544 3.611206514627414 0
      vertex -5.156796711893029 3.956949288556684 0
    endloop
  endfacet
  facet normal 0 0 -1
    outer loop
      vertex -5 0.8326947801186222 0
      vertex -5.156796711893029 3.956949288556684 0
      vertex -5 4.148006634798941 0
    endloop
  endfacet
  facet normal -0.9951847266721967 0.09801714032956076 0
    outer loop
      vertex -6.486083001050923 0.4251203399959299 0
      vertex -6.4443915989297675 0.8484202494303352 3.5
      vertex -6.4443915989297675 0.8484202494303352 0
    endloop
  endfacet
  facet normal -0.986643332084879 0.16289547339458874 0
    outer loop
      vertex -6.4443915989297675 0.8484202494303352 0
      vertex -6.375104322620998 1.2680870931048336 3.5
      vertex -6.375104322620998 1.2680870931048336 0
    endloop
  endfacet
  facet normal -0.9738769792773336 0.22707626303437267 0
    outer loop
      vertex -6.375104322620998 1.2680870931048336 0
      vertex -6.278517870878944 1.6823237931663848 3.5
      vertex -6.278517870878944 1.6823237931663848 0
    endloop
  endfacet
  facet normal -0.9569403357322089 0.29028467725446216 0
    outer loop
      vertex -6.278517870878944 1.6823237931663848 0
      vertex -6.155045841718187 2.08935652447055 3.5
      vertex -6.155045841718187 2.08935652447055 0
    endloop
  endfacet
  facet normal -0.9359059267573255 0.35225004792123393 0
    outer loop
      vertex -6.155045841718187 2.08935652447055 0
      vertex -6.005216961323364 2.4874423103730834 3.5
      vertex -6.005216961323364 2.4874423103730834 0
    endloop
  endfacet
  facet normal -0.9108638249211755 0.41270702980439544 0
    outer loop
      vertex -6.005216961323364 2.4874423103730834 0
      vertex -5.829672819962473 2.8748764864235086 3.5
      vertex -5.829672819962473 2.8748764864235086 0
    endloop
  endfacet
  facet normal -0.881921264348355 0.4713967368259977 0
    outer loop
      vertex -5.829672819962473 2.8748764864235086 0
      vertex -5.629165124598851 3.25 3.5
      vertex -5.629165124598851 3.25 0
    endloop
  endfacet
  facet normal -0.8492021815265788 0.5280678506503683 0
    outer loop
      vertex -5.629165124598851 3.25 0
      vertex -5.404552479966544 3.611206514627414 3.5
      vertex -5.404552479966544 3.611206514627414 0
    endloop
  endfacet
  facet normal -0.8128466845916164 0.5824776968678007 0
    outer loop
      vertex -5.404552479966544 3.611206514627414 0
      vertex -5.156796711893029 3.956949288556684 3.5
      vertex -5.156796711893029 3.956949288556684 0
    endloop
  endfacet
  facet normal -0.7730104533627353 0.6343932841636475 0
    outer loop
      vertex -5.156796711893029 3.956949288556684 0
      vertex -5 4.148006634798941 3.5
      vertex -5 4.148006634798941 0
    endloop
  endfacet
  facet normal 0 0 -1
    outer loop
      vertex 5.156796711893029 -3.956949288556684 0
      vertex 5.156796711893029 3.956949288556684 0
      vertex 5.404552479966544 3.611206514627414 0
    endloop
  endfacet
  facet normal 0 0 -1
    outer loop
      vertex 5.404552479966544 -3.611206514627414 0
      vertex 5.404552479966544 3.611206514627414 0
      vertex 5.629165124598851 3.25 0
    endloop
  endfacet
  facet normal 0 0 -1
    outer loop
      vertex 4.8869587486133526 0 0
      vertex 5 4.148006634798941 0
      vertex 5.156796711893029 3.956949288556684 0
    endloop
  endfacet
  facet normal 0 0 -1
    outer loop
      vertex 5.629165124598851 -3.25 0
      vertex 5.629165124598851 3.25 0
      vertex 5.829672819962473 2.8748764864235086 0
    endloop
  endfacet
  facet normal 0 0 -1
    outer loop
      vertex 5.829672819962473 -2.8748764864235086 0
      vertex 5.829672819962473 2.8748764864235086 0
      vertex 6.005216961323364 2.4874423103730834 0
    endloop
  endfacet
  facet normal 0 0 -1
    outer loop
      vertex 6.005216961323364 -2.4874423103730834 0
      vertex 6.005216961323364 2.4874423103730834 0
      vertex 6.155045841718187 2.08935652447055 0
    endloop
  endfacet
  facet normal 0.8492021815265788 0.5280678506503683 0
    outer loop
      vertex 5.404552479966544 3.611206514627414 0
      vertex 5.629165124598851 3.25 3.5
      vertex 5.629165124598851 3.25 0
    endloop
  endfacet
  facet normal 0.8128466845916164 0.5824776968678007 0
    outer loop
      vertex 5.156796711893029 3.956949288556684 0
      vertex 5.404552479966544 3.611206514627414 3.5
      vertex 5.404552479966544 3.611206514627414 0
    endloop
  endfacet
  facet normal 0.7730104533627353 0.6343932841636475 0
    outer loop
      vertex 5 4.148006634798941 0
      vertex 5.156796711893029 3.956949288556684 3.5
      vertex 5.156796711893029 3.956949288556684 0
    endloop
  endfacet
  facet normal 0.986643332084879 0.16289547339458874 0
    outer loop
      vertex 6.4443915989297675 0.8484202494303352 0
      vertex 6.375104322620998 1.2680870931048336 0
      vertex 6.4443915989297675 0.8484202494303352 3.5
    endloop
  endfacet
  facet normal 0.9738769792773336 0.22707626303437267 0
    outer loop
      vertex 6.375104322620998 1.2680870931048336 0
      vertex 6.278517870878944 1.6823237931663848 0
      vertex 6.375104322620998 1.2680870931048336 3.5
    endloop
  endfacet
  facet normal 0.9569403357322089 0.29028467725446216 0
    outer loop
      vertex 6.155045841718187 2.08935652447055 0
      vertex 6.278517870878944 1.6823237931663848 3.5
      vertex 6.278517870878944 1.6823237931663848 0
    endloop
  endfacet
  facet normal 0.9359059267573255 0.35225004792123393 0
    outer loop
      vertex 6.005216961323364 2.4874423103730834 0
      vertex 6.155045841718187 2.08935652447055 3.5
      vertex 6.155045841718187 2.08935652447055 0
    endloop
  endfacet
  facet normal 0.881921264348355 0.4713967368259977 0
    outer loop
      vertex 5.629165124598851 3.25 0
      vertex 5.829672819962473 2.8748764864235086 3.5
      vertex 5.829672819962473 2.8748764864235086 0
    endloop
  endfacet
  facet normal 0.9108638249211755 0.41270702980439544 0
    outer loop
      vertex 6.005216961323364 2.4874423103730834 0
      vertex 5.829672819962473 2.8748764864235086 0
      vertex 6.005216961323364 2.4874423103730834 3.5
    endloop
  endfacet
  facet normal -0.986643332084879 0.16289547339458874 0
    outer loop
      vertex -6.4443915989297675 0.8484202494303352 0
      vertex -6.4443915989297675 0.8484202494303352 3.5
      vertex -6.375104322620998 1.2680870931048336 3.5
    endloop
  endfacet
  facet normal -0.9738769792773336 0.22707626303437267 0
    outer loop
      vertex -6.375104322620998 1.2680870931048336 0
      vertex -6.375104322620998 1.2680870931048336 3.5
      vertex -6.278517870878944 1.6823237931663848 3.5
    endloop
  endfacet
  facet normal -0.9569403357322089 0.29028467725446216 0
    outer loop
      vertex -6.278517870878944 1.6823237931663848 0
      vertex -6.278517870878944 1.6823237931663848 3.5
      vertex -6.155045841718187 2.08935652447055 3.5
    endloop
  endfacet
  facet normal -0.9359059267573255 0.35225004792123393 0
    outer loop
      vertex -6.155045841718187 2.08935652447055 0
      vertex -6.155045841718187 2.08935652447055 3.5
      vertex -6.005216961323364 2.4874423103730834 3.5
    endloop
  endfacet
  facet normal -0.9108638249211755 0.41270702980439544 0
    outer loop
      vertex -6.005216961323364 2.4874423103730834 0
      vertex -6.005216961323364 2.4874423103730834 3.5
      vertex -5.829672819962473 2.8748764864235086 3.5
    endloop
  endfacet
  facet normal -0.881921264348355 0.4713967368259977 0
    outer loop
      vertex -5.829672819962473 2.8748764864235086 0
      vertex -5.829672819962473 2.8748764864235086 3.5
      vertex -5.629165124598851 3.25 3.5
    endloop
  endfacet
  facet normal -0.8492021815265788 0.5280678506503683 0
    outer loop
      vertex -5.629165124598851 3.25 0
      vertex -5.629165124598851 3.25 3.5
      vertex -5.404552479966544 3.611206514627414 3.5
    endloop
  endfacet
  facet normal -0.8128466845916164 0.5824776968678007 0
    outer loop
      vertex -5.404552479966544 3.611206514627414 0
      vertex -5.404552479966544 3.611206514627414 3.5
      vertex -5.156796711893029 3.956949288556684 3.5
    endloop
  endfacet
  facet normal -0.7730104533627353 0.6343932841636475 0
    outer loop
      vertex -5.156796711893029 3.956949288556684 0
      vertex -5.156796711893029 3.956949288556684 3.5
      vertex -5 4.148006634798941 3.5
    endloop
  endfacet
  facet normal 0 0 1
    outer loop
      vertex -6.005216961323364 -2.4874423103730834 3.5
      vertex -6.005216961323364 2.4874423103730834 3.5
      vertex -6.155045841718187 2.08935652447055 3.5
    endloop
  endfacet
  facet normal 0 0 1
    outer loop
      vertex -5.829672819962473 -2.8748764864235086 3.5
      vertex -5.829672819962473 2.8748764864235086 3.5
      vertex -6.005216961323364 2.4874423103730834 3.5
    endloop
  endfacet
  facet normal 0 0 1
    outer loop
      vertex -5.629165124598851 -3.25 3.5
      vertex -5.629165124598851 3.25 3.5
      vertex -5.829672819962473 2.8748764864235086 3.5
    endloop
  endfacet
  facet normal 0 0 1
    outer loop
      vertex -5.404552479966544 -3.611206514627414 3.5
      vertex -5.404552479966544 3.611206514627414 3.5
      vertex -5.629165124598851 3.25 3.5
    endloop
  endfacet
  facet normal 0 0 1
    outer loop
      vertex -5.156796711893029 -3.956949288556684 3.5
      vertex -5.156796711893029 3.956949288556684 3.5
      vertex -5.404552479966544 3.611206514627414 3.5
    endloop
  endfacet
  facet normal 0 0 1
    outer loop
      vertex -4.8869587486133526 0 3.5
      vertex -5 4.148006634798941 3.5
      vertex -5.156796711893029 3.956949288556684 3.5
    endloop
  endfacet
  facet normal 0.7730104533627353 0.6343932841636475 0
    outer loop
      vertex 5 4.148006634798941 0
      vertex 5 4.148006634798941 3.5
      vertex 5.156796711893029 3.956949288556684 3.5
    endloop
  endfacet
  facet normal 0.8128466845916164 0.5824776968678007 0
    outer loop
      vertex 5.156796711893029 3.956949288556684 0
      vertex 5.156796711893029 3.956949288556684 3.5
      vertex 5.404552479966544 3.611206514627414 3.5
    endloop
  endfacet
  facet normal 0.8492021815265788 0.5280678506503683 0
    outer loop
      vertex 5.404552479966544 3.611206514627414 0
      vertex 5.404552479966544 3.611206514627414 3.5
      vertex 5.629165124598851 3.25 3.5
    endloop
  endfacet
  facet normal 0.9951847266721967 0.09801714032956076 0
    outer loop
      vertex 6.486083001050923 0.4251203399959299 3.5
      vertex 6.4443915989297675 0.8484202494303352 0
      vertex 6.4443915989297675 0.8484202494303352 3.5
    endloop
  endfacet
  facet normal 0.986643332084879 0.16289547339458874 0
    outer loop
      vertex 6.375104322620998 1.2680870931048336 0
      vertex 6.375104322620998 1.2680870931048336 3.5
      vertex 6.4443915989297675 0.8484202494303352 3.5
    endloop
  endfacet
  facet normal 0.9738769792773336 0.22707626303437267 0
    outer loop
      vertex 6.278517870878944 1.6823237931663848 0
      vertex 6.278517870878944 1.6823237931663848 3.5
      vertex 6.375104322620998 1.2680870931048336 3.5
    endloop
  endfacet
  facet normal 0.9569403357322089 0.29028467725446216 0
    outer loop
      vertex 6.155045841718187 2.08935652447055 0
      vertex 6.155045841718187 2.08935652447055 3.5
      vertex 6.278517870878944 1.6823237931663848 3.5
    endloop
  endfacet
  facet normal 0.9359059267573255 0.35225004792123393 0
    outer loop
      vertex 6.005216961323364 2.4874423103730834 0
      vertex 6.005216961323364 2.4874423103730834 3.5
      vertex 6.155045841718187 2.08935652447055 3.5
    endloop
  endfacet
  facet normal 0.881921264348355 0.4713967368259977 0
    outer loop
      vertex 5.629165124598851 3.25 0
      vertex 5.629165124598851 3.25 3.5
      vertex 5.829672819962473 2.8748764864235086 3.5
    endloop
  endfacet
  facet normal 0.9108638249211755 0.41270702980439544 0
    outer loop
      vertex 5.829672819962473 2.8748764864235086 0
      vertex 5.829672819962473 2.8748764864235086 3.5
      vertex 6.005216961323364 2.4874423103730834 3.5
    endloop
  endfacet
  facet normal 0 0 1
    outer loop
      vertex 5.404552479966544 -3.611206514627414 3.5
      vertex 5.404552479966544 3.611206514627414 3.5
      vertex 5.156796711893029 3.956949288556684 3.5
    endloop
  endfacet
  facet normal 0 0 1
    outer loop
      vertex 5.629165124598851 -3.25 3.5
      vertex 5.629165124598851 3.25 3.5
      vertex 5.404552479966544 3.611206514627414 3.5
    endloop
  endfacet
  facet normal 0 0 1
    outer loop
      vertex 5 0.8326947801186222 3.5
      vertex 5.156796711893029 3.956949288556684 3.5
      vertex 5 4.148006634798941 3.5
    endloop
  endfacet
  facet normal 0 0 1
    outer loop
      vertex 5.829672819962473 -2.8748764864235086 3.5
      vertex 5.829672819962473 2.8748764864235086 3.5
      vertex 5.629165124598851 3.25 3.5
    endloop
  endfacet
  facet normal 0 0 1
    outer loop
      vertex 6.005216961323364 -2.4874423103730834 3.5
      vertex 6.005216961323364 2.4874423103730834 3.5
      vertex 5.829672819962473 2.8748764864235086 3.5
    endloop
  endfacet
  facet normal 0 0 1
    outer loop
      vertex 6.155045841718187 -2.08935652447055 3.5
      vertex 6.155045841718187 2.08935652447055 3.5
      vertex 6.005216961323364 2.4874423103730834 3.5
    endloop
  endfacet
  facet normal 0 0 1
    outer loop
      vertex 6.278517870878944 -1.6823237931663848 3.5
      vertex 6.278517870878944 1.6823237931663848 3.5
      vertex 6.155045841718187 2.08935652447055 3.5
    endloop
  endfacet
  facet normal 0 0 -1
    outer loop
      vertex -3.065720214365715 0 0
      vertex -1.6714136964246609 0.10955024146048963 0
      vertex -1.675 0 0
    endloop
  endfacet
  facet normal 0 0 -1
    outer loop
      vertex -3.065720214365715 0 0
      vertex -1.6606701428011323 0.2186313719685864 0
      vertex -1.6714136964246609 0.10955024146048963 0
    endloop
  endfacet
  facet normal 0 0 -1
    outer loop
      vertex -3.065720214365715 0 0
      vertex -1.642815344675411 0.3267762893770148 0
      vertex -1.6606701428011323 0.2186313719685864 0
    endloop
  endfacet
  facet normal 0 0 -1
    outer loop
      vertex 4.8869587486133526 0 0
      vertex 1.675 0 0
      vertex 1.6714136964246609 0.10955024146048963 0
    endloop
  endfacet
  facet normal 0 0 -1
    outer loop
      vertex 4.8869587486133526 0 0
      vertex 1.6714136964246609 0.10955024146048963 0
      vertex 1.6606701428011323 0.2186313719685864 0
    endloop
  endfacet
  facet normal 0 0 -1
    outer loop
      vertex 4.8869587486133526 0 0
      vertex 1.6606701428011323 0.2186313719685864 0
      vertex 1.642815344675411 0.3267762893770148 0
    endloop
  endfacet
  facet normal 0 0 -1
    outer loop
      vertex 4.8869587486133526 0 0
      vertex 1.3927116006067632 0.9305801403078336 0
      vertex 1.328866844987819 1.019675393589607 0
    endloop
  endfacet
  facet normal 0 0 -1
    outer loop
      vertex 4.8869587486133526 0 0
      vertex 1.5022618420672529 0.7408335561168272 0
      vertex 1.4505925513389346 0.8375 0
    endloop
  endfacet
  facet normal 0 0 -1
    outer loop
      vertex 4.8869587486133526 0 0
      vertex 1.4505925513389346 0.8375 0
      vertex 1.3927116006067632 0.9305801403078336 0
    endloop
  endfacet
  facet normal 0 0 -1
    outer loop
      vertex 4.8869587486133526 0 0
      vertex 1.5474982169564053 0.6409947492115254 0
      vertex 1.5022618420672529 0.7408335561168272 0
    endloop
  endfacet
  facet normal 0 0 -1
    outer loop
      vertex 4.8869587486133526 0 0
      vertex 1.5861079669043021 0.5384111043827957 0
      vertex 1.5474982169564053 0.6409947492115254 0
    endloop
  endfacet
  facet normal 0 0 -1
    outer loop
      vertex 4.8869587486133526 0 0
      vertex 1.642815344675411 0.3267762893770148 0
      vertex 1.6179257590341896 0.43352190054672224 0
    endloop
  endfacet
  facet normal 0 0 -1
    outer loop
      vertex 4.8869587486133526 0 0
      vertex 1.6179257590341896 0.43352190054672224 0
      vertex 1.5861079669043021 0.5384111043827957 0
    endloop
  endfacet
  facet normal 0 0 1
    outer loop
      vertex -2.2908518622648653 0 3.5
      vertex -1.675 0 3.5
      vertex -1.6714136964246609 0.10955024146048963 3.5
    endloop
  endfacet
  facet normal 0 0 1
    outer loop
      vertex -2.2908518622648653 0 3.5
      vertex -1.6714136964246609 0.10955024146048963 3.5
      vertex -1.6606701428011323 0.2186313719685864 3.5
    endloop
  endfacet
  facet normal 0 0 1
    outer loop
      vertex 4.8869587486133526 0 3.5
      vertex 1.6714136964246609 0.10955024146048963 3.5
      vertex 1.675 0 3.5
    endloop
  endfacet
  facet normal 0 0 1
    outer loop
      vertex 4.8869587486133526 0 3.5
      vertex 1.6606701428011323 0.2186313719685864 3.5
      vertex 1.6714136964246609 0.10955024146048963 3.5
    endloop
  endfacet
  facet normal 0 0 1
    outer loop
      vertex 4.8869587486133526 0 3.5
      vertex 1.642815344675411 0.3267762893770148 3.5
      vertex 1.6606701428011323 0.2186313719685864 3.5
    endloop
  endfacet
  facet normal 0 0 -1
    outer loop
      vertex -4.8869587486133526 0.3434842069835564 0
      vertex -5 0.8326947801186222 0
      vertex -5 4.148006634798941 0
    endloop
  endfacet
  facet normal 0 0 -1
    outer loop
      vertex -4.8869587486133526 0.3434842069835564 0
      vertex -5 4.148006634798941 0
      vertex -3.1255380163060265 5.695691440885805 0
    endloop
  endfacet
  facet normal 0 0 -1
    outer loop
      vertex -3.065720214365715 0 0
      vertex -3.1255380163060265 5.695691440885805 0
      vertex -1.642815344675411 0.3267762893770148 0
    endloop
  endfacet
  facet normal 0 0 -1
    outer loop
      vertex -3.1255380163060265 5.695691440885805 0
      vertex -1.6179257590341896 0.43352190054672224 0
      vertex -1.642815344675411 0.3267762893770148 0
    endloop
  endfacet
  facet normal 0 0 -1
    outer loop
      vertex -3.1255380163060265 5.695691440885805 0
      vertex -1.5861079669043021 0.5384111043827957 0
      vertex -1.6179257590341896 0.43352190054672224 0
    endloop
  endfacet
  facet normal 0 0 -1
    outer loop
      vertex -3.1255380163060265 5.695691440885805 0
      vertex -1.5474982169564053 0.6409947492115254 0
      vertex -1.5861079669043021 0.5384111043827957 0
    endloop
  endfacet
  facet normal 0 0 -1
    outer loop
      vertex -3.1255380163060265 5.695691440885805 0
      vertex -1.5022618420672529 0.7408335561168272 0
      vertex -1.5474982169564053 0.6409947492115254 0
    endloop
  endfacet
  facet normal 0 0 -1
    outer loop
      vertex -3.1255380163060265 5.695691440885805 0
      vertex -1.4505925513389346 0.8375 0
      vertex -1.5022618420672529 0.7408335561168272 0
    endloop
  endfacet
  facet normal 0 0 -1
    outer loop
      vertex -3.1255380163060265 5.695691440885805 0
      vertex -1.3927116006067632 0.9305801403078336 0
      vertex -1.4505925513389346 0.8375 0
    endloop
  endfacet
  facet normal 0 0 -1
    outer loop
      vertex -3.1255380163060265 5.695691440885805 0
      vertex -1.328866844987819 1.019675393589607 0
      vertex -1.3927116006067632 0.9305801403078336 0
    endloop
  endfacet
  facet normal 0 0 -1
    outer loop
      vertex -3.1255380163060265 5.695691440885805 0
      vertex -1.2593316775272871 1.1044042402926153 0
      vertex -1.328866844987819 1.019675393589607 0
    endloop
  endfacet
  facet normal 0 0 -1
    outer loop
      vertex -3.1255380163060265 5.695691440885805 0
      vertex -1.1844038584874672 1.1844038584874672 0
      vertex -1.2593316775272871 1.1044042402926153 0
    endloop
  endfacet
  facet normal 0 0 -1
    outer loop
      vertex -3.1255380163060265 5.695691440885805 0
      vertex -1.1044042402926153 1.2593316775272871 0
      vertex -1.1844038584874672 1.1844038584874672 0
    endloop
  endfacet
  facet normal 0 0 -1
    outer loop
      vertex -3.1255380163060265 5.695691440885805 0
      vertex -1.019675393589607 1.328866844987819 0
      vertex -1.1044042402926153 1.2593316775272871 0
    endloop
  endfacet
  facet normal 0 0 -1
    outer loop
      vertex -3.1255380163060265 5.695691440885805 0
      vertex -0.9305801403078336 1.3927116006067632 0
      vertex -1.019675393589607 1.328866844987819 0
    endloop
  endfacet
  facet normal 0 0 -1
    outer loop
      vertex -3.1255380163060265 5.695691440885805 0
      vertex -0.8375 1.4505925513389346 0
      vertex -0.9305801403078336 1.3927116006067632 0
    endloop
  endfacet
  facet normal 0 0 -1
    outer loop
      vertex -3.1255380163060265 5.695691440885805 0
      vertex -0.7408335561168272 1.5022618420672529 0
      vertex -0.8375 1.4505925513389346 0
    endloop
  endfacet
  facet normal 0 0 -1
    outer loop
      vertex -3.1255380163060265 5.695691440885805 0
      vertex -0.6409947492115254 1.5474982169564053 0
      vertex -0.7408335561168272 1.5022618420672529 0
    endloop
  endfacet
  facet normal 0 0 -1
    outer loop
      vertex -3.1255380163060265 5.695691440885805 0
      vertex -0.5384111043827957 1.5861079669043021 0
      vertex -0.6409947492115254 1.5474982169564053 0
    endloop
  endfacet
  facet normal 0 0 -1
    outer loop
      vertex -3.1255380163060265 5.695691440885805 0
      vertex -0.43352190054672224 1.6179257590341896 0
      vertex -0.5384111043827957 1.5861079669043021 0
    endloop
  endfacet
  facet normal 0 0 -1
    outer loop
      vertex -3.1255380163060265 5.695691440885805 0
      vertex -0.3267762893770148 1.642815344675411 0
      vertex -0.43352190054672224 1.6179257590341896 0
    endloop
  endfacet
  facet normal 0 0 -1
    outer loop
      vertex -3.1255380163060265 5.695691440885805 0
      vertex -0.2186313719685864 1.6606701428011323 0
      vertex -0.3267762893770148 1.642815344675411 0
    endloop
  endfacet
  facet normal 0 0 -1
    outer loop
      vertex -3.1255380163060265 5.695691440885805 0
      vertex -0.10955024146048963 1.6714136964246609 0
      vertex -0.2186313719685864 1.6606701428011323 0
    endloop
  endfacet
  facet normal 0 0 -1
    outer loop
      vertex -3.1255380163060265 5.695691440885805 0
      vertex 0 1.675 0
      vertex -0.10955024146048963 1.6714136964246609 0
    endloop
  endfacet
  facet normal 0 0 -1
    outer loop
      vertex -3.1255380163060265 5.695691440885805 0
      vertex 0.10955024146048963 1.6714136964246609 0
      vertex 0 1.675 0
    endloop
  endfacet
  facet normal 0 0 -1
    outer loop
      vertex -5 4.148006634798941 0
      vertex -5 30.38573996396232 0
      vertex -3.1255380163060265 5.695691440885805 0
    endloop
  endfacet
  facet normal 0 0 -1
    outer loop
      vertex -3.1255380163060265 5.695691440885805 0
      vertex -1.3333685592470452 14.89021289443621 0
      vertex -1.2 14.807278994879667 0
    endloop
  endfacet
  facet normal 0 0 -1
    outer loop
      vertex -3.1255380163060265 5.695691440885805 0
      vertex -1.2 14.807278994879667 0
      vertex -1.061492856525603 14.733245384283867 0
    endloop
  endfacet
  facet normal 0 0 -1
    outer loop
      vertex -3.1255380163060265 5.695691440885805 0
      vertex -1.061492856525603 14.733245384283867 0
      vertex -0.9184402376762154 14.66842908593523 0
    endloop
  endfacet
  facet normal 0 0 -1
    outer loop
      vertex -3.1255380163060265 5.695691440885805 0
      vertex -0.9184402376762154 14.66842908593523 0
      vertex -0.7714547167275878 14.613107653174065 0
    endloop
  endfacet
  facet normal 0 0 -1
    outer loop
      vertex -3.1255380163060265 5.695691440885805 0
      vertex -0.7714547167275878 14.613107653174065 0
      vertex -0.6211657082460498 14.567517980868555 0
    endloop
  endfacet
  facet normal 0 0 -1
    outer loop
      vertex -3.1255380163060265 5.695691440885805 0
      vertex -0.6211657082460498 14.567517980868555 0
      vertex -0.4682167728387078 14.531855290994566 0
    endloop
  endfacet
  facet normal 0 0 -1
    outer loop
      vertex -3.1255380163060265 5.695691440885805 0
      vertex -0.4682167728387078 14.531855290994566 0
      vertex -0.31326286132812375 14.506272296665173 0
    endloop
  endfacet
  facet normal 0 0 -1
    outer loop
      vertex -3.1255380163060265 5.695691440885805 0
      vertex -0.31326286132812375 14.506272296665173 0
      vertex -0.15696751015234334 14.49087854818967 0
    endloop
  endfacet
  facet normal 0 0 -1
    outer loop
      vertex -3.1255380163060265 5.695691440885805 0
      vertex -2.2726323107882536 16.114285247234733 0
      vertex -2.2173108780270883 15.967299726286104 0
    endloop
  endfacet
  facet normal 0 0 -1
    outer loop
      vertex -3.1255380163060265 5.695691440885805 0
      vertex -2.318221983093764 16.26457425571627 0
      vertex -2.2726323107882536 16.114285247234733 0
    endloop
  endfacet
  facet normal 0 0 -1
    outer loop
      vertex -3.1255380163060265 5.695691440885805 0
      vertex -2.2173108780270883 15.967299726286104 0
      vertex -2.152494579678452 15.824247107436715 0
    endloop
  endfacet
  facet normal 0 0 -1
    outer loop
      vertex -3.1255380163060265 5.695691440885805 0
      vertex -2.152494579678452 15.824247107436715 0
      vertex -2.0784609690826525 15.68573996396232 0
    endloop
  endfacet
  facet normal 0 0 -1
    outer loop
      vertex -3.1255380163060265 5.695691440885805 0
      vertex -2.353884672967753 16.41752319112361 0
      vertex -2.318221983093764 16.26457425571627 0
    endloop
  endfacet
  facet normal 0 0 -1
    outer loop
      vertex -3.1255380163060265 5.695691440885805 0
      vertex -2.3794676672971447 16.572477102634195 0
      vertex -2.353884672967753 16.41752319112361 0
    endloop
  endfacet
  facet normal 0 0 -1
    outer loop
      vertex -3.1255380163060265 5.695691440885805 0
      vertex -2.3948614157726484 16.728772453809974 0
      vertex -2.3794676672971447 16.572477102634195 0
    endloop
  endfacet
  facet normal 0 0 -1
    outer loop
      vertex -3.1255380163060265 5.695691440885805 0
      vertex -2.4 16.88573996396232 0
      vertex -2.3948614157726484 16.728772453809974 0
    endloop
  endfacet
  facet normal 0 0 -1
    outer loop
      vertex -3.1255380163060265 5.695691440885805 0
      vertex -1.9955270695261085 15.552371404715274 0
      vertex -1.9040480166989644 15.424712534341388 0
    endloop
  endfacet
  facet normal 0 0 -1
    outer loop
      vertex -3.1255380163060265 5.695691440885805 0
      vertex -1.9040480166989644 15.424712534341388 0
      vertex -1.8044155379495457 15.303310007722153 0
    endloop
  endfacet
  facet normal 0 0 -1
    outer loop
      vertex -3.1255380163060265 5.695691440885805 0
      vertex -1.8044155379495457 15.303310007722153 0
      vertex -1.697056274847714 15.188683689114605 0
    endloop
  endfacet
  facet normal 0 0 -1
    outer loop
      vertex -3.1255380163060265 5.695691440885805 0
      vertex -2.0784609690826525 15.68573996396232 0
      vertex -1.9955270695261085 15.552371404715274 0
    endloop
  endfacet
  facet normal 0 0 -1
    outer loop
      vertex -3.1255380163060265 5.695691440885805 0
      vertex -1.697056274847714 15.188683689114605 0
      vertex -1.5824299562401651 15.081324426012774 0
    endloop
  endfacet
  facet normal 0 0 -1
    outer loop
      vertex -3.1255380163060265 5.695691440885805 0
      vertex -1.5824299562401651 15.081324426012774 0
      vertex -1.4610274296209296 14.981691947263354 0
    endloop
  endfacet
  facet normal 0 0 -1
    outer loop
      vertex -3.1255380163060265 5.695691440885805 0
      vertex -1.4610274296209296 14.981691947263354 0
      vertex -1.3333685592470452 14.89021289443621 0
    endloop
  endfacet
  facet normal -1 0 0
    outer loop
      vertex -5 4.148006634798941 0
      vertex -5 4.148006634798941 3.5
      vertex -5 30.38573996396232 0
    endloop
  endfacet
  facet normal 0 0 -1
    outer loop
      vertex -3.1255380163060265 5.695691440885805 0
      vertex -5 30.38573996396232 0
      vertex -2.4 16.88573996396232 0
    endloop
  endfacet
  facet normal 0 0 -1
    outer loop
      vertex -5 30.38573996396232 0
      vertex -2.4 30.38573996396232 0
      vertex -2.4 16.88573996396232 0
    endloop
  endfacet
  facet normal 0 1 0
    outer loop
      vertex -5 30.38573996396232 0
      vertex -5 30.38573996396232 3.5
      vertex -2.4 30.38573996396232 0
    endloop
  endfacet
  facet normal 0 0 -1
    outer loop
      vertex -3.1255380163060265 5.695691440885805 0
      vertex 0.2186313719685864 1.6606701428011323 0
      vertex 0.10955024146048963 1.6714136964246609 0
    endloop
  endfacet
  facet normal 0 0 -1
    outer loop
      vertex -3.1255380163060265 5.695691440885805 0
      vertex 0.3267762893770148 1.642815344675411 0
      vertex 0.2186313719685864 1.6606701428011323 0
    endloop
  endfacet
  facet normal 0 0 -1
    outer loop
      vertex -3.1255380163060265 5.695691440885805 0
      vertex 0.43352190054672224 1.6179257590341896 0
      vertex 0.3267762893770148 1.642815344675411 0
    endloop
  endfacet
  facet normal 0 0 -1
    outer loop
      vertex -3.1255380163060265 5.695691440885805 0
      vertex 0.5384111043827957 1.5861079669043021 0
      vertex 0.43352190054672224 1.6179257590341896 0
    endloop
  endfacet
  facet normal 0 0 -1
    outer loop
      vertex 4.8869587486133526 0 0
      vertex 0.5384111043827957 1.5861079669043021 0
      vertex -3.1255380163060265 5.695691440885805 0
    endloop
  endfacet
  facet normal 0 0 -1
    outer loop
      vertex -3.1255380163060265 5.695691440885805 0
      vertex -0.15696751015234334 14.49087854818967 0
      vertex 5 4.148006634798941 0
    endloop
  endfacet
  facet normal 0 0 -1
    outer loop
      vertex 4.8869587486133526 0 0
      vertex 0.6409947492115254 1.5474982169564053 0
      vertex 0.5384111043827957 1.5861079669043021 0
    endloop
  endfacet
  facet normal 0 0 -1
    outer loop
      vertex 4.8869587486133526 0 0
      vertex 0.7408335561168272 1.5022618420672529 0
      vertex 0.6409947492115254 1.5474982169564053 0
    endloop
  endfacet
  facet normal 0 0 -1
    outer loop
      vertex 4.8869587486133526 0 0
      vertex 0.8375 1.4505925513389346 0
      vertex 0.7408335561168272 1.5022618420672529 0
    endloop
  endfacet
  facet normal 0 0 -1
    outer loop
      vertex 4.8869587486133526 0 0
      vertex 1.019675393589607 1.328866844987819 0
      vertex 0.9305801403078336 1.3927116006067632 0
    endloop
  endfacet
  facet normal 0 0 -1
    outer loop
      vertex 4.8869587486133526 0 0
      vertex 0.9305801403078336 1.3927116006067632 0
      vertex 0.8375 1.4505925513389346 0
    endloop
  endfacet
  facet normal 0 0 -1
    outer loop
      vertex 4.8869587486133526 0 0
      vertex 1.1044042402926153 1.2593316775272871 0
      vertex 1.019675393589607 1.328866844987819 0
    endloop
  endfacet
  facet normal 0 0 -1
    outer loop
      vertex 4.8869587486133526 0 0
      vertex 1.1844038584874672 1.1844038584874672 0
      vertex 1.1044042402926153 1.2593316775272871 0
    endloop
  endfacet
  facet normal 0 0 -1
    outer loop
      vertex 4.8869587486133526 0 0
      vertex 1.2593316775272871 1.1044042402926153 0
      vertex 1.1844038584874672 1.1844038584874672 0
    endloop
  endfacet
  facet normal 0 0 -1
    outer loop
      vertex 4.8869587486133526 0 0
      vertex 1.328866844987819 1.019675393589607 0
      vertex 1.2593316775272871 1.1044042402926153 0
    endloop
  endfacet
  facet normal 0 0 -1
    outer loop
      vertex 4.8869587486133526 0 0
      vertex -3.1255380163060265 5.695691440885805 0
      vertex 5 4.148006634798941 0
    endloop
  endfacet
  facet normal 0 0 -1
    outer loop
      vertex 5 4.148006634798941 0
      vertex -0.15696751015234334 14.49087854818967 0
      vertex 0 14.485739963962319 0
    endloop
  endfacet
  facet normal 0 0 -1
    outer loop
      vertex 5 4.148006634798941 0
      vertex 0 14.485739963962319 0
      vertex 0.15696751015234334 14.49087854818967 0
    endloop
  endfacet
  facet normal 0 0 -1
    outer loop
      vertex 5 4.148006634798941 0
      vertex 0.15696751015234334 14.49087854818967 0
      vertex 0.31326286132812375 14.506272296665173 0
    endloop
  endfacet
  facet normal 0 0 -1
    outer loop
      vertex 5 4.148006634798941 0
      vertex 0.31326286132812375 14.506272296665173 0
      vertex 0.4682167728387078 14.531855290994566 0
    endloop
  endfacet
  facet normal 0 0 -1
    outer loop
      vertex 5 4.148006634798941 0
      vertex 0.4682167728387078 14.531855290994566 0
      vertex 0.6211657082460498 14.567517980868555 0
    endloop
  endfacet
  facet normal 0 0 -1
    outer loop
      vertex 5 4.148006634798941 0
      vertex 0.6211657082460498 14.567517980868555 0
      vertex 0.7714547167275878 14.613107653174065 0
    endloop
  endfacet
  facet normal 0 0 -1
    outer loop
      vertex 5 4.148006634798941 0
      vertex 0.7714547167275878 14.613107653174065 0
      vertex 0.9184402376762154 14.66842908593523 0
    endloop
  endfacet
  facet normal 0 0 -1
    outer loop
      vertex 5 4.148006634798941 0
      vertex 0.9184402376762154 14.66842908593523 0
      vertex 1.061492856525603 14.733245384283867 0
    endloop
  endfacet
  facet normal 0 0 -1
    outer loop
      vertex 5 4.148006634798941 0
      vertex 1.061492856525603 14.733245384283867 0
      vertex 1.2 14.807278994879667 0
    endloop
  endfacet
  facet normal 0 0 -1
    outer loop
      vertex 5 4.148006634798941 0
      vertex 1.2 14.807278994879667 0
      vertex 1.3333685592470452 14.89021289443621 0
    endloop
  endfacet
  facet normal 0 0 -1
    outer loop
      vertex 5 4.148006634798941 0
      vertex 1.3333685592470452 14.89021289443621 0
      vertex 1.4610274296209296 14.981691947263354 0
    endloop
  endfacet
  facet normal 0 0 -1
    outer loop
      vertex 5 4.148006634798941 0
      vertex 1.4610274296209296 14.981691947263354 0
      vertex 1.5824299562401651 15.081324426012774 0
    endloop
  endfacet
  facet normal 0 0 -1
    outer loop
      vertex 5 4.148006634798941 0
      vertex 1.5824299562401651 15.081324426012774 0
      vertex 1.697056274847714 15.188683689114605 0
    endloop
  endfacet
  facet normal 0 0 -1
    outer loop
      vertex 5 4.148006634798941 0
      vertex 1.697056274847714 15.188683689114605 0
      vertex 1.8044155379495457 15.303310007722153 0
    endloop
  endfacet
  facet normal 0 0 -1
    outer loop
      vertex 5 4.148006634798941 0
      vertex 1.8044155379495457 15.303310007722153 0
      vertex 1.9040480166989644 15.424712534341388 0
    endloop
  endfacet
  facet normal 0 0 -1
    outer loop
      vertex 5 4.148006634798941 0
      vertex 1.9040480166989644 15.424712534341388 0
      vertex 1.9955270695261085 15.552371404715274 0
    endloop
  endfacet
  facet normal 0 0 -1
    outer loop
      vertex 5 4.148006634798941 0
      vertex 1.9955270695261085 15.552371404715274 0
      vertex 2.0784609690826525 15.68573996396232 0
    endloop
  endfacet
  facet normal 0 0 -1
    outer loop
      vertex 5 4.148006634798941 0
      vertex 2.0784609690826525 15.68573996396232 0
      vertex 2.152494579678452 15.824247107436715 0
    endloop
  endfacet
  facet normal 0 0 -1
    outer loop
      vertex 5 4.148006634798941 0
      vertex 2.152494579678452 15.824247107436715 0
      vertex 2.2173108780270883 15.967299726286104 0
    endloop
  endfacet
  facet normal 0 0 -1
    outer loop
      vertex 5 4.148006634798941 0
      vertex 2.2173108780270883 15.967299726286104 0
      vertex 2.2726323107882536 16.114285247234733 0
    endloop
  endfacet
  facet normal 0 0 -1
    outer loop
      vertex 5 4.148006634798941 0
      vertex 2.2726323107882536 16.114285247234733 0
      vertex 2.318221983093764 16.26457425571627 0
    endloop
  endfacet
  facet normal 0 0 -1
    outer loop
      vertex 5 4.148006634798941 0
      vertex 2.318221983093764 16.26457425571627 0
      vertex 2.353884672967753 16.41752319112361 0
    endloop
  endfacet
  facet normal 0 0 -1
    outer loop
      vertex 5 4.148006634798941 0
      vertex 2.353884672967753 16.41752319112361 0
      vertex 2.3794676672971447 16.572477102634195 0
    endloop
  endfacet
  facet normal 0 0 -1
    outer loop
      vertex 5 4.148006634798941 0
      vertex 2.3794676672971447 16.572477102634195 0
      vertex 2.3948614157726484 16.728772453809974 0
    endloop
  endfacet
  facet normal 0 0 -1
    outer loop
      vertex 5 4.148006634798941 0
      vertex 2.3948614157726484 16.728772453809974 0
      vertex 2.4 16.88573996396232 0
    endloop
  endfacet
  facet normal 0 0 -1
    outer loop
      vertex 5 4.148006634798941 0
      vertex 2.4 16.88573996396232 0
      vertex 2.4 30.38573996396232 0
    endloop
  endfacet
  facet normal 0 0 -1
    outer loop
      vertex 5 4.148006634798941 0
      vertex 2.4 30.38573996396232 0
      vertex 5 30.38573996396232 0
    endloop
  endfacet
  facet normal 1 0 0
    outer loop
      vertex 5 4.148006634798941 0
      vertex 5 30.38573996396232 0
      vertex 5 30.38573996396232 3.5
    endloop
  endfacet
  facet normal 0 1 0
    outer loop
      vertex 5 30.38573996396232 0
      vertex 2.4 30.38573996396232 0
      vertex 2.4 30.38573996396232 3.5
    endloop
  endfacet
  facet normal 0 0 1
    outer loop
      vertex -4.8869587486133526 0 3.5
      vertex -2.2908518622648653 0 3.5
      vertex -5 4.148006634798941 3.5
    endloop
  endfacet
  facet normal 0 0 1
    outer loop
      vertex -2.2908518622648653 0 3.5
      vertex -1.6606701428011323 0.2186313719685864 3.5
      vertex -5 4.148006634798941 3.5
    endloop
  endfacet
  facet normal 0 0 1
    outer loop
      vertex -5 4.148006634798941 3.5
      vertex -1.6606701428011323 0.2186313719685864 3.5
      vertex -1.642815344675411 0.3267762893770148 3.5
    endloop
  endfacet
  facet normal 0 0 1
    outer loop
      vertex -5 4.148006634798941 3.5
      vertex -1.642815344675411 0.3267762893770148 3.5
      vertex -1.6179257590341896 0.43352190054672224 3.5
    endloop
  endfacet
  facet normal 0 0 1
    outer loop
      vertex -5 4.148006634798941 3.5
      vertex -1.6179257590341896 0.43352190054672224 3.5
      vertex -1.5861079669043021 0.5384111043827957 3.5
    endloop
  endfacet
  facet normal 0 0 1
    outer loop
      vertex -5 4.148006634798941 3.5
      vertex -1.5861079669043021 0.5384111043827957 3.5
      vertex -1.5474982169564053 0.6409947492115254 3.5
    endloop
  endfacet
  facet normal 0 0 1
    outer loop
      vertex -5 4.148006634798941 3.5
      vertex -1.5474982169564053 0.6409947492115254 3.5
      vertex -1.5022618420672529 0.7408335561168272 3.5
    endloop
  endfacet
  facet normal 0 0 1
    outer loop
      vertex -5 4.148006634798941 3.5
      vertex -1.5022618420672529 0.7408335561168272 3.5
      vertex -1.4505925513389346 0.8375 3.5
    endloop
  endfacet
  facet normal 0 0 1
    outer loop
      vertex -5 4.148006634798941 3.5
      vertex -1.4505925513389346 0.8375 3.5
      vertex -1.3927116006067632 0.9305801403078336 3.5
    endloop
  endfacet
  facet normal 0 0 1
    outer loop
      vertex -5 4.148006634798941 3.5
      vertex -1.3927116006067632 0.9305801403078336 3.5
      vertex -1.328866844987819 1.019675393589607 3.5
    endloop
  endfacet
  facet normal 0 0 1
    outer loop
      vertex -5 4.148006634798941 3.5
      vertex -1.328866844987819 1.019675393589607 3.5
      vertex -1.2593316775272871 1.1044042402926153 3.5
    endloop
  endfacet
  facet normal 0 0 1
    outer loop
      vertex -5 4.148006634798941 3.5
      vertex -1.2593316775272871 1.1044042402926153 3.5
      vertex -1.1844038584874672 1.1844038584874672 3.5
    endloop
  endfacet
  facet normal 0 0 1
    outer loop
      vertex -5 4.148006634798941 3.5
      vertex -1.1844038584874672 1.1844038584874672 3.5
      vertex -1.1044042402926153 1.2593316775272871 3.5
    endloop
  endfacet
  facet normal 0 0 1
    outer loop
      vertex -5 4.148006634798941 3.5
      vertex -1.1044042402926153 1.2593316775272871 3.5
      vertex -1.019675393589607 1.328866844987819 3.5
    endloop
  endfacet
  facet normal 0 0 1
    outer loop
      vertex -5 4.148006634798941 3.5
      vertex -1.019675393589607 1.328866844987819 3.5
      vertex -0.9305801403078336 1.3927116006067632 3.5
    endloop
  endfacet
  facet normal 0 0 1
    outer loop
      vertex -5 4.148006634798941 3.5
      vertex -0.9305801403078336 1.3927116006067632 3.5
      vertex -0.8375 1.4505925513389346 3.5
    endloop
  endfacet
  facet normal 0 0 1
    outer loop
      vertex -5 4.148006634798941 3.5
      vertex -0.8375 1.4505925513389346 3.5
      vertex -0.7408335561168272 1.5022618420672529 3.5
    endloop
  endfacet
  facet normal 0 0 1
    outer loop
      vertex -5 4.148006634798941 3.5
      vertex -0.7408335561168272 1.5022618420672529 3.5
      vertex -0.6409947492115254 1.5474982169564053 3.5
    endloop
  endfacet
  facet normal 0 0 1
    outer loop
      vertex -5 4.148006634798941 3.5
      vertex -0.6409947492115254 1.5474982169564053 3.5
      vertex -0.5384111043827957 1.5861079669043021 3.5
    endloop
  endfacet
  facet normal 0 0 1
    outer loop
      vertex -5 4.148006634798941 3.5
      vertex -0.5384111043827957 1.5861079669043021 3.5
      vertex -0.43352190054672224 1.6179257590341896 3.5
    endloop
  endfacet
  facet normal 0 0 1
    outer loop
      vertex -5 4.148006634798941 3.5
      vertex -0.43352190054672224 1.6179257590341896 3.5
      vertex -0.3267762893770148 1.642815344675411 3.5
    endloop
  endfacet
  facet normal 0 0 1
    outer loop
      vertex -5 4.148006634798941 3.5
      vertex -0.3267762893770148 1.642815344675411 3.5
      vertex -0.2186313719685864 1.6606701428011323 3.5
    endloop
  endfacet
  facet normal 0 0 1
    outer loop
      vertex -5 4.148006634798941 3.5
      vertex -0.2186313719685864 1.6606701428011323 3.5
      vertex -5 30.38573996396232 3.5
    endloop
  endfacet
  facet normal 0 0 1
    outer loop
      vertex -5 30.38573996396232 3.5
      vertex -0.2186313719685864 1.6606701428011323 3.5
      vertex -0.10955024146048963 1.6714136964246609 3.5
    endloop
  endfacet
  facet normal 0 0 1
    outer loop
      vertex -5 30.38573996396232 3.5
      vertex -0.10955024146048963 1.6714136964246609 3.5
      vertex 0 1.675 3.5
    endloop
  endfacet
  facet normal 0 0 1
    outer loop
      vertex 0 1.675 3.5
      vertex -2.2726323107882536 16.114285247234733 3.5
      vertex -2.318221983093764 16.26457425571627 3.5
    endloop
  endfacet
  facet normal 0 0 1
    outer loop
      vertex 0 1.675 3.5
      vertex -2.2173108780270883 15.967299726286104 3.5
      vertex -2.2726323107882536 16.114285247234733 3.5
    endloop
  endfacet
  facet normal 0 0 1
    outer loop
      vertex 0 1.675 3.5
      vertex -2.318221983093764 16.26457425571627 3.5
      vertex -2.353884672967753 16.41752319112361 3.5
    endloop
  endfacet
  facet normal 0 0 1
    outer loop
      vertex 0 1.675 3.5
      vertex -2.353884672967753 16.41752319112361 3.5
      vertex -2.3794676672971447 16.572477102634195 3.5
    endloop
  endfacet
  facet normal 0 0 1
    outer loop
      vertex 0 1.675 3.5
      vertex -1.9040480166989644 15.424712534341388 3.5
      vertex -1.9955270695261085 15.552371404715274 3.5
    endloop
  endfacet
  facet normal 0 0 1
    outer loop
      vertex 0 1.675 3.5
      vertex -1.8044155379495457 15.303310007722153 3.5
      vertex -1.9040480166989644 15.424712534341388 3.5
    endloop
  endfacet
  facet normal 0 0 1
    outer loop
      vertex 0 1.675 3.5
      vertex -1.697056274847714 15.188683689114605 3.5
      vertex -1.8044155379495457 15.303310007722153 3.5
    endloop
  endfacet
  facet normal 0 0 1
    outer loop
      vertex 0 1.675 3.5
      vertex -1.5824299562401651 15.081324426012774 3.5
      vertex -1.697056274847714 15.188683689114605 3.5
    endloop
  endfacet
  facet normal 0 0 1
    outer loop
      vertex 0 1.675 3.5
      vertex -1.4610274296209296 14.981691947263354 3.5
      vertex -1.5824299562401651 15.081324426012774 3.5
    endloop
  endfacet
  facet normal 0 0 1
    outer loop
      vertex 0 1.675 3.5
      vertex -2.0784609690826525 15.68573996396232 3.5
      vertex -2.152494579678452 15.824247107436715 3.5
    endloop
  endfacet
  facet normal 0 0 1
    outer loop
      vertex 0 1.675 3.5
      vertex -1.9955270695261085 15.552371404715274 3.5
      vertex -2.0784609690826525 15.68573996396232 3.5
    endloop
  endfacet
  facet normal 0 0 1
    outer loop
      vertex 0 1.675 3.5
      vertex -2.152494579678452 15.824247107436715 3.5
      vertex -2.2173108780270883 15.967299726286104 3.5
    endloop
  endfacet
  facet normal -1 0 0
    outer loop
      vertex -5 30.38573996396232 0
      vertex -5 4.148006634798941 3.5
      vertex -5 30.38573996396232 3.5
    endloop
  endfacet
  facet normal 0 1 0
    outer loop
      vertex -5 30.38573996396232 3.5
      vertex -2.4 30.38573996396232 3.5
      vertex -2.4 30.38573996396232 0
    endloop
  endfacet
  facet normal 0 0 1
    outer loop
      vertex -5 30.38573996396232 3.5
      vertex -2.3794676672971447 16.572477102634195 3.5
      vertex -2.3948614157726484 16.728772453809974 3.5
    endloop
  endfacet
  facet normal 0 0 1
    outer loop
      vertex -5 30.38573996396232 3.5
      vertex -2.3948614157726484 16.728772453809974 3.5
      vertex -2.4 16.88573996396232 3.5
    endloop
  endfacet
  facet normal 0 0 1
    outer loop
      vertex -5 30.38573996396232 3.5
      vertex 0 1.675 3.5
      vertex -2.3794676672971447 16.572477102634195 3.5
    endloop
  endfacet
  facet normal 0 0 1
    outer loop
      vertex -5 30.38573996396232 3.5
      vertex -2.4 16.88573996396232 3.5
      vertex -2.4 30.38573996396232 3.5
    endloop
  endfacet
  facet normal 1 0 0
    outer loop
      vertex 5 4.148006634798941 0
      vertex 5 30.38573996396232 3.5
      vertex 5 4.148006634798941 3.5
    endloop
  endfacet
  facet normal 0 0 1
    outer loop
      vertex 0 1.675 3.5
      vertex 0.10955024146048963 1.6714136964246609 3.5
      vertex 0 14.485739963962319 3.5
    endloop
  endfacet
  facet normal 0 0 1
    outer loop
      vertex 0.15696751015234334 14.49087854818967 3.5
      vertex 0.10955024146048963 1.6714136964246609 3.5
      vertex 0.2186313719685864 1.6606701428011323 3.5
    endloop
  endfacet
  facet normal 0 0 1
    outer loop
      vertex 0.15696751015234334 14.49087854818967 3.5
      vertex 0.2186313719685864 1.6606701428011323 3.5
      vertex 0.3267762893770148 1.642815344675411 3.5
    endloop
  endfacet
  facet normal 0 0 1
    outer loop
      vertex 0.15696751015234334 14.49087854818967 3.5
      vertex 0.3267762893770148 1.642815344675411 3.5
      vertex 0.43352190054672224 1.6179257590341896 3.5
    endloop
  endfacet
  facet normal 0 0 1
    outer loop
      vertex 0.15696751015234334 14.49087854818967 3.5
      vertex 0.43352190054672224 1.6179257590341896 3.5
      vertex 0.5384111043827957 1.5861079669043021 3.5
    endloop
  endfacet
  facet normal 0 0 1
    outer loop
      vertex 0.15696751015234334 14.49087854818967 3.5
      vertex 0.5384111043827957 1.5861079669043021 3.5
      vertex 0.6409947492115254 1.5474982169564053 3.5
    endloop
  endfacet
  facet normal 0 0 1
    outer loop
      vertex 0.15696751015234334 14.49087854818967 3.5
      vertex 0.6409947492115254 1.5474982169564053 3.5
      vertex 0.7408335561168272 1.5022618420672529 3.5
    endloop
  endfacet
  facet normal 0 0 1
    outer loop
      vertex 0.15696751015234334 14.49087854818967 3.5
      vertex 0.7408335561168272 1.5022618420672529 3.5
      vertex 0.8375 1.4505925513389346 3.5
    endloop
  endfacet
  facet normal 0 0 1
    outer loop
      vertex 0.15696751015234334 14.49087854818967 3.5
      vertex 0.8375 1.4505925513389346 3.5
      vertex 0.9305801403078336 1.3927116006067632 3.5
    endloop
  endfacet
  facet normal 0 0 1
    outer loop
      vertex 0.15696751015234334 14.49087854818967 3.5
      vertex 0.9305801403078336 1.3927116006067632 3.5
      vertex 1.019675393589607 1.328866844987819 3.5
    endloop
  endfacet
  facet normal 0 0 1
    outer loop
      vertex 0.15696751015234334 14.49087854818967 3.5
      vertex 1.1044042402926153 1.2593316775272871 3.5
      vertex 1.1844038584874672 1.1844038584874672 3.5
    endloop
  endfacet
  facet normal 0 0 1
    outer loop
      vertex 0.15696751015234334 14.49087854818967 3.5
      vertex 1.019675393589607 1.328866844987819 3.5
      vertex 1.1044042402926153 1.2593316775272871 3.5
    endloop
  endfacet
  facet normal 0 0 1
    outer loop
      vertex 0.15696751015234334 14.49087854818967 3.5
      vertex 1.1844038584874672 1.1844038584874672 3.5
      vertex 1.2593316775272871 1.1044042402926153 3.5
    endloop
  endfacet
  facet normal 0 0 1
    outer loop
      vertex 0.15696751015234334 14.49087854818967 3.5
      vertex 1.5022618420672529 0.7408335561168272 3.5
      vertex 1.5474982169564053 0.6409947492115254 3.5
    endloop
  endfacet
  facet normal 0 0 1
    outer loop
      vertex 0.15696751015234334 14.49087854818967 3.5
      vertex 1.5474982169564053 0.6409947492115254 3.5
      vertex 1.5861079669043021 0.5384111043827957 3.5
    endloop
  endfacet
  facet normal 0 0 1
    outer loop
      vertex 0.15696751015234334 14.49087854818967 3.5
      vertex 1.6179257590341896 0.43352190054672224 3.5
      vertex 1.642815344675411 0.3267762893770148 3.5
    endloop
  endfacet
  facet normal 0 0 1
    outer loop
      vertex 0.15696751015234334 14.49087854818967 3.5
      vertex 1.5861079669043021 0.5384111043827957 3.5
      vertex 1.6179257590341896 0.43352190054672224 3.5
    endloop
  endfacet
  facet normal 0 0 1
    outer loop
      vertex 0.15696751015234334 14.49087854818967 3.5
      vertex 1.2593316775272871 1.1044042402926153 3.5
      vertex 1.328866844987819 1.019675393589607 3.5
    endloop
  endfacet
  facet normal 0 0 1
    outer loop
      vertex 0.15696751015234334 14.49087854818967 3.5
      vertex 1.328866844987819 1.019675393589607 3.5
      vertex 1.3927116006067632 0.9305801403078336 3.5
    endloop
  endfacet
  facet normal 0 0 1
    outer loop
      vertex 0.15696751015234334 14.49087854818967 3.5
      vertex 1.3927116006067632 0.9305801403078336 3.5
      vertex 1.4505925513389346 0.8375 3.5
    endloop
  endfacet
  facet normal 0 0 1
    outer loop
      vertex 0.15696751015234334 14.49087854818967 3.5
      vertex 1.4505925513389346 0.8375 3.5
      vertex 1.5022618420672529 0.7408335561168272 3.5
    endloop
  endfacet
  facet normal 0 0 1
    outer loop
      vertex 4.8869587486133526 0 3.5
      vertex 0.15696751015234334 14.49087854818967 3.5
      vertex 1.642815344675411 0.3267762893770148 3.5
    endloop
  endfacet
  facet normal 0 0 1
    outer loop
      vertex 0 1.675 3.5
      vertex -1.3333685592470452 14.89021289443621 3.5
      vertex -1.4610274296209296 14.981691947263354 3.5
    endloop
  endfacet
  facet normal 0 0 1
    outer loop
      vertex 0 1.675 3.5
      vertex -1.2 14.807278994879667 3.5
      vertex -1.3333685592470452 14.89021289443621 3.5
    endloop
  endfacet
  facet normal 0 0 1
    outer loop
      vertex 0 1.675 3.5
      vertex -1.061492856525603 14.733245384283867 3.5
      vertex -1.2 14.807278994879667 3.5
    endloop
  endfacet
  facet normal 0 0 1
    outer loop
      vertex 0 1.675 3.5
      vertex -0.9184402376762154 14.66842908593523 3.5
      vertex -1.061492856525603 14.733245384283867 3.5
    endloop
  endfacet
  facet normal 0 0 1
    outer loop
      vertex 0 1.675 3.5
      vertex -0.7714547167275878 14.613107653174065 3.5
      vertex -0.9184402376762154 14.66842908593523 3.5
    endloop
  endfacet
  facet normal 0 0 1
    outer loop
      vertex 0 1.675 3.5
      vertex -0.6211657082460498 14.567517980868555 3.5
      vertex -0.7714547167275878 14.613107653174065 3.5
    endloop
  endfacet
  facet normal 0 0 1
    outer loop
      vertex 0 1.675 3.5
      vertex -0.4682167728387078 14.531855290994566 3.5
      vertex -0.6211657082460498 14.567517980868555 3.5
    endloop
  endfacet
  facet normal 0 0 1
    outer loop
      vertex 0 1.675 3.5
      vertex -0.31326286132812375 14.506272296665173 3.5
      vertex -0.4682167728387078 14.531855290994566 3.5
    endloop
  endfacet
  facet normal 0 0 1
    outer loop
      vertex 0 1.675 3.5
      vertex -0.15696751015234334 14.49087854818967 3.5
      vertex -0.31326286132812375 14.506272296665173 3.5
    endloop
  endfacet
  facet normal 0 0 1
    outer loop
      vertex 0 14.485739963962319 3.5
      vertex -0.15696751015234334 14.49087854818967 3.5
      vertex 0 1.675 3.5
    endloop
  endfacet
  facet normal 0 0 1
    outer loop
      vertex 0.10955024146048963 1.6714136964246609 3.5
      vertex 0.15696751015234334 14.49087854818967 3.5
      vertex 0 14.485739963962319 3.5
    endloop
  endfacet
  facet normal 0 0 1
    outer loop
      vertex 5 0.8326947801186222 3.5
      vertex 0.31326286132812375 14.506272296665173 3.5
      vertex 0.15696751015234334 14.49087854818967 3.5
    endloop
  endfacet
  facet normal 0 0 1
    outer loop
      vertex 5 4.148006634798941 3.5
      vertex 0.4682167728387078 14.531855290994566 3.5
      vertex 0.31326286132812375 14.506272296665173 3.5
    endloop
  endfacet
  facet normal 0 0 1
    outer loop
      vertex 5 4.148006634798941 3.5
      vertex 0.6211657082460498 14.567517980868555 3.5
      vertex 0.4682167728387078 14.531855290994566 3.5
    endloop
  endfacet
  facet normal 0 0 1
    outer loop
      vertex 5 4.148006634798941 3.5
      vertex 0.7714547167275878 14.613107653174065 3.5
      vertex 0.6211657082460498 14.567517980868555 3.5
    endloop
  endfacet
  facet normal 0 0 1
    outer loop
      vertex 5 4.148006634798941 3.5
      vertex 0.9184402376762154 14.66842908593523 3.5
      vertex 0.7714547167275878 14.613107653174065 3.5
    endloop
  endfacet
  facet normal 0 0 1
    outer loop
      vertex 5 4.148006634798941 3.5
      vertex 1.061492856525603 14.733245384283867 3.5
      vertex 0.9184402376762154 14.66842908593523 3.5
    endloop
  endfacet
  facet normal 0 0 1
    outer loop
      vertex 5 4.148006634798941 3.5
      vertex 1.2 14.807278994879667 3.5
      vertex 1.061492856525603 14.733245384283867 3.5
    endloop
  endfacet
  facet normal 0 0 1
    outer loop
      vertex 5 4.148006634798941 3.5
      vertex 1.3333685592470452 14.89021289443621 3.5
      vertex 1.2 14.807278994879667 3.5
    endloop
  endfacet
  facet normal 0 0 1
    outer loop
      vertex 5 4.148006634798941 3.5
      vertex 1.4610274296209296 14.981691947263354 3.5
      vertex 1.3333685592470452 14.89021289443621 3.5
    endloop
  endfacet
  facet normal 0 0 1
    outer loop
      vertex 5 4.148006634798941 3.5
      vertex 1.5824299562401651 15.081324426012774 3.5
      vertex 1.4610274296209296 14.981691947263354 3.5
    endloop
  endfacet
  facet normal 0 0 1
    outer loop
      vertex 4.8869587486133526 0 3.5
      vertex 4.8869587486133526 0.3434842069835564 3.5
      vertex 0.15696751015234334 14.49087854818967 3.5
    endloop
  endfacet
  facet normal 0 0 1
    outer loop
      vertex 4.8869587486133526 0.3434842069835564 3.5
      vertex 5 0.8326947801186222 3.5
      vertex 0.15696751015234334 14.49087854818967 3.5
    endloop
  endfacet
  facet normal 0 0 1
    outer loop
      vertex 5 0.8326947801186222 3.5
      vertex 5 4.148006634798941 3.5
      vertex 0.31326286132812375 14.506272296665173 3.5
    endloop
  endfacet
  facet normal 0 0 1
    outer loop
      vertex 5 4.148006634798941 3.5
      vertex 1.697056274847714 15.188683689114605 3.5
      vertex 1.5824299562401651 15.081324426012774 3.5
    endloop
  endfacet
  facet normal 0 0 1
    outer loop
      vertex 5 4.148006634798941 3.5
      vertex 1.8044155379495457 15.303310007722153 3.5
      vertex 1.697056274847714 15.188683689114605 3.5
    endloop
  endfacet
  facet normal 0 0 1
    outer loop
      vertex 5 4.148006634798941 3.5
      vertex 1.9040480166989644 15.424712534341388 3.5
      vertex 1.8044155379495457 15.303310007722153 3.5
    endloop
  endfacet
  facet normal 0 0 1
    outer loop
      vertex 5 4.148006634798941 3.5
      vertex 1.9955270695261085 15.552371404715274 3.5
      vertex 1.9040480166989644 15.424712534341388 3.5
    endloop
  endfacet
  facet normal 0 0 1
    outer loop
      vertex 5 4.148006634798941 3.5
      vertex 2.0784609690826525 15.68573996396232 3.5
      vertex 1.9955270695261085 15.552371404715274 3.5
    endloop
  endfacet
  facet normal 0 0 1
    outer loop
      vertex 5 4.148006634798941 3.5
      vertex 2.152494579678452 15.824247107436715 3.5
      vertex 2.0784609690826525 15.68573996396232 3.5
    endloop
  endfacet
  facet normal 0 0 1
    outer loop
      vertex 5 4.148006634798941 3.5
      vertex 2.2173108780270883 15.967299726286104 3.5
      vertex 2.152494579678452 15.824247107436715 3.5
    endloop
  endfacet
  facet normal 0 0 1
    outer loop
      vertex 5 4.148006634798941 3.5
      vertex 2.2726323107882536 16.114285247234733 3.5
      vertex 2.2173108780270883 15.967299726286104 3.5
    endloop
  endfacet
  facet normal 0 0 1
    outer loop
      vertex 5 4.148006634798941 3.5
      vertex 2.318221983093764 16.26457425571627 3.5
      vertex 2.2726323107882536 16.114285247234733 3.5
    endloop
  endfacet
  facet normal 0 0 1
    outer loop
      vertex 5 4.148006634798941 3.5
      vertex 2.353884672967753 16.41752319112361 3.5
      vertex 2.318221983093764 16.26457425571627 3.5
    endloop
  endfacet
  facet normal 0 0 1
    outer loop
      vertex 5 4.148006634798941 3.5
      vertex 2.3794676672971447 16.572477102634195 3.5
      vertex 2.353884672967753 16.41752319112361 3.5
    endloop
  endfacet
  facet normal 0 0 1
    outer loop
      vertex 5 4.148006634798941 3.5
      vertex 2.3948614157726484 16.728772453809974 3.5
      vertex 2.3794676672971447 16.572477102634195 3.5
    endloop
  endfacet
  facet normal 0 0 1
    outer loop
      vertex 5 4.148006634798941 3.5
      vertex 2.4 16.88573996396232 3.5
      vertex 2.3948614157726484 16.728772453809974 3.5
    endloop
  endfacet
  facet normal 0 1 0
    outer loop
      vertex 5 30.38573996396232 0
      vertex 2.4 30.38573996396232 3.5
      vertex 5 30.38573996396232 3.5
    endloop
  endfacet
  facet normal 0 0 1
    outer loop
      vertex 5 4.148006634798941 3.5
      vertex 5 30.38573996396232 3.5
      vertex 2.4 16.88573996396232 3.5
    endloop
  endfacet
  facet normal 0 0 1
    outer loop
      vertex 5 30.38573996396232 3.5
      vertex 2.4 30.38573996396232 3.5
      vertex 2.4 16.88573996396232 3.5
    endloop
  endfacet
  facet normal 0.8128466845916178 0.5824776968677987 0
    outer loop
      vertex -1.9955270695261085 15.552371404715274 0
      vertex -1.9955270695261085 15.552371404715274 3.5
      vertex -1.9040480166989644 15.424712534341388 0
    endloop
  endfacet
  facet normal 0.773010453362735 0.6343932841636477 0
    outer loop
      vertex -1.8044155379495457 15.303310007722153 0
      vertex -1.9040480166989644 15.424712534341388 0
      vertex -1.9040480166989644 15.424712534341388 3.5
    endloop
  endfacet
  facet normal 0.7298640726978356 0.6835923020228714 0
    outer loop
      vertex -1.8044155379495457 15.303310007722153 0
      vertex -1.8044155379495457 15.303310007722153 3.5
      vertex -1.697056274847714 15.188683689114605 0
    endloop
  endfacet
  facet normal 0.6343932841636523 0.7730104533627313 0
    outer loop
      vertex -1.5824299562401651 15.081324426012774 0
      vertex -1.5824299562401651 15.081324426012774 3.5
      vertex -1.4610274296209296 14.981691947263354 0
    endloop
  endfacet
  facet normal 0.6835923020228677 0.729864072697839 0
    outer loop
      vertex -1.697056274847714 15.188683689114605 0
      vertex -1.697056274847714 15.188683689114605 3.5
      vertex -1.5824299562401651 15.081324426012774 0
    endloop
  endfacet
  facet normal 0.5824776968677976 0.8128466845916186 0
    outer loop
      vertex -1.4610274296209296 14.981691947263354 0
      vertex -1.4610274296209296 14.981691947263354 3.5
      vertex -1.3333685592470452 14.89021289443621 0
    endloop
  endfacet
  facet normal 0.5280678506503657 0.8492021815265804 0
    outer loop
      vertex -1.3333685592470452 14.89021289443621 0
      vertex -1.3333685592470452 14.89021289443621 3.5
      vertex -1.2 14.807278994879667 0
    endloop
  endfacet
  facet normal 0.47139673682600025 0.8819212643483538 0
    outer loop
      vertex -1.2 14.807278994879667 0
      vertex -1.2 14.807278994879667 3.5
      vertex -1.061492856525603 14.733245384283867 0
    endloop
  endfacet
  facet normal 0.41270702980439805 0.9108638249211742 0
    outer loop
      vertex -1.061492856525603 14.733245384283867 0
      vertex -1.061492856525603 14.733245384283867 3.5
      vertex -0.9184402376762154 14.66842908593523 0
    endloop
  endfacet
  facet normal 0.9108638249211765 0.41270702980439333 0
    outer loop
      vertex -2.152494579678452 15.824247107436715 0
      vertex -2.2173108780270883 15.967299726286104 0
      vertex -2.2173108780270883 15.967299726286104 3.5
    endloop
  endfacet
  facet normal 0.9569403357322076 0.29028467725446644 0
    outer loop
      vertex -2.318221983093764 16.26457425571627 0
      vertex -2.318221983093764 16.26457425571627 3.5
      vertex -2.2726323107882536 16.114285247234733 0
    endloop
  endfacet
  facet normal 0.9738769792773339 0.22707626303437256 0
    outer loop
      vertex -2.353884672967753 16.41752319112361 0
      vertex -2.353884672967753 16.41752319112361 3.5
      vertex -2.318221983093764 16.26457425571627 0
    endloop
  endfacet
  facet normal 0.9359059267573271 0.3522500479212302 0
    outer loop
      vertex -2.2173108780270883 15.967299726286104 0
      vertex -2.2726323107882536 16.114285247234733 0
      vertex -2.2726323107882536 16.114285247234733 3.5
    endloop
  endfacet
  facet normal 0.8819212643483529 0.47139673682600153 0
    outer loop
      vertex -2.0784609690826525 15.68573996396232 0
      vertex -2.152494579678452 15.824247107436715 0
      vertex -2.152494579678452 15.824247107436715 3.5
    endloop
  endfacet
  facet normal 0.8492021815265803 0.5280678506503658 0
    outer loop
      vertex -2.0784609690826525 15.68573996396232 0
      vertex -2.0784609690826525 15.68573996396232 3.5
      vertex -1.9955270695261085 15.552371404715274 0
    endloop
  endfacet
  facet normal 0.9866433320848793 0.16289547339458635 0
    outer loop
      vertex -2.3794676672971447 16.572477102634195 0
      vertex -2.3794676672971447 16.572477102634195 3.5
      vertex -2.353884672967753 16.41752319112361 0
    endloop
  endfacet
  facet normal 0.9951847266721966 0.0980171403295642 0
    outer loop
      vertex -2.3948614157726484 16.728772453809974 0
      vertex -2.3948614157726484 16.728772453809974 3.5
      vertex -2.3794676672971447 16.572477102634195 0
    endloop
  endfacet
  facet normal 0.9994645874763656 0.03271908282177507 0
    outer loop
      vertex -2.3948614157726484 16.728772453809974 0
      vertex -2.4 16.88573996396232 0
      vertex -2.4 16.88573996396232 3.5
    endloop
  endfacet
  facet normal 1 0 0
    outer loop
      vertex -2.4 30.38573996396232 3.5
      vertex -2.4 16.88573996396232 0
      vertex -2.4 30.38573996396232 0
    endloop
  endfacet
  facet normal 0.29028467725446333 0.9569403357322086 0
    outer loop
      vertex -0.7714547167275878 14.613107653174065 0
      vertex -0.7714547167275878 14.613107653174065 3.5
      vertex -0.6211657082460498 14.567517980868555 0
    endloop
  endfacet
  facet normal 0.22707626303437417 0.9738769792773333 0
    outer loop
      vertex -0.6211657082460498 14.567517980868555 0
      vertex -0.6211657082460498 14.567517980868555 3.5
      vertex -0.4682167728387078 14.531855290994566 0
    endloop
  endfacet
  facet normal 0.3522500479212307 0.9359059267573266 0
    outer loop
      vertex -0.9184402376762154 14.66842908593523 0
      vertex -0.9184402376762154 14.66842908593523 3.5
      vertex -0.7714547167275878 14.613107653174065 0
    endloop
  endfacet
  facet normal 0.16289547339459023 0.9866433320848786 0
    outer loop
      vertex -0.4682167728387078 14.531855290994566 0
      vertex -0.4682167728387078 14.531855290994566 3.5
      vertex -0.31326286132812375 14.506272296665173 0
    endloop
  endfacet
  facet normal 0.0980171403295601 0.995184726672197 0
    outer loop
      vertex -0.31326286132812375 14.506272296665173 0
      vertex -0.31326286132812375 14.506272296665173 3.5
      vertex -0.15696751015234334 14.49087854818967 0
    endloop
  endfacet
  facet normal 0.032719082821775436 0.9994645874763656 0
    outer loop
      vertex -0.15696751015234334 14.49087854818967 0
      vertex -0.15696751015234334 14.49087854818967 3.5
      vertex 0 14.485739963962319 0
    endloop
  endfacet
  facet normal -0.032719082821775436 0.9994645874763656 0
    outer loop
      vertex 0 14.485739963962319 0
      vertex 0 14.485739963962319 3.5
      vertex 0.15696751015234334 14.49087854818967 0
    endloop
  endfacet
  facet normal -0.0980171403295601 0.995184726672197 0
    outer loop
      vertex 0.31326286132812375 14.506272296665173 0
      vertex 0.15696751015234334 14.49087854818967 0
      vertex 0.15696751015234334 14.49087854818967 3.5
    endloop
  endfacet
  facet normal -0.16289547339459023 0.9866433320848786 0
    outer loop
      vertex 0.31326286132812375 14.506272296665173 0
      vertex 0.31326286132812375 14.506272296665173 3.5
      vertex 0.4682167728387078 14.531855290994566 0
    endloop
  endfacet
  facet normal -0.22707626303437417 0.9738769792773333 0
    outer loop
      vertex 0.4682167728387078 14.531855290994566 0
      vertex 0.4682167728387078 14.531855290994566 3.5
      vertex 0.6211657082460498 14.567517980868555 0
    endloop
  endfacet
  facet normal -0.29028467725446333 0.9569403357322086 0
    outer loop
      vertex 0.6211657082460498 14.567517980868555 0
      vertex 0.6211657082460498 14.567517980868555 3.5
      vertex 0.7714547167275878 14.613107653174065 0
    endloop
  endfacet
  facet normal -0.3522500479212307 0.9359059267573266 0
    outer loop
      vertex 0.7714547167275878 14.613107653174065 0
      vertex 0.7714547167275878 14.613107653174065 3.5
      vertex 0.9184402376762154 14.66842908593523 0
    endloop
  endfacet
  facet normal -0.41270702980439805 0.9108638249211742 0
    outer loop
      vertex 0.9184402376762154 14.66842908593523 0
      vertex 0.9184402376762154 14.66842908593523 3.5
      vertex 1.061492856525603 14.733245384283867 0
    endloop
  endfacet
  facet normal -0.47139673682600025 0.8819212643483538 0
    outer loop
      vertex 1.061492856525603 14.733245384283867 0
      vertex 1.061492856525603 14.733245384283867 3.5
      vertex 1.2 14.807278994879667 0
    endloop
  endfacet
  facet normal -0.5280678506503657 0.8492021815265804 0
    outer loop
      vertex 1.2 14.807278994879667 0
      vertex 1.2 14.807278994879667 3.5
      vertex 1.3333685592470452 14.89021289443621 0
    endloop
  endfacet
  facet normal -0.5824776968677976 0.8128466845916186 0
    outer loop
      vertex 1.3333685592470452 14.89021289443621 0
      vertex 1.3333685592470452 14.89021289443621 3.5
      vertex 1.4610274296209296 14.981691947263354 0
    endloop
  endfacet
  facet normal -0.6343932841636523 0.7730104533627313 0
    outer loop
      vertex 1.4610274296209296 14.981691947263354 0
      vertex 1.4610274296209296 14.981691947263354 3.5
      vertex 1.5824299562401651 15.081324426012774 0
    endloop
  endfacet
  facet normal -0.6835923020228677 0.729864072697839 0
    outer loop
      vertex 1.5824299562401651 15.081324426012774 0
      vertex 1.5824299562401651 15.081324426012774 3.5
      vertex 1.697056274847714 15.188683689114605 0
    endloop
  endfacet
  facet normal -0.7298640726978356 0.6835923020228714 0
    outer loop
      vertex 1.697056274847714 15.188683689114605 0
      vertex 1.697056274847714 15.188683689114605 3.5
      vertex 1.8044155379495457 15.303310007722153 0
    endloop
  endfacet
  facet normal -0.773010453362735 0.6343932841636477 0
    outer loop
      vertex 1.8044155379495457 15.303310007722153 0
      vertex 1.8044155379495457 15.303310007722153 3.5
      vertex 1.9040480166989644 15.424712534341388 0
    endloop
  endfacet
  facet normal -0.8128466845916178 0.5824776968677987 0
    outer loop
      vertex 1.9955270695261085 15.552371404715274 0
      vertex 1.9040480166989644 15.424712534341388 0
      vertex 1.9040480166989644 15.424712534341388 3.5
    endloop
  endfacet
  facet normal -0.8492021815265803 0.5280678506503658 0
    outer loop
      vertex 1.9955270695261085 15.552371404715274 0
      vertex 1.9955270695261085 15.552371404715274 3.5
      vertex 2.0784609690826525 15.68573996396232 0
    endloop
  endfacet
  facet normal -0.8819212643483529 0.47139673682600153 0
    outer loop
      vertex 2.0784609690826525 15.68573996396232 0
      vertex 2.0784609690826525 15.68573996396232 3.5
      vertex 2.152494579678452 15.824247107436715 0
    endloop
  endfacet
  facet normal -0.9108638249211765 0.41270702980439333 0
    outer loop
      vertex 2.152494579678452 15.824247107436715 0
      vertex 2.152494579678452 15.824247107436715 3.5
      vertex 2.2173108780270883 15.967299726286104 0
    endloop
  endfacet
  facet normal -0.9359059267573271 0.3522500479212302 0
    outer loop
      vertex 2.2726323107882536 16.114285247234733 0
      vertex 2.2173108780270883 15.967299726286104 0
      vertex 2.2173108780270883 15.967299726286104 3.5
    endloop
  endfacet
  facet normal -0.9569403357322076 0.29028467725446644 0
    outer loop
      vertex 2.318221983093764 16.26457425571627 0
      vertex 2.2726323107882536 16.114285247234733 0
      vertex 2.2726323107882536 16.114285247234733 3.5
    endloop
  endfacet
  facet normal -0.9738769792773339 0.22707626303437256 0
    outer loop
      vertex 2.318221983093764 16.26457425571627 0
      vertex 2.318221983093764 16.26457425571627 3.5
      vertex 2.353884672967753 16.41752319112361 0
    endloop
  endfacet
  facet normal -0.9866433320848793 0.16289547339458635 0
    outer loop
      vertex 2.353884672967753 16.41752319112361 0
      vertex 2.353884672967753 16.41752319112361 3.5
      vertex 2.3794676672971447 16.572477102634195 0
    endloop
  endfacet
  facet normal -0.9951847266721966 0.0980171403295642 0
    outer loop
      vertex 2.3794676672971447 16.572477102634195 0
      vertex 2.3794676672971447 16.572477102634195 3.5
      vertex 2.3948614157726484 16.728772453809974 0
    endloop
  endfacet
  facet normal -0.9994645874763656 0.03271908282177507 0
    outer loop
      vertex 2.3948614157726484 16.728772453809974 0
      vertex 2.3948614157726484 16.728772453809974 3.5
      vertex 2.4 16.88573996396232 0
    endloop
  endfacet
  facet normal -1 0 0
    outer loop
      vertex 2.4 16.88573996396232 0
      vertex 2.4 16.88573996396232 3.5
      vertex 2.4 30.38573996396232 0
    endloop
  endfacet
  facet normal 0.8128466845916178 0.5824776968677987 0
    outer loop
      vertex -1.9040480166989644 15.424712534341388 0
      vertex -1.9955270695261085 15.552371404715274 3.5
      vertex -1.9040480166989644 15.424712534341388 3.5
    endloop
  endfacet
  facet normal 0.773010453362735 0.6343932841636477 0
    outer loop
      vertex -1.8044155379495457 15.303310007722153 0
      vertex -1.9040480166989644 15.424712534341388 3.5
      vertex -1.8044155379495457 15.303310007722153 3.5
    endloop
  endfacet
  facet normal 0.7298640726978356 0.6835923020228714 0
    outer loop
      vertex -1.697056274847714 15.188683689114605 0
      vertex -1.8044155379495457 15.303310007722153 3.5
      vertex -1.697056274847714 15.188683689114605 3.5
    endloop
  endfacet
  facet normal 0.6343932841636523 0.7730104533627313 0
    outer loop
      vertex -1.4610274296209296 14.981691947263354 0
      vertex -1.5824299562401651 15.081324426012774 3.5
      vertex -1.4610274296209296 14.981691947263354 3.5
    endloop
  endfacet
  facet normal 0.6835923020228677 0.729864072697839 0
    outer loop
      vertex -1.5824299562401651 15.081324426012774 0
      vertex -1.697056274847714 15.188683689114605 3.5
      vertex -1.5824299562401651 15.081324426012774 3.5
    endloop
  endfacet
  facet normal 0.5824776968677976 0.8128466845916186 0
    outer loop
      vertex -1.3333685592470452 14.89021289443621 0
      vertex -1.4610274296209296 14.981691947263354 3.5
      vertex -1.3333685592470452 14.89021289443621 3.5
    endloop
  endfacet
  facet normal 0.5280678506503657 0.8492021815265804 0
    outer loop
      vertex -1.2 14.807278994879667 0
      vertex -1.3333685592470452 14.89021289443621 3.5
      vertex -1.2 14.807278994879667 3.5
    endloop
  endfacet
  facet normal 0.47139673682600025 0.8819212643483538 0
    outer loop
      vertex -1.061492856525603 14.733245384283867 0
      vertex -1.2 14.807278994879667 3.5
      vertex -1.061492856525603 14.733245384283867 3.5
    endloop
  endfacet
  facet normal 0.9108638249211765 0.41270702980439333 0
    outer loop
      vertex -2.152494579678452 15.824247107436715 0
      vertex -2.2173108780270883 15.967299726286104 3.5
      vertex -2.152494579678452 15.824247107436715 3.5
    endloop
  endfacet
  facet normal 0.9738769792773339 0.22707626303437256 0
    outer loop
      vertex -2.318221983093764 16.26457425571627 0
      vertex -2.353884672967753 16.41752319112361 3.5
      vertex -2.318221983093764 16.26457425571627 3.5
    endloop
  endfacet
  facet normal 0.9359059267573271 0.3522500479212302 0
    outer loop
      vertex -2.2173108780270883 15.967299726286104 0
      vertex -2.2726323107882536 16.114285247234733 3.5
      vertex -2.2173108780270883 15.967299726286104 3.5
    endloop
  endfacet
  facet normal 0.9569403357322076 0.29028467725446644 0
    outer loop
      vertex -2.2726323107882536 16.114285247234733 0
      vertex -2.318221983093764 16.26457425571627 3.5
      vertex -2.2726323107882536 16.114285247234733 3.5
    endloop
  endfacet
  facet normal 0.8819212643483529 0.47139673682600153 0
    outer loop
      vertex -2.0784609690826525 15.68573996396232 0
      vertex -2.152494579678452 15.824247107436715 3.5
      vertex -2.0784609690826525 15.68573996396232 3.5
    endloop
  endfacet
  facet normal 0.8492021815265803 0.5280678506503658 0
    outer loop
      vertex -1.9955270695261085 15.552371404715274 0
      vertex -2.0784609690826525 15.68573996396232 3.5
      vertex -1.9955270695261085 15.552371404715274 3.5
    endloop
  endfacet
  facet normal 0.9866433320848793 0.16289547339458635 0
    outer loop
      vertex -2.353884672967753 16.41752319112361 0
      vertex -2.3794676672971447 16.572477102634195 3.5
      vertex -2.353884672967753 16.41752319112361 3.5
    endloop
  endfacet
  facet normal 0.9951847266721966 0.0980171403295642 0
    outer loop
      vertex -2.3794676672971447 16.572477102634195 0
      vertex -2.3948614157726484 16.728772453809974 3.5
      vertex -2.3794676672971447 16.572477102634195 3.5
    endloop
  endfacet
  facet normal 0.9994645874763656 0.03271908282177507 0
    outer loop
      vertex -2.3948614157726484 16.728772453809974 0
      vertex -2.4 16.88573996396232 3.5
      vertex -2.3948614157726484 16.728772453809974 3.5
    endloop
  endfacet
  facet normal 1 0 0
    outer loop
      vertex -2.4 30.38573996396232 3.5
      vertex -2.4 16.88573996396232 3.5
      vertex -2.4 16.88573996396232 0
    endloop
  endfacet
  facet normal 0.29028467725446333 0.9569403357322086 0
    outer loop
      vertex -0.6211657082460498 14.567517980868555 0
      vertex -0.7714547167275878 14.613107653174065 3.5
      vertex -0.6211657082460498 14.567517980868555 3.5
    endloop
  endfacet
  facet normal 0.41270702980439805 0.9108638249211742 0
    outer loop
      vertex -0.9184402376762154 14.66842908593523 0
      vertex -1.061492856525603 14.733245384283867 3.5
      vertex -0.9184402376762154 14.66842908593523 3.5
    endloop
  endfacet
  facet normal 0.3522500479212307 0.9359059267573266 0
    outer loop
      vertex -0.7714547167275878 14.613107653174065 0
      vertex -0.9184402376762154 14.66842908593523 3.5
      vertex -0.7714547167275878 14.613107653174065 3.5
    endloop
  endfacet
  facet normal 0.22707626303437417 0.9738769792773333 0
    outer loop
      vertex -0.4682167728387078 14.531855290994566 3.5
      vertex -0.4682167728387078 14.531855290994566 0
      vertex -0.6211657082460498 14.567517980868555 3.5
    endloop
  endfacet
  facet normal 0.16289547339459023 0.9866433320848786 0
    outer loop
      vertex -0.31326286132812375 14.506272296665173 0
      vertex -0.4682167728387078 14.531855290994566 3.5
      vertex -0.31326286132812375 14.506272296665173 3.5
    endloop
  endfacet
  facet normal 0.0980171403295601 0.995184726672197 0
    outer loop
      vertex -0.15696751015234334 14.49087854818967 0
      vertex -0.31326286132812375 14.506272296665173 3.5
      vertex -0.15696751015234334 14.49087854818967 3.5
    endloop
  endfacet
  facet normal 0.032719082821775436 0.9994645874763656 0
    outer loop
      vertex 0 14.485739963962319 3.5
      vertex 0 14.485739963962319 0
      vertex -0.15696751015234334 14.49087854818967 3.5
    endloop
  endfacet
  facet normal -0.032719082821775436 0.9994645874763656 0
    outer loop
      vertex 0.15696751015234334 14.49087854818967 0
      vertex 0 14.485739963962319 3.5
      vertex 0.15696751015234334 14.49087854818967 3.5
    endloop
  endfacet
  facet normal -0.0980171403295601 0.995184726672197 0
    outer loop
      vertex 0.15696751015234334 14.49087854818967 3.5
      vertex 0.31326286132812375 14.506272296665173 3.5
      vertex 0.31326286132812375 14.506272296665173 0
    endloop
  endfacet
  facet normal -0.16289547339459023 0.9866433320848786 0
    outer loop
      vertex 0.4682167728387078 14.531855290994566 0
      vertex 0.31326286132812375 14.506272296665173 3.5
      vertex 0.4682167728387078 14.531855290994566 3.5
    endloop
  endfacet
  facet normal -0.22707626303437417 0.9738769792773333 0
    outer loop
      vertex 0.6211657082460498 14.567517980868555 0
      vertex 0.4682167728387078 14.531855290994566 3.5
      vertex 0.6211657082460498 14.567517980868555 3.5
    endloop
  endfacet
  facet normal -0.29028467725446333 0.9569403357322086 0
    outer loop
      vertex 0.7714547167275878 14.613107653174065 0
      vertex 0.6211657082460498 14.567517980868555 3.5
      vertex 0.7714547167275878 14.613107653174065 3.5
    endloop
  endfacet
  facet normal -0.3522500479212307 0.9359059267573266 0
    outer loop
      vertex 0.9184402376762154 14.66842908593523 0
      vertex 0.7714547167275878 14.613107653174065 3.5
      vertex 0.9184402376762154 14.66842908593523 3.5
    endloop
  endfacet
  facet normal -0.41270702980439805 0.9108638249211742 0
    outer loop
      vertex 0.9184402376762154 14.66842908593523 3.5
      vertex 1.061492856525603 14.733245384283867 3.5
      vertex 1.061492856525603 14.733245384283867 0
    endloop
  endfacet
  facet normal -0.47139673682600025 0.8819212643483538 0
    outer loop
      vertex 1.2 14.807278994879667 0
      vertex 1.061492856525603 14.733245384283867 3.5
      vertex 1.2 14.807278994879667 3.5
    endloop
  endfacet
  facet normal -0.5280678506503657 0.8492021815265804 0
    outer loop
      vertex 1.3333685592470452 14.89021289443621 0
      vertex 1.2 14.807278994879667 3.5
      vertex 1.3333685592470452 14.89021289443621 3.5
    endloop
  endfacet
  facet normal -0.5824776968677976 0.8128466845916186 0
    outer loop
      vertex 1.4610274296209296 14.981691947263354 0
      vertex 1.3333685592470452 14.89021289443621 3.5
      vertex 1.4610274296209296 14.981691947263354 3.5
    endloop
  endfacet
  facet normal -0.6343932841636523 0.7730104533627313 0
    outer loop
      vertex 1.5824299562401651 15.081324426012774 0
      vertex 1.4610274296209296 14.981691947263354 3.5
      vertex 1.5824299562401651 15.081324426012774 3.5
    endloop
  endfacet
  facet normal -0.6835923020228677 0.729864072697839 0
    outer loop
      vertex 1.697056274847714 15.188683689114605 0
      vertex 1.5824299562401651 15.081324426012774 3.5
      vertex 1.697056274847714 15.188683689114605 3.5
    endloop
  endfacet
  facet normal -0.7298640726978356 0.6835923020228714 0
    outer loop
      vertex 1.8044155379495457 15.303310007722153 0
      vertex 1.697056274847714 15.188683689114605 3.5
      vertex 1.8044155379495457 15.303310007722153 3.5
    endloop
  endfacet
  facet normal -0.773010453362735 0.6343932841636477 0
    outer loop
      vertex 1.9040480166989644 15.424712534341388 0
      vertex 1.8044155379495457 15.303310007722153 3.5
      vertex 1.9040480166989644 15.424712534341388 3.5
    endloop
  endfacet
  facet normal -0.8128466845916178 0.5824776968677987 0
    outer loop
      vertex 1.9955270695261085 15.552371404715274 0
      vertex 1.9040480166989644 15.424712534341388 3.5
      vertex 1.9955270695261085 15.552371404715274 3.5
    endloop
  endfacet
  facet normal -0.8492021815265803 0.5280678506503658 0
    outer loop
      vertex 2.0784609690826525 15.68573996396232 0
      vertex 1.9955270695261085 15.552371404715274 3.5
      vertex 2.0784609690826525 15.68573996396232 3.5
    endloop
  endfacet
  facet normal -0.8819212643483529 0.47139673682600153 0
    outer loop
      vertex 2.152494579678452 15.824247107436715 3.5
      vertex 2.152494579678452 15.824247107436715 0
      vertex 2.0784609690826525 15.68573996396232 3.5
    endloop
  endfacet
  facet normal -0.9108638249211765 0.41270702980439333 0
    outer loop
      vertex 2.2173108780270883 15.967299726286104 0
      vertex 2.152494579678452 15.824247107436715 3.5
      vertex 2.2173108780270883 15.967299726286104 3.5
    endloop
  endfacet
  facet normal -0.9359059267573271 0.3522500479212302 0
    outer loop
      vertex 2.2726323107882536 16.114285247234733 0
      vertex 2.2173108780270883 15.967299726286104 3.5
      vertex 2.2726323107882536 16.114285247234733 3.5
    endloop
  endfacet
  facet normal -0.9569403357322076 0.29028467725446644 0
    outer loop
      vertex 2.318221983093764 16.26457425571627 0
      vertex 2.2726323107882536 16.114285247234733 3.5
      vertex 2.318221983093764 16.26457425571627 3.5
    endloop
  endfacet
  facet normal -0.9738769792773339 0.22707626303437256 0
    outer loop
      vertex 2.353884672967753 16.41752319112361 0
      vertex 2.318221983093764 16.26457425571627 3.5
      vertex 2.353884672967753 16.41752319112361 3.5
    endloop
  endfacet
  facet normal -0.9866433320848793 0.16289547339458635 0
    outer loop
      vertex 2.3794676672971447 16.572477102634195 0
      vertex 2.353884672967753 16.41752319112361 3.5
      vertex 2.3794676672971447 16.572477102634195 3.5
    endloop
  endfacet
  facet normal -0.9951847266721966 0.0980171403295642 0
    outer loop
      vertex 2.3948614157726484 16.728772453809974 0
      vertex 2.3794676672971447 16.572477102634195 3.5
      vertex 2.3948614157726484 16.728772453809974 3.5
    endloop
  endfacet
  facet normal -0.9994645874763656 0.03271908282177507 0
    outer loop
      vertex 2.4 16.88573996396232 0
      vertex 2.3948614157726484 16.728772453809974 3.5
      vertex 2.4 16.88573996396232 3.5
    endloop
  endfacet
  facet normal -1 0 0
    outer loop
      vertex 2.4 16.88573996396232 3.5
      vertex 2.4 30.38573996396232 3.5
      vertex 2.4 30.38573996396232 0
    endloop
  endfacet
  facet normal 0.6835923020228701 0.7298640726978368 0
    outer loop
      vertex -1.1844038584874672 -1.1844038584874672 0
      vertex -1.1844038584874672 -1.1844038584874672 3.5
      vertex -1.1044042402926153 -1.2593316775272871 0
    endloop
  endfacet
  facet normal 0.6343932841636456 0.7730104533627369 0
    outer loop
      vertex -1.1044042402926153 -1.2593316775272871 0
      vertex -1.1044042402926153 -1.2593316775272871 3.5
      vertex -1.019675393589607 -1.328866844987819 0
    endloop
  endfacet
  facet normal 0.8819212643483545 0.47139673682599853 0
    outer loop
      vertex -1.4505925513389346 -0.8375 0
      vertex -1.5022618420672529 -0.7408335561168272 0
      vertex -1.5022618420672529 -0.7408335561168272 3.5
    endloop
  endfacet
  facet normal 0.9569403357322089 0.2902846772544626 0
    outer loop
      vertex -1.5861079669043021 -0.5384111043827957 0
      vertex -1.6179257590341896 -0.43352190054672224 0
      vertex -1.6179257590341896 -0.43352190054672224 3.5
    endloop
  endfacet
  facet normal 0.9866433320848791 0.1628954733945878 0
    outer loop
      vertex -1.642815344675411 -0.3267762893770148 0
      vertex -1.6606701428011323 -0.2186313719685864 0
      vertex -1.6606701428011323 -0.2186313719685864 3.5
    endloop
  endfacet
  facet normal 0.9738769792773339 0.22707626303437173 0
    outer loop
      vertex -1.6179257590341896 -0.43352190054672224 0
      vertex -1.642815344675411 -0.3267762893770148 0
      vertex -1.642815344675411 -0.3267762893770148 3.5
    endloop
  endfacet
  facet normal 0.9108638249211758 0.41270702980439505 0
    outer loop
      vertex -1.5022618420672529 -0.7408335561168272 0
      vertex -1.5474982169564053 -0.6409947492115254 0
      vertex -1.5474982169564053 -0.6409947492115254 3.5
    endloop
  endfacet
  facet normal 0.9359059267573254 0.35225004792123443 0
    outer loop
      vertex -1.5474982169564053 -0.6409947492115254 0
      vertex -1.5861079669043021 -0.5384111043827957 0
      vertex -1.5861079669043021 -0.5384111043827957 3.5
    endloop
  endfacet
  facet normal 0.9951847266721968 0.09801714032956141 0
    outer loop
      vertex -1.6606701428011323 -0.2186313719685864 0
      vertex -1.6714136964246609 -0.10955024146048963 0
      vertex -1.6714136964246609 -0.10955024146048963 3.5
    endloop
  endfacet
  facet normal 0.9994645874763656 0.032719082821776616 0
    outer loop
      vertex -1.6714136964246609 -0.10955024146048963 0
      vertex -1.675 0 0
      vertex -1.675 0 3.5
    endloop
  endfacet
  facet normal 0.9994645874763656 -0.032719082821776616 0
    outer loop
      vertex -1.675 0 0
      vertex -1.6714136964246609 0.10955024146048963 0
      vertex -1.6714136964246609 0.10955024146048963 3.5
    endloop
  endfacet
  facet normal 0.9951847266721968 -0.09801714032956141 0
    outer loop
      vertex -1.6714136964246609 0.10955024146048963 0
      vertex -1.6606701428011323 0.2186313719685864 0
      vertex -1.6606701428011323 0.2186313719685864 3.5
    endloop
  endfacet
  facet normal 0.9866433320848791 -0.1628954733945878 0
    outer loop
      vertex -1.6606701428011323 0.2186313719685864 0
      vertex -1.642815344675411 0.3267762893770148 0
      vertex -1.642815344675411 0.3267762893770148 3.5
    endloop
  endfacet
  facet normal 0.9738769792773339 -0.22707626303437173 0
    outer loop
      vertex -1.642815344675411 0.3267762893770148 0
      vertex -1.6179257590341896 0.43352190054672224 0
      vertex -1.6179257590341896 0.43352190054672224 3.5
    endloop
  endfacet
  facet normal 0.9569403357322089 -0.2902846772544626 0
    outer loop
      vertex -1.6179257590341896 0.43352190054672224 0
      vertex -1.5861079669043021 0.5384111043827957 0
      vertex -1.5861079669043021 0.5384111043827957 3.5
    endloop
  endfacet
  facet normal 0.9359059267573254 -0.35225004792123443 0
    outer loop
      vertex -1.5861079669043021 0.5384111043827957 0
      vertex -1.5474982169564053 0.6409947492115254 0
      vertex -1.5474982169564053 0.6409947492115254 3.5
    endloop
  endfacet
  facet normal 0.8128466845916155 0.5824776968678017 0
    outer loop
      vertex -1.328866844987819 -1.019675393589607 0
      vertex -1.3927116006067632 -0.9305801403078336 0
      vertex -1.3927116006067632 -0.9305801403078336 3.5
    endloop
  endfacet
  facet normal 0.849202181526579 0.5280678506503678 0
    outer loop
      vertex -1.3927116006067632 -0.9305801403078336 0
      vertex -1.4505925513389346 -0.8375 0
      vertex -1.4505925513389346 -0.8375 3.5
    endloop
  endfacet
  facet normal 0.7730104533627369 0.6343932841636456 0
    outer loop
      vertex -1.2593316775272871 -1.1044042402926153 0
      vertex -1.328866844987819 -1.019675393589607 0
      vertex -1.328866844987819 -1.019675393589607 3.5
    endloop
  endfacet
  facet normal 0.7298640726978368 0.6835923020228701 0
    outer loop
      vertex -1.1844038584874672 -1.1844038584874672 0
      vertex -1.2593316775272871 -1.1044042402926153 0
      vertex -1.2593316775272871 -1.1044042402926153 3.5
    endloop
  endfacet
  facet normal 0.5280678506503678 0.849202181526579 0
    outer loop
      vertex -0.9305801403078336 -1.3927116006067632 0
      vertex -0.9305801403078336 -1.3927116006067632 3.5
      vertex -0.8375 -1.4505925513389346 0
    endloop
  endfacet
  facet normal 0.5824776968678017 0.8128466845916155 0
    outer loop
      vertex -1.019675393589607 -1.328866844987819 0
      vertex -1.019675393589607 -1.328866844987819 3.5
      vertex -0.9305801403078336 -1.3927116006067632 0
    endloop
  endfacet
  facet normal 0.47139673682599853 0.8819212643483545 0
    outer loop
      vertex -0.8375 -1.4505925513389346 0
      vertex -0.8375 -1.4505925513389346 3.5
      vertex -0.7408335561168272 -1.5022618420672529 0
    endloop
  endfacet
  facet normal 0.41270702980439505 0.9108638249211758 0
    outer loop
      vertex -0.7408335561168272 -1.5022618420672529 0
      vertex -0.7408335561168272 -1.5022618420672529 3.5
      vertex -0.6409947492115254 -1.5474982169564053 0
    endloop
  endfacet
  facet normal 0.35225004792123443 0.9359059267573254 0
    outer loop
      vertex -0.6409947492115254 -1.5474982169564053 0
      vertex -0.6409947492115254 -1.5474982169564053 3.5
      vertex -0.5384111043827957 -1.5861079669043021 0
    endloop
  endfacet
  facet normal 0.2902846772544626 0.9569403357322089 0
    outer loop
      vertex -0.5384111043827957 -1.5861079669043021 0
      vertex -0.5384111043827957 -1.5861079669043021 3.5
      vertex -0.43352190054672224 -1.6179257590341896 0
    endloop
  endfacet
  facet normal 0.22707626303437173 0.9738769792773339 0
    outer loop
      vertex -0.43352190054672224 -1.6179257590341896 0
      vertex -0.43352190054672224 -1.6179257590341896 3.5
      vertex -0.3267762893770148 -1.642815344675411 0
    endloop
  endfacet
  facet normal 0.1628954733945878 0.9866433320848791 0
    outer loop
      vertex -0.3267762893770148 -1.642815344675411 0
      vertex -0.3267762893770148 -1.642815344675411 3.5
      vertex -0.2186313719685864 -1.6606701428011323 0
    endloop
  endfacet
  facet normal 0.09801714032956141 0.9951847266721968 0
    outer loop
      vertex -0.2186313719685864 -1.6606701428011323 0
      vertex -0.2186313719685864 -1.6606701428011323 3.5
      vertex -0.10955024146048963 -1.6714136964246609 0
    endloop
  endfacet
  facet normal 0.032719082821776616 0.9994645874763656 0
    outer loop
      vertex -0.10955024146048963 -1.6714136964246609 0
      vertex -0.10955024146048963 -1.6714136964246609 3.5
      vertex 0 -1.675 0
    endloop
  endfacet
  facet normal -0.032719082821776616 0.9994645874763656 0
    outer loop
      vertex 0 -1.675 0
      vertex 0 -1.675 3.5
      vertex 0.10955024146048963 -1.6714136964246609 0
    endloop
  endfacet
  facet normal -0.09801714032956141 0.9951847266721968 0
    outer loop
      vertex 0.10955024146048963 -1.6714136964246609 0
      vertex 0.10955024146048963 -1.6714136964246609 3.5
      vertex 0.2186313719685864 -1.6606701428011323 0
    endloop
  endfacet
  facet normal -0.1628954733945878 0.9866433320848791 0
    outer loop
      vertex 0.2186313719685864 -1.6606701428011323 0
      vertex 0.2186313719685864 -1.6606701428011323 3.5
      vertex 0.3267762893770148 -1.642815344675411 0
    endloop
  endfacet
  facet normal -0.22707626303437173 0.9738769792773339 0
    outer loop
      vertex 0.3267762893770148 -1.642815344675411 0
      vertex 0.3267762893770148 -1.642815344675411 3.5
      vertex 0.43352190054672224 -1.6179257590341896 0
    endloop
  endfacet
  facet normal -0.2902846772544626 0.9569403357322089 0
    outer loop
      vertex 0.43352190054672224 -1.6179257590341896 0
      vertex 0.43352190054672224 -1.6179257590341896 3.5
      vertex 0.5384111043827957 -1.5861079669043021 0
    endloop
  endfacet
  facet normal -0.35225004792123443 0.9359059267573254 0
    outer loop
      vertex 0.5384111043827957 -1.5861079669043021 0
      vertex 0.5384111043827957 -1.5861079669043021 3.5
      vertex 0.6409947492115254 -1.5474982169564053 0
    endloop
  endfacet
  facet normal -0.41270702980439505 0.9108638249211758 0
    outer loop
      vertex 0.6409947492115254 -1.5474982169564053 0
      vertex 0.6409947492115254 -1.5474982169564053 3.5
      vertex 0.7408335561168272 -1.5022618420672529 0
    endloop
  endfacet
  facet normal -0.47139673682599853 0.8819212643483545 0
    outer loop
      vertex 0.7408335561168272 -1.5022618420672529 0
      vertex 0.7408335561168272 -1.5022618420672529 3.5
      vertex 0.8375 -1.4505925513389346 0
    endloop
  endfacet
  facet normal -0.5280678506503678 0.849202181526579 0
    outer loop
      vertex 0.8375 -1.4505925513389346 0
      vertex 0.8375 -1.4505925513389346 3.5
      vertex 0.9305801403078336 -1.3927116006067632 0
    endloop
  endfacet
  facet normal -0.5824776968678017 0.8128466845916155 0
    outer loop
      vertex 0.9305801403078336 -1.3927116006067632 0
      vertex 0.9305801403078336 -1.3927116006067632 3.5
      vertex 1.019675393589607 -1.328866844987819 0
    endloop
  endfacet
  facet normal -0.6343932841636456 0.7730104533627369 0
    outer loop
      vertex 1.019675393589607 -1.328866844987819 0
      vertex 1.019675393589607 -1.328866844987819 3.5
      vertex 1.1044042402926153 -1.2593316775272871 0
    endloop
  endfacet
  facet normal -0.6835923020228701 0.7298640726978368 0
    outer loop
      vertex 1.1044042402926153 -1.2593316775272871 0
      vertex 1.1044042402926153 -1.2593316775272871 3.5
      vertex 1.1844038584874672 -1.1844038584874672 0
    endloop
  endfacet
  facet normal -0.7298640726978368 0.6835923020228701 0
    outer loop
      vertex 1.1844038584874672 -1.1844038584874672 0
      vertex 1.1844038584874672 -1.1844038584874672 3.5
      vertex 1.2593316775272871 -1.1044042402926153 0
    endloop
  endfacet
  facet normal -0.7730104533627369 0.6343932841636456 0
    outer loop
      vertex 1.328866844987819 -1.019675393589607 0
      vertex 1.2593316775272871 -1.1044042402926153 0
      vertex 1.2593316775272871 -1.1044042402926153 3.5
    endloop
  endfacet
  facet normal -0.8128466845916155 0.5824776968678017 0
    outer loop
      vertex 1.3927116006067632 -0.9305801403078336 0
      vertex 1.328866844987819 -1.019675393589607 0
      vertex 1.328866844987819 -1.019675393589607 3.5
    endloop
  endfacet
  facet normal -0.849202181526579 0.5280678506503678 0
    outer loop
      vertex 1.4505925513389346 -0.8375 0
      vertex 1.3927116006067632 -0.9305801403078336 0
      vertex 1.3927116006067632 -0.9305801403078336 3.5
    endloop
  endfacet
  facet normal -0.8819212643483545 0.47139673682599853 0
    outer loop
      vertex 1.5022618420672529 -0.7408335561168272 0
      vertex 1.4505925513389346 -0.8375 0
      vertex 1.4505925513389346 -0.8375 3.5
    endloop
  endfacet
  facet normal -0.9108638249211758 0.41270702980439505 0
    outer loop
      vertex 1.5474982169564053 -0.6409947492115254 0
      vertex 1.5022618420672529 -0.7408335561168272 0
      vertex 1.5022618420672529 -0.7408335561168272 3.5
    endloop
  endfacet
  facet normal -0.9359059267573254 0.35225004792123443 0
    outer loop
      vertex 1.5861079669043021 -0.5384111043827957 0
      vertex 1.5474982169564053 -0.6409947492115254 0
      vertex 1.5474982169564053 -0.6409947492115254 3.5
    endloop
  endfacet
  facet normal -0.9569403357322089 0.2902846772544626 0
    outer loop
      vertex 1.6179257590341896 -0.43352190054672224 0
      vertex 1.5861079669043021 -0.5384111043827957 0
      vertex 1.5861079669043021 -0.5384111043827957 3.5
    endloop
  endfacet
  facet normal -0.9738769792773339 0.22707626303437173 0
    outer loop
      vertex 1.642815344675411 -0.3267762893770148 0
      vertex 1.6179257590341896 -0.43352190054672224 0
      vertex 1.6179257590341896 -0.43352190054672224 3.5
    endloop
  endfacet
  facet normal -0.9866433320848791 0.1628954733945878 0
    outer loop
      vertex 1.6606701428011323 -0.2186313719685864 0
      vertex 1.642815344675411 -0.3267762893770148 0
      vertex 1.642815344675411 -0.3267762893770148 3.5
    endloop
  endfacet
  facet normal -0.9359059267573254 -0.35225004792123443 0
    outer loop
      vertex 1.5474982169564053 0.6409947492115254 0
      vertex 1.5861079669043021 0.5384111043827957 0
      vertex 1.5861079669043021 0.5384111043827957 3.5
    endloop
  endfacet
  facet normal -0.9108638249211758 -0.41270702980439505 0
    outer loop
      vertex 1.5022618420672529 0.7408335561168272 0
      vertex 1.5474982169564053 0.6409947492115254 0
      vertex 1.5474982169564053 0.6409947492115254 3.5
    endloop
  endfacet
  facet normal -0.9951847266721968 0.09801714032956141 0
    outer loop
      vertex 1.6714136964246609 -0.10955024146048963 0
      vertex 1.6606701428011323 -0.2186313719685864 0
      vertex 1.6606701428011323 -0.2186313719685864 3.5
    endloop
  endfacet
  facet normal -0.9994645874763656 0.032719082821776616 0
    outer loop
      vertex 1.675 0 0
      vertex 1.6714136964246609 -0.10955024146048963 0
      vertex 1.6714136964246609 -0.10955024146048963 3.5
    endloop
  endfacet
  facet normal -0.9994645874763656 -0.032719082821776616 0
    outer loop
      vertex 1.6714136964246609 0.10955024146048963 0
      vertex 1.675 0 0
      vertex 1.675 0 3.5
    endloop
  endfacet
  facet normal -0.9951847266721968 -0.09801714032956141 0
    outer loop
      vertex 1.6606701428011323 0.2186313719685864 0
      vertex 1.6714136964246609 0.10955024146048963 0
      vertex 1.6714136964246609 0.10955024146048963 3.5
    endloop
  endfacet
  facet normal -0.9738769792773339 -0.22707626303437173 0
    outer loop
      vertex 1.6179257590341896 0.43352190054672224 0
      vertex 1.642815344675411 0.3267762893770148 0
      vertex 1.642815344675411 0.3267762893770148 3.5
    endloop
  endfacet
  facet normal -0.9866433320848791 -0.1628954733945878 0
    outer loop
      vertex 1.642815344675411 0.3267762893770148 0
      vertex 1.6606701428011323 0.2186313719685864 0
      vertex 1.6606701428011323 0.2186313719685864 3.5
    endloop
  endfacet
  facet normal -0.9569403357322089 -0.2902846772544626 0
    outer loop
      vertex 1.5861079669043021 0.5384111043827957 0
      vertex 1.6179257590341896 0.43352190054672224 0
      vertex 1.6179257590341896 0.43352190054672224 3.5
    endloop
  endfacet
  facet normal 0.6835923020228701 0.7298640726978368 0
    outer loop
      vertex -1.1044042402926153 -1.2593316775272871 0
      vertex -1.1844038584874672 -1.1844038584874672 3.5
      vertex -1.1044042402926153 -1.2593316775272871 3.5
    endloop
  endfacet
  facet normal 0.6343932841636456 0.7730104533627369 0
    outer loop
      vertex -1.019675393589607 -1.328866844987819 0
      vertex -1.1044042402926153 -1.2593316775272871 3.5
      vertex -1.019675393589607 -1.328866844987819 3.5
    endloop
  endfacet
  facet normal 0.9108638249211758 0.41270702980439505 0
    outer loop
      vertex -1.5022618420672529 -0.7408335561168272 0
      vertex -1.5474982169564053 -0.6409947492115254 3.5
      vertex -1.5022618420672529 -0.7408335561168272 3.5
    endloop
  endfacet
  facet normal 0.9569403357322089 0.2902846772544626 0
    outer loop
      vertex -1.5861079669043021 -0.5384111043827957 0
      vertex -1.6179257590341896 -0.43352190054672224 3.5
      vertex -1.5861079669043021 -0.5384111043827957 3.5
    endloop
  endfacet
  facet normal 0.9866433320848791 0.1628954733945878 0
    outer loop
      vertex -1.642815344675411 -0.3267762893770148 0
      vertex -1.6606701428011323 -0.2186313719685864 3.5
      vertex -1.642815344675411 -0.3267762893770148 3.5
    endloop
  endfacet
  facet normal 0.9738769792773339 0.22707626303437173 0
    outer loop
      vertex -1.6179257590341896 -0.43352190054672224 0
      vertex -1.642815344675411 -0.3267762893770148 3.5
      vertex -1.6179257590341896 -0.43352190054672224 3.5
    endloop
  endfacet
  facet normal 0.9359059267573254 0.35225004792123443 0
    outer loop
      vertex -1.5474982169564053 -0.6409947492115254 0
      vertex -1.5861079669043021 -0.5384111043827957 3.5
      vertex -1.5474982169564053 -0.6409947492115254 3.5
    endloop
  endfacet
  facet normal 0.9951847266721968 0.09801714032956141 0
    outer loop
      vertex -1.6606701428011323 -0.2186313719685864 0
      vertex -1.6714136964246609 -0.10955024146048963 3.5
      vertex -1.6606701428011323 -0.2186313719685864 3.5
    endloop
  endfacet
  facet normal 0.9994645874763656 0.032719082821776616 0
    outer loop
      vertex -1.6714136964246609 -0.10955024146048963 0
      vertex -1.675 0 3.5
      vertex -1.6714136964246609 -0.10955024146048963 3.5
    endloop
  endfacet
  facet normal 0.9994645874763656 -0.032719082821776616 0
    outer loop
      vertex -1.675 0 0
      vertex -1.6714136964246609 0.10955024146048963 3.5
      vertex -1.675 0 3.5
    endloop
  endfacet
  facet normal 0.9951847266721968 -0.09801714032956141 0
    outer loop
      vertex -1.6714136964246609 0.10955024146048963 0
      vertex -1.6606701428011323 0.2186313719685864 3.5
      vertex -1.6714136964246609 0.10955024146048963 3.5
    endloop
  endfacet
  facet normal 0.9866433320848791 -0.1628954733945878 0
    outer loop
      vertex -1.6606701428011323 0.2186313719685864 0
      vertex -1.642815344675411 0.3267762893770148 3.5
      vertex -1.6606701428011323 0.2186313719685864 3.5
    endloop
  endfacet
  facet normal 0.9738769792773339 -0.22707626303437173 0
    outer loop
      vertex -1.642815344675411 0.3267762893770148 0
      vertex -1.6179257590341896 0.43352190054672224 3.5
      vertex -1.642815344675411 0.3267762893770148 3.5
    endloop
  endfacet
  facet normal 0.9569403357322089 -0.2902846772544626 0
    outer loop
      vertex -1.6179257590341896 0.43352190054672224 0
      vertex -1.5861079669043021 0.5384111043827957 3.5
      vertex -1.6179257590341896 0.43352190054672224 3.5
    endloop
  endfacet
  facet normal 0.9359059267573254 -0.35225004792123443 0
    outer loop
      vertex -1.5861079669043021 0.5384111043827957 0
      vertex -1.5474982169564053 0.6409947492115254 3.5
      vertex -1.5861079669043021 0.5384111043827957 3.5
    endloop
  endfacet
  facet normal 0.9108638249211758 -0.41270702980439505 0
    outer loop
      vertex -1.5474982169564053 0.6409947492115254 0
      vertex -1.5022618420672529 0.7408335561168272 3.5
      vertex -1.5474982169564053 0.6409947492115254 3.5
    endloop
  endfacet
  facet normal 0.849202181526579 0.5280678506503678 0
    outer loop
      vertex -1.3927116006067632 -0.9305801403078336 0
      vertex -1.4505925513389346 -0.8375 3.5
      vertex -1.3927116006067632 -0.9305801403078336 3.5
    endloop
  endfacet
  facet normal 0.8819212643483545 0.47139673682599853 0
    outer loop
      vertex -1.4505925513389346 -0.8375 0
      vertex -1.5022618420672529 -0.7408335561168272 3.5
      vertex -1.4505925513389346 -0.8375 3.5
    endloop
  endfacet
  facet normal 0.8128466845916155 0.5824776968678017 0
    outer loop
      vertex -1.328866844987819 -1.019675393589607 0
      vertex -1.3927116006067632 -0.9305801403078336 3.5
      vertex -1.328866844987819 -1.019675393589607 3.5
    endloop
  endfacet
  facet normal 0.7730104533627369 0.6343932841636456 0
    outer loop
      vertex -1.2593316775272871 -1.1044042402926153 0
      vertex -1.328866844987819 -1.019675393589607 3.5
      vertex -1.2593316775272871 -1.1044042402926153 3.5
    endloop
  endfacet
  facet normal 0.7298640726978368 0.6835923020228701 0
    outer loop
      vertex -1.1844038584874672 -1.1844038584874672 0
      vertex -1.2593316775272871 -1.1044042402926153 3.5
      vertex -1.1844038584874672 -1.1844038584874672 3.5
    endloop
  endfacet
  facet normal 0.5824776968678017 0.8128466845916155 0
    outer loop
      vertex -0.9305801403078336 -1.3927116006067632 0
      vertex -1.019675393589607 -1.328866844987819 3.5
      vertex -0.9305801403078336 -1.3927116006067632 3.5
    endloop
  endfacet
  facet normal 0.5280678506503678 0.849202181526579 0
    outer loop
      vertex -0.8375 -1.4505925513389346 0
      vertex -0.9305801403078336 -1.3927116006067632 3.5
      vertex -0.8375 -1.4505925513389346 3.5
    endloop
  endfacet
  facet normal 0.47139673682599853 0.8819212643483545 0
    outer loop
      vertex -0.7408335561168272 -1.5022618420672529 0
      vertex -0.8375 -1.4505925513389346 3.5
      vertex -0.7408335561168272 -1.5022618420672529 3.5
    endloop
  endfacet
  facet normal 0.41270702980439505 0.9108638249211758 0
    outer loop
      vertex -0.7408335561168272 -1.5022618420672529 3.5
      vertex -0.6409947492115254 -1.5474982169564053 3.5
      vertex -0.6409947492115254 -1.5474982169564053 0
    endloop
  endfacet
  facet normal 0.35225004792123443 0.9359059267573254 0
    outer loop
      vertex -0.6409947492115254 -1.5474982169564053 3.5
      vertex -0.5384111043827957 -1.5861079669043021 3.5
      vertex -0.5384111043827957 -1.5861079669043021 0
    endloop
  endfacet
  facet normal 0.22707626303437173 0.9738769792773339 0
    outer loop
      vertex -0.43352190054672224 -1.6179257590341896 3.5
      vertex -0.3267762893770148 -1.642815344675411 3.5
      vertex -0.3267762893770148 -1.642815344675411 0
    endloop
  endfacet
  facet normal 0.2902846772544626 0.9569403357322089 0
    outer loop
      vertex -0.5384111043827957 -1.5861079669043021 3.5
      vertex -0.43352190054672224 -1.6179257590341896 3.5
      vertex -0.43352190054672224 -1.6179257590341896 0
    endloop
  endfacet
  facet normal 0.1628954733945878 0.9866433320848791 0
    outer loop
      vertex -0.3267762893770148 -1.642815344675411 3.5
      vertex -0.2186313719685864 -1.6606701428011323 3.5
      vertex -0.2186313719685864 -1.6606701428011323 0
    endloop
  endfacet
  facet normal 0.09801714032956141 0.9951847266721968 0
    outer loop
      vertex -0.10955024146048963 -1.6714136964246609 0
      vertex -0.2186313719685864 -1.6606701428011323 3.5
      vertex -0.10955024146048963 -1.6714136964246609 3.5
    endloop
  endfacet
  facet normal 0.032719082821776616 0.9994645874763656 0
    outer loop
      vertex -0.10955024146048963 -1.6714136964246609 3.5
      vertex 0 -1.675 3.5
      vertex 0 -1.675 0
    endloop
  endfacet
  facet normal -0.032719082821776616 0.9994645874763656 0
    outer loop
      vertex 0 -1.675 3.5
      vertex 0.10955024146048963 -1.6714136964246609 3.5
      vertex 0.10955024146048963 -1.6714136964246609 0
    endloop
  endfacet
  facet normal -0.09801714032956141 0.9951847266721968 0
    outer loop
      vertex 0.10955024146048963 -1.6714136964246609 3.5
      vertex 0.2186313719685864 -1.6606701428011323 3.5
      vertex 0.2186313719685864 -1.6606701428011323 0
    endloop
  endfacet
  facet normal -0.1628954733945878 0.9866433320848791 0
    outer loop
      vertex 0.2186313719685864 -1.6606701428011323 3.5
      vertex 0.3267762893770148 -1.642815344675411 3.5
      vertex 0.3267762893770148 -1.642815344675411 0
    endloop
  endfacet
  facet normal -0.22707626303437173 0.9738769792773339 0
    outer loop
      vertex 0.43352190054672224 -1.6179257590341896 0
      vertex 0.3267762893770148 -1.642815344675411 3.5
      vertex 0.43352190054672224 -1.6179257590341896 3.5
    endloop
  endfacet
  facet normal -0.2902846772544626 0.9569403357322089 0
    outer loop
      vertex 0.5384111043827957 -1.5861079669043021 0
      vertex 0.43352190054672224 -1.6179257590341896 3.5
      vertex 0.5384111043827957 -1.5861079669043021 3.5
    endloop
  endfacet
  facet normal -0.35225004792123443 0.9359059267573254 0
    outer loop
      vertex 0.6409947492115254 -1.5474982169564053 0
      vertex 0.5384111043827957 -1.5861079669043021 3.5
      vertex 0.6409947492115254 -1.5474982169564053 3.5
    endloop
  endfacet
  facet normal -0.41270702980439505 0.9108638249211758 0
    outer loop
      vertex 0.7408335561168272 -1.5022618420672529 0
      vertex 0.6409947492115254 -1.5474982169564053 3.5
      vertex 0.7408335561168272 -1.5022618420672529 3.5
    endloop
  endfacet
  facet normal -0.47139673682599853 0.8819212643483545 0
    outer loop
      vertex 0.8375 -1.4505925513389346 0
      vertex 0.7408335561168272 -1.5022618420672529 3.5
      vertex 0.8375 -1.4505925513389346 3.5
    endloop
  endfacet
  facet normal -0.5280678506503678 0.849202181526579 0
    outer loop
      vertex 0.9305801403078336 -1.3927116006067632 0
      vertex 0.8375 -1.4505925513389346 3.5
      vertex 0.9305801403078336 -1.3927116006067632 3.5
    endloop
  endfacet
  facet normal -0.5824776968678017 0.8128466845916155 0
    outer loop
      vertex 1.019675393589607 -1.328866844987819 0
      vertex 0.9305801403078336 -1.3927116006067632 3.5
      vertex 1.019675393589607 -1.328866844987819 3.5
    endloop
  endfacet
  facet normal -0.6343932841636456 0.7730104533627369 0
    outer loop
      vertex 1.1044042402926153 -1.2593316775272871 0
      vertex 1.019675393589607 -1.328866844987819 3.5
      vertex 1.1044042402926153 -1.2593316775272871 3.5
    endloop
  endfacet
  facet normal -0.6835923020228701 0.7298640726978368 0
    outer loop
      vertex 1.1844038584874672 -1.1844038584874672 0
      vertex 1.1044042402926153 -1.2593316775272871 3.5
      vertex 1.1844038584874672 -1.1844038584874672 3.5
    endloop
  endfacet
  facet normal -0.7298640726978368 0.6835923020228701 0
    outer loop
      vertex 1.2593316775272871 -1.1044042402926153 0
      vertex 1.1844038584874672 -1.1844038584874672 3.5
      vertex 1.2593316775272871 -1.1044042402926153 3.5
    endloop
  endfacet
  facet normal -0.7730104533627369 0.6343932841636456 0
    outer loop
      vertex 1.328866844987819 -1.019675393589607 0
      vertex 1.2593316775272871 -1.1044042402926153 3.5
      vertex 1.328866844987819 -1.019675393589607 3.5
    endloop
  endfacet
  facet normal -0.8128466845916155 0.5824776968678017 0
    outer loop
      vertex 1.3927116006067632 -0.9305801403078336 0
      vertex 1.328866844987819 -1.019675393589607 3.5
      vertex 1.3927116006067632 -0.9305801403078336 3.5
    endloop
  endfacet
  facet normal -0.849202181526579 0.5280678506503678 0
    outer loop
      vertex 1.4505925513389346 -0.8375 0
      vertex 1.3927116006067632 -0.9305801403078336 3.5
      vertex 1.4505925513389346 -0.8375 3.5
    endloop
  endfacet
  facet normal -0.8819212643483545 0.47139673682599853 0
    outer loop
      vertex 1.5022618420672529 -0.7408335561168272 0
      vertex 1.4505925513389346 -0.8375 3.5
      vertex 1.5022618420672529 -0.7408335561168272 3.5
    endloop
  endfacet
  facet normal -0.9108638249211758 0.41270702980439505 0
    outer loop
      vertex 1.5474982169564053 -0.6409947492115254 0
      vertex 1.5022618420672529 -0.7408335561168272 3.5
      vertex 1.5474982169564053 -0.6409947492115254 3.5
    endloop
  endfacet
  facet normal -0.9359059267573254 0.35225004792123443 0
    outer loop
      vertex 1.5861079669043021 -0.5384111043827957 0
      vertex 1.5474982169564053 -0.6409947492115254 3.5
      vertex 1.5861079669043021 -0.5384111043827957 3.5
    endloop
  endfacet
  facet normal -0.9569403357322089 0.2902846772544626 0
    outer loop
      vertex 1.6179257590341896 -0.43352190054672224 0
      vertex 1.5861079669043021 -0.5384111043827957 3.5
      vertex 1.6179257590341896 -0.43352190054672224 3.5
    endloop
  endfacet
  facet normal -0.9738769792773339 0.22707626303437173 0
    outer loop
      vertex 1.642815344675411 -0.3267762893770148 0
      vertex 1.6179257590341896 -0.43352190054672224 3.5
      vertex 1.642815344675411 -0.3267762893770148 3.5
    endloop
  endfacet
  facet normal -0.9866433320848791 0.1628954733945878 0
    outer loop
      vertex 1.6606701428011323 -0.2186313719685864 0
      vertex 1.642815344675411 -0.3267762893770148 3.5
      vertex 1.6606701428011323 -0.2186313719685864 3.5
    endloop
  endfacet
  facet normal -0.9359059267573254 -0.35225004792123443 0
    outer loop
      vertex 1.5474982169564053 0.6409947492115254 0
      vertex 1.5861079669043021 0.5384111043827957 3.5
      vertex 1.5474982169564053 0.6409947492115254 3.5
    endloop
  endfacet
  facet normal -0.9951847266721968 0.09801714032956141 0
    outer loop
      vertex 1.6714136964246609 -0.10955024146048963 0
      vertex 1.6606701428011323 -0.2186313719685864 3.5
      vertex 1.6714136964246609 -0.10955024146048963 3.5
    endloop
  endfacet
  facet normal -0.9994645874763656 0.032719082821776616 0
    outer loop
      vertex 1.675 0 0
      vertex 1.6714136964246609 -0.10955024146048963 3.5
      vertex 1.675 0 3.5
    endloop
  endfacet
  facet normal -0.9994645874763656 -0.032719082821776616 0
    outer loop
      vertex 1.6714136964246609 0.10955024146048963 0
      vertex 1.675 0 3.5
      vertex 1.6714136964246609 0.10955024146048963 3.5
    endloop
  endfacet
  facet normal -0.9951847266721968 -0.09801714032956141 0
    outer loop
      vertex 1.6606701428011323 0.2186313719685864 0
      vertex 1.6714136964246609 0.10955024146048963 3.5
      vertex 1.6606701428011323 0.2186313719685864 3.5
    endloop
  endfacet
  facet normal -0.9738769792773339 -0.22707626303437173 0
    outer loop
      vertex 1.6179257590341896 0.43352190054672224 0
      vertex 1.642815344675411 0.3267762893770148 3.5
      vertex 1.6179257590341896 0.43352190054672224 3.5
    endloop
  endfacet
  facet normal -0.9866433320848791 -0.1628954733945878 0
    outer loop
      vertex 1.642815344675411 0.3267762893770148 0
      vertex 1.6606701428011323 0.2186313719685864 3.5
      vertex 1.642815344675411 0.3267762893770148 3.5
    endloop
  endfacet
  facet normal -0.9569403357322089 -0.2902846772544626 0
    outer loop
      vertex 1.5861079669043021 0.5384111043827957 0
      vertex 1.6179257590341896 0.43352190054672224 3.5
      vertex 1.5861079669043021 0.5384111043827957 3.5
    endloop
  endfacet
  facet normal 0.9108638249211758 -0.41270702980439505 0
    outer loop
      vertex -1.5474982169564053 0.6409947492115254 0
      vertex -1.5022618420672529 0.7408335561168272 0
      vertex -1.5022618420672529 0.7408335561168272 3.5
    endloop
  endfacet
  facet normal 0.8819212643483545 -0.47139673682599853 0
    outer loop
      vertex -1.5022618420672529 0.7408335561168272 0
      vertex -1.4505925513389346 0.8375 0
      vertex -1.4505925513389346 0.8375 3.5
    endloop
  endfacet
  facet normal 0.849202181526579 -0.5280678506503678 0
    outer loop
      vertex -1.4505925513389346 0.8375 0
      vertex -1.3927116006067632 0.9305801403078336 0
      vertex -1.3927116006067632 0.9305801403078336 3.5
    endloop
  endfacet
  facet normal 0.8128466845916155 -0.5824776968678017 0
    outer loop
      vertex -1.3927116006067632 0.9305801403078336 0
      vertex -1.328866844987819 1.019675393589607 0
      vertex -1.328866844987819 1.019675393589607 3.5
    endloop
  endfacet
  facet normal 0.7730104533627369 -0.6343932841636456 0
    outer loop
      vertex -1.328866844987819 1.019675393589607 0
      vertex -1.2593316775272871 1.1044042402926153 0
      vertex -1.2593316775272871 1.1044042402926153 3.5
    endloop
  endfacet
  facet normal 0.7298640726978368 -0.6835923020228701 0
    outer loop
      vertex -1.1844038584874672 1.1844038584874672 3.5
      vertex -1.2593316775272871 1.1044042402926153 0
      vertex -1.1844038584874672 1.1844038584874672 0
    endloop
  endfacet
  facet normal 0.6835923020228701 -0.7298640726978368 0
    outer loop
      vertex -1.1044042402926153 1.2593316775272871 0
      vertex -1.1044042402926153 1.2593316775272871 3.5
      vertex -1.1844038584874672 1.1844038584874672 0
    endloop
  endfacet
  facet normal 0.6343932841636456 -0.7730104533627369 0
    outer loop
      vertex -1.019675393589607 1.328866844987819 0
      vertex -1.019675393589607 1.328866844987819 3.5
      vertex -1.1044042402926153 1.2593316775272871 0
    endloop
  endfacet
  facet normal 0.5824776968678017 -0.8128466845916155 0
    outer loop
      vertex -0.9305801403078336 1.3927116006067632 0
      vertex -0.9305801403078336 1.3927116006067632 3.5
      vertex -1.019675393589607 1.328866844987819 0
    endloop
  endfacet
  facet normal 0.5280678506503678 -0.849202181526579 0
    outer loop
      vertex -0.8375 1.4505925513389346 0
      vertex -0.8375 1.4505925513389346 3.5
      vertex -0.9305801403078336 1.3927116006067632 0
    endloop
  endfacet
  facet normal 0.47139673682599853 -0.8819212643483545 0
    outer loop
      vertex -0.7408335561168272 1.5022618420672529 0
      vertex -0.7408335561168272 1.5022618420672529 3.5
      vertex -0.8375 1.4505925513389346 0
    endloop
  endfacet
  facet normal 0.41270702980439505 -0.9108638249211758 0
    outer loop
      vertex -0.6409947492115254 1.5474982169564053 0
      vertex -0.6409947492115254 1.5474982169564053 3.5
      vertex -0.7408335561168272 1.5022618420672529 0
    endloop
  endfacet
  facet normal 0.35225004792123443 -0.9359059267573254 0
    outer loop
      vertex -0.5384111043827957 1.5861079669043021 0
      vertex -0.5384111043827957 1.5861079669043021 3.5
      vertex -0.6409947492115254 1.5474982169564053 0
    endloop
  endfacet
  facet normal 0.2902846772544626 -0.9569403357322089 0
    outer loop
      vertex -0.43352190054672224 1.6179257590341896 0
      vertex -0.43352190054672224 1.6179257590341896 3.5
      vertex -0.5384111043827957 1.5861079669043021 0
    endloop
  endfacet
  facet normal 0.22707626303437173 -0.9738769792773339 0
    outer loop
      vertex -0.3267762893770148 1.642815344675411 0
      vertex -0.3267762893770148 1.642815344675411 3.5
      vertex -0.43352190054672224 1.6179257590341896 0
    endloop
  endfacet
  facet normal 0.1628954733945878 -0.9866433320848791 0
    outer loop
      vertex -0.2186313719685864 1.6606701428011323 0
      vertex -0.2186313719685864 1.6606701428011323 3.5
      vertex -0.3267762893770148 1.642815344675411 0
    endloop
  endfacet
  facet normal 0.09801714032956141 -0.9951847266721968 0
    outer loop
      vertex -0.10955024146048963 1.6714136964246609 0
      vertex -0.10955024146048963 1.6714136964246609 3.5
      vertex -0.2186313719685864 1.6606701428011323 0
    endloop
  endfacet
  facet normal 0.032719082821776616 -0.9994645874763656 0
    outer loop
      vertex -0.10955024146048963 1.6714136964246609 0
      vertex 0 1.675 0
      vertex 0 1.675 3.5
    endloop
  endfacet
  facet normal -0.032719082821776616 -0.9994645874763656 0
    outer loop
      vertex 0.10955024146048963 1.6714136964246609 0
      vertex 0.10955024146048963 1.6714136964246609 3.5
      vertex 0 1.675 0
    endloop
  endfacet
  facet normal -0.09801714032956141 -0.9951847266721968 0
    outer loop
      vertex 0.2186313719685864 1.6606701428011323 0
      vertex 0.2186313719685864 1.6606701428011323 3.5
      vertex 0.10955024146048963 1.6714136964246609 0
    endloop
  endfacet
  facet normal -0.1628954733945878 -0.9866433320848791 0
    outer loop
      vertex 0.3267762893770148 1.642815344675411 0
      vertex 0.3267762893770148 1.642815344675411 3.5
      vertex 0.2186313719685864 1.6606701428011323 0
    endloop
  endfacet
  facet normal -0.22707626303437173 -0.9738769792773339 0
    outer loop
      vertex 0.43352190054672224 1.6179257590341896 0
      vertex 0.43352190054672224 1.6179257590341896 3.5
      vertex 0.3267762893770148 1.642815344675411 0
    endloop
  endfacet
  facet normal -0.2902846772544626 -0.9569403357322089 0
    outer loop
      vertex 0.5384111043827957 1.5861079669043021 0
      vertex 0.5384111043827957 1.5861079669043021 3.5
      vertex 0.43352190054672224 1.6179257590341896 0
    endloop
  endfacet
  facet normal -0.35225004792123443 -0.9359059267573254 0
    outer loop
      vertex 0.6409947492115254 1.5474982169564053 0
      vertex 0.6409947492115254 1.5474982169564053 3.5
      vertex 0.5384111043827957 1.5861079669043021 0
    endloop
  endfacet
  facet normal -0.41270702980439505 -0.9108638249211758 0
    outer loop
      vertex 0.7408335561168272 1.5022618420672529 0
      vertex 0.7408335561168272 1.5022618420672529 3.5
      vertex 0.6409947492115254 1.5474982169564053 0
    endloop
  endfacet
  facet normal -0.47139673682599853 -0.8819212643483545 0
    outer loop
      vertex 0.8375 1.4505925513389346 0
      vertex 0.8375 1.4505925513389346 3.5
      vertex 0.7408335561168272 1.5022618420672529 0
    endloop
  endfacet
  facet normal -0.5824776968678017 -0.8128466845916155 0
    outer loop
      vertex 1.019675393589607 1.328866844987819 0
      vertex 1.019675393589607 1.328866844987819 3.5
      vertex 0.9305801403078336 1.3927116006067632 0
    endloop
  endfacet
  facet normal -0.5280678506503678 -0.849202181526579 0
    outer loop
      vertex 0.9305801403078336 1.3927116006067632 0
      vertex 0.9305801403078336 1.3927116006067632 3.5
      vertex 0.8375 1.4505925513389346 0
    endloop
  endfacet
  facet normal -0.6343932841636456 -0.7730104533627369 0
    outer loop
      vertex 1.1044042402926153 1.2593316775272871 0
      vertex 1.1044042402926153 1.2593316775272871 3.5
      vertex 1.019675393589607 1.328866844987819 0
    endloop
  endfacet
  facet normal -0.7298640726978368 -0.6835923020228701 0
    outer loop
      vertex 1.1844038584874672 1.1844038584874672 0
      vertex 1.2593316775272871 1.1044042402926153 0
      vertex 1.2593316775272871 1.1044042402926153 3.5
    endloop
  endfacet
  facet normal -0.7730104533627369 -0.6343932841636456 0
    outer loop
      vertex 1.2593316775272871 1.1044042402926153 0
      vertex 1.328866844987819 1.019675393589607 0
      vertex 1.328866844987819 1.019675393589607 3.5
    endloop
  endfacet
  facet normal -0.6835923020228701 -0.7298640726978368 0
    outer loop
      vertex 1.1044042402926153 1.2593316775272871 0
      vertex 1.1844038584874672 1.1844038584874672 0
      vertex 1.1844038584874672 1.1844038584874672 3.5
    endloop
  endfacet
  facet normal -0.849202181526579 -0.5280678506503678 0
    outer loop
      vertex 1.3927116006067632 0.9305801403078336 0
      vertex 1.4505925513389346 0.8375 0
      vertex 1.4505925513389346 0.8375 3.5
    endloop
  endfacet
  facet normal -0.8128466845916155 -0.5824776968678017 0
    outer loop
      vertex 1.328866844987819 1.019675393589607 0
      vertex 1.3927116006067632 0.9305801403078336 0
      vertex 1.3927116006067632 0.9305801403078336 3.5
    endloop
  endfacet
  facet normal -0.8819212643483545 -0.47139673682599853 0
    outer loop
      vertex 1.4505925513389346 0.8375 0
      vertex 1.5022618420672529 0.7408335561168272 0
      vertex 1.5022618420672529 0.7408335561168272 3.5
    endloop
  endfacet
  facet normal 0.8819212643483545 -0.47139673682599853 0
    outer loop
      vertex -1.5022618420672529 0.7408335561168272 0
      vertex -1.4505925513389346 0.8375 3.5
      vertex -1.5022618420672529 0.7408335561168272 3.5
    endloop
  endfacet
  facet normal 0.849202181526579 -0.5280678506503678 0
    outer loop
      vertex -1.4505925513389346 0.8375 0
      vertex -1.3927116006067632 0.9305801403078336 3.5
      vertex -1.4505925513389346 0.8375 3.5
    endloop
  endfacet
  facet normal 0.8128466845916155 -0.5824776968678017 0
    outer loop
      vertex -1.3927116006067632 0.9305801403078336 0
      vertex -1.328866844987819 1.019675393589607 3.5
      vertex -1.3927116006067632 0.9305801403078336 3.5
    endloop
  endfacet
  facet normal 0.7730104533627369 -0.6343932841636456 0
    outer loop
      vertex -1.328866844987819 1.019675393589607 0
      vertex -1.2593316775272871 1.1044042402926153 3.5
      vertex -1.328866844987819 1.019675393589607 3.5
    endloop
  endfacet
  facet normal 0.7298640726978368 -0.6835923020228701 0
    outer loop
      vertex -1.2593316775272871 1.1044042402926153 0
      vertex -1.1844038584874672 1.1844038584874672 3.5
      vertex -1.2593316775272871 1.1044042402926153 3.5
    endloop
  endfacet
  facet normal 0.6835923020228701 -0.7298640726978368 0
    outer loop
      vertex -1.1844038584874672 1.1844038584874672 0
      vertex -1.1044042402926153 1.2593316775272871 3.5
      vertex -1.1844038584874672 1.1844038584874672 3.5
    endloop
  endfacet
  facet normal 0.6343932841636456 -0.7730104533627369 0
    outer loop
      vertex -1.1044042402926153 1.2593316775272871 0
      vertex -1.019675393589607 1.328866844987819 3.5
      vertex -1.1044042402926153 1.2593316775272871 3.5
    endloop
  endfacet
  facet normal 0.5824776968678017 -0.8128466845916155 0
    outer loop
      vertex -1.019675393589607 1.328866844987819 0
      vertex -0.9305801403078336 1.3927116006067632 3.5
      vertex -1.019675393589607 1.328866844987819 3.5
    endloop
  endfacet
  facet normal 0.5280678506503678 -0.849202181526579 0
    outer loop
      vertex -0.9305801403078336 1.3927116006067632 0
      vertex -0.8375 1.4505925513389346 3.5
      vertex -0.9305801403078336 1.3927116006067632 3.5
    endloop
  endfacet
  facet normal 0.47139673682599853 -0.8819212643483545 0
    outer loop
      vertex -0.8375 1.4505925513389346 0
      vertex -0.7408335561168272 1.5022618420672529 3.5
      vertex -0.8375 1.4505925513389346 3.5
    endloop
  endfacet
  facet normal 0.41270702980439505 -0.9108638249211758 0
    outer loop
      vertex -0.7408335561168272 1.5022618420672529 0
      vertex -0.6409947492115254 1.5474982169564053 3.5
      vertex -0.7408335561168272 1.5022618420672529 3.5
    endloop
  endfacet
  facet normal 0.35225004792123443 -0.9359059267573254 0
    outer loop
      vertex -0.6409947492115254 1.5474982169564053 0
      vertex -0.5384111043827957 1.5861079669043021 3.5
      vertex -0.6409947492115254 1.5474982169564053 3.5
    endloop
  endfacet
  facet normal 0.2902846772544626 -0.9569403357322089 0
    outer loop
      vertex -0.5384111043827957 1.5861079669043021 0
      vertex -0.43352190054672224 1.6179257590341896 3.5
      vertex -0.5384111043827957 1.5861079669043021 3.5
    endloop
  endfacet
  facet normal 0.22707626303437173 -0.9738769792773339 0
    outer loop
      vertex -0.43352190054672224 1.6179257590341896 0
      vertex -0.3267762893770148 1.642815344675411 3.5
      vertex -0.43352190054672224 1.6179257590341896 3.5
    endloop
  endfacet
  facet normal 0.1628954733945878 -0.9866433320848791 0
    outer loop
      vertex -0.3267762893770148 1.642815344675411 0
      vertex -0.2186313719685864 1.6606701428011323 3.5
      vertex -0.3267762893770148 1.642815344675411 3.5
    endloop
  endfacet
  facet normal 0.09801714032956141 -0.9951847266721968 0
    outer loop
      vertex -0.2186313719685864 1.6606701428011323 0
      vertex -0.10955024146048963 1.6714136964246609 3.5
      vertex -0.2186313719685864 1.6606701428011323 3.5
    endloop
  endfacet
  facet normal 0.032719082821776616 -0.9994645874763656 0
    outer loop
      vertex 0 1.675 3.5
      vertex -0.10955024146048963 1.6714136964246609 3.5
      vertex -0.10955024146048963 1.6714136964246609 0
    endloop
  endfacet
  facet normal -0.032719082821776616 -0.9994645874763656 0
    outer loop
      vertex 0 1.675 0
      vertex 0.10955024146048963 1.6714136964246609 3.5
      vertex 0 1.675 3.5
    endloop
  endfacet
  facet normal -0.09801714032956141 -0.9951847266721968 0
    outer loop
      vertex 0.10955024146048963 1.6714136964246609 0
      vertex 0.2186313719685864 1.6606701428011323 3.5
      vertex 0.10955024146048963 1.6714136964246609 3.5
    endloop
  endfacet
  facet normal -0.1628954733945878 -0.9866433320848791 0
    outer loop
      vertex 0.2186313719685864 1.6606701428011323 0
      vertex 0.3267762893770148 1.642815344675411 3.5
      vertex 0.2186313719685864 1.6606701428011323 3.5
    endloop
  endfacet
  facet normal -0.22707626303437173 -0.9738769792773339 0
    outer loop
      vertex 0.3267762893770148 1.642815344675411 0
      vertex 0.43352190054672224 1.6179257590341896 3.5
      vertex 0.3267762893770148 1.642815344675411 3.5
    endloop
  endfacet
  facet normal -0.2902846772544626 -0.9569403357322089 0
    outer loop
      vertex 0.43352190054672224 1.6179257590341896 0
      vertex 0.5384111043827957 1.5861079669043021 3.5
      vertex 0.43352190054672224 1.6179257590341896 3.5
    endloop
  endfacet
  facet normal -0.35225004792123443 -0.9359059267573254 0
    outer loop
      vertex 0.5384111043827957 1.5861079669043021 0
      vertex 0.6409947492115254 1.5474982169564053 3.5
      vertex 0.5384111043827957 1.5861079669043021 3.5
    endloop
  endfacet
  facet normal -0.41270702980439505 -0.9108638249211758 0
    outer loop
      vertex 0.6409947492115254 1.5474982169564053 0
      vertex 0.7408335561168272 1.5022618420672529 3.5
      vertex 0.6409947492115254 1.5474982169564053 3.5
    endloop
  endfacet
  facet normal -0.47139673682599853 -0.8819212643483545 0
    outer loop
      vertex 0.7408335561168272 1.5022618420672529 0
      vertex 0.8375 1.4505925513389346 3.5
      vertex 0.7408335561168272 1.5022618420672529 3.5
    endloop
  endfacet
  facet normal -0.5280678506503678 -0.849202181526579 0
    outer loop
      vertex 0.8375 1.4505925513389346 0
      vertex 0.9305801403078336 1.3927116006067632 3.5
      vertex 0.8375 1.4505925513389346 3.5
    endloop
  endfacet
  facet normal -0.5824776968678017 -0.8128466845916155 0
    outer loop
      vertex 0.9305801403078336 1.3927116006067632 0
      vertex 1.019675393589607 1.328866844987819 3.5
      vertex 0.9305801403078336 1.3927116006067632 3.5
    endloop
  endfacet
  facet normal -0.6343932841636456 -0.7730104533627369 0
    outer loop
      vertex 1.019675393589607 1.328866844987819 0
      vertex 1.1044042402926153 1.2593316775272871 3.5
      vertex 1.019675393589607 1.328866844987819 3.5
    endloop
  endfacet
  facet normal -0.7730104533627369 -0.6343932841636456 0
    outer loop
      vertex 1.2593316775272871 1.1044042402926153 0
      vertex 1.328866844987819 1.019675393589607 3.5
      vertex 1.2593316775272871 1.1044042402926153 3.5
    endloop
  endfacet
  facet normal -0.6835923020228701 -0.7298640726978368 0
    outer loop
      vertex 1.1044042402926153 1.2593316775272871 0
      vertex 1.1844038584874672 1.1844038584874672 3.5
      vertex 1.1044042402926153 1.2593316775272871 3.5
    endloop
  endfacet
  facet normal -0.7298640726978368 -0.6835923020228701 0
    outer loop
      vertex 1.1844038584874672 1.1844038584874672 0
      vertex 1.2593316775272871 1.1044042402926153 3.5
      vertex 1.1844038584874672 1.1844038584874672 3.5
    endloop
  endfacet
  facet normal -0.849202181526579 -0.5280678506503678 0
    outer loop
      vertex 1.3927116006067632 0.9305801403078336 0
      vertex 1.4505925513389346 0.8375 3.5
      vertex 1.3927116006067632 0.9305801403078336 3.5
    endloop
  endfacet
  facet normal -0.8128466845916155 -0.5824776968678017 0
    outer loop
      vertex 1.328866844987819 1.019675393589607 0
      vertex 1.3927116006067632 0.9305801403078336 3.5
      vertex 1.328866844987819 1.019675393589607 3.5
    endloop
  endfacet
  facet normal -0.8819212643483545 -0.47139673682599853 0
    outer loop
      vertex 1.4505925513389346 0.8375 0
      vertex 1.5022618420672529 0.7408335561168272 3.5
      vertex 1.4505925513389346 0.8375 3.5
    endloop
  endfacet
  facet normal -0.9108638249211758 -0.41270702980439505 0
    outer loop
      vertex 1.5022618420672529 0.7408335561168272 0
      vertex 1.5474982169564053 0.6409947492115254 3.5
      vertex 1.5022618420672529 0.7408335561168272 3.5
    endloop
  endfacet
endsolid OpenSCAD_Model
