solid OpenSCAD_Model
  facet normal 0 0 -1
    outer loop
      vertex 19.22076923076923 115.37461538461538 5.99
      vertex 19.22076923076923 134.60538461538462 5.99
      vertex 38.451538461538476 134.60538461538462 5.99
    endloop
  endfacet
  facet normal 0 0 1
    outer loop
      vertex 21.03076923076923 117.18461538461538 6
      vertex 36.66153846153846 132.8153846153846 6
      vertex 21.03076923076923 132.8153846153846 6
    endloop
  endfacet
  facet normal 0 0 1
    outer loop
      vertex 21.03076923076923 117.18461538461538 6
      vertex 36.66153846153846 117.18461538461538 6
      vertex 36.66153846153846 132.8153846153846 6
    endloop
  endfacet
  facet normal 0 0 -1
    outer loop
      vertex 19.22076923076923 115.37461538461538 5.99
      vertex 38.451538461538476 134.60538461538462 5.99
      vertex 38.47153846153846 115.37461538461538 5.99
    endloop
  endfacet
  facet normal 0 0 -1
    outer loop
      vertex 38.47153846153846 115.37461538461538 5.99
      vertex 38.451538461538476 134.60538461538462 5.99
      vertex 38.47153846153846 134.6253846153846 5.99
    endloop
  endfacet
  facet normal 0 1 0
    outer loop
      vertex 21.03076923076923 117.18461538461538 6
      vertex 21.03076923076923 117.18461538461538 41.534615384615385
      vertex 36.66153846153846 117.18461538461538 6
    endloop
  endfacet
  facet normal 0 -1 0
    outer loop
      vertex 19.22076923076923 115.37461538461538 5.99
      vertex 38.47153846153846 115.37461538461538 5.99
      vertex 38.47153846153846 115.37461538461538 50
    endloop
  endfacet
  facet normal 1 0 0
    outer loop
      vertex 21.03076923076923 117.18461538461538 6
      vertex 21.03076923076923 132.8153846153846 6
      vertex 21.03076923076923 132.8153846153846 41.534615384615385
    endloop
  endfacet
  facet normal 0 -1 0
    outer loop
      vertex 21.03076923076923 132.8153846153846 6
      vertex 36.66153846153846 132.8153846153846 6
      vertex 36.66153846153846 132.8153846153846 41.534615384615385
    endloop
  endfacet
  facet normal -1 0 0
    outer loop
      vertex 19.22076923076923 115.37461538461538 5.99
      vertex 19.22076923076923 115.37461538461538 50
      vertex 19.22076923076923 134.60538461538462 5.99
    endloop
  endfacet
  facet normal -1 0 0
    outer loop
      vertex 36.66153846153846 117.18461538461538 6
      vertex 36.66153846153846 117.18461538461538 41.534615384615385
      vertex 36.66153846153846 132.8153846153846 6
    endloop
  endfacet
  facet normal 1 0 0
    outer loop
      vertex 38.47153846153846 115.37461538461538 5.99
      vertex 38.47153846153846 134.6253846153846 5.99
      vertex 38.47153846153846 115.37461538461538 50
    endloop
  endfacet
  facet normal 0 0 -1
    outer loop
      vertex 115.37461538461538 19.22076923076923 5.99
      vertex 115.37461538461538 38.47153846153846 5.99
      vertex 134.60538461538462 38.451538461538476 5.99
    endloop
  endfacet
  facet normal 0 0 1
    outer loop
      vertex 117.18461538461538 21.03076923076923 6
      vertex 132.8153846153846 36.66153846153846 6
      vertex 117.18461538461538 36.66153846153846 6
    endloop
  endfacet
  facet normal 0 0 1
    outer loop
      vertex 117.18461538461538 21.03076923076923 6
      vertex 132.8153846153846 21.03076923076923 6
      vertex 132.8153846153846 36.66153846153846 6
    endloop
  endfacet
  facet normal 0 0 -1
    outer loop
      vertex 115.37461538461538 19.22076923076923 5.99
      vertex 134.60538461538462 38.451538461538476 5.99
      vertex 134.6253846153846 19.22076923076923 5.99
    endloop
  endfacet
  facet normal 0 0 -1
    outer loop
      vertex 115.37461538461538 38.47153846153846 5.99
      vertex 134.6253846153846 38.47153846153846 5.99
      vertex 134.60538461538462 38.451538461538476 5.99
    endloop
  endfacet
  facet normal 1 0 0
    outer loop
      vertex 117.18461538461538 21.03076923076923 6
      vertex 117.18461538461538 36.66153846153846 6
      vertex 117.18461538461538 36.66153846153846 41.534615384615385
    endloop
  endfacet
  facet normal -1 0 0
    outer loop
      vertex 115.37461538461538 19.22076923076923 5.99
      vertex 115.37461538461538 38.47153846153846 50
      vertex 115.37461538461538 38.47153846153846 5.99
    endloop
  endfacet
  facet normal 0 1 0
    outer loop
      vertex 117.18461538461538 21.03076923076923 6
      vertex 117.18461538461538 21.03076923076923 41.534615384615385
      vertex 132.8153846153846 21.03076923076923 6
    endloop
  endfacet
  facet normal -1 0 0
    outer loop
      vertex 132.8153846153846 21.03076923076923 6
      vertex 132.8153846153846 21.03076923076923 41.534615384615385
      vertex 132.8153846153846 36.66153846153846 6
    endloop
  endfacet
  facet normal 0 -1 0
    outer loop
      vertex 115.37461538461538 19.22076923076923 5.99
      vertex 134.6253846153846 19.22076923076923 5.99
      vertex 134.6253846153846 19.22076923076923 50
    endloop
  endfacet
  facet normal 0 -1 0
    outer loop
      vertex 117.18461538461538 36.66153846153846 6
      vertex 132.8153846153846 36.66153846153846 6
      vertex 132.8153846153846 36.66153846153846 41.534615384615385
    endloop
  endfacet
  facet normal 0 1 0
    outer loop
      vertex 115.37461538461538 38.47153846153846 5.99
      vertex 115.37461538461538 38.47153846153846 50
      vertex 134.6253846153846 38.47153846153846 5.99
    endloop
  endfacet
  facet normal 0 0 -1
    outer loop
      vertex 96.14384615384614 96.14384615384614 5.99
      vertex 96.14384615384614 115.39461538461538 5.99
      vertex 115.39461538461538 115.39461538461538 5.99
    endloop
  endfacet
  facet normal 0 0 1
    outer loop
      vertex 97.95384615384614 97.95384615384614 6
      vertex 113.58461538461538 113.58461538461538 6
      vertex 97.95384615384614 113.58461538461538 6
    endloop
  endfacet
  facet normal 0 0 1
    outer loop
      vertex 97.95384615384614 97.95384615384614 6
      vertex 113.58461538461538 97.95384615384614 6
      vertex 113.58461538461538 113.58461538461538 6
    endloop
  endfacet
  facet normal 0 0 -1
    outer loop
      vertex 96.14384615384614 96.14384615384614 5.99
      vertex 115.39461538461538 115.39461538461538 5.99
      vertex 115.39461538461538 96.14384615384614 5.99
    endloop
  endfacet
  facet normal 0 1 0
    outer loop
      vertex 97.95384615384614 97.95384615384614 6
      vertex 97.95384615384614 97.95384615384614 41.534615384615385
      vertex 113.58461538461538 97.95384615384614 6
    endloop
  endfacet
  facet normal 1 0 0
    outer loop
      vertex 97.95384615384614 97.95384615384614 6
      vertex 97.95384615384614 113.58461538461538 6
      vertex 97.95384615384614 113.58461538461538 41.534615384615385
    endloop
  endfacet
  facet normal -1 0 0
    outer loop
      vertex 96.14384615384614 96.14384615384614 5.99
      vertex 96.14384615384614 115.39461538461538 50
      vertex 96.14384615384614 115.39461538461538 5.99
    endloop
  endfacet
  facet normal 0 1 0
    outer loop
      vertex 96.14384615384614 115.39461538461538 5.99
      vertex 96.14384615384614 115.39461538461538 50
      vertex 115.39461538461538 115.39461538461538 5.99
    endloop
  endfacet
  facet normal -1 0 0
    outer loop
      vertex 113.58461538461538 97.95384615384614 6
      vertex 113.58461538461538 97.95384615384614 41.534615384615385
      vertex 113.58461538461538 113.58461538461538 6
    endloop
  endfacet
  facet normal 0 -1 0
    outer loop
      vertex 96.14384615384614 96.14384615384614 5.99
      vertex 115.39461538461538 96.14384615384614 5.99
      vertex 115.39461538461538 96.14384615384614 50
    endloop
  endfacet
  facet normal 1 0 0
    outer loop
      vertex 115.39461538461538 96.14384615384614 5.99
      vertex 115.39461538461538 115.39461538461538 5.99
      vertex 115.39461538461538 96.14384615384614 50
    endloop
  endfacet
  facet normal 0 -1 0
    outer loop
      vertex 97.95384615384614 113.58461538461538 6
      vertex 113.58461538461538 113.58461538461538 6
      vertex 113.58461538461538 113.58461538461538 41.534615384615385
    endloop
  endfacet
  facet normal 0 1 0
    outer loop
      vertex 36.66153846153846 117.18461538461538 6
      vertex 21.03076923076923 117.18461538461538 41.534615384615385
      vertex 36.66153846153846 117.18461538461538 41.534615384615385
    endloop
  endfacet
  facet normal 1 0 0
    outer loop
      vertex 21.03076923076923 117.18461538461538 6
      vertex 21.03076923076923 132.8153846153846 41.534615384615385
      vertex 21.03076923076923 117.18461538461538 41.534615384615385
    endloop
  endfacet
  facet normal 0 -1 0
    outer loop
      vertex 21.03076923076923 132.8153846153846 6
      vertex 36.66153846153846 132.8153846153846 41.534615384615385
      vertex 21.03076923076923 132.8153846153846 41.534615384615385
    endloop
  endfacet
  facet normal -1 0 0
    outer loop
      vertex 36.66153846153846 132.8153846153846 6
      vertex 36.66153846153846 117.18461538461538 41.534615384615385
      vertex 36.66153846153846 117.18461538461538 41.54461538461538
    endloop
  endfacet
  facet normal -1 0 0
    outer loop
      vertex 36.66153846153846 132.8153846153846 6
      vertex 36.66153846153846 117.18461538461538 41.54461538461538
      vertex 36.66153846153846 132.8153846153846 41.534615384615385
    endloop
  endfacet
  facet normal 0 -1 0
    outer loop
      vertex 19.22076923076923 115.37461538461538 5.99
      vertex 38.47153846153846 115.37461538461538 50
      vertex 19.22076923076923 115.37461538461538 50
    endloop
  endfacet
  facet normal -1 0 0
    outer loop
      vertex 19.22076923076923 134.60538461538462 5.99
      vertex 19.22076923076923 115.37461538461538 50
      vertex 19.22076923076923 134.60538461538462 50
    endloop
  endfacet
  facet normal 1 0 0
    outer loop
      vertex 38.47153846153846 115.37461538461538 50
      vertex 38.47153846153846 134.6253846153846 5.99
      vertex 38.47153846153846 134.6253846153846 50
    endloop
  endfacet
  facet normal 0 1 0
    outer loop
      vertex 21.03076923076923 117.18461538461538 41.534615384615385
      vertex 21.03076923076923 117.18461538461538 41.54461538461538
      vertex 36.66153846153846 117.18461538461538 41.534615384615385
    endloop
  endfacet
  facet normal 0 1 0
    outer loop
      vertex 21.03076923076923 117.18461538461538 41.54461538461538
      vertex 36.66153846153846 117.18461538461538 41.54461538461538
      vertex 36.66153846153846 117.18461538461538 41.534615384615385
    endloop
  endfacet
  facet normal 0 0.7071067811865475 -0.7071067811865475
    outer loop
      vertex 21.03076923076923 117.18461538461538 41.54461538461538
      vertex 30.596153846153847 123.25 47.61
      vertex 36.66153846153846 117.18461538461538 41.54461538461538
    endloop
  endfacet
  facet normal 1 0 0
    outer loop
      vertex 21.03076923076923 117.18461538461538 41.534615384615385
      vertex 21.03076923076923 132.8153846153846 41.534615384615385
      vertex 21.03076923076923 117.18461538461538 41.54461538461538
    endloop
  endfacet
  facet normal 1 0 0
    outer loop
      vertex 21.03076923076923 117.18461538461538 41.54461538461538
      vertex 21.03076923076923 132.8153846153846 41.534615384615385
      vertex 21.03076923076923 132.8153846153846 41.54461538461538
    endloop
  endfacet
  facet normal 0 -1 0
    outer loop
      vertex 21.03076923076923 132.8153846153846 41.54461538461538
      vertex 21.03076923076923 132.8153846153846 41.534615384615385
      vertex 36.66153846153846 132.8153846153846 41.54461538461538
    endloop
  endfacet
  facet normal 0 -1 0
    outer loop
      vertex 21.03076923076923 132.8153846153846 41.534615384615385
      vertex 36.66153846153846 132.8153846153846 41.534615384615385
      vertex 36.66153846153846 132.8153846153846 41.54461538461538
    endloop
  endfacet
  facet normal 0.7071067811865475 0 -0.7071067811865475
    outer loop
      vertex 21.03076923076923 117.18461538461538 41.54461538461538
      vertex 21.03076923076923 132.8153846153846 41.54461538461538
      vertex 27.096153846153847 126.75 47.61
    endloop
  endfacet
  facet normal 0 -0.7071067811865485 -0.7071067811865467
    outer loop
      vertex 21.03076923076923 132.8153846153846 41.54461538461538
      vertex 36.66153846153846 132.8153846153846 41.54461538461538
      vertex 27.096153846153847 126.75 47.61
    endloop
  endfacet
  facet normal -1 0 0
    outer loop
      vertex 36.66153846153846 117.18461538461538 41.54461538461538
      vertex 36.66153846153846 132.8153846153846 41.54461538461538
      vertex 36.66153846153846 132.8153846153846 41.534615384615385
    endloop
  endfacet
  facet normal -0.7071067811865475 0 -0.7071067811865475
    outer loop
      vertex 36.66153846153846 117.18461538461538 41.54461538461538
      vertex 30.596153846153847 126.75 47.61
      vertex 36.66153846153846 132.8153846153846 41.54461538461538
    endloop
  endfacet
  facet normal 0 0 1
    outer loop
      vertex 19.22076923076923 115.37461538461538 50
      vertex 38.47153846153846 115.37461538461538 50
      vertex 30.596153846153832 123.25 50
    endloop
  endfacet
  facet normal 0 0.7071067811865476 -0.7071067811865476
    outer loop
      vertex 21.03076923076923 117.18461538461538 41.54461538461538
      vertex 27.096153846153847 123.25 47.61
      vertex 30.596153846153847 123.25 47.61
    endloop
  endfacet
  facet normal 0.7071067811865476 0 -0.7071067811865476
    outer loop
      vertex 21.03076923076923 117.18461538461538 41.54461538461538
      vertex 27.096153846153847 126.75 47.61
      vertex 27.096153846153847 123.25 47.61
    endloop
  endfacet
  facet normal -0.7071067811865476 0 -0.7071067811865476
    outer loop
      vertex 36.66153846153846 117.18461538461538 41.54461538461538
      vertex 30.596153846153847 123.25 47.61
      vertex 30.596153846153847 126.75 47.61
    endloop
  endfacet
  facet normal 0 -0.7071067811865483 -0.7071067811865467
    outer loop
      vertex 36.66153846153846 132.8153846153846 41.54461538461538
      vertex 30.596153846153847 126.75 47.61
      vertex 27.096153846153847 126.75 47.61
    endloop
  endfacet
  facet normal 0 0 1
    outer loop
      vertex 19.22076923076923 115.37461538461538 50
      vertex 27.096153846153847 123.25 50
      vertex 19.22076923076923 134.60538461538462 50
    endloop
  endfacet
  facet normal 0 0 1
    outer loop
      vertex 19.22076923076923 115.37461538461538 50
      vertex 30.596153846153832 123.25 50
      vertex 27.096153846153847 123.25 50
    endloop
  endfacet
  facet normal 0 0 1
    outer loop
      vertex 19.22076923076923 134.60538461538462 50
      vertex 27.096153846153847 126.75 50
      vertex 19.234615592684282 134.6253846153846 50
    endloop
  endfacet
  facet normal 0 0 1
    outer loop
      vertex 19.22076923076923 134.60538461538462 50
      vertex 27.096153846153847 123.25 50
      vertex 27.096153846153847 126.75 50
    endloop
  endfacet
  facet normal 0 1 0
    outer loop
      vertex 27.096153846153847 123.25 47.61
      vertex 27.096153846153847 123.25 50
      vertex 30.596153846153847 123.25 47.61
    endloop
  endfacet
  facet normal 1 0 0
    outer loop
      vertex 27.096153846153847 123.25 47.61
      vertex 27.096153846153847 126.75 47.61
      vertex 27.096153846153847 126.75 50
    endloop
  endfacet
  facet normal 0 -1 0
    outer loop
      vertex 27.096153846153847 126.75 47.61
      vertex 30.596153846153847 126.75 47.61
      vertex 30.596153846153847 126.75 50
    endloop
  endfacet
  facet normal -1 0 -5.945964315984101e-15
    outer loop
      vertex 30.596153846153847 123.25 47.61
      vertex 30.596153846153832 123.25 50
      vertex 30.596153846153847 126.75 47.61
    endloop
  endfacet
  facet normal 0 1 0
    outer loop
      vertex 30.596153846153847 123.25 47.61
      vertex 27.096153846153847 123.25 50
      vertex 30.596153846153832 123.25 50
    endloop
  endfacet
  facet normal 1 0 0
    outer loop
      vertex 27.096153846153847 123.25 47.61
      vertex 27.096153846153847 126.75 50
      vertex 27.096153846153847 123.25 50
    endloop
  endfacet
  facet normal 0 -1 0
    outer loop
      vertex 27.096153846153847 126.75 47.61
      vertex 30.596153846153847 126.75 50
      vertex 27.096153846153847 126.75 50
    endloop
  endfacet
  facet normal 0 0 1
    outer loop
      vertex 30.596153846153832 123.25 50
      vertex 38.47153846153846 115.37461538461538 50
      vertex 30.596153846153847 126.75 50
    endloop
  endfacet
  facet normal -1 4.0602442043434294e-15 0
    outer loop
      vertex 30.596153846153847 126.75 47.61
      vertex 30.596153846153832 123.25 50
      vertex 30.596153846153847 126.75 50
    endloop
  endfacet
  facet normal 0 0 1
    outer loop
      vertex 27.096153846153847 126.75 50
      vertex 38.47153846153846 134.6253846153846 50
      vertex 19.234615592684282 134.6253846153846 50
    endloop
  endfacet
  facet normal 0 0 1
    outer loop
      vertex 27.096153846153847 126.75 50
      vertex 30.596153846153847 126.75 50
      vertex 38.47153846153846 134.6253846153846 50
    endloop
  endfacet
  facet normal 0 0 1
    outer loop
      vertex 30.596153846153847 126.75 50
      vertex 38.47153846153846 115.37461538461538 50
      vertex 38.47153846153846 134.6253846153846 50
    endloop
  endfacet
  facet normal 1 0 0
    outer loop
      vertex 117.18461538461538 21.03076923076923 6
      vertex 117.18461538461538 36.66153846153846 41.534615384615385
      vertex 117.18461538461538 21.03076923076923 41.534615384615385
    endloop
  endfacet
  facet normal 0 1 0
    outer loop
      vertex 132.8153846153846 21.03076923076923 6
      vertex 117.18461538461538 21.03076923076923 41.534615384615385
      vertex 132.8153846153846 21.03076923076923 41.534615384615385
    endloop
  endfacet
  facet normal -1 0 0
    outer loop
      vertex 132.8153846153846 36.66153846153846 6
      vertex 132.8153846153846 21.03076923076923 41.534615384615385
      vertex 132.8153846153846 21.03076923076923 41.54461538461538
    endloop
  endfacet
  facet normal -1 0 0
    outer loop
      vertex 132.8153846153846 36.66153846153846 6
      vertex 132.8153846153846 21.03076923076923 41.54461538461538
      vertex 132.8153846153846 36.66153846153846 41.534615384615385
    endloop
  endfacet
  facet normal 0 -1 0
    outer loop
      vertex 117.18461538461538 36.66153846153846 6
      vertex 132.8153846153846 36.66153846153846 41.534615384615385
      vertex 117.18461538461538 36.66153846153846 41.534615384615385
    endloop
  endfacet
  facet normal -1 0 0
    outer loop
      vertex 115.37461538461538 19.22076923076923 5.99
      vertex 115.37461538461538 19.22076923076923 50
      vertex 115.37461538461538 38.47153846153846 50
    endloop
  endfacet
  facet normal 0 -1 0
    outer loop
      vertex 115.37461538461538 19.22076923076923 5.99
      vertex 134.6253846153846 19.22076923076923 50
      vertex 115.37461538461538 19.22076923076923 50
    endloop
  endfacet
  facet normal 0 1 0
    outer loop
      vertex 115.37461538461538 38.47153846153846 50
      vertex 134.6253846153846 38.47153846153846 50
      vertex 134.6253846153846 38.47153846153846 5.99
    endloop
  endfacet
  facet normal 1 0 0
    outer loop
      vertex 117.18461538461538 21.03076923076923 41.534615384615385
      vertex 117.18461538461538 36.66153846153846 41.534615384615385
      vertex 117.18461538461538 21.03076923076923 41.54461538461538
    endloop
  endfacet
  facet normal 1 0 0
    outer loop
      vertex 117.18461538461538 21.03076923076923 41.54461538461538
      vertex 117.18461538461538 36.66153846153846 41.534615384615385
      vertex 117.18461538461538 36.66153846153846 41.54461538461538
    endloop
  endfacet
  facet normal 0.7071067811865475 0 -0.7071067811865475
    outer loop
      vertex 117.18461538461538 21.03076923076923 41.54461538461538
      vertex 117.18461538461538 36.66153846153846 41.54461538461538
      vertex 123.25 30.596153846153847 47.61
    endloop
  endfacet
  facet normal 0 1 0
    outer loop
      vertex 117.18461538461538 21.03076923076923 41.534615384615385
      vertex 117.18461538461538 21.03076923076923 41.54461538461538
      vertex 132.8153846153846 21.03076923076923 41.534615384615385
    endloop
  endfacet
  facet normal 0 1 0
    outer loop
      vertex 117.18461538461538 21.03076923076923 41.54461538461538
      vertex 132.8153846153846 21.03076923076923 41.54461538461538
      vertex 132.8153846153846 21.03076923076923 41.534615384615385
    endloop
  endfacet
  facet normal -1 0 0
    outer loop
      vertex 132.8153846153846 21.03076923076923 41.54461538461538
      vertex 132.8153846153846 36.66153846153846 41.54461538461538
      vertex 132.8153846153846 36.66153846153846 41.534615384615385
    endloop
  endfacet
  facet normal 0 0.7071067811865475 -0.7071067811865475
    outer loop
      vertex 117.18461538461538 21.03076923076923 41.54461538461538
      vertex 126.75 27.096153846153847 47.61
      vertex 132.8153846153846 21.03076923076923 41.54461538461538
    endloop
  endfacet
  facet normal -0.7071067811865485 0 -0.7071067811865467
    outer loop
      vertex 132.8153846153846 21.03076923076923 41.54461538461538
      vertex 126.75 30.596153846153847 47.61
      vertex 132.8153846153846 36.66153846153846 41.54461538461538
    endloop
  endfacet
  facet normal 0 -1 0
    outer loop
      vertex 117.18461538461538 36.66153846153846 41.54461538461538
      vertex 117.18461538461538 36.66153846153846 41.534615384615385
      vertex 132.8153846153846 36.66153846153846 41.54461538461538
    endloop
  endfacet
  facet normal 0 -1 0
    outer loop
      vertex 117.18461538461538 36.66153846153846 41.534615384615385
      vertex 132.8153846153846 36.66153846153846 41.534615384615385
      vertex 132.8153846153846 36.66153846153846 41.54461538461538
    endloop
  endfacet
  facet normal 0 -0.7071067811865475 -0.7071067811865475
    outer loop
      vertex 117.18461538461538 36.66153846153846 41.54461538461538
      vertex 132.8153846153846 36.66153846153846 41.54461538461538
      vertex 123.25 30.596153846153847 47.61
    endloop
  endfacet
  facet normal 0 0 1
    outer loop
      vertex 115.37461538461538 19.22076923076923 50
      vertex 123.25 30.596153846153847 50
      vertex 115.37461538461538 38.47153846153846 50
    endloop
  endfacet
  facet normal 0.7071067811865476 0 -0.7071067811865476
    outer loop
      vertex 117.18461538461538 21.03076923076923 41.54461538461538
      vertex 123.25 30.596153846153847 47.61
      vertex 123.25 27.096153846153847 47.61
    endloop
  endfacet
  facet normal 0 0.7071067811865476 -0.7071067811865476
    outer loop
      vertex 117.18461538461538 21.03076923076923 41.54461538461538
      vertex 123.25 27.096153846153847 47.61
      vertex 126.75 27.096153846153847 47.61
    endloop
  endfacet
  facet normal -0.7071067811865483 0 -0.7071067811865467
    outer loop
      vertex 132.8153846153846 21.03076923076923 41.54461538461538
      vertex 126.75 27.096153846153847 47.61
      vertex 126.75 30.596153846153847 47.61
    endloop
  endfacet
  facet normal 0 -0.7071067811865476 -0.7071067811865476
    outer loop
      vertex 132.8153846153846 36.66153846153846 41.54461538461538
      vertex 126.75 30.596153846153847 47.61
      vertex 123.25 30.596153846153847 47.61
    endloop
  endfacet
  facet normal 0 0 1
    outer loop
      vertex 115.37461538461538 19.22076923076923 50
      vertex 123.25 27.096153846153847 50
      vertex 123.25 30.596153846153847 50
    endloop
  endfacet
  facet normal 0 0 1
    outer loop
      vertex 115.37461538461538 19.22076923076923 50
      vertex 134.60538461538462 19.234615592684282 50
      vertex 123.25 27.096153846153847 50
    endloop
  endfacet
  facet normal 1 0 0
    outer loop
      vertex 123.25 27.096153846153847 47.61
      vertex 123.25 30.596153846153847 47.61
      vertex 123.25 30.596153846153847 50
    endloop
  endfacet
  facet normal 0 1 0
    outer loop
      vertex 123.25 27.096153846153847 47.61
      vertex 123.25 27.096153846153847 50
      vertex 126.75 27.096153846153847 47.61
    endloop
  endfacet
  facet normal -1 0 -5.945964315984101e-15
    outer loop
      vertex 126.75 27.096153846153847 47.61
      vertex 126.74999999999999 27.096153846153847 50
      vertex 126.75 30.596153846153847 47.61
    endloop
  endfacet
  facet normal 0 -1 0
    outer loop
      vertex 123.25 30.596153846153847 47.61
      vertex 126.75 30.596153846153847 47.61
      vertex 126.75 30.596153846153847 50
    endloop
  endfacet
  facet normal 1 0 0
    outer loop
      vertex 123.25 27.096153846153847 47.61
      vertex 123.25 30.596153846153847 50
      vertex 123.25 27.096153846153847 50
    endloop
  endfacet
  facet normal 0 1 0
    outer loop
      vertex 126.75 27.096153846153847 47.61
      vertex 123.25 27.096153846153847 50
      vertex 126.74999999999999 27.096153846153847 50
    endloop
  endfacet
  facet normal -1 4.0602442043434294e-15 0
    outer loop
      vertex 126.75 30.596153846153847 47.61
      vertex 126.74999999999999 27.096153846153847 50
      vertex 126.75 30.596153846153847 50
    endloop
  endfacet
  facet normal 0 -1 0
    outer loop
      vertex 123.25 30.596153846153847 47.61
      vertex 126.75 30.596153846153847 50
      vertex 123.25 30.596153846153847 50
    endloop
  endfacet
  facet normal 0 0 1
    outer loop
      vertex 115.37461538461538 19.22076923076923 50
      vertex 134.6253846153846 19.22076923076923 50
      vertex 134.60538461538462 19.234615592684282 50
    endloop
  endfacet
  facet normal 0 0 1
    outer loop
      vertex 123.25 27.096153846153847 50
      vertex 134.60538461538462 19.234615592684282 50
      vertex 126.74999999999999 27.096153846153847 50
    endloop
  endfacet
  facet normal 0 0 1
    outer loop
      vertex 126.74999999999999 27.096153846153847 50
      vertex 134.60538461538462 19.234615592684282 50
      vertex 126.75 30.596153846153847 50
    endloop
  endfacet
  facet normal 0 0 1
    outer loop
      vertex 123.25 30.596153846153847 50
      vertex 126.75 30.596153846153847 50
      vertex 134.60538461538462 38.4576920996234 50
    endloop
  endfacet
  facet normal 0 0 1
    outer loop
      vertex 126.75 30.596153846153847 50
      vertex 134.60538461538462 19.234615592684282 50
      vertex 134.60538461538462 38.4576920996234 50
    endloop
  endfacet
  facet normal 0 0 1
    outer loop
      vertex 115.37461538461538 38.47153846153846 50
      vertex 123.25 30.596153846153847 50
      vertex 134.60538461538462 38.4576920996234 50
    endloop
  endfacet
  facet normal 0 0 1
    outer loop
      vertex 115.37461538461538 38.47153846153846 50
      vertex 134.60538461538462 38.4576920996234 50
      vertex 134.6253846153846 38.47153846153846 50
    endloop
  endfacet
  facet normal 1 0 0
    outer loop
      vertex 97.95384615384614 97.95384615384614 6
      vertex 97.95384615384614 113.58461538461538 41.534615384615385
      vertex 97.95384615384614 97.95384615384614 41.534615384615385
    endloop
  endfacet
  facet normal -1 0 0
    outer loop
      vertex 96.14384615384614 96.14384615384614 5.99
      vertex 96.14384615384614 96.14384615384614 50
      vertex 96.14384615384614 115.39461538461538 50
    endloop
  endfacet
  facet normal 0 -1 0
    outer loop
      vertex 96.14384615384614 96.14384615384614 5.99
      vertex 115.39461538461538 96.14384615384614 50
      vertex 96.14384615384614 96.14384615384614 50
    endloop
  endfacet
  facet normal 0 -1 0
    outer loop
      vertex 97.95384615384614 113.58461538461538 6
      vertex 113.58461538461538 113.58461538461538 41.534615384615385
      vertex 97.95384615384614 113.58461538461538 41.534615384615385
    endloop
  endfacet
  facet normal 0 1 0
    outer loop
      vertex 113.58461538461538 97.95384615384614 6
      vertex 97.95384615384614 97.95384615384614 41.534615384615385
      vertex 113.58461538461538 97.95384615384614 41.534615384615385
    endloop
  endfacet
  facet normal -1 0 0
    outer loop
      vertex 113.58461538461538 113.58461538461538 6
      vertex 113.58461538461538 97.95384615384614 41.534615384615385
      vertex 113.58461538461538 97.95384615384614 41.54461538461538
    endloop
  endfacet
  facet normal -1 0 0
    outer loop
      vertex 113.58461538461538 113.58461538461538 6
      vertex 113.58461538461538 97.95384615384614 41.54461538461538
      vertex 113.58461538461538 113.58461538461538 41.534615384615385
    endloop
  endfacet
  facet normal 0 1 0
    outer loop
      vertex 115.39461538461538 115.39461538461538 5.99
      vertex 96.14384615384614 115.39461538461538 50
      vertex 115.39461538461538 115.39461538461538 50
    endloop
  endfacet
  facet normal 1 0 0
    outer loop
      vertex 115.39461538461538 115.39461538461538 5.99
      vertex 115.39461538461538 115.39461538461538 50
      vertex 115.39461538461538 96.14384615384614 50
    endloop
  endfacet
  facet normal 1 0 0
    outer loop
      vertex 97.95384615384614 97.95384615384614 41.534615384615385
      vertex 97.95384615384614 113.58461538461538 41.534615384615385
      vertex 97.95384615384614 97.95384615384614 41.54461538461538
    endloop
  endfacet
  facet normal 0 1 0
    outer loop
      vertex 97.95384615384614 97.95384615384614 41.534615384615385
      vertex 97.95384615384614 97.95384615384614 41.54461538461538
      vertex 113.58461538461538 97.95384615384614 41.534615384615385
    endloop
  endfacet
  facet normal 0.7071067811865476 0 -0.7071067811865476
    outer loop
      vertex 97.95384615384614 97.95384615384614 41.54461538461538
      vertex 104.01923076923076 107.51923076923076 47.61
      vertex 104.01923076923076 104.01923076923076 47.61
    endloop
  endfacet
  facet normal 0 0.7071067811865476 -0.7071067811865476
    outer loop
      vertex 97.95384615384614 97.95384615384614 41.54461538461538
      vertex 104.01923076923076 104.01923076923076 47.61
      vertex 107.51923076923076 104.01923076923076 47.61
    endloop
  endfacet
  facet normal 0 1 0
    outer loop
      vertex 104.01923076923076 104.01923076923076 47.61
      vertex 104.01923076923076 104.01923076923076 50
      vertex 107.51923076923076 104.01923076923076 47.61
    endloop
  endfacet
  facet normal 0 0 1
    outer loop
      vertex 96.14384615384614 96.14384615384614 50
      vertex 104.01923076923076 104.01923076923076 50
      vertex 104.01923076923076 107.51923076923076 50
    endloop
  endfacet
  facet normal 0 0 1
    outer loop
      vertex 96.14384615384614 96.14384615384614 50
      vertex 107.51923076923076 104.01923076923076 50
      vertex 104.01923076923076 104.01923076923076 50
    endloop
  endfacet
  facet normal 1 0 0
    outer loop
      vertex 104.01923076923076 104.01923076923076 47.61
      vertex 104.01923076923076 107.51923076923076 50
      vertex 104.01923076923076 104.01923076923076 50
    endloop
  endfacet
  facet normal 1 0 0
    outer loop
      vertex 97.95384615384614 97.95384615384614 41.54461538461538
      vertex 97.95384615384614 113.58461538461538 41.534615384615385
      vertex 97.95384615384614 113.58461538461538 41.54461538461538
    endloop
  endfacet
  facet normal 0 -1 0
    outer loop
      vertex 97.95384615384614 113.58461538461538 41.54461538461538
      vertex 97.95384615384614 113.58461538461538 41.534615384615385
      vertex 113.58461538461538 113.58461538461538 41.54461538461538
    endloop
  endfacet
  facet normal 0.7071067811865475 0 -0.7071067811865475
    outer loop
      vertex 97.95384615384614 97.95384615384614 41.54461538461538
      vertex 97.95384615384614 113.58461538461538 41.54461538461538
      vertex 104.01923076923076 107.51923076923076 47.61
    endloop
  endfacet
  facet normal 0 -0.7071067811865475 -0.7071067811865475
    outer loop
      vertex 97.95384615384614 113.58461538461538 41.54461538461538
      vertex 113.58461538461538 113.58461538461538 41.54461538461538
      vertex 104.01923076923076 107.51923076923076 47.61
    endloop
  endfacet
  facet normal 1 0 0
    outer loop
      vertex 104.01923076923076 104.01923076923076 47.61
      vertex 104.01923076923076 107.51923076923076 47.61
      vertex 104.01923076923076 107.51923076923076 50
    endloop
  endfacet
  facet normal 0 0 1
    outer loop
      vertex 96.14384615384614 96.14384615384614 50
      vertex 104.01923076923076 107.51923076923076 50
      vertex 96.14384615384614 115.39461538461538 50
    endloop
  endfacet
  facet normal 0 -1 0
    outer loop
      vertex 104.01923076923076 107.51923076923076 47.61
      vertex 107.51923076923076 107.51923076923076 50
      vertex 104.01923076923076 107.51923076923076 50
    endloop
  endfacet
  facet normal 0 0 1
    outer loop
      vertex 96.14384615384614 115.39461538461538 50
      vertex 104.01923076923076 107.51923076923076 50
      vertex 115.39461538461538 115.39461538461538 50
    endloop
  endfacet
  facet normal 0 1 0
    outer loop
      vertex 97.95384615384614 97.95384615384614 41.54461538461538
      vertex 113.58461538461538 97.95384615384614 41.54461538461538
      vertex 113.58461538461538 97.95384615384614 41.534615384615385
    endloop
  endfacet
  facet normal 0 0.7071067811865475 -0.7071067811865475
    outer loop
      vertex 97.95384615384614 97.95384615384614 41.54461538461538
      vertex 107.51923076923076 104.01923076923076 47.61
      vertex 113.58461538461538 97.95384615384614 41.54461538461538
    endloop
  endfacet
  facet normal -0.7071067811865476 0 -0.7071067811865476
    outer loop
      vertex 113.58461538461538 97.95384615384614 41.54461538461538
      vertex 107.51923076923076 104.01923076923076 47.61
      vertex 107.51923076923076 107.51923076923076 47.61
    endloop
  endfacet
  facet normal -1 0 0
    outer loop
      vertex 107.51923076923076 104.01923076923076 47.61
      vertex 107.51923076923076 104.01923076923076 50
      vertex 107.51923076923076 107.51923076923076 47.61
    endloop
  endfacet
  facet normal 0 0 1
    outer loop
      vertex 96.14384615384614 96.14384615384614 50
      vertex 115.39461538461538 96.14384615384614 50
      vertex 107.51923076923076 104.01923076923076 50
    endloop
  endfacet
  facet normal 0 1 0
    outer loop
      vertex 104.01923076923076 104.01923076923076 50
      vertex 107.51923076923076 104.01923076923076 50
      vertex 107.51923076923076 104.01923076923076 47.61
    endloop
  endfacet
  facet normal 0 0 1
    outer loop
      vertex 107.51923076923076 104.01923076923076 50
      vertex 115.39461538461538 96.14384615384614 50
      vertex 115.39461538461538 115.39461538461538 50
    endloop
  endfacet
  facet normal 0 -1 0
    outer loop
      vertex 97.95384615384614 113.58461538461538 41.534615384615385
      vertex 113.58461538461538 113.58461538461538 41.534615384615385
      vertex 113.58461538461538 113.58461538461538 41.54461538461538
    endloop
  endfacet
  facet normal -1 0 0
    outer loop
      vertex 113.58461538461538 97.95384615384614 41.54461538461538
      vertex 113.58461538461538 113.58461538461538 41.54461538461538
      vertex 113.58461538461538 113.58461538461538 41.534615384615385
    endloop
  endfacet
  facet normal -0.7071067811865475 0 -0.7071067811865475
    outer loop
      vertex 113.58461538461538 97.95384615384614 41.54461538461538
      vertex 107.51923076923076 107.51923076923076 47.61
      vertex 113.58461538461538 113.58461538461538 41.54461538461538
    endloop
  endfacet
  facet normal 0 -0.7071067811865476 -0.7071067811865476
    outer loop
      vertex 104.01923076923076 107.51923076923076 47.61
      vertex 113.58461538461538 113.58461538461538 41.54461538461538
      vertex 107.51923076923076 107.51923076923076 47.61
    endloop
  endfacet
  facet normal 0 -1 0
    outer loop
      vertex 104.01923076923076 107.51923076923076 47.61
      vertex 107.51923076923076 107.51923076923076 47.61
      vertex 107.51923076923076 107.51923076923076 50
    endloop
  endfacet
  facet normal -1 0 0
    outer loop
      vertex 107.51923076923076 104.01923076923076 50
      vertex 107.51923076923076 107.51923076923076 50
      vertex 107.51923076923076 107.51923076923076 47.61
    endloop
  endfacet
  facet normal 0 0 1
    outer loop
      vertex 104.01923076923076 107.51923076923076 50
      vertex 107.51923076923076 107.51923076923076 50
      vertex 115.39461538461538 115.39461538461538 50
    endloop
  endfacet
  facet normal 0 0 1
    outer loop
      vertex 107.51923076923076 104.01923076923076 50
      vertex 115.39461538461538 115.39461538461538 50
      vertex 107.51923076923076 107.51923076923076 50
    endloop
  endfacet
  facet normal 0 0 1
    outer loop
      vertex 21.03076923076923 136.41538461538462 6
      vertex 36.66153846153846 152.04615384615383 6
      vertex 21.03076923076923 152.04615384615383 6
    endloop
  endfacet
  facet normal 0 0 -1
    outer loop
      vertex 19.22076923076923 134.60538461538462 5.99
      vertex 19.22076923076923 153.85615384615386 5.99
      vertex 38.47153846153846 153.85615384615386 5.99
    endloop
  endfacet
  facet normal 0 0 -1
    outer loop
      vertex 19.22076923076923 134.60538461538462 5.99
      vertex 38.47153846153846 134.6253846153846 5.99
      vertex 38.451538461538476 134.60538461538462 5.99
    endloop
  endfacet
  facet normal 0 0 1
    outer loop
      vertex 21.03076923076923 136.41538461538462 6
      vertex 36.66153846153846 136.41538461538462 6
      vertex 36.66153846153846 152.04615384615383 6
    endloop
  endfacet
  facet normal 0 0 -1
    outer loop
      vertex 19.22076923076923 134.60538461538462 5.99
      vertex 38.47153846153846 153.85615384615386 5.99
      vertex 38.47153846153846 134.6253846153846 5.99
    endloop
  endfacet
  facet normal 0 1 0
    outer loop
      vertex 21.03076923076923 136.41538461538462 6
      vertex 21.03076923076923 136.41538461538462 41.534615384615385
      vertex 36.66153846153846 136.41538461538462 6
    endloop
  endfacet
  facet normal 1 0 0
    outer loop
      vertex 21.03076923076923 136.41538461538462 6
      vertex 21.03076923076923 152.04615384615383 6
      vertex 21.03076923076923 152.04615384615383 41.534615384615385
    endloop
  endfacet
  facet normal -1 0 0
    outer loop
      vertex 19.22076923076923 134.60538461538462 5.99
      vertex 19.22076923076923 153.85615384615386 50
      vertex 19.22076923076923 153.85615384615386 5.99
    endloop
  endfacet
  facet normal 0 -1 0
    outer loop
      vertex 21.03076923076923 152.04615384615383 6
      vertex 36.66153846153846 152.04615384615383 6
      vertex 36.66153846153846 152.04615384615383 41.534615384615385
    endloop
  endfacet
  facet normal 0 1 0
    outer loop
      vertex 19.22076923076923 153.85615384615386 5.99
      vertex 19.22076923076923 153.85615384615386 50
      vertex 38.47153846153846 153.85615384615386 5.99
    endloop
  endfacet
  facet normal -1 0 0
    outer loop
      vertex 36.66153846153846 136.41538461538462 6
      vertex 36.66153846153846 136.41538461538462 41.534615384615385
      vertex 36.66153846153846 152.04615384615383 6
    endloop
  endfacet
  facet normal 1 0 0
    outer loop
      vertex 38.47153846153846 134.6253846153846 5.99
      vertex 38.47153846153846 153.85615384615386 5.99
      vertex 38.47153846153846 134.6253846153846 50
    endloop
  endfacet
  facet normal 0 0 -1
    outer loop
      vertex 96.14384615384614 153.83615384615385 5.99
      vertex 96.14384615384614 173.08692307692309 5.99
      vertex 115.39461538461538 173.08692307692309 5.99
    endloop
  endfacet
  facet normal 0 0 1
    outer loop
      vertex 97.95384615384614 155.64615384615385 6
      vertex 113.58461538461538 171.27692307692305 6
      vertex 97.95384615384614 171.27692307692305 6
    endloop
  endfacet
  facet normal 0 0 1
    outer loop
      vertex 97.95384615384614 155.64615384615385 6
      vertex 113.58461538461538 155.64615384615385 6
      vertex 113.58461538461538 171.27692307692305 6
    endloop
  endfacet
  facet normal 0 0 -1
    outer loop
      vertex 96.14384615384614 153.83615384615385 5.99
      vertex 115.39461538461538 173.08692307692309 5.99
      vertex 115.39461538461538 153.83615384615385 5.99
    endloop
  endfacet
  facet normal 0 1 0
    outer loop
      vertex 97.95384615384614 155.64615384615385 6
      vertex 97.95384615384614 155.64615384615385 41.534615384615385
      vertex 113.58461538461538 155.64615384615385 6
    endloop
  endfacet
  facet normal 1 0 0
    outer loop
      vertex 97.95384615384614 155.64615384615385 6
      vertex 97.95384615384614 171.27692307692305 6
      vertex 97.95384615384614 171.27692307692305 41.534615384615385
    endloop
  endfacet
  facet normal -1 0 0
    outer loop
      vertex 96.14384615384614 153.83615384615385 5.99
      vertex 96.14384615384614 173.08692307692309 50
      vertex 96.14384615384614 173.08692307692309 5.99
    endloop
  endfacet
  facet normal 0 1 0
    outer loop
      vertex 96.14384615384614 173.08692307692309 5.99
      vertex 96.14384615384614 173.08692307692309 50
      vertex 115.39461538461538 173.08692307692309 5.99
    endloop
  endfacet
  facet normal -1 0 0
    outer loop
      vertex 113.58461538461538 155.64615384615385 6
      vertex 113.58461538461538 155.64615384615385 41.534615384615385
      vertex 113.58461538461538 171.27692307692305 6
    endloop
  endfacet
  facet normal 0 -1 0
    outer loop
      vertex 96.14384615384614 153.83615384615385 5.99
      vertex 115.39461538461538 153.83615384615385 5.99
      vertex 115.39461538461538 153.83615384615385 50
    endloop
  endfacet
  facet normal 1 0 0
    outer loop
      vertex 115.39461538461538 153.83615384615385 5.99
      vertex 115.39461538461538 173.08692307692309 5.99
      vertex 115.39461538461538 153.83615384615385 50
    endloop
  endfacet
  facet normal 0 -1 0
    outer loop
      vertex 97.95384615384614 171.27692307692305 6
      vertex 113.58461538461538 171.27692307692305 6
      vertex 113.58461538461538 171.27692307692305 41.534615384615385
    endloop
  endfacet
  facet normal 0 0 -1
    outer loop
      vertex 115.37461538461538 230.75923076923078 5.99
      vertex 115.37461538461538 250 5.99
      vertex 134.60538461538462 249.99000000000004 5.99
    endloop
  endfacet
  facet normal 0 0 1
    outer loop
      vertex 117.18461538461538 232.56923076923078 6
      vertex 132.8153846153846 248.2 6
      vertex 117.18461538461538 248.2 6
    endloop
  endfacet
  facet normal 0 0 -1
    outer loop
      vertex 115.37461538461538 230.75923076923078 5.99
      vertex 134.60538461538462 249.99000000000004 5.99
      vertex 134.6253846153846 230.75923076923078 5.99
    endloop
  endfacet
  facet normal 0 0 1
    outer loop
      vertex 117.18461538461538 232.56923076923078 6
      vertex 132.8153846153846 232.56923076923078 6
      vertex 132.8153846153846 248.2 6
    endloop
  endfacet
  facet normal 0 0 -1
    outer loop
      vertex 134.60538461538462 249.99000000000004 5.99
      vertex 115.37461538461538 250 5.99
      vertex 134.61538461538458 250 5.99
    endloop
  endfacet
  facet normal 1 0 0
    outer loop
      vertex 117.18461538461538 232.56923076923078 6
      vertex 117.18461538461538 248.2 6
      vertex 117.18461538461538 248.2 41.534615384615385
    endloop
  endfacet
  facet normal -1 0 0
    outer loop
      vertex 115.37461538461538 230.75923076923078 5.99
      vertex 115.37461538461538 230.75923076923078 50
      vertex 115.37461538461538 250 5.99
    endloop
  endfacet
  facet normal 0 1 0
    outer loop
      vertex 117.18461538461538 232.56923076923078 6
      vertex 117.18461538461538 232.56923076923078 41.534615384615385
      vertex 132.8153846153846 232.56923076923078 6
    endloop
  endfacet
  facet normal 0 -1 0
    outer loop
      vertex 115.37461538461538 230.75923076923078 5.99
      vertex 134.6253846153846 230.75923076923078 5.99
      vertex 134.6253846153846 230.75923076923078 50
    endloop
  endfacet
  facet normal -1 0 0
    outer loop
      vertex 132.8153846153846 232.56923076923078 6
      vertex 132.8153846153846 232.56923076923078 41.534615384615385
      vertex 132.8153846153846 248.2 6
    endloop
  endfacet
  facet normal 0 -1 0
    outer loop
      vertex 117.18461538461538 248.2 6
      vertex 132.8153846153846 248.2 6
      vertex 132.8153846153846 248.2 41.534615384615385
    endloop
  endfacet
  facet normal 1 0 0
    outer loop
      vertex 21.03076923076923 136.41538461538462 6
      vertex 21.03076923076923 152.04615384615383 41.534615384615385
      vertex 21.03076923076923 136.41538461538462 41.534615384615385
    endloop
  endfacet
  facet normal 0 1 0
    outer loop
      vertex 36.66153846153846 136.41538461538462 6
      vertex 21.03076923076923 136.41538461538462 41.534615384615385
      vertex 36.66153846153846 136.41538461538462 41.534615384615385
    endloop
  endfacet
  facet normal 0 -1 0
    outer loop
      vertex 21.03076923076923 152.04615384615383 6
      vertex 36.66153846153846 152.04615384615383 41.534615384615385
      vertex 21.03076923076923 152.04615384615383 41.534615384615385
    endloop
  endfacet
  facet normal -1 0 0
    outer loop
      vertex 36.66153846153846 152.04615384615383 6
      vertex 36.66153846153846 136.41538461538462 41.534615384615385
      vertex 36.66153846153846 136.41538461538462 41.54461538461538
    endloop
  endfacet
  facet normal -1 0 0
    outer loop
      vertex 36.66153846153846 152.04615384615383 6
      vertex 36.66153846153846 136.41538461538462 41.54461538461538
      vertex 36.66153846153846 152.04615384615383 41.534615384615385
    endloop
  endfacet
  facet normal -1 0 0
    outer loop
      vertex 19.22076923076923 134.60538461538462 5.99
      vertex 19.22076923076923 134.60538461538462 50
      vertex 19.22076923076923 153.85615384615386 50
    endloop
  endfacet
  facet normal 0 1 0
    outer loop
      vertex 38.47153846153846 153.85615384615386 5.99
      vertex 19.22076923076923 153.85615384615386 50
      vertex 38.47153846153846 153.85615384615386 50
    endloop
  endfacet
  facet normal 1 0 0
    outer loop
      vertex 38.47153846153846 153.85615384615386 5.99
      vertex 38.47153846153846 153.85615384615386 50
      vertex 38.47153846153846 134.6253846153846 50
    endloop
  endfacet
  facet normal 1 0 0
    outer loop
      vertex 21.03076923076923 136.41538461538462 41.534615384615385
      vertex 21.03076923076923 152.04615384615383 41.534615384615385
      vertex 21.03076923076923 136.41538461538462 41.54461538461538
    endloop
  endfacet
  facet normal 0 1 0
    outer loop
      vertex 21.03076923076923 136.41538461538462 41.534615384615385
      vertex 21.03076923076923 136.41538461538462 41.54461538461538
      vertex 36.66153846153846 136.41538461538462 41.534615384615385
    endloop
  endfacet
  facet normal 1 0 0
    outer loop
      vertex 21.03076923076923 136.41538461538462 41.54461538461538
      vertex 21.03076923076923 152.04615384615383 41.534615384615385
      vertex 21.03076923076923 152.04615384615383 41.54461538461538
    endloop
  endfacet
  facet normal 0 1 0
    outer loop
      vertex 21.03076923076923 136.41538461538462 41.54461538461538
      vertex 36.66153846153846 136.41538461538462 41.54461538461538
      vertex 36.66153846153846 136.41538461538462 41.534615384615385
    endloop
  endfacet
  facet normal 0.7071067811865475 0 -0.7071067811865475
    outer loop
      vertex 21.03076923076923 136.41538461538462 41.54461538461538
      vertex 21.03076923076923 152.04615384615383 41.54461538461538
      vertex 27.096153846153847 145.98076923076923 47.61
    endloop
  endfacet
  facet normal 0 0.7071067811865485 -0.7071067811865467
    outer loop
      vertex 21.03076923076923 136.41538461538462 41.54461538461538
      vertex 30.596153846153847 142.48076923076923 47.61
      vertex 36.66153846153846 136.41538461538462 41.54461538461538
    endloop
  endfacet
  facet normal 0 -1 0
    outer loop
      vertex 21.03076923076923 152.04615384615383 41.54461538461538
      vertex 21.03076923076923 152.04615384615383 41.534615384615385
      vertex 36.66153846153846 152.04615384615383 41.54461538461538
    endloop
  endfacet
  facet normal 0 -1 0
    outer loop
      vertex 21.03076923076923 152.04615384615383 41.534615384615385
      vertex 36.66153846153846 152.04615384615383 41.534615384615385
      vertex 36.66153846153846 152.04615384615383 41.54461538461538
    endloop
  endfacet
  facet normal 0 -0.7071067811865485 -0.7071067811865467
    outer loop
      vertex 21.03076923076923 152.04615384615383 41.54461538461538
      vertex 36.66153846153846 152.04615384615383 41.54461538461538
      vertex 27.096153846153847 145.98076923076923 47.61
    endloop
  endfacet
  facet normal -1 0 0
    outer loop
      vertex 36.66153846153846 136.41538461538462 41.54461538461538
      vertex 36.66153846153846 152.04615384615383 41.54461538461538
      vertex 36.66153846153846 152.04615384615383 41.534615384615385
    endloop
  endfacet
  facet normal -0.7071067811865475 0 -0.7071067811865475
    outer loop
      vertex 36.66153846153846 136.41538461538462 41.54461538461538
      vertex 30.596153846153847 145.98076923076923 47.61
      vertex 36.66153846153846 152.04615384615383 41.54461538461538
    endloop
  endfacet
  facet normal 0.7071067811865476 0 -0.7071067811865476
    outer loop
      vertex 21.03076923076923 136.41538461538462 41.54461538461538
      vertex 27.096153846153847 145.98076923076923 47.61
      vertex 27.096153846153847 142.48076923076923 47.61
    endloop
  endfacet
  facet normal 0 0.7071067811865483 -0.7071067811865467
    outer loop
      vertex 21.03076923076923 136.41538461538462 41.54461538461538
      vertex 27.096153846153847 142.48076923076923 47.61
      vertex 30.596153846153847 142.48076923076923 47.61
    endloop
  endfacet
  facet normal -0.7071067811865476 0 -0.7071067811865476
    outer loop
      vertex 36.66153846153846 136.41538461538462 41.54461538461538
      vertex 30.596153846153847 142.48076923076923 47.61
      vertex 30.596153846153847 145.98076923076923 47.61
    endloop
  endfacet
  facet normal 0 -0.7071067811865483 -0.7071067811865467
    outer loop
      vertex 36.66153846153846 152.04615384615383 41.54461538461538
      vertex 30.596153846153847 145.98076923076923 47.61
      vertex 27.096153846153847 145.98076923076923 47.61
    endloop
  endfacet
  facet normal 0 0 1
    outer loop
      vertex 19.22076923076923 134.60538461538462 50
      vertex 19.234615592684282 134.6253846153846 50
      vertex 19.22076923076923 153.85615384615386 50
    endloop
  endfacet
  facet normal 0 0 1
    outer loop
      vertex 19.234615592684282 134.6253846153846 50
      vertex 27.096153846153847 142.48076923076923 50
      vertex 27.096153846153847 145.98076923076923 50
    endloop
  endfacet
  facet normal 0 0 1
    outer loop
      vertex 19.234615592684282 134.6253846153846 50
      vertex 30.596153846153847 142.48076923076923 50
      vertex 27.096153846153847 142.48076923076923 50
    endloop
  endfacet
  facet normal 0 0 1
    outer loop
      vertex 19.234615592684282 134.6253846153846 50
      vertex 27.096153846153847 145.98076923076923 50
      vertex 19.22076923076923 153.85615384615386 50
    endloop
  endfacet
  facet normal 0 0 1
    outer loop
      vertex 19.234615592684282 134.6253846153846 50
      vertex 38.47153846153846 134.6253846153846 50
      vertex 30.596153846153847 142.48076923076923 50
    endloop
  endfacet
  facet normal 0 0 1
    outer loop
      vertex 30.596153846153847 142.48076923076923 50
      vertex 38.47153846153846 134.6253846153846 50
      vertex 30.596153846153847 145.98076923076923 50
    endloop
  endfacet
  facet normal 1 0 0
    outer loop
      vertex 27.096153846153847 142.48076923076923 47.61
      vertex 27.096153846153847 145.98076923076923 47.61
      vertex 27.096153846153847 145.98076923076923 50
    endloop
  endfacet
  facet normal 0 1 0
    outer loop
      vertex 27.096153846153847 142.48076923076923 47.61
      vertex 27.096153846153847 142.48076923076923 50
      vertex 30.596153846153847 142.48076923076923 47.61
    endloop
  endfacet
  facet normal 0 -1 0
    outer loop
      vertex 27.096153846153847 145.98076923076923 47.61
      vertex 30.596153846153847 145.98076923076923 47.61
      vertex 30.596153846153847 145.98076923076923 50
    endloop
  endfacet
  facet normal -1 0 0
    outer loop
      vertex 30.596153846153847 142.48076923076923 47.61
      vertex 30.596153846153847 142.48076923076923 50
      vertex 30.596153846153847 145.98076923076923 47.61
    endloop
  endfacet
  facet normal 1 0 0
    outer loop
      vertex 27.096153846153847 142.48076923076923 47.61
      vertex 27.096153846153847 145.98076923076923 50
      vertex 27.096153846153847 142.48076923076923 50
    endloop
  endfacet
  facet normal 0 1 0
    outer loop
      vertex 30.596153846153847 142.48076923076923 47.61
      vertex 27.096153846153847 142.48076923076923 50
      vertex 30.596153846153847 142.48076923076923 50
    endloop
  endfacet
  facet normal 0 -1 0
    outer loop
      vertex 27.096153846153847 145.98076923076923 47.61
      vertex 30.596153846153847 145.98076923076923 50
      vertex 27.096153846153847 145.98076923076923 50
    endloop
  endfacet
  facet normal -1 0 0
    outer loop
      vertex 30.596153846153847 145.98076923076923 47.61
      vertex 30.596153846153847 142.48076923076923 50
      vertex 30.596153846153847 145.98076923076923 50
    endloop
  endfacet
  facet normal 0 0 1
    outer loop
      vertex 27.096153846153847 145.98076923076923 50
      vertex 30.596153846153847 145.98076923076923 50
      vertex 38.47153846153846 153.85615384615386 50
    endloop
  endfacet
  facet normal 0 0 1
    outer loop
      vertex 27.096153846153847 145.98076923076923 50
      vertex 38.47153846153846 153.85615384615386 50
      vertex 19.22076923076923 153.85615384615386 50
    endloop
  endfacet
  facet normal 0 0 1
    outer loop
      vertex 30.596153846153847 145.98076923076923 50
      vertex 38.47153846153846 134.6253846153846 50
      vertex 38.47153846153846 153.85615384615386 50
    endloop
  endfacet
  facet normal 1 0 0
    outer loop
      vertex 97.95384615384614 155.64615384615385 6
      vertex 97.95384615384614 171.27692307692305 41.534615384615385
      vertex 97.95384615384614 155.64615384615385 41.534615384615385
    endloop
  endfacet
  facet normal -1 0 0
    outer loop
      vertex 96.14384615384614 153.83615384615385 5.99
      vertex 96.14384615384614 153.83615384615385 50
      vertex 96.14384615384614 173.08692307692309 50
    endloop
  endfacet
  facet normal 0 -1 0
    outer loop
      vertex 96.14384615384614 153.83615384615385 5.99
      vertex 115.39461538461538 153.83615384615385 50
      vertex 96.14384615384614 153.83615384615385 50
    endloop
  endfacet
  facet normal 0 -1 0
    outer loop
      vertex 97.95384615384614 171.27692307692305 6
      vertex 113.58461538461538 171.27692307692305 41.534615384615385
      vertex 97.95384615384614 171.27692307692305 41.534615384615385
    endloop
  endfacet
  facet normal 0 1 0
    outer loop
      vertex 113.58461538461538 155.64615384615385 6
      vertex 97.95384615384614 155.64615384615385 41.534615384615385
      vertex 113.58461538461538 155.64615384615385 41.534615384615385
    endloop
  endfacet
  facet normal -1 0 0
    outer loop
      vertex 113.58461538461538 171.27692307692305 6
      vertex 113.58461538461538 155.64615384615385 41.534615384615385
      vertex 113.58461538461538 155.64615384615385 41.54461538461538
    endloop
  endfacet
  facet normal -1 0 0
    outer loop
      vertex 113.58461538461538 171.27692307692305 6
      vertex 113.58461538461538 155.64615384615385 41.54461538461538
      vertex 113.58461538461538 171.27692307692305 41.534615384615385
    endloop
  endfacet
  facet normal 0 1 0
    outer loop
      vertex 115.39461538461538 173.08692307692309 5.99
      vertex 96.14384615384614 173.08692307692309 50
      vertex 115.39461538461538 173.08692307692309 50
    endloop
  endfacet
  facet normal 1 0 0
    outer loop
      vertex 115.39461538461538 173.08692307692309 5.99
      vertex 115.39461538461538 173.08692307692309 50
      vertex 115.39461538461538 153.83615384615385 50
    endloop
  endfacet
  facet normal 1 0 0
    outer loop
      vertex 97.95384615384614 155.64615384615385 41.534615384615385
      vertex 97.95384615384614 171.27692307692305 41.534615384615385
      vertex 97.95384615384614 155.64615384615385 41.54461538461538
    endloop
  endfacet
  facet normal 0 1 0
    outer loop
      vertex 97.95384615384614 155.64615384615385 41.534615384615385
      vertex 97.95384615384614 155.64615384615385 41.54461538461538
      vertex 113.58461538461538 155.64615384615385 41.534615384615385
    endloop
  endfacet
  facet normal 0.7071067811865476 0 -0.7071067811865476
    outer loop
      vertex 97.95384615384614 155.64615384615385 41.54461538461538
      vertex 104.01923076923076 165.21153846153845 47.61
      vertex 104.01923076923076 161.71153846153845 47.61
    endloop
  endfacet
  facet normal 0 0.7071067811865483 -0.7071067811865467
    outer loop
      vertex 97.95384615384614 155.64615384615385 41.54461538461538
      vertex 104.01923076923076 161.71153846153845 47.61
      vertex 107.51923076923076 161.71153846153845 47.61
    endloop
  endfacet
  facet normal 0 1 0
    outer loop
      vertex 104.01923076923076 161.71153846153845 47.61
      vertex 104.01923076923076 161.71153846153845 50
      vertex 107.51923076923076 161.71153846153845 47.61
    endloop
  endfacet
  facet normal 0 0 1
    outer loop
      vertex 96.14384615384614 153.83615384615385 50
      vertex 104.01923076923076 161.71153846153845 50
      vertex 104.01923076923076 165.21153846153845 50
    endloop
  endfacet
  facet normal 0 0 1
    outer loop
      vertex 96.14384615384614 153.83615384615385 50
      vertex 107.51923076923076 161.71153846153845 50
      vertex 104.01923076923076 161.71153846153845 50
    endloop
  endfacet
  facet normal 1 0 0
    outer loop
      vertex 104.01923076923076 161.71153846153845 47.61
      vertex 104.01923076923076 165.21153846153845 50
      vertex 104.01923076923076 161.71153846153845 50
    endloop
  endfacet
  facet normal 1 0 0
    outer loop
      vertex 97.95384615384614 155.64615384615385 41.54461538461538
      vertex 97.95384615384614 171.27692307692305 41.534615384615385
      vertex 97.95384615384614 171.27692307692305 41.54461538461538
    endloop
  endfacet
  facet normal 0 -1 0
    outer loop
      vertex 97.95384615384614 171.27692307692305 41.54461538461538
      vertex 97.95384615384614 171.27692307692305 41.534615384615385
      vertex 113.58461538461538 171.27692307692305 41.54461538461538
    endloop
  endfacet
  facet normal 0.7071067811865475 0 -0.7071067811865475
    outer loop
      vertex 97.95384615384614 155.64615384615385 41.54461538461538
      vertex 97.95384615384614 171.27692307692305 41.54461538461538
      vertex 104.01923076923076 165.21153846153845 47.61
    endloop
  endfacet
  facet normal 0 -0.7071067811865485 -0.7071067811865467
    outer loop
      vertex 97.95384615384614 171.27692307692305 41.54461538461538
      vertex 113.58461538461538 171.27692307692305 41.54461538461538
      vertex 104.01923076923076 165.21153846153845 47.61
    endloop
  endfacet
  facet normal 1 0 0
    outer loop
      vertex 104.01923076923076 161.71153846153845 47.61
      vertex 104.01923076923076 165.21153846153845 47.61
      vertex 104.01923076923076 165.21153846153845 50
    endloop
  endfacet
  facet normal 0 0 1
    outer loop
      vertex 96.14384615384614 153.83615384615385 50
      vertex 104.01923076923076 165.21153846153845 50
      vertex 96.14384615384614 173.08692307692309 50
    endloop
  endfacet
  facet normal 0 -1 0
    outer loop
      vertex 104.01923076923076 165.21153846153845 47.61
      vertex 107.51923076923076 165.21153846153845 50
      vertex 104.01923076923076 165.21153846153845 50
    endloop
  endfacet
  facet normal 0 0 1
    outer loop
      vertex 96.14384615384614 173.08692307692309 50
      vertex 104.01923076923076 165.21153846153845 50
      vertex 115.39461538461538 173.08692307692309 50
    endloop
  endfacet
  facet normal 0 1 0
    outer loop
      vertex 97.95384615384614 155.64615384615385 41.54461538461538
      vertex 113.58461538461538 155.64615384615385 41.54461538461538
      vertex 113.58461538461538 155.64615384615385 41.534615384615385
    endloop
  endfacet
  facet normal 0 0.7071067811865485 -0.7071067811865467
    outer loop
      vertex 97.95384615384614 155.64615384615385 41.54461538461538
      vertex 107.51923076923076 161.71153846153845 47.61
      vertex 113.58461538461538 155.64615384615385 41.54461538461538
    endloop
  endfacet
  facet normal -0.7071067811865476 0 -0.7071067811865476
    outer loop
      vertex 113.58461538461538 155.64615384615385 41.54461538461538
      vertex 107.51923076923076 161.71153846153845 47.61
      vertex 107.51923076923076 165.21153846153845 47.61
    endloop
  endfacet
  facet normal -1 0 0
    outer loop
      vertex 107.51923076923076 161.71153846153845 47.61
      vertex 107.51923076923076 161.71153846153845 50
      vertex 107.51923076923076 165.21153846153845 47.61
    endloop
  endfacet
  facet normal 0 0 1
    outer loop
      vertex 96.14384615384614 153.83615384615385 50
      vertex 115.39461538461538 153.83615384615385 50
      vertex 107.51923076923076 161.71153846153845 50
    endloop
  endfacet
  facet normal 0 1 0
    outer loop
      vertex 104.01923076923076 161.71153846153845 50
      vertex 107.51923076923076 161.71153846153845 50
      vertex 107.51923076923076 161.71153846153845 47.61
    endloop
  endfacet
  facet normal 0 0 1
    outer loop
      vertex 107.51923076923076 161.71153846153845 50
      vertex 115.39461538461538 153.83615384615385 50
      vertex 107.51923076923076 165.21153846153845 50
    endloop
  endfacet
  facet normal 0 -1 0
    outer loop
      vertex 97.95384615384614 171.27692307692305 41.534615384615385
      vertex 113.58461538461538 171.27692307692305 41.534615384615385
      vertex 113.58461538461538 171.27692307692305 41.54461538461538
    endloop
  endfacet
  facet normal -1 0 0
    outer loop
      vertex 113.58461538461538 155.64615384615385 41.54461538461538
      vertex 113.58461538461538 171.27692307692305 41.54461538461538
      vertex 113.58461538461538 171.27692307692305 41.534615384615385
    endloop
  endfacet
  facet normal -0.7071067811865475 0 -0.7071067811865475
    outer loop
      vertex 113.58461538461538 155.64615384615385 41.54461538461538
      vertex 107.51923076923076 165.21153846153845 47.61
      vertex 113.58461538461538 171.27692307692305 41.54461538461538
    endloop
  endfacet
  facet normal 0 -0.7071067811865483 -0.7071067811865467
    outer loop
      vertex 104.01923076923076 165.21153846153845 47.61
      vertex 113.58461538461538 171.27692307692305 41.54461538461538
      vertex 107.51923076923076 165.21153846153845 47.61
    endloop
  endfacet
  facet normal 0 -1 0
    outer loop
      vertex 104.01923076923076 165.21153846153845 47.61
      vertex 107.51923076923076 165.21153846153845 47.61
      vertex 107.51923076923076 165.21153846153845 50
    endloop
  endfacet
  facet normal -1 0 0
    outer loop
      vertex 107.51923076923076 161.71153846153845 50
      vertex 107.51923076923076 165.21153846153845 50
      vertex 107.51923076923076 165.21153846153845 47.61
    endloop
  endfacet
  facet normal 0 0 1
    outer loop
      vertex 104.01923076923076 165.21153846153845 50
      vertex 107.51923076923076 165.21153846153845 50
      vertex 115.39461538461538 173.08692307692309 50
    endloop
  endfacet
  facet normal 0 0 1
    outer loop
      vertex 115.39461538461538 153.83615384615385 50
      vertex 115.39461538461538 173.08692307692309 50
      vertex 107.51923076923076 165.21153846153845 50
    endloop
  endfacet
  facet normal 1 0 0
    outer loop
      vertex 117.18461538461538 232.56923076923078 6
      vertex 117.18461538461538 248.2 41.534615384615385
      vertex 117.18461538461538 232.56923076923078 41.534615384615385
    endloop
  endfacet
  facet normal 0 1 0
    outer loop
      vertex 132.8153846153846 232.56923076923078 6
      vertex 117.18461538461538 232.56923076923078 41.534615384615385
      vertex 132.8153846153846 232.56923076923078 41.534615384615385
    endloop
  endfacet
  facet normal 0 -1 0
    outer loop
      vertex 117.18461538461538 248.2 6
      vertex 132.8153846153846 248.2 41.534615384615385
      vertex 117.18461538461538 248.2 41.534615384615385
    endloop
  endfacet
  facet normal -1 0 0
    outer loop
      vertex 132.8153846153846 248.2 6
      vertex 132.8153846153846 232.56923076923078 41.534615384615385
      vertex 132.8153846153846 232.56923076923078 41.54461538461538
    endloop
  endfacet
  facet normal -1 0 0
    outer loop
      vertex 132.8153846153846 248.2 6
      vertex 132.8153846153846 232.56923076923078 41.54461538461538
      vertex 132.8153846153846 248.2 41.534615384615385
    endloop
  endfacet
  facet normal -1 0 0
    outer loop
      vertex 115.37461538461538 230.75923076923078 50
      vertex 115.37461538461538 250 50
      vertex 115.37461538461538 250 5.99
    endloop
  endfacet
  facet normal 0 -1 0
    outer loop
      vertex 115.37461538461538 230.75923076923078 5.99
      vertex 134.6253846153846 230.75923076923078 50
      vertex 115.37461538461538 230.75923076923078 50
    endloop
  endfacet
  facet normal 0 1 0
    outer loop
      vertex 115.37461538461538 250 50
      vertex 134.6109403879964 250 50
      vertex 115.37461538461538 250 5.99
    endloop
  endfacet
  facet normal 1 0 0
    outer loop
      vertex 117.18461538461538 232.56923076923078 41.534615384615385
      vertex 117.18461538461538 248.2 41.534615384615385
      vertex 117.18461538461538 232.56923076923078 41.54461538461538
    endloop
  endfacet
  facet normal 1 0 0
    outer loop
      vertex 117.18461538461538 232.56923076923078 41.54461538461538
      vertex 117.18461538461538 248.2 41.534615384615385
      vertex 117.18461538461538 248.2 41.54461538461538
    endloop
  endfacet
  facet normal 0.7071067811865475 0 -0.7071067811865475
    outer loop
      vertex 117.18461538461538 232.56923076923078 41.54461538461538
      vertex 117.18461538461538 248.2 41.54461538461538
      vertex 123.25 242.1346153846154 47.61
    endloop
  endfacet
  facet normal 0 1 0
    outer loop
      vertex 117.18461538461538 232.56923076923078 41.534615384615385
      vertex 117.18461538461538 232.56923076923078 41.54461538461538
      vertex 132.8153846153846 232.56923076923078 41.534615384615385
    endloop
  endfacet
  facet normal 0 1 0
    outer loop
      vertex 117.18461538461538 232.56923076923078 41.54461538461538
      vertex 132.8153846153846 232.56923076923078 41.54461538461538
      vertex 132.8153846153846 232.56923076923078 41.534615384615385
    endloop
  endfacet
  facet normal 0 0.7071067811865483 -0.7071067811865467
    outer loop
      vertex 117.18461538461538 232.56923076923078 41.54461538461538
      vertex 126.75 238.6346153846154 47.61
      vertex 132.8153846153846 232.56923076923078 41.54461538461538
    endloop
  endfacet
  facet normal 0 -1 0
    outer loop
      vertex 117.18461538461538 248.2 41.54461538461538
      vertex 117.18461538461538 248.2 41.534615384615385
      vertex 132.8153846153846 248.2 41.54461538461538
    endloop
  endfacet
  facet normal 0 -1 0
    outer loop
      vertex 117.18461538461538 248.2 41.534615384615385
      vertex 132.8153846153846 248.2 41.534615384615385
      vertex 132.8153846153846 248.2 41.54461538461538
    endloop
  endfacet
  facet normal -1 0 0
    outer loop
      vertex 132.8153846153846 232.56923076923078 41.54461538461538
      vertex 132.8153846153846 248.2 41.54461538461538
      vertex 132.8153846153846 248.2 41.534615384615385
    endloop
  endfacet
  facet normal 0 -0.7071067811865483 -0.7071067811865467
    outer loop
      vertex 117.18461538461538 248.2 41.54461538461538
      vertex 132.8153846153846 248.2 41.54461538461538
      vertex 123.25 242.1346153846154 47.61
    endloop
  endfacet
  facet normal -0.7071067811865482 0 -0.7071067811865467
    outer loop
      vertex 132.8153846153846 232.56923076923078 41.54461538461538
      vertex 126.75 242.1346153846154 47.61
      vertex 132.8153846153846 248.2 41.54461538461538
    endloop
  endfacet
  facet normal 0 0 1
    outer loop
      vertex 115.37461538461538 230.75923076923078 50
      vertex 123.25 242.1346153846154 50
      vertex 115.37461538461538 250 50
    endloop
  endfacet
  facet normal 0 0 1
    outer loop
      vertex 115.37461538461538 230.75923076923078 50
      vertex 134.60538461538462 230.77307713114584 50
      vertex 123.25 238.6346153846154 50
    endloop
  endfacet
  facet normal 0 0 1
    outer loop
      vertex 115.37461538461538 230.75923076923078 50
      vertex 134.6253846153846 230.75923076923078 50
      vertex 134.60538461538462 230.77307713114584 50
    endloop
  endfacet
  facet normal 0.7071067811865476 0 -0.7071067811865476
    outer loop
      vertex 117.18461538461538 232.56923076923078 41.54461538461538
      vertex 123.25 242.1346153846154 47.61
      vertex 123.25 238.6346153846154 47.61
    endloop
  endfacet
  facet normal 0 0.7071067811865483 -0.7071067811865467
    outer loop
      vertex 117.18461538461538 232.56923076923078 41.54461538461538
      vertex 123.25 238.6346153846154 47.61
      vertex 126.75 238.6346153846154 47.61
    endloop
  endfacet
  facet normal -0.7071067811865483 0 -0.7071067811865467
    outer loop
      vertex 132.8153846153846 232.56923076923078 41.54461538461538
      vertex 126.75 238.6346153846154 47.61
      vertex 126.75 242.1346153846154 47.61
    endloop
  endfacet
  facet normal 0 -0.7071067811865483 -0.7071067811865467
    outer loop
      vertex 132.8153846153846 248.2 41.54461538461538
      vertex 126.75 242.1346153846154 47.61
      vertex 123.25 242.1346153846154 47.61
    endloop
  endfacet
  facet normal 1 0 0
    outer loop
      vertex 123.25 238.6346153846154 47.61
      vertex 123.25 242.1346153846154 47.61
      vertex 123.25 242.1346153846154 50
    endloop
  endfacet
  facet normal 0 1 0
    outer loop
      vertex 123.25 238.6346153846154 47.61
      vertex 123.25 238.6346153846154 50
      vertex 126.75 238.6346153846154 47.61
    endloop
  endfacet
  facet normal 0 -1 0
    outer loop
      vertex 123.25 242.1346153846154 47.61
      vertex 126.75 242.1346153846154 47.61
      vertex 126.75 242.1346153846154 50
    endloop
  endfacet
  facet normal -1 0 0
    outer loop
      vertex 126.75 238.6346153846154 47.61
      vertex 126.75 238.6346153846154 50
      vertex 126.75 242.1346153846154 47.61
    endloop
  endfacet
  facet normal 0 0 1
    outer loop
      vertex 115.37461538461538 230.75923076923078 50
      vertex 123.25 238.6346153846154 50
      vertex 123.25 242.1346153846154 50
    endloop
  endfacet
  facet normal 1 0 0
    outer loop
      vertex 123.25 238.6346153846154 47.61
      vertex 123.25 242.1346153846154 50
      vertex 123.25 238.6346153846154 50
    endloop
  endfacet
  facet normal 0 1 0
    outer loop
      vertex 126.75 238.6346153846154 47.61
      vertex 123.25 238.6346153846154 50
      vertex 126.75 238.6346153846154 50
    endloop
  endfacet
  facet normal 0 -1 0
    outer loop
      vertex 123.25 242.1346153846154 47.61
      vertex 126.75 242.1346153846154 50
      vertex 123.25 242.1346153846154 50
    endloop
  endfacet
  facet normal -1 0 0
    outer loop
      vertex 126.75 242.1346153846154 47.61
      vertex 126.75 238.6346153846154 50
      vertex 126.75 242.1346153846154 50
    endloop
  endfacet
  facet normal 0 0 1
    outer loop
      vertex 123.25 242.1346153846154 50
      vertex 134.60538461538462 249.99615363808496 50
      vertex 115.37461538461538 250 50
    endloop
  endfacet
  facet normal 0 0 1
    outer loop
      vertex 134.60538461538462 230.77307713114584 50
      vertex 126.75 238.6346153846154 50
      vertex 123.25 238.6346153846154 50
    endloop
  endfacet
  facet normal 0 0 1
    outer loop
      vertex 134.60538461538462 230.77307713114584 50
      vertex 126.75 242.1346153846154 50
      vertex 126.75 238.6346153846154 50
    endloop
  endfacet
  facet normal 0 0 1
    outer loop
      vertex 134.60538461538462 230.77307713114584 50
      vertex 134.60538461538462 249.99615363808496 50
      vertex 126.75 242.1346153846154 50
    endloop
  endfacet
  facet normal 0 0 1
    outer loop
      vertex 123.25 242.1346153846154 50
      vertex 126.75 242.1346153846154 50
      vertex 134.60538461538462 249.99615363808496 50
    endloop
  endfacet
  facet normal 0 0 1
    outer loop
      vertex 134.60538461538462 249.99615363808496 50
      vertex 134.6109403879964 250 50
      vertex 115.37461538461538 250 50
    endloop
  endfacet
  facet normal 0 0 -1
    outer loop
      vertex 134.60538461538462 38.451538461538476 5.99
      vertex 134.6253846153846 19.24076923076921 5.99
      vertex 134.6253846153846 19.22076923076923 5.99
    endloop
  endfacet
  facet normal 0 0 -1
    outer loop
      vertex 134.6253846153846 19.24076923076921 5.99
      vertex 153.85615384615386 19.22076923076923 5.99
      vertex 134.6253846153846 19.22076923076923 5.99
    endloop
  endfacet
  facet normal 0 0 -1
    outer loop
      vertex 134.60538461538462 38.451538461538476 5.99
      vertex 134.6253846153846 38.47153846153846 5.99
      vertex 134.6253846153846 19.24076923076921 5.99
    endloop
  endfacet
  facet normal 0 0 1
    outer loop
      vertex 136.41538461538462 21.03076923076923 6
      vertex 152.04615384615383 36.66153846153846 6
      vertex 136.41538461538462 36.66153846153846 6
    endloop
  endfacet
  facet normal 0 0 -1
    outer loop
      vertex 134.6253846153846 19.24076923076921 5.99
      vertex 134.6253846153846 38.47153846153846 5.99
      vertex 153.85615384615386 38.47153846153846 5.99
    endloop
  endfacet
  facet normal 0 0 1
    outer loop
      vertex 136.41538461538462 21.03076923076923 6
      vertex 152.04615384615383 21.03076923076923 6
      vertex 152.04615384615383 36.66153846153846 6
    endloop
  endfacet
  facet normal 0 0 -1
    outer loop
      vertex 134.6253846153846 19.24076923076921 5.99
      vertex 153.85615384615386 38.47153846153846 5.99
      vertex 153.85615384615386 19.22076923076923 5.99
    endloop
  endfacet
  facet normal 0 1 0
    outer loop
      vertex 136.41538461538462 21.03076923076923 6
      vertex 136.41538461538462 21.03076923076923 41.534615384615385
      vertex 152.04615384615383 21.03076923076923 6
    endloop
  endfacet
  facet normal 1 0 0
    outer loop
      vertex 136.41538461538462 21.03076923076923 6
      vertex 136.41538461538462 36.66153846153846 6
      vertex 136.41538461538462 36.66153846153846 41.534615384615385
    endloop
  endfacet
  facet normal 0 -1 0
    outer loop
      vertex 134.6253846153846 19.22076923076923 5.99
      vertex 153.85615384615386 19.22076923076923 5.99
      vertex 153.85615384615386 19.22076923076923 50
    endloop
  endfacet
  facet normal 0 -1 0
    outer loop
      vertex 136.41538461538462 36.66153846153846 6
      vertex 152.04615384615383 36.66153846153846 6
      vertex 152.04615384615383 36.66153846153846 41.534615384615385
    endloop
  endfacet
  facet normal 0 1 0
    outer loop
      vertex 134.6253846153846 38.47153846153846 5.99
      vertex 134.6253846153846 38.47153846153846 50
      vertex 153.85615384615386 38.47153846153846 5.99
    endloop
  endfacet
  facet normal -1 0 0
    outer loop
      vertex 152.04615384615383 21.03076923076923 6
      vertex 152.04615384615383 21.03076923076923 41.534615384615385
      vertex 152.04615384615383 36.66153846153846 6
    endloop
  endfacet
  facet normal 1 0 0
    outer loop
      vertex 153.85615384615386 19.22076923076923 5.99
      vertex 153.85615384615386 38.47153846153846 5.99
      vertex 153.85615384615386 19.22076923076923 50
    endloop
  endfacet
  facet normal 0 0 -1
    outer loop
      vertex 153.83615384615385 96.14384615384614 5.99
      vertex 153.83615384615385 115.39461538461538 5.99
      vertex 173.08692307692309 115.39461538461538 5.99
    endloop
  endfacet
  facet normal 0 0 1
    outer loop
      vertex 155.64615384615385 97.95384615384614 6
      vertex 171.27692307692305 113.58461538461538 6
      vertex 155.64615384615385 113.58461538461538 6
    endloop
  endfacet
  facet normal 0 0 1
    outer loop
      vertex 155.64615384615385 97.95384615384614 6
      vertex 171.27692307692305 97.95384615384614 6
      vertex 171.27692307692305 113.58461538461538 6
    endloop
  endfacet
  facet normal 0 0 -1
    outer loop
      vertex 153.83615384615385 96.14384615384614 5.99
      vertex 173.08692307692309 115.39461538461538 5.99
      vertex 173.08692307692309 96.14384615384614 5.99
    endloop
  endfacet
  facet normal 0 1 0
    outer loop
      vertex 155.64615384615385 97.95384615384614 6
      vertex 155.64615384615385 97.95384615384614 41.534615384615385
      vertex 171.27692307692305 97.95384615384614 6
    endloop
  endfacet
  facet normal 1 0 0
    outer loop
      vertex 155.64615384615385 97.95384615384614 6
      vertex 155.64615384615385 113.58461538461538 6
      vertex 155.64615384615385 113.58461538461538 41.534615384615385
    endloop
  endfacet
  facet normal -1 0 0
    outer loop
      vertex 153.83615384615385 96.14384615384614 5.99
      vertex 153.83615384615385 115.39461538461538 50
      vertex 153.83615384615385 115.39461538461538 5.99
    endloop
  endfacet
  facet normal 0 1 0
    outer loop
      vertex 153.83615384615385 115.39461538461538 5.99
      vertex 153.83615384615385 115.39461538461538 50
      vertex 173.08692307692309 115.39461538461538 5.99
    endloop
  endfacet
  facet normal -1 0 0
    outer loop
      vertex 171.27692307692305 97.95384615384614 6
      vertex 171.27692307692305 97.95384615384614 41.534615384615385
      vertex 171.27692307692305 113.58461538461538 6
    endloop
  endfacet
  facet normal 0 -1 0
    outer loop
      vertex 153.83615384615385 96.14384615384614 5.99
      vertex 173.08692307692309 96.14384615384614 5.99
      vertex 173.08692307692309 96.14384615384614 50
    endloop
  endfacet
  facet normal 1 0 0
    outer loop
      vertex 173.08692307692309 96.14384615384614 5.99
      vertex 173.08692307692309 115.39461538461538 5.99
      vertex 173.08692307692309 96.14384615384614 50
    endloop
  endfacet
  facet normal 0 -1 0
    outer loop
      vertex 155.64615384615385 113.58461538461538 6
      vertex 171.27692307692305 113.58461538461538 6
      vertex 171.27692307692305 113.58461538461538 41.534615384615385
    endloop
  endfacet
  facet normal 0 0 -1
    outer loop
      vertex 230.75923076923078 115.37461538461538 5.99
      vertex 230.75923076923078 134.6253846153846 5.99
      vertex 230.77923076923076 134.6253846153846 5.99
    endloop
  endfacet
  facet normal 0 0 -1
    outer loop
      vertex 230.75923076923078 115.37461538461538 5.99
      vertex 230.77923076923076 134.6253846153846 5.99
      vertex 249.99000000000004 134.60538461538462 5.99
    endloop
  endfacet
  facet normal 0 0 1
    outer loop
      vertex 232.56923076923078 117.18461538461538 6
      vertex 248.2 132.8153846153846 6
      vertex 232.56923076923078 132.8153846153846 6
    endloop
  endfacet
  facet normal 0 0 -1
    outer loop
      vertex 230.75923076923078 115.37461538461538 5.99
      vertex 249.99000000000004 134.60538461538462 5.99
      vertex 250 115.37461538461538 5.99
    endloop
  endfacet
  facet normal 0 0 1
    outer loop
      vertex 232.56923076923078 117.18461538461538 6
      vertex 248.2 117.18461538461538 6
      vertex 248.2 132.8153846153846 6
    endloop
  endfacet
  facet normal 0 0 -1
    outer loop
      vertex 249.99000000000004 134.60538461538462 5.99
      vertex 250 134.60538461538462 5.99
      vertex 250 115.37461538461538 5.99
    endloop
  endfacet
  facet normal 1 0 0
    outer loop
      vertex 232.56923076923078 117.18461538461538 6
      vertex 232.56923076923078 132.8153846153846 6
      vertex 232.56923076923078 132.8153846153846 41.534615384615385
    endloop
  endfacet
  facet normal -1 0 0
    outer loop
      vertex 230.75923076923078 115.37461538461538 5.99
      vertex 230.75923076923078 134.6253846153846 50
      vertex 230.75923076923078 134.6253846153846 5.99
    endloop
  endfacet
  facet normal 0 1 0
    outer loop
      vertex 232.56923076923078 117.18461538461538 6
      vertex 232.56923076923078 117.18461538461538 41.534615384615385
      vertex 248.2 117.18461538461538 6
    endloop
  endfacet
  facet normal 0 -1 0
    outer loop
      vertex 230.75923076923078 115.37461538461538 5.99
      vertex 250 115.37461538461538 5.99
      vertex 250 115.37461538461538 50
    endloop
  endfacet
  facet normal -1 0 0
    outer loop
      vertex 248.2 117.18461538461538 6
      vertex 248.2 117.18461538461538 41.534615384615385
      vertex 248.2 132.8153846153846 6
    endloop
  endfacet
  facet normal 0 -1 0
    outer loop
      vertex 232.56923076923078 132.8153846153846 6
      vertex 248.2 132.8153846153846 6
      vertex 248.2 132.8153846153846 41.534615384615385
    endloop
  endfacet
  facet normal 1 0 0
    outer loop
      vertex 250 115.37461538461538 5.99
      vertex 250 134.60538461538462 5.99
      vertex 250 115.37461538461538 50
    endloop
  endfacet
  facet normal 1 0 0
    outer loop
      vertex 136.41538461538462 21.03076923076923 6
      vertex 136.41538461538462 36.66153846153846 41.534615384615385
      vertex 136.41538461538462 21.03076923076923 41.534615384615385
    endloop
  endfacet
  facet normal 0 1 0
    outer loop
      vertex 152.04615384615383 21.03076923076923 6
      vertex 136.41538461538462 21.03076923076923 41.534615384615385
      vertex 152.04615384615383 21.03076923076923 41.534615384615385
    endloop
  endfacet
  facet normal 0 -1 0
    outer loop
      vertex 136.41538461538462 36.66153846153846 6
      vertex 152.04615384615383 36.66153846153846 41.534615384615385
      vertex 136.41538461538462 36.66153846153846 41.534615384615385
    endloop
  endfacet
  facet normal -1 0 0
    outer loop
      vertex 152.04615384615383 36.66153846153846 6
      vertex 152.04615384615383 21.03076923076923 41.534615384615385
      vertex 152.04615384615383 21.03076923076923 41.54461538461538
    endloop
  endfacet
  facet normal -1 0 0
    outer loop
      vertex 152.04615384615383 36.66153846153846 6
      vertex 152.04615384615383 21.03076923076923 41.54461538461538
      vertex 152.04615384615383 36.66153846153846 41.534615384615385
    endloop
  endfacet
  facet normal 0 -1 0
    outer loop
      vertex 134.6253846153846 19.22076923076923 5.99
      vertex 153.85615384615386 19.22076923076923 50
      vertex 134.6253846153846 19.22076923076923 50
    endloop
  endfacet
  facet normal 0 1 0
    outer loop
      vertex 153.85615384615386 38.47153846153846 5.99
      vertex 134.6253846153846 38.47153846153846 50
      vertex 153.85615384615386 38.47153846153846 50
    endloop
  endfacet
  facet normal 1 0 0
    outer loop
      vertex 153.85615384615386 38.47153846153846 5.99
      vertex 153.85615384615386 38.47153846153846 50
      vertex 153.85615384615386 19.22076923076923 50
    endloop
  endfacet
  facet normal 1 0 0
    outer loop
      vertex 136.41538461538462 21.03076923076923 41.534615384615385
      vertex 136.41538461538462 36.66153846153846 41.534615384615385
      vertex 136.41538461538462 21.03076923076923 41.54461538461538
    endloop
  endfacet
  facet normal 0 1 0
    outer loop
      vertex 136.41538461538462 21.03076923076923 41.534615384615385
      vertex 136.41538461538462 21.03076923076923 41.54461538461538
      vertex 152.04615384615383 21.03076923076923 41.534615384615385
    endloop
  endfacet
  facet normal 1 0 0
    outer loop
      vertex 136.41538461538462 21.03076923076923 41.54461538461538
      vertex 136.41538461538462 36.66153846153846 41.534615384615385
      vertex 136.41538461538462 36.66153846153846 41.54461538461538
    endloop
  endfacet
  facet normal 0 1 0
    outer loop
      vertex 136.41538461538462 21.03076923076923 41.54461538461538
      vertex 152.04615384615383 21.03076923076923 41.54461538461538
      vertex 152.04615384615383 21.03076923076923 41.534615384615385
    endloop
  endfacet
  facet normal 0.7071067811865485 0 -0.7071067811865467
    outer loop
      vertex 136.41538461538462 21.03076923076923 41.54461538461538
      vertex 136.41538461538462 36.66153846153846 41.54461538461538
      vertex 142.48076923076923 30.596153846153847 47.61
    endloop
  endfacet
  facet normal 0 0.7071067811865475 -0.7071067811865475
    outer loop
      vertex 136.41538461538462 21.03076923076923 41.54461538461538
      vertex 145.98076923076923 27.096153846153847 47.61
      vertex 152.04615384615383 21.03076923076923 41.54461538461538
    endloop
  endfacet
  facet normal 0 -1 0
    outer loop
      vertex 136.41538461538462 36.66153846153846 41.54461538461538
      vertex 136.41538461538462 36.66153846153846 41.534615384615385
      vertex 152.04615384615383 36.66153846153846 41.54461538461538
    endloop
  endfacet
  facet normal 0 -1 0
    outer loop
      vertex 136.41538461538462 36.66153846153846 41.534615384615385
      vertex 152.04615384615383 36.66153846153846 41.534615384615385
      vertex 152.04615384615383 36.66153846153846 41.54461538461538
    endloop
  endfacet
  facet normal 0 -0.7071067811865475 -0.7071067811865475
    outer loop
      vertex 136.41538461538462 36.66153846153846 41.54461538461538
      vertex 152.04615384615383 36.66153846153846 41.54461538461538
      vertex 142.48076923076923 30.596153846153847 47.61
    endloop
  endfacet
  facet normal -1 0 0
    outer loop
      vertex 152.04615384615383 21.03076923076923 41.54461538461538
      vertex 152.04615384615383 36.66153846153846 41.54461538461538
      vertex 152.04615384615383 36.66153846153846 41.534615384615385
    endloop
  endfacet
  facet normal -0.7071067811865485 0 -0.7071067811865467
    outer loop
      vertex 152.04615384615383 21.03076923076923 41.54461538461538
      vertex 145.98076923076923 30.596153846153847 47.61
      vertex 152.04615384615383 36.66153846153846 41.54461538461538
    endloop
  endfacet
  facet normal 0.7071067811865483 0 -0.7071067811865467
    outer loop
      vertex 136.41538461538462 21.03076923076923 41.54461538461538
      vertex 142.48076923076923 30.596153846153847 47.61
      vertex 142.48076923076923 27.096153846153847 47.61
    endloop
  endfacet
  facet normal 0 0.7071067811865476 -0.7071067811865476
    outer loop
      vertex 136.41538461538462 21.03076923076923 41.54461538461538
      vertex 142.48076923076923 27.096153846153847 47.61
      vertex 145.98076923076923 27.096153846153847 47.61
    endloop
  endfacet
  facet normal -0.7071067811865483 0 -0.7071067811865467
    outer loop
      vertex 152.04615384615383 21.03076923076923 41.54461538461538
      vertex 145.98076923076923 27.096153846153847 47.61
      vertex 145.98076923076923 30.596153846153847 47.61
    endloop
  endfacet
  facet normal 0 -0.7071067811865476 -0.7071067811865476
    outer loop
      vertex 152.04615384615383 36.66153846153846 41.54461538461538
      vertex 145.98076923076923 30.596153846153847 47.61
      vertex 142.48076923076923 30.596153846153847 47.61
    endloop
  endfacet
  facet normal 0 0 1
    outer loop
      vertex 134.60538461538462 19.234615592684282 50
      vertex 134.6253846153846 19.22076923076923 50
      vertex 142.48076923076923 30.596153846153847 50
    endloop
  endfacet
  facet normal 0 0 1
    outer loop
      vertex 134.6253846153846 19.22076923076923 50
      vertex 142.48076923076923 27.096153846153847 50
      vertex 142.48076923076923 30.596153846153847 50
    endloop
  endfacet
  facet normal 0 0 1
    outer loop
      vertex 134.6253846153846 19.22076923076923 50
      vertex 145.98076923076923 27.096153846153847 50
      vertex 142.48076923076923 27.096153846153847 50
    endloop
  endfacet
  facet normal 0 0 1
    outer loop
      vertex 134.60538461538462 19.234615592684282 50
      vertex 142.48076923076923 30.596153846153847 50
      vertex 134.60538461538462 38.4576920996234 50
    endloop
  endfacet
  facet normal 0 0 1
    outer loop
      vertex 134.60538461538462 38.4576920996234 50
      vertex 142.48076923076923 30.596153846153847 50
      vertex 145.98076923076923 30.596153846153847 50
    endloop
  endfacet
  facet normal 0 0 1
    outer loop
      vertex 134.6253846153846 19.22076923076923 50
      vertex 153.85615384615386 19.22076923076923 50
      vertex 145.98076923076923 27.096153846153847 50
    endloop
  endfacet
  facet normal 1 0 0
    outer loop
      vertex 142.48076923076923 27.096153846153847 47.61
      vertex 142.48076923076923 30.596153846153847 47.61
      vertex 142.48076923076923 30.596153846153847 50
    endloop
  endfacet
  facet normal 0 1 0
    outer loop
      vertex 142.48076923076923 27.096153846153847 47.61
      vertex 142.48076923076923 27.096153846153847 50
      vertex 145.98076923076923 27.096153846153847 47.61
    endloop
  endfacet
  facet normal 0 -1 0
    outer loop
      vertex 142.48076923076923 30.596153846153847 47.61
      vertex 145.98076923076923 30.596153846153847 47.61
      vertex 145.98076923076923 30.596153846153847 50
    endloop
  endfacet
  facet normal -1 0 0
    outer loop
      vertex 145.98076923076923 27.096153846153847 47.61
      vertex 145.98076923076923 27.096153846153847 50
      vertex 145.98076923076923 30.596153846153847 47.61
    endloop
  endfacet
  facet normal 1 0 0
    outer loop
      vertex 142.48076923076923 27.096153846153847 47.61
      vertex 142.48076923076923 30.596153846153847 50
      vertex 142.48076923076923 27.096153846153847 50
    endloop
  endfacet
  facet normal 0 1 0
    outer loop
      vertex 145.98076923076923 27.096153846153847 47.61
      vertex 142.48076923076923 27.096153846153847 50
      vertex 145.98076923076923 27.096153846153847 50
    endloop
  endfacet
  facet normal 0 -1 0
    outer loop
      vertex 142.48076923076923 30.596153846153847 47.61
      vertex 145.98076923076923 30.596153846153847 50
      vertex 142.48076923076923 30.596153846153847 50
    endloop
  endfacet
  facet normal -1 0 0
    outer loop
      vertex 145.98076923076923 30.596153846153847 47.61
      vertex 145.98076923076923 27.096153846153847 50
      vertex 145.98076923076923 30.596153846153847 50
    endloop
  endfacet
  facet normal 0 0 1
    outer loop
      vertex 145.98076923076923 27.096153846153847 50
      vertex 153.85615384615386 38.47153846153846 50
      vertex 145.98076923076923 30.596153846153847 50
    endloop
  endfacet
  facet normal 0 0 1
    outer loop
      vertex 134.60538461538462 38.4576920996234 50
      vertex 145.98076923076923 30.596153846153847 50
      vertex 134.6253846153846 38.47153846153846 50
    endloop
  endfacet
  facet normal 0 0 1
    outer loop
      vertex 145.98076923076923 30.596153846153847 50
      vertex 153.85615384615386 38.47153846153846 50
      vertex 134.6253846153846 38.47153846153846 50
    endloop
  endfacet
  facet normal 0 0 1
    outer loop
      vertex 145.98076923076923 27.096153846153847 50
      vertex 153.85615384615386 19.22076923076923 50
      vertex 153.85615384615386 38.47153846153846 50
    endloop
  endfacet
  facet normal 1 0 0
    outer loop
      vertex 155.64615384615385 97.95384615384614 6
      vertex 155.64615384615385 113.58461538461538 41.534615384615385
      vertex 155.64615384615385 97.95384615384614 41.534615384615385
    endloop
  endfacet
  facet normal -1 0 0
    outer loop
      vertex 153.83615384615385 96.14384615384614 5.99
      vertex 153.83615384615385 96.14384615384614 50
      vertex 153.83615384615385 115.39461538461538 50
    endloop
  endfacet
  facet normal 0 -1 0
    outer loop
      vertex 153.83615384615385 96.14384615384614 5.99
      vertex 173.08692307692309 96.14384615384614 50
      vertex 153.83615384615385 96.14384615384614 50
    endloop
  endfacet
  facet normal 0 -1 0
    outer loop
      vertex 155.64615384615385 113.58461538461538 6
      vertex 171.27692307692305 113.58461538461538 41.534615384615385
      vertex 155.64615384615385 113.58461538461538 41.534615384615385
    endloop
  endfacet
  facet normal 0 1 0
    outer loop
      vertex 171.27692307692305 97.95384615384614 6
      vertex 155.64615384615385 97.95384615384614 41.534615384615385
      vertex 171.27692307692305 97.95384615384614 41.534615384615385
    endloop
  endfacet
  facet normal -1 0 0
    outer loop
      vertex 171.27692307692305 113.58461538461538 6
      vertex 171.27692307692305 97.95384615384614 41.534615384615385
      vertex 171.27692307692305 97.95384615384614 41.54461538461538
    endloop
  endfacet
  facet normal -1 0 0
    outer loop
      vertex 171.27692307692305 113.58461538461538 6
      vertex 171.27692307692305 97.95384615384614 41.54461538461538
      vertex 171.27692307692305 113.58461538461538 41.534615384615385
    endloop
  endfacet
  facet normal 0 1 0
    outer loop
      vertex 173.08692307692309 115.39461538461538 5.99
      vertex 153.83615384615385 115.39461538461538 50
      vertex 173.08692307692309 115.39461538461538 50
    endloop
  endfacet
  facet normal 1 0 0
    outer loop
      vertex 173.08692307692309 115.39461538461538 5.99
      vertex 173.08692307692309 115.39461538461538 50
      vertex 173.08692307692309 96.14384615384614 50
    endloop
  endfacet
  facet normal 1 0 0
    outer loop
      vertex 155.64615384615385 97.95384615384614 41.534615384615385
      vertex 155.64615384615385 113.58461538461538 41.534615384615385
      vertex 155.64615384615385 97.95384615384614 41.54461538461538
    endloop
  endfacet
  facet normal 0 1 0
    outer loop
      vertex 155.64615384615385 97.95384615384614 41.534615384615385
      vertex 155.64615384615385 97.95384615384614 41.54461538461538
      vertex 171.27692307692305 97.95384615384614 41.534615384615385
    endloop
  endfacet
  facet normal 0.7071067811865483 0 -0.7071067811865467
    outer loop
      vertex 155.64615384615385 97.95384615384614 41.54461538461538
      vertex 161.71153846153845 107.51923076923076 47.61
      vertex 161.71153846153845 104.01923076923076 47.61
    endloop
  endfacet
  facet normal 0 0.7071067811865476 -0.7071067811865476
    outer loop
      vertex 155.64615384615385 97.95384615384614 41.54461538461538
      vertex 161.71153846153845 104.01923076923076 47.61
      vertex 165.21153846153845 104.01923076923076 47.61
    endloop
  endfacet
  facet normal 0 1 0
    outer loop
      vertex 161.71153846153845 104.01923076923076 47.61
      vertex 161.71153846153845 104.01923076923076 50
      vertex 165.21153846153845 104.01923076923076 47.61
    endloop
  endfacet
  facet normal 0 0 1
    outer loop
      vertex 153.83615384615385 96.14384615384614 50
      vertex 161.71153846153845 104.01923076923076 50
      vertex 161.71153846153845 107.51923076923076 50
    endloop
  endfacet
  facet normal 0 0 1
    outer loop
      vertex 153.83615384615385 96.14384615384614 50
      vertex 165.21153846153845 104.01923076923076 50
      vertex 161.71153846153845 104.01923076923076 50
    endloop
  endfacet
  facet normal 1 0 0
    outer loop
      vertex 161.71153846153845 104.01923076923076 47.61
      vertex 161.71153846153845 107.51923076923076 50
      vertex 161.71153846153845 104.01923076923076 50
    endloop
  endfacet
  facet normal 1 0 0
    outer loop
      vertex 155.64615384615385 97.95384615384614 41.54461538461538
      vertex 155.64615384615385 113.58461538461538 41.534615384615385
      vertex 155.64615384615385 113.58461538461538 41.54461538461538
    endloop
  endfacet
  facet normal 0 -1 0
    outer loop
      vertex 155.64615384615385 113.58461538461538 41.54461538461538
      vertex 155.64615384615385 113.58461538461538 41.534615384615385
      vertex 171.27692307692305 113.58461538461538 41.54461538461538
    endloop
  endfacet
  facet normal 0.7071067811865485 0 -0.7071067811865467
    outer loop
      vertex 155.64615384615385 97.95384615384614 41.54461538461538
      vertex 155.64615384615385 113.58461538461538 41.54461538461538
      vertex 161.71153846153845 107.51923076923076 47.61
    endloop
  endfacet
  facet normal 0 -0.7071067811865475 -0.7071067811865475
    outer loop
      vertex 155.64615384615385 113.58461538461538 41.54461538461538
      vertex 171.27692307692305 113.58461538461538 41.54461538461538
      vertex 161.71153846153845 107.51923076923076 47.61
    endloop
  endfacet
  facet normal 1 0 0
    outer loop
      vertex 161.71153846153845 104.01923076923076 47.61
      vertex 161.71153846153845 107.51923076923076 47.61
      vertex 161.71153846153845 107.51923076923076 50
    endloop
  endfacet
  facet normal 0 0 1
    outer loop
      vertex 153.83615384615385 96.14384615384614 50
      vertex 161.71153846153845 107.51923076923076 50
      vertex 153.83615384615385 115.39461538461538 50
    endloop
  endfacet
  facet normal 0 -1 0
    outer loop
      vertex 161.71153846153845 107.51923076923076 47.61
      vertex 165.21153846153845 107.51923076923076 50
      vertex 161.71153846153845 107.51923076923076 50
    endloop
  endfacet
  facet normal 0 0 1
    outer loop
      vertex 153.83615384615385 115.39461538461538 50
      vertex 161.71153846153845 107.51923076923076 50
      vertex 165.21153846153845 107.51923076923076 50
    endloop
  endfacet
  facet normal 0 1 0
    outer loop
      vertex 155.64615384615385 97.95384615384614 41.54461538461538
      vertex 171.27692307692305 97.95384615384614 41.54461538461538
      vertex 171.27692307692305 97.95384615384614 41.534615384615385
    endloop
  endfacet
  facet normal 0 0.7071067811865475 -0.7071067811865475
    outer loop
      vertex 155.64615384615385 97.95384615384614 41.54461538461538
      vertex 165.21153846153845 104.01923076923076 47.61
      vertex 171.27692307692305 97.95384615384614 41.54461538461538
    endloop
  endfacet
  facet normal -0.7071067811865483 0 -0.7071067811865467
    outer loop
      vertex 171.27692307692305 97.95384615384614 41.54461538461538
      vertex 165.21153846153845 104.01923076923076 47.61
      vertex 165.21153846153845 107.51923076923076 47.61
    endloop
  endfacet
  facet normal -1 0 0
    outer loop
      vertex 165.21153846153845 104.01923076923076 47.61
      vertex 165.21153846153845 104.01923076923076 50
      vertex 165.21153846153845 107.51923076923076 47.61
    endloop
  endfacet
  facet normal 0 0 1
    outer loop
      vertex 153.83615384615385 96.14384615384614 50
      vertex 173.08692307692309 96.14384615384614 50
      vertex 165.21153846153845 104.01923076923076 50
    endloop
  endfacet
  facet normal 0 1 0
    outer loop
      vertex 161.71153846153845 104.01923076923076 50
      vertex 165.21153846153845 104.01923076923076 50
      vertex 165.21153846153845 104.01923076923076 47.61
    endloop
  endfacet
  facet normal 0 0 1
    outer loop
      vertex 165.21153846153845 104.01923076923076 50
      vertex 173.08692307692309 96.14384615384614 50
      vertex 173.08692307692309 115.39461538461538 50
    endloop
  endfacet
  facet normal 0 -1 0
    outer loop
      vertex 155.64615384615385 113.58461538461538 41.534615384615385
      vertex 171.27692307692305 113.58461538461538 41.534615384615385
      vertex 171.27692307692305 113.58461538461538 41.54461538461538
    endloop
  endfacet
  facet normal -1 0 0
    outer loop
      vertex 171.27692307692305 97.95384615384614 41.54461538461538
      vertex 171.27692307692305 113.58461538461538 41.54461538461538
      vertex 171.27692307692305 113.58461538461538 41.534615384615385
    endloop
  endfacet
  facet normal -0.7071067811865485 0 -0.7071067811865467
    outer loop
      vertex 171.27692307692305 97.95384615384614 41.54461538461538
      vertex 165.21153846153845 107.51923076923076 47.61
      vertex 171.27692307692305 113.58461538461538 41.54461538461538
    endloop
  endfacet
  facet normal 0 -0.7071067811865476 -0.7071067811865476
    outer loop
      vertex 161.71153846153845 107.51923076923076 47.61
      vertex 171.27692307692305 113.58461538461538 41.54461538461538
      vertex 165.21153846153845 107.51923076923076 47.61
    endloop
  endfacet
  facet normal 0 -1 0
    outer loop
      vertex 161.71153846153845 107.51923076923076 47.61
      vertex 165.21153846153845 107.51923076923076 47.61
      vertex 165.21153846153845 107.51923076923076 50
    endloop
  endfacet
  facet normal -1 0 0
    outer loop
      vertex 165.21153846153845 104.01923076923076 50
      vertex 165.21153846153845 107.51923076923076 50
      vertex 165.21153846153845 107.51923076923076 47.61
    endloop
  endfacet
  facet normal 0 0 1
    outer loop
      vertex 153.83615384615385 115.39461538461538 50
      vertex 165.21153846153845 107.51923076923076 50
      vertex 173.08692307692309 115.39461538461538 50
    endloop
  endfacet
  facet normal 0 0 1
    outer loop
      vertex 165.21153846153845 104.01923076923076 50
      vertex 173.08692307692309 115.39461538461538 50
      vertex 165.21153846153845 107.51923076923076 50
    endloop
  endfacet
  facet normal 1 0 0
    outer loop
      vertex 232.56923076923078 117.18461538461538 6
      vertex 232.56923076923078 132.8153846153846 41.534615384615385
      vertex 232.56923076923078 117.18461538461538 41.534615384615385
    endloop
  endfacet
  facet normal 0 1 0
    outer loop
      vertex 248.2 117.18461538461538 6
      vertex 232.56923076923078 117.18461538461538 41.534615384615385
      vertex 248.2 117.18461538461538 41.534615384615385
    endloop
  endfacet
  facet normal 0 -1 0
    outer loop
      vertex 232.56923076923078 132.8153846153846 6
      vertex 248.2 132.8153846153846 41.534615384615385
      vertex 232.56923076923078 132.8153846153846 41.534615384615385
    endloop
  endfacet
  facet normal -1 0 0
    outer loop
      vertex 248.2 132.8153846153846 6
      vertex 248.2 117.18461538461538 41.534615384615385
      vertex 248.2 117.18461538461538 41.54461538461538
    endloop
  endfacet
  facet normal -1 0 0
    outer loop
      vertex 248.2 132.8153846153846 6
      vertex 248.2 117.18461538461538 41.54461538461538
      vertex 248.2 132.8153846153846 41.534615384615385
    endloop
  endfacet
  facet normal -1 0 0
    outer loop
      vertex 230.75923076923078 115.37461538461538 5.99
      vertex 230.75923076923078 115.37461538461538 50
      vertex 230.75923076923078 134.6253846153846 50
    endloop
  endfacet
  facet normal 0 -1 0
    outer loop
      vertex 230.75923076923078 115.37461538461538 5.99
      vertex 250 115.37461538461538 50
      vertex 230.75923076923078 115.37461538461538 50
    endloop
  endfacet
  facet normal 1 0 0
    outer loop
      vertex 232.56923076923078 117.18461538461538 41.534615384615385
      vertex 232.56923076923078 132.8153846153846 41.534615384615385
      vertex 232.56923076923078 117.18461538461538 41.54461538461538
    endloop
  endfacet
  facet normal 1 0 0
    outer loop
      vertex 232.56923076923078 117.18461538461538 41.54461538461538
      vertex 232.56923076923078 132.8153846153846 41.534615384615385
      vertex 232.56923076923078 132.8153846153846 41.54461538461538
    endloop
  endfacet
  facet normal 0.7071067811865483 0 -0.7071067811865467
    outer loop
      vertex 232.56923076923078 117.18461538461538 41.54461538461538
      vertex 232.56923076923078 132.8153846153846 41.54461538461538
      vertex 238.6346153846154 126.75 47.61
    endloop
  endfacet
  facet normal 0 1 0
    outer loop
      vertex 232.56923076923078 117.18461538461538 41.534615384615385
      vertex 232.56923076923078 117.18461538461538 41.54461538461538
      vertex 248.2 117.18461538461538 41.534615384615385
    endloop
  endfacet
  facet normal 0 1 0
    outer loop
      vertex 232.56923076923078 117.18461538461538 41.54461538461538
      vertex 248.2 117.18461538461538 41.54461538461538
      vertex 248.2 117.18461538461538 41.534615384615385
    endloop
  endfacet
  facet normal 0 0.7071067811865475 -0.7071067811865475
    outer loop
      vertex 232.56923076923078 117.18461538461538 41.54461538461538
      vertex 242.1346153846154 123.25 47.61
      vertex 248.2 117.18461538461538 41.54461538461538
    endloop
  endfacet
  facet normal 0 -1 0
    outer loop
      vertex 232.56923076923078 132.8153846153846 41.54461538461538
      vertex 232.56923076923078 132.8153846153846 41.534615384615385
      vertex 248.2 132.8153846153846 41.54461538461538
    endloop
  endfacet
  facet normal 0 -1 0
    outer loop
      vertex 232.56923076923078 132.8153846153846 41.534615384615385
      vertex 248.2 132.8153846153846 41.534615384615385
      vertex 248.2 132.8153846153846 41.54461538461538
    endloop
  endfacet
  facet normal -1 0 0
    outer loop
      vertex 248.2 117.18461538461538 41.54461538461538
      vertex 248.2 132.8153846153846 41.54461538461538
      vertex 248.2 132.8153846153846 41.534615384615385
    endloop
  endfacet
  facet normal 0 -0.7071067811865482 -0.7071067811865467
    outer loop
      vertex 232.56923076923078 132.8153846153846 41.54461538461538
      vertex 248.2 132.8153846153846 41.54461538461538
      vertex 238.6346153846154 126.75 47.61
    endloop
  endfacet
  facet normal -0.7071067811865483 0 -0.7071067811865467
    outer loop
      vertex 248.2 117.18461538461538 41.54461538461538
      vertex 242.1346153846154 126.75 47.61
      vertex 248.2 132.8153846153846 41.54461538461538
    endloop
  endfacet
  facet normal 0 0 1
    outer loop
      vertex 230.75923076923078 115.37461538461538 50
      vertex 238.6346153846154 123.25 50
      vertex 230.76859081874002 134.611864747037 50
    endloop
  endfacet
  facet normal 0 0 1
    outer loop
      vertex 230.75923076923078 115.37461538461538 50
      vertex 230.76859081874002 134.611864747037 50
      vertex 230.75923076923078 134.6253846153846 50
    endloop
  endfacet
  facet normal 0 0 1
    outer loop
      vertex 230.76859081874002 134.611864747037 50
      vertex 238.6346153846154 126.75 50
      vertex 230.77104887839724 134.61356650621815 50
    endloop
  endfacet
  facet normal 0 0 1
    outer loop
      vertex 230.75923076923078 115.37461538461538 50
      vertex 250 115.37461538461538 50
      vertex 242.1346153846154 123.25 50
    endloop
  endfacet
  facet normal 0.7071067811865483 0 -0.7071067811865467
    outer loop
      vertex 232.56923076923078 117.18461538461538 41.54461538461538
      vertex 238.6346153846154 126.75 47.61
      vertex 238.6346153846154 123.25 47.61
    endloop
  endfacet
  facet normal 0 0.7071067811865476 -0.7071067811865476
    outer loop
      vertex 232.56923076923078 117.18461538461538 41.54461538461538
      vertex 238.6346153846154 123.25 47.61
      vertex 242.1346153846154 123.25 47.61
    endloop
  endfacet
  facet normal -0.7071067811865483 0 -0.7071067811865467
    outer loop
      vertex 248.2 117.18461538461538 41.54461538461538
      vertex 242.1346153846154 123.25 47.61
      vertex 242.1346153846154 126.75 47.61
    endloop
  endfacet
  facet normal 0 -0.7071067811865483 -0.7071067811865467
    outer loop
      vertex 248.2 132.8153846153846 41.54461538461538
      vertex 242.1346153846154 126.75 47.61
      vertex 238.6346153846154 126.75 47.61
    endloop
  endfacet
  facet normal 1 0 0
    outer loop
      vertex 238.6346153846154 123.25 47.61
      vertex 238.6346153846154 126.75 47.61
      vertex 238.6346153846154 126.75 50
    endloop
  endfacet
  facet normal 0 1 0
    outer loop
      vertex 238.6346153846154 123.25 47.61
      vertex 238.6346153846154 123.25 50
      vertex 242.1346153846154 123.25 47.61
    endloop
  endfacet
  facet normal 0 -1 0
    outer loop
      vertex 238.6346153846154 126.75 47.61
      vertex 242.1346153846154 126.75 47.61
      vertex 242.1346153846154 126.75 50
    endloop
  endfacet
  facet normal -1 0 0
    outer loop
      vertex 242.1346153846154 123.25 47.61
      vertex 242.1346153846154 123.25 50
      vertex 242.1346153846154 126.75 47.61
    endloop
  endfacet
  facet normal 0 0 1
    outer loop
      vertex 230.75923076923078 115.37461538461538 50
      vertex 242.1346153846154 123.25 50
      vertex 238.6346153846154 123.25 50
    endloop
  endfacet
  facet normal 1 0 0
    outer loop
      vertex 238.6346153846154 123.25 47.61
      vertex 238.6346153846154 126.75 50
      vertex 238.6346153846154 123.25 50
    endloop
  endfacet
  facet normal 0 1 0
    outer loop
      vertex 242.1346153846154 123.25 47.61
      vertex 238.6346153846154 123.25 50
      vertex 242.1346153846154 123.25 50
    endloop
  endfacet
  facet normal 0 -1 0
    outer loop
      vertex 238.6346153846154 126.75 47.61
      vertex 242.1346153846154 126.75 50
      vertex 238.6346153846154 126.75 50
    endloop
  endfacet
  facet normal -1 0 0
    outer loop
      vertex 242.1346153846154 126.75 47.61
      vertex 242.1346153846154 123.25 50
      vertex 242.1346153846154 126.75 50
    endloop
  endfacet
  facet normal 0 0 1
    outer loop
      vertex 230.76859081874002 134.611864747037 50
      vertex 238.6346153846154 123.25 50
      vertex 238.6346153846154 126.75 50
    endloop
  endfacet
  facet normal 0 0 1
    outer loop
      vertex 230.77104887839724 134.61356650621815 50
      vertex 238.6346153846154 126.75 50
      vertex 249.99818189083356 134.61720272455108 50
    endloop
  endfacet
  facet normal 0 0 1
    outer loop
      vertex 242.1346153846154 123.25 50
      vertex 250 115.37461538461538 50
      vertex 250 134.61538461538464 50
    endloop
  endfacet
  facet normal 0 0 1
    outer loop
      vertex 238.6346153846154 126.75 50
      vertex 242.1346153846154 126.75 50
      vertex 249.99818189083356 134.61720272455108 50
    endloop
  endfacet
  facet normal 0 0 1
    outer loop
      vertex 242.1346153846154 123.25 50
      vertex 250 134.61538461538464 50
      vertex 242.1346153846154 126.75 50
    endloop
  endfacet
  facet normal 0 0 1
    outer loop
      vertex 242.1346153846154 126.75 50
      vertex 250 134.61538461538464 50
      vertex 249.99818189083356 134.61720272455108 50
    endloop
  endfacet
  facet normal 0 0 -1
    outer loop
      vertex 153.83615384615385 153.83615384615385 5.99
      vertex 153.83615384615385 173.08692307692309 5.99
      vertex 173.08692307692309 173.08692307692309 5.99
    endloop
  endfacet
  facet normal 0 0 1
    outer loop
      vertex 155.64615384615385 155.64615384615385 6
      vertex 171.27692307692305 171.27692307692305 6
      vertex 155.64615384615385 171.27692307692305 6
    endloop
  endfacet
  facet normal 0 0 1
    outer loop
      vertex 155.64615384615385 155.64615384615385 6
      vertex 171.27692307692305 155.64615384615385 6
      vertex 171.27692307692305 171.27692307692305 6
    endloop
  endfacet
  facet normal 0 0 -1
    outer loop
      vertex 153.83615384615385 153.83615384615385 5.99
      vertex 173.08692307692309 173.08692307692309 5.99
      vertex 173.08692307692309 153.83615384615385 5.99
    endloop
  endfacet
  facet normal 0 1 0
    outer loop
      vertex 155.64615384615385 155.64615384615385 6
      vertex 155.64615384615385 155.64615384615385 41.534615384615385
      vertex 171.27692307692305 155.64615384615385 6
    endloop
  endfacet
  facet normal 1 0 0
    outer loop
      vertex 155.64615384615385 155.64615384615385 6
      vertex 155.64615384615385 171.27692307692305 6
      vertex 155.64615384615385 171.27692307692305 41.534615384615385
    endloop
  endfacet
  facet normal -1 0 0
    outer loop
      vertex 153.83615384615385 153.83615384615385 5.99
      vertex 153.83615384615385 173.08692307692309 50
      vertex 153.83615384615385 173.08692307692309 5.99
    endloop
  endfacet
  facet normal 0 1 0
    outer loop
      vertex 153.83615384615385 173.08692307692309 5.99
      vertex 153.83615384615385 173.08692307692309 50
      vertex 173.08692307692309 173.08692307692309 5.99
    endloop
  endfacet
  facet normal -1 0 0
    outer loop
      vertex 171.27692307692305 155.64615384615385 6
      vertex 171.27692307692305 155.64615384615385 41.534615384615385
      vertex 171.27692307692305 171.27692307692305 6
    endloop
  endfacet
  facet normal 0 -1 0
    outer loop
      vertex 153.83615384615385 153.83615384615385 5.99
      vertex 173.08692307692309 153.83615384615385 5.99
      vertex 173.08692307692309 153.83615384615385 50
    endloop
  endfacet
  facet normal 1 0 0
    outer loop
      vertex 173.08692307692309 153.83615384615385 5.99
      vertex 173.08692307692309 173.08692307692309 5.99
      vertex 173.08692307692309 153.83615384615385 50
    endloop
  endfacet
  facet normal 0 -1 0
    outer loop
      vertex 155.64615384615385 171.27692307692305 6
      vertex 171.27692307692305 171.27692307692305 6
      vertex 171.27692307692305 171.27692307692305 41.534615384615385
    endloop
  endfacet
  facet normal 0 0 -1
    outer loop
      vertex 134.6253846153846 230.77923076923076 5.99
      vertex 153.85615384615386 230.75923076923078 5.99
      vertex 134.6253846153846 230.75923076923078 5.99
    endloop
  endfacet
  facet normal 0 0 -1
    outer loop
      vertex 134.60538461538462 249.99000000000004 5.99
      vertex 134.6253846153846 230.77923076923076 5.99
      vertex 134.6253846153846 230.75923076923078 5.99
    endloop
  endfacet
  facet normal 0 0 -1
    outer loop
      vertex 134.60538461538462 249.99000000000004 5.99
      vertex 153.85615384615386 250 5.99
      vertex 134.6253846153846 230.77923076923076 5.99
    endloop
  endfacet
  facet normal 0 0 1
    outer loop
      vertex 136.41538461538462 232.56923076923078 6
      vertex 152.04615384615383 248.2 6
      vertex 136.41538461538462 248.2 6
    endloop
  endfacet
  facet normal 0 0 -1
    outer loop
      vertex 134.60538461538462 249.99000000000004 5.99
      vertex 134.61538461538458 250 5.99
      vertex 153.85615384615386 250 5.99
    endloop
  endfacet
  facet normal 0 0 1
    outer loop
      vertex 136.41538461538462 232.56923076923078 6
      vertex 152.04615384615383 232.56923076923078 6
      vertex 152.04615384615383 248.2 6
    endloop
  endfacet
  facet normal 0 0 -1
    outer loop
      vertex 134.6253846153846 230.77923076923076 5.99
      vertex 153.85615384615386 250 5.99
      vertex 153.85615384615386 230.75923076923078 5.99
    endloop
  endfacet
  facet normal 0 1 0
    outer loop
      vertex 136.41538461538462 232.56923076923078 6
      vertex 136.41538461538462 232.56923076923078 41.534615384615385
      vertex 152.04615384615383 232.56923076923078 6
    endloop
  endfacet
  facet normal 0 -1 0
    outer loop
      vertex 134.6253846153846 230.75923076923078 5.99
      vertex 153.85615384615386 230.75923076923078 5.99
      vertex 153.85615384615386 230.75923076923078 50
    endloop
  endfacet
  facet normal 1 0 0
    outer loop
      vertex 136.41538461538462 232.56923076923078 6
      vertex 136.41538461538462 248.2 6
      vertex 136.41538461538462 248.2 41.534615384615385
    endloop
  endfacet
  facet normal 0 -1 0
    outer loop
      vertex 136.41538461538462 248.2 6
      vertex 152.04615384615383 248.2 6
      vertex 152.04615384615383 248.2 41.534615384615385
    endloop
  endfacet
  facet normal 0 1 0
    outer loop
      vertex 134.61538461538458 250 5.99
      vertex 115.37461538461538 250 5.99
      vertex 153.85615384615386 250 50
    endloop
  endfacet
  facet normal 0 1 0
    outer loop
      vertex 134.61538461538458 250 5.99
      vertex 153.85615384615386 250 50
      vertex 153.85615384615386 250 5.99
    endloop
  endfacet
  facet normal -1 0 0
    outer loop
      vertex 152.04615384615383 232.56923076923078 6
      vertex 152.04615384615383 232.56923076923078 41.534615384615385
      vertex 152.04615384615383 248.2 6
    endloop
  endfacet
  facet normal 1 0 0
    outer loop
      vertex 153.85615384615386 230.75923076923078 5.99
      vertex 153.85615384615386 250 5.99
      vertex 153.85615384615386 250 50
    endloop
  endfacet
  facet normal 0 0 -1
    outer loop
      vertex 230.75923076923078 134.6253846153846 5.99
      vertex 230.75923076923078 153.85615384615386 5.99
      vertex 230.77923076923076 134.6253846153846 5.99
    endloop
  endfacet
  facet normal 0 0 -1
    outer loop
      vertex 230.77923076923076 134.6253846153846 5.99
      vertex 230.75923076923078 153.85615384615386 5.99
      vertex 250 134.60538461538462 5.99
    endloop
  endfacet
  facet normal 0 0 1
    outer loop
      vertex 232.56923076923078 136.41538461538462 6
      vertex 248.2 152.04615384615383 6
      vertex 232.56923076923078 152.04615384615383 6
    endloop
  endfacet
  facet normal 0 0 -1
    outer loop
      vertex 249.99000000000004 134.60538461538462 5.99
      vertex 230.77923076923076 134.6253846153846 5.99
      vertex 250 134.60538461538462 5.99
    endloop
  endfacet
  facet normal 0 0 1
    outer loop
      vertex 232.56923076923078 136.41538461538462 6
      vertex 248.2 136.41538461538462 6
      vertex 248.2 152.04615384615383 6
    endloop
  endfacet
  facet normal 0 0 -1
    outer loop
      vertex 230.75923076923078 153.85615384615386 5.99
      vertex 250 153.85615384615386 5.99
      vertex 250 134.60538461538462 5.99
    endloop
  endfacet
  facet normal 1 0 0
    outer loop
      vertex 232.56923076923078 136.41538461538462 6
      vertex 232.56923076923078 152.04615384615383 6
      vertex 232.56923076923078 152.04615384615383 41.534615384615385
    endloop
  endfacet
  facet normal -1 0 0
    outer loop
      vertex 230.75923076923078 134.6253846153846 5.99
      vertex 230.75923076923078 134.6253846153846 50
      vertex 230.75923076923078 153.85615384615386 5.99
    endloop
  endfacet
  facet normal 0 1 0
    outer loop
      vertex 232.56923076923078 136.41538461538462 6
      vertex 232.56923076923078 136.41538461538462 41.534615384615385
      vertex 248.2 136.41538461538462 6
    endloop
  endfacet
  facet normal -1 0 0
    outer loop
      vertex 248.2 136.41538461538462 6
      vertex 248.2 136.41538461538462 41.534615384615385
      vertex 248.2 152.04615384615383 6
    endloop
  endfacet
  facet normal 1 0 0
    outer loop
      vertex 250 134.60538461538462 5.99
      vertex 250 153.85615384615386 5.99
      vertex 250 115.37461538461538 50
    endloop
  endfacet
  facet normal 0 -1 0
    outer loop
      vertex 232.56923076923078 152.04615384615383 6
      vertex 248.2 152.04615384615383 6
      vertex 248.2 152.04615384615383 41.534615384615385
    endloop
  endfacet
  facet normal 0 1 0
    outer loop
      vertex 230.75923076923078 153.85615384615386 5.99
      vertex 230.75923076923078 153.85615384615386 50
      vertex 250 153.85615384615386 5.99
    endloop
  endfacet
  facet normal 1 0 0
    outer loop
      vertex 155.64615384615385 155.64615384615385 6
      vertex 155.64615384615385 171.27692307692305 41.534615384615385
      vertex 155.64615384615385 155.64615384615385 41.534615384615385
    endloop
  endfacet
  facet normal -1 0 0
    outer loop
      vertex 153.83615384615385 153.83615384615385 5.99
      vertex 153.83615384615385 153.83615384615385 50
      vertex 153.83615384615385 173.08692307692309 50
    endloop
  endfacet
  facet normal 0 -1 0
    outer loop
      vertex 153.83615384615385 153.83615384615385 5.99
      vertex 173.08692307692309 153.83615384615385 50
      vertex 153.83615384615385 153.83615384615385 50
    endloop
  endfacet
  facet normal 0 -1 0
    outer loop
      vertex 155.64615384615385 171.27692307692305 6
      vertex 171.27692307692305 171.27692307692305 41.534615384615385
      vertex 155.64615384615385 171.27692307692305 41.534615384615385
    endloop
  endfacet
  facet normal 0 1 0
    outer loop
      vertex 171.27692307692305 155.64615384615385 6
      vertex 155.64615384615385 155.64615384615385 41.534615384615385
      vertex 171.27692307692305 155.64615384615385 41.534615384615385
    endloop
  endfacet
  facet normal -1 0 0
    outer loop
      vertex 171.27692307692305 171.27692307692305 6
      vertex 171.27692307692305 155.64615384615385 41.534615384615385
      vertex 171.27692307692305 155.64615384615385 41.54461538461538
    endloop
  endfacet
  facet normal -1 0 0
    outer loop
      vertex 171.27692307692305 171.27692307692305 6
      vertex 171.27692307692305 155.64615384615385 41.54461538461538
      vertex 171.27692307692305 171.27692307692305 41.534615384615385
    endloop
  endfacet
  facet normal 0 1 0
    outer loop
      vertex 173.08692307692309 173.08692307692309 5.99
      vertex 153.83615384615385 173.08692307692309 50
      vertex 173.08692307692309 173.08692307692309 50
    endloop
  endfacet
  facet normal 1 0 0
    outer loop
      vertex 173.08692307692309 173.08692307692309 5.99
      vertex 173.08692307692309 173.08692307692309 50
      vertex 173.08692307692309 153.83615384615385 50
    endloop
  endfacet
  facet normal 1 0 0
    outer loop
      vertex 155.64615384615385 155.64615384615385 41.534615384615385
      vertex 155.64615384615385 171.27692307692305 41.534615384615385
      vertex 155.64615384615385 155.64615384615385 41.54461538461538
    endloop
  endfacet
  facet normal 0 1 0
    outer loop
      vertex 155.64615384615385 155.64615384615385 41.534615384615385
      vertex 155.64615384615385 155.64615384615385 41.54461538461538
      vertex 171.27692307692305 155.64615384615385 41.534615384615385
    endloop
  endfacet
  facet normal 0.7071067811865483 0 -0.7071067811865467
    outer loop
      vertex 155.64615384615385 155.64615384615385 41.54461538461538
      vertex 161.71153846153845 165.21153846153845 47.61
      vertex 161.71153846153845 161.71153846153845 47.61
    endloop
  endfacet
  facet normal 0 0.7071067811865483 -0.7071067811865467
    outer loop
      vertex 155.64615384615385 155.64615384615385 41.54461538461538
      vertex 161.71153846153845 161.71153846153845 47.61
      vertex 165.21153846153845 161.71153846153845 47.61
    endloop
  endfacet
  facet normal 0 1 0
    outer loop
      vertex 161.71153846153845 161.71153846153845 47.61
      vertex 161.71153846153845 161.71153846153845 50
      vertex 165.21153846153845 161.71153846153845 47.61
    endloop
  endfacet
  facet normal 0 0 1
    outer loop
      vertex 153.83615384615385 153.83615384615385 50
      vertex 161.71153846153845 161.71153846153845 50
      vertex 153.83615384615385 173.08692307692309 50
    endloop
  endfacet
  facet normal 0 0 1
    outer loop
      vertex 153.83615384615385 153.83615384615385 50
      vertex 165.21153846153845 161.71153846153845 50
      vertex 161.71153846153845 161.71153846153845 50
    endloop
  endfacet
  facet normal 1 -8.120488408686859e-15 0
    outer loop
      vertex 161.71153846153845 161.71153846153845 47.61
      vertex 161.71153846153848 165.21153846153845 50
      vertex 161.71153846153845 161.71153846153845 50
    endloop
  endfacet
  facet normal 1 0 0
    outer loop
      vertex 155.64615384615385 155.64615384615385 41.54461538461538
      vertex 155.64615384615385 171.27692307692305 41.534615384615385
      vertex 155.64615384615385 171.27692307692305 41.54461538461538
    endloop
  endfacet
  facet normal 0 -1 0
    outer loop
      vertex 155.64615384615385 171.27692307692305 41.54461538461538
      vertex 155.64615384615385 171.27692307692305 41.534615384615385
      vertex 171.27692307692305 171.27692307692305 41.54461538461538
    endloop
  endfacet
  facet normal 0.7071067811865482 0 -0.7071067811865467
    outer loop
      vertex 155.64615384615385 155.64615384615385 41.54461538461538
      vertex 155.64615384615385 171.27692307692305 41.54461538461538
      vertex 161.71153846153845 165.21153846153845 47.61
    endloop
  endfacet
  facet normal 0 -0.7071067811865482 -0.7071067811865467
    outer loop
      vertex 155.64615384615385 171.27692307692305 41.54461538461538
      vertex 171.27692307692305 171.27692307692305 41.54461538461538
      vertex 161.71153846153845 165.21153846153845 47.61
    endloop
  endfacet
  facet normal 1 0 -1.1891928631968202e-14
    outer loop
      vertex 161.71153846153845 161.71153846153845 47.61
      vertex 161.71153846153845 165.21153846153845 47.61
      vertex 161.71153846153848 165.21153846153845 50
    endloop
  endfacet
  facet normal 0 0 1
    outer loop
      vertex 161.71153846153845 161.71153846153845 50
      vertex 161.71153846153848 165.21153846153845 50
      vertex 153.83615384615385 173.08692307692309 50
    endloop
  endfacet
  facet normal 0 -1 0
    outer loop
      vertex 161.71153846153845 165.21153846153845 47.61
      vertex 165.21153846153845 165.21153846153845 50
      vertex 161.71153846153848 165.21153846153845 50
    endloop
  endfacet
  facet normal 0 0 1
    outer loop
      vertex 153.83615384615385 173.08692307692309 50
      vertex 161.71153846153848 165.21153846153845 50
      vertex 165.21153846153845 165.21153846153845 50
    endloop
  endfacet
  facet normal 0 1 0
    outer loop
      vertex 155.64615384615385 155.64615384615385 41.54461538461538
      vertex 171.27692307692305 155.64615384615385 41.54461538461538
      vertex 171.27692307692305 155.64615384615385 41.534615384615385
    endloop
  endfacet
  facet normal 0 0.7071067811865482 -0.7071067811865467
    outer loop
      vertex 155.64615384615385 155.64615384615385 41.54461538461538
      vertex 165.21153846153845 161.71153846153845 47.61
      vertex 171.27692307692305 155.64615384615385 41.54461538461538
    endloop
  endfacet
  facet normal -0.7071067811865483 0 -0.7071067811865467
    outer loop
      vertex 171.27692307692305 155.64615384615385 41.54461538461538
      vertex 165.21153846153845 161.71153846153845 47.61
      vertex 165.21153846153845 165.21153846153845 47.61
    endloop
  endfacet
  facet normal -1 0 0
    outer loop
      vertex 165.21153846153845 161.71153846153845 47.61
      vertex 165.21153846153845 161.71153846153845 50
      vertex 165.21153846153845 165.21153846153845 47.61
    endloop
  endfacet
  facet normal 0 0 1
    outer loop
      vertex 153.83615384615385 153.83615384615385 50
      vertex 173.08692307692309 153.83615384615385 50
      vertex 165.21153846153845 161.71153846153845 50
    endloop
  endfacet
  facet normal 0 1 0
    outer loop
      vertex 161.71153846153845 161.71153846153845 50
      vertex 165.21153846153845 161.71153846153845 50
      vertex 165.21153846153845 161.71153846153845 47.61
    endloop
  endfacet
  facet normal 0 0 1
    outer loop
      vertex 165.21153846153845 161.71153846153845 50
      vertex 173.08692307692309 153.83615384615385 50
      vertex 173.08692307692309 173.08692307692309 50
    endloop
  endfacet
  facet normal 0 -1 0
    outer loop
      vertex 155.64615384615385 171.27692307692305 41.534615384615385
      vertex 171.27692307692305 171.27692307692305 41.534615384615385
      vertex 171.27692307692305 171.27692307692305 41.54461538461538
    endloop
  endfacet
  facet normal -1 0 0
    outer loop
      vertex 171.27692307692305 155.64615384615385 41.54461538461538
      vertex 171.27692307692305 171.27692307692305 41.54461538461538
      vertex 171.27692307692305 171.27692307692305 41.534615384615385
    endloop
  endfacet
  facet normal -0.7071067811865482 0 -0.7071067811865467
    outer loop
      vertex 171.27692307692305 155.64615384615385 41.54461538461538
      vertex 165.21153846153845 165.21153846153845 47.61
      vertex 171.27692307692305 171.27692307692305 41.54461538461538
    endloop
  endfacet
  facet normal 0 -0.7071067811865483 -0.7071067811865467
    outer loop
      vertex 161.71153846153845 165.21153846153845 47.61
      vertex 171.27692307692305 171.27692307692305 41.54461538461538
      vertex 165.21153846153845 165.21153846153845 47.61
    endloop
  endfacet
  facet normal 0 -1 0
    outer loop
      vertex 161.71153846153845 165.21153846153845 47.61
      vertex 165.21153846153845 165.21153846153845 47.61
      vertex 165.21153846153845 165.21153846153845 50
    endloop
  endfacet
  facet normal -1 0 0
    outer loop
      vertex 165.21153846153845 161.71153846153845 50
      vertex 165.21153846153845 165.21153846153845 50
      vertex 165.21153846153845 165.21153846153845 47.61
    endloop
  endfacet
  facet normal 0 0 1
    outer loop
      vertex 153.83615384615385 173.08692307692309 50
      vertex 165.21153846153845 165.21153846153845 50
      vertex 173.08692307692309 173.08692307692309 50
    endloop
  endfacet
  facet normal 0 0 1
    outer loop
      vertex 165.21153846153845 161.71153846153845 50
      vertex 173.08692307692309 173.08692307692309 50
      vertex 165.21153846153845 165.21153846153845 50
    endloop
  endfacet
  facet normal 0 1 0
    outer loop
      vertex 152.04615384615383 232.56923076923078 6
      vertex 136.41538461538462 232.56923076923078 41.534615384615385
      vertex 152.04615384615383 232.56923076923078 41.534615384615385
    endloop
  endfacet
  facet normal 1 0 0
    outer loop
      vertex 136.41538461538462 232.56923076923078 6
      vertex 136.41538461538462 248.2 41.534615384615385
      vertex 136.41538461538462 232.56923076923078 41.534615384615385
    endloop
  endfacet
  facet normal 0 -1 0
    outer loop
      vertex 136.41538461538462 248.2 6
      vertex 152.04615384615383 248.2 41.534615384615385
      vertex 136.41538461538462 248.2 41.534615384615385
    endloop
  endfacet
  facet normal -1 0 0
    outer loop
      vertex 152.04615384615383 248.2 6
      vertex 152.04615384615383 232.56923076923078 41.534615384615385
      vertex 152.04615384615383 232.56923076923078 41.54461538461538
    endloop
  endfacet
  facet normal -1 0 0
    outer loop
      vertex 152.04615384615383 248.2 6
      vertex 152.04615384615383 232.56923076923078 41.54461538461538
      vertex 152.04615384615383 248.2 41.534615384615385
    endloop
  endfacet
  facet normal 0 -1 0
    outer loop
      vertex 134.6253846153846 230.75923076923078 5.99
      vertex 153.85615384615386 230.75923076923078 50
      vertex 134.6253846153846 230.75923076923078 50
    endloop
  endfacet
  facet normal 0 1 0
    outer loop
      vertex 134.6109403879964 250 50
      vertex 153.85615384615386 250 50
      vertex 115.37461538461538 250 5.99
    endloop
  endfacet
  facet normal 1 0 0
    outer loop
      vertex 153.85615384615386 230.75923076923078 5.99
      vertex 153.85615384615386 250 50
      vertex 153.85615384615386 230.75923076923078 50
    endloop
  endfacet
  facet normal 0 1 0
    outer loop
      vertex 136.41538461538462 232.56923076923078 41.534615384615385
      vertex 136.41538461538462 232.56923076923078 41.54461538461538
      vertex 152.04615384615383 232.56923076923078 41.534615384615385
    endloop
  endfacet
  facet normal 0 1 0
    outer loop
      vertex 136.41538461538462 232.56923076923078 41.54461538461538
      vertex 152.04615384615383 232.56923076923078 41.54461538461538
      vertex 152.04615384615383 232.56923076923078 41.534615384615385
    endloop
  endfacet
  facet normal 0 0.7071067811865482 -0.7071067811865467
    outer loop
      vertex 136.41538461538462 232.56923076923078 41.54461538461538
      vertex 145.98076923076923 238.6346153846154 47.61
      vertex 152.04615384615383 232.56923076923078 41.54461538461538
    endloop
  endfacet
  facet normal 1 0 0
    outer loop
      vertex 136.41538461538462 232.56923076923078 41.534615384615385
      vertex 136.41538461538462 248.2 41.534615384615385
      vertex 136.41538461538462 232.56923076923078 41.54461538461538
    endloop
  endfacet
  facet normal 1 0 0
    outer loop
      vertex 136.41538461538462 232.56923076923078 41.54461538461538
      vertex 136.41538461538462 248.2 41.534615384615385
      vertex 136.41538461538462 248.2 41.54461538461538
    endloop
  endfacet
  facet normal 0 -1 0
    outer loop
      vertex 136.41538461538462 248.2 41.54461538461538
      vertex 136.41538461538462 248.2 41.534615384615385
      vertex 152.04615384615383 248.2 41.54461538461538
    endloop
  endfacet
  facet normal 0 -1 0
    outer loop
      vertex 136.41538461538462 248.2 41.534615384615385
      vertex 152.04615384615383 248.2 41.534615384615385
      vertex 152.04615384615383 248.2 41.54461538461538
    endloop
  endfacet
  facet normal 0.7071067811865482 0 -0.7071067811865467
    outer loop
      vertex 136.41538461538462 232.56923076923078 41.54461538461538
      vertex 136.41538461538462 248.2 41.54461538461538
      vertex 142.48076923076923 242.1346153846154 47.61
    endloop
  endfacet
  facet normal 0 -0.7071067811865482 -0.7071067811865467
    outer loop
      vertex 136.41538461538462 248.2 41.54461538461538
      vertex 152.04615384615383 248.2 41.54461538461538
      vertex 142.48076923076923 242.1346153846154 47.61
    endloop
  endfacet
  facet normal -1 0 0
    outer loop
      vertex 152.04615384615383 232.56923076923078 41.54461538461538
      vertex 152.04615384615383 248.2 41.54461538461538
      vertex 152.04615384615383 248.2 41.534615384615385
    endloop
  endfacet
  facet normal -0.7071067811865482 0 -0.7071067811865467
    outer loop
      vertex 152.04615384615383 232.56923076923078 41.54461538461538
      vertex 145.98076923076923 242.1346153846154 47.61
      vertex 152.04615384615383 248.2 41.54461538461538
    endloop
  endfacet
  facet normal 0 0 1
    outer loop
      vertex 134.60538461538462 230.77307713114584 50
      vertex 134.6253846153846 230.75923076923078 50
      vertex 142.48076923076923 238.6346153846154 50
    endloop
  endfacet
  facet normal 0 0 1
    outer loop
      vertex 134.6253846153846 230.75923076923078 50
      vertex 153.85615384615386 230.75923076923078 50
      vertex 145.98076923076923 238.6346153846154 50
    endloop
  endfacet
  facet normal 0 0.7071067811865483 -0.7071067811865467
    outer loop
      vertex 136.41538461538462 232.56923076923078 41.54461538461538
      vertex 142.48076923076923 238.6346153846154 47.61
      vertex 145.98076923076923 238.6346153846154 47.61
    endloop
  endfacet
  facet normal 0.7071067811865483 0 -0.7071067811865467
    outer loop
      vertex 136.41538461538462 232.56923076923078 41.54461538461538
      vertex 142.48076923076923 242.1346153846154 47.61
      vertex 142.48076923076923 238.6346153846154 47.61
    endloop
  endfacet
  facet normal -0.7071067811865483 0 -0.7071067811865467
    outer loop
      vertex 152.04615384615383 232.56923076923078 41.54461538461538
      vertex 145.98076923076923 238.6346153846154 47.61
      vertex 145.98076923076923 242.1346153846154 47.61
    endloop
  endfacet
  facet normal 0 -0.7071067811865483 -0.7071067811865467
    outer loop
      vertex 152.04615384615383 248.2 41.54461538461538
      vertex 145.98076923076923 242.1346153846154 47.61
      vertex 142.48076923076923 242.1346153846154 47.61
    endloop
  endfacet
  facet normal 0 0 1
    outer loop
      vertex 134.60538461538462 230.77307713114584 50
      vertex 142.48076923076923 238.6346153846154 50
      vertex 134.60538461538462 249.99615363808496 50
    endloop
  endfacet
  facet normal 0 0 1
    outer loop
      vertex 134.6253846153846 230.75923076923078 50
      vertex 145.98076923076923 238.6346153846154 50
      vertex 142.48076923076923 238.6346153846154 50
    endloop
  endfacet
  facet normal 0 0 1
    outer loop
      vertex 134.60538461538462 249.99615363808496 50
      vertex 142.48076923076923 238.6346153846154 50
      vertex 142.48076923076925 242.1346153846154 50
    endloop
  endfacet
  facet normal 0 0 1
    outer loop
      vertex 134.60538461538462 249.99615363808496 50
      vertex 142.48076923076925 242.1346153846154 50
      vertex 145.98076923076923 242.1346153846154 50
    endloop
  endfacet
  facet normal 0 0 1
    outer loop
      vertex 134.60538461538462 249.99615363808496 50
      vertex 145.98076923076923 242.1346153846154 50
      vertex 134.6109403879964 250 50
    endloop
  endfacet
  facet normal 0 1 0
    outer loop
      vertex 142.48076923076923 238.6346153846154 47.61
      vertex 142.48076923076923 238.6346153846154 50
      vertex 145.98076923076923 238.6346153846154 47.61
    endloop
  endfacet
  facet normal 1 0 -1.1891928631968202e-14
    outer loop
      vertex 142.48076923076923 238.6346153846154 47.61
      vertex 142.48076923076923 242.1346153846154 47.61
      vertex 142.48076923076925 242.1346153846154 50
    endloop
  endfacet
  facet normal 0 -1 0
    outer loop
      vertex 142.48076923076923 242.1346153846154 47.61
      vertex 145.98076923076923 242.1346153846154 47.61
      vertex 145.98076923076923 242.1346153846154 50
    endloop
  endfacet
  facet normal -1 0 0
    outer loop
      vertex 145.98076923076923 238.6346153846154 47.61
      vertex 145.98076923076923 238.6346153846154 50
      vertex 145.98076923076923 242.1346153846154 47.61
    endloop
  endfacet
  facet normal 0 1 0
    outer loop
      vertex 145.98076923076923 238.6346153846154 47.61
      vertex 142.48076923076923 238.6346153846154 50
      vertex 145.98076923076923 238.6346153846154 50
    endloop
  endfacet
  facet normal 1 -8.120488408686859e-15 0
    outer loop
      vertex 142.48076923076923 238.6346153846154 47.61
      vertex 142.48076923076925 242.1346153846154 50
      vertex 142.48076923076923 238.6346153846154 50
    endloop
  endfacet
  facet normal 0 -1 0
    outer loop
      vertex 142.48076923076923 242.1346153846154 47.61
      vertex 145.98076923076923 242.1346153846154 50
      vertex 142.48076923076925 242.1346153846154 50
    endloop
  endfacet
  facet normal -1 0 0
    outer loop
      vertex 145.98076923076923 242.1346153846154 47.61
      vertex 145.98076923076923 238.6346153846154 50
      vertex 145.98076923076923 242.1346153846154 50
    endloop
  endfacet
  facet normal 0 0 1
    outer loop
      vertex 145.98076923076923 242.1346153846154 50
      vertex 153.85615384615386 250 50
      vertex 134.6109403879964 250 50
    endloop
  endfacet
  facet normal 0 0 1
    outer loop
      vertex 145.98076923076923 238.6346153846154 50
      vertex 153.85615384615386 250 50
      vertex 145.98076923076923 242.1346153846154 50
    endloop
  endfacet
  facet normal 0 0 1
    outer loop
      vertex 145.98076923076923 238.6346153846154 50
      vertex 153.85615384615386 230.75923076923078 50
      vertex 153.85615384615386 250 50
    endloop
  endfacet
  facet normal 1 0 0
    outer loop
      vertex 232.56923076923078 136.41538461538462 6
      vertex 232.56923076923078 152.04615384615383 41.534615384615385
      vertex 232.56923076923078 136.41538461538462 41.534615384615385
    endloop
  endfacet
  facet normal 0 1 0
    outer loop
      vertex 248.2 136.41538461538462 6
      vertex 232.56923076923078 136.41538461538462 41.534615384615385
      vertex 248.2 136.41538461538462 41.534615384615385
    endloop
  endfacet
  facet normal -1 0 0
    outer loop
      vertex 248.2 152.04615384615383 6
      vertex 248.2 136.41538461538462 41.534615384615385
      vertex 248.2 136.41538461538462 41.54461538461538
    endloop
  endfacet
  facet normal -1 0 0
    outer loop
      vertex 248.2 152.04615384615383 6
      vertex 248.2 136.41538461538462 41.54461538461538
      vertex 248.2 152.04615384615383 41.534615384615385
    endloop
  endfacet
  facet normal 0 -1 0
    outer loop
      vertex 232.56923076923078 152.04615384615383 6
      vertex 248.2 152.04615384615383 41.534615384615385
      vertex 232.56923076923078 152.04615384615383 41.534615384615385
    endloop
  endfacet
  facet normal -1 0 0
    outer loop
      vertex 230.75923076923078 153.85615384615386 5.99
      vertex 230.75923076923078 134.6253846153846 50
      vertex 230.75923076923078 153.85615384615386 50
    endloop
  endfacet
  facet normal 1 0 0
    outer loop
      vertex 250 134.61538461538464 50
      vertex 250 115.37461538461538 50
      vertex 250 153.85615384615386 5.99
    endloop
  endfacet
  facet normal 1 0 0
    outer loop
      vertex 250 134.61538461538464 50
      vertex 250 153.85615384615386 5.99
      vertex 250 153.85615384615386 50
    endloop
  endfacet
  facet normal 0 1 0
    outer loop
      vertex 230.75923076923078 153.85615384615386 50
      vertex 250 153.85615384615386 50
      vertex 250 153.85615384615386 5.99
    endloop
  endfacet
  facet normal 1 0 0
    outer loop
      vertex 232.56923076923078 136.41538461538462 41.534615384615385
      vertex 232.56923076923078 152.04615384615383 41.534615384615385
      vertex 232.56923076923078 136.41538461538462 41.54461538461538
    endloop
  endfacet
  facet normal 1 0 0
    outer loop
      vertex 232.56923076923078 136.41538461538462 41.54461538461538
      vertex 232.56923076923078 152.04615384615383 41.534615384615385
      vertex 232.56923076923078 152.04615384615383 41.54461538461538
    endloop
  endfacet
  facet normal 0.7071067811865482 0 -0.7071067811865467
    outer loop
      vertex 232.56923076923078 136.41538461538462 41.54461538461538
      vertex 232.56923076923078 152.04615384615383 41.54461538461538
      vertex 238.6346153846154 145.98076923076923 47.61
    endloop
  endfacet
  facet normal 0 1 0
    outer loop
      vertex 232.56923076923078 136.41538461538462 41.534615384615385
      vertex 232.56923076923078 136.41538461538462 41.54461538461538
      vertex 248.2 136.41538461538462 41.534615384615385
    endloop
  endfacet
  facet normal 0 1 0
    outer loop
      vertex 232.56923076923078 136.41538461538462 41.54461538461538
      vertex 248.2 136.41538461538462 41.54461538461538
      vertex 248.2 136.41538461538462 41.534615384615385
    endloop
  endfacet
  facet normal -1 0 0
    outer loop
      vertex 248.2 136.41538461538462 41.54461538461538
      vertex 248.2 152.04615384615383 41.54461538461538
      vertex 248.2 152.04615384615383 41.534615384615385
    endloop
  endfacet
  facet normal 0 0.7071067811865482 -0.7071067811865467
    outer loop
      vertex 232.56923076923078 136.41538461538462 41.54461538461538
      vertex 242.1346153846154 142.48076923076923 47.61
      vertex 248.2 136.41538461538462 41.54461538461538
    endloop
  endfacet
  facet normal -0.7071067811865482 0 -0.7071067811865467
    outer loop
      vertex 248.2 136.41538461538462 41.54461538461538
      vertex 242.1346153846154 145.98076923076923 47.61
      vertex 248.2 152.04615384615383 41.54461538461538
    endloop
  endfacet
  facet normal 0 -1 0
    outer loop
      vertex 232.56923076923078 152.04615384615383 41.54461538461538
      vertex 232.56923076923078 152.04615384615383 41.534615384615385
      vertex 248.2 152.04615384615383 41.54461538461538
    endloop
  endfacet
  facet normal 0 -1 0
    outer loop
      vertex 232.56923076923078 152.04615384615383 41.534615384615385
      vertex 248.2 152.04615384615383 41.534615384615385
      vertex 248.2 152.04615384615383 41.54461538461538
    endloop
  endfacet
  facet normal 0 -0.7071067811865482 -0.7071067811865467
    outer loop
      vertex 232.56923076923078 152.04615384615383 41.54461538461538
      vertex 248.2 152.04615384615383 41.54461538461538
      vertex 238.6346153846154 145.98076923076923 47.61
    endloop
  endfacet
  facet normal 0 0 1
    outer loop
      vertex 230.76859081874002 134.611864747037 50
      vertex 238.6346153846154 142.48076923076923 50
      vertex 230.75923076923078 134.6253846153846 50
    endloop
  endfacet
  facet normal 0 0 1
    outer loop
      vertex 230.76859081874002 134.611864747037 50
      vertex 230.77104887839724 134.61356650621815 50
      vertex 238.6346153846154 142.48076923076923 50
    endloop
  endfacet
  facet normal 0 0 1
    outer loop
      vertex 230.75923076923078 134.6253846153846 50
      vertex 238.6346153846154 142.48076923076923 50
      vertex 230.75923076923078 153.85615384615386 50
    endloop
  endfacet
  facet normal 0.7071067811865483 0 -0.7071067811865467
    outer loop
      vertex 232.56923076923078 136.41538461538462 41.54461538461538
      vertex 238.6346153846154 145.98076923076923 47.61
      vertex 238.6346153846154 142.48076923076923 47.61
    endloop
  endfacet
  facet normal 0 0.7071067811865483 -0.7071067811865467
    outer loop
      vertex 232.56923076923078 136.41538461538462 41.54461538461538
      vertex 238.6346153846154 142.48076923076923 47.61
      vertex 242.1346153846154 142.48076923076923 47.61
    endloop
  endfacet
  facet normal -0.7071067811865483 0 -0.7071067811865467
    outer loop
      vertex 248.2 136.41538461538462 41.54461538461538
      vertex 242.1346153846154 142.48076923076923 47.61
      vertex 242.1346153846154 145.98076923076923 47.61
    endloop
  endfacet
  facet normal 0 -0.7071067811865483 -0.7071067811865467
    outer loop
      vertex 248.2 152.04615384615383 41.54461538461538
      vertex 242.1346153846154 145.98076923076923 47.61
      vertex 238.6346153846154 145.98076923076923 47.61
    endloop
  endfacet
  facet normal 0 0 1
    outer loop
      vertex 230.77104887839724 134.61356650621815 50
      vertex 242.1346153846154 142.48076923076923 50
      vertex 238.6346153846154 142.48076923076923 50
    endloop
  endfacet
  facet normal 0 0 1
    outer loop
      vertex 230.77104887839724 134.61356650621815 50
      vertex 249.99818189083356 134.61720272455108 50
      vertex 242.1346153846154 142.48076923076923 50
    endloop
  endfacet
  facet normal 1 0 -1.1891928631968202e-14
    outer loop
      vertex 238.6346153846154 142.48076923076923 47.61
      vertex 238.6346153846154 145.98076923076923 47.61
      vertex 238.63461538461542 145.98076923076923 50
    endloop
  endfacet
  facet normal 0 1 0
    outer loop
      vertex 238.6346153846154 142.48076923076923 47.61
      vertex 238.6346153846154 142.48076923076923 50
      vertex 242.1346153846154 142.48076923076923 47.61
    endloop
  endfacet
  facet normal -1 0 0
    outer loop
      vertex 242.1346153846154 142.48076923076923 47.61
      vertex 242.1346153846154 142.48076923076923 50
      vertex 242.1346153846154 145.98076923076923 47.61
    endloop
  endfacet
  facet normal 0 -1 0
    outer loop
      vertex 238.6346153846154 145.98076923076923 47.61
      vertex 242.1346153846154 145.98076923076923 47.61
      vertex 242.1346153846154 145.98076923076923 50
    endloop
  endfacet
  facet normal 1 -8.120488408686859e-15 0
    outer loop
      vertex 238.6346153846154 142.48076923076923 47.61
      vertex 238.63461538461542 145.98076923076923 50
      vertex 238.6346153846154 142.48076923076923 50
    endloop
  endfacet
  facet normal 0 0 1
    outer loop
      vertex 230.75923076923078 153.85615384615386 50
      vertex 238.6346153846154 142.48076923076923 50
      vertex 238.63461538461542 145.98076923076923 50
    endloop
  endfacet
  facet normal 0 1 0
    outer loop
      vertex 242.1346153846154 142.48076923076923 47.61
      vertex 238.6346153846154 142.48076923076923 50
      vertex 242.1346153846154 142.48076923076923 50
    endloop
  endfacet
  facet normal -1 0 0
    outer loop
      vertex 242.1346153846154 145.98076923076923 47.61
      vertex 242.1346153846154 142.48076923076923 50
      vertex 242.1346153846154 145.98076923076923 50
    endloop
  endfacet
  facet normal 0 -1 0
    outer loop
      vertex 238.6346153846154 145.98076923076923 47.61
      vertex 242.1346153846154 145.98076923076923 50
      vertex 238.63461538461542 145.98076923076923 50
    endloop
  endfacet
  facet normal 0 0 1
    outer loop
      vertex 249.99818189083356 134.61720272455108 50
      vertex 250 134.61538461538464 50
      vertex 250 153.85615384615386 50
    endloop
  endfacet
  facet normal 0 0 1
    outer loop
      vertex 238.63461538461542 145.98076923076923 50
      vertex 242.1346153846154 145.98076923076923 50
      vertex 250 153.85615384615386 50
    endloop
  endfacet
  facet normal 0 0 1
    outer loop
      vertex 242.1346153846154 142.48076923076923 50
      vertex 250 153.85615384615386 50
      vertex 242.1346153846154 145.98076923076923 50
    endloop
  endfacet
  facet normal 0 0 1
    outer loop
      vertex 242.1346153846154 142.48076923076923 50
      vertex 249.99818189083356 134.61720272455108 50
      vertex 250 153.85615384615386 50
    endloop
  endfacet
  facet normal 0 0 1
    outer loop
      vertex 230.75923076923078 153.85615384615386 50
      vertex 238.63461538461542 145.98076923076923 50
      vertex 250 153.85615384615386 50
    endloop
  endfacet
endsolid OpenSCAD_Model
