solid OpenSCAD_Model
  facet normal 0.14673048037120007 -0.9891765090872492 0
    outer loop
      vertex 1.516404040157795 -7.623477905988693 0
      vertex 0.7618706375360489 -7.73540236800909 3.2
      vertex 0.7618706375360489 -7.73540236800909 0
    endloop
  endfacet
  facet normal 0.14673048037120007 -0.9891765090872492 0
    outer loop
      vertex 1.516404040157795 -7.623477905988693 0
      vertex 1.516404040157795 -7.623477905988693 3.2
      vertex 0.7618706375360489 -7.73540236800909 3.2
    endloop
  endfacet
  facet normal 0.16777271361610432 -0.985825702934291 0
    outer loop
      vertex 20.377906449139118 -4.413533762097359 0
      vertex 1.516404040157795 -7.623477905988693 3.2
      vertex 1.516404040157795 -7.623477905988693 0
    endloop
  endfacet
  facet normal 0.16777271361610432 -0.985825702934291 0
    outer loop
      vertex 20.377906449139118 -4.413533762097359 0
      vertex 20.377906449139118 -4.413533762097359 3.2
      vertex 1.516404040157795 -7.623477905988693 3.2
    endloop
  endfacet
  facet normal 0.2429801758925828 -0.9700312541991674 0
    outer loop
      vertex 20.80628104507923 -4.306231513619423 0
      vertex 20.377906449139118 -4.413533762097359 3.2
      vertex 20.377906449139118 -4.413533762097359 0
    endloop
  endfacet
  facet normal 0.2429801758925828 -0.9700312541991674 0
    outer loop
      vertex 20.80628104507923 -4.306231513619423 0
      vertex 20.80628104507923 -4.306231513619423 3.2
      vertex 20.377906449139118 -4.413533762097359 3.2
    endloop
  endfacet
  facet normal 0.3368898573813714 -0.9415440637556796 0
    outer loop
      vertex 21.222075447440147 -4.157457895576954 0
      vertex 20.80628104507923 -4.306231513619423 3.2
      vertex 20.80628104507923 -4.306231513619423 0
    endloop
  endfacet
  facet normal 0.3368898573813714 -0.9415440637556796 0
    outer loop
      vertex 21.222075447440147 -4.157457895576954 0
      vertex 21.222075447440147 -4.157457895576954 3.2
      vertex 20.80628104507923 -4.306231513619423 3.2
    endloop
  endfacet
  facet normal 0.42755508623947747 -0.9039892965244406 0
    outer loop
      vertex 21.621285319328308 -3.968645691871643 0
      vertex 21.222075447440147 -4.157457895576954 3.2
      vertex 21.222075447440147 -4.157457895576954 0
    endloop
  endfacet
  facet normal 0.42755508623947747 -0.9039892965244406 0
    outer loop
      vertex 21.621285319328308 -3.968645691871643 0
      vertex 21.621285319328308 -3.968645691871643 3.2
      vertex 21.222075447440147 -4.157457895576954 3.2
    endloop
  endfacet
  facet normal 0.5141027531796899 -0.8577286046139903 0
    outer loop
      vertex 22.00006604939699 -3.7416132539510727 0
      vertex 21.621285319328308 -3.968645691871643 3.2
      vertex 21.621285319328308 -3.968645691871643 0
    endloop
  endfacet
  facet normal 0.5141027531796899 -0.8577286046139903 0
    outer loop
      vertex 22.00006604939699 -3.7416132539510727 0
      vertex 22.00006604939699 -3.7416132539510727 3.2
      vertex 21.621285319328308 -3.968645691871643 3.2
    endloop
  endfacet
  facet normal 0.5956993056950403 -0.8032075305887308 0
    outer loop
      vertex 22.35476978123188 -3.4785470366477966 0
      vertex 22.00006604939699 -3.7416132539510727 3.2
      vertex 22.00006604939699 -3.7416132539510727 0
    endloop
  endfacet
  facet normal 0.5956993056950403 -0.8032075305887308 0
    outer loop
      vertex 22.35476978123188 -3.4785470366477966 0
      vertex 22.35476978123188 -3.4785470366477966 3.2
      vertex 22.00006604939699 -3.7416132539510727 3.2
    endloop
  endfacet
  facet normal 0.6715589587854407 -0.7409511217853813 0
    outer loop
      vertex 22.68198051303625 -3.181980513036251 0
      vertex 22.35476978123188 -3.4785470366477966 3.2
      vertex 22.35476978123188 -3.4785470366477966 0
    endloop
  endfacet
  facet normal 0.6715589587854407 -0.7409511217853813 0
    outer loop
      vertex 22.68198051303625 -3.181980513036251 0
      vertex 22.68198051303625 -3.181980513036251 3.2
      vertex 22.35476978123188 -3.4785470366477966 3.2
    endloop
  endfacet
  facet normal 0.7409511217853813 -0.6715589587854407 0
    outer loop
      vertex 22.978547036647797 -2.85476978123188 0
      vertex 22.68198051303625 -3.181980513036251 3.2
      vertex 22.68198051303625 -3.181980513036251 0
    endloop
  endfacet
  facet normal 0.7409511217853813 -0.6715589587854407 0
    outer loop
      vertex 22.978547036647797 -2.85476978123188 0
      vertex 22.978547036647797 -2.85476978123188 3.2
      vertex 22.68198051303625 -3.181980513036251 3.2
    endloop
  endfacet
  facet normal 0.8032075305887308 -0.5956993056950403 0
    outer loop
      vertex 23.241613253951073 -2.5000660493969917 0
      vertex 22.978547036647797 -2.85476978123188 3.2
      vertex 22.978547036647797 -2.85476978123188 0
    endloop
  endfacet
  facet normal 0.8032075305887308 -0.5956993056950403 0
    outer loop
      vertex 23.241613253951073 -2.5000660493969917 0
      vertex 23.241613253951073 -2.5000660493969917 3.2
      vertex 22.978547036647797 -2.85476978123188 3.2
    endloop
  endfacet
  facet normal 0.8577286046139903 -0.5141027531796899 0
    outer loop
      vertex 23.468645691871643 -2.121285319328308 0
      vertex 23.241613253951073 -2.5000660493969917 3.2
      vertex 23.241613253951073 -2.5000660493969917 0
    endloop
  endfacet
  facet normal 0.8577286046139903 -0.5141027531796899 0
    outer loop
      vertex 23.468645691871643 -2.121285319328308 0
      vertex 23.468645691871643 -2.121285319328308 3.2
      vertex 23.241613253951073 -2.5000660493969917 3.2
    endloop
  endfacet
  facet normal 0.9039892965244406 -0.42755508623947747 0
    outer loop
      vertex 23.657457895576954 -1.7220754474401474 0
      vertex 23.468645691871643 -2.121285319328308 3.2
      vertex 23.468645691871643 -2.121285319328308 0
    endloop
  endfacet
  facet normal 0.9039892965244406 -0.42755508623947747 0
    outer loop
      vertex 23.657457895576954 -1.7220754474401474 0
      vertex 23.657457895576954 -1.7220754474401474 3.2
      vertex 23.468645691871643 -2.121285319328308 3.2
    endloop
  endfacet
  facet normal 0.9415440637556796 -0.3368898573813714 0
    outer loop
      vertex 23.806231513619423 -1.3062810450792313 0
      vertex 23.657457895576954 -1.7220754474401474 3.2
      vertex 23.657457895576954 -1.7220754474401474 0
    endloop
  endfacet
  facet normal 0.9415440637556796 -0.3368898573813714 0
    outer loop
      vertex 23.806231513619423 -1.3062810450792313 0
      vertex 23.806231513619423 -1.3062810450792313 3.2
      vertex 23.657457895576954 -1.7220754474401474 3.2
    endloop
  endfacet
  facet normal 0.9700312541991674 -0.2429801758925828 0
    outer loop
      vertex 23.91353376209736 -0.8779064491391182 0
      vertex 23.806231513619423 -1.3062810450792313 3.2
      vertex 23.806231513619423 -1.3062810450792313 0
    endloop
  endfacet
  facet normal 0.9700312541991674 -0.2429801758925828 0
    outer loop
      vertex 23.91353376209736 -0.8779064491391182 0
      vertex 23.91353376209736 -0.8779064491391182 3.2
      vertex 23.806231513619423 -1.3062810450792313 3.2
    endloop
  endfacet
  facet normal 0.9891765109483851 -0.14673046782444157 0
    outer loop
      vertex 23.97833126783371 -0.4410771280527115 0
      vertex 23.91353376209736 -0.8779064491391182 3.2
      vertex 23.91353376209736 -0.8779064491391182 0
    endloop
  endfacet
  facet normal 0.9891765109483851 -0.14673046782444157 0
    outer loop
      vertex 23.97833126783371 -0.4410771280527115 0
      vertex 23.97833126783371 -0.4410771280527115 3.2
      vertex 23.91353376209736 -0.8779064491391182 3.2
    endloop
  endfacet
  facet normal 0.9987954559432997 -0.04906767965795931 0
    outer loop
      vertex 24 0 0
      vertex 23.97833126783371 -0.4410771280527115 3.2
      vertex 23.97833126783371 -0.4410771280527115 0
    endloop
  endfacet
  facet normal 0.9987954559432997 -0.04906767965795931 0
    outer loop
      vertex 24 0 0
      vertex 24 0 3.2
      vertex 23.97833126783371 -0.4410771280527115 3.2
    endloop
  endfacet
  facet normal 0.9987954559432997 0.04906767965795931 0
    outer loop
      vertex 23.97833126783371 0.4410771280527115 0
      vertex 24 0 3.2
      vertex 24 0 0
    endloop
  endfacet
  facet normal 0.9987954559432997 0.04906767965795931 0
    outer loop
      vertex 23.97833126783371 0.4410771280527115 0
      vertex 23.97833126783371 0.4410771280527115 3.2
      vertex 24 0 3.2
    endloop
  endfacet
  facet normal 0.9891765109483851 0.14673046782444157 0
    outer loop
      vertex 23.91353376209736 0.8779064491391182 0
      vertex 23.97833126783371 0.4410771280527115 3.2
      vertex 23.97833126783371 0.4410771280527115 0
    endloop
  endfacet
  facet normal 0.9891765109483851 0.14673046782444157 0
    outer loop
      vertex 23.91353376209736 0.8779064491391182 0
      vertex 23.91353376209736 0.8779064491391182 3.2
      vertex 23.97833126783371 0.4410771280527115 3.2
    endloop
  endfacet
  facet normal 0.9700312541991674 0.2429801758925828 0
    outer loop
      vertex 23.806231513619423 1.3062810450792313 0
      vertex 23.91353376209736 0.8779064491391182 3.2
      vertex 23.91353376209736 0.8779064491391182 0
    endloop
  endfacet
  facet normal 0.9700312541991674 0.2429801758925828 0
    outer loop
      vertex 23.806231513619423 1.3062810450792313 0
      vertex 23.806231513619423 1.3062810450792313 3.2
      vertex 23.91353376209736 0.8779064491391182 3.2
    endloop
  endfacet
  facet normal 0.9415440637556796 0.3368898573813714 0
    outer loop
      vertex 23.657457895576954 1.7220754474401474 0
      vertex 23.806231513619423 1.3062810450792313 3.2
      vertex 23.806231513619423 1.3062810450792313 0
    endloop
  endfacet
  facet normal 0.9415440637556796 0.3368898573813714 0
    outer loop
      vertex 23.657457895576954 1.7220754474401474 0
      vertex 23.657457895576954 1.7220754474401474 3.2
      vertex 23.806231513619423 1.3062810450792313 3.2
    endloop
  endfacet
  facet normal 0.9039892965244406 0.42755508623947747 0
    outer loop
      vertex 23.468645691871643 2.121285319328308 0
      vertex 23.657457895576954 1.7220754474401474 3.2
      vertex 23.657457895576954 1.7220754474401474 0
    endloop
  endfacet
  facet normal 0.9039892965244406 0.42755508623947747 0
    outer loop
      vertex 23.468645691871643 2.121285319328308 0
      vertex 23.468645691871643 2.121285319328308 3.2
      vertex 23.657457895576954 1.7220754474401474 3.2
    endloop
  endfacet
  facet normal 0.8577286046139903 0.5141027531796899 0
    outer loop
      vertex 23.241613253951073 2.5000660493969917 0
      vertex 23.468645691871643 2.121285319328308 3.2
      vertex 23.468645691871643 2.121285319328308 0
    endloop
  endfacet
  facet normal 0.8577286046139903 0.5141027531796899 0
    outer loop
      vertex 23.241613253951073 2.5000660493969917 0
      vertex 23.241613253951073 2.5000660493969917 3.2
      vertex 23.468645691871643 2.121285319328308 3.2
    endloop
  endfacet
  facet normal 0.8032075305887308 0.5956993056950403 0
    outer loop
      vertex 22.978547036647797 2.85476978123188 0
      vertex 23.241613253951073 2.5000660493969917 3.2
      vertex 23.241613253951073 2.5000660493969917 0
    endloop
  endfacet
  facet normal 0.8032075305887308 0.5956993056950403 0
    outer loop
      vertex 22.978547036647797 2.85476978123188 0
      vertex 22.978547036647797 2.85476978123188 3.2
      vertex 23.241613253951073 2.5000660493969917 3.2
    endloop
  endfacet
  facet normal 0.7409511217853813 0.6715589587854407 0
    outer loop
      vertex 22.68198051303625 3.181980513036251 0
      vertex 22.978547036647797 2.85476978123188 3.2
      vertex 22.978547036647797 2.85476978123188 0
    endloop
  endfacet
  facet normal 0.7409511217853813 0.6715589587854407 0
    outer loop
      vertex 22.68198051303625 3.181980513036251 0
      vertex 22.68198051303625 3.181980513036251 3.2
      vertex 22.978547036647797 2.85476978123188 3.2
    endloop
  endfacet
  facet normal 0.6715589587854407 0.7409511217853813 0
    outer loop
      vertex 22.35476978123188 3.4785470366477966 0
      vertex 22.68198051303625 3.181980513036251 3.2
      vertex 22.68198051303625 3.181980513036251 0
    endloop
  endfacet
  facet normal 0.6715589587854407 0.7409511217853813 0
    outer loop
      vertex 22.35476978123188 3.4785470366477966 0
      vertex 22.35476978123188 3.4785470366477966 3.2
      vertex 22.68198051303625 3.181980513036251 3.2
    endloop
  endfacet
  facet normal 0.5956993056950403 0.8032075305887308 0
    outer loop
      vertex 22.00006604939699 3.7416132539510727 0
      vertex 22.35476978123188 3.4785470366477966 3.2
      vertex 22.35476978123188 3.4785470366477966 0
    endloop
  endfacet
  facet normal 0.5956993056950403 0.8032075305887308 0
    outer loop
      vertex 22.00006604939699 3.7416132539510727 0
      vertex 22.00006604939699 3.7416132539510727 3.2
      vertex 22.35476978123188 3.4785470366477966 3.2
    endloop
  endfacet
  facet normal 0.5141027531796899 0.8577286046139903 0
    outer loop
      vertex 21.621285319328308 3.968645691871643 0
      vertex 22.00006604939699 3.7416132539510727 3.2
      vertex 22.00006604939699 3.7416132539510727 0
    endloop
  endfacet
  facet normal 0.5141027531796899 0.8577286046139903 0
    outer loop
      vertex 21.621285319328308 3.968645691871643 0
      vertex 21.621285319328308 3.968645691871643 3.2
      vertex 22.00006604939699 3.7416132539510727 3.2
    endloop
  endfacet
  facet normal 0.42755508623947747 0.9039892965244406 0
    outer loop
      vertex 21.222075447440147 4.157457895576954 0
      vertex 21.621285319328308 3.968645691871643 3.2
      vertex 21.621285319328308 3.968645691871643 0
    endloop
  endfacet
  facet normal 0.42755508623947747 0.9039892965244406 0
    outer loop
      vertex 21.222075447440147 4.157457895576954 0
      vertex 21.222075447440147 4.157457895576954 3.2
      vertex 21.621285319328308 3.968645691871643 3.2
    endloop
  endfacet
  facet normal 0.3368898573813714 0.9415440637556796 0
    outer loop
      vertex 20.80628104507923 4.306231513619423 0
      vertex 21.222075447440147 4.157457895576954 3.2
      vertex 21.222075447440147 4.157457895576954 0
    endloop
  endfacet
  facet normal 0.3368898573813714 0.9415440637556796 0
    outer loop
      vertex 20.80628104507923 4.306231513619423 0
      vertex 20.80628104507923 4.306231513619423 3.2
      vertex 21.222075447440147 4.157457895576954 3.2
    endloop
  endfacet
  facet normal 0.2429801758925828 0.9700312541991674 0
    outer loop
      vertex 20.377906449139118 4.413533762097359 0
      vertex 20.80628104507923 4.306231513619423 3.2
      vertex 20.80628104507923 4.306231513619423 0
    endloop
  endfacet
  facet normal 0.2429801758925828 0.9700312541991674 0
    outer loop
      vertex 20.377906449139118 4.413533762097359 0
      vertex 20.377906449139118 4.413533762097359 3.2
      vertex 20.80628104507923 4.306231513619423 3.2
    endloop
  endfacet
  facet normal 0.16777271361610432 0.985825702934291 0
    outer loop
      vertex 1.516404040157795 7.623477905988693 0
      vertex 20.377906449139118 4.413533762097359 3.2
      vertex 20.377906449139118 4.413533762097359 0
    endloop
  endfacet
  facet normal 0.16777271361610432 0.985825702934291 0
    outer loop
      vertex 1.516404040157795 7.623477905988693 0
      vertex 1.516404040157795 7.623477905988693 3.2
      vertex 20.377906449139118 4.413533762097359 3.2
    endloop
  endfacet
  facet normal 0.14673048037120007 0.9891765090872492 0
    outer loop
      vertex 0.7618706375360489 7.73540236800909 0
      vertex 1.516404040157795 7.623477905988693 3.2
      vertex 1.516404040157795 7.623477905988693 0
    endloop
  endfacet
  facet normal 0.14673048037120007 0.9891765090872492 0
    outer loop
      vertex 0.7618706375360489 7.73540236800909 0
      vertex 0.7618706375360489 7.73540236800909 3.2
      vertex 1.516404040157795 7.623477905988693 3.2
    endloop
  endfacet
  facet normal 0.04906767458771397 0.9987954561923849 0
    outer loop
      vertex 0 7.772830672562122 0
      vertex 0.7618706375360489 7.73540236800909 3.2
      vertex 0.7618706375360489 7.73540236800909 0
    endloop
  endfacet
  facet normal 0.04906767458771397 0.9987954561923849 0
    outer loop
      vertex 0 7.772830672562122 0
      vertex 0 7.772830672562122 3.2
      vertex 0.7618706375360489 7.73540236800909 3.2
    endloop
  endfacet
  facet normal -0.04906767458771397 0.9987954561923849 0
    outer loop
      vertex -0.7618706375360489 7.73540236800909 0
      vertex 0 7.772830672562122 3.2
      vertex 0 7.772830672562122 0
    endloop
  endfacet
  facet normal -0.04906767458771397 0.9987954561923849 0
    outer loop
      vertex -0.7618706375360489 7.73540236800909 0
      vertex -0.7618706375360489 7.73540236800909 3.2
      vertex 0 7.772830672562122 3.2
    endloop
  endfacet
  facet normal -0.14673048037120007 0.9891765090872492 0
    outer loop
      vertex -1.516404040157795 7.623477905988693 0
      vertex -0.7618706375360489 7.73540236800909 3.2
      vertex -0.7618706375360489 7.73540236800909 0
    endloop
  endfacet
  facet normal -0.14673048037120007 0.9891765090872492 0
    outer loop
      vertex -1.516404040157795 7.623477905988693 0
      vertex -1.516404040157795 7.623477905988693 3.2
      vertex -0.7618706375360489 7.73540236800909 3.2
    endloop
  endfacet
  facet normal -0.2429801768719103 0.9700312539538585 0
    outer loop
      vertex -2.256333641707897 7.43813519179821 0
      vertex -1.516404040157795 7.623477905988693 3.2
      vertex -1.516404040157795 7.623477905988693 0
    endloop
  endfacet
  facet normal -0.2429801768719103 0.9700312539538585 0
    outer loop
      vertex -2.256333641707897 7.43813519179821 0
      vertex -2.256333641707897 7.43813519179821 3.2
      vertex -1.516404040157795 7.623477905988693 3.2
    endloop
  endfacet
  facet normal -0.3368898505883897 0.9415440661862473 0
    outer loop
      vertex -2.9745335206389427 7.181159168481827 0
      vertex -2.256333641707897 7.43813519179821 3.2
      vertex -2.256333641707897 7.43813519179821 0
    endloop
  endfacet
  facet normal -0.3368898505883897 0.9415440661862473 0
    outer loop
      vertex -2.9745335206389427 7.181159168481827 0
      vertex -2.9745335206389427 7.181159168481827 3.2
      vertex -2.256333641707897 7.43813519179821 3.2
    endloop
  endfacet
  facet normal -0.42755509888144294 0.9039892905452362 0
    outer loop
      vertex -3.664087012410164 6.85502465069294 0
      vertex -2.9745335206389427 7.181159168481827 3.2
      vertex -2.9745335206389427 7.181159168481827 0
    endloop
  endfacet
  facet normal -0.42755509888144294 0.9039892905452362 0
    outer loop
      vertex -3.664087012410164 6.85502465069294 0
      vertex -3.664087012410164 6.85502465069294 3.2
      vertex -2.9745335206389427 7.181159168481827 3.2
    endloop
  endfacet
  facet normal -0.5141027401224281 0.8577286124402119 0
    outer loop
      vertex -4.318353347480297 6.462872505187988 0
      vertex -3.664087012410164 6.85502465069294 3.2
      vertex -3.664087012410164 6.85502465069294 0
    endloop
  endfacet
  facet normal -0.5141027401224281 0.8577286124402119 0
    outer loop
      vertex -4.318353347480297 6.462872505187988 0
      vertex -4.318353347480297 6.462872505187988 3.2
      vertex -3.664087012410164 6.85502465069294 3.2
    endloop
  endfacet
  facet normal -0.5956993083792038 0.8032075285980195 0
    outer loop
      vertex -4.9310315772891045 6.008479356765747 0
      vertex -4.318353347480297 6.462872505187988 3.2
      vertex -4.318353347480297 6.462872505187988 0
    endloop
  endfacet
  facet normal -0.5956993083792038 0.8032075285980195 0
    outer loop
      vertex -4.9310315772891045 6.008479356765747 0
      vertex -4.9310315772891045 6.008479356765747 3.2
      vertex -4.318353347480297 6.462872505187988 3.2
    endloop
  endfacet
  facet normal -0.6715589555170366 0.7409511247476899 0
    outer loop
      vertex -5.496221274137497 5.496221274137497 0
      vertex -4.9310315772891045 6.008479356765747 3.2
      vertex -4.9310315772891045 6.008479356765747 0
    endloop
  endfacet
  facet normal -0.6715589555170366 0.7409511247476899 0
    outer loop
      vertex -5.496221274137497 5.496221274137497 0
      vertex -5.496221274137497 5.496221274137497 3.2
      vertex -4.9310315772891045 6.008479356765747 3.2
    endloop
  endfacet
  facet normal -0.7409511247476899 0.6715589555170366 0
    outer loop
      vertex -6.008479356765747 4.9310315772891045 0
      vertex -5.496221274137497 5.496221274137497 3.2
      vertex -5.496221274137497 5.496221274137497 0
    endloop
  endfacet
  facet normal -0.7409511247476899 0.6715589555170366 0
    outer loop
      vertex -6.008479356765747 4.9310315772891045 0
      vertex -6.008479356765747 4.9310315772891045 3.2
      vertex -5.496221274137497 5.496221274137497 3.2
    endloop
  endfacet
  facet normal -0.8032075285980195 0.5956993083792038 0
    outer loop
      vertex -6.462872505187988 4.318353347480297 0
      vertex -6.008479356765747 4.9310315772891045 3.2
      vertex -6.008479356765747 4.9310315772891045 0
    endloop
  endfacet
  facet normal -0.8032075285980195 0.5956993083792038 0
    outer loop
      vertex -6.462872505187988 4.318353347480297 0
      vertex -6.462872505187988 4.318353347480297 3.2
      vertex -6.008479356765747 4.9310315772891045 3.2
    endloop
  endfacet
  facet normal -0.8577286124402119 0.5141027401224281 0
    outer loop
      vertex -6.85502465069294 3.664087012410164 0
      vertex -6.462872505187988 4.318353347480297 3.2
      vertex -6.462872505187988 4.318353347480297 0
    endloop
  endfacet
  facet normal -0.8577286124402119 0.5141027401224281 0
    outer loop
      vertex -6.85502465069294 3.664087012410164 0
      vertex -6.85502465069294 3.664087012410164 3.2
      vertex -6.462872505187988 4.318353347480297 3.2
    endloop
  endfacet
  facet normal -0.9039892905452362 0.42755509888144294 0
    outer loop
      vertex -7.181159168481827 2.9745335206389427 0
      vertex -6.85502465069294 3.664087012410164 3.2
      vertex -6.85502465069294 3.664087012410164 0
    endloop
  endfacet
  facet normal -0.9039892905452362 0.42755509888144294 0
    outer loop
      vertex -7.181159168481827 2.9745335206389427 0
      vertex -7.181159168481827 2.9745335206389427 3.2
      vertex -6.85502465069294 3.664087012410164 3.2
    endloop
  endfacet
  facet normal -0.9415440661862473 0.3368898505883897 0
    outer loop
      vertex -7.43813519179821 2.256333641707897 0
      vertex -7.181159168481827 2.9745335206389427 3.2
      vertex -7.181159168481827 2.9745335206389427 0
    endloop
  endfacet
  facet normal -0.9415440661862473 0.3368898505883897 0
    outer loop
      vertex -7.43813519179821 2.256333641707897 0
      vertex -7.43813519179821 2.256333641707897 3.2
      vertex -7.181159168481827 2.9745335206389427 3.2
    endloop
  endfacet
  facet normal -0.9700312539538585 0.2429801768719103 0
    outer loop
      vertex -7.623477905988693 1.516404040157795 0
      vertex -7.43813519179821 2.256333641707897 3.2
      vertex -7.43813519179821 2.256333641707897 0
    endloop
  endfacet
  facet normal -0.9700312539538585 0.2429801768719103 0
    outer loop
      vertex -7.623477905988693 1.516404040157795 0
      vertex -7.623477905988693 1.516404040157795 3.2
      vertex -7.43813519179821 2.256333641707897 3.2
    endloop
  endfacet
  facet normal -0.9891765090872492 0.14673048037120007 0
    outer loop
      vertex -7.73540236800909 0.7618706375360489 0
      vertex -7.623477905988693 1.516404040157795 3.2
      vertex -7.623477905988693 1.516404040157795 0
    endloop
  endfacet
  facet normal -0.9891765090872492 0.14673048037120007 0
    outer loop
      vertex -7.73540236800909 0.7618706375360489 0
      vertex -7.73540236800909 0.7618706375360489 3.2
      vertex -7.623477905988693 1.516404040157795 3.2
    endloop
  endfacet
  facet normal -0.9987954561923849 0.04906767458771397 0
    outer loop
      vertex -7.772830672562122 0 0
      vertex -7.73540236800909 0.7618706375360489 3.2
      vertex -7.73540236800909 0.7618706375360489 0
    endloop
  endfacet
  facet normal -0.9987954561923849 0.04906767458771397 0
    outer loop
      vertex -7.772830672562122 0 0
      vertex -7.772830672562122 0 3.2
      vertex -7.73540236800909 0.7618706375360489 3.2
    endloop
  endfacet
  facet normal -0.9987954561923849 -0.04906767458771397 0
    outer loop
      vertex -7.73540236800909 -0.7618706375360489 0
      vertex -7.772830672562122 0 3.2
      vertex -7.772830672562122 0 0
    endloop
  endfacet
  facet normal -0.9987954561923849 -0.04906767458771397 0
    outer loop
      vertex -7.73540236800909 -0.7618706375360489 0
      vertex -7.73540236800909 -0.7618706375360489 3.2
      vertex -7.772830672562122 0 3.2
    endloop
  endfacet
  facet normal -0.9891765090872492 -0.14673048037120007 0
    outer loop
      vertex -7.623477905988693 -1.516404040157795 0
      vertex -7.73540236800909 -0.7618706375360489 3.2
      vertex -7.73540236800909 -0.7618706375360489 0
    endloop
  endfacet
  facet normal -0.9891765090872492 -0.14673048037120007 0
    outer loop
      vertex -7.623477905988693 -1.516404040157795 0
      vertex -7.623477905988693 -1.516404040157795 3.2
      vertex -7.73540236800909 -0.7618706375360489 3.2
    endloop
  endfacet
  facet normal -0.9700312539538585 -0.2429801768719103 0
    outer loop
      vertex -7.43813519179821 -2.256333641707897 0
      vertex -7.623477905988693 -1.516404040157795 3.2
      vertex -7.623477905988693 -1.516404040157795 0
    endloop
  endfacet
  facet normal -0.9700312539538585 -0.2429801768719103 0
    outer loop
      vertex -7.43813519179821 -2.256333641707897 0
      vertex -7.43813519179821 -2.256333641707897 3.2
      vertex -7.623477905988693 -1.516404040157795 3.2
    endloop
  endfacet
  facet normal -0.9415440661862473 -0.3368898505883897 0
    outer loop
      vertex -7.181159168481827 -2.9745335206389427 0
      vertex -7.43813519179821 -2.256333641707897 3.2
      vertex -7.43813519179821 -2.256333641707897 0
    endloop
  endfacet
  facet normal -0.9415440661862473 -0.3368898505883897 0
    outer loop
      vertex -7.181159168481827 -2.9745335206389427 0
      vertex -7.181159168481827 -2.9745335206389427 3.2
      vertex -7.43813519179821 -2.256333641707897 3.2
    endloop
  endfacet
  facet normal -0.9039892905452362 -0.42755509888144294 0
    outer loop
      vertex -6.85502465069294 -3.664087012410164 0
      vertex -7.181159168481827 -2.9745335206389427 3.2
      vertex -7.181159168481827 -2.9745335206389427 0
    endloop
  endfacet
  facet normal -0.9039892905452362 -0.42755509888144294 0
    outer loop
      vertex -6.85502465069294 -3.664087012410164 0
      vertex -6.85502465069294 -3.664087012410164 3.2
      vertex -7.181159168481827 -2.9745335206389427 3.2
    endloop
  endfacet
  facet normal -0.8577286124402119 -0.5141027401224281 0
    outer loop
      vertex -6.462872505187988 -4.318353347480297 0
      vertex -6.85502465069294 -3.664087012410164 3.2
      vertex -6.85502465069294 -3.664087012410164 0
    endloop
  endfacet
  facet normal -0.8577286124402119 -0.5141027401224281 0
    outer loop
      vertex -6.462872505187988 -4.318353347480297 0
      vertex -6.462872505187988 -4.318353347480297 3.2
      vertex -6.85502465069294 -3.664087012410164 3.2
    endloop
  endfacet
  facet normal -0.8032075285980195 -0.5956993083792038 0
    outer loop
      vertex -6.008479356765747 -4.9310315772891045 0
      vertex -6.462872505187988 -4.318353347480297 3.2
      vertex -6.462872505187988 -4.318353347480297 0
    endloop
  endfacet
  facet normal -0.8032075285980195 -0.5956993083792038 0
    outer loop
      vertex -6.008479356765747 -4.9310315772891045 0
      vertex -6.008479356765747 -4.9310315772891045 3.2
      vertex -6.462872505187988 -4.318353347480297 3.2
    endloop
  endfacet
  facet normal -0.7409511247476899 -0.6715589555170366 0
    outer loop
      vertex -5.496221274137497 -5.496221274137497 0
      vertex -6.008479356765747 -4.9310315772891045 3.2
      vertex -6.008479356765747 -4.9310315772891045 0
    endloop
  endfacet
  facet normal -0.7409511247476899 -0.6715589555170366 0
    outer loop
      vertex -5.496221274137497 -5.496221274137497 0
      vertex -5.496221274137497 -5.496221274137497 3.2
      vertex -6.008479356765747 -4.9310315772891045 3.2
    endloop
  endfacet
  facet normal -0.6715589555170366 -0.7409511247476899 0
    outer loop
      vertex -4.9310315772891045 -6.008479356765747 0
      vertex -5.496221274137497 -5.496221274137497 3.2
      vertex -5.496221274137497 -5.496221274137497 0
    endloop
  endfacet
  facet normal -0.6715589555170366 -0.7409511247476899 0
    outer loop
      vertex -4.9310315772891045 -6.008479356765747 0
      vertex -4.9310315772891045 -6.008479356765747 3.2
      vertex -5.496221274137497 -5.496221274137497 3.2
    endloop
  endfacet
  facet normal -0.5956993083792038 -0.8032075285980195 0
    outer loop
      vertex -4.318353347480297 -6.462872505187988 0
      vertex -4.9310315772891045 -6.008479356765747 3.2
      vertex -4.9310315772891045 -6.008479356765747 0
    endloop
  endfacet
  facet normal -0.5956993083792038 -0.8032075285980195 0
    outer loop
      vertex -4.318353347480297 -6.462872505187988 0
      vertex -4.318353347480297 -6.462872505187988 3.2
      vertex -4.9310315772891045 -6.008479356765747 3.2
    endloop
  endfacet
  facet normal -0.5141027401224281 -0.8577286124402119 0
    outer loop
      vertex -3.664087012410164 -6.85502465069294 0
      vertex -4.318353347480297 -6.462872505187988 3.2
      vertex -4.318353347480297 -6.462872505187988 0
    endloop
  endfacet
  facet normal -0.5141027401224281 -0.8577286124402119 0
    outer loop
      vertex -3.664087012410164 -6.85502465069294 0
      vertex -3.664087012410164 -6.85502465069294 3.2
      vertex -4.318353347480297 -6.462872505187988 3.2
    endloop
  endfacet
  facet normal -0.42755509888144294 -0.9039892905452362 0
    outer loop
      vertex -2.9745335206389427 -7.181159168481827 0
      vertex -3.664087012410164 -6.85502465069294 3.2
      vertex -3.664087012410164 -6.85502465069294 0
    endloop
  endfacet
  facet normal -0.42755509888144294 -0.9039892905452362 0
    outer loop
      vertex -2.9745335206389427 -7.181159168481827 0
      vertex -2.9745335206389427 -7.181159168481827 3.2
      vertex -3.664087012410164 -6.85502465069294 3.2
    endloop
  endfacet
  facet normal -0.3368898505883897 -0.9415440661862473 0
    outer loop
      vertex -2.256333641707897 -7.43813519179821 0
      vertex -2.9745335206389427 -7.181159168481827 3.2
      vertex -2.9745335206389427 -7.181159168481827 0
    endloop
  endfacet
  facet normal -0.3368898505883897 -0.9415440661862473 0
    outer loop
      vertex -2.256333641707897 -7.43813519179821 0
      vertex -2.256333641707897 -7.43813519179821 3.2
      vertex -2.9745335206389427 -7.181159168481827 3.2
    endloop
  endfacet
  facet normal -0.2429801768719103 -0.9700312539538585 0
    outer loop
      vertex -1.516404040157795 -7.623477905988693 0
      vertex -2.256333641707897 -7.43813519179821 3.2
      vertex -2.256333641707897 -7.43813519179821 0
    endloop
  endfacet
  facet normal -0.2429801768719103 -0.9700312539538585 0
    outer loop
      vertex -1.516404040157795 -7.623477905988693 0
      vertex -1.516404040157795 -7.623477905988693 3.2
      vertex -2.256333641707897 -7.43813519179821 3.2
    endloop
  endfacet
  facet normal -0.14673048037120007 -0.9891765090872492 0
    outer loop
      vertex -0.7618706375360489 -7.73540236800909 0
      vertex -1.516404040157795 -7.623477905988693 3.2
      vertex -1.516404040157795 -7.623477905988693 0
    endloop
  endfacet
  facet normal -0.14673048037120007 -0.9891765090872492 0
    outer loop
      vertex -0.7618706375360489 -7.73540236800909 0
      vertex -0.7618706375360489 -7.73540236800909 3.2
      vertex -1.516404040157795 -7.623477905988693 3.2
    endloop
  endfacet
  facet normal -0.04906767458771397 -0.9987954561923849 0
    outer loop
      vertex 0 -7.772830672562122 0
      vertex -0.7618706375360489 -7.73540236800909 3.2
      vertex -0.7618706375360489 -7.73540236800909 0
    endloop
  endfacet
  facet normal -0.04906767458771397 -0.9987954561923849 0
    outer loop
      vertex 0 -7.772830672562122 0
      vertex 0 -7.772830672562122 3.2
      vertex -0.7618706375360489 -7.73540236800909 3.2
    endloop
  endfacet
  facet normal 0.04906767458771397 -0.9987954561923849 0
    outer loop
      vertex 0.7618706375360489 -7.73540236800909 0
      vertex 0 -7.772830672562122 3.2
      vertex 0 -7.772830672562122 0
    endloop
  endfacet
  facet normal 0.04906767458771397 -0.9987954561923849 0
    outer loop
      vertex 0.7618706375360489 -7.73540236800909 0
      vertex 0.7618706375360489 -7.73540236800909 3.2
      vertex 0 -7.772830672562122 3.2
    endloop
  endfacet
  facet normal 0.14673046733040992 0.9891765110216677 0
    outer loop
      vertex -0.32677628844976425 -1.6428153440356255 0
      vertex -0.32677628844976425 -1.6428153440356255 3.2
      vertex -0.16417870670557022 -1.6669344156980515 0
    endloop
  endfacet
  facet normal 0.14673046733040992 0.9891765110216677 0
    outer loop
      vertex -0.16417870670557022 -1.6669344156980515 3.2
      vertex -0.16417870670557022 -1.6669344156980515 0
      vertex -0.32677628844976425 -1.6428153440356255 3.2
    endloop
  endfacet
  facet normal 0.24298018080401332 0.970031252968918 0
    outer loop
      vertex -0.4862268343567848 -1.6028750613331795 0
      vertex -0.4862268343567848 -1.6028750613331795 3.2
      vertex -0.32677628844976425 -1.6428153440356255 0
    endloop
  endfacet
  facet normal 0.24298018080401332 0.970031252968918 0
    outer loop
      vertex -0.32677628844976425 -1.6428153440356255 3.2
      vertex -0.32677628844976425 -1.6428153440356255 0
      vertex -0.4862268343567848 -1.6028750613331795 3.2
    endloop
  endfacet
  facet normal 0.33688983687877416 0.9415440710916261 0
    outer loop
      vertex -0.6409947499632835 -1.5474982187151909 0
      vertex -0.6409947499632835 -1.5474982187151909 3.2
      vertex -0.4862268343567848 -1.6028750613331795 0
    endloop
  endfacet
  facet normal 0.33688983687877416 0.9415440710916261 0
    outer loop
      vertex -0.4862268343567848 -1.6028750613331795 3.2
      vertex -0.4862268343567848 -1.6028750613331795 0
      vertex -0.6409947499632835 -1.5474982187151909 3.2
    endloop
  endfacet
  facet normal 0.4275550923014968 0.9039892936573191 0
    outer loop
      vertex -0.7895895317196846 -1.477218121290207 0
      vertex -0.7895895317196846 -1.477218121290207 3.2
      vertex -0.6409947499632835 -1.5474982187151909 0
    endloop
  endfacet
  facet normal 0.4275550923014968 0.9039892936573191 0
    outer loop
      vertex -0.6409947499632835 -1.5474982187151909 3.2
      vertex -0.6409947499632835 -1.5474982187151909 0
      vertex -0.7895895317196846 -1.477218121290207 3.2
    endloop
  endfacet
  facet normal 0.5141027494440563 0.8577286068530429 0
    outer loop
      vertex -0.9305801391601562 -1.392711602151394 0
      vertex -0.9305801391601562 -1.392711602151394 3.2
      vertex -0.7895895317196846 -1.477218121290207 0
    endloop
  endfacet
  facet normal 0.5141027494440563 0.8577286068530429 0
    outer loop
      vertex -0.7895895317196846 -1.477218121290207 3.2
      vertex -0.7895895317196846 -1.477218121290207 0
      vertex -0.9305801391601562 -1.392711602151394 3.2
    endloop
  endfacet
  facet normal 0.5956993092513367 0.8032075279512016 0
    outer loop
      vertex -1.0626087486743927 -1.2947925105690956 0
      vertex -1.0626087486743927 -1.2947925105690956 3.2
      vertex -0.9305801391601562 -1.392711602151394 0
    endloop
  endfacet
  facet normal 0.5956993092513367 0.8032075279512016 0
    outer loop
      vertex -0.9305801391601562 -1.392711602151394 3.2
      vertex -0.9305801391601562 -1.392711602151394 0
      vertex -1.0626087486743927 -1.2947925105690956 3.2
    endloop
  endfacet
  facet normal 0.6715589480827229 0.7409511314857593 0
    outer loop
      vertex -1.1844038590788841 -1.1844038590788841 0
      vertex -1.1844038590788841 -1.1844038590788841 3.2
      vertex -1.0626087486743927 -1.2947925105690956 0
    endloop
  endfacet
  facet normal 0.6715589480827229 0.7409511314857593 0
    outer loop
      vertex -1.0626087486743927 -1.2947925105690956 3.2
      vertex -1.0626087486743927 -1.2947925105690956 0
      vertex -1.1844038590788841 -1.1844038590788841 3.2
    endloop
  endfacet
  facet normal 0.7409511314857593 0.6715589480827229 0
    outer loop
      vertex -1.2947925105690956 -1.0626087486743927 0
      vertex -1.2947925105690956 -1.0626087486743927 3.2
      vertex -1.1844038590788841 -1.1844038590788841 0
    endloop
  endfacet
  facet normal 0.7409511314857593 0.6715589480827229 0
    outer loop
      vertex -1.1844038590788841 -1.1844038590788841 3.2
      vertex -1.1844038590788841 -1.1844038590788841 0
      vertex -1.2947925105690956 -1.0626087486743927 3.2
    endloop
  endfacet
  facet normal 0.8032075279512016 0.5956993092513367 0
    outer loop
      vertex -1.392711602151394 -0.9305801391601562 0
      vertex -1.392711602151394 -0.9305801391601562 3.2
      vertex -1.2947925105690956 -1.0626087486743927 0
    endloop
  endfacet
  facet normal 0.8032075279512016 0.5956993092513367 0
    outer loop
      vertex -1.2947925105690956 -1.0626087486743927 3.2
      vertex -1.2947925105690956 -1.0626087486743927 0
      vertex -1.392711602151394 -0.9305801391601562 3.2
    endloop
  endfacet
  facet normal 0.8577286068530429 0.5141027494440563 0
    outer loop
      vertex -1.477218121290207 -0.7895895317196846 0
      vertex -1.477218121290207 -0.7895895317196846 3.2
      vertex -1.392711602151394 -0.9305801391601562 0
    endloop
  endfacet
  facet normal 0.8577286068530429 0.5141027494440563 0
    outer loop
      vertex -1.392711602151394 -0.9305801391601562 3.2
      vertex -1.392711602151394 -0.9305801391601562 0
      vertex -1.477218121290207 -0.7895895317196846 3.2
    endloop
  endfacet
  facet normal 0.9039892936573191 0.4275550923014968 0
    outer loop
      vertex -1.5474982187151909 -0.6409947499632835 0
      vertex -1.5474982187151909 -0.6409947499632835 3.2
      vertex -1.477218121290207 -0.7895895317196846 0
    endloop
  endfacet
  facet normal 0.9039892936573191 0.4275550923014968 0
    outer loop
      vertex -1.477218121290207 -0.7895895317196846 3.2
      vertex -1.477218121290207 -0.7895895317196846 0
      vertex -1.5474982187151909 -0.6409947499632835 3.2
    endloop
  endfacet
  facet normal 0.9415440710916261 0.33688983687877416 0
    outer loop
      vertex -1.6028750613331795 -0.4862268343567848 0
      vertex -1.6028750613331795 -0.4862268343567848 3.2
      vertex -1.5474982187151909 -0.6409947499632835 0
    endloop
  endfacet
  facet normal 0.9415440710916261 0.33688983687877416 0
    outer loop
      vertex -1.5474982187151909 -0.6409947499632835 3.2
      vertex -1.5474982187151909 -0.6409947499632835 0
      vertex -1.6028750613331795 -0.4862268343567848 3.2
    endloop
  endfacet
  facet normal 0.970031252968918 0.24298018080401332 0
    outer loop
      vertex -1.6428153440356255 -0.32677628844976425 0
      vertex -1.6428153440356255 -0.32677628844976425 3.2
      vertex -1.6028750613331795 -0.4862268343567848 0
    endloop
  endfacet
  facet normal 0.970031252968918 0.24298018080401332 0
    outer loop
      vertex -1.6028750613331795 -0.4862268343567848 3.2
      vertex -1.6028750613331795 -0.4862268343567848 0
      vertex -1.6428153440356255 -0.32677628844976425 3.2
    endloop
  endfacet
  facet normal 0.9891765110216677 0.14673046733040992 0
    outer loop
      vertex -1.6669344156980515 -0.16417870670557022 0
      vertex -1.6669344156980515 -0.16417870670557022 3.2
      vertex -1.6428153440356255 -0.32677628844976425 0
    endloop
  endfacet
  facet normal 0.9891765110216677 0.14673046733040992 0
    outer loop
      vertex -1.6428153440356255 -0.32677628844976425 3.2
      vertex -1.6428153440356255 -0.32677628844976425 0
      vertex -1.6669344156980515 -0.16417870670557022 3.2
    endloop
  endfacet
  facet normal 0.9987954566040804 0.04906766620745749 0
    outer loop
      vertex -1.6749999970197678 0 0
      vertex -1.6749999970197678 0 3.2
      vertex -1.6669344156980515 -0.16417870670557022 0
    endloop
  endfacet
  facet normal 0.9987954566040804 0.04906766620745749 0
    outer loop
      vertex -1.6669344156980515 -0.16417870670557022 3.2
      vertex -1.6669344156980515 -0.16417870670557022 0
      vertex -1.6749999970197678 0 3.2
    endloop
  endfacet
  facet normal 0.9987954566040804 -0.04906766620745749 0
    outer loop
      vertex -1.6669344156980515 0.16417870670557022 0
      vertex -1.6669344156980515 0.16417870670557022 3.2
      vertex -1.6749999970197678 0 0
    endloop
  endfacet
  facet normal 0.9987954566040804 -0.04906766620745749 0
    outer loop
      vertex -1.6749999970197678 0 3.2
      vertex -1.6749999970197678 0 0
      vertex -1.6669344156980515 0.16417870670557022 3.2
    endloop
  endfacet
  facet normal 0.9891765110216677 -0.14673046733040992 0
    outer loop
      vertex -1.6428153440356255 0.32677628844976425 0
      vertex -1.6428153440356255 0.32677628844976425 3.2
      vertex -1.6669344156980515 0.16417870670557022 0
    endloop
  endfacet
  facet normal 0.9891765110216677 -0.14673046733040992 0
    outer loop
      vertex -1.6669344156980515 0.16417870670557022 3.2
      vertex -1.6669344156980515 0.16417870670557022 0
      vertex -1.6428153440356255 0.32677628844976425 3.2
    endloop
  endfacet
  facet normal 0.970031252968918 -0.24298018080401332 0
    outer loop
      vertex -1.6028750613331795 0.4862268343567848 0
      vertex -1.6028750613331795 0.4862268343567848 3.2
      vertex -1.6428153440356255 0.32677628844976425 0
    endloop
  endfacet
  facet normal 0.970031252968918 -0.24298018080401332 0
    outer loop
      vertex -1.6428153440356255 0.32677628844976425 3.2
      vertex -1.6428153440356255 0.32677628844976425 0
      vertex -1.6028750613331795 0.4862268343567848 3.2
    endloop
  endfacet
  facet normal 0.9415440710916261 -0.33688983687877416 0
    outer loop
      vertex -1.5474982187151909 0.6409947499632835 0
      vertex -1.5474982187151909 0.6409947499632835 3.2
      vertex -1.6028750613331795 0.4862268343567848 0
    endloop
  endfacet
  facet normal 0.9415440710916261 -0.33688983687877416 0
    outer loop
      vertex -1.6028750613331795 0.4862268343567848 3.2
      vertex -1.6028750613331795 0.4862268343567848 0
      vertex -1.5474982187151909 0.6409947499632835 3.2
    endloop
  endfacet
  facet normal 0.9039892936573191 -0.4275550923014968 0
    outer loop
      vertex -1.477218121290207 0.7895895317196846 0
      vertex -1.477218121290207 0.7895895317196846 3.2
      vertex -1.5474982187151909 0.6409947499632835 0
    endloop
  endfacet
  facet normal 0.9039892936573191 -0.4275550923014968 0
    outer loop
      vertex -1.5474982187151909 0.6409947499632835 3.2
      vertex -1.5474982187151909 0.6409947499632835 0
      vertex -1.477218121290207 0.7895895317196846 3.2
    endloop
  endfacet
  facet normal 0.8577286068530429 -0.5141027494440563 0
    outer loop
      vertex -1.392711602151394 0.9305801391601562 0
      vertex -1.392711602151394 0.9305801391601562 3.2
      vertex -1.477218121290207 0.7895895317196846 0
    endloop
  endfacet
  facet normal 0.8577286068530429 -0.5141027494440563 0
    outer loop
      vertex -1.477218121290207 0.7895895317196846 3.2
      vertex -1.477218121290207 0.7895895317196846 0
      vertex -1.392711602151394 0.9305801391601562 3.2
    endloop
  endfacet
  facet normal 0.8032075314897997 -0.5956993044800897 0
    outer loop
      vertex -1.3412263244390488 1 0
      vertex -1.3412263244390488 1 3.2
      vertex -1.392711602151394 0.9305801391601562 0
    endloop
  endfacet
  facet normal 0.8032075314897997 -0.5956993044800897 0
    outer loop
      vertex -1.392711602151394 0.9305801391601562 3.2
      vertex -1.392711602151394 0.9305801391601562 0
      vertex -1.3412263244390488 1 3.2
    endloop
  endfacet
  facet normal 0 1 0
    outer loop
      vertex -1.5 1 0
      vertex -1.5 1 3.2
      vertex -1.3412263244390488 1 0
    endloop
  endfacet
  facet normal 0 1 0
    outer loop
      vertex -1.3412263244390488 1 3.2
      vertex -1.3412263244390488 1 0
      vertex -1.5 1 3.2
    endloop
  endfacet
  facet normal 1 0 0
    outer loop
      vertex -1.5 1.5499999970197678 0
      vertex -1.5 1.5499999970197678 3.2
      vertex -1.5 1 0
    endloop
  endfacet
  facet normal 1 0 0
    outer loop
      vertex -1.5 1 3.2
      vertex -1.5 1 0
      vertex -1.5 1.5499999970197678 3.2
    endloop
  endfacet
  facet normal 0 -1 0
    outer loop
      vertex -0.6340027451515198 1.5499999970197678 0
      vertex -0.6340027451515198 1.5499999970197678 3.2
      vertex -1.5 1.5499999970197678 0
    endloop
  endfacet
  facet normal 0 -1 0
    outer loop
      vertex -1.5 1.5499999970197678 3.2
      vertex -1.5 1.5499999970197678 0
      vertex -0.6340027451515198 1.5499999970197678 3.2
    endloop
  endfacet
  facet normal 0.33688984186171383 -0.9415440693087018 0
    outer loop
      vertex -0.4862268343567848 1.6028750613331795 0
      vertex -0.4862268343567848 1.6028750613331795 3.2
      vertex -0.6340027451515198 1.5499999970197678 0
    endloop
  endfacet
  facet normal 0.33688984186171383 -0.9415440693087018 0
    outer loop
      vertex -0.6340027451515198 1.5499999970197678 3.2
      vertex -0.6340027451515198 1.5499999970197678 0
      vertex -0.4862268343567848 1.6028750613331795 3.2
    endloop
  endfacet
  facet normal 0.24298018080401332 -0.970031252968918 0
    outer loop
      vertex -0.32677628844976425 1.6428153440356255 0
      vertex -0.32677628844976425 1.6428153440356255 3.2
      vertex -0.4862268343567848 1.6028750613331795 0
    endloop
  endfacet
  facet normal 0.24298018080401332 -0.970031252968918 0
    outer loop
      vertex -0.4862268343567848 1.6028750613331795 3.2
      vertex -0.4862268343567848 1.6028750613331795 0
      vertex -0.32677628844976425 1.6428153440356255 3.2
    endloop
  endfacet
  facet normal 0.14673046733040992 -0.9891765110216677 0
    outer loop
      vertex -0.16417870670557022 1.6669344156980515 0
      vertex -0.16417870670557022 1.6669344156980515 3.2
      vertex -0.32677628844976425 1.6428153440356255 0
    endloop
  endfacet
  facet normal 0.14673046733040992 -0.9891765110216677 0
    outer loop
      vertex -0.32677628844976425 1.6428153440356255 3.2
      vertex -0.32677628844976425 1.6428153440356255 0
      vertex -0.16417870670557022 1.6669344156980515 3.2
    endloop
  endfacet
  facet normal 0.04906766620745749 -0.9987954566040804 0
    outer loop
      vertex 0 1.6749999970197678 0
      vertex 0 1.6749999970197678 3.2
      vertex -0.16417870670557022 1.6669344156980515 0
    endloop
  endfacet
  facet normal 0.04906766620745749 -0.9987954566040804 0
    outer loop
      vertex -0.16417870670557022 1.6669344156980515 3.2
      vertex -0.16417870670557022 1.6669344156980515 0
      vertex 0 1.6749999970197678 3.2
    endloop
  endfacet
  facet normal -0.04906766620745749 -0.9987954566040804 0
    outer loop
      vertex 0.16417870670557022 1.6669344156980515 0
      vertex 0.16417870670557022 1.6669344156980515 3.2
      vertex 0 1.6749999970197678 0
    endloop
  endfacet
  facet normal -0.04906766620745749 -0.9987954566040804 0
    outer loop
      vertex 0 1.6749999970197678 3.2
      vertex 0 1.6749999970197678 0
      vertex 0.16417870670557022 1.6669344156980515 3.2
    endloop
  endfacet
  facet normal -0.14673046733040992 -0.9891765110216677 0
    outer loop
      vertex 0.32677628844976425 1.6428153440356255 0
      vertex 0.32677628844976425 1.6428153440356255 3.2
      vertex 0.16417870670557022 1.6669344156980515 0
    endloop
  endfacet
  facet normal -0.14673046733040992 -0.9891765110216677 0
    outer loop
      vertex 0.16417870670557022 1.6669344156980515 3.2
      vertex 0.16417870670557022 1.6669344156980515 0
      vertex 0.32677628844976425 1.6428153440356255 3.2
    endloop
  endfacet
  facet normal -0.24298018080401332 -0.970031252968918 0
    outer loop
      vertex 0.4862268343567848 1.6028750613331795 0
      vertex 0.4862268343567848 1.6028750613331795 3.2
      vertex 0.32677628844976425 1.6428153440356255 0
    endloop
  endfacet
  facet normal -0.24298018080401332 -0.970031252968918 0
    outer loop
      vertex 0.32677628844976425 1.6428153440356255 3.2
      vertex 0.32677628844976425 1.6428153440356255 0
      vertex 0.4862268343567848 1.6028750613331795 3.2
    endloop
  endfacet
  facet normal -0.33688984186171383 -0.9415440693087018 0
    outer loop
      vertex 0.6340027451515198 1.5499999970197678 0
      vertex 0.6340027451515198 1.5499999970197678 3.2
      vertex 0.4862268343567848 1.6028750613331795 0
    endloop
  endfacet
  facet normal -0.33688984186171383 -0.9415440693087018 0
    outer loop
      vertex 0.4862268343567848 1.6028750613331795 3.2
      vertex 0.4862268343567848 1.6028750613331795 0
      vertex 0.6340027451515198 1.5499999970197678 3.2
    endloop
  endfacet
  facet normal 0 -1 0
    outer loop
      vertex 1.5 1.5499999970197678 0
      vertex 1.5 1.5499999970197678 3.2
      vertex 0.6340027451515198 1.5499999970197678 0
    endloop
  endfacet
  facet normal 0 -1 0
    outer loop
      vertex 0.6340027451515198 1.5499999970197678 3.2
      vertex 0.6340027451515198 1.5499999970197678 0
      vertex 1.5 1.5499999970197678 3.2
    endloop
  endfacet
  facet normal -1 0 0
    outer loop
      vertex 1.5 1 0
      vertex 1.5 1 3.2
      vertex 1.5 1.5499999970197678 0
    endloop
  endfacet
  facet normal -1 0 0
    outer loop
      vertex 1.5 1.5499999970197678 3.2
      vertex 1.5 1.5499999970197678 0
      vertex 1.5 1 3.2
    endloop
  endfacet
  facet normal 0 1 0
    outer loop
      vertex 1.3412263244390488 1 0
      vertex 1.3412263244390488 1 3.2
      vertex 1.5 1 0
    endloop
  endfacet
  facet normal 0 1 0
    outer loop
      vertex 1.5 1 3.2
      vertex 1.5 1 0
      vertex 1.3412263244390488 1 3.2
    endloop
  endfacet
  facet normal -0.8032075314897997 -0.5956993044800897 0
    outer loop
      vertex 1.392711602151394 0.9305801391601562 0
      vertex 1.392711602151394 0.9305801391601562 3.2
      vertex 1.3412263244390488 1 0
    endloop
  endfacet
  facet normal -0.8032075314897997 -0.5956993044800897 0
    outer loop
      vertex 1.3412263244390488 1 3.2
      vertex 1.3412263244390488 1 0
      vertex 1.392711602151394 0.9305801391601562 3.2
    endloop
  endfacet
  facet normal -0.8577286068530429 -0.5141027494440563 0
    outer loop
      vertex 1.477218121290207 0.7895895317196846 0
      vertex 1.477218121290207 0.7895895317196846 3.2
      vertex 1.392711602151394 0.9305801391601562 0
    endloop
  endfacet
  facet normal -0.8577286068530429 -0.5141027494440563 0
    outer loop
      vertex 1.392711602151394 0.9305801391601562 3.2
      vertex 1.392711602151394 0.9305801391601562 0
      vertex 1.477218121290207 0.7895895317196846 3.2
    endloop
  endfacet
  facet normal -0.9039892936573191 -0.4275550923014968 0
    outer loop
      vertex 1.5474982187151909 0.6409947499632835 0
      vertex 1.5474982187151909 0.6409947499632835 3.2
      vertex 1.477218121290207 0.7895895317196846 0
    endloop
  endfacet
  facet normal -0.9039892936573191 -0.4275550923014968 0
    outer loop
      vertex 1.477218121290207 0.7895895317196846 3.2
      vertex 1.477218121290207 0.7895895317196846 0
      vertex 1.5474982187151909 0.6409947499632835 3.2
    endloop
  endfacet
  facet normal -0.9415440710916261 -0.33688983687877416 0
    outer loop
      vertex 1.6028750613331795 0.4862268343567848 0
      vertex 1.6028750613331795 0.4862268343567848 3.2
      vertex 1.5474982187151909 0.6409947499632835 0
    endloop
  endfacet
  facet normal -0.9415440710916261 -0.33688983687877416 0
    outer loop
      vertex 1.5474982187151909 0.6409947499632835 3.2
      vertex 1.5474982187151909 0.6409947499632835 0
      vertex 1.6028750613331795 0.4862268343567848 3.2
    endloop
  endfacet
  facet normal -0.970031252968918 -0.24298018080401332 0
    outer loop
      vertex 1.6428153440356255 0.32677628844976425 0
      vertex 1.6428153440356255 0.32677628844976425 3.2
      vertex 1.6028750613331795 0.4862268343567848 0
    endloop
  endfacet
  facet normal -0.970031252968918 -0.24298018080401332 0
    outer loop
      vertex 1.6028750613331795 0.4862268343567848 3.2
      vertex 1.6028750613331795 0.4862268343567848 0
      vertex 1.6428153440356255 0.32677628844976425 3.2
    endloop
  endfacet
  facet normal -0.9891765110216677 -0.14673046733040992 0
    outer loop
      vertex 1.6669344156980515 0.16417870670557022 0
      vertex 1.6669344156980515 0.16417870670557022 3.2
      vertex 1.6428153440356255 0.32677628844976425 0
    endloop
  endfacet
  facet normal -0.9891765110216677 -0.14673046733040992 0
    outer loop
      vertex 1.6428153440356255 0.32677628844976425 3.2
      vertex 1.6428153440356255 0.32677628844976425 0
      vertex 1.6669344156980515 0.16417870670557022 3.2
    endloop
  endfacet
  facet normal -0.9987954566040804 -0.04906766620745749 0
    outer loop
      vertex 1.6749999970197678 0 0
      vertex 1.6749999970197678 0 3.2
      vertex 1.6669344156980515 0.16417870670557022 0
    endloop
  endfacet
  facet normal -0.9987954566040804 -0.04906766620745749 0
    outer loop
      vertex 1.6669344156980515 0.16417870670557022 3.2
      vertex 1.6669344156980515 0.16417870670557022 0
      vertex 1.6749999970197678 0 3.2
    endloop
  endfacet
  facet normal -0.9987954566040804 0.04906766620745749 0
    outer loop
      vertex 1.6669344156980515 -0.16417870670557022 0
      vertex 1.6669344156980515 -0.16417870670557022 3.2
      vertex 1.6749999970197678 0 0
    endloop
  endfacet
  facet normal -0.9987954566040804 0.04906766620745749 0
    outer loop
      vertex 1.6749999970197678 0 3.2
      vertex 1.6749999970197678 0 0
      vertex 1.6669344156980515 -0.16417870670557022 3.2
    endloop
  endfacet
  facet normal -0.9891765110216677 0.14673046733040992 0
    outer loop
      vertex 1.6428153440356255 -0.32677628844976425 0
      vertex 1.6428153440356255 -0.32677628844976425 3.2
      vertex 1.6669344156980515 -0.16417870670557022 0
    endloop
  endfacet
  facet normal -0.9891765110216677 0.14673046733040992 0
    outer loop
      vertex 1.6669344156980515 -0.16417870670557022 3.2
      vertex 1.6669344156980515 -0.16417870670557022 0
      vertex 1.6428153440356255 -0.32677628844976425 3.2
    endloop
  endfacet
  facet normal -0.970031252968918 0.24298018080401332 0
    outer loop
      vertex 1.6028750613331795 -0.4862268343567848 0
      vertex 1.6028750613331795 -0.4862268343567848 3.2
      vertex 1.6428153440356255 -0.32677628844976425 0
    endloop
  endfacet
  facet normal -0.970031252968918 0.24298018080401332 0
    outer loop
      vertex 1.6428153440356255 -0.32677628844976425 3.2
      vertex 1.6428153440356255 -0.32677628844976425 0
      vertex 1.6028750613331795 -0.4862268343567848 3.2
    endloop
  endfacet
  facet normal -0.9415440710916261 0.33688983687877416 0
    outer loop
      vertex 1.5474982187151909 -0.6409947499632835 0
      vertex 1.5474982187151909 -0.6409947499632835 3.2
      vertex 1.6028750613331795 -0.4862268343567848 0
    endloop
  endfacet
  facet normal -0.9415440710916261 0.33688983687877416 0
    outer loop
      vertex 1.6028750613331795 -0.4862268343567848 3.2
      vertex 1.6028750613331795 -0.4862268343567848 0
      vertex 1.5474982187151909 -0.6409947499632835 3.2
    endloop
  endfacet
  facet normal -0.9039892936573191 0.4275550923014968 0
    outer loop
      vertex 1.477218121290207 -0.7895895317196846 0
      vertex 1.477218121290207 -0.7895895317196846 3.2
      vertex 1.5474982187151909 -0.6409947499632835 0
    endloop
  endfacet
  facet normal -0.9039892936573191 0.4275550923014968 0
    outer loop
      vertex 1.5474982187151909 -0.6409947499632835 3.2
      vertex 1.5474982187151909 -0.6409947499632835 0
      vertex 1.477218121290207 -0.7895895317196846 3.2
    endloop
  endfacet
  facet normal -0.8577286068530429 0.5141027494440563 0
    outer loop
      vertex 1.392711602151394 -0.9305801391601562 0
      vertex 1.392711602151394 -0.9305801391601562 3.2
      vertex 1.477218121290207 -0.7895895317196846 0
    endloop
  endfacet
  facet normal -0.8577286068530429 0.5141027494440563 0
    outer loop
      vertex 1.477218121290207 -0.7895895317196846 3.2
      vertex 1.477218121290207 -0.7895895317196846 0
      vertex 1.392711602151394 -0.9305801391601562 3.2
    endloop
  endfacet
  facet normal -0.8032075279512016 0.5956993092513367 0
    outer loop
      vertex 1.2947925105690956 -1.0626087486743927 0
      vertex 1.2947925105690956 -1.0626087486743927 3.2
      vertex 1.392711602151394 -0.9305801391601562 0
    endloop
  endfacet
  facet normal -0.8032075279512016 0.5956993092513367 0
    outer loop
      vertex 1.392711602151394 -0.9305801391601562 3.2
      vertex 1.392711602151394 -0.9305801391601562 0
      vertex 1.2947925105690956 -1.0626087486743927 3.2
    endloop
  endfacet
  facet normal -0.7409511314857593 0.6715589480827229 0
    outer loop
      vertex 1.1844038590788841 -1.1844038590788841 0
      vertex 1.1844038590788841 -1.1844038590788841 3.2
      vertex 1.2947925105690956 -1.0626087486743927 0
    endloop
  endfacet
  facet normal -0.7409511314857593 0.6715589480827229 0
    outer loop
      vertex 1.2947925105690956 -1.0626087486743927 3.2
      vertex 1.2947925105690956 -1.0626087486743927 0
      vertex 1.1844038590788841 -1.1844038590788841 3.2
    endloop
  endfacet
  facet normal -0.6715589480827229 0.7409511314857593 0
    outer loop
      vertex 1.0626087486743927 -1.2947925105690956 0
      vertex 1.0626087486743927 -1.2947925105690956 3.2
      vertex 1.1844038590788841 -1.1844038590788841 0
    endloop
  endfacet
  facet normal -0.6715589480827229 0.7409511314857593 0
    outer loop
      vertex 1.1844038590788841 -1.1844038590788841 3.2
      vertex 1.1844038590788841 -1.1844038590788841 0
      vertex 1.0626087486743927 -1.2947925105690956 3.2
    endloop
  endfacet
  facet normal -0.5956993092513367 0.8032075279512016 0
    outer loop
      vertex 0.9305801391601562 -1.392711602151394 0
      vertex 0.9305801391601562 -1.392711602151394 3.2
      vertex 1.0626087486743927 -1.2947925105690956 0
    endloop
  endfacet
  facet normal -0.5956993092513367 0.8032075279512016 0
    outer loop
      vertex 1.0626087486743927 -1.2947925105690956 3.2
      vertex 1.0626087486743927 -1.2947925105690956 0
      vertex 0.9305801391601562 -1.392711602151394 3.2
    endloop
  endfacet
  facet normal -0.5141027494440563 0.8577286068530429 0
    outer loop
      vertex 0.7895895317196846 -1.477218121290207 0
      vertex 0.7895895317196846 -1.477218121290207 3.2
      vertex 0.9305801391601562 -1.392711602151394 0
    endloop
  endfacet
  facet normal -0.5141027494440563 0.8577286068530429 0
    outer loop
      vertex 0.9305801391601562 -1.392711602151394 3.2
      vertex 0.9305801391601562 -1.392711602151394 0
      vertex 0.7895895317196846 -1.477218121290207 3.2
    endloop
  endfacet
  facet normal -0.4275550923014968 0.9039892936573191 0
    outer loop
      vertex 0.6409947499632835 -1.5474982187151909 0
      vertex 0.6409947499632835 -1.5474982187151909 3.2
      vertex 0.7895895317196846 -1.477218121290207 0
    endloop
  endfacet
  facet normal -0.4275550923014968 0.9039892936573191 0
    outer loop
      vertex 0.7895895317196846 -1.477218121290207 3.2
      vertex 0.7895895317196846 -1.477218121290207 0
      vertex 0.6409947499632835 -1.5474982187151909 3.2
    endloop
  endfacet
  facet normal -0.33688983687877416 0.9415440710916261 0
    outer loop
      vertex 0.4862268343567848 -1.6028750613331795 0
      vertex 0.4862268343567848 -1.6028750613331795 3.2
      vertex 0.6409947499632835 -1.5474982187151909 0
    endloop
  endfacet
  facet normal -0.33688983687877416 0.9415440710916261 0
    outer loop
      vertex 0.6409947499632835 -1.5474982187151909 3.2
      vertex 0.6409947499632835 -1.5474982187151909 0
      vertex 0.4862268343567848 -1.6028750613331795 3.2
    endloop
  endfacet
  facet normal -0.24298018080401332 0.970031252968918 0
    outer loop
      vertex 0.32677628844976425 -1.6428153440356255 0
      vertex 0.32677628844976425 -1.6428153440356255 3.2
      vertex 0.4862268343567848 -1.6028750613331795 0
    endloop
  endfacet
  facet normal -0.24298018080401332 0.970031252968918 0
    outer loop
      vertex 0.4862268343567848 -1.6028750613331795 3.2
      vertex 0.4862268343567848 -1.6028750613331795 0
      vertex 0.32677628844976425 -1.6428153440356255 3.2
    endloop
  endfacet
  facet normal -0.14673046733040992 0.9891765110216677 0
    outer loop
      vertex 0.16417870670557022 -1.6669344156980515 0
      vertex 0.16417870670557022 -1.6669344156980515 3.2
      vertex 0.32677628844976425 -1.6428153440356255 0
    endloop
  endfacet
  facet normal -0.14673046733040992 0.9891765110216677 0
    outer loop
      vertex 0.32677628844976425 -1.6428153440356255 3.2
      vertex 0.32677628844976425 -1.6428153440356255 0
      vertex 0.16417870670557022 -1.6669344156980515 3.2
    endloop
  endfacet
  facet normal -0.04906766620745749 0.9987954566040804 0
    outer loop
      vertex 0 -1.6749999970197678 0
      vertex 0 -1.6749999970197678 3.2
      vertex 0.16417870670557022 -1.6669344156980515 0
    endloop
  endfacet
  facet normal -0.04906766620745749 0.9987954566040804 0
    outer loop
      vertex 0.16417870670557022 -1.6669344156980515 3.2
      vertex 0.16417870670557022 -1.6669344156980515 0
      vertex 0 -1.6749999970197678 3.2
    endloop
  endfacet
  facet normal 0.04906766620745749 0.9987954566040804 0
    outer loop
      vertex -0.16417870670557022 -1.6669344156980515 0
      vertex -0.16417870670557022 -1.6669344156980515 3.2
      vertex 0 -1.6749999970197678 0
    endloop
  endfacet
  facet normal 0.04906766620745749 0.9987954566040804 0
    outer loop
      vertex 0 -1.6749999970197678 3.2
      vertex 0 -1.6749999970197678 0
      vertex -0.16417870670557022 -1.6669344156980515 3.2
    endloop
  endfacet
  facet normal 0 0 1
    outer loop
      vertex -1.392711602151394 0.9305801391601562 3.2
      vertex -1.3412263244390488 1 3.2
      vertex -1.5 1 3.2
    endloop
  endfacet
  facet normal 0 0 1
    outer loop
      vertex 1.5 1 3.2
      vertex 1.3412263244390488 1 3.2
      vertex 1.392711602151394 0.9305801391601562 3.2
    endloop
  endfacet
  facet normal 0 0 1
    outer loop
      vertex -1.477218121290207 0.7895895317196846 3.2
      vertex -1.392711602151394 0.9305801391601562 3.2
      vertex -1.5 1 3.2
    endloop
  endfacet
  facet normal 0 0 1
    outer loop
      vertex 1.5 1 3.2
      vertex 1.392711602151394 0.9305801391601562 3.2
      vertex 1.477218121290207 0.7895895317196846 3.2
    endloop
  endfacet
  facet normal 0 0 1
    outer loop
      vertex 24 0 3.2
      vertex 1.6749999970197678 0 3.2
      vertex 1.6669344156980515 -0.16417870670557022 3.2
    endloop
  endfacet
  facet normal 0 0 1
    outer loop
      vertex 1.6669344156980515 0.16417870670557022 3.2
      vertex 1.6749999970197678 0 3.2
      vertex 24 0 3.2
    endloop
  endfacet
  facet normal 0 0 1
    outer loop
      vertex 24 0 3.2
      vertex 1.6669344156980515 -0.16417870670557022 3.2
      vertex 1.6428153440356255 -0.32677628844976425 3.2
    endloop
  endfacet
  facet normal 0 0 1
    outer loop
      vertex 1.6428153440356255 0.32677628844976425 3.2
      vertex 1.6669344156980515 0.16417870670557022 3.2
      vertex 24 0 3.2
    endloop
  endfacet
  facet normal 0 0 1
    outer loop
      vertex 24 0 3.2
      vertex 1.6428153440356255 -0.32677628844976425 3.2
      vertex 1.6028750613331795 -0.4862268343567848 3.2
    endloop
  endfacet
  facet normal 0 0 1
    outer loop
      vertex 1.6028750613331795 0.4862268343567848 3.2
      vertex 1.6428153440356255 0.32677628844976425 3.2
      vertex 24 0 3.2
    endloop
  endfacet
  facet normal 0 0 1
    outer loop
      vertex 24 0 3.2
      vertex 1.6028750613331795 -0.4862268343567848 3.2
      vertex 1.5474982187151909 -0.6409947499632835 3.2
    endloop
  endfacet
  facet normal 0 0 1
    outer loop
      vertex 1.5474982187151909 0.6409947499632835 3.2
      vertex 1.6028750613331795 0.4862268343567848 3.2
      vertex 24 0 3.2
    endloop
  endfacet
  facet normal 0 0 1
    outer loop
      vertex 23.97833126783371 -0.4410771280527115 3.2
      vertex 24 0 3.2
      vertex 1.5474982187151909 -0.6409947499632835 3.2
    endloop
  endfacet
  facet normal 0 0 1
    outer loop
      vertex 1.5474982187151909 0.6409947499632835 3.2
      vertex 24 0 3.2
      vertex 23.97833126783371 0.4410771280527115 3.2
    endloop
  endfacet
  facet normal 0 0 1
    outer loop
      vertex 23.91353376209736 -0.8779064491391182 3.2
      vertex 23.97833126783371 -0.4410771280527115 3.2
      vertex 1.5474982187151909 -0.6409947499632835 3.2
    endloop
  endfacet
  facet normal 0 0 1
    outer loop
      vertex 1.5474982187151909 0.6409947499632835 3.2
      vertex 23.97833126783371 0.4410771280527115 3.2
      vertex 23.91353376209736 0.8779064491391182 3.2
    endloop
  endfacet
  facet normal 0 0 1
    outer loop
      vertex 23.806231513619423 -1.3062810450792313 3.2
      vertex 23.91353376209736 -0.8779064491391182 3.2
      vertex 1.5474982187151909 -0.6409947499632835 3.2
    endloop
  endfacet
  facet normal 0 0 1
    outer loop
      vertex 23.657457895576954 -1.7220754474401474 3.2
      vertex 23.806231513619423 -1.3062810450792313 3.2
      vertex 1.5474982187151909 -0.6409947499632835 3.2
    endloop
  endfacet
  facet normal 0 0 1
    outer loop
      vertex 23.468645691871643 -2.121285319328308 3.2
      vertex 23.657457895576954 -1.7220754474401474 3.2
      vertex 1.5474982187151909 -0.6409947499632835 3.2
    endloop
  endfacet
  facet normal 0 0 1
    outer loop
      vertex 23.241613253951073 -2.5000660493969917 3.2
      vertex 23.468645691871643 -2.121285319328308 3.2
      vertex 1.5474982187151909 -0.6409947499632835 3.2
    endloop
  endfacet
  facet normal 0 0 1
    outer loop
      vertex 22.978547036647797 -2.85476978123188 3.2
      vertex 23.241613253951073 -2.5000660493969917 3.2
      vertex 1.5474982187151909 -0.6409947499632835 3.2
    endloop
  endfacet
  facet normal 0 0 1
    outer loop
      vertex 22.68198051303625 -3.181980513036251 3.2
      vertex 22.978547036647797 -2.85476978123188 3.2
      vertex 1.5474982187151909 -0.6409947499632835 3.2
    endloop
  endfacet
  facet normal 0 0 1
    outer loop
      vertex 22.35476978123188 -3.4785470366477966 3.2
      vertex 22.68198051303625 -3.181980513036251 3.2
      vertex 1.5474982187151909 -0.6409947499632835 3.2
    endloop
  endfacet
  facet normal 0 0 1
    outer loop
      vertex 22.00006604939699 -3.7416132539510727 3.2
      vertex 22.35476978123188 -3.4785470366477966 3.2
      vertex 1.5474982187151909 -0.6409947499632835 3.2
    endloop
  endfacet
  facet normal 0 0 1
    outer loop
      vertex 21.621285319328308 -3.968645691871643 3.2
      vertex 22.00006604939699 -3.7416132539510727 3.2
      vertex 1.5474982187151909 -0.6409947499632835 3.2
    endloop
  endfacet
  facet normal 0 0 1
    outer loop
      vertex 21.222075447440147 -4.157457895576954 3.2
      vertex 21.621285319328308 -3.968645691871643 3.2
      vertex 1.5474982187151909 -0.6409947499632835 3.2
    endloop
  endfacet
  facet normal 0 0 1
    outer loop
      vertex 20.80628104507923 -4.306231513619423 3.2
      vertex 21.222075447440147 -4.157457895576954 3.2
      vertex 1.5474982187151909 -0.6409947499632835 3.2
    endloop
  endfacet
  facet normal 0 0 1
    outer loop
      vertex 20.377906449139118 -4.413533762097359 3.2
      vertex 20.80628104507923 -4.306231513619423 3.2
      vertex 1.5474982187151909 -0.6409947499632835 3.2
    endloop
  endfacet
  facet normal 0 0 1
    outer loop
      vertex 20.377906449139118 -4.413533762097359 3.2
      vertex 1.5474982187151909 -0.6409947499632835 3.2
      vertex 1.477218121290207 -0.7895895317196846 3.2
    endloop
  endfacet
  facet normal 0 0 1
    outer loop
      vertex 1.516404040157795 -7.623477905988693 3.2
      vertex 20.377906449139118 -4.413533762097359 3.2
      vertex 1.477218121290207 -0.7895895317196846 3.2
    endloop
  endfacet
  facet normal 0 0 1
    outer loop
      vertex 1.516404040157795 -7.623477905988693 3.2
      vertex 1.477218121290207 -0.7895895317196846 3.2
      vertex 1.392711602151394 -0.9305801391601562 3.2
    endloop
  endfacet
  facet normal 0 0 1
    outer loop
      vertex 1.516404040157795 -7.623477905988693 3.2
      vertex 1.392711602151394 -0.9305801391601562 3.2
      vertex 1.2947925105690956 -1.0626087486743927 3.2
    endloop
  endfacet
  facet normal 0 0 1
    outer loop
      vertex 1.516404040157795 -7.623477905988693 3.2
      vertex 1.2947925105690956 -1.0626087486743927 3.2
      vertex 1.1844038590788841 -1.1844038590788841 3.2
    endloop
  endfacet
  facet normal 0 0 1
    outer loop
      vertex 1.516404040157795 -7.623477905988693 3.2
      vertex 1.1844038590788841 -1.1844038590788841 3.2
      vertex 1.0626087486743927 -1.2947925105690956 3.2
    endloop
  endfacet
  facet normal 0 0 1
    outer loop
      vertex 1.516404040157795 -7.623477905988693 3.2
      vertex 1.0626087486743927 -1.2947925105690956 3.2
      vertex 0.9305801391601562 -1.392711602151394 3.2
    endloop
  endfacet
  facet normal 0 0 1
    outer loop
      vertex 1.516404040157795 -7.623477905988693 3.2
      vertex 0.9305801391601562 -1.392711602151394 3.2
      vertex 0.7895895317196846 -1.477218121290207 3.2
    endloop
  endfacet
  facet normal 0 0 1
    outer loop
      vertex 1.516404040157795 -7.623477905988693 3.2
      vertex 0.7895895317196846 -1.477218121290207 3.2
      vertex 0.6409947499632835 -1.5474982187151909 3.2
    endloop
  endfacet
  facet normal 0 0 1
    outer loop
      vertex 1.516404040157795 -7.623477905988693 3.2
      vertex 0.6409947499632835 -1.5474982187151909 3.2
      vertex 0.4862268343567848 -1.6028750613331795 3.2
    endloop
  endfacet
  facet normal 0 0 1
    outer loop
      vertex 1.516404040157795 -7.623477905988693 3.2
      vertex 0.4862268343567848 -1.6028750613331795 3.2
      vertex 0.32677628844976425 -1.6428153440356255 3.2
    endloop
  endfacet
  facet normal 0 0 1
    outer loop
      vertex 0.7618706375360489 -7.73540236800909 3.2
      vertex 1.516404040157795 -7.623477905988693 3.2
      vertex 0.32677628844976425 -1.6428153440356255 3.2
    endloop
  endfacet
  facet normal 0 0 1
    outer loop
      vertex 0.7618706375360489 -7.73540236800909 3.2
      vertex 0.32677628844976425 -1.6428153440356255 3.2
      vertex 0.16417870670557022 -1.6669344156980515 3.2
    endloop
  endfacet
  facet normal 0 0 1
    outer loop
      vertex 0 -7.772830672562122 3.2
      vertex 0.7618706375360489 -7.73540236800909 3.2
      vertex 0.16417870670557022 -1.6669344156980515 3.2
    endloop
  endfacet
  facet normal 0 0 1
    outer loop
      vertex 0 -7.772830672562122 3.2
      vertex 0.16417870670557022 -1.6669344156980515 3.2
      vertex 0 -1.6749999970197678 3.2
    endloop
  endfacet
  facet normal 0 0 1
    outer loop
      vertex -0.7618706375360489 -7.73540236800909 3.2
      vertex 0 -7.772830672562122 3.2
      vertex 0 -1.6749999970197678 3.2
    endloop
  endfacet
  facet normal 0 0 1
    outer loop
      vertex -0.7618706375360489 -7.73540236800909 3.2
      vertex 0 -1.6749999970197678 3.2
      vertex -0.16417870670557022 -1.6669344156980515 3.2
    endloop
  endfacet
  facet normal 0 0 1
    outer loop
      vertex -1.516404040157795 -7.623477905988693 3.2
      vertex -0.7618706375360489 -7.73540236800909 3.2
      vertex -0.16417870670557022 -1.6669344156980515 3.2
    endloop
  endfacet
  facet normal 0 0 1
    outer loop
      vertex -1.516404040157795 -7.623477905988693 3.2
      vertex -0.16417870670557022 -1.6669344156980515 3.2
      vertex -0.32677628844976425 -1.6428153440356255 3.2
    endloop
  endfacet
  facet normal 0 0 1
    outer loop
      vertex -2.256333641707897 -7.43813519179821 3.2
      vertex -1.516404040157795 -7.623477905988693 3.2
      vertex -0.32677628844976425 -1.6428153440356255 3.2
    endloop
  endfacet
  facet normal 0 0 1
    outer loop
      vertex -2.256333641707897 -7.43813519179821 3.2
      vertex -0.32677628844976425 -1.6428153440356255 3.2
      vertex -0.4862268343567848 -1.6028750613331795 3.2
    endloop
  endfacet
  facet normal 0 0 1
    outer loop
      vertex -2.9745335206389427 -7.181159168481827 3.2
      vertex -2.256333641707897 -7.43813519179821 3.2
      vertex -0.4862268343567848 -1.6028750613331795 3.2
    endloop
  endfacet
  facet normal 0 0 1
    outer loop
      vertex -2.9745335206389427 -7.181159168481827 3.2
      vertex -0.4862268343567848 -1.6028750613331795 3.2
      vertex -0.6409947499632835 -1.5474982187151909 3.2
    endloop
  endfacet
  facet normal 0 0 1
    outer loop
      vertex -3.664087012410164 -6.85502465069294 3.2
      vertex -2.9745335206389427 -7.181159168481827 3.2
      vertex -0.6409947499632835 -1.5474982187151909 3.2
    endloop
  endfacet
  facet normal 0 0 1
    outer loop
      vertex -3.664087012410164 -6.85502465069294 3.2
      vertex -0.6409947499632835 -1.5474982187151909 3.2
      vertex -0.7895895317196846 -1.477218121290207 3.2
    endloop
  endfacet
  facet normal 0 0 1
    outer loop
      vertex -4.318353347480297 -6.462872505187988 3.2
      vertex -3.664087012410164 -6.85502465069294 3.2
      vertex -0.7895895317196846 -1.477218121290207 3.2
    endloop
  endfacet
  facet normal 0 0 1
    outer loop
      vertex -4.318353347480297 -6.462872505187988 3.2
      vertex -0.7895895317196846 -1.477218121290207 3.2
      vertex -0.9305801391601562 -1.392711602151394 3.2
    endloop
  endfacet
  facet normal 0 0 1
    outer loop
      vertex -4.9310315772891045 -6.008479356765747 3.2
      vertex -4.318353347480297 -6.462872505187988 3.2
      vertex -0.9305801391601562 -1.392711602151394 3.2
    endloop
  endfacet
  facet normal 0 0 1
    outer loop
      vertex -4.9310315772891045 -6.008479356765747 3.2
      vertex -0.9305801391601562 -1.392711602151394 3.2
      vertex -1.0626087486743927 -1.2947925105690956 3.2
    endloop
  endfacet
  facet normal 0 0 1
    outer loop
      vertex -5.496221274137497 -5.496221274137497 3.2
      vertex -4.9310315772891045 -6.008479356765747 3.2
      vertex -1.0626087486743927 -1.2947925105690956 3.2
    endloop
  endfacet
  facet normal 0 0 1
    outer loop
      vertex -5.496221274137497 -5.496221274137497 3.2
      vertex -1.0626087486743927 -1.2947925105690956 3.2
      vertex -1.1844038590788841 -1.1844038590788841 3.2
    endloop
  endfacet
  facet normal 0 0 1
    outer loop
      vertex -6.008479356765747 -4.9310315772891045 3.2
      vertex -5.496221274137497 -5.496221274137497 3.2
      vertex -1.1844038590788841 -1.1844038590788841 3.2
    endloop
  endfacet
  facet normal 0 0 1
    outer loop
      vertex -6.008479356765747 -4.9310315772891045 3.2
      vertex -1.1844038590788841 -1.1844038590788841 3.2
      vertex -1.2947925105690956 -1.0626087486743927 3.2
    endloop
  endfacet
  facet normal 0 0 1
    outer loop
      vertex -6.462872505187988 -4.318353347480297 3.2
      vertex -6.008479356765747 -4.9310315772891045 3.2
      vertex -1.2947925105690956 -1.0626087486743927 3.2
    endloop
  endfacet
  facet normal 0 0 1
    outer loop
      vertex -6.462872505187988 -4.318353347480297 3.2
      vertex -1.2947925105690956 -1.0626087486743927 3.2
      vertex -1.392711602151394 -0.9305801391601562 3.2
    endloop
  endfacet
  facet normal 0 0 1
    outer loop
      vertex -6.85502465069294 -3.664087012410164 3.2
      vertex -6.462872505187988 -4.318353347480297 3.2
      vertex -1.392711602151394 -0.9305801391601562 3.2
    endloop
  endfacet
  facet normal 0 0 1
    outer loop
      vertex -6.85502465069294 -3.664087012410164 3.2
      vertex -1.392711602151394 -0.9305801391601562 3.2
      vertex -1.477218121290207 -0.7895895317196846 3.2
    endloop
  endfacet
  facet normal 0 0 1
    outer loop
      vertex -7.181159168481827 -2.9745335206389427 3.2
      vertex -6.85502465069294 -3.664087012410164 3.2
      vertex -1.477218121290207 -0.7895895317196846 3.2
    endloop
  endfacet
  facet normal 0 0 1
    outer loop
      vertex -7.181159168481827 -2.9745335206389427 3.2
      vertex -1.477218121290207 -0.7895895317196846 3.2
      vertex -1.5474982187151909 -0.6409947499632835 3.2
    endloop
  endfacet
  facet normal 0 0 1
    outer loop
      vertex -7.43813519179821 -2.256333641707897 3.2
      vertex -7.181159168481827 -2.9745335206389427 3.2
      vertex -1.5474982187151909 -0.6409947499632835 3.2
    endloop
  endfacet
  facet normal 0 0 1
    outer loop
      vertex -7.43813519179821 -2.256333641707897 3.2
      vertex -1.5474982187151909 -0.6409947499632835 3.2
      vertex -1.6028750613331795 -0.4862268343567848 3.2
    endloop
  endfacet
  facet normal 0 0 1
    outer loop
      vertex -7.623477905988693 -1.516404040157795 3.2
      vertex -7.43813519179821 -2.256333641707897 3.2
      vertex -1.6028750613331795 -0.4862268343567848 3.2
    endloop
  endfacet
  facet normal 0 0 1
    outer loop
      vertex -7.623477905988693 -1.516404040157795 3.2
      vertex -1.6028750613331795 -0.4862268343567848 3.2
      vertex -1.6428153440356255 -0.32677628844976425 3.2
    endloop
  endfacet
  facet normal 0 0 1
    outer loop
      vertex -7.73540236800909 -0.7618706375360489 3.2
      vertex -7.623477905988693 -1.516404040157795 3.2
      vertex -1.6428153440356255 -0.32677628844976425 3.2
    endloop
  endfacet
  facet normal 0 0 1
    outer loop
      vertex -7.73540236800909 -0.7618706375360489 3.2
      vertex -1.6428153440356255 -0.32677628844976425 3.2
      vertex -1.6669344156980515 -0.16417870670557022 3.2
    endloop
  endfacet
  facet normal 0 0 1
    outer loop
      vertex -7.772830672562122 0 3.2
      vertex -7.73540236800909 -0.7618706375360489 3.2
      vertex -1.6669344156980515 -0.16417870670557022 3.2
    endloop
  endfacet
  facet normal 0 0 1
    outer loop
      vertex -7.772830672562122 0 3.2
      vertex -1.6669344156980515 -0.16417870670557022 3.2
      vertex -1.6749999970197678 0 3.2
    endloop
  endfacet
  facet normal 0 0 1
    outer loop
      vertex -7.73540236800909 0.7618706375360489 3.2
      vertex -7.772830672562122 0 3.2
      vertex -1.6749999970197678 0 3.2
    endloop
  endfacet
  facet normal 0 0 1
    outer loop
      vertex -7.73540236800909 0.7618706375360489 3.2
      vertex -1.6749999970197678 0 3.2
      vertex -1.6669344156980515 0.16417870670557022 3.2
    endloop
  endfacet
  facet normal 0 0 1
    outer loop
      vertex -7.623477905988693 1.516404040157795 3.2
      vertex -7.73540236800909 0.7618706375360489 3.2
      vertex -1.6669344156980515 0.16417870670557022 3.2
    endloop
  endfacet
  facet normal 0 0 1
    outer loop
      vertex -7.623477905988693 1.516404040157795 3.2
      vertex -1.6669344156980515 0.16417870670557022 3.2
      vertex -1.6428153440356255 0.32677628844976425 3.2
    endloop
  endfacet
  facet normal 0 0 1
    outer loop
      vertex -7.43813519179821 2.256333641707897 3.2
      vertex -7.623477905988693 1.516404040157795 3.2
      vertex -1.6428153440356255 0.32677628844976425 3.2
    endloop
  endfacet
  facet normal 0 0 1
    outer loop
      vertex -7.43813519179821 2.256333641707897 3.2
      vertex -1.6428153440356255 0.32677628844976425 3.2
      vertex -1.6028750613331795 0.4862268343567848 3.2
    endloop
  endfacet
  facet normal 0 0 1
    outer loop
      vertex -7.43813519179821 2.256333641707897 3.2
      vertex -1.6028750613331795 0.4862268343567848 3.2
      vertex -1.5474982187151909 0.6409947499632835 3.2
    endloop
  endfacet
  facet normal 0 0 1
    outer loop
      vertex -7.181159168481827 2.9745335206389427 3.2
      vertex -7.43813519179821 2.256333641707897 3.2
      vertex -1.5474982187151909 0.6409947499632835 3.2
    endloop
  endfacet
  facet normal 0 0 1
    outer loop
      vertex -7.181159168481827 2.9745335206389427 3.2
      vertex -1.5474982187151909 0.6409947499632835 3.2
      vertex -1.477218121290207 0.7895895317196846 3.2
    endloop
  endfacet
  facet normal 0 0 1
    outer loop
      vertex -7.181159168481827 2.9745335206389427 3.2
      vertex -1.477218121290207 0.7895895317196846 3.2
      vertex -1.5 1 3.2
    endloop
  endfacet
  facet normal 0 0 1
    outer loop
      vertex -7.181159168481827 2.9745335206389427 3.2
      vertex -1.5 1 3.2
      vertex -1.5 1.5499999970197678 3.2
    endloop
  endfacet
  facet normal 0 0 1
    outer loop
      vertex -6.85502465069294 3.664087012410164 3.2
      vertex -7.181159168481827 2.9745335206389427 3.2
      vertex -1.5 1.5499999970197678 3.2
    endloop
  endfacet
  facet normal 0 0 1
    outer loop
      vertex -6.462872505187988 4.318353347480297 3.2
      vertex -6.85502465069294 3.664087012410164 3.2
      vertex -1.5 1.5499999970197678 3.2
    endloop
  endfacet
  facet normal 0 0 1
    outer loop
      vertex -6.008479356765747 4.9310315772891045 3.2
      vertex -6.462872505187988 4.318353347480297 3.2
      vertex -1.5 1.5499999970197678 3.2
    endloop
  endfacet
  facet normal 0 0 1
    outer loop
      vertex -5.496221274137497 5.496221274137497 3.2
      vertex -6.008479356765747 4.9310315772891045 3.2
      vertex -1.5 1.5499999970197678 3.2
    endloop
  endfacet
  facet normal 0 0 1
    outer loop
      vertex -4.9310315772891045 6.008479356765747 3.2
      vertex -5.496221274137497 5.496221274137497 3.2
      vertex -1.5 1.5499999970197678 3.2
    endloop
  endfacet
  facet normal 0 0 1
    outer loop
      vertex -4.318353347480297 6.462872505187988 3.2
      vertex -4.9310315772891045 6.008479356765747 3.2
      vertex -1.5 1.5499999970197678 3.2
    endloop
  endfacet
  facet normal 0 0 1
    outer loop
      vertex -3.664087012410164 6.85502465069294 3.2
      vertex -4.318353347480297 6.462872505187988 3.2
      vertex -1.5 1.5499999970197678 3.2
    endloop
  endfacet
  facet normal 0 0 1
    outer loop
      vertex -2.9745335206389427 7.181159168481827 3.2
      vertex -3.664087012410164 6.85502465069294 3.2
      vertex -1.5 1.5499999970197678 3.2
    endloop
  endfacet
  facet normal 0 0 1
    outer loop
      vertex -2.256333641707897 7.43813519179821 3.2
      vertex -2.9745335206389427 7.181159168481827 3.2
      vertex -1.5 1.5499999970197678 3.2
    endloop
  endfacet
  facet normal 0 0 1
    outer loop
      vertex -1.516404040157795 7.623477905988693 3.2
      vertex -2.256333641707897 7.43813519179821 3.2
      vertex -1.5 1.5499999970197678 3.2
    endloop
  endfacet
  facet normal 0 0 1
    outer loop
      vertex -1.516404040157795 7.623477905988693 3.2
      vertex -1.5 1.5499999970197678 3.2
      vertex -0.6340027451515198 1.5499999970197678 3.2
    endloop
  endfacet
  facet normal 0 0 1
    outer loop
      vertex -1.516404040157795 7.623477905988693 3.2
      vertex -0.6340027451515198 1.5499999970197678 3.2
      vertex -0.4862268343567848 1.6028750613331795 3.2
    endloop
  endfacet
  facet normal 0 0 1
    outer loop
      vertex -1.516404040157795 7.623477905988693 3.2
      vertex -0.4862268343567848 1.6028750613331795 3.2
      vertex -0.32677628844976425 1.6428153440356255 3.2
    endloop
  endfacet
  facet normal 0 0 1
    outer loop
      vertex -0.7618706375360489 7.73540236800909 3.2
      vertex -1.516404040157795 7.623477905988693 3.2
      vertex -0.32677628844976425 1.6428153440356255 3.2
    endloop
  endfacet
  facet normal 0 0 1
    outer loop
      vertex -0.7618706375360489 7.73540236800909 3.2
      vertex -0.32677628844976425 1.6428153440356255 3.2
      vertex -0.16417870670557022 1.6669344156980515 3.2
    endloop
  endfacet
  facet normal 0 0 1
    outer loop
      vertex 0 7.772830672562122 3.2
      vertex -0.7618706375360489 7.73540236800909 3.2
      vertex -0.16417870670557022 1.6669344156980515 3.2
    endloop
  endfacet
  facet normal 0 0 1
    outer loop
      vertex 0 7.772830672562122 3.2
      vertex -0.16417870670557022 1.6669344156980515 3.2
      vertex 0 1.6749999970197678 3.2
    endloop
  endfacet
  facet normal 0 0 1
    outer loop
      vertex 0.7618706375360489 7.73540236800909 3.2
      vertex 0 7.772830672562122 3.2
      vertex 0 1.6749999970197678 3.2
    endloop
  endfacet
  facet normal 0 0 1
    outer loop
      vertex 0.7618706375360489 7.73540236800909 3.2
      vertex 0 1.6749999970197678 3.2
      vertex 0.16417870670557022 1.6669344156980515 3.2
    endloop
  endfacet
  facet normal 0 0 1
    outer loop
      vertex 1.516404040157795 7.623477905988693 3.2
      vertex 0.7618706375360489 7.73540236800909 3.2
      vertex 0.16417870670557022 1.6669344156980515 3.2
    endloop
  endfacet
  facet normal 0 0 1
    outer loop
      vertex 1.516404040157795 7.623477905988693 3.2
      vertex 0.16417870670557022 1.6669344156980515 3.2
      vertex 0.32677628844976425 1.6428153440356255 3.2
    endloop
  endfacet
  facet normal 0 0 1
    outer loop
      vertex 1.516404040157795 7.623477905988693 3.2
      vertex 0.32677628844976425 1.6428153440356255 3.2
      vertex 0.4862268343567848 1.6028750613331795 3.2
    endloop
  endfacet
  facet normal 0 0 1
    outer loop
      vertex 1.516404040157795 7.623477905988693 3.2
      vertex 0.4862268343567848 1.6028750613331795 3.2
      vertex 0.6340027451515198 1.5499999970197678 3.2
    endloop
  endfacet
  facet normal 0 0 1
    outer loop
      vertex 1.516404040157795 7.623477905988693 3.2
      vertex 0.6340027451515198 1.5499999970197678 3.2
      vertex 1.5 1.5499999970197678 3.2
    endloop
  endfacet
  facet normal 0 0 1
    outer loop
      vertex 20.377906449139118 4.413533762097359 3.2
      vertex 1.516404040157795 7.623477905988693 3.2
      vertex 1.5 1.5499999970197678 3.2
    endloop
  endfacet
  facet normal 0 0 1
    outer loop
      vertex 20.377906449139118 4.413533762097359 3.2
      vertex 1.5 1.5499999970197678 3.2
      vertex 1.5 1 3.2
    endloop
  endfacet
  facet normal 0 0 1
    outer loop
      vertex 20.377906449139118 4.413533762097359 3.2
      vertex 1.5 1 3.2
      vertex 1.477218121290207 0.7895895317196846 3.2
    endloop
  endfacet
  facet normal 0 0 1
    outer loop
      vertex 20.377906449139118 4.413533762097359 3.2
      vertex 1.477218121290207 0.7895895317196846 3.2
      vertex 1.5474982187151909 0.6409947499632835 3.2
    endloop
  endfacet
  facet normal 0 0 1
    outer loop
      vertex 1.5474982187151909 0.6409947499632835 3.2
      vertex 23.91353376209736 0.8779064491391182 3.2
      vertex 23.806231513619423 1.3062810450792313 3.2
    endloop
  endfacet
  facet normal 0 0 1
    outer loop
      vertex 1.5474982187151909 0.6409947499632835 3.2
      vertex 23.806231513619423 1.3062810450792313 3.2
      vertex 23.657457895576954 1.7220754474401474 3.2
    endloop
  endfacet
  facet normal 0 0 1
    outer loop
      vertex 1.5474982187151909 0.6409947499632835 3.2
      vertex 23.657457895576954 1.7220754474401474 3.2
      vertex 23.468645691871643 2.121285319328308 3.2
    endloop
  endfacet
  facet normal 0 0 1
    outer loop
      vertex 1.5474982187151909 0.6409947499632835 3.2
      vertex 23.468645691871643 2.121285319328308 3.2
      vertex 23.241613253951073 2.5000660493969917 3.2
    endloop
  endfacet
  facet normal 0 0 1
    outer loop
      vertex 1.5474982187151909 0.6409947499632835 3.2
      vertex 23.241613253951073 2.5000660493969917 3.2
      vertex 22.978547036647797 2.85476978123188 3.2
    endloop
  endfacet
  facet normal 0 0 1
    outer loop
      vertex 1.5474982187151909 0.6409947499632835 3.2
      vertex 22.978547036647797 2.85476978123188 3.2
      vertex 22.68198051303625 3.181980513036251 3.2
    endloop
  endfacet
  facet normal 0 0 1
    outer loop
      vertex 1.5474982187151909 0.6409947499632835 3.2
      vertex 22.68198051303625 3.181980513036251 3.2
      vertex 22.35476978123188 3.4785470366477966 3.2
    endloop
  endfacet
  facet normal 0 0 1
    outer loop
      vertex 1.5474982187151909 0.6409947499632835 3.2
      vertex 22.35476978123188 3.4785470366477966 3.2
      vertex 22.00006604939699 3.7416132539510727 3.2
    endloop
  endfacet
  facet normal 0 0 1
    outer loop
      vertex 1.5474982187151909 0.6409947499632835 3.2
      vertex 22.00006604939699 3.7416132539510727 3.2
      vertex 21.621285319328308 3.968645691871643 3.2
    endloop
  endfacet
  facet normal 0 0 1
    outer loop
      vertex 1.5474982187151909 0.6409947499632835 3.2
      vertex 21.621285319328308 3.968645691871643 3.2
      vertex 21.222075447440147 4.157457895576954 3.2
    endloop
  endfacet
  facet normal 0 0 1
    outer loop
      vertex 1.5474982187151909 0.6409947499632835 3.2
      vertex 21.222075447440147 4.157457895576954 3.2
      vertex 20.80628104507923 4.306231513619423 3.2
    endloop
  endfacet
  facet normal 0 0 1
    outer loop
      vertex 20.377906449139118 4.413533762097359 3.2
      vertex 1.5474982187151909 0.6409947499632835 3.2
      vertex 20.80628104507923 4.306231513619423 3.2
    endloop
  endfacet
  facet normal 0 0 -1
    outer loop
      vertex -1.5 1 0
      vertex -1.3412263244390488 1 0
      vertex -1.392711602151394 0.9305801391601562 0
    endloop
  endfacet
  facet normal 0 0 -1
    outer loop
      vertex 1.392711602151394 0.9305801391601562 0
      vertex 1.3412263244390488 1 0
      vertex 1.5 1 0
    endloop
  endfacet
  facet normal 0 0 -1
    outer loop
      vertex -1.5 1 0
      vertex -1.392711602151394 0.9305801391601562 0
      vertex -1.477218121290207 0.7895895317196846 0
    endloop
  endfacet
  facet normal 0 0 -1
    outer loop
      vertex 1.477218121290207 0.7895895317196846 0
      vertex 1.392711602151394 0.9305801391601562 0
      vertex 1.5 1 0
    endloop
  endfacet
  facet normal 0 0 -1
    outer loop
      vertex 1.6669344156980515 -0.16417870670557022 0
      vertex 1.6749999970197678 0 0
      vertex 24 0 0
    endloop
  endfacet
  facet normal 0 0 -1
    outer loop
      vertex 24 0 0
      vertex 1.6749999970197678 0 0
      vertex 1.6669344156980515 0.16417870670557022 0
    endloop
  endfacet
  facet normal 0 0 -1
    outer loop
      vertex 1.6428153440356255 -0.32677628844976425 0
      vertex 1.6669344156980515 -0.16417870670557022 0
      vertex 24 0 0
    endloop
  endfacet
  facet normal 0 0 -1
    outer loop
      vertex 24 0 0
      vertex 1.6669344156980515 0.16417870670557022 0
      vertex 1.6428153440356255 0.32677628844976425 0
    endloop
  endfacet
  facet normal 0 0 -1
    outer loop
      vertex 1.6028750613331795 -0.4862268343567848 0
      vertex 1.6428153440356255 -0.32677628844976425 0
      vertex 24 0 0
    endloop
  endfacet
  facet normal 0 0 -1
    outer loop
      vertex 24 0 0
      vertex 1.6428153440356255 0.32677628844976425 0
      vertex 1.6028750613331795 0.4862268343567848 0
    endloop
  endfacet
  facet normal 0 0 -1
    outer loop
      vertex 1.5474982187151909 -0.6409947499632835 0
      vertex 1.6028750613331795 -0.4862268343567848 0
      vertex 24 0 0
    endloop
  endfacet
  facet normal 0 0 -1
    outer loop
      vertex 24 0 0
      vertex 1.6028750613331795 0.4862268343567848 0
      vertex 1.5474982187151909 0.6409947499632835 0
    endloop
  endfacet
  facet normal 0 0 -1
    outer loop
      vertex 1.5474982187151909 -0.6409947499632835 0
      vertex 24 0 0
      vertex 23.97833126783371 -0.4410771280527115 0
    endloop
  endfacet
  facet normal 0 0 -1
    outer loop
      vertex 23.97833126783371 0.4410771280527115 0
      vertex 24 0 0
      vertex 1.5474982187151909 0.6409947499632835 0
    endloop
  endfacet
  facet normal 0 0 -1
    outer loop
      vertex 1.5474982187151909 -0.6409947499632835 0
      vertex 23.97833126783371 -0.4410771280527115 0
      vertex 23.91353376209736 -0.8779064491391182 0
    endloop
  endfacet
  facet normal 0 0 -1
    outer loop
      vertex 23.91353376209736 0.8779064491391182 0
      vertex 23.97833126783371 0.4410771280527115 0
      vertex 1.5474982187151909 0.6409947499632835 0
    endloop
  endfacet
  facet normal 0 0 -1
    outer loop
      vertex 1.5474982187151909 -0.6409947499632835 0
      vertex 23.91353376209736 -0.8779064491391182 0
      vertex 23.806231513619423 -1.3062810450792313 0
    endloop
  endfacet
  facet normal 0 0 -1
    outer loop
      vertex 1.5474982187151909 -0.6409947499632835 0
      vertex 23.806231513619423 -1.3062810450792313 0
      vertex 23.657457895576954 -1.7220754474401474 0
    endloop
  endfacet
  facet normal 0 0 -1
    outer loop
      vertex 1.5474982187151909 -0.6409947499632835 0
      vertex 23.657457895576954 -1.7220754474401474 0
      vertex 23.468645691871643 -2.121285319328308 0
    endloop
  endfacet
  facet normal 0 0 -1
    outer loop
      vertex 1.5474982187151909 -0.6409947499632835 0
      vertex 23.468645691871643 -2.121285319328308 0
      vertex 23.241613253951073 -2.5000660493969917 0
    endloop
  endfacet
  facet normal 0 0 -1
    outer loop
      vertex 1.5474982187151909 -0.6409947499632835 0
      vertex 23.241613253951073 -2.5000660493969917 0
      vertex 22.978547036647797 -2.85476978123188 0
    endloop
  endfacet
  facet normal 0 0 -1
    outer loop
      vertex 1.5474982187151909 -0.6409947499632835 0
      vertex 22.978547036647797 -2.85476978123188 0
      vertex 22.68198051303625 -3.181980513036251 0
    endloop
  endfacet
  facet normal 0 0 -1
    outer loop
      vertex 1.5474982187151909 -0.6409947499632835 0
      vertex 22.68198051303625 -3.181980513036251 0
      vertex 22.35476978123188 -3.4785470366477966 0
    endloop
  endfacet
  facet normal 0 0 -1
    outer loop
      vertex 1.5474982187151909 -0.6409947499632835 0
      vertex 22.35476978123188 -3.4785470366477966 0
      vertex 22.00006604939699 -3.7416132539510727 0
    endloop
  endfacet
  facet normal 0 0 -1
    outer loop
      vertex 1.5474982187151909 -0.6409947499632835 0
      vertex 22.00006604939699 -3.7416132539510727 0
      vertex 21.621285319328308 -3.968645691871643 0
    endloop
  endfacet
  facet normal 0 0 -1
    outer loop
      vertex 1.5474982187151909 -0.6409947499632835 0
      vertex 21.621285319328308 -3.968645691871643 0
      vertex 21.222075447440147 -4.157457895576954 0
    endloop
  endfacet
  facet normal 0 0 -1
    outer loop
      vertex 1.5474982187151909 -0.6409947499632835 0
      vertex 21.222075447440147 -4.157457895576954 0
      vertex 20.80628104507923 -4.306231513619423 0
    endloop
  endfacet
  facet normal 0 0 -1
    outer loop
      vertex 1.5474982187151909 -0.6409947499632835 0
      vertex 20.80628104507923 -4.306231513619423 0
      vertex 20.377906449139118 -4.413533762097359 0
    endloop
  endfacet
  facet normal 0 0 -1
    outer loop
      vertex 1.477218121290207 -0.7895895317196846 0
      vertex 1.5474982187151909 -0.6409947499632835 0
      vertex 20.377906449139118 -4.413533762097359 0
    endloop
  endfacet
  facet normal 0 0 -1
    outer loop
      vertex 1.477218121290207 -0.7895895317196846 0
      vertex 20.377906449139118 -4.413533762097359 0
      vertex 1.516404040157795 -7.623477905988693 0
    endloop
  endfacet
  facet normal 0 0 -1
    outer loop
      vertex 1.392711602151394 -0.9305801391601562 0
      vertex 1.477218121290207 -0.7895895317196846 0
      vertex 1.516404040157795 -7.623477905988693 0
    endloop
  endfacet
  facet normal 0 0 -1
    outer loop
      vertex 1.2947925105690956 -1.0626087486743927 0
      vertex 1.392711602151394 -0.9305801391601562 0
      vertex 1.516404040157795 -7.623477905988693 0
    endloop
  endfacet
  facet normal 0 0 -1
    outer loop
      vertex 1.1844038590788841 -1.1844038590788841 0
      vertex 1.2947925105690956 -1.0626087486743927 0
      vertex 1.516404040157795 -7.623477905988693 0
    endloop
  endfacet
  facet normal 0 0 -1
    outer loop
      vertex 1.0626087486743927 -1.2947925105690956 0
      vertex 1.1844038590788841 -1.1844038590788841 0
      vertex 1.516404040157795 -7.623477905988693 0
    endloop
  endfacet
  facet normal 0 0 -1
    outer loop
      vertex 0.9305801391601562 -1.392711602151394 0
      vertex 1.0626087486743927 -1.2947925105690956 0
      vertex 1.516404040157795 -7.623477905988693 0
    endloop
  endfacet
  facet normal 0 0 -1
    outer loop
      vertex 0.7895895317196846 -1.477218121290207 0
      vertex 0.9305801391601562 -1.392711602151394 0
      vertex 1.516404040157795 -7.623477905988693 0
    endloop
  endfacet
  facet normal 0 0 -1
    outer loop
      vertex 0.6409947499632835 -1.5474982187151909 0
      vertex 0.7895895317196846 -1.477218121290207 0
      vertex 1.516404040157795 -7.623477905988693 0
    endloop
  endfacet
  facet normal 0 0 -1
    outer loop
      vertex 0.4862268343567848 -1.6028750613331795 0
      vertex 0.6409947499632835 -1.5474982187151909 0
      vertex 1.516404040157795 -7.623477905988693 0
    endloop
  endfacet
  facet normal 0 0 -1
    outer loop
      vertex 0.32677628844976425 -1.6428153440356255 0
      vertex 0.4862268343567848 -1.6028750613331795 0
      vertex 1.516404040157795 -7.623477905988693 0
    endloop
  endfacet
  facet normal 0 0 -1
    outer loop
      vertex 0.32677628844976425 -1.6428153440356255 0
      vertex 1.516404040157795 -7.623477905988693 0
      vertex 0.7618706375360489 -7.73540236800909 0
    endloop
  endfacet
  facet normal 0 0 -1
    outer loop
      vertex 0.16417870670557022 -1.6669344156980515 0
      vertex 0.32677628844976425 -1.6428153440356255 0
      vertex 0.7618706375360489 -7.73540236800909 0
    endloop
  endfacet
  facet normal 0 0 -1
    outer loop
      vertex 0.16417870670557022 -1.6669344156980515 0
      vertex 0.7618706375360489 -7.73540236800909 0
      vertex 0 -7.772830672562122 0
    endloop
  endfacet
  facet normal 0 0 -1
    outer loop
      vertex 0 -1.6749999970197678 0
      vertex 0.16417870670557022 -1.6669344156980515 0
      vertex 0 -7.772830672562122 0
    endloop
  endfacet
  facet normal 0 0 -1
    outer loop
      vertex 0 -1.6749999970197678 0
      vertex 0 -7.772830672562122 0
      vertex -0.7618706375360489 -7.73540236800909 0
    endloop
  endfacet
  facet normal 0 0 -1
    outer loop
      vertex -0.16417870670557022 -1.6669344156980515 0
      vertex 0 -1.6749999970197678 0
      vertex -0.7618706375360489 -7.73540236800909 0
    endloop
  endfacet
  facet normal 0 0 -1
    outer loop
      vertex -0.16417870670557022 -1.6669344156980515 0
      vertex -0.7618706375360489 -7.73540236800909 0
      vertex -1.516404040157795 -7.623477905988693 0
    endloop
  endfacet
  facet normal 0 0 -1
    outer loop
      vertex -0.32677628844976425 -1.6428153440356255 0
      vertex -0.16417870670557022 -1.6669344156980515 0
      vertex -1.516404040157795 -7.623477905988693 0
    endloop
  endfacet
  facet normal 0 0 -1
    outer loop
      vertex -0.32677628844976425 -1.6428153440356255 0
      vertex -1.516404040157795 -7.623477905988693 0
      vertex -2.256333641707897 -7.43813519179821 0
    endloop
  endfacet
  facet normal 0 0 -1
    outer loop
      vertex -0.4862268343567848 -1.6028750613331795 0
      vertex -0.32677628844976425 -1.6428153440356255 0
      vertex -2.256333641707897 -7.43813519179821 0
    endloop
  endfacet
  facet normal 0 0 -1
    outer loop
      vertex -0.4862268343567848 -1.6028750613331795 0
      vertex -2.256333641707897 -7.43813519179821 0
      vertex -2.9745335206389427 -7.181159168481827 0
    endloop
  endfacet
  facet normal 0 0 -1
    outer loop
      vertex -0.6409947499632835 -1.5474982187151909 0
      vertex -0.4862268343567848 -1.6028750613331795 0
      vertex -2.9745335206389427 -7.181159168481827 0
    endloop
  endfacet
  facet normal 0 0 -1
    outer loop
      vertex -0.6409947499632835 -1.5474982187151909 0
      vertex -2.9745335206389427 -7.181159168481827 0
      vertex -3.664087012410164 -6.85502465069294 0
    endloop
  endfacet
  facet normal 0 0 -1
    outer loop
      vertex -0.7895895317196846 -1.477218121290207 0
      vertex -0.6409947499632835 -1.5474982187151909 0
      vertex -3.664087012410164 -6.85502465069294 0
    endloop
  endfacet
  facet normal 0 0 -1
    outer loop
      vertex -0.7895895317196846 -1.477218121290207 0
      vertex -3.664087012410164 -6.85502465069294 0
      vertex -4.318353347480297 -6.462872505187988 0
    endloop
  endfacet
  facet normal 0 0 -1
    outer loop
      vertex -0.9305801391601562 -1.392711602151394 0
      vertex -0.7895895317196846 -1.477218121290207 0
      vertex -4.318353347480297 -6.462872505187988 0
    endloop
  endfacet
  facet normal 0 0 -1
    outer loop
      vertex -0.9305801391601562 -1.392711602151394 0
      vertex -4.318353347480297 -6.462872505187988 0
      vertex -4.9310315772891045 -6.008479356765747 0
    endloop
  endfacet
  facet normal 0 0 -1
    outer loop
      vertex -1.0626087486743927 -1.2947925105690956 0
      vertex -0.9305801391601562 -1.392711602151394 0
      vertex -4.9310315772891045 -6.008479356765747 0
    endloop
  endfacet
  facet normal 0 0 -1
    outer loop
      vertex -1.0626087486743927 -1.2947925105690956 0
      vertex -4.9310315772891045 -6.008479356765747 0
      vertex -5.496221274137497 -5.496221274137497 0
    endloop
  endfacet
  facet normal 0 0 -1
    outer loop
      vertex -1.1844038590788841 -1.1844038590788841 0
      vertex -1.0626087486743927 -1.2947925105690956 0
      vertex -5.496221274137497 -5.496221274137497 0
    endloop
  endfacet
  facet normal 0 0 -1
    outer loop
      vertex -1.1844038590788841 -1.1844038590788841 0
      vertex -5.496221274137497 -5.496221274137497 0
      vertex -6.008479356765747 -4.9310315772891045 0
    endloop
  endfacet
  facet normal 0 0 -1
    outer loop
      vertex -1.2947925105690956 -1.0626087486743927 0
      vertex -1.1844038590788841 -1.1844038590788841 0
      vertex -6.008479356765747 -4.9310315772891045 0
    endloop
  endfacet
  facet normal 0 0 -1
    outer loop
      vertex -1.2947925105690956 -1.0626087486743927 0
      vertex -6.008479356765747 -4.9310315772891045 0
      vertex -6.462872505187988 -4.318353347480297 0
    endloop
  endfacet
  facet normal 0 0 -1
    outer loop
      vertex -1.392711602151394 -0.9305801391601562 0
      vertex -1.2947925105690956 -1.0626087486743927 0
      vertex -6.462872505187988 -4.318353347480297 0
    endloop
  endfacet
  facet normal 0 0 -1
    outer loop
      vertex -1.392711602151394 -0.9305801391601562 0
      vertex -6.462872505187988 -4.318353347480297 0
      vertex -6.85502465069294 -3.664087012410164 0
    endloop
  endfacet
  facet normal 0 0 -1
    outer loop
      vertex -1.477218121290207 -0.7895895317196846 0
      vertex -1.392711602151394 -0.9305801391601562 0
      vertex -6.85502465069294 -3.664087012410164 0
    endloop
  endfacet
  facet normal 0 0 -1
    outer loop
      vertex -1.477218121290207 -0.7895895317196846 0
      vertex -6.85502465069294 -3.664087012410164 0
      vertex -7.181159168481827 -2.9745335206389427 0
    endloop
  endfacet
  facet normal 0 0 -1
    outer loop
      vertex -1.5474982187151909 -0.6409947499632835 0
      vertex -1.477218121290207 -0.7895895317196846 0
      vertex -7.181159168481827 -2.9745335206389427 0
    endloop
  endfacet
  facet normal 0 0 -1
    outer loop
      vertex -1.5474982187151909 -0.6409947499632835 0
      vertex -7.181159168481827 -2.9745335206389427 0
      vertex -7.43813519179821 -2.256333641707897 0
    endloop
  endfacet
  facet normal 0 0 -1
    outer loop
      vertex -1.6028750613331795 -0.4862268343567848 0
      vertex -1.5474982187151909 -0.6409947499632835 0
      vertex -7.43813519179821 -2.256333641707897 0
    endloop
  endfacet
  facet normal 0 0 -1
    outer loop
      vertex -1.6028750613331795 -0.4862268343567848 0
      vertex -7.43813519179821 -2.256333641707897 0
      vertex -7.623477905988693 -1.516404040157795 0
    endloop
  endfacet
  facet normal 0 0 -1
    outer loop
      vertex -1.6428153440356255 -0.32677628844976425 0
      vertex -1.6028750613331795 -0.4862268343567848 0
      vertex -7.623477905988693 -1.516404040157795 0
    endloop
  endfacet
  facet normal 0 0 -1
    outer loop
      vertex -1.6428153440356255 -0.32677628844976425 0
      vertex -7.623477905988693 -1.516404040157795 0
      vertex -7.73540236800909 -0.7618706375360489 0
    endloop
  endfacet
  facet normal 0 0 -1
    outer loop
      vertex -1.6669344156980515 -0.16417870670557022 0
      vertex -1.6428153440356255 -0.32677628844976425 0
      vertex -7.73540236800909 -0.7618706375360489 0
    endloop
  endfacet
  facet normal 0 0 -1
    outer loop
      vertex -1.6669344156980515 -0.16417870670557022 0
      vertex -7.73540236800909 -0.7618706375360489 0
      vertex -7.772830672562122 0 0
    endloop
  endfacet
  facet normal 0 0 -1
    outer loop
      vertex -1.6749999970197678 0 0
      vertex -1.6669344156980515 -0.16417870670557022 0
      vertex -7.772830672562122 0 0
    endloop
  endfacet
  facet normal 0 0 -1
    outer loop
      vertex -1.6749999970197678 0 0
      vertex -7.772830672562122 0 0
      vertex -7.73540236800909 0.7618706375360489 0
    endloop
  endfacet
  facet normal 0 0 -1
    outer loop
      vertex -1.6669344156980515 0.16417870670557022 0
      vertex -1.6749999970197678 0 0
      vertex -7.73540236800909 0.7618706375360489 0
    endloop
  endfacet
  facet normal 0 0 -1
    outer loop
      vertex -1.6669344156980515 0.16417870670557022 0
      vertex -7.73540236800909 0.7618706375360489 0
      vertex -7.623477905988693 1.516404040157795 0
    endloop
  endfacet
  facet normal 0 0 -1
    outer loop
      vertex -1.6428153440356255 0.32677628844976425 0
      vertex -1.6669344156980515 0.16417870670557022 0
      vertex -7.623477905988693 1.516404040157795 0
    endloop
  endfacet
  facet normal 0 0 -1
    outer loop
      vertex -1.6428153440356255 0.32677628844976425 0
      vertex -7.623477905988693 1.516404040157795 0
      vertex -7.43813519179821 2.256333641707897 0
    endloop
  endfacet
  facet normal 0 0 -1
    outer loop
      vertex -1.6028750613331795 0.4862268343567848 0
      vertex -1.6428153440356255 0.32677628844976425 0
      vertex -7.43813519179821 2.256333641707897 0
    endloop
  endfacet
  facet normal 0 0 -1
    outer loop
      vertex -1.5474982187151909 0.6409947499632835 0
      vertex -1.6028750613331795 0.4862268343567848 0
      vertex -7.43813519179821 2.256333641707897 0
    endloop
  endfacet
  facet normal 0 0 -1
    outer loop
      vertex -1.5474982187151909 0.6409947499632835 0
      vertex -7.43813519179821 2.256333641707897 0
      vertex -7.181159168481827 2.9745335206389427 0
    endloop
  endfacet
  facet normal 0 0 -1
    outer loop
      vertex -1.477218121290207 0.7895895317196846 0
      vertex -1.5474982187151909 0.6409947499632835 0
      vertex -7.181159168481827 2.9745335206389427 0
    endloop
  endfacet
  facet normal 0 0 -1
    outer loop
      vertex -1.5 1 0
      vertex -1.477218121290207 0.7895895317196846 0
      vertex -7.181159168481827 2.9745335206389427 0
    endloop
  endfacet
  facet normal 0 0 -1
    outer loop
      vertex -1.5 1.5499999970197678 0
      vertex -1.5 1 0
      vertex -7.181159168481827 2.9745335206389427 0
    endloop
  endfacet
  facet normal 0 0 -1
    outer loop
      vertex -1.5 1.5499999970197678 0
      vertex -7.181159168481827 2.9745335206389427 0
      vertex -6.85502465069294 3.664087012410164 0
    endloop
  endfacet
  facet normal 0 0 -1
    outer loop
      vertex -1.5 1.5499999970197678 0
      vertex -6.85502465069294 3.664087012410164 0
      vertex -6.462872505187988 4.318353347480297 0
    endloop
  endfacet
  facet normal 0 0 -1
    outer loop
      vertex -1.5 1.5499999970197678 0
      vertex -6.462872505187988 4.318353347480297 0
      vertex -6.008479356765747 4.9310315772891045 0
    endloop
  endfacet
  facet normal 0 0 -1
    outer loop
      vertex -1.5 1.5499999970197678 0
      vertex -6.008479356765747 4.9310315772891045 0
      vertex -5.496221274137497 5.496221274137497 0
    endloop
  endfacet
  facet normal 0 0 -1
    outer loop
      vertex -1.5 1.5499999970197678 0
      vertex -5.496221274137497 5.496221274137497 0
      vertex -4.9310315772891045 6.008479356765747 0
    endloop
  endfacet
  facet normal 0 0 -1
    outer loop
      vertex -1.5 1.5499999970197678 0
      vertex -4.9310315772891045 6.008479356765747 0
      vertex -4.318353347480297 6.462872505187988 0
    endloop
  endfacet
  facet normal 0 0 -1
    outer loop
      vertex -1.5 1.5499999970197678 0
      vertex -4.318353347480297 6.462872505187988 0
      vertex -3.664087012410164 6.85502465069294 0
    endloop
  endfacet
  facet normal 0 0 -1
    outer loop
      vertex -1.5 1.5499999970197678 0
      vertex -3.664087012410164 6.85502465069294 0
      vertex -2.9745335206389427 7.181159168481827 0
    endloop
  endfacet
  facet normal 0 0 -1
    outer loop
      vertex -1.5 1.5499999970197678 0
      vertex -2.9745335206389427 7.181159168481827 0
      vertex -2.256333641707897 7.43813519179821 0
    endloop
  endfacet
  facet normal 0 0 -1
    outer loop
      vertex -1.5 1.5499999970197678 0
      vertex -2.256333641707897 7.43813519179821 0
      vertex -1.516404040157795 7.623477905988693 0
    endloop
  endfacet
  facet normal 0 0 -1
    outer loop
      vertex -0.6340027451515198 1.5499999970197678 0
      vertex -1.5 1.5499999970197678 0
      vertex -1.516404040157795 7.623477905988693 0
    endloop
  endfacet
  facet normal 0 0 -1
    outer loop
      vertex -0.4862268343567848 1.6028750613331795 0
      vertex -0.6340027451515198 1.5499999970197678 0
      vertex -1.516404040157795 7.623477905988693 0
    endloop
  endfacet
  facet normal 0 0 -1
    outer loop
      vertex -0.32677628844976425 1.6428153440356255 0
      vertex -0.4862268343567848 1.6028750613331795 0
      vertex -1.516404040157795 7.623477905988693 0
    endloop
  endfacet
  facet normal 0 0 -1
    outer loop
      vertex -0.32677628844976425 1.6428153440356255 0
      vertex -1.516404040157795 7.623477905988693 0
      vertex -0.7618706375360489 7.73540236800909 0
    endloop
  endfacet
  facet normal 0 0 -1
    outer loop
      vertex -0.16417870670557022 1.6669344156980515 0
      vertex -0.32677628844976425 1.6428153440356255 0
      vertex -0.7618706375360489 7.73540236800909 0
    endloop
  endfacet
  facet normal 0 0 -1
    outer loop
      vertex -0.16417870670557022 1.6669344156980515 0
      vertex -0.7618706375360489 7.73540236800909 0
      vertex 0 7.772830672562122 0
    endloop
  endfacet
  facet normal 0 0 -1
    outer loop
      vertex 0 1.6749999970197678 0
      vertex -0.16417870670557022 1.6669344156980515 0
      vertex 0 7.772830672562122 0
    endloop
  endfacet
  facet normal 0 0 -1
    outer loop
      vertex 0 1.6749999970197678 0
      vertex 0 7.772830672562122 0
      vertex 0.7618706375360489 7.73540236800909 0
    endloop
  endfacet
  facet normal 0 0 -1
    outer loop
      vertex 0.16417870670557022 1.6669344156980515 0
      vertex 0 1.6749999970197678 0
      vertex 0.7618706375360489 7.73540236800909 0
    endloop
  endfacet
  facet normal 0 0 -1
    outer loop
      vertex 0.16417870670557022 1.6669344156980515 0
      vertex 0.7618706375360489 7.73540236800909 0
      vertex 1.516404040157795 7.623477905988693 0
    endloop
  endfacet
  facet normal 0 0 -1
    outer loop
      vertex 0.32677628844976425 1.6428153440356255 0
      vertex 0.16417870670557022 1.6669344156980515 0
      vertex 1.516404040157795 7.623477905988693 0
    endloop
  endfacet
  facet normal 0 0 -1
    outer loop
      vertex 0.4862268343567848 1.6028750613331795 0
      vertex 0.32677628844976425 1.6428153440356255 0
      vertex 1.516404040157795 7.623477905988693 0
    endloop
  endfacet
  facet normal 0 0 -1
    outer loop
      vertex 0.6340027451515198 1.5499999970197678 0
      vertex 0.4862268343567848 1.6028750613331795 0
      vertex 1.516404040157795 7.623477905988693 0
    endloop
  endfacet
  facet normal 0 0 -1
    outer loop
      vertex 1.5 1.5499999970197678 0
      vertex 0.6340027451515198 1.5499999970197678 0
      vertex 1.516404040157795 7.623477905988693 0
    endloop
  endfacet
  facet normal 0 0 -1
    outer loop
      vertex 1.5 1.5499999970197678 0
      vertex 1.516404040157795 7.623477905988693 0
      vertex 20.377906449139118 4.413533762097359 0
    endloop
  endfacet
  facet normal 0 0 -1
    outer loop
      vertex 1.5 1 0
      vertex 1.5 1.5499999970197678 0
      vertex 20.377906449139118 4.413533762097359 0
    endloop
  endfacet
  facet normal 0 0 -1
    outer loop
      vertex 1.477218121290207 0.7895895317196846 0
      vertex 1.5 1 0
      vertex 20.377906449139118 4.413533762097359 0
    endloop
  endfacet
  facet normal 0 0 -1
    outer loop
      vertex 1.5474982187151909 0.6409947499632835 0
      vertex 1.477218121290207 0.7895895317196846 0
      vertex 20.377906449139118 4.413533762097359 0
    endloop
  endfacet
  facet normal 0 0 -1
    outer loop
      vertex 23.806231513619423 1.3062810450792313 0
      vertex 23.91353376209736 0.8779064491391182 0
      vertex 1.5474982187151909 0.6409947499632835 0
    endloop
  endfacet
  facet normal 0 0 -1
    outer loop
      vertex 23.657457895576954 1.7220754474401474 0
      vertex 23.806231513619423 1.3062810450792313 0
      vertex 1.5474982187151909 0.6409947499632835 0
    endloop
  endfacet
  facet normal 0 0 -1
    outer loop
      vertex 23.468645691871643 2.121285319328308 0
      vertex 23.657457895576954 1.7220754474401474 0
      vertex 1.5474982187151909 0.6409947499632835 0
    endloop
  endfacet
  facet normal 0 0 -1
    outer loop
      vertex 23.241613253951073 2.5000660493969917 0
      vertex 23.468645691871643 2.121285319328308 0
      vertex 1.5474982187151909 0.6409947499632835 0
    endloop
  endfacet
  facet normal 0 0 -1
    outer loop
      vertex 22.978547036647797 2.85476978123188 0
      vertex 23.241613253951073 2.5000660493969917 0
      vertex 1.5474982187151909 0.6409947499632835 0
    endloop
  endfacet
  facet normal 0 0 -1
    outer loop
      vertex 22.68198051303625 3.181980513036251 0
      vertex 22.978547036647797 2.85476978123188 0
      vertex 1.5474982187151909 0.6409947499632835 0
    endloop
  endfacet
  facet normal 0 0 -1
    outer loop
      vertex 22.35476978123188 3.4785470366477966 0
      vertex 22.68198051303625 3.181980513036251 0
      vertex 1.5474982187151909 0.6409947499632835 0
    endloop
  endfacet
  facet normal 0 0 -1
    outer loop
      vertex 22.00006604939699 3.7416132539510727 0
      vertex 22.35476978123188 3.4785470366477966 0
      vertex 1.5474982187151909 0.6409947499632835 0
    endloop
  endfacet
  facet normal 0 0 -1
    outer loop
      vertex 21.621285319328308 3.968645691871643 0
      vertex 22.00006604939699 3.7416132539510727 0
      vertex 1.5474982187151909 0.6409947499632835 0
    endloop
  endfacet
  facet normal 0 0 -1
    outer loop
      vertex 21.222075447440147 4.157457895576954 0
      vertex 21.621285319328308 3.968645691871643 0
      vertex 1.5474982187151909 0.6409947499632835 0
    endloop
  endfacet
  facet normal 0 0 -1
    outer loop
      vertex 20.80628104507923 4.306231513619423 0
      vertex 21.222075447440147 4.157457895576954 0
      vertex 1.5474982187151909 0.6409947499632835 0
    endloop
  endfacet
  facet normal 0 0 -1
    outer loop
      vertex 20.80628104507923 4.306231513619423 0
      vertex 1.5474982187151909 0.6409947499632835 0
      vertex 20.377906449139118 4.413533762097359 0
    endloop
  endfacet
endsolid OpenSCAD_Model
