solid OpenSCAD_Model
  facet normal -0.9039892931234436 -0.42755509343028153 0
    outer loop
      vertex -3.556936200168454 -1.4733312146055957 17.900000000000006
      vertex -3.556936200168454 -1.4733312146055957 3
      vertex -3.3953968677411672 -1.814877436780091 3
    endloop
  endfacet
  facet normal -0.941544065183021 -0.3368898533922192 0
    outer loop
      vertex -3.684220292569004 -1.11759600742968 17.900000000000006
      vertex -3.684220292569004 -1.11759600742968 3
      vertex -3.556936200168454 -1.4733312146055957 3
    endloop
  endfacet
  facet normal -0.9700312531945439 -0.2429801799032644 0
    outer loop
      vertex -3.7760233295524372 -0.7510977397620938 17.900000000000006
      vertex -3.7760233295524372 -0.7510977397620938 3
      vertex -3.684220292569004 -1.11759600742968 3
    endloop
  endfacet
  facet normal -0.9891765099647808 -0.14673047445536286 0
    outer loop
      vertex -3.8314611976879585 -0.37736599026880835 17.900000000000006
      vertex -3.8314611976879585 -0.37736599026880835 3
      vertex -3.7760233295524372 -0.7510977397620938 3
    endloop
  endfacet
  facet normal -0.9987954562051724 -0.04906767432741708 0
    outer loop
      vertex -3.85 0 17.900000000000006
      vertex -3.85 0 3
      vertex -3.8314611976879585 -0.37736599026880835 3
    endloop
  endfacet
  facet normal -0.3368898533922192 -0.941544065183021 0
    outer loop
      vertex -1.4733312146055957 -3.556936200168454 17.900000000000006
      vertex -1.4733312146055957 -3.556936200168454 3
      vertex -1.11759600742968 -3.684220292569004 3
    endloop
  endfacet
  facet normal -0.2429801799032644 -0.9700312531945439 0
    outer loop
      vertex -1.11759600742968 -3.684220292569004 17.900000000000006
      vertex -1.11759600742968 -3.684220292569004 3
      vertex -0.7510977397620938 -3.7760233295524372 3
    endloop
  endfacet
  facet normal -0.14673047445536286 -0.9891765099647808 0
    outer loop
      vertex -0.7510977397620938 -3.7760233295524372 17.900000000000006
      vertex -0.7510977397620938 -3.7760233295524372 3
      vertex -0.37736599026880835 -3.8314611976879585 3
    endloop
  endfacet
  facet normal -0.04906767432741708 -0.9987954562051724 0
    outer loop
      vertex -0.37736599026880835 -3.8314611976879585 17.900000000000006
      vertex -0.37736599026880835 -3.8314611976879585 3
      vertex 0 -3.85 3
    endloop
  endfacet
  facet normal -0.6715589548470177 -0.7409511253549598 0
    outer loop
      vertex -2.7223611075682084 -2.7223611075682084 17.900000000000006
      vertex -2.7223611075682084 -2.7223611075682084 3
      vertex -2.4424141440300353 -2.9760902454465374 3
    endloop
  endfacet
  facet normal -0.8032075314806449 -0.5956993044924335 0
    outer loop
      vertex -3.2011580073647994 -2.1389453971254686 17.900000000000006
      vertex -3.2011580073647994 -2.1389453971254686 3
      vertex -2.9760902454465374 -2.4424141440300353 3
    endloop
  endfacet
  facet normal -0.8577286100002718 -0.514102744193222 0
    outer loop
      vertex -3.3953968677411672 -1.814877436780091 17.900000000000006
      vertex -3.3953968677411672 -1.814877436780091 3
      vertex -3.2011580073647994 -2.1389453971254686 3
    endloop
  endfacet
  facet normal -0.7409511253549598 -0.6715589548470177 0
    outer loop
      vertex -2.9760902454465374 -2.4424141440300353 17.900000000000006
      vertex -2.9760902454465374 -2.4424141440300353 3
      vertex -2.7223611075682084 -2.7223611075682084 3
    endloop
  endfacet
  facet normal -0.5956993044924335 -0.8032075314806449 0
    outer loop
      vertex -2.4424141440300353 -2.9760902454465374 17.900000000000006
      vertex -2.4424141440300353 -2.9760902454465374 3
      vertex -2.1389453971254686 -3.2011580073647994 3
    endloop
  endfacet
  facet normal -0.514102744193222 -0.8577286100002718 0
    outer loop
      vertex -2.1389453971254686 -3.2011580073647994 17.900000000000006
      vertex -2.1389453971254686 -3.2011580073647994 3
      vertex -1.814877436780091 -3.3953968677411672 3
    endloop
  endfacet
  facet normal -0.42755509343028153 -0.9039892931234436 0
    outer loop
      vertex -1.814877436780091 -3.3953968677411672 17.900000000000006
      vertex -1.814877436780091 -3.3953968677411672 3
      vertex -1.4733312146055957 -3.556936200168454 3
    endloop
  endfacet
  facet normal -0.941544065183021 -0.3368898533922192 0
    outer loop
      vertex -3.556936200168454 -1.4733312146055957 17.900000000000006
      vertex -3.684220292569004 -1.11759600742968 17.900000000000006
      vertex -3.556936200168454 -1.4733312146055957 3
    endloop
  endfacet
  facet normal -0.9700312531945439 -0.2429801799032644 0
    outer loop
      vertex -3.684220292569004 -1.11759600742968 17.900000000000006
      vertex -3.7760233295524372 -0.7510977397620938 17.900000000000006
      vertex -3.684220292569004 -1.11759600742968 3
    endloop
  endfacet
  facet normal -0.9891765099647808 -0.14673047445536286 0
    outer loop
      vertex -3.7760233295524372 -0.7510977397620938 17.900000000000006
      vertex -3.8314611976879585 -0.37736599026880835 17.900000000000006
      vertex -3.7760233295524372 -0.7510977397620938 3
    endloop
  endfacet
  facet normal -0.9987954562051724 -0.04906767432741708 0
    outer loop
      vertex -3.8314611976879585 -0.37736599026880835 17.900000000000006
      vertex -3.85 0 17.900000000000006
      vertex -3.8314611976879585 -0.37736599026880835 3
    endloop
  endfacet
  facet normal 0 0 1
    outer loop
      vertex -3.556936200168454 -1.4733312146055957 17.900000000000006
      vertex -3.684220292569004 1.11759600742968 17.900000000000006
      vertex -3.684220292569004 -1.11759600742968 17.900000000000006
    endloop
  endfacet
  facet normal 0 0 1
    outer loop
      vertex -3.3953968677411672 -1.814877436780091 17.900000000000006
      vertex -3.556936200168454 1.4733312146055957 17.900000000000006
      vertex -3.556936200168454 -1.4733312146055957 17.900000000000006
    endloop
  endfacet
  facet normal 0 0 1
    outer loop
      vertex -3.684220292569004 -1.11759600742968 17.900000000000006
      vertex -3.7760233295524372 0.7510977397620938 17.900000000000006
      vertex -3.7760233295524372 -0.7510977397620938 17.900000000000006
    endloop
  endfacet
  facet normal 0 0 1
    outer loop
      vertex -3.7760233295524372 -0.7510977397620938 17.900000000000006
      vertex -3.8314611976879585 0.37736599026880835 17.900000000000006
      vertex -3.8314611976879585 -0.37736599026880835 17.900000000000006
    endloop
  endfacet
  facet normal -0.42755509343028153 -0.9039892931234436 0
    outer loop
      vertex -1.814877436780091 -3.3953968677411672 17.900000000000006
      vertex -1.4733312146055957 -3.556936200168454 3
      vertex -1.4733312146055957 -3.556936200168454 17.900000000000006
    endloop
  endfacet
  facet normal -0.3368898533922192 -0.941544065183021 0
    outer loop
      vertex -1.4733312146055957 -3.556936200168454 17.900000000000006
      vertex -1.11759600742968 -3.684220292569004 3
      vertex -1.11759600742968 -3.684220292569004 17.900000000000006
    endloop
  endfacet
  facet normal -0.2429801799032644 -0.9700312531945439 0
    outer loop
      vertex -1.11759600742968 -3.684220292569004 17.900000000000006
      vertex -0.7510977397620938 -3.7760233295524372 3
      vertex -0.7510977397620938 -3.7760233295524372 17.900000000000006
    endloop
  endfacet
  facet normal -0.14673047445536286 -0.9891765099647808 0
    outer loop
      vertex -0.7510977397620938 -3.7760233295524372 17.900000000000006
      vertex -0.37736599026880835 -3.8314611976879585 3
      vertex -0.37736599026880835 -3.8314611976879585 17.900000000000006
    endloop
  endfacet
  facet normal -0.04906767432741708 -0.9987954562051724 0
    outer loop
      vertex -0.37736599026880835 -3.8314611976879585 17.900000000000006
      vertex 0 -3.85 3
      vertex 0 -3.85 17.900000000000006
    endloop
  endfacet
  facet normal -0.7409511253549598 -0.6715589548470177 0
    outer loop
      vertex -2.9760902454465374 -2.4424141440300353 17.900000000000006
      vertex -2.7223611075682084 -2.7223611075682084 3
      vertex -2.7223611075682084 -2.7223611075682084 17.900000000000006
    endloop
  endfacet
  facet normal -0.8577286100002718 -0.514102744193222 0
    outer loop
      vertex -3.2011580073647994 -2.1389453971254686 17.900000000000006
      vertex -3.3953968677411672 -1.814877436780091 17.900000000000006
      vertex -3.2011580073647994 -2.1389453971254686 3
    endloop
  endfacet
  facet normal -0.8032075314806449 -0.5956993044924335 0
    outer loop
      vertex -2.9760902454465374 -2.4424141440300353 17.900000000000006
      vertex -3.2011580073647994 -2.1389453971254686 17.900000000000006
      vertex -2.9760902454465374 -2.4424141440300353 3
    endloop
  endfacet
  facet normal -0.5956993044924335 -0.8032075314806449 0
    outer loop
      vertex -2.4424141440300353 -2.9760902454465374 17.900000000000006
      vertex -2.1389453971254686 -3.2011580073647994 3
      vertex -2.1389453971254686 -3.2011580073647994 17.900000000000006
    endloop
  endfacet
  facet normal -0.6715589548470177 -0.7409511253549598 0
    outer loop
      vertex -2.4424141440300353 -2.9760902454465374 17.900000000000006
      vertex -2.7223611075682084 -2.7223611075682084 17.900000000000006
      vertex -2.4424141440300353 -2.9760902454465374 3
    endloop
  endfacet
  facet normal -0.514102744193222 -0.8577286100002718 0
    outer loop
      vertex -2.1389453971254686 -3.2011580073647994 17.900000000000006
      vertex -1.814877436780091 -3.3953968677411672 3
      vertex -1.814877436780091 -3.3953968677411672 17.900000000000006
    endloop
  endfacet
  facet normal -0.9039892931234436 -0.42755509343028153 0
    outer loop
      vertex -3.3953968677411672 -1.814877436780091 17.900000000000006
      vertex -3.556936200168454 -1.4733312146055957 17.900000000000006
      vertex -3.3953968677411672 -1.814877436780091 3
    endloop
  endfacet
  facet normal 0 0 1
    outer loop
      vertex -2.9760902454465374 -2.4424141440300353 17.900000000000006
      vertex -2.7223611075682084 -2.7223611075682084 17.900000000000006
      vertex -2.9760902454465374 2.4424141440300353 17.900000000000006
    endloop
  endfacet
  facet normal 0 0 1
    outer loop
      vertex -2.4424141440300353 -2.9760902454465374 17.900000000000006
      vertex -2.7223611075682084 2.7223611075682084 17.900000000000006
      vertex -2.7223611075682084 -2.7223611075682084 17.900000000000006
    endloop
  endfacet
  facet normal 0 0 1
    outer loop
      vertex -3.2011580073647994 -2.1389453971254686 17.900000000000006
      vertex -3.3953968677411672 1.814877436780091 17.900000000000006
      vertex -3.3953968677411672 -1.814877436780091 17.900000000000006
    endloop
  endfacet
  facet normal 0 0 1
    outer loop
      vertex -2.9760902454465374 -2.4424141440300353 17.900000000000006
      vertex -3.2011580073647994 2.1389453971254686 17.900000000000006
      vertex -3.2011580073647994 -2.1389453971254686 17.900000000000006
    endloop
  endfacet
  facet normal 0 0 1
    outer loop
      vertex -2.4424141440300353 -2.9760902454465374 17.900000000000006
      vertex -2.1389453971254686 -3.2011580073647994 17.900000000000006
      vertex -2.4424141440300353 2.9760902454465374 17.900000000000006
    endloop
  endfacet
  facet normal 0 0 1
    outer loop
      vertex -2.1389453971254686 -3.2011580073647994 17.900000000000006
      vertex -1.814877436780091 -3.3953968677411672 17.900000000000006
      vertex -2.1389453971254686 3.2011580073647994 17.900000000000006
    endloop
  endfacet
  facet normal 0 0 1
    outer loop
      vertex -1.814877436780091 -3.3953968677411672 17.900000000000006
      vertex -1.4733312146055957 -3.556936200168454 17.900000000000006
      vertex -1.814877436780091 3.3953968677411672 17.900000000000006
    endloop
  endfacet
  facet normal 0 0 1
    outer loop
      vertex -1.4733312146055957 -3.556936200168454 17.900000000000006
      vertex -1.11759600742968 -3.684220292569004 17.900000000000006
      vertex -1.4733312146055957 3.556936200168454 17.900000000000006
    endloop
  endfacet
  facet normal 0 0 1
    outer loop
      vertex -1.11759600742968 -3.684220292569004 17.900000000000006
      vertex -0.7510977397620938 -3.7760233295524372 17.900000000000006
      vertex -1.11759600742968 3.684220292569004 17.900000000000006
    endloop
  endfacet
  facet normal 0 0 1
    outer loop
      vertex -0.7510977397620938 -3.7760233295524372 17.900000000000006
      vertex -0.37736599026880835 -3.8314611976879585 17.900000000000006
      vertex -0.7510977397620938 3.7760233295524372 17.900000000000006
    endloop
  endfacet
  facet normal 0 0 1
    outer loop
      vertex -0.37736599026880835 -3.8314611976879585 17.900000000000006
      vertex 0 -3.85 17.900000000000006
      vertex -0.37736599026880835 3.8314611976879585 17.900000000000006
    endloop
  endfacet
  facet normal -0.9987954562051724 0.04906767432741708 0
    outer loop
      vertex -3.8314611976879585 0.37736599026880835 17.900000000000006
      vertex -3.8314611976879585 0.37736599026880835 3
      vertex -3.85 0 3
    endloop
  endfacet
  facet normal -0.9891765099647808 0.14673047445536286 0
    outer loop
      vertex -3.7760233295524372 0.7510977397620938 17.900000000000006
      vertex -3.7760233295524372 0.7510977397620938 3
      vertex -3.8314611976879585 0.37736599026880835 3
    endloop
  endfacet
  facet normal -0.9700312531945439 0.2429801799032644 0
    outer loop
      vertex -3.684220292569004 1.11759600742968 17.900000000000006
      vertex -3.684220292569004 1.11759600742968 3
      vertex -3.7760233295524372 0.7510977397620938 3
    endloop
  endfacet
  facet normal -0.941544065183021 0.3368898533922192 0
    outer loop
      vertex -3.556936200168454 1.4733312146055957 17.900000000000006
      vertex -3.556936200168454 1.4733312146055957 3
      vertex -3.684220292569004 1.11759600742968 3
    endloop
  endfacet
  facet normal -0.9039892931234436 0.42755509343028153 0
    outer loop
      vertex -3.3953968677411672 1.814877436780091 17.900000000000006
      vertex -3.3953968677411672 1.814877436780091 3
      vertex -3.556936200168454 1.4733312146055957 3
    endloop
  endfacet
  facet normal -0.8577286100002718 0.514102744193222 0
    outer loop
      vertex -3.2011580073647994 2.1389453971254686 17.900000000000006
      vertex -3.2011580073647994 2.1389453971254686 3
      vertex -3.3953968677411672 1.814877436780091 3
    endloop
  endfacet
  facet normal -0.8032075314806449 0.5956993044924335 0
    outer loop
      vertex -2.9760902454465374 2.4424141440300353 17.900000000000006
      vertex -2.9760902454465374 2.4424141440300353 3
      vertex -3.2011580073647994 2.1389453971254686 3
    endloop
  endfacet
  facet normal -0.7409511253549598 0.6715589548470177 0
    outer loop
      vertex -2.7223611075682084 2.7223611075682084 17.900000000000006
      vertex -2.7223611075682084 2.7223611075682084 3
      vertex -2.9760902454465374 2.4424141440300353 3
    endloop
  endfacet
  facet normal -0.6715589548470177 0.7409511253549598 0
    outer loop
      vertex -2.4424141440300353 2.9760902454465374 17.900000000000006
      vertex -2.4424141440300353 2.9760902454465374 3
      vertex -2.7223611075682084 2.7223611075682084 3
    endloop
  endfacet
  facet normal -0.5956993044924335 0.8032075314806449 0
    outer loop
      vertex -2.1389453971254686 3.2011580073647994 17.900000000000006
      vertex -2.1389453971254686 3.2011580073647994 3
      vertex -2.4424141440300353 2.9760902454465374 3
    endloop
  endfacet
  facet normal -0.514102744193222 0.8577286100002718 0
    outer loop
      vertex -1.814877436780091 3.3953968677411672 17.900000000000006
      vertex -1.814877436780091 3.3953968677411672 3
      vertex -2.1389453971254686 3.2011580073647994 3
    endloop
  endfacet
  facet normal -0.42755509343028153 0.9039892931234436 0
    outer loop
      vertex -1.4733312146055957 3.556936200168454 17.900000000000006
      vertex -1.4733312146055957 3.556936200168454 3
      vertex -1.814877436780091 3.3953968677411672 3
    endloop
  endfacet
  facet normal -0.3368898533922192 0.941544065183021 0
    outer loop
      vertex -1.11759600742968 3.684220292569004 17.900000000000006
      vertex -1.11759600742968 3.684220292569004 3
      vertex -1.4733312146055957 3.556936200168454 3
    endloop
  endfacet
  facet normal -0.2429801799032644 0.9700312531945439 0
    outer loop
      vertex -0.7510977397620938 3.7760233295524372 17.900000000000006
      vertex -0.7510977397620938 3.7760233295524372 3
      vertex -1.11759600742968 3.684220292569004 3
    endloop
  endfacet
  facet normal -0.14673047445536286 0.9891765099647808 0
    outer loop
      vertex -0.37736599026880835 3.8314611976879585 17.900000000000006
      vertex -0.37736599026880835 3.8314611976879585 3
      vertex -0.7510977397620938 3.7760233295524372 3
    endloop
  endfacet
  facet normal -0.04906767432741708 0.9987954562051724 0
    outer loop
      vertex 0 3.85 17.900000000000006
      vertex 0 3.85 3
      vertex -0.37736599026880835 3.8314611976879585 3
    endloop
  endfacet
  facet normal -0.9987954562051724 0.04906767432741708 0
    outer loop
      vertex -3.85 0 17.900000000000006
      vertex -3.8314611976879585 0.37736599026880835 17.900000000000006
      vertex -3.85 0 3
    endloop
  endfacet
  facet normal -0.9891765099647808 0.14673047445536286 0
    outer loop
      vertex -3.8314611976879585 0.37736599026880835 17.900000000000006
      vertex -3.7760233295524372 0.7510977397620938 17.900000000000006
      vertex -3.8314611976879585 0.37736599026880835 3
    endloop
  endfacet
  facet normal -0.9700312531945439 0.2429801799032644 0
    outer loop
      vertex -3.7760233295524372 0.7510977397620938 17.900000000000006
      vertex -3.684220292569004 1.11759600742968 17.900000000000006
      vertex -3.7760233295524372 0.7510977397620938 3
    endloop
  endfacet
  facet normal -0.941544065183021 0.3368898533922192 0
    outer loop
      vertex -3.684220292569004 1.11759600742968 17.900000000000006
      vertex -3.556936200168454 1.4733312146055957 17.900000000000006
      vertex -3.684220292569004 1.11759600742968 3
    endloop
  endfacet
  facet normal -0.9039892931234436 0.42755509343028153 0
    outer loop
      vertex -3.556936200168454 1.4733312146055957 17.900000000000006
      vertex -3.3953968677411672 1.814877436780091 17.900000000000006
      vertex -3.556936200168454 1.4733312146055957 3
    endloop
  endfacet
  facet normal 0 0 1
    outer loop
      vertex -3.8314611976879585 -0.37736599026880835 17.900000000000006
      vertex -3.8314611976879585 0.37736599026880835 17.900000000000006
      vertex -3.85 0 17.900000000000006
    endloop
  endfacet
  facet normal 0 0 1
    outer loop
      vertex -3.7760233295524372 -0.7510977397620938 17.900000000000006
      vertex -3.7760233295524372 0.7510977397620938 17.900000000000006
      vertex -3.8314611976879585 0.37736599026880835 17.900000000000006
    endloop
  endfacet
  facet normal 0 0 1
    outer loop
      vertex -3.684220292569004 -1.11759600742968 17.900000000000006
      vertex -3.684220292569004 1.11759600742968 17.900000000000006
      vertex -3.7760233295524372 0.7510977397620938 17.900000000000006
    endloop
  endfacet
  facet normal 0 0 1
    outer loop
      vertex -3.556936200168454 -1.4733312146055957 17.900000000000006
      vertex -3.556936200168454 1.4733312146055957 17.900000000000006
      vertex -3.684220292569004 1.11759600742968 17.900000000000006
    endloop
  endfacet
  facet normal -0.8577286100002718 0.514102744193222 0
    outer loop
      vertex -3.3953968677411672 1.814877436780091 17.900000000000006
      vertex -3.2011580073647994 2.1389453971254686 17.900000000000006
      vertex -3.3953968677411672 1.814877436780091 3
    endloop
  endfacet
  facet normal -0.8032075314806449 0.5956993044924335 0
    outer loop
      vertex -3.2011580073647994 2.1389453971254686 17.900000000000006
      vertex -2.9760902454465374 2.4424141440300353 17.900000000000006
      vertex -3.2011580073647994 2.1389453971254686 3
    endloop
  endfacet
  facet normal -0.7409511253549598 0.6715589548470177 0
    outer loop
      vertex -2.9760902454465374 2.4424141440300353 17.900000000000006
      vertex -2.7223611075682084 2.7223611075682084 17.900000000000006
      vertex -2.9760902454465374 2.4424141440300353 3
    endloop
  endfacet
  facet normal -0.6715589548470177 0.7409511253549598 0
    outer loop
      vertex -2.7223611075682084 2.7223611075682084 17.900000000000006
      vertex -2.4424141440300353 2.9760902454465374 17.900000000000006
      vertex -2.7223611075682084 2.7223611075682084 3
    endloop
  endfacet
  facet normal -0.5956993044924335 0.8032075314806449 0
    outer loop
      vertex -2.4424141440300353 2.9760902454465374 17.900000000000006
      vertex -2.1389453971254686 3.2011580073647994 17.900000000000006
      vertex -2.4424141440300353 2.9760902454465374 3
    endloop
  endfacet
  facet normal -0.514102744193222 0.8577286100002718 0
    outer loop
      vertex -2.1389453971254686 3.2011580073647994 17.900000000000006
      vertex -1.814877436780091 3.3953968677411672 17.900000000000006
      vertex -2.1389453971254686 3.2011580073647994 3
    endloop
  endfacet
  facet normal -0.42755509343028153 0.9039892931234436 0
    outer loop
      vertex -1.814877436780091 3.3953968677411672 17.900000000000006
      vertex -1.4733312146055957 3.556936200168454 17.900000000000006
      vertex -1.814877436780091 3.3953968677411672 3
    endloop
  endfacet
  facet normal 0 0 1
    outer loop
      vertex -3.3953968677411672 -1.814877436780091 17.900000000000006
      vertex -3.3953968677411672 1.814877436780091 17.900000000000006
      vertex -3.556936200168454 1.4733312146055957 17.900000000000006
    endloop
  endfacet
  facet normal 0 0 1
    outer loop
      vertex -3.2011580073647994 -2.1389453971254686 17.900000000000006
      vertex -3.2011580073647994 2.1389453971254686 17.900000000000006
      vertex -3.3953968677411672 1.814877436780091 17.900000000000006
    endloop
  endfacet
  facet normal 0 0 1
    outer loop
      vertex -2.9760902454465374 -2.4424141440300353 17.900000000000006
      vertex -2.9760902454465374 2.4424141440300353 17.900000000000006
      vertex -3.2011580073647994 2.1389453971254686 17.900000000000006
    endloop
  endfacet
  facet normal 0 0 1
    outer loop
      vertex -2.7223611075682084 -2.7223611075682084 17.900000000000006
      vertex -2.7223611075682084 2.7223611075682084 17.900000000000006
      vertex -2.9760902454465374 2.4424141440300353 17.900000000000006
    endloop
  endfacet
  facet normal 0 0 1
    outer loop
      vertex -2.4424141440300353 -2.9760902454465374 17.900000000000006
      vertex -2.4424141440300353 2.9760902454465374 17.900000000000006
      vertex -2.7223611075682084 2.7223611075682084 17.900000000000006
    endloop
  endfacet
  facet normal 0 0 1
    outer loop
      vertex -2.1389453971254686 -3.2011580073647994 17.900000000000006
      vertex -2.1389453971254686 3.2011580073647994 17.900000000000006
      vertex -2.4424141440300353 2.9760902454465374 17.900000000000006
    endloop
  endfacet
  facet normal 0 0 1
    outer loop
      vertex -1.814877436780091 -3.3953968677411672 17.900000000000006
      vertex -1.814877436780091 3.3953968677411672 17.900000000000006
      vertex -2.1389453971254686 3.2011580073647994 17.900000000000006
    endloop
  endfacet
  facet normal 0 0 1
    outer loop
      vertex -1.4733312146055957 -3.556936200168454 17.900000000000006
      vertex -1.4733312146055957 3.556936200168454 17.900000000000006
      vertex -1.814877436780091 3.3953968677411672 17.900000000000006
    endloop
  endfacet
  facet normal 0 0 1
    outer loop
      vertex -1.11759600742968 -3.684220292569004 17.900000000000006
      vertex -1.11759600742968 3.684220292569004 17.900000000000006
      vertex -1.4733312146055957 3.556936200168454 17.900000000000006
    endloop
  endfacet
  facet normal 0 0 1
    outer loop
      vertex -0.7510977397620938 -3.7760233295524372 17.900000000000006
      vertex -0.7510977397620938 3.7760233295524372 17.900000000000006
      vertex -1.11759600742968 3.684220292569004 17.900000000000006
    endloop
  endfacet
  facet normal 0 0 1
    outer loop
      vertex -0.37736599026880835 -3.8314611976879585 17.900000000000006
      vertex -0.37736599026880835 3.8314611976879585 17.900000000000006
      vertex -0.7510977397620938 3.7760233295524372 17.900000000000006
    endloop
  endfacet
  facet normal 0 0 1
    outer loop
      vertex -0.37736599026880835 3.8314611976879585 17.900000000000006
      vertex 0 -3.85 17.900000000000006
      vertex 0 3.85 17.900000000000006
    endloop
  endfacet
  facet normal -0.3368898533922192 0.941544065183021 0
    outer loop
      vertex -1.4733312146055957 3.556936200168454 17.900000000000006
      vertex -1.11759600742968 3.684220292569004 17.900000000000006
      vertex -1.4733312146055957 3.556936200168454 3
    endloop
  endfacet
  facet normal -0.2429801799032644 0.9700312531945439 0
    outer loop
      vertex -1.11759600742968 3.684220292569004 17.900000000000006
      vertex -0.7510977397620938 3.7760233295524372 17.900000000000006
      vertex -1.11759600742968 3.684220292569004 3
    endloop
  endfacet
  facet normal -0.14673047445536286 0.9891765099647808 0
    outer loop
      vertex -0.7510977397620938 3.7760233295524372 17.900000000000006
      vertex -0.37736599026880835 3.8314611976879585 17.900000000000006
      vertex -0.7510977397620938 3.7760233295524372 3
    endloop
  endfacet
  facet normal -0.04906767432741708 0.9987954562051724 0
    outer loop
      vertex -0.37736599026880835 3.8314611976879585 17.900000000000006
      vertex 0 3.85 17.900000000000006
      vertex -0.37736599026880835 3.8314611976879585 3
    endloop
  endfacet
  facet normal 0.04906767432741708 -0.9987954562051724 0
    outer loop
      vertex 0 -3.85 17.900000000000006
      vertex 0 -3.85 3
      vertex 0.37736599026880835 -3.8314611976879585 3
    endloop
  endfacet
  facet normal 0.14673047445536286 -0.9891765099647808 0
    outer loop
      vertex 0.37736599026880835 -3.8314611976879585 17.900000000000006
      vertex 0.37736599026880835 -3.8314611976879585 3
      vertex 0.7510977397620938 -3.7760233295524372 3
    endloop
  endfacet
  facet normal 0.2429801799032644 -0.9700312531945439 0
    outer loop
      vertex 0.7510977397620938 -3.7760233295524372 17.900000000000006
      vertex 0.7510977397620938 -3.7760233295524372 3
      vertex 1.11759600742968 -3.684220292569004 3
    endloop
  endfacet
  facet normal 0.3368898533922192 -0.941544065183021 0
    outer loop
      vertex 1.11759600742968 -3.684220292569004 17.900000000000006
      vertex 1.11759600742968 -3.684220292569004 3
      vertex 1.4733312146055957 -3.556936200168454 3
    endloop
  endfacet
  facet normal 0.42755509343028153 -0.9039892931234436 0
    outer loop
      vertex 1.4733312146055957 -3.556936200168454 17.900000000000006
      vertex 1.4733312146055957 -3.556936200168454 3
      vertex 1.814877436780091 -3.3953968677411672 3
    endloop
  endfacet
  facet normal 0.514102744193222 -0.8577286100002718 0
    outer loop
      vertex 1.814877436780091 -3.3953968677411672 17.900000000000006
      vertex 1.814877436780091 -3.3953968677411672 3
      vertex 2.1389453971254686 -3.2011580073647994 3
    endloop
  endfacet
  facet normal 0.5956993044924335 -0.8032075314806449 0
    outer loop
      vertex 2.1389453971254686 -3.2011580073647994 17.900000000000006
      vertex 2.1389453971254686 -3.2011580073647994 3
      vertex 2.4424141440300353 -2.9760902454465374 3
    endloop
  endfacet
  facet normal 0.6715589548470177 -0.7409511253549598 0
    outer loop
      vertex 2.4424141440300353 -2.9760902454465374 17.900000000000006
      vertex 2.4424141440300353 -2.9760902454465374 3
      vertex 2.7223611075682084 -2.7223611075682084 3
    endloop
  endfacet
  facet normal 0.7409511253549598 -0.6715589548470177 0
    outer loop
      vertex 2.7223611075682084 -2.7223611075682084 17.900000000000006
      vertex 2.7223611075682084 -2.7223611075682084 3
      vertex 2.9760902454465374 -2.4424141440300353 3
    endloop
  endfacet
  facet normal 0.8032075314806449 -0.5956993044924335 0
    outer loop
      vertex 2.9760902454465374 -2.4424141440300353 17.900000000000006
      vertex 2.9760902454465374 -2.4424141440300353 3
      vertex 3.2011580073647994 -2.1389453971254686 3
    endloop
  endfacet
  facet normal 0.8577286100002718 -0.514102744193222 0
    outer loop
      vertex 3.2011580073647994 -2.1389453971254686 17.900000000000006
      vertex 3.2011580073647994 -2.1389453971254686 3
      vertex 3.3953968677411672 -1.814877436780091 3
    endloop
  endfacet
  facet normal 0.9039892931234436 -0.42755509343028153 0
    outer loop
      vertex 3.3953968677411672 -1.814877436780091 17.900000000000006
      vertex 3.3953968677411672 -1.814877436780091 3
      vertex 3.556936200168454 -1.4733312146055957 3
    endloop
  endfacet
  facet normal 0.941544065183021 -0.3368898533922192 0
    outer loop
      vertex 3.556936200168454 -1.4733312146055957 17.900000000000006
      vertex 3.556936200168454 -1.4733312146055957 3
      vertex 3.684220292569004 -1.11759600742968 3
    endloop
  endfacet
  facet normal 0.9700312531945439 -0.2429801799032644 0
    outer loop
      vertex 3.684220292569004 -1.11759600742968 17.900000000000006
      vertex 3.684220292569004 -1.11759600742968 3
      vertex 3.7760233295524372 -0.7510977397620938 3
    endloop
  endfacet
  facet normal 0.9891765099647808 -0.14673047445536286 0
    outer loop
      vertex 3.7760233295524372 -0.7510977397620938 17.900000000000006
      vertex 3.7760233295524372 -0.7510977397620938 3
      vertex 3.8314611976879585 -0.37736599026880835 3
    endloop
  endfacet
  facet normal 0.9987954562051724 -0.04906767432741708 0
    outer loop
      vertex 3.8314611976879585 -0.37736599026880835 17.900000000000006
      vertex 3.8314611976879585 -0.37736599026880835 3
      vertex 3.85 0 3
    endloop
  endfacet
  facet normal 0.04906767432741708 -0.9987954562051724 0
    outer loop
      vertex 0 -3.85 17.900000000000006
      vertex 0.37736599026880835 -3.8314611976879585 3
      vertex 0.37736599026880835 -3.8314611976879585 17.900000000000006
    endloop
  endfacet
  facet normal 0.14673047445536286 -0.9891765099647808 0
    outer loop
      vertex 0.37736599026880835 -3.8314611976879585 17.900000000000006
      vertex 0.7510977397620938 -3.7760233295524372 3
      vertex 0.7510977397620938 -3.7760233295524372 17.900000000000006
    endloop
  endfacet
  facet normal 0.2429801799032644 -0.9700312531945439 0
    outer loop
      vertex 0.7510977397620938 -3.7760233295524372 17.900000000000006
      vertex 1.11759600742968 -3.684220292569004 3
      vertex 1.11759600742968 -3.684220292569004 17.900000000000006
    endloop
  endfacet
  facet normal 0.3368898533922192 -0.941544065183021 0
    outer loop
      vertex 1.11759600742968 -3.684220292569004 17.900000000000006
      vertex 1.4733312146055957 -3.556936200168454 3
      vertex 1.4733312146055957 -3.556936200168454 17.900000000000006
    endloop
  endfacet
  facet normal 0.42755509343028153 -0.9039892931234436 0
    outer loop
      vertex 1.4733312146055957 -3.556936200168454 17.900000000000006
      vertex 1.814877436780091 -3.3953968677411672 3
      vertex 1.814877436780091 -3.3953968677411672 17.900000000000006
    endloop
  endfacet
  facet normal 0.514102744193222 -0.8577286100002718 0
    outer loop
      vertex 1.814877436780091 -3.3953968677411672 17.900000000000006
      vertex 2.1389453971254686 -3.2011580073647994 3
      vertex 2.1389453971254686 -3.2011580073647994 17.900000000000006
    endloop
  endfacet
  facet normal 0.5956993044924335 -0.8032075314806449 0
    outer loop
      vertex 2.1389453971254686 -3.2011580073647994 17.900000000000006
      vertex 2.4424141440300353 -2.9760902454465374 3
      vertex 2.4424141440300353 -2.9760902454465374 17.900000000000006
    endloop
  endfacet
  facet normal 0.6715589548470177 -0.7409511253549598 0
    outer loop
      vertex 2.4424141440300353 -2.9760902454465374 17.900000000000006
      vertex 2.7223611075682084 -2.7223611075682084 3
      vertex 2.7223611075682084 -2.7223611075682084 17.900000000000006
    endloop
  endfacet
  facet normal 0.7409511253549598 -0.6715589548470177 0
    outer loop
      vertex 2.7223611075682084 -2.7223611075682084 17.900000000000006
      vertex 2.9760902454465374 -2.4424141440300353 3
      vertex 2.9760902454465374 -2.4424141440300353 17.900000000000006
    endloop
  endfacet
  facet normal 0.8032075314806449 -0.5956993044924335 0
    outer loop
      vertex 2.9760902454465374 -2.4424141440300353 17.900000000000006
      vertex 3.2011580073647994 -2.1389453971254686 3
      vertex 3.2011580073647994 -2.1389453971254686 17.900000000000006
    endloop
  endfacet
  facet normal 0.8577286100002718 -0.514102744193222 0
    outer loop
      vertex 3.2011580073647994 -2.1389453971254686 17.900000000000006
      vertex 3.3953968677411672 -1.814877436780091 3
      vertex 3.3953968677411672 -1.814877436780091 17.900000000000006
    endloop
  endfacet
  facet normal 0 0 1
    outer loop
      vertex 0 -3.85 17.900000000000006
      vertex 0.37736599026880835 -3.8314611976879585 17.900000000000006
      vertex 0 3.85 17.900000000000006
    endloop
  endfacet
  facet normal 0 0 1
    outer loop
      vertex 0.37736599026880835 -3.8314611976879585 17.900000000000006
      vertex 0.7510977397620938 -3.7760233295524372 17.900000000000006
      vertex 0.37736599026880835 3.8314611976879585 17.900000000000006
    endloop
  endfacet
  facet normal 0 0 1
    outer loop
      vertex 0.7510977397620938 -3.7760233295524372 17.900000000000006
      vertex 1.11759600742968 -3.684220292569004 17.900000000000006
      vertex 0.7510977397620938 3.7760233295524372 17.900000000000006
    endloop
  endfacet
  facet normal 0 0 1
    outer loop
      vertex 1.11759600742968 -3.684220292569004 17.900000000000006
      vertex 1.4733312146055957 -3.556936200168454 17.900000000000006
      vertex 1.11759600742968 3.684220292569004 17.900000000000006
    endloop
  endfacet
  facet normal 0 0 1
    outer loop
      vertex 1.4733312146055957 -3.556936200168454 17.900000000000006
      vertex 1.814877436780091 -3.3953968677411672 17.900000000000006
      vertex 1.4733312146055957 3.556936200168454 17.900000000000006
    endloop
  endfacet
  facet normal 0 0 1
    outer loop
      vertex 1.814877436780091 -3.3953968677411672 17.900000000000006
      vertex 2.1389453971254686 -3.2011580073647994 17.900000000000006
      vertex 1.814877436780091 3.3953968677411672 17.900000000000006
    endloop
  endfacet
  facet normal 0 0 1
    outer loop
      vertex 2.1389453971254686 -3.2011580073647994 17.900000000000006
      vertex 2.4424141440300353 -2.9760902454465374 17.900000000000006
      vertex 2.1389453971254686 3.2011580073647994 17.900000000000006
    endloop
  endfacet
  facet normal 0 0 1
    outer loop
      vertex 2.4424141440300353 -2.9760902454465374 17.900000000000006
      vertex 2.7223611075682084 -2.7223611075682084 17.900000000000006
      vertex 2.4424141440300353 2.9760902454465374 17.900000000000006
    endloop
  endfacet
  facet normal 0 0 1
    outer loop
      vertex 2.7223611075682084 -2.7223611075682084 17.900000000000006
      vertex 2.9760902454465374 -2.4424141440300353 17.900000000000006
      vertex 2.7223611075682084 2.7223611075682084 17.900000000000006
    endloop
  endfacet
  facet normal 0 0 1
    outer loop
      vertex 2.9760902454465374 -2.4424141440300353 17.900000000000006
      vertex 3.2011580073647994 -2.1389453971254686 17.900000000000006
      vertex 2.9760902454465374 2.4424141440300353 17.900000000000006
    endloop
  endfacet
  facet normal 0 0 1
    outer loop
      vertex 3.2011580073647994 -2.1389453971254686 17.900000000000006
      vertex 3.3953968677411672 -1.814877436780091 17.900000000000006
      vertex 3.2011580073647994 2.1389453971254686 17.900000000000006
    endloop
  endfacet
  facet normal 0 0 1
    outer loop
      vertex 3.3953968677411672 -1.814877436780091 17.900000000000006
      vertex 3.556936200168454 -1.4733312146055957 17.900000000000006
      vertex 3.3953968677411672 1.814877436780091 17.900000000000006
    endloop
  endfacet
  facet normal 0.9039892931234436 -0.42755509343028153 0
    outer loop
      vertex 3.3953968677411672 -1.814877436780091 17.900000000000006
      vertex 3.556936200168454 -1.4733312146055957 3
      vertex 3.556936200168454 -1.4733312146055957 17.900000000000006
    endloop
  endfacet
  facet normal 0.941544065183021 -0.3368898533922192 0
    outer loop
      vertex 3.556936200168454 -1.4733312146055957 17.900000000000006
      vertex 3.684220292569004 -1.11759600742968 3
      vertex 3.684220292569004 -1.11759600742968 17.900000000000006
    endloop
  endfacet
  facet normal 0.9700312531945439 -0.2429801799032644 0
    outer loop
      vertex 3.684220292569004 -1.11759600742968 17.900000000000006
      vertex 3.7760233295524372 -0.7510977397620938 3
      vertex 3.7760233295524372 -0.7510977397620938 17.900000000000006
    endloop
  endfacet
  facet normal 0.9891765099647808 -0.14673047445536286 0
    outer loop
      vertex 3.7760233295524372 -0.7510977397620938 17.900000000000006
      vertex 3.8314611976879585 -0.37736599026880835 3
      vertex 3.8314611976879585 -0.37736599026880835 17.900000000000006
    endloop
  endfacet
  facet normal 0.9987954562051724 -0.04906767432741708 0
    outer loop
      vertex 3.8314611976879585 -0.37736599026880835 17.900000000000006
      vertex 3.85 0 3
      vertex 3.85 0 17.900000000000006
    endloop
  endfacet
  facet normal 0 0 1
    outer loop
      vertex 3.556936200168454 -1.4733312146055957 17.900000000000006
      vertex 3.684220292569004 -1.11759600742968 17.900000000000006
      vertex 3.556936200168454 1.4733312146055957 17.900000000000006
    endloop
  endfacet
  facet normal 0 0 1
    outer loop
      vertex 3.684220292569004 -1.11759600742968 17.900000000000006
      vertex 3.7760233295524372 -0.7510977397620938 17.900000000000006
      vertex 3.684220292569004 1.11759600742968 17.900000000000006
    endloop
  endfacet
  facet normal 0 0 1
    outer loop
      vertex 3.7760233295524372 -0.7510977397620938 17.900000000000006
      vertex 3.8314611976879585 -0.37736599026880835 17.900000000000006
      vertex 3.7760233295524372 0.7510977397620938 17.900000000000006
    endloop
  endfacet
  facet normal 0.42755509343028153 0.9039892931234436 0
    outer loop
      vertex 1.814877436780091 3.3953968677411672 17.900000000000006
      vertex 1.814877436780091 3.3953968677411672 3
      vertex 1.4733312146055957 3.556936200168454 3
    endloop
  endfacet
  facet normal 0.514102744193222 0.8577286100002718 0
    outer loop
      vertex 2.1389453971254686 3.2011580073647994 17.900000000000006
      vertex 2.1389453971254686 3.2011580073647994 3
      vertex 1.814877436780091 3.3953968677411672 3
    endloop
  endfacet
  facet normal 0.5956993044924335 0.8032075314806449 0
    outer loop
      vertex 2.4424141440300353 2.9760902454465374 17.900000000000006
      vertex 2.4424141440300353 2.9760902454465374 3
      vertex 2.1389453971254686 3.2011580073647994 3
    endloop
  endfacet
  facet normal 0.7409511253549598 0.6715589548470177 0
    outer loop
      vertex 2.9760902454465374 2.4424141440300353 17.900000000000006
      vertex 2.9760902454465374 2.4424141440300353 3
      vertex 2.7223611075682084 2.7223611075682084 3
    endloop
  endfacet
  facet normal 0.8577286100002718 0.514102744193222 0
    outer loop
      vertex 3.3953968677411672 1.814877436780091 17.900000000000006
      vertex 3.3953968677411672 1.814877436780091 3
      vertex 3.2011580073647994 2.1389453971254686 3
    endloop
  endfacet
  facet normal 0.8032075314806449 0.5956993044924335 0
    outer loop
      vertex 3.2011580073647994 2.1389453971254686 17.900000000000006
      vertex 3.2011580073647994 2.1389453971254686 3
      vertex 2.9760902454465374 2.4424141440300353 3
    endloop
  endfacet
  facet normal 0.6715589548470177 0.7409511253549598 0
    outer loop
      vertex 2.7223611075682084 2.7223611075682084 17.900000000000006
      vertex 2.7223611075682084 2.7223611075682084 3
      vertex 2.4424141440300353 2.9760902454465374 3
    endloop
  endfacet
  facet normal 0.04906767432741708 0.9987954562051724 0
    outer loop
      vertex 0.37736599026880835 3.8314611976879585 17.900000000000006
      vertex 0.37736599026880835 3.8314611976879585 3
      vertex 0 3.85 3
    endloop
  endfacet
  facet normal 0.14673047445536286 0.9891765099647808 0
    outer loop
      vertex 0.7510977397620938 3.7760233295524372 17.900000000000006
      vertex 0.7510977397620938 3.7760233295524372 3
      vertex 0.37736599026880835 3.8314611976879585 3
    endloop
  endfacet
  facet normal 0.2429801799032644 0.9700312531945439 0
    outer loop
      vertex 1.11759600742968 3.684220292569004 17.900000000000006
      vertex 1.11759600742968 3.684220292569004 3
      vertex 0.7510977397620938 3.7760233295524372 3
    endloop
  endfacet
  facet normal 0.3368898533922192 0.941544065183021 0
    outer loop
      vertex 1.4733312146055957 3.556936200168454 17.900000000000006
      vertex 1.4733312146055957 3.556936200168454 3
      vertex 1.11759600742968 3.684220292569004 3
    endloop
  endfacet
  facet normal 0.9987954562051724 0.04906767432741708 0
    outer loop
      vertex 3.85 0 17.900000000000006
      vertex 3.85 0 3
      vertex 3.8314611976879585 0.37736599026880835 3
    endloop
  endfacet
  facet normal 0.9891765099647808 0.14673047445536286 0
    outer loop
      vertex 3.8314611976879585 0.37736599026880835 17.900000000000006
      vertex 3.8314611976879585 0.37736599026880835 3
      vertex 3.7760233295524372 0.7510977397620938 3
    endloop
  endfacet
  facet normal 0.9700312531945439 0.2429801799032644 0
    outer loop
      vertex 3.7760233295524372 0.7510977397620938 17.900000000000006
      vertex 3.7760233295524372 0.7510977397620938 3
      vertex 3.684220292569004 1.11759600742968 3
    endloop
  endfacet
  facet normal 0.941544065183021 0.3368898533922192 0
    outer loop
      vertex 3.684220292569004 1.11759600742968 17.900000000000006
      vertex 3.684220292569004 1.11759600742968 3
      vertex 3.556936200168454 1.4733312146055957 3
    endloop
  endfacet
  facet normal 0.9039892931234436 0.42755509343028153 0
    outer loop
      vertex 3.556936200168454 1.4733312146055957 17.900000000000006
      vertex 3.556936200168454 1.4733312146055957 3
      vertex 3.3953968677411672 1.814877436780091 3
    endloop
  endfacet
  facet normal 0.9039892931234436 0.42755509343028153 0
    outer loop
      vertex 3.556936200168454 1.4733312146055957 17.900000000000006
      vertex 3.3953968677411672 1.814877436780091 3
      vertex 3.3953968677411672 1.814877436780091 17.900000000000006
    endloop
  endfacet
  facet normal 0.514102744193222 0.8577286100002718 0
    outer loop
      vertex 1.814877436780091 3.3953968677411672 17.900000000000006
      vertex 2.1389453971254686 3.2011580073647994 17.900000000000006
      vertex 1.814877436780091 3.3953968677411672 3
    endloop
  endfacet
  facet normal 0.6715589548470177 0.7409511253549598 0
    outer loop
      vertex 2.7223611075682084 2.7223611075682084 17.900000000000006
      vertex 2.4424141440300353 2.9760902454465374 3
      vertex 2.4424141440300353 2.9760902454465374 17.900000000000006
    endloop
  endfacet
  facet normal 0.5956993044924335 0.8032075314806449 0
    outer loop
      vertex 2.1389453971254686 3.2011580073647994 17.900000000000006
      vertex 2.4424141440300353 2.9760902454465374 17.900000000000006
      vertex 2.1389453971254686 3.2011580073647994 3
    endloop
  endfacet
  facet normal 0.8032075314806449 0.5956993044924335 0
    outer loop
      vertex 3.2011580073647994 2.1389453971254686 17.900000000000006
      vertex 2.9760902454465374 2.4424141440300353 3
      vertex 2.9760902454465374 2.4424141440300353 17.900000000000006
    endloop
  endfacet
  facet normal 0.8577286100002718 0.514102744193222 0
    outer loop
      vertex 3.3953968677411672 1.814877436780091 17.900000000000006
      vertex 3.2011580073647994 2.1389453971254686 3
      vertex 3.2011580073647994 2.1389453971254686 17.900000000000006
    endloop
  endfacet
  facet normal 0.7409511253549598 0.6715589548470177 0
    outer loop
      vertex 2.7223611075682084 2.7223611075682084 17.900000000000006
      vertex 2.9760902454465374 2.4424141440300353 17.900000000000006
      vertex 2.7223611075682084 2.7223611075682084 3
    endloop
  endfacet
  facet normal 0 0 1
    outer loop
      vertex 0.37736599026880835 -3.8314611976879585 17.900000000000006
      vertex 0.37736599026880835 3.8314611976879585 17.900000000000006
      vertex 0 3.85 17.900000000000006
    endloop
  endfacet
  facet normal 0 0 1
    outer loop
      vertex 0.7510977397620938 -3.7760233295524372 17.900000000000006
      vertex 0.7510977397620938 3.7760233295524372 17.900000000000006
      vertex 0.37736599026880835 3.8314611976879585 17.900000000000006
    endloop
  endfacet
  facet normal 0 0 1
    outer loop
      vertex 1.11759600742968 -3.684220292569004 17.900000000000006
      vertex 1.11759600742968 3.684220292569004 17.900000000000006
      vertex 0.7510977397620938 3.7760233295524372 17.900000000000006
    endloop
  endfacet
  facet normal 0 0 1
    outer loop
      vertex 1.4733312146055957 -3.556936200168454 17.900000000000006
      vertex 1.4733312146055957 3.556936200168454 17.900000000000006
      vertex 1.11759600742968 3.684220292569004 17.900000000000006
    endloop
  endfacet
  facet normal 0 0 1
    outer loop
      vertex 1.814877436780091 -3.3953968677411672 17.900000000000006
      vertex 1.814877436780091 3.3953968677411672 17.900000000000006
      vertex 1.4733312146055957 3.556936200168454 17.900000000000006
    endloop
  endfacet
  facet normal 0 0 1
    outer loop
      vertex 2.1389453971254686 -3.2011580073647994 17.900000000000006
      vertex 2.1389453971254686 3.2011580073647994 17.900000000000006
      vertex 1.814877436780091 3.3953968677411672 17.900000000000006
    endloop
  endfacet
  facet normal 0 0 1
    outer loop
      vertex 2.4424141440300353 -2.9760902454465374 17.900000000000006
      vertex 2.4424141440300353 2.9760902454465374 17.900000000000006
      vertex 2.1389453971254686 3.2011580073647994 17.900000000000006
    endloop
  endfacet
  facet normal 0 0 1
    outer loop
      vertex 3.2011580073647994 -2.1389453971254686 17.900000000000006
      vertex 3.2011580073647994 2.1389453971254686 17.900000000000006
      vertex 2.9760902454465374 2.4424141440300353 17.900000000000006
    endloop
  endfacet
  facet normal 0 0 1
    outer loop
      vertex 3.3953968677411672 -1.814877436780091 17.900000000000006
      vertex 3.3953968677411672 1.814877436780091 17.900000000000006
      vertex 3.2011580073647994 2.1389453971254686 17.900000000000006
    endloop
  endfacet
  facet normal 0 0 1
    outer loop
      vertex 2.7223611075682084 -2.7223611075682084 17.900000000000006
      vertex 2.7223611075682084 2.7223611075682084 17.900000000000006
      vertex 2.4424141440300353 2.9760902454465374 17.900000000000006
    endloop
  endfacet
  facet normal 0 0 1
    outer loop
      vertex 2.9760902454465374 -2.4424141440300353 17.900000000000006
      vertex 2.9760902454465374 2.4424141440300353 17.900000000000006
      vertex 2.7223611075682084 2.7223611075682084 17.900000000000006
    endloop
  endfacet
  facet normal 0.04906767432741708 0.9987954562051724 0
    outer loop
      vertex 0 3.85 17.900000000000006
      vertex 0.37736599026880835 3.8314611976879585 17.900000000000006
      vertex 0 3.85 3
    endloop
  endfacet
  facet normal 0.14673047445536286 0.9891765099647808 0
    outer loop
      vertex 0.37736599026880835 3.8314611976879585 17.900000000000006
      vertex 0.7510977397620938 3.7760233295524372 17.900000000000006
      vertex 0.37736599026880835 3.8314611976879585 3
    endloop
  endfacet
  facet normal 0.2429801799032644 0.9700312531945439 0
    outer loop
      vertex 0.7510977397620938 3.7760233295524372 17.900000000000006
      vertex 1.11759600742968 3.684220292569004 17.900000000000006
      vertex 0.7510977397620938 3.7760233295524372 3
    endloop
  endfacet
  facet normal 0.3368898533922192 0.941544065183021 0
    outer loop
      vertex 1.11759600742968 3.684220292569004 17.900000000000006
      vertex 1.4733312146055957 3.556936200168454 17.900000000000006
      vertex 1.11759600742968 3.684220292569004 3
    endloop
  endfacet
  facet normal 0.42755509343028153 0.9039892931234436 0
    outer loop
      vertex 1.4733312146055957 3.556936200168454 17.900000000000006
      vertex 1.814877436780091 3.3953968677411672 17.900000000000006
      vertex 1.4733312146055957 3.556936200168454 3
    endloop
  endfacet
  facet normal 0.9987954562051724 0.04906767432741708 0
    outer loop
      vertex 3.85 0 17.900000000000006
      vertex 3.8314611976879585 0.37736599026880835 3
      vertex 3.8314611976879585 0.37736599026880835 17.900000000000006
    endloop
  endfacet
  facet normal 0.9891765099647808 0.14673047445536286 0
    outer loop
      vertex 3.8314611976879585 0.37736599026880835 17.900000000000006
      vertex 3.7760233295524372 0.7510977397620938 3
      vertex 3.7760233295524372 0.7510977397620938 17.900000000000006
    endloop
  endfacet
  facet normal 0.9700312531945439 0.2429801799032644 0
    outer loop
      vertex 3.7760233295524372 0.7510977397620938 17.900000000000006
      vertex 3.684220292569004 1.11759600742968 3
      vertex 3.684220292569004 1.11759600742968 17.900000000000006
    endloop
  endfacet
  facet normal 0.941544065183021 0.3368898533922192 0
    outer loop
      vertex 3.684220292569004 1.11759600742968 17.900000000000006
      vertex 3.556936200168454 1.4733312146055957 3
      vertex 3.556936200168454 1.4733312146055957 17.900000000000006
    endloop
  endfacet
  facet normal 0 0 1
    outer loop
      vertex 3.8314611976879585 -0.37736599026880835 17.900000000000006
      vertex 3.85 0 17.900000000000006
      vertex 3.8314611976879585 0.37736599026880835 17.900000000000006
    endloop
  endfacet
  facet normal 0 0 1
    outer loop
      vertex 3.8314611976879585 -0.37736599026880835 17.900000000000006
      vertex 3.8314611976879585 0.37736599026880835 17.900000000000006
      vertex 3.7760233295524372 0.7510977397620938 17.900000000000006
    endloop
  endfacet
  facet normal 0 0 1
    outer loop
      vertex 3.7760233295524372 -0.7510977397620938 17.900000000000006
      vertex 3.7760233295524372 0.7510977397620938 17.900000000000006
      vertex 3.684220292569004 1.11759600742968 17.900000000000006
    endloop
  endfacet
  facet normal 0 0 1
    outer loop
      vertex 3.556936200168454 -1.4733312146055957 17.900000000000006
      vertex 3.556936200168454 1.4733312146055957 17.900000000000006
      vertex 3.3953968677411672 1.814877436780091 17.900000000000006
    endloop
  endfacet
  facet normal 0 0 1
    outer loop
      vertex 3.684220292569004 -1.11759600742968 17.900000000000006
      vertex 3.684220292569004 1.11759600742968 17.900000000000006
      vertex 3.556936200168454 1.4733312146055957 17.900000000000006
    endloop
  endfacet
  facet normal -0.7409511253549591 -0.6715589548470184 0
    outer loop
      vertex -5.411073173539159 -4.440752989145518 0
      vertex -4.949747468305833 -4.949747468305833 0
      vertex -5.411073173539159 -4.440752989145518 3
    endloop
  endfacet
  facet normal -0.8032075314806449 -0.5956993044924334 0
    outer loop
      vertex -5.411073173539159 -4.440752989145518 0
      vertex -5.820287286117817 -3.8889916311372152 3
      vertex -5.820287286117817 -3.8889916311372152 0
    endloop
  endfacet
  facet normal -0.857728610000272 -0.514102744193222 0
    outer loop
      vertex -5.820287286117817 -3.8889916311372152 0
      vertex -5.820287286117817 -3.8889916311372152 3
      vertex -6.1734488504384855 -3.2997771577819837 3
    endloop
  endfacet
  facet normal -0.8032075314806449 -0.5956993044924334 0
    outer loop
      vertex -5.411073173539159 -4.440752989145518 0
      vertex -5.411073173539159 -4.440752989145518 3
      vertex -5.820287286117817 -3.8889916311372152 3
    endloop
  endfacet
  facet normal -0.6715589548470184 -0.7409511253549591 0
    outer loop
      vertex -4.440752989145518 -5.411073173539159 0
      vertex -4.440752989145518 -5.411073173539159 3
      vertex -4.949747468305833 -4.949747468305833 0
    endloop
  endfacet
  facet normal -0.5956993044924334 -0.8032075314806449 0
    outer loop
      vertex -4.440752989145518 -5.411073173539159 0
      vertex -3.8889916311372152 -5.820287286117817 0
      vertex -3.8889916311372152 -5.820287286117817 3
    endloop
  endfacet
  facet normal -0.5956993044924334 -0.8032075314806449 0
    outer loop
      vertex -4.440752989145518 -5.411073173539159 0
      vertex -3.8889916311372152 -5.820287286117817 3
      vertex -4.440752989145518 -5.411073173539159 3
    endloop
  endfacet
  facet normal -0.514102744193222 -0.857728610000272 0
    outer loop
      vertex -3.8889916311372152 -5.820287286117817 0
      vertex -3.2997771577819837 -6.1734488504384855 3
      vertex -3.8889916311372152 -5.820287286117817 3
    endloop
  endfacet
  facet normal -0.7409511253549591 -0.6715589548470184 0
    outer loop
      vertex -4.949747468305833 -4.949747468305833 0
      vertex -4.949747468305833 -4.949747468305833 3
      vertex -5.411073173539159 -4.440752989145518 3
    endloop
  endfacet
  facet normal -0.6715589548470184 -0.7409511253549591 0
    outer loop
      vertex -4.949747468305833 -4.949747468305833 0
      vertex -4.440752989145518 -5.411073173539159 3
      vertex -4.949747468305833 -4.949747468305833 3
    endloop
  endfacet
  facet normal 0 0 1
    outer loop
      vertex -3.8889916311372152 -5.820287286117817 3
      vertex -3.2997771577819837 -6.1734488504384855 3
      vertex -3.3953968677411672 -1.814877436780091 3
    endloop
  endfacet
  facet normal -0.9039892931234436 -0.4275550934302814 0
    outer loop
      vertex -6.1734488504384855 -3.2997771577819837 0
      vertex -6.467156727579007 -2.6787840265556286 3
      vertex -6.467156727579007 -2.6787840265556286 0
    endloop
  endfacet
  facet normal -0.9039892931234436 -0.4275550934302814 0
    outer loop
      vertex -6.1734488504384855 -3.2997771577819837 0
      vertex -6.1734488504384855 -3.2997771577819837 3
      vertex -6.467156727579007 -2.6787840265556286 3
    endloop
  endfacet
  facet normal -0.9415440651830207 -0.3368898533922201 0
    outer loop
      vertex -6.467156727579007 -2.6787840265556286 0
      vertex -6.698582350125462 -2.031992740781236 3
      vertex -6.698582350125462 -2.031992740781236 0
    endloop
  endfacet
  facet normal -0.970031253194544 -0.2429801799032639 0
    outer loop
      vertex -6.698582350125462 -2.031992740781236 0
      vertex -6.698582350125462 -2.031992740781236 3
      vertex -6.865496962822613 -1.3656322541128978 3
    endloop
  endfacet
  facet normal -0.9415440651830207 -0.3368898533922201 0
    outer loop
      vertex -6.467156727579007 -2.6787840265556286 0
      vertex -6.467156727579007 -2.6787840265556286 3
      vertex -6.698582350125462 -2.031992740781236 3
    endloop
  endfacet
  facet normal -0.857728610000272 -0.514102744193222 0
    outer loop
      vertex -5.820287286117817 -3.8889916311372152 0
      vertex -6.1734488504384855 -3.2997771577819837 3
      vertex -6.1734488504384855 -3.2997771577819837 0
    endloop
  endfacet
  facet normal -0.970031253194544 -0.2429801799032639 0
    outer loop
      vertex -6.698582350125462 -2.031992740781236 0
      vertex -6.865496962822613 -1.3656322541128978 3
      vertex -6.865496962822613 -1.3656322541128978 0
    endloop
  endfacet
  facet normal -0.9891765099647809 -0.14673047445536205 0
    outer loop
      vertex -6.865496962822613 -1.3656322541128978 0
      vertex -6.966293086705378 -0.6861199823069242 3
      vertex -6.966293086705378 -0.6861199823069242 0
    endloop
  endfacet
  facet normal 0 0 -1
    outer loop
      vertex -6.1734488504384855 -3.2997771577819837 0
      vertex -6.467156727579007 -2.6787840265556286 0
      vertex -6.1734488504384855 3.2997771577819837 0
    endloop
  endfacet
  facet normal -0.9891765099647809 -0.14673047445536205 0
    outer loop
      vertex -6.865496962822613 -1.3656322541128978 0
      vertex -6.865496962822613 -1.3656322541128978 3
      vertex -6.966293086705378 -0.6861199823069242 3
    endloop
  endfacet
  facet normal 0 0 -1
    outer loop
      vertex -6.698582350125462 -2.031992740781236 0
      vertex -6.865496962822613 -1.3656322541128978 0
      vertex -6.698582350125462 2.031992740781236 0
    endloop
  endfacet
  facet normal 0 0 -1
    outer loop
      vertex -6.865496962822613 -1.3656322541128978 0
      vertex -6.966293086705378 -0.6861199823069242 0
      vertex -6.865496962822613 1.3656322541128978 0
    endloop
  endfacet
  facet normal -0.9987954562051724 -0.04906767432741792 0
    outer loop
      vertex -6.966293086705378 -0.6861199823069242 0
      vertex -7 0 3
      vertex -7 0 0
    endloop
  endfacet
  facet normal 0 0 -1
    outer loop
      vertex -6.467156727579007 -2.6787840265556286 0
      vertex -6.698582350125462 -2.031992740781236 0
      vertex -6.467156727579007 2.6787840265556286 0
    endloop
  endfacet
  facet normal -0.9987954562051724 -0.04906767432741792 0
    outer loop
      vertex -6.966293086705378 -0.6861199823069242 0
      vertex -6.966293086705378 -0.6861199823069242 3
      vertex -7 0 3
    endloop
  endfacet
  facet normal 0 0 -1
    outer loop
      vertex -5.820287286117817 -3.8889916311372152 0
      vertex -6.1734488504384855 -3.2997771577819837 0
      vertex -5.820287286117817 3.8889916311372152 0
    endloop
  endfacet
  facet normal 0 0 -1
    outer loop
      vertex -5.411073173539159 -4.440752989145518 0
      vertex -5.820287286117817 -3.8889916311372152 0
      vertex -5.411073173539159 4.440752989145518 0
    endloop
  endfacet
  facet normal 0 0 1
    outer loop
      vertex -6.467156727579007 -2.6787840265556286 3
      vertex -6.698582350125462 2.031992740781236 3
      vertex -6.698582350125462 -2.031992740781236 3
    endloop
  endfacet
  facet normal 0 0 1
    outer loop
      vertex -6.1734488504384855 -3.2997771577819837 3
      vertex -6.467156727579007 2.6787840265556286 3
      vertex -6.467156727579007 -2.6787840265556286 3
    endloop
  endfacet
  facet normal 0 0 1
    outer loop
      vertex -6.698582350125462 -2.031992740781236 3
      vertex -6.865496962822613 1.3656322541128978 3
      vertex -6.865496962822613 -1.3656322541128978 3
    endloop
  endfacet
  facet normal 0 0 1
    outer loop
      vertex -6.865496962822613 -1.3656322541128978 3
      vertex -6.966293086705378 0.6861199823069242 3
      vertex -6.966293086705378 -0.6861199823069242 3
    endloop
  endfacet
  facet normal 0 0 1
    outer loop
      vertex -5.820287286117817 -3.8889916311372152 3
      vertex -6.1734488504384855 3.2997771577819837 3
      vertex -6.1734488504384855 -3.2997771577819837 3
    endloop
  endfacet
  facet normal 0 0 1
    outer loop
      vertex -5.411073173539159 -4.440752989145518 3
      vertex -5.820287286117817 3.8889916311372152 3
      vertex -5.820287286117817 -3.8889916311372152 3
    endloop
  endfacet
  facet normal 0 0 1
    outer loop
      vertex -5.411073173539159 -4.440752989145518 3
      vertex -4.949747468305833 -4.949747468305833 3
      vertex -5.411073173539159 4.440752989145518 3
    endloop
  endfacet
  facet normal 0 0 -1
    outer loop
      vertex -4.440752989145518 -5.411073173539159 0
      vertex -3.8889916311372152 5.820287286117817 0
      vertex -3.8889916311372152 -5.820287286117817 0
    endloop
  endfacet
  facet normal 0 0 1
    outer loop
      vertex -4.440752989145518 -5.411073173539159 3
      vertex -4.949747468305833 4.949747468305833 3
      vertex -4.949747468305833 -4.949747468305833 3
    endloop
  endfacet
  facet normal 0 0 1
    outer loop
      vertex -3.8889916311372152 -5.820287286117817 3
      vertex -3.3953968677411672 -1.814877436780091 3
      vertex -3.556936200168454 -1.4733312146055957 3
    endloop
  endfacet
  facet normal 0 0 1
    outer loop
      vertex -3.8889916311372152 -5.820287286117817 3
      vertex -3.556936200168454 -1.4733312146055957 3
      vertex -3.684220292569004 -1.11759600742968 3
    endloop
  endfacet
  facet normal 0 0 1
    outer loop
      vertex -4.440752989145518 -5.411073173539159 3
      vertex -3.8889916311372152 -5.820287286117817 3
      vertex -4.440752989145518 5.411073173539159 3
    endloop
  endfacet
  facet normal 0 0 1
    outer loop
      vertex -3.8889916311372152 -5.820287286117817 3
      vertex -3.684220292569004 -1.11759600742968 3
      vertex -3.7760233295524372 -0.7510977397620938 3
    endloop
  endfacet
  facet normal 0 0 1
    outer loop
      vertex -3.8889916311372152 -5.820287286117817 3
      vertex -3.7760233295524372 -0.7510977397620938 3
      vertex -3.8314611976879585 -0.37736599026880835 3
    endloop
  endfacet
  facet normal 0 0 1
    outer loop
      vertex -3.8889916311372152 -5.820287286117817 3
      vertex -3.8314611976879585 -0.37736599026880835 3
      vertex -3.85 0 3
    endloop
  endfacet
  facet normal 0 0 -1
    outer loop
      vertex -5.411073173539159 -4.440752989145518 0
      vertex -4.949747468305833 4.949747468305833 0
      vertex -4.949747468305833 -4.949747468305833 0
    endloop
  endfacet
  facet normal 0 0 -1
    outer loop
      vertex -4.440752989145518 -5.411073173539159 0
      vertex -4.949747468305833 -4.949747468305833 0
      vertex -4.440752989145518 5.411073173539159 0
    endloop
  endfacet
  facet normal -0.4275550934302814 -0.9039892931234436 0
    outer loop
      vertex -3.2997771577819837 -6.1734488504384855 0
      vertex -2.6787840265556286 -6.467156727579007 0
      vertex -2.6787840265556286 -6.467156727579007 3
    endloop
  endfacet
  facet normal -0.4275550934302814 -0.9039892931234436 0
    outer loop
      vertex -3.2997771577819837 -6.1734488504384855 0
      vertex -2.6787840265556286 -6.467156727579007 3
      vertex -3.2997771577819837 -6.1734488504384855 3
    endloop
  endfacet
  facet normal -0.514102744193222 -0.857728610000272 0
    outer loop
      vertex -3.8889916311372152 -5.820287286117817 0
      vertex -3.2997771577819837 -6.1734488504384855 0
      vertex -3.2997771577819837 -6.1734488504384855 3
    endloop
  endfacet
  facet normal -0.3368898533922201 -0.9415440651830207 0
    outer loop
      vertex -2.6787840265556286 -6.467156727579007 0
      vertex -2.031992740781236 -6.698582350125462 0
      vertex -2.031992740781236 -6.698582350125462 3
    endloop
  endfacet
  facet normal -0.3368898533922201 -0.9415440651830207 0
    outer loop
      vertex -2.6787840265556286 -6.467156727579007 0
      vertex -2.031992740781236 -6.698582350125462 3
      vertex -2.6787840265556286 -6.467156727579007 3
    endloop
  endfacet
  facet normal -0.2429801799032639 -0.970031253194544 0
    outer loop
      vertex -2.031992740781236 -6.698582350125462 0
      vertex -1.3656322541128978 -6.865496962822613 3
      vertex -2.031992740781236 -6.698582350125462 3
    endloop
  endfacet
  facet normal 0 0 1
    outer loop
      vertex -2.6787840265556286 -6.467156727579007 3
      vertex -2.031992740781236 -6.698582350125462 3
      vertex -2.1389453971254686 -3.2011580073647994 3
    endloop
  endfacet
  facet normal 0 0 1
    outer loop
      vertex -3.2997771577819837 -6.1734488504384855 3
      vertex -2.6787840265556286 -6.467156727579007 3
      vertex -2.7223611075682084 -2.7223611075682084 3
    endloop
  endfacet
  facet normal 0 0 1
    outer loop
      vertex -3.2997771577819837 -6.1734488504384855 3
      vertex -2.9760902454465374 -2.4424141440300353 3
      vertex -3.2011580073647994 -2.1389453971254686 3
    endloop
  endfacet
  facet normal 0 0 1
    outer loop
      vertex -3.2997771577819837 -6.1734488504384855 3
      vertex -2.7223611075682084 -2.7223611075682084 3
      vertex -2.9760902454465374 -2.4424141440300353 3
    endloop
  endfacet
  facet normal 0 0 1
    outer loop
      vertex -2.031992740781236 -6.698582350125462 3
      vertex -1.814877436780091 -3.3953968677411672 3
      vertex -2.1389453971254686 -3.2011580073647994 3
    endloop
  endfacet
  facet normal 0 0 1
    outer loop
      vertex -2.031992740781236 -6.698582350125462 3
      vertex -1.4733312146055957 -3.556936200168454 3
      vertex -1.814877436780091 -3.3953968677411672 3
    endloop
  endfacet
  facet normal 0 0 1
    outer loop
      vertex -2.6787840265556286 -6.467156727579007 3
      vertex -2.1389453971254686 -3.2011580073647994 3
      vertex -2.4424141440300353 -2.9760902454465374 3
    endloop
  endfacet
  facet normal 0 0 1
    outer loop
      vertex -2.6787840265556286 -6.467156727579007 3
      vertex -2.4424141440300353 -2.9760902454465374 3
      vertex -2.7223611075682084 -2.7223611075682084 3
    endloop
  endfacet
  facet normal -0.2429801799032639 -0.970031253194544 0
    outer loop
      vertex -2.031992740781236 -6.698582350125462 0
      vertex -1.3656322541128978 -6.865496962822613 0
      vertex -1.3656322541128978 -6.865496962822613 3
    endloop
  endfacet
  facet normal -0.14673047445536205 -0.9891765099647809 0
    outer loop
      vertex -1.3656322541128978 -6.865496962822613 0
      vertex -0.6861199823069242 -6.966293086705378 0
      vertex -0.6861199823069242 -6.966293086705378 3
    endloop
  endfacet
  facet normal -0.14673047445536205 -0.9891765099647809 0
    outer loop
      vertex -1.3656322541128978 -6.865496962822613 0
      vertex -0.6861199823069242 -6.966293086705378 3
      vertex -1.3656322541128978 -6.865496962822613 3
    endloop
  endfacet
  facet normal -0.04906767432741792 -0.9987954562051724 0
    outer loop
      vertex -0.6861199823069242 -6.966293086705378 0
      vertex 0 -7 0
      vertex 0 -7 3
    endloop
  endfacet
  facet normal -0.04906767432741792 -0.9987954562051724 0
    outer loop
      vertex -0.6861199823069242 -6.966293086705378 0
      vertex 0 -7 3
      vertex -0.6861199823069242 -6.966293086705378 3
    endloop
  endfacet
  facet normal 0 0 1
    outer loop
      vertex -2.031992740781236 -6.698582350125462 3
      vertex -1.3656322541128978 -6.865496962822613 3
      vertex -1.4733312146055957 -3.556936200168454 3
    endloop
  endfacet
  facet normal 0 0 1
    outer loop
      vertex -1.3656322541128978 -6.865496962822613 3
      vertex -0.6861199823069242 -6.966293086705378 3
      vertex -0.7510977397620938 -3.7760233295524372 3
    endloop
  endfacet
  facet normal 0 0 1
    outer loop
      vertex -0.6861199823069242 -6.966293086705378 3
      vertex 0 -7 3
      vertex 0 -3.85 3
    endloop
  endfacet
  facet normal 0 0 1
    outer loop
      vertex -1.3656322541128978 -6.865496962822613 3
      vertex -1.11759600742968 -3.684220292569004 3
      vertex -1.4733312146055957 -3.556936200168454 3
    endloop
  endfacet
  facet normal 0 0 1
    outer loop
      vertex -1.3656322541128978 -6.865496962822613 3
      vertex -0.7510977397620938 -3.7760233295524372 3
      vertex -1.11759600742968 -3.684220292569004 3
    endloop
  endfacet
  facet normal 0 0 1
    outer loop
      vertex -0.6861199823069242 -6.966293086705378 3
      vertex -0.37736599026880835 -3.8314611976879585 3
      vertex -0.7510977397620938 -3.7760233295524372 3
    endloop
  endfacet
  facet normal 0 0 1
    outer loop
      vertex -0.6861199823069242 -6.966293086705378 3
      vertex 0 -3.85 3
      vertex -0.37736599026880835 -3.8314611976879585 3
    endloop
  endfacet
  facet normal 0 0 -1
    outer loop
      vertex -3.8889916311372152 -5.820287286117817 0
      vertex -3.2997771577819837 6.1734488504384855 0
      vertex -3.2997771577819837 -6.1734488504384855 0
    endloop
  endfacet
  facet normal 0 0 -1
    outer loop
      vertex -3.2997771577819837 -6.1734488504384855 0
      vertex -2.6787840265556286 6.467156727579007 0
      vertex -2.6787840265556286 -6.467156727579007 0
    endloop
  endfacet
  facet normal 0 0 -1
    outer loop
      vertex -2.6787840265556286 -6.467156727579007 0
      vertex -2.031992740781236 6.698582350125462 0
      vertex -2.031992740781236 -6.698582350125462 0
    endloop
  endfacet
  facet normal 0 0 1
    outer loop
      vertex -3.2997771577819837 -6.1734488504384855 3
      vertex -3.2011580073647994 -2.1389453971254686 3
      vertex -3.3953968677411672 -1.814877436780091 3
    endloop
  endfacet
  facet normal 0 0 -1
    outer loop
      vertex -2.031992740781236 -6.698582350125462 0
      vertex -1.3656322541128978 6.865496962822613 0
      vertex -1.3656322541128978 -6.865496962822613 0
    endloop
  endfacet
  facet normal 0 0 -1
    outer loop
      vertex -1.3656322541128978 -6.865496962822613 0
      vertex -0.6861199823069242 6.966293086705378 0
      vertex -0.6861199823069242 -6.966293086705378 0
    endloop
  endfacet
  facet normal 0 0 -1
    outer loop
      vertex -0.6861199823069242 -6.966293086705378 0
      vertex 0 7 0
      vertex 0 -7 0
    endloop
  endfacet
  facet normal 0 0 -1
    outer loop
      vertex -6.966293086705378 -0.6861199823069242 0
      vertex -7 0 0
      vertex -6.966293086705378 0.6861199823069242 0
    endloop
  endfacet
  facet normal 0 0 -1
    outer loop
      vertex -6.966293086705378 -0.6861199823069242 0
      vertex -6.966293086705378 0.6861199823069242 0
      vertex -6.865496962822613 1.3656322541128978 0
    endloop
  endfacet
  facet normal 0 0 -1
    outer loop
      vertex -6.865496962822613 -1.3656322541128978 0
      vertex -6.865496962822613 1.3656322541128978 0
      vertex -6.698582350125462 2.031992740781236 0
    endloop
  endfacet
  facet normal -0.9987954562051724 0.04906767432741792 0
    outer loop
      vertex -7 0 0
      vertex -6.966293086705378 0.6861199823069242 3
      vertex -6.966293086705378 0.6861199823069242 0
    endloop
  endfacet
  facet normal -0.9987954562051724 0.04906767432741792 0
    outer loop
      vertex -7 0 0
      vertex -7 0 3
      vertex -6.966293086705378 0.6861199823069242 3
    endloop
  endfacet
  facet normal 0 0 -1
    outer loop
      vertex -6.698582350125462 -2.031992740781236 0
      vertex -6.698582350125462 2.031992740781236 0
      vertex -6.467156727579007 2.6787840265556286 0
    endloop
  endfacet
  facet normal -0.9891765099647809 0.14673047445536205 0
    outer loop
      vertex -6.966293086705378 0.6861199823069242 0
      vertex -6.865496962822613 1.3656322541128978 3
      vertex -6.865496962822613 1.3656322541128978 0
    endloop
  endfacet
  facet normal 0 0 -1
    outer loop
      vertex -6.467156727579007 -2.6787840265556286 0
      vertex -6.467156727579007 2.6787840265556286 0
      vertex -6.1734488504384855 3.2997771577819837 0
    endloop
  endfacet
  facet normal -0.9891765099647809 0.14673047445536205 0
    outer loop
      vertex -6.966293086705378 0.6861199823069242 0
      vertex -6.966293086705378 0.6861199823069242 3
      vertex -6.865496962822613 1.3656322541128978 3
    endloop
  endfacet
  facet normal -0.970031253194544 0.2429801799032639 0
    outer loop
      vertex -6.865496962822613 1.3656322541128978 0
      vertex -6.865496962822613 1.3656322541128978 3
      vertex -6.698582350125462 2.031992740781236 3
    endloop
  endfacet
  facet normal 0 0 -1
    outer loop
      vertex -6.1734488504384855 -3.2997771577819837 0
      vertex -6.1734488504384855 3.2997771577819837 0
      vertex -5.820287286117817 3.8889916311372152 0
    endloop
  endfacet
  facet normal 0 0 -1
    outer loop
      vertex -5.820287286117817 -3.8889916311372152 0
      vertex -5.820287286117817 3.8889916311372152 0
      vertex -5.411073173539159 4.440752989145518 0
    endloop
  endfacet
  facet normal 0 0 -1
    outer loop
      vertex -5.411073173539159 -4.440752989145518 0
      vertex -5.411073173539159 4.440752989145518 0
      vertex -4.949747468305833 4.949747468305833 0
    endloop
  endfacet
  facet normal 0 0 1
    outer loop
      vertex -6.966293086705378 -0.6861199823069242 3
      vertex -6.966293086705378 0.6861199823069242 3
      vertex -7 0 3
    endloop
  endfacet
  facet normal 0 0 1
    outer loop
      vertex -6.865496962822613 -1.3656322541128978 3
      vertex -6.865496962822613 1.3656322541128978 3
      vertex -6.966293086705378 0.6861199823069242 3
    endloop
  endfacet
  facet normal 0 0 1
    outer loop
      vertex -6.698582350125462 -2.031992740781236 3
      vertex -6.698582350125462 2.031992740781236 3
      vertex -6.865496962822613 1.3656322541128978 3
    endloop
  endfacet
  facet normal 0 0 1
    outer loop
      vertex -6.467156727579007 -2.6787840265556286 3
      vertex -6.467156727579007 2.6787840265556286 3
      vertex -6.698582350125462 2.031992740781236 3
    endloop
  endfacet
  facet normal 0 0 1
    outer loop
      vertex -6.1734488504384855 -3.2997771577819837 3
      vertex -6.1734488504384855 3.2997771577819837 3
      vertex -6.467156727579007 2.6787840265556286 3
    endloop
  endfacet
  facet normal 0 0 1
    outer loop
      vertex -5.820287286117817 -3.8889916311372152 3
      vertex -5.820287286117817 3.8889916311372152 3
      vertex -6.1734488504384855 3.2997771577819837 3
    endloop
  endfacet
  facet normal 0 0 1
    outer loop
      vertex -5.411073173539159 -4.440752989145518 3
      vertex -5.411073173539159 4.440752989145518 3
      vertex -5.820287286117817 3.8889916311372152 3
    endloop
  endfacet
  facet normal -0.970031253194544 0.2429801799032639 0
    outer loop
      vertex -6.865496962822613 1.3656322541128978 0
      vertex -6.698582350125462 2.031992740781236 3
      vertex -6.698582350125462 2.031992740781236 0
    endloop
  endfacet
  facet normal -0.9415440651830207 0.3368898533922201 0
    outer loop
      vertex -6.698582350125462 2.031992740781236 0
      vertex -6.467156727579007 2.6787840265556286 3
      vertex -6.467156727579007 2.6787840265556286 0
    endloop
  endfacet
  facet normal -0.9415440651830207 0.3368898533922201 0
    outer loop
      vertex -6.698582350125462 2.031992740781236 0
      vertex -6.698582350125462 2.031992740781236 3
      vertex -6.467156727579007 2.6787840265556286 3
    endloop
  endfacet
  facet normal -0.9039892931234436 0.4275550934302814 0
    outer loop
      vertex -6.467156727579007 2.6787840265556286 0
      vertex -6.1734488504384855 3.2997771577819837 3
      vertex -6.1734488504384855 3.2997771577819837 0
    endloop
  endfacet
  facet normal -0.9039892931234436 0.4275550934302814 0
    outer loop
      vertex -6.467156727579007 2.6787840265556286 0
      vertex -6.467156727579007 2.6787840265556286 3
      vertex -6.1734488504384855 3.2997771577819837 3
    endloop
  endfacet
  facet normal -0.857728610000272 0.514102744193222 0
    outer loop
      vertex -6.1734488504384855 3.2997771577819837 0
      vertex -6.1734488504384855 3.2997771577819837 3
      vertex -5.820287286117817 3.8889916311372152 3
    endloop
  endfacet
  facet normal 0 0 1
    outer loop
      vertex -4.949747468305833 -4.949747468305833 3
      vertex -4.949747468305833 4.949747468305833 3
      vertex -5.411073173539159 4.440752989145518 3
    endloop
  endfacet
  facet normal 0 0 1
    outer loop
      vertex -4.440752989145518 -5.411073173539159 3
      vertex -4.440752989145518 5.411073173539159 3
      vertex -4.949747468305833 4.949747468305833 3
    endloop
  endfacet
  facet normal 0 0 1
    outer loop
      vertex -3.8889916311372152 -5.820287286117817 3
      vertex -3.85 0 3
      vertex -3.8889916311372152 5.820287286117817 3
    endloop
  endfacet
  facet normal 0 0 -1
    outer loop
      vertex -4.949747468305833 -4.949747468305833 0
      vertex -4.949747468305833 4.949747468305833 0
      vertex -4.440752989145518 5.411073173539159 0
    endloop
  endfacet
  facet normal 0 0 -1
    outer loop
      vertex -4.440752989145518 -5.411073173539159 0
      vertex -4.440752989145518 5.411073173539159 0
      vertex -3.8889916311372152 5.820287286117817 0
    endloop
  endfacet
  facet normal 0 0 -1
    outer loop
      vertex -3.8889916311372152 -5.820287286117817 0
      vertex -3.8889916311372152 5.820287286117817 0
      vertex -3.2997771577819837 6.1734488504384855 0
    endloop
  endfacet
  facet normal 0 0 1
    outer loop
      vertex -3.8889916311372152 -5.820287286117817 3
      vertex -3.8889916311372152 5.820287286117817 3
      vertex -4.440752989145518 5.411073173539159 3
    endloop
  endfacet
  facet normal 0 0 1
    outer loop
      vertex -3.8889916311372152 5.820287286117817 3
      vertex -3.85 0 3
      vertex -3.8314611976879585 0.37736599026880835 3
    endloop
  endfacet
  facet normal 0 0 1
    outer loop
      vertex -3.8889916311372152 5.820287286117817 3
      vertex -3.8314611976879585 0.37736599026880835 3
      vertex -3.7760233295524372 0.7510977397620938 3
    endloop
  endfacet
  facet normal 0 0 1
    outer loop
      vertex -3.8889916311372152 5.820287286117817 3
      vertex -3.7760233295524372 0.7510977397620938 3
      vertex -3.684220292569004 1.11759600742968 3
    endloop
  endfacet
  facet normal 0 0 1
    outer loop
      vertex -3.8889916311372152 5.820287286117817 3
      vertex -3.684220292569004 1.11759600742968 3
      vertex -3.556936200168454 1.4733312146055957 3
    endloop
  endfacet
  facet normal 0 0 1
    outer loop
      vertex -3.8889916311372152 5.820287286117817 3
      vertex -3.556936200168454 1.4733312146055957 3
      vertex -3.3953968677411672 1.814877436780091 3
    endloop
  endfacet
  facet normal -0.857728610000272 0.514102744193222 0
    outer loop
      vertex -6.1734488504384855 3.2997771577819837 0
      vertex -5.820287286117817 3.8889916311372152 3
      vertex -5.820287286117817 3.8889916311372152 0
    endloop
  endfacet
  facet normal -0.8032075314806449 0.5956993044924334 0
    outer loop
      vertex -5.820287286117817 3.8889916311372152 0
      vertex -5.411073173539159 4.440752989145518 3
      vertex -5.411073173539159 4.440752989145518 0
    endloop
  endfacet
  facet normal -0.8032075314806449 0.5956993044924334 0
    outer loop
      vertex -5.820287286117817 3.8889916311372152 0
      vertex -5.820287286117817 3.8889916311372152 3
      vertex -5.411073173539159 4.440752989145518 3
    endloop
  endfacet
  facet normal -0.7409511253549591 0.6715589548470184 0
    outer loop
      vertex -5.411073173539159 4.440752989145518 0
      vertex -5.411073173539159 4.440752989145518 3
      vertex -4.949747468305833 4.949747468305833 3
    endloop
  endfacet
  facet normal -0.7409511253549591 0.6715589548470184 0
    outer loop
      vertex -5.411073173539159 4.440752989145518 0
      vertex -4.949747468305833 4.949747468305833 3
      vertex -4.949747468305833 4.949747468305833 0
    endloop
  endfacet
  facet normal -0.6715589548470184 0.7409511253549591 0
    outer loop
      vertex -4.949747468305833 4.949747468305833 0
      vertex -4.949747468305833 4.949747468305833 3
      vertex -4.440752989145518 5.411073173539159 0
    endloop
  endfacet
  facet normal 0 0 1
    outer loop
      vertex -3.8889916311372152 5.820287286117817 3
      vertex -3.3953968677411672 1.814877436780091 3
      vertex -3.2997771577819837 6.1734488504384855 3
    endloop
  endfacet
  facet normal -0.6715589548470184 0.7409511253549591 0
    outer loop
      vertex -4.440752989145518 5.411073173539159 0
      vertex -4.949747468305833 4.949747468305833 3
      vertex -4.440752989145518 5.411073173539159 3
    endloop
  endfacet
  facet normal -0.5956993044924334 0.8032075314806449 0
    outer loop
      vertex -4.440752989145518 5.411073173539159 0
      vertex -4.440752989145518 5.411073173539159 3
      vertex -3.8889916311372152 5.820287286117817 0
    endloop
  endfacet
  facet normal -0.514102744193222 0.857728610000272 0
    outer loop
      vertex -3.8889916311372152 5.820287286117817 0
      vertex -3.8889916311372152 5.820287286117817 3
      vertex -3.2997771577819837 6.1734488504384855 0
    endloop
  endfacet
  facet normal -0.5956993044924334 0.8032075314806449 0
    outer loop
      vertex -3.8889916311372152 5.820287286117817 0
      vertex -4.440752989145518 5.411073173539159 3
      vertex -3.8889916311372152 5.820287286117817 3
    endloop
  endfacet
  facet normal 0 0 -1
    outer loop
      vertex -3.2997771577819837 -6.1734488504384855 0
      vertex -3.2997771577819837 6.1734488504384855 0
      vertex -2.6787840265556286 6.467156727579007 0
    endloop
  endfacet
  facet normal 0 0 -1
    outer loop
      vertex -2.6787840265556286 -6.467156727579007 0
      vertex -2.6787840265556286 6.467156727579007 0
      vertex -2.031992740781236 6.698582350125462 0
    endloop
  endfacet
  facet normal 0 0 -1
    outer loop
      vertex -2.031992740781236 -6.698582350125462 0
      vertex -2.031992740781236 6.698582350125462 0
      vertex -1.3656322541128978 6.865496962822613 0
    endloop
  endfacet
  facet normal 0 0 1
    outer loop
      vertex -3.2997771577819837 6.1734488504384855 3
      vertex -3.3953968677411672 1.814877436780091 3
      vertex -3.2011580073647994 2.1389453971254686 3
    endloop
  endfacet
  facet normal 0 0 -1
    outer loop
      vertex -1.3656322541128978 -6.865496962822613 0
      vertex -1.3656322541128978 6.865496962822613 0
      vertex -0.6861199823069242 6.966293086705378 0
    endloop
  endfacet
  facet normal 0 0 -1
    outer loop
      vertex -0.6861199823069242 -6.966293086705378 0
      vertex -0.6861199823069242 6.966293086705378 0
      vertex 0 7 0
    endloop
  endfacet
  facet normal 0 0 1
    outer loop
      vertex -3.2997771577819837 6.1734488504384855 3
      vertex -3.2011580073647994 2.1389453971254686 3
      vertex -2.9760902454465374 2.4424141440300353 3
    endloop
  endfacet
  facet normal 0 0 1
    outer loop
      vertex -3.2997771577819837 6.1734488504384855 3
      vertex -2.9760902454465374 2.4424141440300353 3
      vertex -2.7223611075682084 2.7223611075682084 3
    endloop
  endfacet
  facet normal 0 0 1
    outer loop
      vertex -3.2997771577819837 6.1734488504384855 3
      vertex -2.7223611075682084 2.7223611075682084 3
      vertex -2.6787840265556286 6.467156727579007 3
    endloop
  endfacet
  facet normal 0 0 1
    outer loop
      vertex -2.6787840265556286 6.467156727579007 3
      vertex -2.7223611075682084 2.7223611075682084 3
      vertex -2.4424141440300353 2.9760902454465374 3
    endloop
  endfacet
  facet normal 0 0 1
    outer loop
      vertex -2.6787840265556286 6.467156727579007 3
      vertex -2.4424141440300353 2.9760902454465374 3
      vertex -2.1389453971254686 3.2011580073647994 3
    endloop
  endfacet
  facet normal 0 0 1
    outer loop
      vertex -2.031992740781236 6.698582350125462 3
      vertex -2.1389453971254686 3.2011580073647994 3
      vertex -1.814877436780091 3.3953968677411672 3
    endloop
  endfacet
  facet normal 0 0 1
    outer loop
      vertex -2.031992740781236 6.698582350125462 3
      vertex -1.814877436780091 3.3953968677411672 3
      vertex -1.4733312146055957 3.556936200168454 3
    endloop
  endfacet
  facet normal -0.514102744193222 0.857728610000272 0
    outer loop
      vertex -3.2997771577819837 6.1734488504384855 0
      vertex -3.8889916311372152 5.820287286117817 3
      vertex -3.2997771577819837 6.1734488504384855 3
    endloop
  endfacet
  facet normal -0.4275550934302814 0.9039892931234436 0
    outer loop
      vertex -3.2997771577819837 6.1734488504384855 0
      vertex -3.2997771577819837 6.1734488504384855 3
      vertex -2.6787840265556286 6.467156727579007 0
    endloop
  endfacet
  facet normal -0.4275550934302814 0.9039892931234436 0
    outer loop
      vertex -2.6787840265556286 6.467156727579007 0
      vertex -3.2997771577819837 6.1734488504384855 3
      vertex -2.6787840265556286 6.467156727579007 3
    endloop
  endfacet
  facet normal -0.3368898533922201 0.9415440651830207 0
    outer loop
      vertex -2.6787840265556286 6.467156727579007 0
      vertex -2.6787840265556286 6.467156727579007 3
      vertex -2.031992740781236 6.698582350125462 0
    endloop
  endfacet
  facet normal -0.2429801799032639 0.970031253194544 0
    outer loop
      vertex -2.031992740781236 6.698582350125462 0
      vertex -2.031992740781236 6.698582350125462 3
      vertex -1.3656322541128978 6.865496962822613 0
    endloop
  endfacet
  facet normal -0.3368898533922201 0.9415440651830207 0
    outer loop
      vertex -2.031992740781236 6.698582350125462 0
      vertex -2.6787840265556286 6.467156727579007 3
      vertex -2.031992740781236 6.698582350125462 3
    endloop
  endfacet
  facet normal 0 0 1
    outer loop
      vertex -2.6787840265556286 6.467156727579007 3
      vertex -2.1389453971254686 3.2011580073647994 3
      vertex -2.031992740781236 6.698582350125462 3
    endloop
  endfacet
  facet normal 0 0 1
    outer loop
      vertex -1.3656322541128978 6.865496962822613 3
      vertex -1.4733312146055957 3.556936200168454 3
      vertex -1.11759600742968 3.684220292569004 3
    endloop
  endfacet
  facet normal 0 0 1
    outer loop
      vertex -1.3656322541128978 6.865496962822613 3
      vertex -1.11759600742968 3.684220292569004 3
      vertex -0.7510977397620938 3.7760233295524372 3
    endloop
  endfacet
  facet normal 0 0 1
    outer loop
      vertex -0.6861199823069242 6.966293086705378 3
      vertex -0.7510977397620938 3.7760233295524372 3
      vertex -0.37736599026880835 3.8314611976879585 3
    endloop
  endfacet
  facet normal 0 0 1
    outer loop
      vertex -0.6861199823069242 6.966293086705378 3
      vertex -0.37736599026880835 3.8314611976879585 3
      vertex 0 3.85 3
    endloop
  endfacet
  facet normal -0.14673047445536205 0.9891765099647809 0
    outer loop
      vertex -1.3656322541128978 6.865496962822613 0
      vertex -1.3656322541128978 6.865496962822613 3
      vertex -0.6861199823069242 6.966293086705378 0
    endloop
  endfacet
  facet normal -0.2429801799032639 0.970031253194544 0
    outer loop
      vertex -1.3656322541128978 6.865496962822613 0
      vertex -2.031992740781236 6.698582350125462 3
      vertex -1.3656322541128978 6.865496962822613 3
    endloop
  endfacet
  facet normal -0.14673047445536205 0.9891765099647809 0
    outer loop
      vertex -0.6861199823069242 6.966293086705378 0
      vertex -1.3656322541128978 6.865496962822613 3
      vertex -0.6861199823069242 6.966293086705378 3
    endloop
  endfacet
  facet normal -0.04906767432741792 0.9987954562051724 0
    outer loop
      vertex -0.6861199823069242 6.966293086705378 0
      vertex -0.6861199823069242 6.966293086705378 3
      vertex 0 7 0
    endloop
  endfacet
  facet normal -0.04906767432741792 0.9987954562051724 0
    outer loop
      vertex -0.6861199823069242 6.966293086705378 3
      vertex 0 7 3
      vertex 0 7 0
    endloop
  endfacet
  facet normal 0 0 1
    outer loop
      vertex -2.031992740781236 6.698582350125462 3
      vertex -1.4733312146055957 3.556936200168454 3
      vertex -1.3656322541128978 6.865496962822613 3
    endloop
  endfacet
  facet normal 0 0 1
    outer loop
      vertex -1.3656322541128978 6.865496962822613 3
      vertex -0.7510977397620938 3.7760233295524372 3
      vertex -0.6861199823069242 6.966293086705378 3
    endloop
  endfacet
  facet normal 0 0 1
    outer loop
      vertex -0.6861199823069242 6.966293086705378 3
      vertex 0 3.85 3
      vertex 0 7 3
    endloop
  endfacet
  facet normal 0.04906767432741792 -0.9987954562051724 0
    outer loop
      vertex 0 -7 0
      vertex 0.6861199823069242 -6.966293086705378 0
      vertex 0.6861199823069242 -6.966293086705378 3
    endloop
  endfacet
  facet normal 0.04906767432741792 -0.9987954562051724 0
    outer loop
      vertex 0 -7 0
      vertex 0.6861199823069242 -6.966293086705378 3
      vertex 0 -7 3
    endloop
  endfacet
  facet normal 0.14673047445536205 -0.9891765099647809 0
    outer loop
      vertex 0.6861199823069242 -6.966293086705378 0
      vertex 1.3656322541128978 -6.865496962822613 0
      vertex 1.3656322541128978 -6.865496962822613 3
    endloop
  endfacet
  facet normal 0.14673047445536205 -0.9891765099647809 0
    outer loop
      vertex 0.6861199823069242 -6.966293086705378 0
      vertex 1.3656322541128978 -6.865496962822613 3
      vertex 0.6861199823069242 -6.966293086705378 3
    endloop
  endfacet
  facet normal 0.2429801799032639 -0.970031253194544 0
    outer loop
      vertex 1.3656322541128978 -6.865496962822613 0
      vertex 2.031992740781236 -6.698582350125462 3
      vertex 1.3656322541128978 -6.865496962822613 3
    endloop
  endfacet
  facet normal 0 0 1
    outer loop
      vertex 0 -7 3
      vertex 0.6861199823069242 -6.966293086705378 3
      vertex 0 -3.85 3
    endloop
  endfacet
  facet normal 0 0 1
    outer loop
      vertex 0.6861199823069242 -6.966293086705378 3
      vertex 1.3656322541128978 -6.865496962822613 3
      vertex 0.7510977397620938 -3.7760233295524372 3
    endloop
  endfacet
  facet normal 0 0 1
    outer loop
      vertex 1.3656322541128978 -6.865496962822613 3
      vertex 2.031992740781236 -6.698582350125462 3
      vertex 1.4733312146055957 -3.556936200168454 3
    endloop
  endfacet
  facet normal 0 0 1
    outer loop
      vertex 0.6861199823069242 -6.966293086705378 3
      vertex 0.37736599026880835 -3.8314611976879585 3
      vertex 0 -3.85 3
    endloop
  endfacet
  facet normal 0 0 1
    outer loop
      vertex 0.6861199823069242 -6.966293086705378 3
      vertex 0.7510977397620938 -3.7760233295524372 3
      vertex 0.37736599026880835 -3.8314611976879585 3
    endloop
  endfacet
  facet normal 0 0 1
    outer loop
      vertex 1.3656322541128978 -6.865496962822613 3
      vertex 1.11759600742968 -3.684220292569004 3
      vertex 0.7510977397620938 -3.7760233295524372 3
    endloop
  endfacet
  facet normal 0 0 1
    outer loop
      vertex 1.3656322541128978 -6.865496962822613 3
      vertex 1.4733312146055957 -3.556936200168454 3
      vertex 1.11759600742968 -3.684220292569004 3
    endloop
  endfacet
  facet normal 0.2429801799032639 -0.970031253194544 0
    outer loop
      vertex 1.3656322541128978 -6.865496962822613 0
      vertex 2.031992740781236 -6.698582350125462 0
      vertex 2.031992740781236 -6.698582350125462 3
    endloop
  endfacet
  facet normal 0.3368898533922201 -0.9415440651830207 0
    outer loop
      vertex 2.031992740781236 -6.698582350125462 0
      vertex 2.6787840265556286 -6.467156727579007 0
      vertex 2.6787840265556286 -6.467156727579007 3
    endloop
  endfacet
  facet normal 0.3368898533922201 -0.9415440651830207 0
    outer loop
      vertex 2.031992740781236 -6.698582350125462 0
      vertex 2.6787840265556286 -6.467156727579007 3
      vertex 2.031992740781236 -6.698582350125462 3
    endloop
  endfacet
  facet normal 0.4275550934302814 -0.9039892931234436 0
    outer loop
      vertex 2.6787840265556286 -6.467156727579007 0
      vertex 3.2997771577819837 -6.1734488504384855 0
      vertex 3.2997771577819837 -6.1734488504384855 3
    endloop
  endfacet
  facet normal 0.4275550934302814 -0.9039892931234436 0
    outer loop
      vertex 2.6787840265556286 -6.467156727579007 0
      vertex 3.2997771577819837 -6.1734488504384855 3
      vertex 2.6787840265556286 -6.467156727579007 3
    endloop
  endfacet
  facet normal 0.514102744193222 -0.857728610000272 0
    outer loop
      vertex 3.2997771577819837 -6.1734488504384855 0
      vertex 3.8889916311372152 -5.820287286117817 3
      vertex 3.2997771577819837 -6.1734488504384855 3
    endloop
  endfacet
  facet normal 0 0 1
    outer loop
      vertex 2.031992740781236 -6.698582350125462 3
      vertex 2.6787840265556286 -6.467156727579007 3
      vertex 2.1389453971254686 -3.2011580073647994 3
    endloop
  endfacet
  facet normal 0 0 1
    outer loop
      vertex 2.031992740781236 -6.698582350125462 3
      vertex 1.814877436780091 -3.3953968677411672 3
      vertex 1.4733312146055957 -3.556936200168454 3
    endloop
  endfacet
  facet normal 0 0 1
    outer loop
      vertex 2.031992740781236 -6.698582350125462 3
      vertex 2.1389453971254686 -3.2011580073647994 3
      vertex 1.814877436780091 -3.3953968677411672 3
    endloop
  endfacet
  facet normal 0 0 1
    outer loop
      vertex 2.6787840265556286 -6.467156727579007 3
      vertex 2.4424141440300353 -2.9760902454465374 3
      vertex 2.1389453971254686 -3.2011580073647994 3
    endloop
  endfacet
  facet normal 0 0 1
    outer loop
      vertex 2.6787840265556286 -6.467156727579007 3
      vertex 2.7223611075682084 -2.7223611075682084 3
      vertex 2.4424141440300353 -2.9760902454465374 3
    endloop
  endfacet
  facet normal 0 0 1
    outer loop
      vertex 2.6787840265556286 -6.467156727579007 3
      vertex 3.2997771577819837 -6.1734488504384855 3
      vertex 2.7223611075682084 -2.7223611075682084 3
    endloop
  endfacet
  facet normal 0 0 1
    outer loop
      vertex 3.2997771577819837 -6.1734488504384855 3
      vertex 2.9760902454465374 -2.4424141440300353 3
      vertex 2.7223611075682084 -2.7223611075682084 3
    endloop
  endfacet
  facet normal 0 0 1
    outer loop
      vertex 3.2997771577819837 -6.1734488504384855 3
      vertex 3.2011580073647994 -2.1389453971254686 3
      vertex 2.9760902454465374 -2.4424141440300353 3
    endloop
  endfacet
  facet normal 0 0 -1
    outer loop
      vertex 0 -7 0
      vertex 0.6861199823069242 6.966293086705378 0
      vertex 0.6861199823069242 -6.966293086705378 0
    endloop
  endfacet
  facet normal 0 0 -1
    outer loop
      vertex 0.6861199823069242 -6.966293086705378 0
      vertex 1.3656322541128978 6.865496962822613 0
      vertex 1.3656322541128978 -6.865496962822613 0
    endloop
  endfacet
  facet normal 0 0 -1
    outer loop
      vertex 1.3656322541128978 -6.865496962822613 0
      vertex 2.031992740781236 6.698582350125462 0
      vertex 2.031992740781236 -6.698582350125462 0
    endloop
  endfacet
  facet normal 0 0 -1
    outer loop
      vertex 2.031992740781236 -6.698582350125462 0
      vertex 2.6787840265556286 6.467156727579007 0
      vertex 2.6787840265556286 -6.467156727579007 0
    endloop
  endfacet
  facet normal 0 0 -1
    outer loop
      vertex 2.6787840265556286 -6.467156727579007 0
      vertex 3.2997771577819837 6.1734488504384855 0
      vertex 3.2997771577819837 -6.1734488504384855 0
    endloop
  endfacet
  facet normal 0 0 1
    outer loop
      vertex 3.2997771577819837 -6.1734488504384855 3
      vertex 3.3953968677411672 -1.814877436780091 3
      vertex 3.2011580073647994 -2.1389453971254686 3
    endloop
  endfacet
  facet normal 0.514102744193222 -0.857728610000272 0
    outer loop
      vertex 3.2997771577819837 -6.1734488504384855 0
      vertex 3.8889916311372152 -5.820287286117817 0
      vertex 3.8889916311372152 -5.820287286117817 3
    endloop
  endfacet
  facet normal 0.5956993044924334 -0.8032075314806449 0
    outer loop
      vertex 3.8889916311372152 -5.820287286117817 0
      vertex 4.440752989145518 -5.411073173539159 0
      vertex 4.440752989145518 -5.411073173539159 3
    endloop
  endfacet
  facet normal 0.5956993044924334 -0.8032075314806449 0
    outer loop
      vertex 3.8889916311372152 -5.820287286117817 0
      vertex 4.440752989145518 -5.411073173539159 3
      vertex 3.8889916311372152 -5.820287286117817 3
    endloop
  endfacet
  facet normal 0.6715589548470184 -0.7409511253549591 0
    outer loop
      vertex 4.440752989145518 -5.411073173539159 0
      vertex 4.949747468305833 -4.949747468305833 3
      vertex 4.440752989145518 -5.411073173539159 3
    endloop
  endfacet
  facet normal 0.6715589548470184 -0.7409511253549591 0
    outer loop
      vertex 4.440752989145518 -5.411073173539159 0
      vertex 4.949747468305833 -4.949747468305833 0
      vertex 4.949747468305833 -4.949747468305833 3
    endloop
  endfacet
  facet normal 0.7409511253549591 -0.6715589548470184 0
    outer loop
      vertex 4.949747468305833 -4.949747468305833 0
      vertex 5.411073173539159 -4.440752989145518 0
      vertex 4.949747468305833 -4.949747468305833 3
    endloop
  endfacet
  facet normal 0 0 1
    outer loop
      vertex 3.2997771577819837 -6.1734488504384855 3
      vertex 3.8889916311372152 -5.820287286117817 3
      vertex 3.3953968677411672 -1.814877436780091 3
    endloop
  endfacet
  facet normal 0.7409511253549591 -0.6715589548470184 0
    outer loop
      vertex 5.411073173539159 -4.440752989145518 0
      vertex 5.411073173539159 -4.440752989145518 3
      vertex 4.949747468305833 -4.949747468305833 3
    endloop
  endfacet
  facet normal 0.8032075314806449 -0.5956993044924334 0
    outer loop
      vertex 5.411073173539159 -4.440752989145518 0
      vertex 5.820287286117817 -3.8889916311372152 0
      vertex 5.411073173539159 -4.440752989145518 3
    endloop
  endfacet
  facet normal 0.857728610000272 -0.514102744193222 0
    outer loop
      vertex 5.820287286117817 -3.8889916311372152 0
      vertex 6.1734488504384855 -3.2997771577819837 0
      vertex 5.820287286117817 -3.8889916311372152 3
    endloop
  endfacet
  facet normal 0.8032075314806449 -0.5956993044924334 0
    outer loop
      vertex 5.820287286117817 -3.8889916311372152 0
      vertex 5.820287286117817 -3.8889916311372152 3
      vertex 5.411073173539159 -4.440752989145518 3
    endloop
  endfacet
  facet normal 0 0 -1
    outer loop
      vertex 3.2997771577819837 -6.1734488504384855 0
      vertex 3.8889916311372152 5.820287286117817 0
      vertex 3.8889916311372152 -5.820287286117817 0
    endloop
  endfacet
  facet normal 0 0 -1
    outer loop
      vertex 3.8889916311372152 -5.820287286117817 0
      vertex 4.440752989145518 5.411073173539159 0
      vertex 4.440752989145518 -5.411073173539159 0
    endloop
  endfacet
  facet normal 0 0 -1
    outer loop
      vertex 4.440752989145518 -5.411073173539159 0
      vertex 4.949747468305833 4.949747468305833 0
      vertex 4.949747468305833 -4.949747468305833 0
    endloop
  endfacet
  facet normal 0 0 1
    outer loop
      vertex 3.8889916311372152 -5.820287286117817 3
      vertex 3.556936200168454 -1.4733312146055957 3
      vertex 3.3953968677411672 -1.814877436780091 3
    endloop
  endfacet
  facet normal 0 0 1
    outer loop
      vertex 3.8889916311372152 -5.820287286117817 3
      vertex 3.684220292569004 -1.11759600742968 3
      vertex 3.556936200168454 -1.4733312146055957 3
    endloop
  endfacet
  facet normal 0 0 1
    outer loop
      vertex 3.8889916311372152 -5.820287286117817 3
      vertex 3.7760233295524372 -0.7510977397620938 3
      vertex 3.684220292569004 -1.11759600742968 3
    endloop
  endfacet
  facet normal 0 0 1
    outer loop
      vertex 3.8889916311372152 -5.820287286117817 3
      vertex 3.8314611976879585 -0.37736599026880835 3
      vertex 3.7760233295524372 -0.7510977397620938 3
    endloop
  endfacet
  facet normal 0 0 1
    outer loop
      vertex 3.8889916311372152 -5.820287286117817 3
      vertex 3.85 0 3
      vertex 3.8314611976879585 -0.37736599026880835 3
    endloop
  endfacet
  facet normal 0 0 1
    outer loop
      vertex 3.8889916311372152 -5.820287286117817 3
      vertex 4.440752989145518 -5.411073173539159 3
      vertex 3.8889916311372152 5.820287286117817 3
    endloop
  endfacet
  facet normal 0 0 1
    outer loop
      vertex 4.440752989145518 -5.411073173539159 3
      vertex 4.949747468305833 -4.949747468305833 3
      vertex 4.440752989145518 5.411073173539159 3
    endloop
  endfacet
  facet normal 0 0 1
    outer loop
      vertex 4.949747468305833 -4.949747468305833 3
      vertex 5.411073173539159 -4.440752989145518 3
      vertex 4.949747468305833 4.949747468305833 3
    endloop
  endfacet
  facet normal 0.857728610000272 -0.514102744193222 0
    outer loop
      vertex 6.1734488504384855 -3.2997771577819837 0
      vertex 6.1734488504384855 -3.2997771577819837 3
      vertex 5.820287286117817 -3.8889916311372152 3
    endloop
  endfacet
  facet normal 0.9039892931234436 -0.4275550934302814 0
    outer loop
      vertex 6.1734488504384855 -3.2997771577819837 0
      vertex 6.467156727579007 -2.6787840265556286 0
      vertex 6.1734488504384855 -3.2997771577819837 3
    endloop
  endfacet
  facet normal 0.9039892931234436 -0.4275550934302814 0
    outer loop
      vertex 6.467156727579007 -2.6787840265556286 0
      vertex 6.467156727579007 -2.6787840265556286 3
      vertex 6.1734488504384855 -3.2997771577819837 3
    endloop
  endfacet
  facet normal 0.9415440651830207 -0.3368898533922201 0
    outer loop
      vertex 6.467156727579007 -2.6787840265556286 0
      vertex 6.698582350125462 -2.031992740781236 0
      vertex 6.467156727579007 -2.6787840265556286 3
    endloop
  endfacet
  facet normal 0.970031253194544 -0.2429801799032639 0
    outer loop
      vertex 6.698582350125462 -2.031992740781236 0
      vertex 6.865496962822613 -1.3656322541128978 0
      vertex 6.698582350125462 -2.031992740781236 3
    endloop
  endfacet
  facet normal 0.9415440651830207 -0.3368898533922201 0
    outer loop
      vertex 6.698582350125462 -2.031992740781236 0
      vertex 6.698582350125462 -2.031992740781236 3
      vertex 6.467156727579007 -2.6787840265556286 3
    endloop
  endfacet
  facet normal 0 0 -1
    outer loop
      vertex 4.949747468305833 -4.949747468305833 0
      vertex 5.411073173539159 4.440752989145518 0
      vertex 5.411073173539159 -4.440752989145518 0
    endloop
  endfacet
  facet normal 0 0 -1
    outer loop
      vertex 5.411073173539159 -4.440752989145518 0
      vertex 5.820287286117817 3.8889916311372152 0
      vertex 5.820287286117817 -3.8889916311372152 0
    endloop
  endfacet
  facet normal 0 0 -1
    outer loop
      vertex 5.820287286117817 -3.8889916311372152 0
      vertex 6.1734488504384855 3.2997771577819837 0
      vertex 6.1734488504384855 -3.2997771577819837 0
    endloop
  endfacet
  facet normal 0 0 -1
    outer loop
      vertex 6.1734488504384855 -3.2997771577819837 0
      vertex 6.467156727579007 2.6787840265556286 0
      vertex 6.467156727579007 -2.6787840265556286 0
    endloop
  endfacet
  facet normal 0 0 -1
    outer loop
      vertex 6.467156727579007 -2.6787840265556286 0
      vertex 6.698582350125462 2.031992740781236 0
      vertex 6.698582350125462 -2.031992740781236 0
    endloop
  endfacet
  facet normal 0.9891765099647809 -0.14673047445536205 0
    outer loop
      vertex 6.865496962822613 -1.3656322541128978 0
      vertex 6.966293086705378 -0.6861199823069242 0
      vertex 6.865496962822613 -1.3656322541128978 3
    endloop
  endfacet
  facet normal 0.970031253194544 -0.2429801799032639 0
    outer loop
      vertex 6.865496962822613 -1.3656322541128978 0
      vertex 6.865496962822613 -1.3656322541128978 3
      vertex 6.698582350125462 -2.031992740781236 3
    endloop
  endfacet
  facet normal 0.9891765099647809 -0.14673047445536205 0
    outer loop
      vertex 6.966293086705378 -0.6861199823069242 0
      vertex 6.966293086705378 -0.6861199823069242 3
      vertex 6.865496962822613 -1.3656322541128978 3
    endloop
  endfacet
  facet normal 0 0 -1
    outer loop
      vertex 6.698582350125462 -2.031992740781236 0
      vertex 6.865496962822613 1.3656322541128978 0
      vertex 6.865496962822613 -1.3656322541128978 0
    endloop
  endfacet
  facet normal 0 0 -1
    outer loop
      vertex 6.865496962822613 -1.3656322541128978 0
      vertex 6.966293086705378 0.6861199823069242 0
      vertex 6.966293086705378 -0.6861199823069242 0
    endloop
  endfacet
  facet normal 0.9987954562051724 -0.04906767432741792 0
    outer loop
      vertex 6.966293086705378 -0.6861199823069242 0
      vertex 7 0 0
      vertex 6.966293086705378 -0.6861199823069242 3
    endloop
  endfacet
  facet normal 0.9987954562051724 -0.04906767432741792 0
    outer loop
      vertex 6.966293086705378 -0.6861199823069242 3
      vertex 7 0 0
      vertex 7 0 3
    endloop
  endfacet
  facet normal 0 0 1
    outer loop
      vertex 5.411073173539159 -4.440752989145518 3
      vertex 5.820287286117817 -3.8889916311372152 3
      vertex 5.411073173539159 4.440752989145518 3
    endloop
  endfacet
  facet normal 0 0 1
    outer loop
      vertex 5.820287286117817 -3.8889916311372152 3
      vertex 6.1734488504384855 -3.2997771577819837 3
      vertex 5.820287286117817 3.8889916311372152 3
    endloop
  endfacet
  facet normal 0 0 1
    outer loop
      vertex 6.1734488504384855 -3.2997771577819837 3
      vertex 6.467156727579007 -2.6787840265556286 3
      vertex 6.1734488504384855 3.2997771577819837 3
    endloop
  endfacet
  facet normal 0 0 1
    outer loop
      vertex 6.467156727579007 -2.6787840265556286 3
      vertex 6.698582350125462 -2.031992740781236 3
      vertex 6.467156727579007 2.6787840265556286 3
    endloop
  endfacet
  facet normal 0 0 1
    outer loop
      vertex 6.698582350125462 -2.031992740781236 3
      vertex 6.865496962822613 -1.3656322541128978 3
      vertex 6.698582350125462 2.031992740781236 3
    endloop
  endfacet
  facet normal 0 0 1
    outer loop
      vertex 6.865496962822613 -1.3656322541128978 3
      vertex 6.966293086705378 -0.6861199823069242 3
      vertex 6.865496962822613 1.3656322541128978 3
    endloop
  endfacet
  facet normal 0 0 -1
    outer loop
      vertex 0 -7 0
      vertex 0 7 0
      vertex 0.6861199823069242 6.966293086705378 0
    endloop
  endfacet
  facet normal 0 0 -1
    outer loop
      vertex 0.6861199823069242 -6.966293086705378 0
      vertex 0.6861199823069242 6.966293086705378 0
      vertex 1.3656322541128978 6.865496962822613 0
    endloop
  endfacet
  facet normal 0 0 -1
    outer loop
      vertex 1.3656322541128978 -6.865496962822613 0
      vertex 1.3656322541128978 6.865496962822613 0
      vertex 2.031992740781236 6.698582350125462 0
    endloop
  endfacet
  facet normal 0 0 -1
    outer loop
      vertex 2.031992740781236 -6.698582350125462 0
      vertex 2.031992740781236 6.698582350125462 0
      vertex 2.6787840265556286 6.467156727579007 0
    endloop
  endfacet
  facet normal 0 0 -1
    outer loop
      vertex 2.6787840265556286 -6.467156727579007 0
      vertex 2.6787840265556286 6.467156727579007 0
      vertex 3.2997771577819837 6.1734488504384855 0
    endloop
  endfacet
  facet normal 0 0 -1
    outer loop
      vertex 3.2997771577819837 -6.1734488504384855 0
      vertex 3.2997771577819837 6.1734488504384855 0
      vertex 3.8889916311372152 5.820287286117817 0
    endloop
  endfacet
  facet normal 0 0 1
    outer loop
      vertex 3.2997771577819837 6.1734488504384855 3
      vertex 3.2011580073647994 2.1389453971254686 3
      vertex 3.3953968677411672 1.814877436780091 3
    endloop
  endfacet
  facet normal 0 0 1
    outer loop
      vertex 0.6861199823069242 6.966293086705378 3
      vertex 0 3.85 3
      vertex 0.37736599026880835 3.8314611976879585 3
    endloop
  endfacet
  facet normal 0 0 1
    outer loop
      vertex 0.6861199823069242 6.966293086705378 3
      vertex 0.37736599026880835 3.8314611976879585 3
      vertex 0.7510977397620938 3.7760233295524372 3
    endloop
  endfacet
  facet normal 0 0 1
    outer loop
      vertex 1.3656322541128978 6.865496962822613 3
      vertex 0.7510977397620938 3.7760233295524372 3
      vertex 1.11759600742968 3.684220292569004 3
    endloop
  endfacet
  facet normal 0 0 1
    outer loop
      vertex 1.3656322541128978 6.865496962822613 3
      vertex 1.11759600742968 3.684220292569004 3
      vertex 1.4733312146055957 3.556936200168454 3
    endloop
  endfacet
  facet normal 0.04906767432741792 0.9987954562051724 0
    outer loop
      vertex 0 7 0
      vertex 0 7 3
      vertex 0.6861199823069242 6.966293086705378 0
    endloop
  endfacet
  facet normal 0.04906767432741792 0.9987954562051724 0
    outer loop
      vertex 0.6861199823069242 6.966293086705378 0
      vertex 0 7 3
      vertex 0.6861199823069242 6.966293086705378 3
    endloop
  endfacet
  facet normal 0.14673047445536205 0.9891765099647809 0
    outer loop
      vertex 0.6861199823069242 6.966293086705378 0
      vertex 0.6861199823069242 6.966293086705378 3
      vertex 1.3656322541128978 6.865496962822613 0
    endloop
  endfacet
  facet normal 0.2429801799032639 0.970031253194544 0
    outer loop
      vertex 1.3656322541128978 6.865496962822613 0
      vertex 1.3656322541128978 6.865496962822613 3
      vertex 2.031992740781236 6.698582350125462 0
    endloop
  endfacet
  facet normal 0.14673047445536205 0.9891765099647809 0
    outer loop
      vertex 1.3656322541128978 6.865496962822613 0
      vertex 0.6861199823069242 6.966293086705378 3
      vertex 1.3656322541128978 6.865496962822613 3
    endloop
  endfacet
  facet normal 0 0 1
    outer loop
      vertex 0 7 3
      vertex 0 3.85 3
      vertex 0.6861199823069242 6.966293086705378 3
    endloop
  endfacet
  facet normal 0 0 1
    outer loop
      vertex 0.6861199823069242 6.966293086705378 3
      vertex 0.7510977397620938 3.7760233295524372 3
      vertex 1.3656322541128978 6.865496962822613 3
    endloop
  endfacet
  facet normal 0 0 1
    outer loop
      vertex 1.3656322541128978 6.865496962822613 3
      vertex 1.4733312146055957 3.556936200168454 3
      vertex 2.031992740781236 6.698582350125462 3
    endloop
  endfacet
  facet normal 0 0 1
    outer loop
      vertex 2.6787840265556286 6.467156727579007 3
      vertex 2.4424141440300353 2.9760902454465374 3
      vertex 2.7223611075682084 2.7223611075682084 3
    endloop
  endfacet
  facet normal 0 0 1
    outer loop
      vertex 2.6787840265556286 6.467156727579007 3
      vertex 2.1389453971254686 3.2011580073647994 3
      vertex 2.4424141440300353 2.9760902454465374 3
    endloop
  endfacet
  facet normal 0 0 1
    outer loop
      vertex 2.031992740781236 6.698582350125462 3
      vertex 1.4733312146055957 3.556936200168454 3
      vertex 1.814877436780091 3.3953968677411672 3
    endloop
  endfacet
  facet normal 0 0 1
    outer loop
      vertex 2.031992740781236 6.698582350125462 3
      vertex 1.814877436780091 3.3953968677411672 3
      vertex 2.1389453971254686 3.2011580073647994 3
    endloop
  endfacet
  facet normal 0 0 1
    outer loop
      vertex 3.2997771577819837 6.1734488504384855 3
      vertex 2.7223611075682084 2.7223611075682084 3
      vertex 2.9760902454465374 2.4424141440300353 3
    endloop
  endfacet
  facet normal 0 0 1
    outer loop
      vertex 3.2997771577819837 6.1734488504384855 3
      vertex 2.9760902454465374 2.4424141440300353 3
      vertex 3.2011580073647994 2.1389453971254686 3
    endloop
  endfacet
  facet normal 0 0 1
    outer loop
      vertex 2.6787840265556286 6.467156727579007 3
      vertex 2.7223611075682084 2.7223611075682084 3
      vertex 3.2997771577819837 6.1734488504384855 3
    endloop
  endfacet
  facet normal 0.3368898533922201 0.9415440651830207 0
    outer loop
      vertex 2.031992740781236 6.698582350125462 0
      vertex 2.031992740781236 6.698582350125462 3
      vertex 2.6787840265556286 6.467156727579007 0
    endloop
  endfacet
  facet normal 0.2429801799032639 0.970031253194544 0
    outer loop
      vertex 2.031992740781236 6.698582350125462 0
      vertex 1.3656322541128978 6.865496962822613 3
      vertex 2.031992740781236 6.698582350125462 3
    endloop
  endfacet
  facet normal 0.3368898533922201 0.9415440651830207 0
    outer loop
      vertex 2.6787840265556286 6.467156727579007 0
      vertex 2.031992740781236 6.698582350125462 3
      vertex 2.6787840265556286 6.467156727579007 3
    endloop
  endfacet
  facet normal 0.514102744193222 0.857728610000272 0
    outer loop
      vertex 3.2997771577819837 6.1734488504384855 0
      vertex 3.2997771577819837 6.1734488504384855 3
      vertex 3.8889916311372152 5.820287286117817 0
    endloop
  endfacet
  facet normal 0.4275550934302814 0.9039892931234436 0
    outer loop
      vertex 2.6787840265556286 6.467156727579007 0
      vertex 2.6787840265556286 6.467156727579007 3
      vertex 3.2997771577819837 6.1734488504384855 0
    endloop
  endfacet
  facet normal 0.4275550934302814 0.9039892931234436 0
    outer loop
      vertex 3.2997771577819837 6.1734488504384855 0
      vertex 2.6787840265556286 6.467156727579007 3
      vertex 3.2997771577819837 6.1734488504384855 3
    endloop
  endfacet
  facet normal 0 0 1
    outer loop
      vertex 2.031992740781236 6.698582350125462 3
      vertex 2.1389453971254686 3.2011580073647994 3
      vertex 2.6787840265556286 6.467156727579007 3
    endloop
  endfacet
  facet normal 0 0 -1
    outer loop
      vertex 4.440752989145518 -5.411073173539159 0
      vertex 4.440752989145518 5.411073173539159 0
      vertex 4.949747468305833 4.949747468305833 0
    endloop
  endfacet
  facet normal 0 0 -1
    outer loop
      vertex 4.949747468305833 -4.949747468305833 0
      vertex 4.949747468305833 4.949747468305833 0
      vertex 5.411073173539159 4.440752989145518 0
    endloop
  endfacet
  facet normal 0 0 1
    outer loop
      vertex 3.8889916311372152 -5.820287286117817 3
      vertex 3.8889916311372152 5.820287286117817 3
      vertex 3.85 0 3
    endloop
  endfacet
  facet normal 0 0 -1
    outer loop
      vertex 3.8889916311372152 -5.820287286117817 0
      vertex 3.8889916311372152 5.820287286117817 0
      vertex 4.440752989145518 5.411073173539159 0
    endloop
  endfacet
  facet normal 0 0 1
    outer loop
      vertex 3.8889916311372152 5.820287286117817 3
      vertex 3.8314611976879585 0.37736599026880835 3
      vertex 3.85 0 3
    endloop
  endfacet
  facet normal 0 0 1
    outer loop
      vertex 3.8889916311372152 5.820287286117817 3
      vertex 3.7760233295524372 0.7510977397620938 3
      vertex 3.8314611976879585 0.37736599026880835 3
    endloop
  endfacet
  facet normal 0 0 1
    outer loop
      vertex 3.8889916311372152 5.820287286117817 3
      vertex 3.684220292569004 1.11759600742968 3
      vertex 3.7760233295524372 0.7510977397620938 3
    endloop
  endfacet
  facet normal 0 0 1
    outer loop
      vertex 4.440752989145518 -5.411073173539159 3
      vertex 4.440752989145518 5.411073173539159 3
      vertex 3.8889916311372152 5.820287286117817 3
    endloop
  endfacet
  facet normal 0 0 1
    outer loop
      vertex 3.8889916311372152 5.820287286117817 3
      vertex 3.556936200168454 1.4733312146055957 3
      vertex 3.684220292569004 1.11759600742968 3
    endloop
  endfacet
  facet normal 0 0 1
    outer loop
      vertex 3.8889916311372152 5.820287286117817 3
      vertex 3.3953968677411672 1.814877436780091 3
      vertex 3.556936200168454 1.4733312146055957 3
    endloop
  endfacet
  facet normal 0 0 1
    outer loop
      vertex 4.949747468305833 -4.949747468305833 3
      vertex 4.949747468305833 4.949747468305833 3
      vertex 4.440752989145518 5.411073173539159 3
    endloop
  endfacet
  facet normal 0 0 -1
    outer loop
      vertex 5.411073173539159 -4.440752989145518 0
      vertex 5.411073173539159 4.440752989145518 0
      vertex 5.820287286117817 3.8889916311372152 0
    endloop
  endfacet
  facet normal 0 0 -1
    outer loop
      vertex 5.820287286117817 -3.8889916311372152 0
      vertex 5.820287286117817 3.8889916311372152 0
      vertex 6.1734488504384855 3.2997771577819837 0
    endloop
  endfacet
  facet normal 0 0 -1
    outer loop
      vertex 6.467156727579007 -2.6787840265556286 0
      vertex 6.467156727579007 2.6787840265556286 0
      vertex 6.698582350125462 2.031992740781236 0
    endloop
  endfacet
  facet normal 0 0 -1
    outer loop
      vertex 6.966293086705378 -0.6861199823069242 0
      vertex 6.966293086705378 0.6861199823069242 0
      vertex 7 0 0
    endloop
  endfacet
  facet normal 0 0 -1
    outer loop
      vertex 6.865496962822613 -1.3656322541128978 0
      vertex 6.865496962822613 1.3656322541128978 0
      vertex 6.966293086705378 0.6861199823069242 0
    endloop
  endfacet
  facet normal 0.9987954562051724 0.04906767432741792 0
    outer loop
      vertex 7 0 0
      vertex 6.966293086705378 0.6861199823069242 0
      vertex 7 0 3
    endloop
  endfacet
  facet normal 0 0 -1
    outer loop
      vertex 6.698582350125462 -2.031992740781236 0
      vertex 6.698582350125462 2.031992740781236 0
      vertex 6.865496962822613 1.3656322541128978 0
    endloop
  endfacet
  facet normal 0.9987954562051724 0.04906767432741792 0
    outer loop
      vertex 6.966293086705378 0.6861199823069242 0
      vertex 6.966293086705378 0.6861199823069242 3
      vertex 7 0 3
    endloop
  endfacet
  facet normal 0 0 -1
    outer loop
      vertex 6.1734488504384855 -3.2997771577819837 0
      vertex 6.1734488504384855 3.2997771577819837 0
      vertex 6.467156727579007 2.6787840265556286 0
    endloop
  endfacet
  facet normal 0.9891765099647809 0.14673047445536205 0
    outer loop
      vertex 6.966293086705378 0.6861199823069242 0
      vertex 6.865496962822613 1.3656322541128978 0
      vertex 6.966293086705378 0.6861199823069242 3
    endloop
  endfacet
  facet normal 0.970031253194544 0.2429801799032639 0
    outer loop
      vertex 6.865496962822613 1.3656322541128978 0
      vertex 6.698582350125462 2.031992740781236 0
      vertex 6.865496962822613 1.3656322541128978 3
    endloop
  endfacet
  facet normal 0.9891765099647809 0.14673047445536205 0
    outer loop
      vertex 6.865496962822613 1.3656322541128978 0
      vertex 6.865496962822613 1.3656322541128978 3
      vertex 6.966293086705378 0.6861199823069242 3
    endloop
  endfacet
  facet normal 0 0 1
    outer loop
      vertex 5.411073173539159 -4.440752989145518 3
      vertex 5.411073173539159 4.440752989145518 3
      vertex 4.949747468305833 4.949747468305833 3
    endloop
  endfacet
  facet normal 0 0 1
    outer loop
      vertex 5.820287286117817 -3.8889916311372152 3
      vertex 5.820287286117817 3.8889916311372152 3
      vertex 5.411073173539159 4.440752989145518 3
    endloop
  endfacet
  facet normal 0 0 1
    outer loop
      vertex 6.1734488504384855 -3.2997771577819837 3
      vertex 6.1734488504384855 3.2997771577819837 3
      vertex 5.820287286117817 3.8889916311372152 3
    endloop
  endfacet
  facet normal 0 0 1
    outer loop
      vertex 6.966293086705378 -0.6861199823069242 3
      vertex 7 0 3
      vertex 6.966293086705378 0.6861199823069242 3
    endloop
  endfacet
  facet normal 0 0 1
    outer loop
      vertex 6.966293086705378 -0.6861199823069242 3
      vertex 6.966293086705378 0.6861199823069242 3
      vertex 6.865496962822613 1.3656322541128978 3
    endloop
  endfacet
  facet normal 0 0 1
    outer loop
      vertex 6.865496962822613 -1.3656322541128978 3
      vertex 6.865496962822613 1.3656322541128978 3
      vertex 6.698582350125462 2.031992740781236 3
    endloop
  endfacet
  facet normal 0 0 1
    outer loop
      vertex 6.467156727579007 -2.6787840265556286 3
      vertex 6.467156727579007 2.6787840265556286 3
      vertex 6.1734488504384855 3.2997771577819837 3
    endloop
  endfacet
  facet normal 0 0 1
    outer loop
      vertex 6.698582350125462 -2.031992740781236 3
      vertex 6.698582350125462 2.031992740781236 3
      vertex 6.467156727579007 2.6787840265556286 3
    endloop
  endfacet
  facet normal 0.857728610000272 0.514102744193222 0
    outer loop
      vertex 6.1734488504384855 3.2997771577819837 0
      vertex 5.820287286117817 3.8889916311372152 0
      vertex 6.1734488504384855 3.2997771577819837 3
    endloop
  endfacet
  facet normal 0.9415440651830207 0.3368898533922201 0
    outer loop
      vertex 6.698582350125462 2.031992740781236 0
      vertex 6.467156727579007 2.6787840265556286 0
      vertex 6.698582350125462 2.031992740781236 3
    endloop
  endfacet
  facet normal 0.9415440651830207 0.3368898533922201 0
    outer loop
      vertex 6.467156727579007 2.6787840265556286 0
      vertex 6.467156727579007 2.6787840265556286 3
      vertex 6.698582350125462 2.031992740781236 3
    endloop
  endfacet
  facet normal 0.970031253194544 0.2429801799032639 0
    outer loop
      vertex 6.698582350125462 2.031992740781236 0
      vertex 6.698582350125462 2.031992740781236 3
      vertex 6.865496962822613 1.3656322541128978 3
    endloop
  endfacet
  facet normal 0.9039892931234436 0.4275550934302814 0
    outer loop
      vertex 6.467156727579007 2.6787840265556286 0
      vertex 6.1734488504384855 3.2997771577819837 0
      vertex 6.467156727579007 2.6787840265556286 3
    endloop
  endfacet
  facet normal 0.9039892931234436 0.4275550934302814 0
    outer loop
      vertex 6.1734488504384855 3.2997771577819837 0
      vertex 6.1734488504384855 3.2997771577819837 3
      vertex 6.467156727579007 2.6787840265556286 3
    endloop
  endfacet
  facet normal 0.6715589548470184 0.7409511253549591 0
    outer loop
      vertex 4.949747468305833 4.949747468305833 0
      vertex 4.440752989145518 5.411073173539159 3
      vertex 4.949747468305833 4.949747468305833 3
    endloop
  endfacet
  facet normal 0.7409511253549591 0.6715589548470184 0
    outer loop
      vertex 4.949747468305833 4.949747468305833 0
      vertex 4.949747468305833 4.949747468305833 3
      vertex 5.411073173539159 4.440752989145518 3
    endloop
  endfacet
  facet normal 0 0 1
    outer loop
      vertex 3.2997771577819837 6.1734488504384855 3
      vertex 3.3953968677411672 1.814877436780091 3
      vertex 3.8889916311372152 5.820287286117817 3
    endloop
  endfacet
  facet normal 0.5956993044924334 0.8032075314806449 0
    outer loop
      vertex 3.8889916311372152 5.820287286117817 0
      vertex 3.8889916311372152 5.820287286117817 3
      vertex 4.440752989145518 5.411073173539159 0
    endloop
  endfacet
  facet normal 0.514102744193222 0.857728610000272 0
    outer loop
      vertex 3.8889916311372152 5.820287286117817 0
      vertex 3.2997771577819837 6.1734488504384855 3
      vertex 3.8889916311372152 5.820287286117817 3
    endloop
  endfacet
  facet normal 0.5956993044924334 0.8032075314806449 0
    outer loop
      vertex 4.440752989145518 5.411073173539159 0
      vertex 3.8889916311372152 5.820287286117817 3
      vertex 4.440752989145518 5.411073173539159 3
    endloop
  endfacet
  facet normal 0.6715589548470184 0.7409511253549591 0
    outer loop
      vertex 4.949747468305833 4.949747468305833 0
      vertex 4.440752989145518 5.411073173539159 0
      vertex 4.440752989145518 5.411073173539159 3
    endloop
  endfacet
  facet normal 0.8032075314806449 0.5956993044924334 0
    outer loop
      vertex 5.820287286117817 3.8889916311372152 0
      vertex 5.411073173539159 4.440752989145518 0
      vertex 5.820287286117817 3.8889916311372152 3
    endloop
  endfacet
  facet normal 0.8032075314806449 0.5956993044924334 0
    outer loop
      vertex 5.411073173539159 4.440752989145518 0
      vertex 5.411073173539159 4.440752989145518 3
      vertex 5.820287286117817 3.8889916311372152 3
    endloop
  endfacet
  facet normal 0.857728610000272 0.514102744193222 0
    outer loop
      vertex 5.820287286117817 3.8889916311372152 0
      vertex 5.820287286117817 3.8889916311372152 3
      vertex 6.1734488504384855 3.2997771577819837 3
    endloop
  endfacet
  facet normal 0.7409511253549591 0.6715589548470184 0
    outer loop
      vertex 4.949747468305833 4.949747468305833 0
      vertex 5.411073173539159 4.440752989145518 3
      vertex 5.411073173539159 4.440752989145518 0
    endloop
  endfacet
endsolid OpenSCAD_Model
